council,ward_name,seats,council_key,ward_key,majority,control_group,boundary_code,feature_index,last_result_party,last_result_year
Adur,Buckingham,1,adur,buckingham,LAB,Labour,E05007562,763.0,Labour,2024.0
Adur,Churchill,1,adur,churchill,LAB,Labour,E05007563,764.0,Labour,2024.0
Adur,Cokeham,1,adur,cokeham,LAB,Labour,E05007564,765.0,Labour,2024.0
Adur,Eastbrook,1,adur,eastbrook,LAB,Labour,E05007565,766.0,Labour,2024.0
Adur,Hillside,1,adur,hillside,LAB,Labour,E05007566,767.0,Labour,2024.0
Adur,Manor,1,adur,manor,LAB,Labour,E05007567,768.0,Conservative,2024.0
Adur,Marine,1,adur,marine,LAB,Labour,E05007568,769.0,Independent,2024.0
Adur,Mash Barn,1,adur,mash barn,LAB,Labour,E05007569,770.0,Labour,2024.0
Adur,Peverel,1,adur,peverel,LAB,Labour,E05007570,771.0,Labour,2024.0
Adur,Southlands,1,adur,southlands,LAB,Labour,E05007573,774.0,Labour,2024.0
Adur,Southwick Green,1,adur,southwick green,LAB,Labour,E05007574,775.0,Labour,2024.0
Adur,St Mary's,1,adur,st mary s,LAB,Labour,E05007571,772.0,Labour,2024.0
Adur,St Nicolas,1,adur,st nicolas,LAB,Labour,E05007572,773.0,Green,2024.0
Adur,Widewater,1,adur,widewater,LAB,Labour,E05007575,776.0,Labour,2024.0
Barking and Dagenham,Abbey,2,barking and dagenham,abbey,LAB,Labour,E05014053,4623.0,Labour,2022.0
Barking and Dagenham,Alibon,2,barking and dagenham,alibon,LAB,Labour,E05014054,4624.0,Labour,2022.0
Barking and Dagenham,Barking Riverside,3,barking and dagenham,barking riverside,LAB,Labour,E05014055,4625.0,Labour,2022.0
Barking and Dagenham,Beam,3,barking and dagenham,beam,LAB,Labour,E05014056,4626.0,Labour,2022.0
Barking and Dagenham,Becontree,2,barking and dagenham,becontree,LAB,Labour,E05014057,4627.0,Labour,2022.0
Barking and Dagenham,Chadwell Heath,3,barking and dagenham,chadwell heath,LAB,Labour,E05014058,4628.0,Labour,2022.0
Barking and Dagenham,Eastbrook and Rush Green,2,barking and dagenham,eastbrook and rush green,LAB,Labour,E05014059,4629.0,Labour,2022.0
Barking and Dagenham,Eastbury,3,barking and dagenham,eastbury,LAB,Labour,E05014060,4630.0,Labour,2022.0
Barking and Dagenham,Gascoigne,3,barking and dagenham,gascoigne,LAB,Labour,E05014061,4631.0,Labour,2022.0
Barking and Dagenham,Goresbrook,3,barking and dagenham,goresbrook,LAB,Labour,E05014062,4632.0,Labour,2022.0
Barking and Dagenham,Heath,2,barking and dagenham,heath,LAB,Labour,E05014063,4633.0,Labour,2022.0
Barking and Dagenham,Longbridge,3,barking and dagenham,longbridge,LAB,Labour,E05014064,4634.0,Labour,2022.0
Barking and Dagenham,Mayesbrook,3,barking and dagenham,mayesbrook,LAB,Labour,E05014065,4635.0,Labour,2022.0
Barking and Dagenham,Northbury,3,barking and dagenham,northbury,LAB,Labour,E05014066,4636.0,Labour,2022.0
Barking and Dagenham,Parsloes,3,barking and dagenham,parsloes,LAB,Labour,E05014067,4637.0,Labour,2022.0
Barking and Dagenham,Thames View,2,barking and dagenham,thames view,LAB,Labour,E05014068,4638.0,Labour,2022.0
Barking and Dagenham,Valence,3,barking and dagenham,valence,LAB,Labour,E05014069,4639.0,Labour,2022.0
Barking and Dagenham,Village,3,barking and dagenham,village,LAB,Labour,E05014070,4640.0,Labour,2022.0
Barking and Dagenham,Whalebone,3,barking and dagenham,whalebone,LAB,Labour,E05014071,4641.0,Labour,2022.0
Barnet,Barnet Vale,3,barnet,barnet vale,TBC,TBC,E05013628,4202.0,Labour,2022.0
Barnet,Brunswick Park,3,barnet,brunswick park,TBC,TBC,E05013629,4203.0,Labour,2022.0
Barnet,Burnt Oak,3,barnet,burnt oak,TBC,TBC,E05013630,4204.0,Labour,2022.0
Barnet,Childs Hill,3,barnet,childs hill,TBC,TBC,E05013631,4205.0,Labour,2022.0
Barnet,Colindale North,2,barnet,colindale north,TBC,TBC,E05013632,4206.0,Labour,2022.0
Barnet,Colindale South,3,barnet,colindale south,TBC,TBC,E05013633,4207.0,Labour,2022.0
Barnet,Cricklewood,2,barnet,cricklewood,TBC,TBC,E05013634,4208.0,Labour,2022.0
Barnet,East Barnet,3,barnet,east barnet,TBC,TBC,E05013635,4209.0,Labour,2022.0
Barnet,East Finchley,3,barnet,east finchley,TBC,TBC,E05013636,4210.0,Labour,2022.0
Barnet,Edgware,3,barnet,edgware,TBC,TBC,E05013637,4211.0,Conservative,2022.0
Barnet,Edgwarebury,2,barnet,edgwarebury,TBC,TBC,E05013638,4212.0,Conservative,2022.0
Barnet,Finchley Church End,3,barnet,finchley church end,TBC,TBC,E05013639,4213.0,Conservative,2022.0
Barnet,Friern Barnet,3,barnet,friern barnet,TBC,TBC,E05013640,4214.0,Labour,2022.0
Barnet,Garden Suburb,2,barnet,garden suburb,TBC,TBC,E05013641,4215.0,Conservative,2022.0
Barnet,Golders Green,2,barnet,golders green,TBC,TBC,E05013642,4216.0,Conservative,2022.0
Barnet,Hendon,3,barnet,hendon,TBC,TBC,E05013643,4217.0,Conservative,2022.0
Barnet,High Barnet,2,barnet,high barnet,TBC,TBC,E05013644,4218.0,Labour,2022.0
Barnet,Mill Hill,3,barnet,mill hill,TBC,TBC,E05013645,4219.0,Conservative,2022.0
Barnet,Totteridge and Woodside,3,barnet,totteridge and woodside,TBC,TBC,E05013646,4220.0,Conservative,2022.0
Barnet,Underhill,2,barnet,underhill,TBC,TBC,E05013647,4221.0,Labour,2022.0
Barnet,West Finchley,3,barnet,west finchley,TBC,TBC,E05013648,4222.0,Labour,2022.0
Barnet,West Hendon,3,barnet,west hendon,TBC,TBC,E05013649,4223.0,Labour,2022.0
Barnet,Whetstone,2,barnet,whetstone,TBC,TBC,E05013650,4224.0,Labour,2022.0
Barnet,Woodhouse,2,barnet,woodhouse,TBC,TBC,E05013651,4225.0,Labour,2022.0
Barnsley,Central,3,barnsley,central,REF,Reform UK,E05000976,44.0,Labour,2024.0
Barnsley,Cudworth,3,barnsley,cudworth,REF,Reform UK,E05000977,45.0,Labour,2024.0
Barnsley,Darton East,3,barnsley,darton east,REF,Reform UK,E05000979,47.0,Liberal Democrat,2024.0
Barnsley,Darton West,3,barnsley,darton west,REF,Reform UK,E05000980,48.0,Labour,2024.0
Barnsley,Dearne North,3,barnsley,dearne north,REF,Reform UK,E05000981,49.0,Labour,2024.0
Barnsley,Dearne South,3,barnsley,dearne south,REF,Reform UK,E05000982,50.0,Labour,2024.0
Barnsley,Hoyland Milton,3,barnsley,hoyland milton,REF,Reform UK,E05000984,52.0,Labour,2024.0
Barnsley,Kingstone,3,barnsley,kingstone,REF,Reform UK,E05000985,53.0,Liberal Democrat,2024.0
Barnsley,Monk Bretton,3,barnsley,monk bretton,REF,Reform UK,E05000986,54.0,Labour,2024.0
Barnsley,North East,3,barnsley,north east,REF,Reform UK,E05000987,55.0,Labour,2024.0
Barnsley,Old Town,3,barnsley,old town,REF,Reform UK,E05000988,56.0,Labour,2024.0
Barnsley,Penistone East,3,barnsley,penistone east,REF,Reform UK,E05016245,6809.0,Labour,2023.0
Barnsley,Penistone West,3,barnsley,penistone west,REF,Reform UK,E05000990,57.0,Liberal Democrat,2024.0
Barnsley,Rockingham,3,barnsley,rockingham,REF,Reform UK,E05000991,58.0,Labour,2024.0
Barnsley,Royston,3,barnsley,royston,REF,Reform UK,E05000992,59.0,Labour,2024.0
Barnsley,Stairfoot,3,barnsley,stairfoot,REF,Reform UK,E05000994,61.0,Labour,2024.0
Barnsley,Wombwell,3,barnsley,wombwell,REF,Reform UK,E05000995,62.0,Labour,2024.0
Barnsley,Worsbrough,3,barnsley,worsbrough,REF,Reform UK,E05000996,63.0,Labour,2024.0
Basildon,Billericay East,1,basildon,billericay east,LAB min,Labour,E05015637,6201.0,Conservative,2024.0
Basildon,Billericay West,1,basildon,billericay west,LAB min,Labour,E05015638,6202.0,Conservative,2024.0
Basildon,Burstead,1,basildon,burstead,LAB min,Labour,E05015639,6203.0,Conservative,2024.0
Basildon,Castledon and Crouch,1,basildon,castledon and crouch,LAB min,Labour,E05015640,6204.0,Conservative,2024.0
Basildon,Fryerns,1,basildon,fryerns,LAB min,Labour,E05015641,6205.0,Labour,2024.0
Basildon,Laindon Park,1,basildon,laindon park,LAB min,Labour,E05015642,6206.0,Labour,2024.0
Basildon,Langdon Hills,1,basildon,langdon hills,LAB min,Labour,E05015643,6207.0,Independent,2024.0
Basildon,Lee Chapel North,1,basildon,lee chapel north,LAB min,Labour,E05015644,6208.0,Labour,2024.0
Basildon,Nethermayne,1,basildon,nethermayne,LAB min,Labour,E05015645,6209.0,Independent,2024.0
Basildon,Pitsea North West,1,basildon,pitsea north west,LAB min,Labour,E05015646,6210.0,Labour,2024.0
Basildon,Pitsea South East,1,basildon,pitsea south east,LAB min,Labour,E05015647,6211.0,Labour,2024.0
Basildon,St Martin's,1,basildon,st martin s,LAB min,Labour,E05015648,6212.0,Labour,2024.0
Basildon,Wickford North,1,basildon,wickford north,LAB min,Labour,E05015649,6213.0,Other,2024.0
Basildon,Wickford Park,1,basildon,wickford park,LAB min,Labour,E05015650,6214.0,Conservative,2024.0
Basingstoke and Deane,Basing and Upton Grey,1,basingstoke and deane,basing and upton grey,IND/LD,Coalition,E05013078,3821.0,Independent,2024.0
Basingstoke and Deane,Bramley,1,basingstoke and deane,bramley,IND/LD,Coalition,E05013079,3822.0,Other,2024.0
Basingstoke and Deane,Brighton Hill,1,basingstoke and deane,brighton hill,IND/LD,Coalition,E05013080,3823.0,Liberal Democrat,2024.0
Basingstoke and Deane,Brookvale and Kings Furlong,1,basingstoke and deane,brookvale and kings furlong,IND/LD,Coalition,E05013081,3824.0,Conservative,2024.0
Basingstoke and Deane,Chineham,1,basingstoke and deane,chineham,IND/LD,Coalition,E05013082,3825.0,Green,2024.0
Basingstoke and Deane,Eastrop and Grove,1,basingstoke and deane,eastrop and grove,IND/LD,Coalition,E05013083,3826.0,Liberal Democrat,2024.0
Basingstoke and Deane,Evingar,1,basingstoke and deane,evingar,IND/LD,Coalition,E05013084,3827.0,Conservative,2024.0
Basingstoke and Deane,Hatch Warren and Beggarwood,1,basingstoke and deane,hatch warren and beggarwood,IND/LD,Coalition,E05013085,3828.0,Other,2024.0
Basingstoke and Deane,Kempshott and Buckskin,1,basingstoke and deane,kempshott and buckskin,IND/LD,Coalition,E05013086,3829.0,Conservative,2024.0
Basingstoke and Deane,Norden,1,basingstoke and deane,norden,IND/LD,Coalition,E05013087,3830.0,Other,2024.0
Basingstoke and Deane,Oakley and the Candovers,2,basingstoke and deane,oakley and the candovers,IND/LD,Coalition,E05013088,3831.0,Other,2024.0
Basingstoke and Deane,Popley,1,basingstoke and deane,popley,IND/LD,Coalition,E05013089,3832.0,Labour,2024.0
Basingstoke and Deane,Sherborne St John and Rooksdown,1,basingstoke and deane,sherborne st john and rooksdown,IND/LD,Coalition,E05013090,3833.0,Conservative,2024.0
Basingstoke and Deane,South Ham,1,basingstoke and deane,south ham,IND/LD,Coalition,E05013091,3834.0,Labour,2024.0
Basingstoke and Deane,"Tadley North, Kingsclere and Baughurst",1,basingstoke and deane,tadley north kingsclere and baughurst,IND/LD,Coalition,E05013093,3836.0,Liberal Democrat,2024.0
Basingstoke and Deane,Tadley and Pamber,1,basingstoke and deane,tadley and pamber,IND/LD,Coalition,E05013092,3835.0,Liberal Democrat,2024.0
Basingstoke and Deane,"Whitchurch, Overton and Laverstoke",1,basingstoke and deane,whitchurch overton and laverstoke,IND/LD,Coalition,E05013094,3837.0,Other,2024.0
Basingstoke and Deane,Winklebury and Manydown,1,basingstoke and deane,winklebury and manydown,IND/LD,Coalition,E05013095,3838.0,Labour,2024.0
Bexley,Barnehurst,2,bexley,barnehurst,CON,Conservative,E05011217,2278.0,Conservative,2022.0
Bexley,Belvedere,3,bexley,belvedere,CON,Conservative,E05011218,2279.0,Labour,2022.0
Bexley,Bexleyheath,3,bexley,bexleyheath,CON,Conservative,E05011219,2280.0,Conservative,2022.0
Bexley,Blackfen and Lamorbey,3,bexley,blackfen and lamorbey,CON,Conservative,E05011220,2281.0,Conservative,2022.0
Bexley,Blendon and Penhill,3,bexley,blendon and penhill,CON,Conservative,E05011221,2282.0,Conservative,2022.0
Bexley,Crayford,3,bexley,crayford,CON,Conservative,E05011222,2283.0,Conservative,2022.0
Bexley,Crook Log,3,bexley,crook log,CON,Conservative,E05011223,2284.0,Conservative,2022.0
Bexley,East Wickham,3,bexley,east wickham,CON,Conservative,E05011224,2285.0,Conservative,2022.0
Bexley,Erith,2,bexley,erith,CON,Conservative,E05011225,2286.0,Labour,2022.0
Bexley,Falconwood and Welling,3,bexley,falconwood and welling,CON,Conservative,E05011226,2287.0,Conservative,2022.0
Bexley,Longlands,2,bexley,longlands,CON,Conservative,E05011227,2288.0,Conservative,2022.0
Bexley,Northumberland Heath,2,bexley,northumberland heath,CON,Conservative,E05011228,2289.0,Labour,2022.0
Bexley,Sidcup,3,bexley,sidcup,CON,Conservative,E05011230,2291.0,Conservative,2022.0
Bexley,Slade Green and Northend,2,bexley,slade green and northend,CON,Conservative,E05011231,2292.0,Labour,2022.0
Bexley,St Mary's and St James,2,bexley,st mary s and st james,CON,Conservative,E05011229,2290.0,Conservative,2022.0
Bexley,Thamesmead East,3,bexley,thamesmead east,CON,Conservative,E05011232,2293.0,Labour,2022.0
Bexley,West Heath,3,bexley,west heath,CON,Conservative,E05011233,2294.0,Conservative,2022.0
Birmingham,Acocks Green,2,birmingham,acocks green,TBC,TBC,E05011118,2179.0,Liberal Democrat,2022.0
Birmingham,Allens Cross,1,birmingham,allens cross,TBC,TBC,E05011119,2180.0,Labour,2022.0
Birmingham,Alum Rock,2,birmingham,alum rock,TBC,TBC,E05011120,2181.0,Labour,2022.0
Birmingham,Aston,2,birmingham,aston,TBC,TBC,E05011121,2182.0,Liberal Democrat,2022.0
Birmingham,Balsall Heath West,1,birmingham,balsall heath west,TBC,TBC,E05011122,2183.0,Labour,2022.0
Birmingham,Bartley Green,2,birmingham,bartley green,TBC,TBC,E05011123,2184.0,Conservative,2022.0
Birmingham,Billesley,2,birmingham,billesley,TBC,TBC,E05011124,2185.0,Labour,2022.0
Birmingham,Birchfield,1,birmingham,birchfield,TBC,TBC,E05011125,2186.0,Labour,2022.0
Birmingham,Bordesley Green,1,birmingham,bordesley green,TBC,TBC,E05011127,2188.0,Labour,2022.0
Birmingham,Bordesley and Highgate,1,birmingham,bordesley and highgate,TBC,TBC,E05011126,2187.0,Labour,2022.0
Birmingham,Bournbrook and Selly Park,2,birmingham,bournbrook and selly park,TBC,TBC,E05011128,2189.0,Labour,2022.0
Birmingham,Bournville and Cotteridge,2,birmingham,bournville and cotteridge,TBC,TBC,E05011129,2190.0,Labour,2022.0
Birmingham,Brandwood and King's Heath,2,birmingham,brandwood and king s heath,TBC,TBC,E05011130,2191.0,Labour,2022.0
Birmingham,Bromford and Hodge Hill,2,birmingham,bromford and hodge hill,TBC,TBC,E05011131,2192.0,Labour,2022.0
Birmingham,Castle Vale,1,birmingham,castle vale,TBC,TBC,E05011132,2193.0,Labour,2022.0
Birmingham,Druids Heath and Monyhull,1,birmingham,druids heath and monyhull,TBC,TBC,E05011133,2194.0,Green,2022.0
Birmingham,Edgbaston,2,birmingham,edgbaston,TBC,TBC,E05011134,2195.0,Conservative,2022.0
Birmingham,Erdington,2,birmingham,erdington,TBC,TBC,E05011135,2196.0,Conservative,2022.0
Birmingham,Frankley Great Park,1,birmingham,frankley great park,TBC,TBC,E05011136,2197.0,Conservative,2022.0
Birmingham,Garretts Green,1,birmingham,garretts green,TBC,TBC,E05011137,2198.0,Labour,2022.0
Birmingham,Glebe Farm and Tile Cross,2,birmingham,glebe farm and tile cross,TBC,TBC,E05011138,2199.0,Labour,2022.0
Birmingham,Gravelly Hill,1,birmingham,gravelly hill,TBC,TBC,E05011139,2200.0,Labour,2022.0
Birmingham,Hall Green North,2,birmingham,hall green north,TBC,TBC,E05011140,2201.0,Labour,2022.0
Birmingham,Hall Green South,1,birmingham,hall green south,TBC,TBC,E05011141,2202.0,Conservative,2022.0
Birmingham,Handsworth,1,birmingham,handsworth,TBC,TBC,E05011142,2203.0,Labour,2022.0
Birmingham,Handsworth Wood,2,birmingham,handsworth wood,TBC,TBC,E05011143,2204.0,Labour,2022.0
Birmingham,Harborne,2,birmingham,harborne,TBC,TBC,E05011144,2205.0,Labour,2022.0
Birmingham,Heartlands,1,birmingham,heartlands,TBC,TBC,E05011145,2206.0,Labour,2022.0
Birmingham,Highter's Heath,1,birmingham,highter s heath,TBC,TBC,E05011146,2207.0,Conservative,2022.0
Birmingham,Holyhead,1,birmingham,holyhead,TBC,TBC,E05011147,2208.0,Labour,2022.0
Birmingham,King's Norton North,1,birmingham,king s norton north,TBC,TBC,E05011148,2209.0,Labour,2022.0
Birmingham,King's Norton South,1,birmingham,king s norton south,TBC,TBC,E05011149,2210.0,Green,2022.0
Birmingham,Kingstanding,2,birmingham,kingstanding,TBC,TBC,E05011150,2211.0,Labour,2022.0
Birmingham,Ladywood,2,birmingham,ladywood,TBC,TBC,E05011151,2212.0,Labour,2022.0
Birmingham,Longbridge and West Heath,2,birmingham,longbridge and west heath,TBC,TBC,E05011152,2213.0,Conservative,2022.0
Birmingham,Lozells,1,birmingham,lozells,TBC,TBC,E05011153,2214.0,Labour,2022.0
Birmingham,Moseley,2,birmingham,moseley,TBC,TBC,E05011154,2215.0,Liberal Democrat,2022.0
Birmingham,Nechells,1,birmingham,nechells,TBC,TBC,E05011155,2216.0,Labour,2022.0
Birmingham,Newtown,1,birmingham,newtown,TBC,TBC,E05011156,2217.0,Labour,2022.0
Birmingham,North Edgbaston,2,birmingham,north edgbaston,TBC,TBC,E05011157,2218.0,Labour,2022.0
Birmingham,Northfield,1,birmingham,northfield,TBC,TBC,E05011158,2219.0,Labour,2022.0
Birmingham,Oscott,2,birmingham,oscott,TBC,TBC,E05011159,2220.0,Conservative,2022.0
Birmingham,Perry Barr,2,birmingham,perry barr,TBC,TBC,E05011160,2221.0,Liberal Democrat,2022.0
Birmingham,Perry Common,1,birmingham,perry common,TBC,TBC,E05011161,2222.0,Labour,2022.0
Birmingham,Pype Hayes,1,birmingham,pype hayes,TBC,TBC,E05011162,2223.0,Labour,2022.0
Birmingham,Quinton,2,birmingham,quinton,TBC,TBC,E05011163,2224.0,Labour,2022.0
Birmingham,Rubery and Rednal,1,birmingham,rubery and rednal,TBC,TBC,E05011164,2225.0,Conservative,2022.0
Birmingham,Shard End,1,birmingham,shard end,TBC,TBC,E05011165,2226.0,Labour,2022.0
Birmingham,Sheldon,2,birmingham,sheldon,TBC,TBC,E05011166,2227.0,Liberal Democrat,2022.0
Birmingham,Small Heath,2,birmingham,small heath,TBC,TBC,E05011167,2228.0,Labour,2022.0
Birmingham,Soho and Jewellery Quarter,2,birmingham,soho and jewellery quarter,TBC,TBC,E05011168,2229.0,Labour,2022.0
Birmingham,South Yardley,1,birmingham,south yardley,TBC,TBC,E05011169,2230.0,Liberal Democrat,2022.0
Birmingham,Sparkbrook and Balsall Heath East,2,birmingham,sparkbrook and balsall heath east,TBC,TBC,E05011170,2231.0,Labour,2022.0
Birmingham,Sparkhill,2,birmingham,sparkhill,TBC,TBC,E05011171,2232.0,Labour,2022.0
Birmingham,Stirchley,1,birmingham,stirchley,TBC,TBC,E05011172,2233.0,Labour,2022.0
Birmingham,Stockland Green,2,birmingham,stockland green,TBC,TBC,E05011173,2234.0,Labour,2022.0
Birmingham,Sutton Four Oaks,1,birmingham,sutton four oaks,TBC,TBC,E05011174,2235.0,Conservative,2022.0
Birmingham,Sutton Mere Green,1,birmingham,sutton mere green,TBC,TBC,E05011175,2236.0,Conservative,2022.0
Birmingham,Sutton Reddicap,1,birmingham,sutton reddicap,TBC,TBC,E05011176,2237.0,Conservative,2022.0
Birmingham,Sutton Roughley,1,birmingham,sutton roughley,TBC,TBC,E05011177,2238.0,Conservative,2022.0
Birmingham,Sutton Trinity,1,birmingham,sutton trinity,TBC,TBC,E05011178,2239.0,Conservative,2022.0
Birmingham,Sutton Vesey,2,birmingham,sutton vesey,TBC,TBC,E05011179,2240.0,Labour,2022.0
Birmingham,Sutton Walmley and Minworth,2,birmingham,sutton walmley and minworth,TBC,TBC,E05011180,2241.0,Conservative,2022.0
Birmingham,Sutton Wylde Green,1,birmingham,sutton wylde green,TBC,TBC,E05011181,2242.0,Conservative,2022.0
Birmingham,Tyseley and Hay Mills,1,birmingham,tyseley and hay mills,TBC,TBC,E05011182,2243.0,Labour,2022.0
Birmingham,Ward End,1,birmingham,ward end,TBC,TBC,E05011183,2244.0,Labour,2022.0
Birmingham,Weoley and Selly Oak,2,birmingham,weoley and selly oak,TBC,TBC,E05011184,2245.0,Labour,2022.0
Birmingham,Yardley East,1,birmingham,yardley east,TBC,TBC,E05011185,2246.0,Liberal Democrat,2022.0
Birmingham,Yardley West and Stechford,1,birmingham,yardley west and stechford,TBC,TBC,E05011186,2247.0,Liberal Democrat,2022.0
Blackburn with Darwen,Audley and Queen's Park,1,blackburn with darwen,audley and queen s park,TBC,TBC,E05011508,2497.0,Independent,2024.0
Blackburn with Darwen,Bastwell and Daisyfield,1,blackburn with darwen,bastwell and daisyfield,TBC,TBC,E05011509,2498.0,Independent,2024.0
Blackburn with Darwen,Billinge and Beardwood,1,blackburn with darwen,billinge and beardwood,TBC,TBC,E05011510,2499.0,Independent,2024.0
Blackburn with Darwen,Blackburn Central,1,blackburn with darwen,blackburn central,TBC,TBC,E05011511,2500.0,Independent,2024.0
Blackburn with Darwen,Blackburn South East,1,blackburn with darwen,blackburn south east,TBC,TBC,E05011513,2502.0,Labour,2024.0
Blackburn with Darwen,Blackburn South and Lower Darwen,1,blackburn with darwen,blackburn south and lower darwen,TBC,TBC,E05011512,2501.0,Labour,2024.0
Blackburn with Darwen,Darwen East,1,blackburn with darwen,darwen east,TBC,TBC,E05011514,2503.0,Labour,2024.0
Blackburn with Darwen,Darwen South,1,blackburn with darwen,darwen south,TBC,TBC,E05011515,2504.0,Labour,2024.0
Blackburn with Darwen,Darwen West,1,blackburn with darwen,darwen west,TBC,TBC,E05011516,2505.0,Labour,2024.0
Blackburn with Darwen,Ewood,1,blackburn with darwen,ewood,TBC,TBC,E05011517,2506.0,Labour,2024.0
Blackburn with Darwen,Little Harwood and Whitebirk,1,blackburn with darwen,little harwood and whitebirk,TBC,TBC,E05011518,2507.0,Independent,2024.0
Blackburn with Darwen,Livesey with Pleasington,1,blackburn with darwen,livesey with pleasington,TBC,TBC,E05011519,2508.0,Conservative,2024.0
Blackburn with Darwen,Mill Hill and Moorgate,1,blackburn with darwen,mill hill and moorgate,TBC,TBC,E05011520,2509.0,Labour,2024.0
Blackburn with Darwen,Roe Lee,1,blackburn with darwen,roe lee,TBC,TBC,E05011521,2510.0,Independent,2024.0
Blackburn with Darwen,Shear Brow and Corporation Park,1,blackburn with darwen,shear brow and corporation park,TBC,TBC,E05011522,2511.0,Independent,2024.0
Blackburn with Darwen,Wensley Fold,1,blackburn with darwen,wensley fold,TBC,TBC,E05011523,2512.0,Independent,2024.0
Blackburn with Darwen,West Pennine,1,blackburn with darwen,west pennine,TBC,TBC,E05011524,2513.0,Conservative,2024.0
Bolton,Astley Bridge,1,bolton,astley bridge,LAB min,Labour,E05014818,5382.0,Conservative,2024.0
Bolton,Bradshaw,1,bolton,bradshaw,LAB min,Labour,E05014819,5383.0,Labour,2024.0
Bolton,Breightmet,1,bolton,breightmet,LAB min,Labour,E05014820,5384.0,Labour,2024.0
Bolton,Bromley Cross,1,bolton,bromley cross,LAB min,Labour,E05014821,5385.0,Conservative,2024.0
Bolton,Farnworth North,1,bolton,farnworth north,LAB min,Labour,E05014822,5386.0,Other,2024.0
Bolton,Farnworth South,1,bolton,farnworth south,LAB min,Labour,E05014823,5387.0,Other,2024.0
Bolton,Great Lever,1,bolton,great lever,LAB min,Labour,E05014824,5388.0,Labour,2024.0
Bolton,Halliwell,1,bolton,halliwell,LAB min,Labour,E05014825,5389.0,Green,2024.0
Bolton,"Heaton, Lostock and Chew Moor",1,bolton,heaton lostock and chew moor,LAB min,Labour,E05014826,5390.0,Conservative,2024.0
Bolton,Horwich North,1,bolton,horwich north,LAB min,Labour,E05014827,5391.0,Other,2024.0
Bolton,Horwich South and Blackrod,1,bolton,horwich south and blackrod,LAB min,Labour,E05014828,5392.0,Other,2024.0
Bolton,Hulton,1,bolton,hulton,LAB min,Labour,E05014829,5393.0,Labour,2024.0
Bolton,Kearsley,1,bolton,kearsley,LAB min,Labour,E05014830,5394.0,Other,2024.0
Bolton,Little Lever and Darcy Lever,1,bolton,little lever and darcy lever,LAB min,Labour,E05014831,5395.0,Labour,2024.0
Bolton,Queens Park and Central,1,bolton,queens park and central,LAB min,Labour,E05014832,5396.0,Labour,2024.0
Bolton,Rumworth,1,bolton,rumworth,LAB min,Labour,E05014833,5397.0,Independent,2024.0
Bolton,Smithills,1,bolton,smithills,LAB min,Labour,E05014834,5398.0,Liberal Democrat,2024.0
Bolton,Tonge with the Haulgh,1,bolton,tonge with the haulgh,LAB min,Labour,E05014835,5399.0,Labour,2024.0
Bolton,Westhoughton North and Hunger Hill,1,bolton,westhoughton north and hunger hill,LAB min,Labour,E05014836,5400.0,Liberal Democrat,2024.0
Bolton,Westhoughton South,1,bolton,westhoughton south,LAB min,Labour,E05014837,5401.0,Labour,2024.0
Bradford,Baildon,3,bradford,baildon,TBC,TBC,E05001341,207.0,Conservative,2024.0
Bradford,Bolton and Undercliffe,3,bradford,bolton and undercliffe,TBC,TBC,E05001344,210.0,Independent,2024.0
Bradford,Bowling and Barkerend,3,bradford,bowling and barkerend,TBC,TBC,E05001345,211.0,Independent,2024.0
Bradford,Bradford Moor,3,bradford,bradford moor,TBC,TBC,E05001346,212.0,Liberal Democrat,2024.0
Bradford,City,3,bradford,city,TBC,TBC,E05001347,213.0,Independent,2024.0
Bradford,Clayton and Fairweather Green,3,bradford,clayton and fairweather green,TBC,TBC,E05001348,214.0,Labour,2024.0
Bradford,Eccleshill,3,bradford,eccleshill,TBC,TBC,E05001350,216.0,Liberal Democrat,2024.0
Bradford,Great Horton,3,bradford,great horton,TBC,TBC,E05001351,217.0,Independent,2024.0
Bradford,Keighley Central,3,bradford,keighley central,TBC,TBC,E05001355,221.0,Labour,2024.0
Bradford,Keighley East,3,bradford,keighley east,TBC,TBC,E05001356,222.0,Labour,2024.0
Bradford,Keighley West,3,bradford,keighley west,TBC,TBC,E05001357,223.0,Labour,2024.0
Bradford,Little Horton,3,bradford,little horton,TBC,TBC,E05001358,224.0,Independent,2024.0
Bradford,Manningham,3,bradford,manningham,TBC,TBC,E05001359,225.0,Independent,2024.0
Bradford,Queensbury,3,bradford,queensbury,TBC,TBC,E05001360,226.0,Independent,2024.0
Bradford,Royds,3,bradford,royds,TBC,TBC,E05001361,227.0,Labour,2024.0
Bradford,Shipley,3,bradford,shipley,TBC,TBC,E05001362,228.0,Green,2024.0
Bradford,Thornton and Allerton,3,bradford,thornton and allerton,TBC,TBC,E05001363,229.0,Labour,2024.0
Bradford,Toller,3,bradford,toller,TBC,TBC,E05001364,230.0,Independent,2024.0
Bradford,Wharfedale,3,bradford,wharfedale,TBC,TBC,E05001366,232.0,Conservative,2024.0
Bradford,Windhill and Wrose,3,bradford,windhill and wrose,TBC,TBC,E05001368,234.0,Labour,2024.0
Bradford,Worth Valley,3,bradford,worth valley,TBC,TBC,E05001369,235.0,Conservative,2024.0
Bradford,Wyke,3,bradford,wyke,TBC,TBC,E05001370,236.0,Labour,2024.0
Brent,Alperton,3,brent,alperton,TBC,TBC,E05013496,4070.0,Liberal Democrat,2022.0
Brent,Barnhill,2,brent,barnhill,TBC,TBC,E05013497,4071.0,Labour,2022.0
Brent,Brondesbury Park,2,brent,brondesbury park,TBC,TBC,E05013498,4072.0,Labour,2022.0
Brent,Cricklewood and Mapesbury,2,brent,cricklewood and mapesbury,TBC,TBC,E05013499,4073.0,Labour,2022.0
Brent,Dollis Hill,3,brent,dollis hill,TBC,TBC,E05013500,4074.0,Labour,2022.0
Brent,Harlesden and Kensal Green,3,brent,harlesden and kensal green,TBC,TBC,E05013501,4075.0,Labour,2022.0
Brent,Kenton,3,brent,kenton,TBC,TBC,E05013502,4076.0,Conservative,2022.0
Brent,Kilburn,3,brent,kilburn,TBC,TBC,E05013503,4077.0,Labour,2022.0
Brent,Kingsbury,2,brent,kingsbury,TBC,TBC,E05013504,4078.0,Labour,2022.0
Brent,Northwick Park,2,brent,northwick park,TBC,TBC,E05013505,4079.0,Labour,2022.0
Brent,Preston,2,brent,preston,TBC,TBC,E05013506,4080.0,Labour,2022.0
Brent,Queensbury,3,brent,queensbury,TBC,TBC,E05013508,4082.0,Conservative,2022.0
Brent,Queens Park,3,brent,queens park,TBC,TBC,E05013507,4081.0,Labour,2022.0
Brent,Roundwood,3,brent,roundwood,TBC,TBC,E05013509,4083.0,Labour,2022.0
Brent,Stonebridge,3,brent,stonebridge,TBC,TBC,E05013510,4084.0,Labour,2022.0
Brent,Sudbury,2,brent,sudbury,TBC,TBC,E05013511,4085.0,Liberal Democrat,2022.0
Brent,Tokyngton,2,brent,tokyngton,TBC,TBC,E05013512,4086.0,Labour,2022.0
Brent,Welsh Harp,3,brent,welsh harp,TBC,TBC,E05013513,4087.0,Labour,2022.0
Brent,Wembley Central,3,brent,wembley central,TBC,TBC,E05013514,4088.0,Labour,2022.0
Brent,Wembley Hill,3,brent,wembley hill,TBC,TBC,E05013515,4089.0,Labour,2022.0
Brent,Wembley Park,2,brent,wembley park,TBC,TBC,E05013516,4090.0,Labour,2022.0
Brent,Willesden Green,3,brent,willesden green,TBC,TBC,E05013517,4091.0,Labour,2022.0
Brentwood,Blackmore and Doddinghurst,1,brentwood,blackmore and doddinghurst,LD/LAB,Coalition,E05015651,6215.0,Conservative,2024.0
Brentwood,Brentwood North,1,brentwood,brentwood north,LD/LAB,Coalition,E05015652,6216.0,Liberal Democrat,2024.0
Brentwood,Brentwood South,1,brentwood,brentwood south,LD/LAB,Coalition,E05015653,6217.0,Labour,2024.0
Brentwood,Brentwood West,2,brentwood,brentwood west,LD/LAB,Coalition,E05015654,6218.0,Liberal Democrat,2024.0
Brentwood,"Brizes, Stondon Massey and South Weald",1,brentwood,brizes stondon massey and south weald,LD/LAB,Coalition,E05015655,6219.0,Conservative,2024.0
Brentwood,"Herongate, Ingrave and West Horndon",1,brentwood,herongate ingrave and west horndon,LD/LAB,Coalition,E05015656,6220.0,Conservative,2024.0
Brentwood,Hutton East,1,brentwood,hutton east,LD/LAB,Coalition,E05015657,6221.0,Conservative,2024.0
Brentwood,Hutton North,1,brentwood,hutton north,LD/LAB,Coalition,E05015658,6222.0,Conservative,2024.0
Brentwood,Hutton South,1,brentwood,hutton south,LD/LAB,Coalition,E05015659,6223.0,Conservative,2024.0
Brentwood,"Ingatestone, Fryerning and Mountnessing",1,brentwood,ingatestone fryerning and mountnessing,LD/LAB,Coalition,E05015660,6224.0,Liberal Democrat,2024.0
Brentwood,Pilgrims Hatch,1,brentwood,pilgrims hatch,LD/LAB,Coalition,E05015661,6225.0,Liberal Democrat,2024.0
Brentwood,Shenfield,1,brentwood,shenfield,LD/LAB,Coalition,E05015662,6226.0,Liberal Democrat,2024.0
Brentwood,Warley,1,brentwood,warley,LD/LAB,Coalition,E05015663,6227.0,Liberal Democrat,2024.0
Bromley,Beckenham Town and Copers Cope,3,bromley,beckenham town and copers cope,CON,Conservative,E05013987,4557.0,Liberal Democrat,2022.0
Bromley,Bickley and Sundridge,3,bromley,bickley and sundridge,CON,Conservative,E05013988,4558.0,Conservative,2022.0
Bromley,Biggin Hill,2,bromley,biggin hill,CON,Conservative,E05013989,4559.0,Independent,2022.0
Bromley,Bromley Common and Holwood,3,bromley,bromley common and holwood,CON,Conservative,E05013990,4560.0,Conservative,2022.0
Bromley,Bromley Town,3,bromley,bromley town,CON,Conservative,E05013991,4561.0,Liberal Democrat,2022.0
Bromley,Chelsfield,2,bromley,chelsfield,CON,Conservative,E05013992,4562.0,Conservative,2022.0
Bromley,Chislehurst,3,bromley,chislehurst,CON,Conservative,E05013993,4563.0,Other,2022.0
Bromley,Clock House,3,bromley,clock house,CON,Conservative,E05013994,4564.0,Labour,2022.0
Bromley,Crystal Palace and Anerley,2,bromley,crystal palace and anerley,CON,Conservative,E05013995,4565.0,Labour,2022.0
Bromley,Darwin,1,bromley,darwin,CON,Conservative,E05013996,4566.0,Conservative,2022.0
Bromley,Farnborough and Crofton,3,bromley,farnborough and crofton,CON,Conservative,E05013997,4567.0,Conservative,2022.0
Bromley,Hayes and Coney Hall,3,bromley,hayes and coney hall,CON,Conservative,E05013998,4568.0,Conservative,2022.0
Bromley,Kelsey and Eden Park,3,bromley,kelsey and eden park,CON,Conservative,E05013999,4569.0,Conservative,2022.0
Bromley,Mottingham,2,bromley,mottingham,CON,Conservative,E05014000,4570.0,Conservative,2022.0
Bromley,Orpington,2,bromley,orpington,CON,Conservative,E05014001,4571.0,Conservative,2022.0
Bromley,Penge and Cator,3,bromley,penge and cator,CON,Conservative,E05014002,4572.0,Labour,2022.0
Bromley,Petts Wood and Knoll,3,bromley,petts wood and knoll,CON,Conservative,E05014003,4573.0,Conservative,2022.0
Bromley,Plaistow,2,bromley,plaistow,CON,Conservative,E05014004,4574.0,Labour,2022.0
Bromley,Shortlands and Park Langley,3,bromley,shortlands and park langley,CON,Conservative,E05014005,4575.0,Conservative,2022.0
Bromley,St Mary Cray,3,bromley,st mary cray,CON,Conservative,E05014006,4576.0,Conservative,2022.0
Bromley,St Paul's Cray,3,bromley,st paul s cray,CON,Conservative,E05014007,4577.0,Labour,2022.0
Bromley,West Wickham,3,bromley,west wickham,CON,Conservative,E05014008,4578.0,Conservative,2022.0
Broxbourne,Broxbourne and Hoddesdon South,1,broxbourne,broxbourne and hoddesdon south,CON,Conservative,E05009002,905.0,Conservative,2024.0
Broxbourne,Cheshunt North,1,broxbourne,cheshunt north,CON,Conservative,E05009003,906.0,Conservative,2024.0
Broxbourne,Cheshunt South and Theobalds,1,broxbourne,cheshunt south and theobalds,CON,Conservative,E05009004,907.0,Conservative,2024.0
Broxbourne,Flamstead End,1,broxbourne,flamstead end,CON,Conservative,E05009005,908.0,Conservative,2024.0
Broxbourne,Goffs Oak,1,broxbourne,goffs oak,CON,Conservative,E05009006,909.0,Conservative,2024.0
Broxbourne,Hoddesdon North,1,broxbourne,hoddesdon north,CON,Conservative,E05009007,910.0,Conservative,2024.0
Broxbourne,Hoddesdon Town and Rye Park,1,broxbourne,hoddesdon town and rye park,CON,Conservative,E05009008,911.0,Conservative,2024.0
Broxbourne,Rosedale and Bury Green,1,broxbourne,rosedale and bury green,CON,Conservative,E05009009,912.0,Conservative,2024.0
Broxbourne,Waltham Cross,1,broxbourne,waltham cross,CON,Conservative,E05009010,913.0,Labour,2024.0
Broxbourne,Wormley and Turnford,1,broxbourne,wormley and turnford,CON,Conservative,E05009011,914.0,Conservative,2024.0
Burnley,Bank Hall,1,burnley,bank hall,IND/GRN/LD,Coalition,E05005150,503.0,Independent,2024.0
Burnley,Briercliffe,1,burnley,briercliffe,IND/GRN/LD,Coalition,E05005151,504.0,Liberal Democrat,2024.0
Burnley,Brunshaw,1,burnley,brunshaw,IND/GRN/LD,Coalition,E05005152,505.0,Labour,2024.0
Burnley,Cliviger with Worsthorne,1,burnley,cliviger with worsthorne,IND/GRN/LD,Coalition,E05005153,506.0,Conservative,2024.0
Burnley,Coal Clough with Deerplay,1,burnley,coal clough with deerplay,IND/GRN/LD,Coalition,E05005154,507.0,Liberal Democrat,2024.0
Burnley,Daneshouse with Stoneyholme,1,burnley,daneshouse with stoneyholme,IND/GRN/LD,Coalition,E05005155,508.0,Independent,2024.0
Burnley,Gannow,1,burnley,gannow,IND/GRN/LD,Coalition,E05005156,509.0,Labour,2024.0
Burnley,Gawthorpe,1,burnley,gawthorpe,IND/GRN/LD,Coalition,E05005157,510.0,Labour,2024.0
Burnley,Hapton with Park,1,burnley,hapton with park,IND/GRN/LD,Coalition,E05005158,511.0,Conservative,2024.0
Burnley,Lanehead,1,burnley,lanehead,IND/GRN/LD,Coalition,E05005159,512.0,Labour,2024.0
Burnley,Queensgate,1,burnley,queensgate,IND/GRN/LD,Coalition,E05005160,513.0,Independent,2024.0
Burnley,Rosegrove with Lowerhouse,1,burnley,rosegrove with lowerhouse,IND/GRN/LD,Coalition,E05005161,514.0,Labour,2024.0
Burnley,Rosehill with Burnley Wood,1,burnley,rosehill with burnley wood,IND/GRN/LD,Coalition,E05005162,515.0,Labour,2024.0
Burnley,Trinity,1,burnley,trinity,IND/GRN/LD,Coalition,E05005163,516.0,Green,2024.0
Burnley,Whittlefield with Ightenhill,1,burnley,whittlefield with ightenhill,IND/GRN/LD,Coalition,E05005164,517.0,Conservative,2024.0
Bury,Besses,1,bury,besses,LAB,Labour,E05014152,4722.0,Labour,2024.0
Bury,Bury East,1,bury,bury east,LAB,Labour,E05014153,4723.0,Labour,2024.0
Bury,Bury West,1,bury,bury west,LAB,Labour,E05014154,4724.0,Conservative,2024.0
Bury,Elton,1,bury,elton,LAB,Labour,E05014155,4725.0,Labour,2024.0
Bury,Holyrood,1,bury,holyrood,LAB,Labour,E05014156,4726.0,Labour,2024.0
Bury,North Manor,1,bury,north manor,LAB,Labour,E05014158,4728.0,Labour,2024.0
Bury,Pilkington Park,1,bury,pilkington park,LAB,Labour,E05014159,4729.0,Labour,2024.0
Bury,Radcliffe East,1,bury,radcliffe east,LAB,Labour,E05014160,4730.0,Other,2024.0
Bury,Radcliffe North and Ainsworth,1,bury,radcliffe north and ainsworth,LAB,Labour,E05014161,4731.0,Other,2024.0
Bury,Radcliffe West,1,bury,radcliffe west,LAB,Labour,E05014162,4732.0,Other,2024.0
Bury,Ramsbottom,1,bury,ramsbottom,LAB,Labour,E05014163,4733.0,Labour,2024.0
Bury,Redvales,1,bury,redvales,LAB,Labour,E05014164,4734.0,Labour,2024.0
Bury,Sedgley,1,bury,sedgley,LAB,Labour,E05014165,4735.0,Labour,2024.0
Bury,St. Mary's,1,bury,st mary s,LAB,Labour,E05014166,4736.0,Labour,2024.0
Bury,Tottington,1,bury,tottington,LAB,Labour,E05014167,4737.0,Conservative,2024.0
Bury,Unsworth,1,bury,unsworth,LAB,Labour,E05014168,4738.0,Labour,2024.0
Calderdale,Brighouse,3,calderdale,brighouse,REF,Reform UK,E05001371,237.0,Conservative,2024.0
Calderdale,Elland,3,calderdale,elland,REF,Reform UK,E05001373,239.0,Conservative,2024.0
Calderdale,Hipperholme and Lightcliffe,3,calderdale,hipperholme and lightcliffe,REF,Reform UK,E05001375,241.0,Conservative,2024.0
Calderdale,Illingworth and Mixenden,3,calderdale,illingworth and mixenden,REF,Reform UK,E05001376,242.0,Labour,2024.0
Calderdale,Luddendenfoot,3,calderdale,luddendenfoot,REF,Reform UK,E05001377,243.0,Labour,2024.0
Calderdale,Northowram and Shelf,3,calderdale,northowram and shelf,REF,Reform UK,E05001378,244.0,Green,2024.0
Calderdale,Ovenden,3,calderdale,ovenden,REF,Reform UK,E05001379,245.0,Labour,2024.0
Calderdale,Park,3,calderdale,park,REF,Reform UK,E05001380,246.0,Other,2024.0
Calderdale,Rastrick,3,calderdale,rastrick,REF,Reform UK,E05001381,247.0,Labour,2024.0
Calderdale,Ryburn,3,calderdale,ryburn,REF,Reform UK,E05001382,248.0,Labour,2024.0
Calderdale,Sowerby Bridge,3,calderdale,sowerby bridge,REF,Reform UK,E05001384,250.0,Labour,2024.0
Calderdale,Warley,3,calderdale,warley,REF,Reform UK,E05001387,253.0,Liberal Democrat,2024.0
Cambridge,Abbey,1,cambridge,abbey,TBC,TBC,E05013050,3793.0,Green,2024.0
Cambridge,Arbury,1,cambridge,arbury,TBC,TBC,E05013051,3794.0,Labour,2024.0
Cambridge,Castle,1,cambridge,castle,TBC,TBC,E05013052,3795.0,Labour,2024.0
Cambridge,Cherry Hinton,1,cambridge,cherry hinton,TBC,TBC,E05013053,3796.0,Labour,2024.0
Cambridge,Coleridge,1,cambridge,coleridge,TBC,TBC,E05013054,3797.0,Labour,2024.0
Cambridge,East Chesterton,1,cambridge,east chesterton,TBC,TBC,E05013055,3798.0,Labour,2024.0
Cambridge,King's Hedges,1,cambridge,king s hedges,TBC,TBC,E05013056,3799.0,Labour,2024.0
Cambridge,Market,1,cambridge,market,TBC,TBC,E05013057,3800.0,Liberal Democrat,2024.0
Cambridge,Newnham,1,cambridge,newnham,TBC,TBC,E05013058,3801.0,Green,2024.0
Cambridge,Petersfield,1,cambridge,petersfield,TBC,TBC,E05013059,3802.0,Labour,2024.0
Cambridge,Queen Edith's,1,cambridge,queen edith s,TBC,TBC,E05013060,3803.0,Liberal Democrat,2024.0
Cambridge,Romsey,1,cambridge,romsey,TBC,TBC,E05013061,3804.0,Labour,2024.0
Cambridge,Trumpington,2,cambridge,trumpington,TBC,TBC,E05013062,3805.0,Liberal Democrat,2024.0
Cambridge,West Chesterton,1,cambridge,west chesterton,TBC,TBC,E05013063,3806.0,Labour,2024.0
Camden,Belsize,3,camden,belsize,LAB,Labour,E05013652,4226.0,Liberal Democrat,2022.0
Camden,Bloomsbury,3,camden,bloomsbury,LAB,Labour,E05013653,4227.0,Labour,2022.0
Camden,Camden Square,2,camden,camden square,LAB,Labour,E05013654,4228.0,Labour,2022.0
Camden,Camden Town,2,camden,camden town,LAB,Labour,E05013655,4229.0,Labour,2022.0
Camden,Fortune Green,3,camden,fortune green,LAB,Labour,E05013656,4230.0,Liberal Democrat,2022.0
Camden,Frognal,2,camden,frognal,LAB,Labour,E05013657,4231.0,Conservative,2022.0
Camden,Gospel Oak,3,camden,gospel oak,LAB,Labour,E05013658,4232.0,Labour,2022.0
Camden,Hampstead Town,2,camden,hampstead town,LAB,Labour,E05013659,4233.0,Conservative,2022.0
Camden,Haverstock,3,camden,haverstock,LAB,Labour,E05013660,4234.0,Labour,2022.0
Camden,Highgate,3,camden,highgate,LAB,Labour,E05013661,4235.0,Green,2022.0
Camden,Holborn and Covent Garden,3,camden,holborn and covent garden,LAB,Labour,E05013662,4236.0,Labour,2022.0
Camden,Kentish Town North,2,camden,kentish town north,LAB,Labour,E05013663,4237.0,Labour,2022.0
Camden,Kentish Town South,3,camden,kentish town south,LAB,Labour,E05013664,4238.0,Labour,2022.0
Camden,Kilburn,3,camden,kilburn,LAB,Labour,E05013665,4239.0,Labour,2022.0
Camden,King's Cross,3,camden,king s cross,LAB,Labour,E05013666,4240.0,Labour,2022.0
Camden,Primrose Hill,3,camden,primrose hill,LAB,Labour,E05013667,4241.0,Labour,2022.0
Camden,Regent's Park,3,camden,regent s park,LAB,Labour,E05013668,4242.0,Labour,2022.0
Camden,South Hampstead,3,camden,south hampstead,LAB,Labour,E05013670,4244.0,Labour,2022.0
Camden,St Pancras and Somers Town,3,camden,st pancras and somers town,LAB,Labour,E05013669,4243.0,Labour,2022.0
Camden,West Hampstead,3,camden,west hampstead,LAB,Labour,E05013671,4245.0,Labour,2022.0
Cannock Chase,Brereton and Ravenhill,1,cannock chase,brereton and ravenhill,TBC,TBC,E05015742,6306.0,Labour,2024.0
Cannock Chase,Cannock Longford and Bridgtown,1,cannock chase,cannock longford and bridgtown,TBC,TBC,E05015744,6308.0,Labour,2024.0
Cannock Chase,Cannock Park and Old Fallow,1,cannock chase,cannock park and old fallow,TBC,TBC,E05015745,6309.0,Conservative,2024.0
Cannock Chase,Chadsmoor,1,cannock chase,chadsmoor,TBC,TBC,E05015743,6307.0,Labour,2024.0
Cannock Chase,Etching Hill and the Heath,1,cannock chase,etching hill and the heath,TBC,TBC,E05015746,6310.0,Conservative,2024.0
Cannock Chase,Hawks Green with Rumer Hill,1,cannock chase,hawks green with rumer hill,TBC,TBC,E05015747,6311.0,Conservative,2024.0
Cannock Chase,Heath Hayes and Wimblebury,1,cannock chase,heath hayes and wimblebury,TBC,TBC,E05015748,6312.0,Labour,2024.0
Cannock Chase,Hednesford Green Heath,1,cannock chase,hednesford green heath,TBC,TBC,E05015749,6313.0,Labour,2024.0
Cannock Chase,Hednesford Hills and Rawnsley,1,cannock chase,hednesford hills and rawnsley,TBC,TBC,E05015750,6314.0,Green,2024.0
Cannock Chase,Hednesford Pye Green,2,cannock chase,hednesford pye green,TBC,TBC,E05015751,6315.0,Green,2024.0
Cannock Chase,Norton Canes,1,cannock chase,norton canes,TBC,TBC,E05015752,6316.0,Labour,2024.0
Cannock Chase,Western Springs,1,cannock chase,western springs,TBC,TBC,E05015753,6317.0,Conservative,2024.0
Cheltenham,All Saints,1,cheltenham,all saints,LD,Liberal Democrat,E05015704,6268.0,Liberal Democrat,2024.0
Cheltenham,Battledown,1,cheltenham,battledown,LD,Liberal Democrat,E05015705,6269.0,Liberal Democrat,2024.0
Cheltenham,"Benhall, the Reddings and Fiddler's Green",1,cheltenham,benhall the reddings and fiddler s green,LD,Liberal Democrat,E05015706,6270.0,Liberal Democrat,2024.0
Cheltenham,Charlton Kings,1,cheltenham,charlton kings,LD,Liberal Democrat,E05015707,6271.0,Liberal Democrat,2024.0
Cheltenham,Charlton Park,1,cheltenham,charlton park,LD,Liberal Democrat,E05015708,6272.0,Liberal Democrat,2024.0
Cheltenham,College,1,cheltenham,college,LD,Liberal Democrat,E05015709,6273.0,Liberal Democrat,2024.0
Cheltenham,Hesters Way,1,cheltenham,hesters way,LD,Liberal Democrat,E05015710,6274.0,Liberal Democrat,2024.0
Cheltenham,Lansdown,1,cheltenham,lansdown,LD,Liberal Democrat,E05015711,6275.0,Liberal Democrat,2024.0
Cheltenham,Leckhampton,1,cheltenham,leckhampton,LD,Liberal Democrat,E05015712,6276.0,Liberal Democrat,2024.0
Cheltenham,Oakley,1,cheltenham,oakley,LD,Liberal Democrat,E05015713,6277.0,Liberal Democrat,2024.0
Cheltenham,Park,1,cheltenham,park,LD,Liberal Democrat,E05015714,6278.0,Liberal Democrat,2024.0
Cheltenham,Pittville,1,cheltenham,pittville,LD,Liberal Democrat,E05015715,6279.0,Liberal Democrat,2024.0
Cheltenham,Prestbury,1,cheltenham,prestbury,LD,Liberal Democrat,E05015716,6280.0,Green,2024.0
Cheltenham,Springbank,1,cheltenham,springbank,LD,Liberal Democrat,E05015717,6281.0,Liberal Democrat,2024.0
Cheltenham,St Mark's,1,cheltenham,st mark s,LD,Liberal Democrat,E05015718,6282.0,Liberal Democrat,2024.0
Cheltenham,St Paul's,1,cheltenham,st paul s,LD,Liberal Democrat,E05015719,6283.0,Green,2024.0
Cheltenham,St Peter's,1,cheltenham,st peter s,LD,Liberal Democrat,E05015720,6284.0,Liberal Democrat,2024.0
Cheltenham,Swindon Village,1,cheltenham,swindon village,LD,Liberal Democrat,E05015721,6285.0,Liberal Democrat,2024.0
Cheltenham,Up Hatherley,1,cheltenham,up hatherley,LD,Liberal Democrat,E05015722,6286.0,Liberal Democrat,2024.0
Cheltenham,Warden Hill,1,cheltenham,warden hill,LD,Liberal Democrat,E05015723,6287.0,Liberal Democrat,2024.0
Cherwell,"Adderbury, Bloxham and Bodicote",1,cherwell,adderbury bloxham and bodicote,LD/GRN,Coalition,E05011348,2363.0,Liberal Democrat,2024.0
Cherwell,Banbury Calthorpe and Easington,2,cherwell,banbury calthorpe and easington,LD/GRN,Coalition,E05011349,2364.0,Conservative,2024.0
Cherwell,Banbury Cross and Neithrop,1,cherwell,banbury cross and neithrop,LD/GRN,Coalition,E05010921,1998.0,Labour,2024.0
Cherwell,Banbury Grimsbury and Hightown,1,cherwell,banbury grimsbury and hightown,LD/GRN,Coalition,E05010922,1999.0,Labour,2024.0
Cherwell,Banbury Hardwick,1,cherwell,banbury hardwick,LD/GRN,Coalition,E05010923,2000.0,Labour,2024.0
Cherwell,Banbury Ruscote,1,cherwell,banbury ruscote,LD/GRN,Coalition,E05010924,2001.0,Labour,2024.0
Cherwell,Bicester East,1,cherwell,bicester east,LD/GRN,Coalition,E05010925,2002.0,Liberal Democrat,2024.0
Cherwell,Bicester North and Caversfield,1,cherwell,bicester north and caversfield,LD/GRN,Coalition,E05010926,2003.0,Liberal Democrat,2024.0
Cherwell,Bicester South and Ambrosden,1,cherwell,bicester south and ambrosden,LD/GRN,Coalition,E05012968,3722.0,Liberal Democrat,2024.0
Cherwell,Bicester West,2,cherwell,bicester west,LD/GRN,Coalition,E05010928,2004.0,Independent,2024.0
Cherwell,"Cropredy, Sibfords and Wroxton",1,cherwell,cropredy sibfords and wroxton,LD/GRN,Coalition,E05010929,2005.0,Liberal Democrat,2024.0
Cherwell,Deddington,1,cherwell,deddington,LD/GRN,Coalition,E05010930,2006.0,Conservative,2024.0
Cherwell,Fringford and Heyfords,1,cherwell,fringford and heyfords,LD/GRN,Coalition,E05012969,3723.0,Liberal Democrat,2024.0
Cherwell,Kidlington East,1,cherwell,kidlington east,LD/GRN,Coalition,E05010932,2007.0,Green,2024.0
Cherwell,Kidlington West,1,cherwell,kidlington west,LD/GRN,Coalition,E05010933,2008.0,Liberal Democrat,2024.0
Cherwell,Launton and Otmoor,1,cherwell,launton and otmoor,LD/GRN,Coalition,E05010934,2009.0,Liberal Democrat,2024.0
Chorley,Adlington and Anderton,1,chorley,adlington and anderton,LAB,Labour,E05013064,3807.0,Labour,2024.0
Chorley,Buckshaw and Whittle,1,chorley,buckshaw and whittle,LAB,Labour,E05013065,3808.0,Labour,2024.0
Chorley,Chorley East,1,chorley,chorley east,LAB,Labour,E05013066,3809.0,Labour,2024.0
Chorley,Chorley North and Astley,1,chorley,chorley north and astley,LAB,Labour,E05013069,3812.0,Labour,2024.0
Chorley,Chorley North East,1,chorley,chorley north east,LAB,Labour,E05013067,3810.0,Labour,2024.0
Chorley,Chorley North West,1,chorley,chorley north west,LAB,Labour,E05013068,3811.0,Labour,2024.0
Chorley,Chorley South East and Heath Charnock,1,chorley,chorley south east and heath charnock,LAB,Labour,E05013070,3813.0,Labour,2024.0
Chorley,Chorley South West,1,chorley,chorley south west,LAB,Labour,E05013071,3814.0,Labour,2024.0
Chorley,"Clayton East, Brindle and Hoghton",1,chorley,clayton east brindle and hoghton,LAB,Labour,E05013072,3815.0,Labour,2024.0
Chorley,Clayton West and Cuerden,1,chorley,clayton west and cuerden,LAB,Labour,E05013073,3816.0,Labour,2024.0
Chorley,Coppull,1,chorley,coppull,LAB,Labour,E05013074,3817.0,Labour,2024.0
Chorley,"Croston, Mawdesley and Euxton South",1,chorley,croston mawdesley and euxton south,LAB,Labour,E05013075,3818.0,Conservative,2024.0
Chorley,"Eccleston, Heskin and Charnock Richard",1,chorley,eccleston heskin and charnock richard,LAB,Labour,E05013076,3819.0,Labour,2024.0
Chorley,Euxton,1,chorley,euxton,LAB,Labour,E05013077,3820.0,Labour,2024.0
Lincoln,Abbey,1,lincoln,abbey,LAB,Labour,E05010784,1864.0,Liberal Democrat,2024.0
Lincoln,Birchwood,1,lincoln,birchwood,LAB,Labour,E05010785,1865.0,Labour,2024.0
Lincoln,Boultham,1,lincoln,boultham,LAB,Labour,E05010786,1866.0,Labour,2024.0
Lincoln,Carholme,1,lincoln,carholme,LAB,Labour,E05010787,1867.0,Labour,2024.0
Lincoln,Castle,1,lincoln,castle,LAB,Labour,E05010788,1868.0,Labour,2024.0
Lincoln,Glebe,1,lincoln,glebe,LAB,Labour,E05010789,1869.0,Liberal Democrat,2024.0
Lincoln,Hartsholme,1,lincoln,hartsholme,LAB,Labour,E05010790,1870.0,Labour,2024.0
Lincoln,Minster,1,lincoln,minster,LAB,Labour,E05010791,1871.0,Labour,2024.0
Lincoln,Moorland,1,lincoln,moorland,LAB,Labour,E05010792,1872.0,Labour,2024.0
Lincoln,Park,1,lincoln,park,LAB,Labour,E05010793,1873.0,Labour,2024.0
Lincoln,Witham,1,lincoln,witham,LAB,Labour,E05010794,1874.0,Conservative,2024.0
Colchester,Berechurch,1,colchester,berechurch,LD/LAB,Coalition,E05010827,1907.0,Labour,2024.0
Colchester,Castle,1,colchester,castle,LD/LAB,Coalition,E05010828,1908.0,Green,2024.0
Colchester,Greenstead,1,colchester,greenstead,LD/LAB,Coalition,E05010829,1909.0,Labour,2024.0
Colchester,Highwoods,1,colchester,highwoods,LD/LAB,Coalition,E05010830,1910.0,Liberal Democrat,2024.0
Colchester,Lexden and Braiswick,1,colchester,lexden and braiswick,LD/LAB,Coalition,E05010831,1911.0,Conservative,2024.0
Colchester,Marks Tey and Layer,1,colchester,marks tey and layer,LD/LAB,Coalition,E05010832,1912.0,Conservative,2024.0
Colchester,Mersea and Pyefleet,1,colchester,mersea and pyefleet,LD/LAB,Coalition,E05010833,1913.0,Conservative,2024.0
Colchester,Mile End,1,colchester,mile end,LD/LAB,Coalition,E05010834,1914.0,Liberal Democrat,2024.0
Colchester,New Town and Christ Church,1,colchester,new town and christ church,LD/LAB,Coalition,E05010835,1915.0,Labour,2024.0
Colchester,Old Heath and the Hythe,1,colchester,old heath and the hythe,LD/LAB,Coalition,E05010836,1916.0,Labour,2024.0
Colchester,Prettygate,1,colchester,prettygate,LD/LAB,Coalition,E05010837,1917.0,Conservative,2024.0
Colchester,Rural North,1,colchester,rural north,LD/LAB,Coalition,E05010838,1918.0,Conservative,2024.0
Colchester,Shrub End,1,colchester,shrub end,LD/LAB,Coalition,E05010840,1920.0,Labour,2024.0
Colchester,St Anne's and St John's,1,colchester,st anne s and st john s,LD/LAB,Coalition,E05010839,1919.0,Liberal Democrat,2024.0
Colchester,Stanway,1,colchester,stanway,LD/LAB,Coalition,E05010841,1921.0,Conservative,2024.0
Colchester,Tiptree,1,colchester,tiptree,LD/LAB,Coalition,E05010842,1922.0,Conservative,2024.0
Colchester,Wivenhoe,1,colchester,wivenhoe,LD/LAB,Coalition,E05010843,1923.0,Liberal Democrat,2024.0
Coventry,Bablake,3,coventry,bablake,TBC,TBC,E05001218,128.0,Labour,2024.0
Coventry,Binley and Willenhall,3,coventry,binley and willenhall,TBC,TBC,E05001219,129.0,Other,2024.0
Coventry,Cheylesmore,3,coventry,cheylesmore,TBC,TBC,E05001220,130.0,Conservative,2024.0
Coventry,Earlsdon,3,coventry,earlsdon,TBC,TBC,E05001221,131.0,Labour,2024.0
Coventry,Foleshill,3,coventry,foleshill,TBC,TBC,E05001222,132.0,Labour,2024.0
Coventry,Henley,3,coventry,henley,TBC,TBC,E05001223,133.0,Labour,2024.0
Coventry,Longford,3,coventry,longford,TBC,TBC,E05001225,135.0,Labour,2024.0
Coventry,Lower Stoke,3,coventry,lower stoke,TBC,TBC,E05001226,136.0,Labour,2024.0
Coventry,Radford,3,coventry,radford,TBC,TBC,E05001227,137.0,Labour,2024.0
Coventry,Sherbourne,3,coventry,sherbourne,TBC,TBC,E05001229,139.0,Labour,2024.0
Coventry,St Michael's,3,coventry,st michael s,TBC,TBC,E05001228,138.0,Labour,2024.0
Coventry,Upper Stoke,3,coventry,upper stoke,TBC,TBC,E05001230,140.0,Labour,2024.0
Coventry,Wainbody,3,coventry,wainbody,TBC,TBC,E05001231,141.0,Conservative,2024.0
Coventry,Whoberley,3,coventry,whoberley,TBC,TBC,E05001233,143.0,Labour,2024.0
Coventry,Woodlands,3,coventry,woodlands,TBC,TBC,E05001234,144.0,Conservative,2024.0
Coventry,Wyken,3,coventry,wyken,TBC,TBC,E05001235,145.0,Labour,2024.0
Crawley,Bewbush and North Broadfield,1,crawley,bewbush and north broadfield,LAB,Labour,E05012914,3681.0,Labour,2024.0
Crawley,Broadfield,1,crawley,broadfield,LAB,Labour,E05012915,3682.0,Labour,2024.0
Crawley,Furnace Green,1,crawley,furnace green,LAB,Labour,E05012916,3683.0,Conservative,2022.0
Crawley,Ifield,1,crawley,ifield,LAB,Labour,E05012918,3685.0,Labour,2024.0
Crawley,Langley Green and Tushmore,1,crawley,langley green and tushmore,LAB,Labour,E05012919,3686.0,Labour,2024.0
Crawley,Maidenbower,1,crawley,maidenbower,LAB,Labour,E05012920,3687.0,Conservative,2024.0
Crawley,Northgate and West Green,1,crawley,northgate and west green,LAB,Labour,E05012921,3688.0,Labour,2024.0
Crawley,Pound Hill North and Forge Wood,1,crawley,pound hill north and forge wood,LAB,Labour,E05012922,3689.0,Labour,2024.0
Crawley,Pound Hill South and Worth,1,crawley,pound hill south and worth,LAB,Labour,E05012923,3690.0,Conservative,2024.0
Crawley,Southgate,1,crawley,southgate,LAB,Labour,E05012924,3691.0,Labour,2024.0
Crawley,Three Bridges,2,crawley,three bridges,LAB,Labour,E05012925,3692.0,Labour,2024.0
Crawley,Tilgate,1,crawley,tilgate,LAB,Labour,E05012926,3693.0,Labour,2024.0
Croydon,Addiscombe East,2,croydon,addiscombe east,CON Mayor,Conservative,E05011462,2469.0,Conservative,2022.0
Croydon,Addiscombe West,3,croydon,addiscombe west,CON Mayor,Conservative,E05011463,2470.0,Labour,2022.0
Croydon,Bensham Manor,3,croydon,bensham manor,CON Mayor,Conservative,E05011464,2471.0,Labour,2022.0
Croydon,Broad Green,3,croydon,broad green,CON Mayor,Conservative,E05011465,2472.0,Labour,2022.0
Croydon,Coulsdon Town,3,croydon,coulsdon town,CON Mayor,Conservative,E05011466,2473.0,Conservative,2022.0
Croydon,Crystal Palace and Upper Norwood,3,croydon,crystal palace and upper norwood,CON Mayor,Conservative,E05011467,2474.0,Labour,2022.0
Croydon,Fairfield,3,croydon,fairfield,CON Mayor,Conservative,E05011468,2475.0,Green,2022.0
Croydon,Kenley,2,croydon,kenley,CON Mayor,Conservative,E05011469,2476.0,Conservative,2022.0
Croydon,New Addington North,2,croydon,new addington north,CON Mayor,Conservative,E05011470,2477.0,Labour,2022.0
Croydon,New Addington South,2,croydon,new addington south,CON Mayor,Conservative,E05011471,2478.0,Conservative,2022.0
Croydon,Norbury Park,2,croydon,norbury park,CON Mayor,Conservative,E05011473,2480.0,Labour,2022.0
Croydon,Norbury and Pollards Hill,2,croydon,norbury and pollards hill,CON Mayor,Conservative,E05011472,2479.0,Labour,2022.0
Croydon,Old Coulsdon,2,croydon,old coulsdon,CON Mayor,Conservative,E05011474,2481.0,Conservative,2022.0
Croydon,Park Hill and Whitgift,1,croydon,park hill and whitgift,CON Mayor,Conservative,E05011475,2482.0,Conservative,2022.0
Croydon,Purley Oaks and Riddlesdown,2,croydon,purley oaks and riddlesdown,CON Mayor,Conservative,E05011477,2484.0,Conservative,2022.0
Croydon,Purley and Woodcote,3,croydon,purley and woodcote,CON Mayor,Conservative,E05011476,2483.0,Conservative,2022.0
Croydon,Sanderstead,3,croydon,sanderstead,CON Mayor,Conservative,E05011478,2485.0,Conservative,2022.0
Croydon,Selhurst,2,croydon,selhurst,CON Mayor,Conservative,E05011479,2486.0,Labour,2022.0
Croydon,Selsdon and Addington Village,2,croydon,selsdon and addington village,CON Mayor,Conservative,E05011480,2487.0,Conservative,2022.0
Croydon,Selsdon Vale and Forestdale,2,croydon,selsdon vale and forestdale,CON Mayor,Conservative,E05011481,2488.0,Conservative,2022.0
Croydon,Shirley North,3,croydon,shirley north,CON Mayor,Conservative,E05011482,2489.0,Conservative,2022.0
Croydon,Shirley South,2,croydon,shirley south,CON Mayor,Conservative,E05011483,2490.0,Conservative,2022.0
Croydon,South Croydon,3,croydon,south croydon,CON Mayor,Conservative,E05011484,2491.0,Conservative,2022.0
Croydon,South Norwood,3,croydon,south norwood,CON Mayor,Conservative,E05011485,2492.0,Labour,2022.0
Croydon,Thornton Heath,3,croydon,thornton heath,CON Mayor,Conservative,E05011486,2493.0,Labour,2022.0
Croydon,Waddon,3,croydon,waddon,CON Mayor,Conservative,E05011487,2494.0,Labour,2022.0
Croydon,West Thornton,3,croydon,west thornton,CON Mayor,Conservative,E05011488,2495.0,Labour,2022.0
Croydon,Woodside,3,croydon,woodside,CON Mayor,Conservative,E05011489,2496.0,Labour,2022.0
Dudley,Amblecote,1,dudley,amblecote,CON min,Conservative,E05015903,6467.0,Conservative,2024.0
Dudley,Belle Vale,1,dudley,belle vale,CON min,Conservative,E05015904,6468.0,Conservative,2024.0
Dudley,Brierley Hill and Wordsley South,1,dudley,brierley hill and wordsley south,CON min,Conservative,E05015905,6469.0,Conservative,2024.0
Dudley,Brockmoor and Pensnett,1,dudley,brockmoor and pensnett,CON min,Conservative,E05015906,6470.0,Labour,2024.0
Dudley,Castle and Priory,1,dudley,castle and priory,CON min,Conservative,E05015907,6471.0,Labour,2024.0
Dudley,Coseley,1,dudley,coseley,CON min,Conservative,E05015908,6472.0,Labour,2024.0
Dudley,Cradley North and Wollescote,1,dudley,cradley north and wollescote,CON min,Conservative,E05015909,6473.0,Liberal Democrat,2024.0
Dudley,Gornal,1,dudley,gornal,CON min,Conservative,E05015910,6474.0,Conservative,2024.0
Dudley,Halesowen North,1,dudley,halesowen north,CON min,Conservative,E05015911,6475.0,Labour,2024.0
Dudley,Halesowen South,1,dudley,halesowen south,CON min,Conservative,E05015912,6476.0,Conservative,2024.0
Dudley,Hayley Green and Cradley South,1,dudley,hayley green and cradley south,CON min,Conservative,E05015913,6477.0,Conservative,2024.0
Dudley,Kingswinford North and Wall Heath,1,dudley,kingswinford north and wall heath,CON min,Conservative,E05015914,6478.0,Conservative,2024.0
Dudley,Kingswinford South,1,dudley,kingswinford south,CON min,Conservative,E05015915,6479.0,Conservative,2024.0
Dudley,Lye and Stourbridge North,1,dudley,lye and stourbridge north,CON min,Conservative,E05015916,6480.0,Labour,2024.0
Dudley,Netherton and Holly Hall,1,dudley,netherton and holly hall,CON min,Conservative,E05015917,6481.0,Labour,2024.0
Dudley,Norton,1,dudley,norton,CON min,Conservative,E05015918,6482.0,Conservative,2024.0
Dudley,Pedmore and Stourbridge East,1,dudley,pedmore and stourbridge east,CON min,Conservative,E05015919,6483.0,Conservative,2024.0
Dudley,Quarry Bank and Dudley Wood,1,dudley,quarry bank and dudley wood,CON min,Conservative,E05015920,6484.0,Labour,2024.0
Dudley,Sedgley,1,dudley,sedgley,CON min,Conservative,E05015921,6485.0,Conservative,2024.0
Dudley,St. James's,1,dudley,st james s,CON min,Conservative,E05015922,6486.0,Labour,2024.0
Dudley,St. Thomas's,1,dudley,st thomas s,CON min,Conservative,E05015923,6487.0,Labour,2024.0
Dudley,Upper Gornal and Woodsetton,1,dudley,upper gornal and woodsetton,CON min,Conservative,E05015924,6488.0,Labour,2024.0
Dudley,Wollaston and Stourbridge Town,2,dudley,wollaston and stourbridge town,CON min,Conservative,E05015925,6489.0,Labour,2024.0
Dudley,Wordsley North,1,dudley,wordsley north,CON min,Conservative,E05015926,6490.0,Conservative,2024.0
Ealing,Central Greenford,3,ealing,central greenford,LAB,Labour,E05013518,4092.0,Labour,2022.0
Ealing,Dormers Wells,3,ealing,dormers wells,LAB,Labour,E05013519,4093.0,Labour,2022.0
Ealing,Ealing Broadway,3,ealing,ealing broadway,LAB,Labour,E05013520,4094.0,Conservative,2022.0
Ealing,Ealing Common,3,ealing,ealing common,LAB,Labour,E05013521,4095.0,Liberal Democrat,2022.0
Ealing,East Acton,3,ealing,east acton,LAB,Labour,E05013522,4096.0,Labour,2022.0
Ealing,Greenford Broadway,3,ealing,greenford broadway,LAB,Labour,E05013523,4097.0,Labour,2022.0
Ealing,Hanger Hill,3,ealing,hanger hill,LAB,Labour,E05013524,4098.0,Liberal Democrat,2022.0
Ealing,Hanwell Broadway,3,ealing,hanwell broadway,LAB,Labour,E05013525,4099.0,Labour,2022.0
Ealing,Lady Margaret,3,ealing,lady margaret,LAB,Labour,E05013526,4100.0,Labour,2022.0
Ealing,North Acton,3,ealing,north acton,LAB,Labour,E05013527,4101.0,Labour,2022.0
Ealing,Northfield,3,ealing,northfield,LAB,Labour,E05013530,4104.0,Labour,2022.0
Ealing,North Greenford,3,ealing,north greenford,LAB,Labour,E05013528,4102.0,Labour,2022.0
Ealing,North Hanwell,3,ealing,north hanwell,LAB,Labour,E05013529,4103.0,Labour,2022.0
Ealing,Northolt Mandeville,3,ealing,northolt mandeville,LAB,Labour,E05013531,4105.0,Labour,2022.0
Ealing,Northolt West End,3,ealing,northolt west end,LAB,Labour,E05013532,4106.0,Labour,2022.0
Ealing,Norwood Green,3,ealing,norwood green,LAB,Labour,E05013533,4107.0,Labour,2022.0
Ealing,Perivale,3,ealing,perivale,LAB,Labour,E05013534,4108.0,Labour,2022.0
Ealing,Pitshanger,3,ealing,pitshanger,LAB,Labour,E05013535,4109.0,Labour,2022.0
Ealing,South Acton,3,ealing,south acton,LAB,Labour,E05013536,4110.0,Labour,2022.0
Ealing,Southall Broadway,2,ealing,southall broadway,LAB,Labour,E05013537,4111.0,Labour,2022.0
Ealing,Southall Green,3,ealing,southall green,LAB,Labour,E05013538,4112.0,Labour,2022.0
Ealing,Southall West,2,ealing,southall west,LAB,Labour,E05013539,4113.0,Labour,2022.0
Ealing,Southfield,3,ealing,southfield,LAB,Labour,E05013540,4114.0,Liberal Democrat,2022.0
Ealing,Walpole,3,ealing,walpole,LAB,Labour,E05013541,4115.0,Labour,2022.0
Eastleigh,Bishopstoke,1,eastleigh,bishopstoke,LD,Liberal Democrat,E05011187,2248.0,Independent,2024.0
Eastleigh,Botley,1,eastleigh,botley,LD,Liberal Democrat,E05011188,2249.0,Liberal Democrat,2024.0
Eastleigh,Bursledon and Hound North,1,eastleigh,bursledon and hound north,LD,Liberal Democrat,E05011189,2250.0,Liberal Democrat,2024.0
Eastleigh,Chandler's Ford,2,eastleigh,chandler s ford,LD,Liberal Democrat,E05011190,2251.0,Liberal Democrat,2024.0
Eastleigh,Eastleigh Central,1,eastleigh,eastleigh central,LD,Liberal Democrat,E05011191,2252.0,Liberal Democrat,2024.0
Eastleigh,Eastleigh North,1,eastleigh,eastleigh north,LD,Liberal Democrat,E05011192,2253.0,Liberal Democrat,2024.0
Eastleigh,Eastleigh South,1,eastleigh,eastleigh south,LD,Liberal Democrat,E05011193,2254.0,Liberal Democrat,2024.0
Eastleigh,Fair Oak and Horton Heath,1,eastleigh,fair oak and horton heath,LD,Liberal Democrat,E05011194,2255.0,Conservative,2024.0
Eastleigh,Hamble and Netley,1,eastleigh,hamble and netley,LD,Liberal Democrat,E05011195,2256.0,Liberal Democrat,2024.0
Eastleigh,Hedge End North,1,eastleigh,hedge end north,LD,Liberal Democrat,E05011196,2257.0,Liberal Democrat,2024.0
Eastleigh,Hedge End South,1,eastleigh,hedge end south,LD,Liberal Democrat,E05011197,2258.0,Liberal Democrat,2024.0
Eastleigh,Hiltingbury,1,eastleigh,hiltingbury,LD,Liberal Democrat,E05011198,2259.0,Liberal Democrat,2024.0
Eastleigh,West End North,1,eastleigh,west end north,LD,Liberal Democrat,E05011199,2260.0,Liberal Democrat,2022.0
Eastleigh,West End South,1,eastleigh,west end south,LD,Liberal Democrat,E05011200,2261.0,Liberal Democrat,2022.0
Enfield,Arnos Grove,2,enfield,arnos grove,TBC,TBC,E05013672,4246.0,Conservative,2022.0
Enfield,Bowes,2,enfield,bowes,TBC,TBC,E05013673,4247.0,Labour,2022.0
Enfield,Brimsdown,3,enfield,brimsdown,TBC,TBC,E05013674,4248.0,Labour,2022.0
Enfield,Bullsmoor,2,enfield,bullsmoor,TBC,TBC,E05013675,4249.0,Labour,2022.0
Enfield,Bush Hill Park,3,enfield,bush hill park,TBC,TBC,E05013676,4250.0,Conservative,2022.0
Enfield,Carterhatch,2,enfield,carterhatch,TBC,TBC,E05013677,4251.0,Labour,2022.0
Enfield,Cockfosters,2,enfield,cockfosters,TBC,TBC,E05013678,4252.0,Conservative,2022.0
Enfield,Edmonton Green,3,enfield,edmonton green,TBC,TBC,E05013679,4253.0,Labour,2022.0
Enfield,Enfield Lock,3,enfield,enfield lock,TBC,TBC,E05013680,4254.0,Labour,2022.0
Enfield,Grange Park,2,enfield,grange park,TBC,TBC,E05013681,4255.0,Conservative,2022.0
Enfield,Haselbury,3,enfield,haselbury,TBC,TBC,E05013682,4256.0,Labour,2022.0
Enfield,Highfield,2,enfield,highfield,TBC,TBC,E05013683,4257.0,Labour,2022.0
Enfield,Jubilee,3,enfield,jubilee,TBC,TBC,E05013684,4258.0,Labour,2022.0
Enfield,Lower Edmonton,3,enfield,lower edmonton,TBC,TBC,E05013685,4259.0,Labour,2022.0
Enfield,New Southgate,2,enfield,new southgate,TBC,TBC,E05013686,4260.0,Labour,2022.0
Enfield,Oakwood,2,enfield,oakwood,TBC,TBC,E05013687,4261.0,Conservative,2022.0
Enfield,Palmers Green,2,enfield,palmers green,TBC,TBC,E05013688,4262.0,Labour,2022.0
Enfield,Ponders End,2,enfield,ponders end,TBC,TBC,E05013689,4263.0,Labour,2022.0
Enfield,Ridgeway,3,enfield,ridgeway,TBC,TBC,E05013690,4264.0,Conservative,2022.0
Enfield,Southbury,3,enfield,southbury,TBC,TBC,E05013691,4265.0,Labour,2022.0
Enfield,Southgate,3,enfield,southgate,TBC,TBC,E05013692,4266.0,Conservative,2022.0
Enfield,Town,3,enfield,town,TBC,TBC,E05013693,4267.0,Conservative,2022.0
Enfield,Upper Edmonton,3,enfield,upper edmonton,TBC,TBC,E05013694,4268.0,Labour,2022.0
Enfield,Whitewebbs,3,enfield,whitewebbs,TBC,TBC,E05013695,4269.0,Conservative,2022.0
Enfield,Winchmore Hill,2,enfield,winchmore hill,TBC,TBC,E05013696,4270.0,Conservative,2022.0
Epping Forest,Buckhurst Hill East and Whitebridge,1,epping forest,buckhurst hill east and whitebridge,CON min,Conservative,E05015724,6288.0,Other,2024.0
Epping Forest,Buckhurst Hill West,1,epping forest,buckhurst hill west,CON min,Conservative,E05015725,6289.0,Conservative,2024.0
Epping Forest,Chigwell with Lambourne,1,epping forest,chigwell with lambourne,CON min,Conservative,E05015726,6290.0,Conservative,2024.0
Epping Forest,Epping East,1,epping forest,epping east,CON min,Conservative,E05015727,6291.0,Liberal Democrat,2024.0
Epping Forest,Epping West and Rural,1,epping forest,epping west and rural,CON min,Conservative,E05015728,6292.0,Liberal Democrat,2024.0
Epping Forest,Grange Hill,1,epping forest,grange hill,CON min,Conservative,E05015729,6293.0,Conservative,2024.0
Epping Forest,Loughton Fairmead,1,epping forest,loughton fairmead,CON min,Conservative,E05015730,6294.0,Other,2024.0
Epping Forest,Loughton Forest,1,epping forest,loughton forest,CON min,Conservative,E05015731,6295.0,Other,2024.0
Epping Forest,Loughton Roding,1,epping forest,loughton roding,CON min,Conservative,E05015732,6296.0,Other,2024.0
Epping Forest,Loughton St John's,1,epping forest,loughton st john s,CON min,Conservative,E05015733,6297.0,Other,2024.0
Epping Forest,North Weald Bassett,1,epping forest,north weald bassett,CON min,Conservative,E05015734,6298.0,Conservative,2024.0
Epping Forest,Ongar,1,epping forest,ongar,CON min,Conservative,E05015735,6299.0,Conservative,2024.0
Epping Forest,Roydon and Lower Nazeing,1,epping forest,roydon and lower nazeing,CON min,Conservative,E05015736,6300.0,Conservative,2024.0
Epping Forest,Rural East,1,epping forest,rural east,CON min,Conservative,E05015737,6301.0,Conservative,2024.0
Epping Forest,Theydon Bois with Passingford,1,epping forest,theydon bois with passingford,CON min,Conservative,E05015738,6302.0,Liberal Democrat,2024.0
Epping Forest,Waltham Abbey North,1,epping forest,waltham abbey north,CON min,Conservative,E05015739,6303.0,Conservative,2024.0
Epping Forest,Waltham Abbey South and Rural,1,epping forest,waltham abbey south and rural,CON min,Conservative,E05015740,6304.0,Conservative,2024.0
Epping Forest,Waltham Abbey West,1,epping forest,waltham abbey west,CON min,Conservative,E05015741,6305.0,Conservative,2024.0
Exeter,Alphington,1,exeter,alphington,TBC,TBC,E05011011,2072.0,Labour,2024.0
Exeter,Duryard and St James,1,exeter,duryard and st james,TBC,TBC,E05011012,2073.0,Liberal Democrat,2024.0
Exeter,Exwick,1,exeter,exwick,TBC,TBC,E05011013,2074.0,Labour,2024.0
Exeter,Heavitree,2,exeter,heavitree,TBC,TBC,E05011014,2075.0,Independent,2024.0
Exeter,Mincinglake and Whipton,1,exeter,mincinglake and whipton,TBC,TBC,E05011015,2076.0,Labour,2024.0
Exeter,Newtown and St Leonard's,1,exeter,newtown and st leonard s,TBC,TBC,E05011016,2077.0,Green,2024.0
Exeter,Pennsylvania,1,exeter,pennsylvania,TBC,TBC,E05011017,2078.0,Labour,2024.0
Exeter,Pinhoe,1,exeter,pinhoe,TBC,TBC,E05011018,2079.0,Labour,2024.0
Exeter,Priory,1,exeter,priory,TBC,TBC,E05011019,2080.0,Labour,2024.0
Exeter,St David's,1,exeter,st david s,TBC,TBC,E05011020,2081.0,Green,2024.0
Exeter,St Loyes,1,exeter,st loyes,TBC,TBC,E05011021,2082.0,Conservative,2024.0
Exeter,St Thomas,1,exeter,st thomas,TBC,TBC,E05011022,2083.0,Labour,2024.0
Exeter,Topsham,1,exeter,topsham,TBC,TBC,E05011023,2084.0,Labour,2024.0
Fareham,Avenue,1,fareham,avenue,CON,Conservative,E05015664,6228.0,Conservative,2024.0
Fareham,Fareham Park,1,fareham,fareham park,CON,Conservative,E05015665,6229.0,Conservative,2024.0
Fareham,Fareham Town,1,fareham,fareham town,CON,Conservative,E05015666,6230.0,Liberal Democrat,2024.0
Fareham,Fort Fareham,1,fareham,fort fareham,CON,Conservative,E05015667,6231.0,Labour,2024.0
Fareham,Hill Head,1,fareham,hill head,CON,Conservative,E05015668,6232.0,Conservative,2024.0
Fareham,Hook-with-Warsash,1,fareham,hook with warsash,CON,Conservative,E05015669,6233.0,Conservative,2024.0
Fareham,Locks Heath,1,fareham,locks heath,CON,Conservative,E05015670,6234.0,Conservative,2024.0
Fareham,Park Gate,1,fareham,park gate,CON,Conservative,E05015671,6235.0,Conservative,2024.0
Fareham,Portchester Castle,1,fareham,portchester castle,CON,Conservative,E05015672,6236.0,Liberal Democrat,2024.0
Fareham,Portchester Wicor,1,fareham,portchester wicor,CON,Conservative,E05015673,6237.0,Liberal Democrat,2024.0
Fareham,Sarisbury and Whiteley,1,fareham,sarisbury and whiteley,CON,Conservative,E05015674,6238.0,Conservative,2024.0
Fareham,Stubbington,1,fareham,stubbington,CON,Conservative,E05015675,6239.0,Conservative,2024.0
Fareham,Titchfield,1,fareham,titchfield,CON,Conservative,E05015676,6240.0,Conservative,2024.0
Fareham,Titchfield Common,1,fareham,titchfield common,CON,Conservative,E05015677,6241.0,Independent,2024.0
Fareham,Uplands and Funtley,1,fareham,uplands and funtley,CON,Conservative,E05015678,6242.0,Conservative,2024.0
Fareham,Wallington and Downend,1,fareham,wallington and downend,CON,Conservative,E05015679,6243.0,Liberal Democrat,2024.0
Gateshead,Blaydon,3,gateshead,blaydon,REF,Reform UK,E05001068,65.0,Labour,2024.0
Gateshead,Bridges,3,gateshead,bridges,REF,Reform UK,E05001069,66.0,Labour,2024.0
Gateshead,Chopwell and Rowlands Gill,3,gateshead,chopwell and rowlands gill,REF,Reform UK,E05009313,940.0,Labour,2024.0
Gateshead,Chowdene,3,gateshead,chowdene,REF,Reform UK,E05001071,67.0,Labour,2024.0
Gateshead,Crawcrook and Greenside,3,gateshead,crawcrook and greenside,REF,Reform UK,E05001072,68.0,Labour,2024.0
Gateshead,Deckham,3,gateshead,deckham,REF,Reform UK,E05001073,69.0,Labour,2024.0
Gateshead,Dunston Hill and Whickham East,3,gateshead,dunston hill and whickham east,REF,Reform UK,E05001075,71.0,Liberal Democrat,2024.0
Gateshead,Felling,3,gateshead,felling,REF,Reform UK,E05001076,72.0,Labour,2024.0
Gateshead,High Fell,3,gateshead,high fell,REF,Reform UK,E05001077,73.0,Labour,2024.0
Gateshead,Lobley Hill and Bensham,3,gateshead,lobley hill and bensham,REF,Reform UK,E05001079,75.0,Labour,2024.0
Gateshead,Low Fell,3,gateshead,low fell,REF,Reform UK,E05001080,76.0,Liberal Democrat,2024.0
Gateshead,"Ryton, Crookhill and Stella",3,gateshead,ryton crookhill and stella,REF,Reform UK,E05001082,78.0,Labour,2024.0
Gateshead,Saltwell,3,gateshead,saltwell,REF,Reform UK,E05001083,79.0,Labour,2024.0
Gateshead,Wardley and Leam Lane,3,gateshead,wardley and leam lane,REF,Reform UK,E05001084,80.0,Labour,2024.0
Gateshead,Whickham South and Sunniside,3,gateshead,whickham south and sunniside,REF,Reform UK,E05001086,82.0,Liberal Democrat,2024.0
Gateshead,Windy Nook and Whitehills,3,gateshead,windy nook and whitehills,REF,Reform UK,E05001087,83.0,Labour,2024.0
Gateshead,Winlaton and High Spen,3,gateshead,winlaton and high spen,REF,Reform UK,E05001088,84.0,Labour,2024.0
Gosport,Alverstoke,1,gosport,alverstoke,LD min,Liberal Democrat,E05014138,4708.0,Conservative,2024.0
Gosport,Anglesey,1,gosport,anglesey,LD min,Liberal Democrat,E05014139,4709.0,Conservative,2024.0
Gosport,Bridgemary,1,gosport,bridgemary,LD min,Liberal Democrat,E05014140,4710.0,Liberal Democrat,2024.0
Gosport,Brockhurst and Privett,1,gosport,brockhurst and privett,LD min,Liberal Democrat,E05014141,4711.0,Liberal Democrat,2024.0
Gosport,Elson,1,gosport,elson,LD min,Liberal Democrat,E05014142,4712.0,Liberal Democrat,2024.0
Gosport,Forton,1,gosport,forton,LD min,Liberal Democrat,E05014143,4713.0,Liberal Democrat,2024.0
Gosport,Grange and Alver Valley,1,gosport,grange and alver valley,LD min,Liberal Democrat,E05014144,4714.0,Conservative,2024.0
Gosport,Harbourside and Town,1,gosport,harbourside and town,LD min,Liberal Democrat,E05014145,4715.0,Labour,2024.0
Gosport,Hardway,1,gosport,hardway,LD min,Liberal Democrat,E05014146,4716.0,Liberal Democrat,2024.0
Gosport,Lee East,1,gosport,lee east,LD min,Liberal Democrat,E05014147,4717.0,Liberal Democrat,2024.0
Gosport,Leesland and Newtown,1,gosport,leesland and newtown,LD min,Liberal Democrat,E05014149,4719.0,Liberal Democrat,2024.0
Gosport,Lee West,1,gosport,lee west,LD min,Liberal Democrat,E05014148,4718.0,Conservative,2024.0
Gosport,Peel Common,1,gosport,peel common,LD min,Liberal Democrat,E05014150,4720.0,Conservative,2024.0
Gosport,Rowner and Holbrook,1,gosport,rowner and holbrook,LD min,Liberal Democrat,E05014151,4721.0,Liberal Democrat,2024.0
Greenwich,Abbey Wood,3,greenwich,abbey wood,LAB,Labour,E05014072,4642.0,Labour,2022.0
Greenwich,Blackheath Westcombe,3,greenwich,blackheath westcombe,LAB,Labour,E05014073,4643.0,Labour,2022.0
Greenwich,Charlton Hornfair,2,greenwich,charlton hornfair,LAB,Labour,E05014074,4644.0,Labour,2022.0
Greenwich,Charlton Village and Riverside,2,greenwich,charlton village and riverside,LAB,Labour,E05014075,4645.0,Labour,2022.0
Greenwich,East Greenwich,3,greenwich,east greenwich,LAB,Labour,E05014076,4646.0,Labour,2022.0
Greenwich,Eltham Page,2,greenwich,eltham page,LAB,Labour,E05014077,4647.0,Labour,2022.0
Greenwich,Eltham Park and Progress,2,greenwich,eltham park and progress,LAB,Labour,E05014078,4648.0,Labour,2022.0
Greenwich,Eltham Town and Avery Hill,3,greenwich,eltham town and avery hill,LAB,Labour,E05014079,4649.0,Labour,2022.0
Greenwich,Greenwich Creekside,2,greenwich,greenwich creekside,LAB,Labour,E05014080,4650.0,Labour,2022.0
Greenwich,Greenwich Park,2,greenwich,greenwich park,LAB,Labour,E05014081,4651.0,Labour,2022.0
Greenwich,Greenwich Peninsula,3,greenwich,greenwich peninsula,LAB,Labour,E05014082,4652.0,Labour,2022.0
Greenwich,Kidbrooke Park,2,greenwich,kidbrooke park,LAB,Labour,E05014083,4653.0,Labour,2022.0
Greenwich,Kidbrooke Village and Sutcliffe,2,greenwich,kidbrooke village and sutcliffe,LAB,Labour,E05014084,4654.0,Labour,2022.0
Greenwich,Middle Park and Horn Park,2,greenwich,middle park and horn park,LAB,Labour,E05014085,4655.0,Labour,2022.0
Greenwich,"Mottingham, Coldharbour and New Eltham",3,greenwich,mottingham coldharbour and new eltham,LAB,Labour,E05014086,4656.0,Labour,2022.0
Greenwich,Plumstead Common,3,greenwich,plumstead common,LAB,Labour,E05014088,4658.0,Labour,2022.0
Greenwich,Plumstead and Glyndon,3,greenwich,plumstead and glyndon,LAB,Labour,E05014087,4657.0,Labour,2022.0
Greenwich,Shooters Hill,2,greenwich,shooters hill,LAB,Labour,E05014089,4659.0,Labour,2022.0
Greenwich,Thamesmead Moorings,2,greenwich,thamesmead moorings,LAB,Labour,E05014090,4660.0,Labour,2022.0
Greenwich,West Thamesmead,2,greenwich,west thamesmead,LAB,Labour,E05014091,4661.0,Labour,2022.0
Greenwich,Woolwich Arsenal,3,greenwich,woolwich arsenal,LAB,Labour,E05014092,4662.0,Labour,2022.0
Greenwich,Woolwich Common,2,greenwich,woolwich common,LAB,Labour,E05014093,4663.0,Labour,2022.0
Greenwich,Woolwich Dockyard,2,greenwich,woolwich dockyard,LAB,Labour,E05014094,4664.0,Labour,2022.0
Hackney,Brownswood,2,hackney,brownswood,GRN Mayor,Green,E05009367,975.0,Labour,2022.0
Hackney,Cazenove,3,hackney,cazenove,GRN Mayor,Green,E05009368,976.0,Labour,2022.0
Hackney,Clissold,3,hackney,clissold,GRN Mayor,Green,E05009369,977.0,Labour,2022.0
Hackney,Dalston,2,hackney,dalston,GRN Mayor,Green,E05009370,978.0,Green,2022.0
Hackney,De Beauvoir,2,hackney,de beauvoir,GRN Mayor,Green,E05009371,979.0,Labour,2022.0
Hackney,Hackney Central,3,hackney,hackney central,GRN Mayor,Green,E05009372,980.0,Labour,2022.0
Hackney,Hackney Downs,3,hackney,hackney downs,GRN Mayor,Green,E05009373,981.0,Labour,2022.0
Hackney,Hackney Wick,3,hackney,hackney wick,GRN Mayor,Green,E05009374,982.0,Labour,2022.0
Hackney,Haggerston,3,hackney,haggerston,GRN Mayor,Green,E05009375,983.0,Labour,2022.0
Hackney,Homerton,3,hackney,homerton,GRN Mayor,Green,E05009376,984.0,Labour,2022.0
Hackney,Hoxton East and Shoreditch,3,hackney,hoxton east and shoreditch,GRN Mayor,Green,E05009377,985.0,Labour,2022.0
Hackney,Hoxton West,3,hackney,hoxton west,GRN Mayor,Green,E05009378,986.0,Labour,2022.0
Hackney,King's Park,3,hackney,king s park,GRN Mayor,Green,E05009379,987.0,Labour,2022.0
Hackney,Lea Bridge,3,hackney,lea bridge,GRN Mayor,Green,E05009380,988.0,Labour,2022.0
Hackney,London Fields,3,hackney,london fields,GRN Mayor,Green,E05009381,989.0,Labour,2022.0
Hackney,Shacklewell,2,hackney,shacklewell,GRN Mayor,Green,E05009382,990.0,Labour,2022.0
Hackney,Springfield,3,hackney,springfield,GRN Mayor,Green,E05009383,991.0,Conservative,2022.0
Hackney,Stamford Hill West,2,hackney,stamford hill west,GRN Mayor,Green,E05009384,992.0,Conservative,2022.0
Hackney,Stoke Newington,3,hackney,stoke newington,GRN Mayor,Green,E05009385,993.0,Labour,2022.0
Hackney,Victoria,3,hackney,victoria,GRN Mayor,Green,E05009386,994.0,Labour,2022.0
Hackney,Woodberry Down,2,hackney,woodberry down,GRN Mayor,Green,E05009387,995.0,Labour,2022.0
Halton,Appleton,1,halton,appleton,LAB,Labour,E05013169,3863.0,Labour,2024.0
Halton,Bankfield,1,halton,bankfield,LAB,Labour,E05013170,3864.0,Labour,2024.0
Halton,Beechwood and Heath,1,halton,beechwood and heath,LAB,Labour,E05013171,3865.0,Liberal Democrat,2024.0
Halton,Birchfield,1,halton,birchfield,LAB,Labour,E05013172,3866.0,Labour,2024.0
Halton,Bridgewater,1,halton,bridgewater,LAB,Labour,E05013173,3867.0,Labour,2024.0
Halton,Central and West Bank,1,halton,central and west bank,LAB,Labour,E05013174,3868.0,Labour,2024.0
Halton,"Daresbury, Moore and Sandymoor",2,halton,daresbury moore and sandymoor,LAB,Labour,E05013175,3869.0,Labour,2024.0
Halton,"Ditton, Hale Village and Halebank",1,halton,ditton hale village and halebank,LAB,Labour,E05013176,3870.0,Labour,2024.0
Halton,Farnworth,1,halton,farnworth,LAB,Labour,E05013177,3871.0,Labour,2024.0
Halton,Grange,1,halton,grange,LAB,Labour,E05013178,3872.0,Labour,2024.0
Halton,Halton Castle,1,halton,halton castle,LAB,Labour,E05013179,3873.0,Labour,2024.0
Halton,Halton Lea,1,halton,halton lea,LAB,Labour,E05013180,3874.0,Labour,2024.0
Halton,Halton View,1,halton,halton view,LAB,Labour,E05013181,3875.0,Labour,2024.0
Halton,Highfield,1,halton,highfield,LAB,Labour,E05013182,3876.0,Labour,2024.0
Halton,Hough Green,1,halton,hough green,LAB,Labour,E05013183,3877.0,Labour,2024.0
Halton,Mersey and Weston,1,halton,mersey and weston,LAB,Labour,E05013184,3878.0,Labour,2024.0
Halton,Norton North,1,halton,norton north,LAB,Labour,E05013185,3879.0,Labour,2024.0
Halton,Norton South and Preston Brook,1,halton,norton south and preston brook,LAB,Labour,E05013186,3880.0,Labour,2024.0
Hammersmith and Fulham,Addison,2,hammersmith and fulham,addison,LAB,Labour,E05013733,4307.0,Labour,2022.0
Hammersmith and Fulham,Avonmore,2,hammersmith and fulham,avonmore,LAB,Labour,E05013734,4308.0,Labour,2022.0
Hammersmith and Fulham,Brook Green,2,hammersmith and fulham,brook green,LAB,Labour,E05013735,4309.0,Labour,2022.0
Hammersmith and Fulham,College Park and Old Oak,3,hammersmith and fulham,college park and old oak,LAB,Labour,E05013736,4310.0,Labour,2022.0
Hammersmith and Fulham,Coningham,3,hammersmith and fulham,coningham,LAB,Labour,E05013737,4311.0,Labour,2022.0
Hammersmith and Fulham,Fulham Reach,3,hammersmith and fulham,fulham reach,LAB,Labour,E05013738,4312.0,Labour,2022.0
Hammersmith and Fulham,Fulham Town,2,hammersmith and fulham,fulham town,LAB,Labour,E05013739,4313.0,Conservative,2022.0
Hammersmith and Fulham,Grove,2,hammersmith and fulham,grove,LAB,Labour,E05013740,4314.0,Labour,2022.0
Hammersmith and Fulham,Hammersmith Broadway,2,hammersmith and fulham,hammersmith broadway,LAB,Labour,E05013741,4315.0,Labour,2022.0
Hammersmith and Fulham,Lillie,2,hammersmith and fulham,lillie,LAB,Labour,E05013742,4316.0,Labour,2022.0
Hammersmith and Fulham,Munster,3,hammersmith and fulham,munster,LAB,Labour,E05013743,4317.0,Conservative,2022.0
Hammersmith and Fulham,Palace and Hurlingham,3,hammersmith and fulham,palace and hurlingham,LAB,Labour,E05013744,4318.0,Conservative,2022.0
Hammersmith and Fulham,Parsons Green and Sandford,2,hammersmith and fulham,parsons green and sandford,LAB,Labour,E05013745,4319.0,Conservative,2022.0
Hammersmith and Fulham,Ravenscourt,2,hammersmith and fulham,ravenscourt,LAB,Labour,E05013746,4320.0,Labour,2022.0
Hammersmith and Fulham,Sands End,3,hammersmith and fulham,sands end,LAB,Labour,E05013747,4321.0,Labour,2022.0
Hammersmith and Fulham,Shepherd's Bush Green,2,hammersmith and fulham,shepherd s bush green,LAB,Labour,E05013748,4322.0,Labour,2022.0
Hammersmith and Fulham,Walham Green,2,hammersmith and fulham,walham green,LAB,Labour,E05013749,4323.0,Labour,2022.0
Hammersmith and Fulham,Wendell Park,2,hammersmith and fulham,wendell park,LAB,Labour,E05013750,4324.0,Labour,2022.0
Hammersmith and Fulham,West Kensington,3,hammersmith and fulham,west kensington,LAB,Labour,E05013751,4325.0,Labour,2022.0
Hammersmith and Fulham,White City,3,hammersmith and fulham,white city,LAB,Labour,E05013752,4326.0,Labour,2022.0
Hammersmith and Fulham,Wormholt,2,hammersmith and fulham,wormholt,LAB,Labour,E05013753,4327.0,Labour,2022.0
Haringey,Alexandra Park,2,haringey,alexandra park,TBC,TBC,E05013585,4159.0,Labour,2022.0
Haringey,Bounds Green,2,haringey,bounds green,TBC,TBC,E05013586,4160.0,Labour,2022.0
Haringey,Bruce Castle,3,haringey,bruce castle,TBC,TBC,E05013587,4161.0,Labour,2022.0
Haringey,Crouch End,3,haringey,crouch end,TBC,TBC,E05013588,4162.0,Labour,2022.0
Haringey,Fortis Green,3,haringey,fortis green,TBC,TBC,E05013589,4163.0,Liberal Democrat,2022.0
Haringey,Harringay,3,haringey,harringay,TBC,TBC,E05013590,4164.0,Labour,2022.0
Haringey,Hermitage and Gardens,2,haringey,hermitage and gardens,TBC,TBC,E05013591,4165.0,Labour,2022.0
Haringey,Highgate,3,haringey,highgate,TBC,TBC,E05013592,4166.0,Liberal Democrat,2022.0
Haringey,Hornsey,3,haringey,hornsey,TBC,TBC,E05013593,4167.0,Labour,2022.0
Haringey,Muswell Hill,2,haringey,muswell hill,TBC,TBC,E05013594,4168.0,Liberal Democrat,2022.0
Haringey,Noel Park,3,haringey,noel park,TBC,TBC,E05013595,4169.0,Labour,2022.0
Haringey,Northumberland Park,3,haringey,northumberland park,TBC,TBC,E05013596,4170.0,Labour,2022.0
Haringey,Seven Sisters,2,haringey,seven sisters,TBC,TBC,E05013598,4172.0,Labour,2022.0
Haringey,South Tottenham,3,haringey,south tottenham,TBC,TBC,E05013599,4173.0,Labour,2022.0
Haringey,St Ann's,2,haringey,st ann s,TBC,TBC,E05013597,4171.0,Labour,2022.0
Haringey,Stroud Green,3,haringey,stroud green,TBC,TBC,E05013600,4174.0,Labour,2022.0
Haringey,Tottenham Central,3,haringey,tottenham central,TBC,TBC,E05013601,4175.0,Labour,2022.0
Haringey,Tottenham Hale,3,haringey,tottenham hale,TBC,TBC,E05013602,4176.0,Labour,2022.0
Haringey,West Green,3,haringey,west green,TBC,TBC,E05013603,4177.0,Labour,2022.0
Haringey,White Hart Lane,3,haringey,white hart lane,TBC,TBC,E05013604,4178.0,Labour,2022.0
Haringey,Woodside,3,haringey,woodside,TBC,TBC,E05013605,4179.0,Labour,2022.0
Harlow,Bush Fair,1,harlow,bush fair,CON,Conservative,E05015680,6244.0,Labour,2024.0
Harlow,Church Langley North and Newhall,1,harlow,church langley north and newhall,CON,Conservative,E05015681,6245.0,Conservative,2024.0
Harlow,Church Langley South and Potter Street,1,harlow,church langley south and potter street,CON,Conservative,E05015682,6246.0,Conservative,2024.0
Harlow,Great Parndon,1,harlow,great parndon,CON,Conservative,E05015683,6247.0,Conservative,2024.0
Harlow,Latton Bush and Stewards,1,harlow,latton bush and stewards,CON,Conservative,E05015684,6248.0,Conservative,2024.0
Harlow,Little Parndon and Town Centre,1,harlow,little parndon and town centre,CON,Conservative,E05015685,6249.0,Labour,2024.0
Harlow,Mark Hall,1,harlow,mark hall,CON,Conservative,E05015686,6250.0,Labour,2024.0
Harlow,Netteswell,1,harlow,netteswell,CON,Conservative,E05015687,6251.0,Labour,2024.0
Harlow,Old Harlow,1,harlow,old harlow,CON,Conservative,E05015688,6252.0,Conservative,2024.0
Harlow,Passmores,1,harlow,passmores,CON,Conservative,E05015689,6253.0,Labour,2024.0
Harlow,Sumners and Kingsmoor,1,harlow,sumners and kingsmoor,CON,Conservative,E05015690,6254.0,Conservative,2024.0
Harrow,Belmont,2,harrow,belmont,CON,Conservative,E05013542,4116.0,Conservative,2022.0
Harrow,Canons,2,harrow,canons,CON,Conservative,E05013543,4117.0,Conservative,2022.0
Harrow,Centenary,3,harrow,centenary,CON,Conservative,E05013544,4118.0,Conservative,2022.0
Harrow,Edgware,3,harrow,edgware,CON,Conservative,E05013545,4119.0,Conservative,2022.0
Harrow,Greenhill,3,harrow,greenhill,CON,Conservative,E05013546,4120.0,Labour,2022.0
Harrow,Harrow on the Hill,2,harrow,harrow on the hill,CON,Conservative,E05013547,4121.0,Labour,2022.0
Harrow,Harrow Weald,3,harrow,harrow weald,CON,Conservative,E05013548,4122.0,Conservative,2022.0
Harrow,Hatch End,2,harrow,hatch end,CON,Conservative,E05013549,4123.0,Conservative,2022.0
Harrow,Headstone,3,harrow,headstone,CON,Conservative,E05013550,4124.0,Labour,2022.0
Harrow,Kenton East,3,harrow,kenton east,CON,Conservative,E05013551,4125.0,Conservative,2022.0
Harrow,Kenton West,2,harrow,kenton west,CON,Conservative,E05013552,4126.0,Conservative,2022.0
Harrow,Marlborough,3,harrow,marlborough,CON,Conservative,E05013553,4127.0,Labour,2022.0
Harrow,North Harrow,2,harrow,north harrow,CON,Conservative,E05013554,4128.0,Conservative,2022.0
Harrow,Pinner,3,harrow,pinner,CON,Conservative,E05013555,4129.0,Conservative,2022.0
Harrow,Pinner South,3,harrow,pinner south,CON,Conservative,E05013556,4130.0,Conservative,2022.0
Harrow,Roxbourne,2,harrow,roxbourne,CON,Conservative,E05013558,4132.0,Labour,2022.0
Harrow,Roxeth,3,harrow,roxeth,CON,Conservative,E05013559,4133.0,Labour,2022.0
Harrow,Stanmore,3,harrow,stanmore,CON,Conservative,E05013560,4134.0,Conservative,2022.0
Harrow,Wealdstone North,2,harrow,wealdstone north,CON,Conservative,E05013561,4135.0,Labour,2022.0
Harrow,Wealdstone South,2,harrow,wealdstone south,CON,Conservative,E05013562,4136.0,Labour,2022.0
Harrow,West Harrow,2,harrow,west harrow,CON,Conservative,E05013563,4137.0,Labour,2022.0
Hart,Blackwater and Hawley,1,hart,blackwater and hawley,LD/IND,Coalition,E05009352,961.0,Liberal Democrat,2024.0
Hart,Crookham East,1,hart,crookham east,LD/IND,Coalition,E05009353,962.0,Other,2024.0
Hart,Crookham West and Ewshot,1,hart,crookham west and ewshot,LD/IND,Coalition,E05009354,963.0,Other,2024.0
Hart,Fleet Central,1,hart,fleet central,LD/IND,Coalition,E05009355,964.0,Other,2024.0
Hart,Fleet East,1,hart,fleet east,LD/IND,Coalition,E05009356,965.0,Liberal Democrat,2024.0
Hart,Fleet West,1,hart,fleet west,LD/IND,Coalition,E05009357,966.0,Conservative,2024.0
Hart,Hartley Wintney,1,hart,hartley wintney,LD/IND,Coalition,E05009358,967.0,Conservative,2024.0
Hart,Hook,1,hart,hook,LD/IND,Coalition,E05009359,968.0,Conservative,2024.0
Hartlepool,Burn Valley,1,hartlepool,burn valley,TBC,TBC,E05013038,3781.0,Labour,2024.0
Hartlepool,De Bruce,1,hartlepool,de bruce,TBC,TBC,E05013039,3782.0,Labour,2024.0
Hartlepool,Fens and Greatham,1,hartlepool,fens and greatham,TBC,TBC,E05013040,3783.0,Independent,2024.0
Hartlepool,Foggy Furze,1,hartlepool,foggy furze,TBC,TBC,E05013041,3784.0,Labour,2024.0
Hartlepool,Hart,1,hartlepool,hart,TBC,TBC,E05013042,3785.0,Labour,2024.0
Hartlepool,Headland and Harbour,1,hartlepool,headland and harbour,TBC,TBC,E05013043,3786.0,Labour,2024.0
Hartlepool,Manor House,1,hartlepool,manor house,TBC,TBC,E05013044,3787.0,Labour,2024.0
Hartlepool,Rossmere,1,hartlepool,rossmere,TBC,TBC,E05013045,3788.0,Labour,2024.0
Hartlepool,Rural West,1,hartlepool,rural west,TBC,TBC,E05013046,3789.0,Conservative,2024.0
Hartlepool,Seaton,1,hartlepool,seaton,TBC,TBC,E05013047,3790.0,Independent,2024.0
Hartlepool,Throston,1,hartlepool,throston,TBC,TBC,E05013048,3791.0,Labour,2024.0
Hartlepool,Victoria,1,hartlepool,victoria,TBC,TBC,E05013049,3792.0,Labour,2024.0
Hart,Odiham,1,hart,odiham,LD/IND,Coalition,E05009360,969.0,Conservative,2024.0
Hart,Yateley East,1,hart,yateley east,LD/IND,Coalition,E05009361,970.0,Liberal Democrat,2024.0
Hart,Yateley West,1,hart,yateley west,LD/IND,Coalition,E05009362,971.0,Liberal Democrat,2024.0
Hastings,Ashdown,1,hastings,ashdown,GRN,Green,E05011201,2262.0,Conservative,2024.0
Hastings,Baird,1,hastings,baird,GRN,Green,E05011202,2263.0,Green,2024.0
Hastings,Braybrooke,1,hastings,braybrooke,GRN,Green,E05011203,2264.0,Green,2024.0
Hastings,Castle,1,hastings,castle,GRN,Green,E05011204,2265.0,Green,2024.0
Hastings,Central St Leonards,1,hastings,central st leonards,GRN,Green,E05011205,2266.0,Green,2024.0
Hastings,Conquest,1,hastings,conquest,GRN,Green,E05011206,2267.0,Conservative,2024.0
Hastings,Gensing,1,hastings,gensing,GRN,Green,E05011207,2268.0,Green,2024.0
Hastings,Hollington,1,hastings,hollington,GRN,Green,E05011208,2269.0,Labour,2024.0
Hastings,Maze Hill,1,hastings,maze hill,GRN,Green,E05011209,2270.0,Green,2024.0
Hastings,Old Hastings,1,hastings,old hastings,GRN,Green,E05011210,2271.0,Green,2024.0
Hastings,Ore,1,hastings,ore,GRN,Green,E05011211,2272.0,Green,2024.0
Hastings,Silverhill,1,hastings,silverhill,GRN,Green,E05011213,2274.0,Labour,2024.0
Hastings,St Helens,2,hastings,st helens,GRN,Green,E05011212,2273.0,Labour,2024.0
Hastings,Tressell,1,hastings,tressell,GRN,Green,E05011214,2275.0,Green,2024.0
Hastings,West St Leonards,1,hastings,west st leonards,GRN,Green,E05011215,2276.0,Labour,2024.0
Hastings,Wishing Tree,1,hastings,wishing tree,GRN,Green,E05011216,2277.0,Labour,2024.0
Havant,Bedhampton,1,havant,bedhampton,LAB/LD/GRN,Coalition,E05015581,6145.0,Liberal Democrat,2024.0
Havant,Cowplain,1,havant,cowplain,LAB/LD/GRN,Coalition,E05015582,6146.0,Conservative,2024.0
Havant,Emsworth,1,havant,emsworth,LAB/LD/GRN,Coalition,E05015583,6147.0,Green,2024.0
Havant,Hart Plain,1,havant,hart plain,LAB/LD/GRN,Coalition,E05015584,6148.0,Conservative,2024.0
Havant,Havant St Faith's,1,havant,havant st faith s,LAB/LD/GRN,Coalition,E05015585,6149.0,Labour,2024.0
Havant,Hayling East,1,havant,hayling east,LAB/LD/GRN,Coalition,E05015586,6150.0,Green,2024.0
Havant,Hayling West,1,havant,hayling west,LAB/LD/GRN,Coalition,E05015587,6151.0,Liberal Democrat,2024.0
Havant,Leigh Park Central and West Leigh,1,havant,leigh park central and west leigh,LAB/LD/GRN,Coalition,E05015588,6152.0,Labour,2024.0
Havant,Leigh Park Hermitage,1,havant,leigh park hermitage,LAB/LD/GRN,Coalition,E05015589,6153.0,Conservative,2024.0
Havant,Purbrook,1,havant,purbrook,LAB/LD/GRN,Coalition,E05015590,6154.0,Liberal Democrat,2024.0
Havant,Stakes,1,havant,stakes,LAB/LD/GRN,Coalition,E05015591,6155.0,Conservative,2024.0
Havant,Waterloo,1,havant,waterloo,LAB/LD/GRN,Coalition,E05015592,6156.0,Conservative,2024.0
Havering,Beam Park,2,havering,beam park,REF,Reform UK,E05013967,4537.0,Labour,2022.0
Havering,Cranham,3,havering,cranham,REF,Reform UK,E05013968,4538.0,Other,2022.0
Havering,Elm Park,3,havering,elm park,REF,Reform UK,E05013969,4539.0,Other,2022.0
Havering,Emerson Park,2,havering,emerson park,REF,Reform UK,E05013970,4540.0,Other,2022.0
Havering,Gooshays,3,havering,gooshays,REF,Reform UK,E05013971,4541.0,Labour,2022.0
Havering,Hacton,2,havering,hacton,REF,Reform UK,E05013972,4542.0,Other,2022.0
Havering,Harold Wood,3,havering,harold wood,REF,Reform UK,E05013973,4543.0,Other,2022.0
Havering,Havering-atte-Bower,3,havering,havering atte bower,REF,Reform UK,E05013974,4544.0,Conservative,2022.0
Havering,Heaton,3,havering,heaton,REF,Reform UK,E05013975,4545.0,Labour,2022.0
Havering,Hylands and Harrow Lodge,3,havering,hylands and harrow lodge,REF,Reform UK,E05013976,4546.0,Other,2022.0
Havering,Marshalls and Rise Park,3,havering,marshalls and rise park,REF,Reform UK,E05013977,4547.0,Conservative,2022.0
Havering,Mawneys,3,havering,mawneys,REF,Reform UK,E05013978,4548.0,Conservative,2022.0
Havering,Rainham and Wennington,3,havering,rainham and wennington,REF,Reform UK,E05013979,4549.0,Conservative,2022.0
Havering,Rush Green and Crowlands,3,havering,rush green and crowlands,REF,Reform UK,E05013980,4550.0,Conservative,2022.0
Havering,South Hornchurch,2,havering,south hornchurch,REF,Reform UK,E05013984,4554.0,Other,2022.0
Havering,Squirrels Heath,3,havering,squirrels heath,REF,Reform UK,E05013985,4555.0,Conservative,2022.0
Havering,St Alban's,2,havering,st alban s,REF,Reform UK,E05013981,4551.0,Conservative,2022.0
Havering,St Andrew's,3,havering,st andrew s,REF,Reform UK,E05013982,4552.0,Other,2022.0
Havering,St Edward's,3,havering,st edward s,REF,Reform UK,E05013983,4553.0,Conservative,2022.0
Havering,Upminster,3,havering,upminster,REF,Reform UK,E05013986,4556.0,Other,2022.0
Hillingdon,Belmore,3,hillingdon,belmore,CON,Conservative,E05013564,4138.0,Labour,2022.0
Hillingdon,Charville,2,hillingdon,charville,CON,Conservative,E05013565,4139.0,Labour,2022.0
Hillingdon,Colham and Cowley,3,hillingdon,colham and cowley,CON,Conservative,E05013566,4140.0,Conservative,2022.0
Hillingdon,Eastcote,3,hillingdon,eastcote,CON,Conservative,E05013567,4141.0,Conservative,2022.0
Hillingdon,Harefield Village,1,hillingdon,harefield village,CON,Conservative,E05013568,4142.0,Conservative,2022.0
Hillingdon,Hayes Town,3,hillingdon,hayes town,CON,Conservative,E05013569,4143.0,Labour,2022.0
Hillingdon,Heathrow Villages,2,hillingdon,heathrow villages,CON,Conservative,E05013570,4144.0,Labour,2022.0
Hillingdon,Hillingdon East,3,hillingdon,hillingdon east,CON,Conservative,E05013571,4145.0,Conservative,2022.0
Hillingdon,Ickenham and South Harefield,3,hillingdon,ickenham and south harefield,CON,Conservative,E05013573,4147.0,Conservative,2022.0
Hillingdon,Northwood,2,hillingdon,northwood,CON,Conservative,E05013574,4148.0,Conservative,2022.0
Hillingdon,Northwood Hills,2,hillingdon,northwood hills,CON,Conservative,E05013575,4149.0,Conservative,2022.0
Hillingdon,Pinkwell,3,hillingdon,pinkwell,CON,Conservative,E05013576,4150.0,Labour,2022.0
Hillingdon,Ruislip,3,hillingdon,ruislip,CON,Conservative,E05013577,4151.0,Conservative,2022.0
Hillingdon,Ruislip Manor,2,hillingdon,ruislip manor,CON,Conservative,E05013578,4152.0,Conservative,2022.0
Hillingdon,South Ruislip,3,hillingdon,south ruislip,CON,Conservative,E05013579,4153.0,Conservative,2022.0
Hillingdon,Uxbridge,3,hillingdon,uxbridge,CON,Conservative,E05013580,4154.0,Conservative,2022.0
Hillingdon,West Drayton,3,hillingdon,west drayton,CON,Conservative,E05013581,4155.0,Labour,2022.0
Hillingdon,Wood End,3,hillingdon,wood end,CON,Conservative,E05013582,4156.0,Labour,2022.0
Hillingdon,Yeading,2,hillingdon,yeading,CON,Conservative,E05013583,4157.0,Labour,2022.0
Hillingdon,Yiewsley,2,hillingdon,yiewsley,CON,Conservative,E05013584,4158.0,Labour,2022.0
Hounslow,Bedfont,3,hounslow,bedfont,LAB,Labour,E05013606,4180.0,Labour,2022.0
Hounslow,Brentford East,2,hounslow,brentford east,LAB,Labour,E05013607,4181.0,Labour,2022.0
Hounslow,Brentford West,2,hounslow,brentford west,LAB,Labour,E05013608,4182.0,Labour,2022.0
Hounslow,Chiswick Gunnersbury,3,hounslow,chiswick gunnersbury,LAB,Labour,E05013609,4183.0,Conservative,2022.0
Hounslow,Chiswick Homefields,3,hounslow,chiswick homefields,LAB,Labour,E05013610,4184.0,Conservative,2022.0
Hounslow,Chiswick Riverside,3,hounslow,chiswick riverside,LAB,Labour,E05013611,4185.0,Conservative,2022.0
Hounslow,Cranford,3,hounslow,cranford,LAB,Labour,E05013612,4186.0,Labour,2022.0
Hounslow,Feltham North,3,hounslow,feltham north,LAB,Labour,E05013613,4187.0,Labour,2022.0
Hounslow,Feltham West,3,hounslow,feltham west,LAB,Labour,E05013614,4188.0,Labour,2022.0
Hounslow,Hanworth Park,2,hounslow,hanworth park,LAB,Labour,E05013615,4189.0,Labour,2022.0
Hounslow,Hanworth Village,3,hounslow,hanworth village,LAB,Labour,E05013616,4190.0,Labour,2022.0
Hounslow,Heston Central,3,hounslow,heston central,LAB,Labour,E05013617,4191.0,Labour,2022.0
Hounslow,Heston East,3,hounslow,heston east,LAB,Labour,E05013618,4192.0,Labour,2022.0
Hounslow,Heston West,3,hounslow,heston west,LAB,Labour,E05013619,4193.0,Labour,2022.0
Hounslow,Hounslow Central,3,hounslow,hounslow central,LAB,Labour,E05013620,4194.0,Labour,2022.0
Hounslow,Hounslow East,2,hounslow,hounslow east,LAB,Labour,E05013621,4195.0,Labour,2022.0
Hounslow,Hounslow Heath,3,hounslow,hounslow heath,LAB,Labour,E05013622,4196.0,Labour,2022.0
Hounslow,Hounslow South,3,hounslow,hounslow south,LAB,Labour,E05013623,4197.0,Labour,2022.0
Hounslow,Hounslow West,3,hounslow,hounslow west,LAB,Labour,E05013624,4198.0,Labour,2022.0
Hounslow,Isleworth,3,hounslow,isleworth,LAB,Labour,E05013625,4199.0,Labour,2022.0
Hounslow,Osterley and Spring Grove,3,hounslow,osterley and spring grove,LAB,Labour,E05013626,4200.0,Labour,2022.0
Hounslow,Syon and Brentford Lock,3,hounslow,syon and brentford lock,LAB,Labour,E05013627,4201.0,Labour,2022.0
Huntingdonshire,Alconbury,1,huntingdonshire,alconbury,LD/LAB/IND/GRN,Coalition,E05011256,2317.0,Conservative,2022.0
Huntingdonshire,Brampton,2,huntingdonshire,brampton,LD/LAB/IND/GRN,Coalition,E05011257,2318.0,Liberal Democrat,2022.0
Huntingdonshire,Buckden,1,huntingdonshire,buckden,LD/LAB/IND/GRN,Coalition,E05011258,2319.0,Liberal Democrat,2022.0
Huntingdonshire,Fenstanton,1,huntingdonshire,fenstanton,LD/LAB/IND/GRN,Coalition,E05011259,2320.0,Liberal Democrat,2022.0
Huntingdonshire,Godmanchester and Hemingford Abbots,3,huntingdonshire,godmanchester and hemingford abbots,LD/LAB/IND/GRN,Coalition,E05011260,2321.0,Liberal Democrat,2022.0
Huntingdonshire,Great Paxton,1,huntingdonshire,great paxton,LD/LAB/IND/GRN,Coalition,E05011261,2322.0,Conservative,2022.0
Huntingdonshire,Great Staughton,1,huntingdonshire,great staughton,LD/LAB/IND/GRN,Coalition,E05011262,2323.0,Conservative,2022.0
Huntingdonshire,Hemingford Grey and Houghton,2,huntingdonshire,hemingford grey and houghton,LD/LAB/IND/GRN,Coalition,E05011263,2324.0,Conservative,2022.0
Huntingdonshire,Holywell-cum-Needingworth,2,huntingdonshire,holywell cum needingworth,LD/LAB/IND/GRN,Coalition,E05011264,2325.0,,
Huntingdonshire,Huntingdon East,2,huntingdonshire,huntingdon east,LD/LAB/IND/GRN,Coalition,E05011265,2326.0,Liberal Democrat,2022.0
Huntingdonshire,Huntingdon North,3,huntingdonshire,huntingdon north,LD/LAB/IND/GRN,Coalition,E05011266,2327.0,Labour,2022.0
Huntingdonshire,Kimbolton,1,huntingdonshire,kimbolton,LD/LAB/IND/GRN,Coalition,E05011267,2328.0,Conservative,2022.0
Huntingdonshire,Ramsey,3,huntingdonshire,ramsey,LD/LAB/IND/GRN,Coalition,E05011268,2329.0,Conservative,2022.0
Huntingdonshire,Sawtry,2,huntingdonshire,sawtry,LD/LAB/IND/GRN,Coalition,E05011276,2337.0,,
Huntingdonshire,Somersham,1,huntingdonshire,somersham,LD/LAB/IND/GRN,Coalition,E05011277,2338.0,Conservative,2022.0
Huntingdonshire,"Stilton, Folksworth and Washingley",2,huntingdonshire,stilton folksworth and washingley,LD/LAB/IND/GRN,Coalition,E05011278,2339.0,Conservative,2022.0
Huntingdonshire,St Ives East,2,huntingdonshire,st ives east,LD/LAB/IND/GRN,Coalition,E05011269,2330.0,Independent,2022.0
Huntingdonshire,St Ives South,2,huntingdonshire,st ives south,LD/LAB/IND/GRN,Coalition,E05011270,2331.0,Liberal Democrat,2022.0
Huntingdonshire,St Ives West,1,huntingdonshire,st ives west,LD/LAB/IND/GRN,Coalition,E05011271,2332.0,Independent,2022.0
Huntingdonshire,St Neots East,2,huntingdonshire,st neots east,LD/LAB/IND/GRN,Coalition,E05011272,2333.0,Green,2022.0
Huntingdonshire,St Neots Eatons,3,huntingdonshire,st neots eatons,LD/LAB/IND/GRN,Coalition,E05011273,2334.0,Other,2022.0
Huntingdonshire,St Neots Eynesbury,3,huntingdonshire,st neots eynesbury,LD/LAB/IND/GRN,Coalition,E05011274,2335.0,Other,2022.0
Huntingdonshire,St Neots Priory Park and Little Paxton,3,huntingdonshire,st neots priory park and little paxton,LD/LAB/IND/GRN,Coalition,E05011275,2336.0,Independent,2022.0
Huntingdonshire,The Stukeleys,3,huntingdonshire,the stukeleys,LD/LAB/IND/GRN,Coalition,E05011279,2340.0,Independent,2022.0
Huntingdonshire,Warboys,2,huntingdonshire,warboys,LD/LAB/IND/GRN,Coalition,E05011280,2341.0,Conservative,2022.0
Huntingdonshire,Yaxley,3,huntingdonshire,yaxley,LD/LAB/IND/GRN,Coalition,E05011281,2342.0,Conservative,2022.0
Hyndburn,Clayton-le-Moors,1,hyndburn,clayton le moors,TBC,TBC,E05005211,523.0,Conservative,2022.0
Hyndburn,Huncoat,1,hyndburn,huncoat,TBC,TBC,E05005212,524.0,Conservative,2022.0
Hyndburn,Immanuel,1,hyndburn,immanuel,TBC,TBC,E05005213,525.0,Conservative,2022.0
Hyndburn,Milnshaw,1,hyndburn,milnshaw,TBC,TBC,E05005214,526.0,Labour,2022.0
Hyndburn,Netherton,1,hyndburn,netherton,TBC,TBC,E05005215,527.0,Labour,2024.0
Hyndburn,Overton,1,hyndburn,overton,TBC,TBC,E05005216,528.0,Labour,2024.0
Hyndburn,Peel,1,hyndburn,peel,TBC,TBC,E05005217,529.0,Labour,2024.0
Hyndburn,Rishton,1,hyndburn,rishton,TBC,TBC,E05005218,530.0,Labour,2024.0
Hyndburn,Spring Hill,1,hyndburn,spring hill,TBC,TBC,E05005221,533.0,Labour,2024.0
Hyndburn,St Andrew's,1,hyndburn,st andrew s,TBC,TBC,E05005219,531.0,Labour,2024.0
Hyndburn,St Oswald's,1,hyndburn,st oswald s,TBC,TBC,E05005220,532.0,Conservative,2024.0
Ipswich,Alexandra,1,ipswich,alexandra,LAB,Labour,E05007117,717.0,Labour,2024.0
Ipswich,Bixley,1,ipswich,bixley,LAB,Labour,E05007118,718.0,Conservative,2024.0
Ipswich,Bridge,1,ipswich,bridge,LAB,Labour,E05007119,719.0,Labour,2024.0
Ipswich,Castle Hill,1,ipswich,castle hill,LAB,Labour,E05007120,720.0,Conservative,2024.0
Ipswich,Gainsborough,1,ipswich,gainsborough,LAB,Labour,E05007121,721.0,Labour,2024.0
Ipswich,Gipping,1,ipswich,gipping,LAB,Labour,E05007122,722.0,Labour,2024.0
Ipswich,Holywells,1,ipswich,holywells,LAB,Labour,E05007123,723.0,Labour,2024.0
Ipswich,Priory Heath,1,ipswich,priory heath,LAB,Labour,E05007124,724.0,Labour,2024.0
Ipswich,Rushmere,1,ipswich,rushmere,LAB,Labour,E05007125,725.0,Labour,2024.0
Ipswich,Sprites,1,ipswich,sprites,LAB,Labour,E05007128,728.0,Labour,2024.0
Ipswich,St John's,1,ipswich,st john s,LAB,Labour,E05007126,726.0,Labour,2024.0
Ipswich,St Margaret's,1,ipswich,st margaret s,LAB,Labour,E05007127,727.0,Liberal Democrat,2024.0
Ipswich,Stoke Park,1,ipswich,stoke park,LAB,Labour,E05007129,729.0,Labour,2024.0
Ipswich,Westgate,1,ipswich,westgate,LAB,Labour,E05007130,730.0,Labour,2024.0
Ipswich,Whitehouse,1,ipswich,whitehouse,LAB,Labour,E05007131,731.0,Labour,2024.0
Ipswich,Whitton,1,ipswich,whitton,LAB,Labour,E05007132,732.0,Labour,2024.0
Isle of Wight,Bembridge,1,isle of wight,bembridge,IND/GRN,Coalition,E05013359,3961.0,Conservative,2021.0
Isle of Wight,Binstead and Fishbourne,1,isle of wight,binstead and fishbourne,IND/GRN,Coalition,E05013360,3962.0,Independent,2021.0
Isle of Wight,Brading and St Helens,1,isle of wight,brading and st helens,IND/GRN,Coalition,E05013361,3963.0,Conservative,2021.0
Isle of Wight,"Brighstone, Calbourne and Shalfleet",1,isle of wight,brighstone calbourne and shalfleet,IND/GRN,Coalition,E05013362,3964.0,Conservative,2021.0
Isle of Wight,Carisbrooke and Gunville,1,isle of wight,carisbrooke and gunville,IND/GRN,Coalition,E05013363,3965.0,Green,2021.0
Isle of Wight,Central Rural,1,isle of wight,central rural,IND/GRN,Coalition,E05013364,3966.0,Conservative,2021.0
Isle of Wight,"Chale, Niton and Shorwell",1,isle of wight,chale niton and shorwell,IND/GRN,Coalition,E05013365,3967.0,Green,2021.0
Isle of Wight,Cowes Medina,1,isle of wight,cowes medina,IND/GRN,Coalition,E05013366,3968.0,Independent,2021.0
Isle of Wight,Cowes North,1,isle of wight,cowes north,IND/GRN,Coalition,E05013367,3969.0,Labour,2021.0
Isle of Wight,Cowes South and Northwood,1,isle of wight,cowes south and northwood,IND/GRN,Coalition,E05013368,3970.0,Conservative,2021.0
Isle of Wight,Cowes West and Gurnard,1,isle of wight,cowes west and gurnard,IND/GRN,Coalition,E05013369,3971.0,Independent,2021.0
Isle of Wight,East Cowes,1,isle of wight,east cowes,IND/GRN,Coalition,E05013370,3972.0,Independent,2021.0
Isle of Wight,Fairlee and Whippingham,1,isle of wight,fairlee and whippingham,IND/GRN,Coalition,E05013371,3973.0,Conservative,2021.0
Isle of Wight,Freshwater North and Yarmouth,1,isle of wight,freshwater north and yarmouth,IND/GRN,Coalition,E05013372,3974.0,Conservative,2021.0
Isle of Wight,Freshwater South,1,isle of wight,freshwater south,IND/GRN,Coalition,E05013373,3975.0,Independent,2021.0
Isle of Wight,Haylands and Swanmore,1,isle of wight,haylands and swanmore,IND/GRN,Coalition,E05013374,3976.0,Conservative,2021.0
Isle of Wight,Lake North,1,isle of wight,lake north,IND/GRN,Coalition,E05013375,3977.0,Conservative,2021.0
Isle of Wight,Lake South,1,isle of wight,lake south,IND/GRN,Coalition,E05013376,3978.0,Conservative,2021.0
Isle of Wight,Mountjoy and Shide,1,isle of wight,mountjoy and shide,IND/GRN,Coalition,E05013377,3979.0,Conservative,2021.0
Isle of Wight,Nettlestone and Seaview,1,isle of wight,nettlestone and seaview,IND/GRN,Coalition,E05013378,3980.0,Independent,2021.0
Isle of Wight,"Newchurch, Havenstreet and Ashey",1,isle of wight,newchurch havenstreet and ashey,IND/GRN,Coalition,E05013379,3981.0,Conservative,2021.0
Isle of Wight,Newport Central,1,isle of wight,newport central,IND/GRN,Coalition,E05013380,3982.0,Independent,2021.0
Isle of Wight,Newport West,1,isle of wight,newport west,IND/GRN,Coalition,E05013381,3983.0,Conservative,2021.0
Isle of Wight,Osborne,1,isle of wight,osborne,IND/GRN,Coalition,E05013382,3984.0,Conservative,2021.0
Isle of Wight,Pan and Barton,1,isle of wight,pan and barton,IND/GRN,Coalition,E05013383,3985.0,Independent,2021.0
Isle of Wight,Parkhurst and Hunnyhill,1,isle of wight,parkhurst and hunnyhill,IND/GRN,Coalition,E05013384,3986.0,Liberal Democrat,2021.0
Isle of Wight,Ryde Appley and Elmfield,1,isle of wight,ryde appley and elmfield,IND/GRN,Coalition,E05013385,3987.0,Other,2021.0
Isle of Wight,Ryde Monktonmead,1,isle of wight,ryde monktonmead,IND/GRN,Coalition,E05013386,3988.0,Conservative,2021.0
Isle of Wight,Ryde North West,1,isle of wight,ryde north west,IND/GRN,Coalition,E05013387,3989.0,Other,2021.0
Isle of Wight,Ryde South East,1,isle of wight,ryde south east,IND/GRN,Coalition,E05013388,3990.0,Conservative,2021.0
Isle of Wight,Ryde West,1,isle of wight,ryde west,IND/GRN,Coalition,E05013389,3991.0,Conservative,2021.0
Isle of Wight,Sandown North,1,isle of wight,sandown north,IND/GRN,Coalition,E05013390,3992.0,Independent,2021.0
Isle of Wight,Sandown South,1,isle of wight,sandown south,IND/GRN,Coalition,E05013391,3993.0,Conservative,2021.0
Isle of Wight,Shanklin Central,1,isle of wight,shanklin central,IND/GRN,Coalition,E05013392,3994.0,Conservative,2021.0
Isle of Wight,Shanklin South,1,isle of wight,shanklin south,IND/GRN,Coalition,E05013393,3995.0,Conservative,2021.0
Isle of Wight,Totland and Colwell,1,isle of wight,totland and colwell,IND/GRN,Coalition,E05013394,3996.0,Independent,2021.0
Isle of Wight,Ventnor and St Lawrence,1,isle of wight,ventnor and st lawrence,IND/GRN,Coalition,E05013395,3997.0,Conservative,2021.0
Isle of Wight,Wootton Bridge,1,isle of wight,wootton bridge,IND/GRN,Coalition,E05013396,3998.0,Conservative,2021.0
Isle of Wight,"Wroxall, Lowtherville and Bonchurch",1,isle of wight,wroxall lowtherville and bonchurch,IND/GRN,Coalition,E05013397,3999.0,Independent,2021.0
Islington,Arsenal,3,islington,arsenal,LAB,Labour,E05013697,4271.0,Labour,2022.0
Islington,Barnsbury,3,islington,barnsbury,LAB,Labour,E05013698,4272.0,Labour,2022.0
Islington,Bunhill,3,islington,bunhill,LAB,Labour,E05013699,4273.0,Labour,2022.0
Islington,Caledonian,3,islington,caledonian,LAB,Labour,E05013700,4274.0,Labour,2022.0
Islington,Canonbury,3,islington,canonbury,LAB,Labour,E05013701,4275.0,Labour,2022.0
Islington,Clerkenwell,3,islington,clerkenwell,LAB,Labour,E05013702,4276.0,Labour,2022.0
Islington,Finsbury Park,3,islington,finsbury park,LAB,Labour,E05013703,4277.0,Labour,2022.0
Islington,Highbury,3,islington,highbury,LAB,Labour,E05013704,4278.0,Green,2022.0
Islington,Hillrise,3,islington,hillrise,LAB,Labour,E05013705,4279.0,Labour,2022.0
Islington,Holloway,3,islington,holloway,LAB,Labour,E05013706,4280.0,Labour,2022.0
Islington,Junction,3,islington,junction,LAB,Labour,E05013707,4281.0,Labour,2022.0
Islington,Laycock,3,islington,laycock,LAB,Labour,E05013708,4282.0,Labour,2022.0
Islington,Mildmay,3,islington,mildmay,LAB,Labour,E05013709,4283.0,Labour,2022.0
Islington,St Mary's and St James',3,islington,st mary s and st james,LAB,Labour,E05013710,4284.0,Labour,2022.0
Islington,St Peter's and Canalside,3,islington,st peter s and canalside,LAB,Labour,E05013711,4285.0,Labour,2022.0
Islington,Tollington,3,islington,tollington,LAB,Labour,E05013712,4286.0,Labour,2022.0
Islington,Tufnell Park,3,islington,tufnell park,LAB,Labour,E05013713,4287.0,Labour,2022.0
Kensington and Chelsea,Abingdon,3,kensington and chelsea,abingdon,CON,Conservative,E05009388,996.0,Conservative,2022.0
Kensington and Chelsea,Brompton and Hans Town,3,kensington and chelsea,brompton and hans town,CON,Conservative,E05009389,997.0,Conservative,2022.0
Kensington and Chelsea,Campden,3,kensington and chelsea,campden,CON,Conservative,E05009390,998.0,Conservative,2022.0
Kensington and Chelsea,Chelsea Riverside,3,kensington and chelsea,chelsea riverside,CON,Conservative,E05009391,999.0,Conservative,2022.0
Kensington and Chelsea,Colville,3,kensington and chelsea,colville,CON,Conservative,E05009392,1000.0,Labour,2022.0
Kensington and Chelsea,Courtfield,3,kensington and chelsea,courtfield,CON,Conservative,E05009393,1001.0,Conservative,2022.0
Kensington and Chelsea,Dalgarno,2,kensington and chelsea,dalgarno,CON,Conservative,E05009394,1002.0,Labour,2022.0
Kensington and Chelsea,Earl's Court,3,kensington and chelsea,earl s court,CON,Conservative,E05009395,1003.0,Liberal Democrat,2022.0
Kensington and Chelsea,Golborne,3,kensington and chelsea,golborne,CON,Conservative,E05009396,1004.0,Labour,2022.0
Kensington and Chelsea,Holland,3,kensington and chelsea,holland,CON,Conservative,E05009397,1005.0,Conservative,2022.0
Kensington and Chelsea,Norland,2,kensington and chelsea,norland,CON,Conservative,E05009398,1006.0,Conservative,2022.0
Kensington and Chelsea,Notting Dale,3,kensington and chelsea,notting dale,CON,Conservative,E05009399,1007.0,Labour,2022.0
Kensington and Chelsea,Pembridge,2,kensington and chelsea,pembridge,CON,Conservative,E05009400,1008.0,Conservative,2022.0
Kensington and Chelsea,Queen's Gate,3,kensington and chelsea,queen s gate,CON,Conservative,E05009401,1009.0,Conservative,2022.0
Kensington and Chelsea,Redcliffe,3,kensington and chelsea,redcliffe,CON,Conservative,E05009402,1010.0,Conservative,2022.0
Kensington and Chelsea,Royal Hospital,3,kensington and chelsea,royal hospital,CON,Conservative,E05009403,1011.0,Conservative,2022.0
Kensington and Chelsea,Stanley,3,kensington and chelsea,stanley,CON,Conservative,E05009405,1013.0,Conservative,2022.0
Kensington and Chelsea,St Helen's,2,kensington and chelsea,st helen s,CON,Conservative,E05009404,1012.0,Labour,2022.0
Kingston upon Hull,Avenue,1,kingston upon hull,avenue,TBC,TBC,E05011525,2514.0,Labour,2024.0
Kingston upon Hull,Beverley and Newland,1,kingston upon hull,beverley and newland,TBC,TBC,E05011526,2515.0,Liberal Democrat,2024.0
Kingston upon Hull,Boothferry,1,kingston upon hull,boothferry,TBC,TBC,E05011527,2516.0,Liberal Democrat,2024.0
Kingston upon Hull,Bricknell,1,kingston upon hull,bricknell,TBC,TBC,E05011528,2517.0,Labour,2024.0
Kingston upon Hull,Central,1,kingston upon hull,central,TBC,TBC,E05011529,2518.0,Labour,2022.0
Kingston upon Hull,Derringham,1,kingston upon hull,derringham,TBC,TBC,E05011530,2519.0,Labour,2024.0
Kingston upon Hull,Drypool,1,kingston upon hull,drypool,TBC,TBC,E05011531,2520.0,Liberal Democrat,2024.0
Kingston upon Hull,Holderness,1,kingston upon hull,holderness,TBC,TBC,E05011532,2521.0,Liberal Democrat,2024.0
Kingston upon Hull,Longhill and Bilton Grange,1,kingston upon hull,longhill and bilton grange,TBC,TBC,E05011535,2524.0,Liberal Democrat,2024.0
Kingston upon Hull,Marfleet,1,kingston upon hull,marfleet,TBC,TBC,E05011536,2525.0,Labour,2024.0
Kingston upon Hull,Newington and Gipsyville,1,kingston upon hull,newington and gipsyville,TBC,TBC,E05011537,2526.0,Labour,2024.0
Kingston upon Hull,North Carr,1,kingston upon hull,north carr,TBC,TBC,E05011538,2527.0,Labour,2024.0
Kingston upon Hull,Orchard Park,1,kingston upon hull,orchard park,TBC,TBC,E05011539,2528.0,Labour,2024.0
Kingston upon Hull,Pickering,1,kingston upon hull,pickering,TBC,TBC,E05011540,2529.0,Liberal Democrat,2022.0
Kingston upon Hull,Southcoates,1,kingston upon hull,southcoates,TBC,TBC,E05011542,2531.0,Labour,2024.0
Kingston upon Hull,St Andrew's and Docklands,1,kingston upon hull,st andrew s and docklands,TBC,TBC,E05011541,2530.0,Labour,2024.0
Kingston upon Hull,Sutton,1,kingston upon hull,sutton,TBC,TBC,E05011543,2532.0,Liberal Democrat,2024.0
Kingston upon Hull,University,1,kingston upon hull,university,TBC,TBC,E05011544,2533.0,Liberal Democrat,2024.0
Kingston upon Hull,West Carr,1,kingston upon hull,west carr,TBC,TBC,E05011545,2534.0,Liberal Democrat,2024.0
Kingston upon Thames,Alexandra,2,kingston upon thames,alexandra,LD,Liberal Democrat,E05013928,4500.0,Liberal Democrat,2022.0
Kingston upon Thames,Berrylands,2,kingston upon thames,berrylands,LD,Liberal Democrat,E05013929,4501.0,Liberal Democrat,2022.0
Kingston upon Thames,Canbury Gardens,2,kingston upon thames,canbury gardens,LD,Liberal Democrat,E05013930,4502.0,Liberal Democrat,2022.0
Kingston upon Thames,Chessington South and Malden Rushett,3,kingston upon thames,chessington south and malden rushett,LD,Liberal Democrat,E05013931,4503.0,Liberal Democrat,2022.0
Kingston upon Thames,Coombe Hill,2,kingston upon thames,coombe hill,LD,Liberal Democrat,E05013932,4504.0,Conservative,2022.0
Kingston upon Thames,Coombe Vale,3,kingston upon thames,coombe vale,LD,Liberal Democrat,E05013933,4505.0,Liberal Democrat,2022.0
Kingston upon Thames,Green Lane and St James,2,kingston upon thames,green lane and st james,LD,Liberal Democrat,E05013934,4506.0,Liberal Democrat,2022.0
Kingston upon Thames,Hook and Chessington North,3,kingston upon thames,hook and chessington north,LD,Liberal Democrat,E05013935,4507.0,Liberal Democrat,2022.0
Kingston upon Thames,King George's and Sunray,2,kingston upon thames,king george s and sunray,LD,Liberal Democrat,E05013936,4508.0,Liberal Democrat,2022.0
Kingston upon Thames,Kingston Gate,3,kingston upon thames,kingston gate,LD,Liberal Democrat,E05013937,4509.0,Liberal Democrat,2022.0
Kingston upon Thames,Kingston Town,3,kingston upon thames,kingston town,LD,Liberal Democrat,E05013938,4510.0,Liberal Democrat,2022.0
Kingston upon Thames,Motspur Park and Old Malden East,2,kingston upon thames,motspur park and old malden east,LD,Liberal Democrat,E05013939,4511.0,Liberal Democrat,2022.0
Kingston upon Thames,New Malden Village,3,kingston upon thames,new malden village,LD,Liberal Democrat,E05013940,4512.0,Liberal Democrat,2022.0
Kingston upon Thames,Norbiton,3,kingston upon thames,norbiton,LD,Liberal Democrat,E05013941,4513.0,Liberal Democrat,2022.0
Kingston upon Thames,Old Malden,2,kingston upon thames,old malden,LD,Liberal Democrat,E05013942,4514.0,Liberal Democrat,2022.0
Kingston upon Thames,St Mark's and Seething Wells,3,kingston upon thames,st mark s and seething wells,LD,Liberal Democrat,E05013943,4515.0,Liberal Democrat,2022.0
Kingston upon Thames,Surbiton Hill,3,kingston upon thames,surbiton hill,LD,Liberal Democrat,E05013944,4516.0,Liberal Democrat,2022.0
Kingston upon Thames,Tolworth,3,kingston upon thames,tolworth,LD,Liberal Democrat,E05013945,4517.0,Liberal Democrat,2022.0
Kingston upon Thames,Tudor,2,kingston upon thames,tudor,LD,Liberal Democrat,E05013946,4518.0,Liberal Democrat,2022.0
Kirklees,Almondbury,3,kirklees,almondbury,LAB min,Labour,E05008558,790.0,Liberal Democrat,2024.0
Kirklees,Ashbrow,3,kirklees,ashbrow,LAB min,Labour,E05001389,254.0,Labour,2024.0
Kirklees,Batley East,3,kirklees,batley east,LAB min,Labour,E05001390,255.0,Independent,2024.0
Kirklees,Batley West,3,kirklees,batley west,LAB min,Labour,E05001391,256.0,Independent,2024.0
Kirklees,Birstall and Birkenshaw,3,kirklees,birstall and birkenshaw,LAB min,Labour,E05001392,257.0,Conservative,2024.0
Kirklees,Cleckheaton,3,kirklees,cleckheaton,LAB min,Labour,E05001393,258.0,Liberal Democrat,2024.0
Kirklees,Dalton,3,kirklees,dalton,LAB min,Labour,E05001396,259.0,Labour,2024.0
Kirklees,Denby Dale,3,kirklees,denby dale,LAB min,Labour,E05001397,260.0,Conservative,2024.0
Kirklees,Dewsbury East,3,kirklees,dewsbury east,LAB min,Labour,E05001398,261.0,Labour,2024.0
Kirklees,Dewsbury South,3,kirklees,dewsbury south,LAB min,Labour,E05001399,262.0,Independent,2024.0
Kirklees,Dewsbury West,3,kirklees,dewsbury west,LAB min,Labour,E05001400,263.0,Independent,2024.0
Kirklees,Greenhead,3,kirklees,greenhead,LAB min,Labour,E05001402,265.0,Labour,2024.0
Kirklees,Heckmondwike,3,kirklees,heckmondwike,LAB min,Labour,E05001403,266.0,Independent,2024.0
Kirklees,Holme Valley North,3,kirklees,holme valley north,LAB min,Labour,E05008561,793.0,Independent,2024.0
Kirklees,Holme Valley South,3,kirklees,holme valley south,LAB min,Labour,E05001405,267.0,Labour,2024.0
Kirklees,Kirkburton,3,kirklees,kirkburton,LAB min,Labour,E05008562,794.0,Conservative,2024.0
Kirklees,Lindley,3,kirklees,lindley,LAB min,Labour,E05001407,268.0,Liberal Democrat,2024.0
Kirklees,Liversedge and Gomersal,3,kirklees,liversedge and gomersal,LAB min,Labour,E05001408,269.0,Conservative,2024.0
Kirklees,Mirfield,3,kirklees,mirfield,LAB min,Labour,E05001409,270.0,Conservative,2024.0
Knowsley,Cherryfield,1,knowsley,cherryfield,LAB,Labour,E05010935,2010.0,Labour,2024.0
Knowsley,Halewood North,1,knowsley,halewood north,LAB,Labour,E05010936,2011.0,Labour,2024.0
Knowsley,Halewood South,1,knowsley,halewood south,LAB,Labour,E05010937,2012.0,Labour,2024.0
Knowsley,Northwood,1,knowsley,northwood,LAB,Labour,E05010938,2013.0,Labour,2024.0
Knowsley,Page Moss,1,knowsley,page moss,LAB,Labour,E05010939,2014.0,Labour,2024.0
Knowsley,Prescot North,1,knowsley,prescot north,LAB,Labour,E05010940,2015.0,Liberal Democrat,2024.0
Knowsley,Prescot South,1,knowsley,prescot south,LAB,Labour,E05010941,2016.0,Green,2024.0
Knowsley,Roby,2,knowsley,roby,LAB,Labour,E05010942,2017.0,Labour,2024.0
Knowsley,Shevington,1,knowsley,shevington,LAB,Labour,E05010943,2018.0,Labour,2024.0
Knowsley,St Gabriels,1,knowsley,st gabriels,LAB,Labour,E05010944,2019.0,Labour,2024.0
Knowsley,St Michaels,1,knowsley,st michaels,LAB,Labour,E05010945,2020.0,Labour,2024.0
Knowsley,Stockbridge,1,knowsley,stockbridge,LAB,Labour,E05010946,2021.0,Labour,2024.0
Knowsley,Swanside,1,knowsley,swanside,LAB,Labour,E05010947,2022.0,Labour,2024.0
Knowsley,Whiston and Cronton,1,knowsley,whiston and cronton,LAB,Labour,E05010948,2023.0,Labour,2024.0
Knowsley,Whitefield,1,knowsley,whitefield,LAB,Labour,E05010949,2024.0,Independent,2024.0
Lambeth,Brixton Acre Lane,3,lambeth,brixton acre lane,TBC,TBC,E05014095,4665.0,Labour,2022.0
Lambeth,Brixton North,3,lambeth,brixton north,TBC,TBC,E05014096,4666.0,Labour,2022.0
Lambeth,Brixton Rush Common,3,lambeth,brixton rush common,TBC,TBC,E05014097,4667.0,Labour,2022.0
Lambeth,Brixton Windrush,2,lambeth,brixton windrush,TBC,TBC,E05014098,4668.0,Labour,2022.0
Lambeth,Clapham Common and Abbeville,2,lambeth,clapham common and abbeville,TBC,TBC,E05014099,4669.0,Liberal Democrat,2022.0
Lambeth,Clapham East,2,lambeth,clapham east,TBC,TBC,E05014100,4670.0,Labour,2022.0
Lambeth,Clapham Park,3,lambeth,clapham park,TBC,TBC,E05014101,4671.0,Labour,2022.0
Lambeth,Clapham Town,3,lambeth,clapham town,TBC,TBC,E05014102,4672.0,Labour,2022.0
Lambeth,Gipsy Hill,2,lambeth,gipsy hill,TBC,TBC,E05014103,4673.0,Labour,2022.0
Lambeth,Herne Hill and Loughborough Junction,3,lambeth,herne hill and loughborough junction,TBC,TBC,E05014104,4674.0,Labour,2022.0
Lambeth,Kennington,3,lambeth,kennington,TBC,TBC,E05014105,4675.0,Labour,2022.0
Lambeth,Knight's Hill,3,lambeth,knight s hill,TBC,TBC,E05014106,4676.0,Labour,2022.0
Lambeth,Myatt's Fields,2,lambeth,myatt s fields,TBC,TBC,E05014107,4677.0,Labour,2022.0
Lambeth,Oval,3,lambeth,oval,TBC,TBC,E05014108,4678.0,Labour,2022.0
Lambeth,St Martin's,2,lambeth,st martin s,TBC,TBC,E05014109,4679.0,Labour,2022.0
Lambeth,Stockwell East,2,lambeth,stockwell east,TBC,TBC,E05014110,4680.0,Labour,2022.0
Lambeth,Stockwell West and Larkhall,3,lambeth,stockwell west and larkhall,TBC,TBC,E05014111,4681.0,Labour,2022.0
Lambeth,Streatham Common and Vale,3,lambeth,streatham common and vale,TBC,TBC,E05014112,4682.0,Labour,2022.0
Lambeth,Streatham Hill East,2,lambeth,streatham hill east,TBC,TBC,E05014113,4683.0,Labour,2022.0
Lambeth,Streatham Hill West and Thornton,2,lambeth,streatham hill west and thornton,TBC,TBC,E05014114,4684.0,Liberal Democrat,2022.0
Lambeth,Streatham St Leonard's,3,lambeth,streatham st leonard s,TBC,TBC,E05014115,4685.0,Green,2022.0
Lambeth,Streatham Wells,2,lambeth,streatham wells,TBC,TBC,E05014116,4686.0,Labour,2022.0
Lambeth,Vauxhall,3,lambeth,vauxhall,TBC,TBC,E05014117,4687.0,Labour,2022.0
Lambeth,Waterloo and South Bank,2,lambeth,waterloo and south bank,TBC,TBC,E05014118,4688.0,Labour,2022.0
Lambeth,West Dulwich,2,lambeth,west dulwich,TBC,TBC,E05014119,4689.0,Labour,2022.0
Leeds,Adel and Wharfedale,2,leeds,adel and wharfedale,TBC,TBC,E05012841,3617.0,Conservative,2024.0
Leeds,Alwoodley,1,leeds,alwoodley,TBC,TBC,E05012842,3618.0,Conservative,2024.0
Leeds,Ardsley and Robin Hood,1,leeds,ardsley and robin hood,TBC,TBC,E05011384,2397.0,Labour,2024.0
Leeds,Armley,1,leeds,armley,TBC,TBC,E05011385,2398.0,Green,2024.0
Leeds,Beeston and Holbeck,1,leeds,beeston and holbeck,TBC,TBC,E05012647,3472.0,Labour,2024.0
Leeds,Bramley and Stanningley,1,leeds,bramley and stanningley,TBC,TBC,E05011387,2399.0,Labour,2024.0
Leeds,Burmantofts and Richmond Hill,1,leeds,burmantofts and richmond hill,TBC,TBC,E05011388,2400.0,Labour,2024.0
Leeds,Calverley and Farsley,1,leeds,calverley and farsley,TBC,TBC,E05011389,2401.0,Labour,2024.0
Leeds,Chapel Allerton,1,leeds,chapel allerton,TBC,TBC,E05011390,2402.0,Labour,2024.0
Leeds,Cross Gates and Whinmoor,1,leeds,cross gates and whinmoor,TBC,TBC,E05011391,2403.0,Labour,2024.0
Leeds,Farnley and Wortley,1,leeds,farnley and wortley,TBC,TBC,E05012648,3473.0,Labour,2024.0
Leeds,Garforth and Swillington,1,leeds,garforth and swillington,TBC,TBC,E05013830,4404.0,Other,2024.0
Leeds,Gipton and Harehills,1,leeds,gipton and harehills,TBC,TBC,E05011394,2404.0,Green,2024.0
Leeds,Guiseley and Rawdon,1,leeds,guiseley and rawdon,TBC,TBC,E05011395,2405.0,Labour,2024.0
Leeds,Harewood,1,leeds,harewood,TBC,TBC,E05011396,2406.0,Conservative,2024.0
Leeds,Headingley and Hyde Park,1,leeds,headingley and hyde park,TBC,TBC,E05011397,2407.0,Green,2024.0
Leeds,Horsforth,1,leeds,horsforth,TBC,TBC,E05011547,2535.0,Labour,2024.0
Leeds,Hunslet and Riverside,1,leeds,hunslet and riverside,TBC,TBC,E05011399,2408.0,Labour,2024.0
Leeds,Killingbeck and Seacroft,1,leeds,killingbeck and seacroft,TBC,TBC,E05011400,2409.0,Labour,2024.0
Leeds,Kippax and Methley,1,leeds,kippax and methley,TBC,TBC,E05011401,2410.0,Labour,2024.0
Leeds,Kirkstall,1,leeds,kirkstall,TBC,TBC,E05011402,2411.0,Labour,2024.0
Leeds,Little London and Woodhouse,1,leeds,little london and woodhouse,TBC,TBC,E05011403,2412.0,Labour,2024.0
Leeds,Middleton Park,1,leeds,middleton park,TBC,TBC,E05011404,2413.0,Other,2024.0
Leeds,Moortown,1,leeds,moortown,TBC,TBC,E05011405,2414.0,Labour,2024.0
Leeds,Morley North,2,leeds,morley north,TBC,TBC,E05011406,2415.0,Other,2024.0
Leeds,Morley South,1,leeds,morley south,TBC,TBC,E05011407,2416.0,Other,2024.0
Leeds,Otley and Yeadon,1,leeds,otley and yeadon,TBC,TBC,E05011549,2536.0,Liberal Democrat,2024.0
Leeds,Pudsey,1,leeds,pudsey,TBC,TBC,E05011409,2417.0,Conservative,2024.0
Leeds,Rothwell,1,leeds,rothwell,TBC,TBC,E05011410,2418.0,Liberal Democrat,2024.0
Leeds,Roundhay,1,leeds,roundhay,TBC,TBC,E05011411,2419.0,Labour,2024.0
Leeds,Temple Newsam,2,leeds,temple newsam,TBC,TBC,E05013831,4405.0,Labour,2024.0
Leeds,Weetwood,1,leeds,weetwood,TBC,TBC,E05011413,2420.0,Labour,2024.0
Leeds,Wetherby,1,leeds,wetherby,TBC,TBC,E05011414,2421.0,Conservative,2024.0
Lewisham,Bellingham,2,lewisham,bellingham,GRN Mayor,Green,E05013714,4288.0,Labour,2022.0
Lewisham,Blackheath,3,lewisham,blackheath,GRN Mayor,Green,E05013715,4289.0,Labour,2022.0
Lewisham,Brockley,3,lewisham,brockley,GRN Mayor,Green,E05013716,4290.0,Labour,2022.0
Lewisham,Catford South,3,lewisham,catford south,GRN Mayor,Green,E05013717,4291.0,Labour,2022.0
Lewisham,Crofton Park,3,lewisham,crofton park,GRN Mayor,Green,E05013718,4292.0,Labour,2022.0
Lewisham,Deptford,3,lewisham,deptford,GRN Mayor,Green,E05013719,4293.0,Labour,2022.0
Lewisham,Downham,3,lewisham,downham,GRN Mayor,Green,E05013720,4294.0,Labour,2022.0
Lewisham,Evelyn,3,lewisham,evelyn,GRN Mayor,Green,E05013721,4295.0,Labour,2022.0
Lewisham,Forest Hill,3,lewisham,forest hill,GRN Mayor,Green,E05013722,4296.0,Labour,2022.0
Lewisham,Grove Park,3,lewisham,grove park,GRN Mayor,Green,E05013723,4297.0,Labour,2022.0
Lewisham,Hither Green,3,lewisham,hither green,GRN Mayor,Green,E05013724,4298.0,Labour,2022.0
Lewisham,Ladywell,3,lewisham,ladywell,GRN Mayor,Green,E05013725,4299.0,Labour,2022.0
Lewisham,Lee Green,3,lewisham,lee green,GRN Mayor,Green,E05013726,4300.0,Labour,2022.0
Lewisham,Lewisham Central,2,lewisham,lewisham central,GRN Mayor,Green,E05013727,4301.0,Labour,2022.0
Lewisham,New Cross Gate,2,lewisham,new cross gate,GRN Mayor,Green,E05013728,4302.0,Labour,2022.0
Lewisham,Perry Vale,3,lewisham,perry vale,GRN Mayor,Green,E05013729,4303.0,Labour,2022.0
Lewisham,Rushey Green,3,lewisham,rushey green,GRN Mayor,Green,E05013730,4304.0,Labour,2022.0
Lewisham,Sydenham,3,lewisham,sydenham,GRN Mayor,Green,E05013731,4305.0,Labour,2022.0
Lewisham,Telegraph Hill,3,lewisham,telegraph hill,GRN Mayor,Green,E05013732,4306.0,Labour,2022.0
Manchester,Ancoats and Beswick,1,manchester,ancoats and beswick,LAB,Labour,E05011350,2365.0,Liberal Democrat,2024.0
Manchester,Ardwick,1,manchester,ardwick,LAB,Labour,E05011351,2366.0,Labour,2024.0
Manchester,Baguley,1,manchester,baguley,LAB,Labour,E05011352,2367.0,Labour,2024.0
Manchester,Brooklands,1,manchester,brooklands,LAB,Labour,E05011353,2368.0,Labour,2024.0
Manchester,Burnage,1,manchester,burnage,LAB,Labour,E05011354,2369.0,Labour,2024.0
Manchester,Charlestown,1,manchester,charlestown,LAB,Labour,E05011355,2370.0,Labour,2024.0
Manchester,Cheetham,1,manchester,cheetham,LAB,Labour,E05011356,2371.0,Labour,2024.0
Manchester,Chorlton,1,manchester,chorlton,LAB,Labour,E05011357,2372.0,Labour,2024.0
Manchester,Chorlton Park,1,manchester,chorlton park,LAB,Labour,E05011358,2373.0,Labour,2024.0
Manchester,Clayton and Openshaw,1,manchester,clayton and openshaw,LAB,Labour,E05011359,2374.0,Labour,2024.0
Manchester,Crumpsall,1,manchester,crumpsall,LAB,Labour,E05011360,2375.0,Labour,2024.0
Manchester,Deansgate,1,manchester,deansgate,LAB,Labour,E05011361,2376.0,Labour,2024.0
Manchester,Didsbury East,1,manchester,didsbury east,LAB,Labour,E05011362,2377.0,Labour,2024.0
Manchester,Didsbury West,1,manchester,didsbury west,LAB,Labour,E05011363,2378.0,Labour,2024.0
Manchester,Fallowfield,1,manchester,fallowfield,LAB,Labour,E05011364,2379.0,Labour,2024.0
Manchester,Gorton and Abbey Hey,1,manchester,gorton and abbey hey,LAB,Labour,E05011365,2380.0,Labour,2024.0
Manchester,Harpurhey,1,manchester,harpurhey,LAB,Labour,E05011366,2381.0,Labour,2024.0
Manchester,Higher Blackley,1,manchester,higher blackley,LAB,Labour,E05011367,2382.0,Labour,2024.0
Manchester,Hulme,1,manchester,hulme,LAB,Labour,E05011368,2383.0,Labour,2024.0
Manchester,Levenshulme,1,manchester,levenshulme,LAB,Labour,E05011369,2384.0,Labour,2024.0
Manchester,Longsight,1,manchester,longsight,LAB,Labour,E05011370,2385.0,Other,2024.0
Manchester,Miles Platting and Newton Heath,1,manchester,miles platting and newton heath,LAB,Labour,E05011371,2386.0,Labour,2024.0
Manchester,Moss Side,1,manchester,moss side,LAB,Labour,E05011372,2387.0,Labour,2024.0
Manchester,Moston,1,manchester,moston,LAB,Labour,E05011373,2388.0,Labour,2024.0
Manchester,Northenden,1,manchester,northenden,LAB,Labour,E05011374,2389.0,Labour,2024.0
Manchester,Old Moat,1,manchester,old moat,LAB,Labour,E05011375,2390.0,Labour,2024.0
Manchester,Piccadilly,1,manchester,piccadilly,LAB,Labour,E05011376,2391.0,Labour,2024.0
Manchester,Rusholme,1,manchester,rusholme,LAB,Labour,E05011377,2392.0,Labour,2024.0
Manchester,Sharston,1,manchester,sharston,LAB,Labour,E05011378,2393.0,Labour,2024.0
Manchester,Whalley Range,1,manchester,whalley range,LAB,Labour,E05011379,2394.0,Labour,2024.0
Manchester,Withington,1,manchester,withington,LAB,Labour,E05011380,2395.0,Labour,2024.0
Manchester,Woodhouse Park,1,manchester,woodhouse park,LAB,Labour,E05011381,2396.0,Green,2024.0
Merton,Abbey,3,merton,abbey,LAB,Labour,E05013810,4384.0,Liberal Democrat,2022.0
Merton,Cannon Hill,3,merton,cannon hill,LAB,Labour,E05013811,4385.0,Liberal Democrat,2022.0
Merton,Colliers Wood,3,merton,colliers wood,LAB,Labour,E05013812,4386.0,Labour,2022.0
Merton,Cricket Green,3,merton,cricket green,LAB,Labour,E05013813,4387.0,Labour,2022.0
Merton,Figge's Marsh,3,merton,figge s marsh,LAB,Labour,E05013814,4388.0,Labour,2022.0
Merton,Graveney,3,merton,graveney,LAB,Labour,E05013815,4389.0,Labour,2022.0
Merton,Hillside,2,merton,hillside,LAB,Labour,E05013816,4390.0,Liberal Democrat,2022.0
Merton,Lavender Fields,3,merton,lavender fields,LAB,Labour,E05013817,4391.0,Labour,2022.0
Merton,Longthornton,3,merton,longthornton,LAB,Labour,E05013818,4392.0,Labour,2022.0
Merton,Lower Morden,3,merton,lower morden,LAB,Labour,E05013819,4393.0,Labour,2022.0
Merton,Merton Park,2,merton,merton park,LAB,Labour,E05013820,4394.0,Other,2022.0
Merton,Pollards Hill,3,merton,pollards hill,LAB,Labour,E05013821,4395.0,Labour,2022.0
Merton,Ravensbury,3,merton,ravensbury,LAB,Labour,E05013822,4396.0,Labour,2022.0
Merton,Raynes Park,3,merton,raynes park,LAB,Labour,E05013823,4397.0,Liberal Democrat,2022.0
Merton,St Helier,3,merton,st helier,LAB,Labour,E05013824,4398.0,Labour,2022.0
Merton,Village,3,merton,village,LAB,Labour,E05013825,4399.0,Conservative,2022.0
Merton,Wandle,2,merton,wandle,LAB,Labour,E05013826,4400.0,Liberal Democrat,2022.0
Merton,West Barnes,3,merton,west barnes,LAB,Labour,E05013827,4401.0,Liberal Democrat,2022.0
Merton,Wimbledon Park,3,merton,wimbledon park,LAB,Labour,E05013828,4402.0,Liberal Democrat,2022.0
Merton,Wimbledon Town and Dundonald,3,merton,wimbledon town and dundonald,LAB,Labour,E05013829,4403.0,Liberal Democrat,2022.0
Milton Keynes,Bletchley West,3,milton keynes,bletchley west,TBC,TBC,E05009408,1016.0,Labour,2024.0
Milton Keynes,Bradwell,3,milton keynes,bradwell,TBC,TBC,E05009409,1017.0,Liberal Democrat,2024.0
Milton Keynes,Central Milton Keynes,3,milton keynes,central milton keynes,TBC,TBC,E05009412,1020.0,Labour,2024.0
Milton Keynes,Stony Stratford,3,milton keynes,stony stratford,TBC,TBC,E05009421,1029.0,Labour,2024.0
Milton Keynes,Tattenhoe,3,milton keynes,tattenhoe,TBC,TBC,E05009422,1030.0,Conservative,2024.0
Milton Keynes,Wolverton,3,milton keynes,wolverton,TBC,TBC,E05009423,1031.0,Labour,2024.0
Milton Keynes,Woughton and Fishermead,3,milton keynes,woughton and fishermead,TBC,TBC,E05009424,1032.0,Labour,2024.0
Newcastle-under-Lyme,Audley,3,newcastle under lyme,audley,REF,Reform UK,E05011415,2422.0,Labour,2022.0
Newcastle-under-Lyme,Bradwell,3,newcastle under lyme,bradwell,REF,Reform UK,E05011416,2423.0,Labour,2022.0
Newcastle-under-Lyme,Clayton,1,newcastle under lyme,clayton,REF,Reform UK,E05011417,2424.0,Conservative,2022.0
Newcastle-under-Lyme,Crackley and Red Street,2,newcastle under lyme,crackley and red street,REF,Reform UK,E05011418,2425.0,Labour,2022.0
Newcastle-under-Lyme,Cross Heath,2,newcastle under lyme,cross heath,REF,Reform UK,E05011419,2426.0,Labour,2022.0
Newcastle-under-Lyme,Holditch and Chesterton,2,newcastle under lyme,holditch and chesterton,REF,Reform UK,E05011420,2427.0,Labour,2022.0
Newcastle-under-Lyme,Keele,1,newcastle under lyme,keele,REF,Reform UK,E05011421,2428.0,Labour,2022.0
Newcastle-under-Lyme,Kidsgrove and Ravenscliffe,3,newcastle under lyme,kidsgrove and ravenscliffe,REF,Reform UK,E05011422,2429.0,Conservative,2022.0
Newcastle-under-Lyme,Knutton,1,newcastle under lyme,knutton,REF,Reform UK,E05011423,2430.0,Labour,2022.0
Newcastle-under-Lyme,Loggerheads,2,newcastle under lyme,loggerheads,REF,Reform UK,E05011424,2431.0,Conservative,2022.0
Newcastle-under-Lyme,Madeley and Betley,2,newcastle under lyme,madeley and betley,REF,Reform UK,E05011425,2432.0,Conservative,2022.0
Newcastle-under-Lyme,Maer and Whitmore,1,newcastle under lyme,maer and whitmore,REF,Reform UK,E05011426,2433.0,Conservative,2022.0
Newcastle-under-Lyme,May Bank,3,newcastle under lyme,may bank,REF,Reform UK,E05011427,2434.0,Conservative,2022.0
Newcastle-under-Lyme,Newchapel and Mow Cop,2,newcastle under lyme,newchapel and mow cop,REF,Reform UK,E05011428,2435.0,Conservative,2022.0
Newcastle-under-Lyme,Silverdale,2,newcastle under lyme,silverdale,REF,Reform UK,E05011429,2436.0,Labour,2022.0
Newcastle-under-Lyme,Talke and Butt Lane,3,newcastle under lyme,talke and butt lane,REF,Reform UK,E05011430,2437.0,Labour,2022.0
Newcastle-under-Lyme,Thistleberry,2,newcastle under lyme,thistleberry,REF,Reform UK,E05011431,2438.0,Conservative,2022.0
Newcastle-under-Lyme,Town,2,newcastle under lyme,town,REF,Reform UK,E05011432,2439.0,Labour,2022.0
Newcastle-under-Lyme,Westbury Park and Northwood,2,newcastle under lyme,westbury park and northwood,REF,Reform UK,E05011433,2440.0,Conservative,2022.0
Newcastle-under-Lyme,Westlands,3,newcastle under lyme,westlands,REF,Reform UK,E05011434,2441.0,Conservative,2022.0
Newcastle-under-Lyme,Wolstanton,2,newcastle under lyme,wolstanton,REF,Reform UK,E05011435,2442.0,Labour,2022.0
Newcastle upon Tyne,Arthur's Hill,3,newcastle upon tyne,arthur s hill,LAB min,Labour,E05011436,2443.0,Labour,2024.0
Newcastle upon Tyne,Byker,3,newcastle upon tyne,byker,LAB min,Labour,E05011439,2446.0,Green,2024.0
Newcastle upon Tyne,Castle,3,newcastle upon tyne,castle,LAB min,Labour,E05011441,2448.0,Labour,2024.0
Newcastle upon Tyne,Chapel,3,newcastle upon tyne,chapel,LAB min,Labour,E05011442,2449.0,Independent,2024.0
Newcastle upon Tyne,Dene and South Gosforth,3,newcastle upon tyne,dene and south gosforth,LAB min,Labour,E05011443,2450.0,Liberal Democrat,2024.0
Newcastle upon Tyne,Denton and Westerhope,3,newcastle upon tyne,denton and westerhope,LAB min,Labour,E05011444,2451.0,Other,2024.0
Newcastle upon Tyne,Elswick,3,newcastle upon tyne,elswick,LAB min,Labour,E05011445,2452.0,Green,2024.0
Newcastle upon Tyne,Fawdon and West Gosforth,3,newcastle upon tyne,fawdon and west gosforth,LAB min,Labour,E05011446,2453.0,Liberal Democrat,2024.0
Newcastle upon Tyne,Gosforth,3,newcastle upon tyne,gosforth,LAB min,Labour,E05011447,2454.0,Conservative,2024.0
Newcastle upon Tyne,Heaton,3,newcastle upon tyne,heaton,LAB min,Labour,E05011448,2455.0,Labour,2024.0
Newcastle upon Tyne,Kenton,3,newcastle upon tyne,kenton,LAB min,Labour,E05011449,2456.0,Labour,2024.0
Newcastle upon Tyne,Lemington,3,newcastle upon tyne,lemington,LAB min,Labour,E05011451,2458.0,Labour,2024.0
Newcastle upon Tyne,Manor Park,3,newcastle upon tyne,manor park,LAB min,Labour,E05011452,2459.0,Liberal Democrat,2024.0
Newcastle upon Tyne,Monument,3,newcastle upon tyne,monument,LAB min,Labour,E05011453,2460.0,Labour,2024.0
Newcastle upon Tyne,Ouseburn,3,newcastle upon tyne,ouseburn,LAB min,Labour,E05011455,2462.0,Labour,2024.0
Newcastle upon Tyne,Walker,3,newcastle upon tyne,walker,LAB min,Labour,E05011458,2465.0,Labour,2024.0
Newcastle upon Tyne,Walkergate,3,newcastle upon tyne,walkergate,LAB min,Labour,E05011459,2466.0,Labour,2024.0
Newcastle upon Tyne,West Fenham,3,newcastle upon tyne,west fenham,LAB min,Labour,E05011460,2467.0,Liberal Democrat,2024.0
Newcastle upon Tyne,Wingrove,3,newcastle upon tyne,wingrove,LAB min,Labour,E05011461,2468.0,Labour,2024.0
Newham,Beckton,3,newham,beckton,LAB Mayor,Labour,E05013904,4476.0,Labour,2022.0
Newham,Boleyn,3,newham,boleyn,LAB Mayor,Labour,E05013905,4477.0,Labour,2022.0
Newham,Canning Town North,3,newham,canning town north,LAB Mayor,Labour,E05013906,4478.0,Labour,2022.0
Newham,Canning Town South,3,newham,canning town south,LAB Mayor,Labour,E05013907,4479.0,Labour,2022.0
Newham,Custom House,3,newham,custom house,LAB Mayor,Labour,E05013908,4480.0,Labour,2022.0
Newham,East Ham,3,newham,east ham,LAB Mayor,Labour,E05013909,4481.0,Labour,2022.0
Newham,East Ham South,3,newham,east ham south,LAB Mayor,Labour,E05013910,4482.0,Labour,2022.0
Newham,Forest Gate North,2,newham,forest gate north,LAB Mayor,Labour,E05013911,4483.0,Labour,2022.0
Newham,Forest Gate South,3,newham,forest gate south,LAB Mayor,Labour,E05013912,4484.0,Labour,2022.0
Newham,Green Street East,3,newham,green street east,LAB Mayor,Labour,E05013913,4485.0,Labour,2022.0
Newham,Green Street West,3,newham,green street west,LAB Mayor,Labour,E05013914,4486.0,Labour,2022.0
Newham,Little Ilford,3,newham,little ilford,LAB Mayor,Labour,E05013915,4487.0,Labour,2022.0
Newham,Manor Park,3,newham,manor park,LAB Mayor,Labour,E05013916,4488.0,Labour,2022.0
Newham,Maryland,2,newham,maryland,LAB Mayor,Labour,E05013917,4489.0,Labour,2022.0
Newham,Plaistow North,3,newham,plaistow north,LAB Mayor,Labour,E05013918,4490.0,Labour,2022.0
Newham,Plaistow South,3,newham,plaistow south,LAB Mayor,Labour,E05013919,4491.0,Labour,2022.0
Newham,Plaistow West and Canning Town East,3,newham,plaistow west and canning town east,LAB Mayor,Labour,E05013920,4492.0,Labour,2022.0
Newham,Plashet,2,newham,plashet,LAB Mayor,Labour,E05013921,4493.0,Labour,2022.0
Newham,Royal Albert,2,newham,royal albert,LAB Mayor,Labour,E05013922,4494.0,Labour,2022.0
Newham,Royal Victoria,2,newham,royal victoria,LAB Mayor,Labour,E05013923,4495.0,Labour,2022.0
Newham,Stratford,3,newham,stratford,LAB Mayor,Labour,E05013924,4496.0,Labour,2022.0
Newham,Stratford Olympic Park,2,newham,stratford olympic park,LAB Mayor,Labour,E05013925,4497.0,Green,2022.0
Newham,Wall End,3,newham,wall end,LAB Mayor,Labour,E05013926,4498.0,Labour,2022.0
Newham,West Ham,3,newham,west ham,LAB Mayor,Labour,E05013927,4499.0,Labour,2022.0
North East Lincolnshire,Croft Baker,1,north east lincolnshire,croft baker,CON min,Conservative,E05001713,317.0,Labour,2024.0
North East Lincolnshire,East Marsh,1,north east lincolnshire,east marsh,CON min,Conservative,E05001714,318.0,Liberal Democrat,2024.0
North East Lincolnshire,Freshney,1,north east lincolnshire,freshney,CON min,Conservative,E05001715,319.0,Independent,2024.0
North East Lincolnshire,Haverstoe,1,north east lincolnshire,haverstoe,CON min,Conservative,E05001716,320.0,Conservative,2024.0
North East Lincolnshire,Heneage,1,north east lincolnshire,heneage,CON min,Conservative,E05001717,321.0,Labour,2024.0
North East Lincolnshire,Humberston and New Waltham,1,north east lincolnshire,humberston and new waltham,CON min,Conservative,E05001718,322.0,Conservative,2024.0
North East Lincolnshire,Immingham,1,north east lincolnshire,immingham,CON min,Conservative,E05001719,323.0,Conservative,2024.0
North East Lincolnshire,Park,1,north east lincolnshire,park,CON min,Conservative,E05001720,324.0,Labour,2024.0
North East Lincolnshire,Scartho,1,north east lincolnshire,scartho,CON min,Conservative,E05001721,325.0,Labour,2024.0
North East Lincolnshire,Sidney Sussex,1,north east lincolnshire,sidney sussex,CON min,Conservative,E05001722,326.0,Labour,2024.0
North East Lincolnshire,South,1,north east lincolnshire,south,CON min,Conservative,E05001723,327.0,Labour,2024.0
North East Lincolnshire,Waltham,1,north east lincolnshire,waltham,CON min,Conservative,E05001724,328.0,Conservative,2022.0
North East Lincolnshire,West Marsh,1,north east lincolnshire,west marsh,CON min,Conservative,E05001725,329.0,Labour,2022.0
North East Lincolnshire,Wolds,1,north east lincolnshire,wolds,CON min,Conservative,E05001726,330.0,Conservative,2022.0
North East Lincolnshire,Yarborough,1,north east lincolnshire,yarborough,CON min,Conservative,E05001727,331.0,Independent,2024.0
North Tyneside,Backworth and Holystone,1,north tyneside,backworth and holystone,LAB Mayor,Labour,E05015865,6429.0,Labour,2024.0
North Tyneside,Battle Hill,1,north tyneside,battle hill,LAB Mayor,Labour,E05015866,6430.0,Labour,2024.0
North Tyneside,Camperdown,1,north tyneside,camperdown,LAB Mayor,Labour,E05015867,6431.0,Labour,2024.0
North Tyneside,Chirton and Percy Main,1,north tyneside,chirton and percy main,LAB Mayor,Labour,E05015868,6432.0,Labour,2024.0
North Tyneside,Cullercoats and Whitley Bay South,1,north tyneside,cullercoats and whitley bay south,LAB Mayor,Labour,E05015869,6433.0,Labour,2024.0
North Tyneside,Forest Hall,1,north tyneside,forest hall,LAB Mayor,Labour,E05015870,6434.0,Labour,2024.0
North Tyneside,Howdon,1,north tyneside,howdon,LAB Mayor,Labour,E05015871,6435.0,Labour,2024.0
North Tyneside,Killingworth,1,north tyneside,killingworth,LAB Mayor,Labour,E05015872,6436.0,Labour,2024.0
North Tyneside,Longbenton and Benton,1,north tyneside,longbenton and benton,LAB Mayor,Labour,E05015873,6437.0,Labour,2024.0
North Tyneside,Monkseaton,1,north tyneside,monkseaton,LAB Mayor,Labour,E05015874,6438.0,Labour,2024.0
North Tyneside,New York and Murton,1,north tyneside,new york and murton,LAB Mayor,Labour,E05015875,6439.0,Conservative,2024.0
North Tyneside,North Shields,1,north tyneside,north shields,LAB Mayor,Labour,E05015876,6440.0,Labour,2024.0
North Tyneside,Preston with Preston Grange,1,north tyneside,preston with preston grange,LAB Mayor,Labour,E05015877,6441.0,Conservative,2024.0
North Tyneside,Shiremoor,1,north tyneside,shiremoor,LAB Mayor,Labour,E05015878,6442.0,Labour,2024.0
North Tyneside,St Mary's,1,north tyneside,st mary s,LAB Mayor,Labour,E05015879,6443.0,Conservative,2024.0
North Tyneside,Tynemouth,1,north tyneside,tynemouth,LAB Mayor,Labour,E05015880,6444.0,Conservative,2024.0
North Tyneside,Wallsend Central,1,north tyneside,wallsend central,LAB Mayor,Labour,E05015881,6445.0,Labour,2024.0
North Tyneside,Wallsend North,1,north tyneside,wallsend north,LAB Mayor,Labour,E05015882,6446.0,Labour,2024.0
North Tyneside,Weetslade,1,north tyneside,weetslade,LAB Mayor,Labour,E05015883,6447.0,Labour,2024.0
North Tyneside,Whitley Bay North,1,north tyneside,whitley bay north,LAB Mayor,Labour,E05015884,6448.0,Labour,2024.0
Norwich,Bowthorpe,1,norwich,bowthorpe,GRN,Green,E05012901,3668.0,Labour,2024.0
Norwich,Catton Grove,1,norwich,catton grove,GRN,Green,E05012902,3669.0,Labour,2024.0
Norwich,Crome,1,norwich,crome,GRN,Green,E05012903,3670.0,Labour,2024.0
Norwich,Eaton,1,norwich,eaton,GRN,Green,E05012904,3671.0,Liberal Democrat,2024.0
Norwich,Lakenham,1,norwich,lakenham,GRN,Green,E05012905,3672.0,Labour,2024.0
Norwich,Mancroft,1,norwich,mancroft,GRN,Green,E05012906,3673.0,Green,2024.0
Norwich,Mile Cross,1,norwich,mile cross,GRN,Green,E05012907,3674.0,Green,2024.0
Norwich,Nelson,1,norwich,nelson,GRN,Green,E05012908,3675.0,Green,2024.0
Norwich,Sewell,1,norwich,sewell,GRN,Green,E05012909,3676.0,Green,2024.0
Norwich,Thorpe Hamlet,1,norwich,thorpe hamlet,GRN,Green,E05012910,3677.0,Green,2024.0
Norwich,Town Close,1,norwich,town close,GRN,Green,E05012911,3678.0,Labour,2024.0
Norwich,University,1,norwich,university,GRN,Green,E05012912,3679.0,Labour,2024.0
Norwich,Wensum,2,norwich,wensum,GRN,Green,E05012913,3680.0,Green,2024.0
Nuneaton and Bedworth,Arbury,1,nuneaton and bedworth,arbury,LAB min,Labour,E05015827,6391.0,Labour,2024.0
Nuneaton and Bedworth,Attleborough,1,nuneaton and bedworth,attleborough,LAB min,Labour,E05015828,6392.0,Labour,2024.0
Nuneaton and Bedworth,Bede,1,nuneaton and bedworth,bede,LAB min,Labour,E05015829,6393.0,Labour,2024.0
Nuneaton and Bedworth,Bulkington,1,nuneaton and bedworth,bulkington,LAB min,Labour,E05015830,6394.0,Conservative,2024.0
Nuneaton and Bedworth,Camp Hill,1,nuneaton and bedworth,camp hill,LAB min,Labour,E05015831,6395.0,Labour,2024.0
Nuneaton and Bedworth,Chilvers Coton,1,nuneaton and bedworth,chilvers coton,LAB min,Labour,E05015832,6396.0,Labour,2024.0
Nuneaton and Bedworth,Eastboro,1,nuneaton and bedworth,eastboro,LAB min,Labour,E05015833,6397.0,Conservative,2024.0
Nuneaton and Bedworth,Exhall,1,nuneaton and bedworth,exhall,LAB min,Labour,E05015834,6398.0,Conservative,2024.0
Nuneaton and Bedworth,Galley Common,1,nuneaton and bedworth,galley common,LAB min,Labour,E05015835,6399.0,Labour,2024.0
Nuneaton and Bedworth,Heath,1,nuneaton and bedworth,heath,LAB min,Labour,E05015836,6400.0,Labour,2024.0
Nuneaton and Bedworth,Milby,1,nuneaton and bedworth,milby,LAB min,Labour,E05015837,6401.0,Conservative,2024.0
Nuneaton and Bedworth,Poplar,1,nuneaton and bedworth,poplar,LAB min,Labour,E05015838,6402.0,Conservative,2024.0
Nuneaton and Bedworth,Slough,1,nuneaton and bedworth,slough,LAB min,Labour,E05015839,6403.0,Conservative,2024.0
Nuneaton and Bedworth,St Mary's,1,nuneaton and bedworth,st mary s,LAB min,Labour,E05015840,6404.0,Labour,2024.0
Nuneaton and Bedworth,St Nicolas,1,nuneaton and bedworth,st nicolas,LAB min,Labour,E05015841,6405.0,Conservative,2024.0
Nuneaton and Bedworth,Stockingford East,1,nuneaton and bedworth,stockingford east,LAB min,Labour,E05015842,6406.0,Labour,2024.0
Nuneaton and Bedworth,Stockingford West,1,nuneaton and bedworth,stockingford west,LAB min,Labour,E05015843,6407.0,Labour,2024.0
Nuneaton and Bedworth,Weddington,1,nuneaton and bedworth,weddington,LAB min,Labour,E05015844,6408.0,Green,2024.0
Nuneaton and Bedworth,Whitestone,1,nuneaton and bedworth,whitestone,LAB min,Labour,E05015845,6409.0,Conservative,2024.0
Oldham,Alexandra,1,oldham,alexandra,LAB min,Labour,E05014646,5216.0,Independent,2024.0
Oldham,Chadderton Central,1,oldham,chadderton central,LAB min,Labour,E05014647,5217.0,Labour,2024.0
Oldham,Chadderton North,1,oldham,chadderton north,LAB min,Labour,E05014648,5218.0,Labour,2024.0
Oldham,Chadderton South,1,oldham,chadderton south,LAB min,Labour,E05014649,5219.0,Labour,2024.0
Oldham,Coldhurst,1,oldham,coldhurst,LAB min,Labour,E05014650,5220.0,Independent,2024.0
Oldham,Crompton,1,oldham,crompton,LAB min,Labour,E05014651,5221.0,Liberal Democrat,2024.0
Oldham,Failsworth East,1,oldham,failsworth east,LAB min,Labour,E05014652,5222.0,Labour,2024.0
Oldham,Failsworth West,1,oldham,failsworth west,LAB min,Labour,E05014653,5223.0,Independent,2024.0
Oldham,Hollinwood,1,oldham,hollinwood,LAB min,Labour,E05014654,5224.0,Independent,2024.0
Oldham,Medlock Vale,1,oldham,medlock vale,LAB min,Labour,E05014655,5225.0,Labour,2024.0
Oldham,Royton North,1,oldham,royton north,LAB min,Labour,E05014656,5226.0,Conservative,2024.0
Oldham,Royton South,1,oldham,royton south,LAB min,Labour,E05014657,5227.0,Independent,2024.0
Oldham,Saddleworth North,1,oldham,saddleworth north,LAB min,Labour,E05014658,5228.0,Liberal Democrat,2024.0
Oldham,Saddleworth South,1,oldham,saddleworth south,LAB min,Labour,E05014659,5229.0,Conservative,2024.0
Oldham,Saddleworth West and Lees,1,oldham,saddleworth west and lees,LAB min,Labour,E05014660,5230.0,Liberal Democrat,2024.0
Oldham,Shaw,1,oldham,shaw,LAB min,Labour,E05014661,5231.0,Independent,2024.0
Oldham,St James',1,oldham,st james,LAB min,Labour,E05014662,5232.0,Labour,2024.0
Oldham,St Mary's,1,oldham,st mary s,LAB min,Labour,E05014663,5233.0,Independent,2024.0
Oldham,Waterhead,1,oldham,waterhead,LAB min,Labour,E05014664,5234.0,Independent,2024.0
Oldham,Werneth,1,oldham,werneth,LAB min,Labour,E05014665,5235.0,Independent,2024.0
Oxford,Barton and Sandhills,1,oxford,barton and sandhills,LAB min,Labour,E05013096,3839.0,Other,2024.0
Oxford,Blackbird Leys,1,oxford,blackbird leys,LAB min,Labour,E05013097,3840.0,Labour,2024.0
Oxford,Carfax and Jericho,1,oxford,carfax and jericho,LAB min,Labour,E05013098,3841.0,Labour,2024.0
Oxford,Churchill,1,oxford,churchill,LAB min,Labour,E05013099,3842.0,Labour,2024.0
Oxford,Cowley,1,oxford,cowley,LAB min,Labour,E05013100,3843.0,Other,2024.0
Oxford,Cutteslowe and Sunnymead,1,oxford,cutteslowe and sunnymead,LAB min,Labour,E05013101,3844.0,Liberal Democrat,2024.0
Oxford,Donnington,1,oxford,donnington,LAB min,Labour,E05013102,3845.0,Green,2024.0
Oxford,Headington,1,oxford,headington,LAB min,Labour,E05013103,3846.0,Liberal Democrat,2024.0
Oxford,Headington Hill and Northway,1,oxford,headington hill and northway,LAB min,Labour,E05013104,3847.0,Labour,2024.0
Oxford,Hinksey Park,1,oxford,hinksey park,LAB min,Labour,E05013105,3848.0,Labour,2024.0
Oxford,Holywell,1,oxford,holywell,LAB min,Labour,E05013106,3849.0,Green,2024.0
Oxford,Littlemore,1,oxford,littlemore,LAB min,Labour,E05013107,3850.0,Other,2024.0
Oxford,Lye Valley,1,oxford,lye valley,LAB min,Labour,E05013108,3851.0,Other,2024.0
Oxford,Marston,1,oxford,marston,LAB min,Labour,E05013109,3852.0,Labour,2024.0
Oxford,Northfield Brook,1,oxford,northfield brook,LAB min,Labour,E05013110,3853.0,Other,2024.0
Oxford,Osney and St Thomas,1,oxford,osney and st thomas,LAB min,Labour,E05013111,3854.0,Labour,2024.0
Oxford,Quarry and Risinghurst,1,oxford,quarry and risinghurst,LAB min,Labour,E05013112,3855.0,Liberal Democrat,2024.0
Oxford,Rose Hill and Iffley,1,oxford,rose hill and iffley,LAB min,Labour,E05013113,3856.0,Other,2024.0
Oxford,St Clement's,1,oxford,st clement s,LAB min,Labour,E05013114,3857.0,Other,2024.0
Oxford,St Mary's,1,oxford,st mary s,LAB min,Labour,E05013115,3858.0,Green,2024.0
Oxford,Summertown,1,oxford,summertown,LAB min,Labour,E05013116,3859.0,Liberal Democrat,2024.0
Oxford,Temple Cowley,1,oxford,temple cowley,LAB min,Labour,E05013117,3860.0,Independent,2024.0
Oxford,Walton Manor,1,oxford,walton manor,LAB min,Labour,E05013118,3861.0,Labour,2024.0
Oxford,Wolvercote,1,oxford,wolvercote,LAB min,Labour,E05013119,3862.0,Liberal Democrat,2024.0
Pendle,Barnoldswick,1,pendle,barnoldswick,IND min,Independent,E05015546,6110.0,Liberal Democrat,2024.0
Pendle,Barrowford and Pendleside,1,pendle,barrowford and pendleside,IND min,Independent,E05013201,3891.0,Conservative,2024.0
Pendle,Boulsworth and Foulridge,1,pendle,boulsworth and foulridge,IND min,Independent,E05013202,3892.0,Conservative,2024.0
Pendle,Bradley,1,pendle,bradley,IND min,Independent,E05013203,3893.0,Other,2024.0
Pendle,Brierfield East and Clover Hill,1,pendle,brierfield east and clover hill,IND min,Independent,E05013204,3894.0,Independent,2024.0
Pendle,Earby and Coates,1,pendle,earby and coates,IND min,Independent,E05015547,6111.0,Liberal Democrat,2024.0
Pendle,Marsden and Southfield,1,pendle,marsden and southfield,IND min,Independent,E05013208,3897.0,Other,2024.0
Pendle,Vivary Bridge,1,pendle,vivary bridge,IND min,Independent,E05013209,3898.0,Conservative,2024.0
Pendle,Waterside and Horsfield,1,pendle,waterside and horsfield,IND min,Independent,E05013210,3899.0,Conservative,2024.0
Pendle,Whitefield and Walverden,1,pendle,whitefield and walverden,IND min,Independent,E05013211,3900.0,Other,2024.0
Peterborough,Bretton,1,peterborough,bretton,LAB min,Labour,E05010806,1886.0,Labour,2024.0
Peterborough,Central,1,peterborough,central,LAB min,Labour,E05010807,1887.0,Labour,2024.0
Peterborough,Dogsthorpe,1,peterborough,dogsthorpe,LAB min,Labour,E05010808,1888.0,Labour,2024.0
Peterborough,East,1,peterborough,east,LAB min,Labour,E05010809,1889.0,Labour,2024.0
Peterborough,"Eye, Thorney and Newborough",1,peterborough,eye thorney and newborough,LAB min,Labour,E05010810,1890.0,Other,2024.0
Peterborough,Fletton and Stanground,1,peterborough,fletton and stanground,LAB min,Labour,E05010811,1891.0,Liberal Democrat,2024.0
Peterborough,Fletton and Woodston,1,peterborough,fletton and woodston,LAB min,Labour,E05010812,1892.0,Labour,2024.0
Peterborough,Gunthorpe,1,peterborough,gunthorpe,LAB min,Labour,E05010814,1894.0,Liberal Democrat,2024.0
Peterborough,Hampton Vale,1,peterborough,hampton vale,LAB min,Labour,E05010815,1895.0,Other,2024.0
Peterborough,Hargate and Hempsted,1,peterborough,hargate and hempsted,LAB min,Labour,E05010816,1896.0,Other,2024.0
Peterborough,North,1,peterborough,north,LAB min,Labour,E05010817,1897.0,Labour,2024.0
Peterborough,Orton Longueville,1,peterborough,orton longueville,LAB min,Labour,E05010818,1898.0,Green,2024.0
Peterborough,Orton Waterville,1,peterborough,orton waterville,LAB min,Labour,E05010819,1899.0,Independent,2024.0
Peterborough,Park,1,peterborough,park,LAB min,Labour,E05010820,1900.0,Labour,2024.0
Peterborough,Paston and Walton,1,peterborough,paston and walton,LAB min,Labour,E05010821,1901.0,Conservative,2024.0
Peterborough,Ravensthorpe,1,peterborough,ravensthorpe,LAB min,Labour,E05010822,1902.0,Green,2024.0
Peterborough,Stanground South,1,peterborough,stanground south,LAB min,Labour,E05010823,1903.0,Other,2024.0
Peterborough,Werrington,1,peterborough,werrington,LAB min,Labour,E05010824,1904.0,Other,2024.0
Plymouth,Budshead,1,plymouth,budshead,LAB,Labour,E05002078,332.0,Labour,2024.0
Plymouth,Compton,1,plymouth,compton,LAB,Labour,E05002079,333.0,Labour,2024.0
Plymouth,Devonport,1,plymouth,devonport,LAB,Labour,E05002080,334.0,Labour,2024.0
Plymouth,Drake,1,plymouth,drake,LAB,Labour,E05002081,335.0,Labour,2022.0
Plymouth,Efford and Lipson,1,plymouth,efford and lipson,LAB,Labour,E05002082,336.0,Labour,2024.0
Plymouth,Eggbuckland,1,plymouth,eggbuckland,LAB,Labour,E05002083,337.0,Conservative,2024.0
Plymouth,Ham,1,plymouth,ham,LAB,Labour,E05002084,338.0,Labour,2024.0
Plymouth,Honicknowle,1,plymouth,honicknowle,LAB,Labour,E05002085,339.0,Labour,2024.0
Plymouth,Moor View,1,plymouth,moor view,LAB,Labour,E05002086,340.0,Labour,2024.0
Plymouth,Peverell,1,plymouth,peverell,LAB,Labour,E05002087,341.0,Labour,2024.0
Plymouth,Plympton Chaddlewood,1,plymouth,plympton chaddlewood,LAB,Labour,E05002088,342.0,Green,2024.0
Plymouth,Plympton St Mary,1,plymouth,plympton st mary,LAB,Labour,E05002090,344.0,Independent,2024.0
Plymouth,Plymstock Dunstone,1,plymouth,plymstock dunstone,LAB,Labour,E05002091,345.0,Labour,2024.0
Plymouth,Plymstock Radford,1,plymouth,plymstock radford,LAB,Labour,E05002092,346.0,Labour,2024.0
Plymouth,Southway,1,plymouth,southway,LAB,Labour,E05002095,349.0,Labour,2024.0
Plymouth,St Budeaux,1,plymouth,st budeaux,LAB,Labour,E05002093,347.0,Labour,2024.0
Plymouth,Stoke,1,plymouth,stoke,LAB,Labour,E05002096,350.0,Labour,2024.0
Plymouth,St Peter and the Waterfront,1,plymouth,st peter and the waterfront,LAB,Labour,E05002094,348.0,Labour,2024.0
Plymouth,Sutton and Mount Gould,1,plymouth,sutton and mount gould,LAB,Labour,E05002097,351.0,Labour,2024.0
Portsmouth,Baffins,1,portsmouth,baffins,LD,Liberal Democrat,E05002441,389.0,Liberal Democrat,2024.0
Portsmouth,Central Southsea,1,portsmouth,central southsea,LD,Liberal Democrat,E05002442,390.0,Labour,2024.0
Portsmouth,Charles Dickens,1,portsmouth,charles dickens,LD,Liberal Democrat,E05002443,391.0,Labour,2024.0
Portsmouth,Copnor,1,portsmouth,copnor,LD,Liberal Democrat,E05002444,392.0,Other,2024.0
Portsmouth,Cosham,1,portsmouth,cosham,LD,Liberal Democrat,E05002445,393.0,Other,2024.0
Portsmouth,Drayton and Farlington,1,portsmouth,drayton and farlington,LD,Liberal Democrat,E05002446,394.0,Conservative,2024.0
Portsmouth,Eastney and Craneswater,1,portsmouth,eastney and craneswater,LD,Liberal Democrat,E05002447,395.0,Liberal Democrat,2024.0
Portsmouth,Fratton,1,portsmouth,fratton,LD,Liberal Democrat,E05002448,396.0,Liberal Democrat,2024.0
Portsmouth,Hilsea,1,portsmouth,hilsea,LD,Liberal Democrat,E05002449,397.0,Other,2024.0
Portsmouth,Milton,1,portsmouth,milton,LD,Liberal Democrat,E05002450,398.0,Liberal Democrat,2024.0
Portsmouth,Nelson,1,portsmouth,nelson,LD,Liberal Democrat,E05002451,399.0,Liberal Democrat,2024.0
Portsmouth,Paulsgrove,1,portsmouth,paulsgrove,LD,Liberal Democrat,E05002452,400.0,Other,2024.0
Portsmouth,St Jude,1,portsmouth,st jude,LD,Liberal Democrat,E05002453,401.0,Liberal Democrat,2024.0
Portsmouth,St Thomas,1,portsmouth,st thomas,LD,Liberal Democrat,E05002454,402.0,Liberal Democrat,2024.0
Preston,Ashton,1,preston,ashton,TBC,TBC,E05012193,3108.0,Labour,2024.0
Preston,Brookfield,1,preston,brookfield,TBC,TBC,E05012194,3109.0,Labour,2024.0
Preston,Cadley,1,preston,cadley,TBC,TBC,E05012195,3110.0,Liberal Democrat,2024.0
Preston,City Centre,1,preston,city centre,TBC,TBC,E05012196,3111.0,Labour,2024.0
Preston,Deepdale,1,preston,deepdale,TBC,TBC,E05012197,3112.0,Labour,2024.0
Preston,Fishwick and Frenchwood,1,preston,fishwick and frenchwood,TBC,TBC,E05012198,3113.0,Labour,2024.0
Preston,Garrison,1,preston,garrison,TBC,TBC,E05012199,3114.0,Labour,2024.0
Preston,Greyfriars,1,preston,greyfriars,TBC,TBC,E05012200,3115.0,Liberal Democrat,2024.0
Preston,Ingol and Cottam,1,preston,ingol and cottam,TBC,TBC,E05012201,3116.0,Liberal Democrat,2024.0
Preston,Lea and Larches,1,preston,lea and larches,TBC,TBC,E05012202,3117.0,Liberal Democrat,2024.0
Preston,Plungington,1,preston,plungington,TBC,TBC,E05012203,3118.0,Labour,2024.0
Preston,Preston Rural East,1,preston,preston rural east,TBC,TBC,E05012204,3119.0,Conservative,2024.0
Preston,Preston Rural North,1,preston,preston rural north,TBC,TBC,E05012205,3120.0,Liberal Democrat,2024.0
Preston,Ribbleton,1,preston,ribbleton,TBC,TBC,E05012206,3121.0,Labour,2024.0
Preston,Sharoe Green,1,preston,sharoe green,TBC,TBC,E05012208,3123.0,Liberal Democrat,2024.0
Preston,St Matthew's,1,preston,st matthew s,TBC,TBC,E05012207,3122.0,Labour,2024.0
Reading,Abbey,1,reading,abbey,LAB,Labour,E05013864,4436.0,Labour,2024.0
Reading,Battle,1,reading,battle,LAB,Labour,E05013865,4437.0,Labour,2024.0
Reading,Caversham,1,reading,caversham,LAB,Labour,E05013866,4438.0,Labour,2024.0
Reading,Caversham Heights,2,reading,caversham heights,LAB,Labour,E05013867,4439.0,Labour,2024.0
Reading,Church,1,reading,church,LAB,Labour,E05013868,4440.0,Labour,2024.0
Reading,Coley,1,reading,coley,LAB,Labour,E05013869,4441.0,Labour,2024.0
Reading,Emmer Green,1,reading,emmer green,LAB,Labour,E05013870,4442.0,Labour,2024.0
Reading,Katesgrove,1,reading,katesgrove,LAB,Labour,E05013871,4443.0,Green,2024.0
Reading,Kentwood,1,reading,kentwood,LAB,Labour,E05013872,4444.0,Labour,2024.0
Reading,Norcot,1,reading,norcot,LAB,Labour,E05013873,4445.0,Labour,2024.0
Reading,Park,1,reading,park,LAB,Labour,E05013874,4446.0,Green,2024.0
Reading,Redlands,1,reading,redlands,LAB,Labour,E05013875,4447.0,Green,2024.0
Reading,Southcote,1,reading,southcote,LAB,Labour,E05013876,4448.0,Labour,2024.0
Reading,Thames,1,reading,thames,LAB,Labour,E05013877,4449.0,Labour,2024.0
Reading,Tilehurst,1,reading,tilehurst,LAB,Labour,E05013878,4450.0,Liberal Democrat,2024.0
Reading,Whitley,1,reading,whitley,LAB,Labour,E05013879,4451.0,Labour,2024.0
Redbridge,Aldborough,3,redbridge,aldborough,LAB,Labour,E05011234,2295.0,Labour,2022.0
Redbridge,Barkingside,3,redbridge,barkingside,LAB,Labour,E05011235,2296.0,Labour,2022.0
Redbridge,Bridge,3,redbridge,bridge,LAB,Labour,E05011236,2297.0,Labour,2022.0
Redbridge,Chadwell,3,redbridge,chadwell,LAB,Labour,E05011237,2298.0,Labour,2022.0
Redbridge,Churchfields,3,redbridge,churchfields,LAB,Labour,E05011238,2299.0,Labour,2022.0
Redbridge,Clayhall,3,redbridge,clayhall,LAB,Labour,E05011239,2300.0,Labour,2022.0
Redbridge,Clementswood,3,redbridge,clementswood,LAB,Labour,E05011240,2301.0,Labour,2022.0
Redbridge,Cranbrook,3,redbridge,cranbrook,LAB,Labour,E05011241,2302.0,Labour,2022.0
Redbridge,Fairlop,3,redbridge,fairlop,LAB,Labour,E05011242,2303.0,Conservative,2022.0
Redbridge,Fullwell,3,redbridge,fullwell,LAB,Labour,E05011243,2304.0,Labour,2022.0
Redbridge,Goodmayes,3,redbridge,goodmayes,LAB,Labour,E05011244,2305.0,Labour,2022.0
Redbridge,Hainault,3,redbridge,hainault,LAB,Labour,E05011245,2306.0,Labour,2022.0
Redbridge,Ilford Town,2,redbridge,ilford town,LAB,Labour,E05011246,2307.0,Labour,2022.0
Redbridge,Loxford,3,redbridge,loxford,LAB,Labour,E05011247,2308.0,Labour,2022.0
Redbridge,Mayfield,3,redbridge,mayfield,LAB,Labour,E05011248,2309.0,Labour,2022.0
Redbridge,Monkhams,2,redbridge,monkhams,LAB,Labour,E05011249,2310.0,Conservative,2022.0
Redbridge,Newbury,3,redbridge,newbury,LAB,Labour,E05011250,2311.0,Labour,2022.0
Redbridge,Seven Kings,3,redbridge,seven kings,LAB,Labour,E05011251,2312.0,Labour,2022.0
Redbridge,South Woodford,3,redbridge,south woodford,LAB,Labour,E05011252,2313.0,Labour,2022.0
Redbridge,Valentines,3,redbridge,valentines,LAB,Labour,E05011253,2314.0,Labour,2022.0
Redbridge,Wanstead Park,2,redbridge,wanstead park,LAB,Labour,E05011254,2315.0,Labour,2022.0
Redbridge,Wanstead Village,3,redbridge,wanstead village,LAB,Labour,E05011255,2316.0,Labour,2022.0
Redditch,Astwood Bank and Feckenham,1,redditch,astwood bank and feckenham,TBC,TBC,E05015615,6179.0,Conservative,2024.0
Redditch,Batchley and Brockhill,1,redditch,batchley and brockhill,TBC,TBC,E05015616,6180.0,Labour,2024.0
Redditch,Central,1,redditch,central,TBC,TBC,E05015617,6181.0,Labour,2024.0
Redditch,Greenlands and Lakeside,1,redditch,greenlands and lakeside,TBC,TBC,E05015618,6182.0,Labour,2024.0
Redditch,Headless Cross and Oakenshaw,1,redditch,headless cross and oakenshaw,TBC,TBC,E05015619,6183.0,Labour,2024.0
Redditch,Matchborough and Woodrow,1,redditch,matchborough and woodrow,TBC,TBC,E05015620,6184.0,Labour,2024.0
Redditch,North,1,redditch,north,TBC,TBC,E05015621,6185.0,Labour,2024.0
Redditch,Webheath and Callow Hill,1,redditch,webheath and callow hill,TBC,TBC,E05015622,6186.0,Conservative,2024.0
Redditch,Winyates,1,redditch,winyates,TBC,TBC,E05015623,6187.0,Labour,2024.0
Richmond upon Thames,Barnes,3,richmond upon thames,barnes,LD,Liberal Democrat,E05013774,4348.0,Liberal Democrat,2022.0
Richmond upon Thames,East Sheen,3,richmond upon thames,east sheen,LD,Liberal Democrat,E05013775,4349.0,Liberal Democrat,2022.0
Richmond upon Thames,Fulwell and Hampton Hill,3,richmond upon thames,fulwell and hampton hill,LD,Liberal Democrat,E05013776,4350.0,Liberal Democrat,2022.0
Richmond upon Thames,"Ham, Petersham and Richmond Riverside",3,richmond upon thames,ham petersham and richmond riverside,LD,Liberal Democrat,E05013777,4351.0,Liberal Democrat,2022.0
Richmond upon Thames,Hampton,3,richmond upon thames,hampton,LD,Liberal Democrat,E05013778,4352.0,Liberal Democrat,2022.0
Richmond upon Thames,Hampton North,3,richmond upon thames,hampton north,LD,Liberal Democrat,E05013779,4353.0,Liberal Democrat,2022.0
Richmond upon Thames,Hampton Wick and South Teddington,3,richmond upon thames,hampton wick and south teddington,LD,Liberal Democrat,E05013780,4354.0,,
Richmond upon Thames,Heathfield,3,richmond upon thames,heathfield,LD,Liberal Democrat,E05013781,4355.0,Liberal Democrat,2022.0
Richmond upon Thames,Kew,3,richmond upon thames,kew,LD,Liberal Democrat,E05013782,4356.0,Liberal Democrat,2022.0
Richmond upon Thames,Mortlake and Barnes Common,3,richmond upon thames,mortlake and barnes common,LD,Liberal Democrat,E05013783,4357.0,Liberal Democrat,2022.0
Richmond upon Thames,South Richmond,3,richmond upon thames,south richmond,LD,Liberal Democrat,E05013786,4360.0,Liberal Democrat,2022.0
Richmond upon Thames,South Twickenham,3,richmond upon thames,south twickenham,LD,Liberal Democrat,E05013787,4361.0,Liberal Democrat,2022.0
Richmond upon Thames,St Margarets and North Twickenham,3,richmond upon thames,st margarets and north twickenham,LD,Liberal Democrat,E05013785,4359.0,Liberal Democrat,2022.0
Richmond upon Thames,Teddington,3,richmond upon thames,teddington,LD,Liberal Democrat,E05013788,4362.0,Liberal Democrat,2022.0
Richmond upon Thames,Twickenham Riverside,3,richmond upon thames,twickenham riverside,LD,Liberal Democrat,E05013789,4363.0,Liberal Democrat,2022.0
Richmond upon Thames,West Twickenham,3,richmond upon thames,west twickenham,LD,Liberal Democrat,E05013790,4364.0,Liberal Democrat,2022.0
Richmond upon Thames,Whitton,3,richmond upon thames,whitton,LD,Liberal Democrat,E05013791,4365.0,Liberal Democrat,2022.0
Rochdale,Balderstone and Kirkholt,1,rochdale,balderstone and kirkholt,LAB,Labour,E05014033,4603.0,Labour,2024.0
Rochdale,Bamford,1,rochdale,bamford,LAB,Labour,E05014034,4604.0,Conservative,2024.0
Rochdale,Castleton,1,rochdale,castleton,LAB,Labour,E05014035,4605.0,Labour,2024.0
Rochdale,Central Rochdale,1,rochdale,central rochdale,LAB,Labour,E05014036,4606.0,Other,2024.0
Rochdale,East Middleton,1,rochdale,east middleton,LAB,Labour,E05014037,4607.0,Labour,2024.0
Rochdale,Healey,1,rochdale,healey,LAB,Labour,E05014038,4608.0,Labour,2024.0
Rochdale,Hopwood Hall,1,rochdale,hopwood hall,LAB,Labour,E05014039,4609.0,Labour,2024.0
Rochdale,Kingsway,1,rochdale,kingsway,LAB,Labour,E05014040,4610.0,Labour,2024.0
Rochdale,Littleborough Lakeside,1,rochdale,littleborough lakeside,LAB,Labour,E05014041,4611.0,Labour,2024.0
Rochdale,Milkstone and Deeplish,1,rochdale,milkstone and deeplish,LAB,Labour,E05014042,4612.0,Other,2024.0
Rochdale,Milnrow and Newhey,1,rochdale,milnrow and newhey,LAB,Labour,E05014043,4613.0,Liberal Democrat,2024.0
Rochdale,Norden,1,rochdale,norden,LAB,Labour,E05014044,4614.0,Conservative,2024.0
Rochdale,North Heywood,1,rochdale,north heywood,LAB,Labour,E05014045,4615.0,Labour,2024.0
Rochdale,North Middleton,1,rochdale,north middleton,LAB,Labour,E05014046,4616.0,Labour,2024.0
Rochdale,Smallbridge and Firgrove,1,rochdale,smallbridge and firgrove,LAB,Labour,E05014047,4617.0,Labour,2024.0
Rochdale,South Middleton,1,rochdale,south middleton,LAB,Labour,E05014048,4618.0,Labour,2024.0
Rochdale,Spotland and Falinge,1,rochdale,spotland and falinge,LAB,Labour,E05014049,4619.0,Labour,2024.0
Rochdale,"Wardle, Shore and West Littleborough",1,rochdale,wardle shore and west littleborough,LAB,Labour,E05014050,4620.0,Conservative,2024.0
Rochdale,West Heywood,1,rochdale,west heywood,LAB,Labour,E05014051,4621.0,Labour,2024.0
Rochdale,West Middleton,1,rochdale,west middleton,LAB,Labour,E05014052,4622.0,Labour,2024.0
Rochford,Downhall and Rawreth,2,rochford,downhall and rawreth,CON/IND,Coalition,E05010844,1924.0,Liberal Democrat,2024.0
Rochford,Foulness and the Wakerings,1,rochford,foulness and the wakerings,CON/IND,Coalition,E05010845,1925.0,Independent,2024.0
Rochford,Hawkwell East,2,rochford,hawkwell east,CON/IND,Coalition,E05010846,1926.0,Independent,2024.0
Rochford,Hawkwell West,1,rochford,hawkwell west,CON/IND,Coalition,E05010847,1927.0,Other,2024.0
Rochford,Hockley,1,rochford,hockley,CON/IND,Coalition,E05010848,1928.0,Other,2024.0
Rochford,Hockley and Ashingdon,1,rochford,hockley and ashingdon,CON/IND,Coalition,E05010849,1929.0,Conservative,2024.0
Rochford,Hullbridge,1,rochford,hullbridge,CON/IND,Coalition,E05010850,1930.0,Independent,2024.0
Rochford,Lodge,1,rochford,lodge,CON/IND,Coalition,E05010851,1931.0,Liberal Democrat,2024.0
Rochford,Roche North and Rural,1,rochford,roche north and rural,CON/IND,Coalition,E05010852,1932.0,Conservative,2024.0
Rochford,Roche South,1,rochford,roche south,CON/IND,Coalition,E05010853,1933.0,Conservative,2024.0
Rochford,Sweyne Park and Grange,1,rochford,sweyne park and grange,CON/IND,Coalition,E05010854,1934.0,Independent,2024.0
Rochford,Trinity,1,rochford,trinity,CON/IND,Coalition,E05010855,1935.0,Liberal Democrat,2024.0
Rochford,Wheatley,1,rochford,wheatley,CON/IND,Coalition,E05010856,1936.0,Liberal Democrat,2024.0
Rugby,Admirals and Cawston,1,rugby,admirals and cawston,LAB min,Labour,E05010758,1858.0,Labour,2024.0
Rugby,Benn,1,rugby,benn,LAB min,Labour,E05008974,879.0,Labour,2024.0
Rugby,Bilton,2,rugby,bilton,LAB min,Labour,E05008975,880.0,Conservative,2024.0
Rugby,Coton and Boughton,1,rugby,coton and boughton,LAB min,Labour,E05008977,882.0,Labour,2024.0
Rugby,Dunsmore,1,rugby,dunsmore,LAB min,Labour,E05010759,1859.0,Conservative,2024.0
Rugby,Eastlands,1,rugby,eastlands,LAB min,Labour,E05008986,890.0,Liberal Democrat,2024.0
Rugby,Hillmorton,1,rugby,hillmorton,LAB min,Labour,E05008979,883.0,Conservative,2024.0
Rugby,New Bilton,1,rugby,new bilton,LAB min,Labour,E05008981,885.0,Labour,2024.0
Rugby,Newbold and Brownsover,1,rugby,newbold and brownsover,LAB min,Labour,E05008982,886.0,Labour,2024.0
Rugby,Paddox,1,rugby,paddox,LAB min,Labour,E05008983,887.0,Liberal Democrat,2024.0
Rugby,Revel and Binley Woods,1,rugby,revel and binley woods,LAB min,Labour,E05008984,888.0,Conservative,2024.0
Rugby,Rokeby and Overslade,1,rugby,rokeby and overslade,LAB min,Labour,E05008985,889.0,Liberal Democrat,2024.0
Rugby,Wolston and the Lawfords,1,rugby,wolston and the lawfords,LAB min,Labour,E05010760,1860.0,Conservative,2024.0
Rugby,Wolvey and Shilton,1,rugby,wolvey and shilton,LAB min,Labour,E05008988,891.0,Conservative,2022.0
Rushmoor,Aldershot Park,1,rushmoor,aldershot park,LAB min,Labour,E05008989,892.0,Labour,2024.0
Rushmoor,Cherrywood,1,rushmoor,cherrywood,LAB min,Labour,E05008990,893.0,Labour,2024.0
Rushmoor,Cove and Southwood,1,rushmoor,cove and southwood,LAB min,Labour,E05008991,894.0,Conservative,2024.0
Rushmoor,Empress,1,rushmoor,empress,LAB min,Labour,E05008992,895.0,Labour,2024.0
Rushmoor,Fernhill,2,rushmoor,fernhill,LAB min,Labour,E05008993,896.0,Conservative,2024.0
Rushmoor,Knellwood,1,rushmoor,knellwood,LAB min,Labour,E05008994,897.0,Conservative,2024.0
Rushmoor,Manor Park,1,rushmoor,manor park,LAB min,Labour,E05008995,898.0,Labour,2024.0
Rushmoor,North Town,1,rushmoor,north town,LAB min,Labour,E05008996,899.0,Labour,2024.0
Rushmoor,Rowhill,1,rushmoor,rowhill,LAB min,Labour,E05008997,900.0,Labour,2024.0
Rushmoor,St John's,1,rushmoor,st john s,LAB min,Labour,E05008998,901.0,Labour,2024.0
Rushmoor,St Mark's,1,rushmoor,st mark s,LAB min,Labour,E05008999,902.0,Liberal Democrat,2024.0
Rushmoor,Wellington,1,rushmoor,wellington,LAB min,Labour,E05009000,903.0,Labour,2024.0
Rushmoor,West Heath,1,rushmoor,west heath,LAB min,Labour,E05009001,904.0,Labour,2024.0
Salford,Barton and Winton,1,salford,barton and winton,LAB Mayor,Labour,E05013018,3761.0,Labour,2024.0
Salford,Blackfriars and Trinity,1,salford,blackfriars and trinity,LAB Mayor,Labour,E05013019,3762.0,Labour,2024.0
Salford,Boothstown and Ellenbrook,1,salford,boothstown and ellenbrook,LAB Mayor,Labour,E05013020,3763.0,Conservative,2024.0
Salford,Broughton,1,salford,broughton,LAB Mayor,Labour,E05013021,3764.0,Labour,2024.0
Salford,Cadishead and Lower Irlam,2,salford,cadishead and lower irlam,LAB Mayor,Labour,E05013022,3765.0,Labour,2024.0
Salford,Claremont,1,salford,claremont,LAB Mayor,Labour,E05013023,3766.0,Labour,2024.0
Salford,Eccles,1,salford,eccles,LAB Mayor,Labour,E05013024,3767.0,Labour,2024.0
Salford,Higher Irlam and Peel Green,1,salford,higher irlam and peel green,LAB Mayor,Labour,E05013025,3768.0,Labour,2024.0
Salford,Kersal and Broughton Park,1,salford,kersal and broughton park,LAB Mayor,Labour,E05013026,3769.0,Conservative,2024.0
Salford,Little Hulton,1,salford,little hulton,LAB Mayor,Labour,E05013027,3770.0,Labour,2024.0
Salford,Ordsall,1,salford,ordsall,LAB Mayor,Labour,E05013028,3771.0,Labour,2024.0
Salford,Pendlebury and Clifton,1,salford,pendlebury and clifton,LAB Mayor,Labour,E05013029,3772.0,Labour,2024.0
Salford,Pendleton and Charlestown,1,salford,pendleton and charlestown,LAB Mayor,Labour,E05013030,3773.0,Labour,2024.0
Salford,Quays,1,salford,quays,LAB Mayor,Labour,E05013031,3774.0,Liberal Democrat,2024.0
Salford,Swinton Park,1,salford,swinton park,LAB Mayor,Labour,E05013033,3776.0,Labour,2024.0
Salford,Swinton and Wardley,1,salford,swinton and wardley,LAB Mayor,Labour,E05013032,3775.0,Labour,2024.0
Salford,Walkden North,1,salford,walkden north,LAB Mayor,Labour,E05013034,3777.0,Labour,2024.0
Salford,Walkden South,1,salford,walkden south,LAB Mayor,Labour,E05013035,3778.0,Labour,2024.0
Salford,Weaste and Seedley,1,salford,weaste and seedley,LAB Mayor,Labour,E05013036,3779.0,Labour,2024.0
Salford,Worsley and Westwood Park,1,salford,worsley and westwood park,LAB Mayor,Labour,E05013037,3780.0,Labour,2024.0
Sandwell,Blackheath,3,sandwell,blackheath,REF,Reform UK,E05001261,147.0,Labour,2024.0
Sandwell,Bristnall,3,sandwell,bristnall,REF,Reform UK,E05001262,148.0,Labour,2024.0
Sandwell,Cradley Heath and Old Hill,3,sandwell,cradley heath and old hill,REF,Reform UK,E05001264,150.0,Labour,2024.0
Sandwell,Great Bridge,3,sandwell,great bridge,REF,Reform UK,E05001267,153.0,Conservative,2024.0
Sandwell,Greets Green and Lyng,3,sandwell,greets green and lyng,REF,Reform UK,E05001268,154.0,Labour,2024.0
Sandwell,Hateley Heath,3,sandwell,hateley heath,REF,Reform UK,E05001269,155.0,Labour,2024.0
Sandwell,Langley,3,sandwell,langley,REF,Reform UK,E05001270,156.0,Labour,2024.0
Sandwell,Oldbury,3,sandwell,oldbury,REF,Reform UK,E05001273,159.0,Labour,2024.0
Sandwell,Old Warley,3,sandwell,old warley,REF,Reform UK,E05001272,158.0,Labour,2024.0
Sandwell,Princes End,3,sandwell,princes end,REF,Reform UK,E05001274,160.0,Labour,2024.0
Sandwell,Rowley,3,sandwell,rowley,REF,Reform UK,E05001275,161.0,Labour,2024.0
Sandwell,Smethwick,3,sandwell,smethwick,REF,Reform UK,E05001277,163.0,Labour,2024.0
Sandwell,Soho and Victoria,3,sandwell,soho and victoria,REF,Reform UK,E05001278,164.0,Labour,2024.0
Sandwell,St Pauls,3,sandwell,st pauls,REF,Reform UK,E05001276,162.0,Labour,2024.0
Sandwell,Tipton Green,3,sandwell,tipton green,REF,Reform UK,E05001279,165.0,Independent,2024.0
Sandwell,Tividale,3,sandwell,tividale,REF,Reform UK,E05001280,166.0,Labour,2024.0
Sandwell,West Bromwich Central,3,sandwell,west bromwich central,REF,Reform UK,E05001283,169.0,Labour,2024.0
Sefton,Ainsdale,3,sefton,ainsdale,LAB,Labour,E05000932,0.0,Liberal Democrat,2024.0
Sefton,Birkdale,3,sefton,birkdale,LAB,Labour,E05000933,1.0,Labour,2024.0
Sefton,Blundellsands,3,sefton,blundellsands,LAB,Labour,E05000934,2.0,Labour,2024.0
Sefton,Cambridge,3,sefton,cambridge,LAB,Labour,E05000935,3.0,Liberal Democrat,2024.0
Sefton,Duke's,3,sefton,duke s,LAB,Labour,E05000938,6.0,Conservative,2024.0
Sefton,Ford,3,sefton,ford,LAB,Labour,E05000939,7.0,Labour,2024.0
Sefton,Kew,3,sefton,kew,LAB,Labour,E05000941,9.0,Labour,2024.0
Sefton,Litherland,3,sefton,litherland,LAB,Labour,E05000943,11.0,Labour,2024.0
Sefton,Meols,3,sefton,meols,LAB,Labour,E05000945,13.0,Liberal Democrat,2024.0
Sefton,Norwood,3,sefton,norwood,LAB,Labour,E05000948,16.0,Labour,2024.0
Sheffield,Beauchief and Greenhill,1,sheffield,beauchief and greenhill,LAB/LD/GRN,Coalition,E05010857,1937.0,Liberal Democrat,2024.0
Sheffield,Beighton,2,sheffield,beighton,LAB/LD/GRN,Coalition,E05010858,1938.0,Liberal Democrat,2024.0
Sheffield,Birley,1,sheffield,birley,LAB/LD/GRN,Coalition,E05010859,1939.0,Labour,2024.0
Sheffield,Broomhill and Sharrow Vale,1,sheffield,broomhill and sharrow vale,LAB/LD/GRN,Coalition,E05010860,1940.0,Green,2024.0
Sheffield,Burngreave,1,sheffield,burngreave,LAB/LD/GRN,Coalition,E05010861,1941.0,Labour,2024.0
Sheffield,City,1,sheffield,city,LAB/LD/GRN,Coalition,E05010862,1942.0,Green,2024.0
Sheffield,Crookes and Crosspool,1,sheffield,crookes and crosspool,LAB/LD/GRN,Coalition,E05010863,1943.0,Labour,2024.0
Sheffield,Darnall,1,sheffield,darnall,LAB/LD/GRN,Coalition,E05010864,1944.0,Independent,2024.0
Sheffield,Dore and Totley,1,sheffield,dore and totley,LAB/LD/GRN,Coalition,E05010865,1945.0,Liberal Democrat,2024.0
Sheffield,East Ecclesfield,1,sheffield,east ecclesfield,LAB/LD/GRN,Coalition,E05010866,1946.0,Liberal Democrat,2024.0
Sheffield,Ecclesall,1,sheffield,ecclesall,LAB/LD/GRN,Coalition,E05010867,1947.0,Green,2024.0
Sheffield,Firth Park,2,sheffield,firth park,LAB/LD/GRN,Coalition,E05010868,1948.0,Labour,2024.0
Sheffield,Fulwood,1,sheffield,fulwood,LAB/LD/GRN,Coalition,E05010869,1949.0,Liberal Democrat,2024.0
Sheffield,Gleadless Valley,1,sheffield,gleadless valley,LAB/LD/GRN,Coalition,E05010870,1950.0,Green,2024.0
Sheffield,Graves Park,1,sheffield,graves park,LAB/LD/GRN,Coalition,E05010871,1951.0,Labour,2024.0
Sheffield,Hillsborough,1,sheffield,hillsborough,LAB/LD/GRN,Coalition,E05010872,1952.0,Green,2024.0
Sheffield,Manor Castle,1,sheffield,manor castle,LAB/LD/GRN,Coalition,E05010873,1953.0,Labour,2024.0
Sheffield,Mosborough,1,sheffield,mosborough,LAB/LD/GRN,Coalition,E05010874,1954.0,Labour,2024.0
Sheffield,Nether Edge and Sharrow,1,sheffield,nether edge and sharrow,LAB/LD/GRN,Coalition,E05010875,1955.0,Green,2024.0
Sheffield,Park and Arbourthorne,1,sheffield,park and arbourthorne,LAB/LD/GRN,Coalition,E05010876,1956.0,Labour,2024.0
Sheffield,Richmond,1,sheffield,richmond,LAB/LD/GRN,Coalition,E05010877,1957.0,Labour,2024.0
Sheffield,Shiregreen and Brightside,1,sheffield,shiregreen and brightside,LAB/LD/GRN,Coalition,E05010878,1958.0,Labour,2024.0
Sheffield,Southey,1,sheffield,southey,LAB/LD/GRN,Coalition,E05010879,1959.0,Labour,2024.0
Sheffield,Stannington,1,sheffield,stannington,LAB/LD/GRN,Coalition,E05010880,1960.0,Liberal Democrat,2024.0
Sheffield,Stocksbridge and Upper Don,1,sheffield,stocksbridge and upper don,LAB/LD/GRN,Coalition,E05016246,6810.0,Labour,2023.0
Sheffield,Walkley,1,sheffield,walkley,LAB/LD/GRN,Coalition,E05010882,1961.0,Labour,2024.0
Sheffield,West Ecclesfield,1,sheffield,west ecclesfield,LAB/LD/GRN,Coalition,E05010883,1962.0,Liberal Democrat,2024.0
Sheffield,Woodhouse,1,sheffield,woodhouse,LAB/LD/GRN,Coalition,E05010884,1963.0,Labour,2024.0
Solihull,Blythe,3,solihull,blythe,TBC,TBC,E05001285,171.0,Conservative,2024.0
Solihull,Castle Bromwich,3,solihull,castle bromwich,TBC,TBC,E05001286,172.0,Conservative,2024.0
Solihull,Chelmsley Wood,3,solihull,chelmsley wood,TBC,TBC,E05001287,173.0,Green,2024.0
Solihull,Dorridge and Hockley Heath,3,solihull,dorridge and hockley heath,TBC,TBC,E05001288,174.0,Conservative,2024.0
Solihull,Elmdon,3,solihull,elmdon,TBC,TBC,E05001289,175.0,Liberal Democrat,2024.0
Solihull,Knowle,3,solihull,knowle,TBC,TBC,E05001291,177.0,Conservative,2024.0
Solihull,Lyndon,3,solihull,lyndon,TBC,TBC,E05001292,178.0,Conservative,2024.0
Solihull,Olton,3,solihull,olton,TBC,TBC,E05001294,180.0,Liberal Democrat,2024.0
Solihull,Shirley South,3,solihull,shirley south,TBC,TBC,E05001297,183.0,Green,2024.0
Solihull,Shirley West,3,solihull,shirley west,TBC,TBC,E05001298,184.0,Conservative,2024.0
Solihull,Silhill,3,solihull,silhill,TBC,TBC,E05001299,185.0,Conservative,2024.0
Southampton,Banister and Polygon,1,southampton,banister and polygon,TBC,TBC,E05015490,6054.0,Labour,2024.0
Southampton,Bargate,1,southampton,bargate,TBC,TBC,E05015491,6055.0,Labour,2024.0
Southampton,Bassett,1,southampton,bassett,TBC,TBC,E05015492,6056.0,Liberal Democrat,2024.0
Southampton,Bevois,1,southampton,bevois,TBC,TBC,E05015493,6057.0,Labour,2024.0
Southampton,Bitterne Park,1,southampton,bitterne park,TBC,TBC,E05015494,6058.0,Labour,2024.0
Southampton,Coxford,1,southampton,coxford,TBC,TBC,E05015495,6059.0,Labour,2024.0
Southampton,Freemantle,1,southampton,freemantle,TBC,TBC,E05015496,6060.0,Labour,2024.0
Southampton,Harefield,1,southampton,harefield,TBC,TBC,E05015497,6061.0,Conservative,2024.0
Southampton,Millbrook,1,southampton,millbrook,TBC,TBC,E05015498,6062.0,Labour,2024.0
Southampton,Peartree,1,southampton,peartree,TBC,TBC,E05015499,6063.0,Labour,2024.0
Southampton,Portswood,1,southampton,portswood,TBC,TBC,E05015500,6064.0,Labour,2024.0
Southampton,Redbridge,1,southampton,redbridge,TBC,TBC,E05015501,6065.0,Labour,2024.0
Southampton,Shirley,1,southampton,shirley,TBC,TBC,E05015502,6066.0,Labour,2024.0
Southampton,Sholing,1,southampton,sholing,TBC,TBC,E05015503,6067.0,Conservative,2024.0
Southampton,Swaythling,1,southampton,swaythling,TBC,TBC,E05015504,6068.0,Liberal Democrat,2024.0
Southampton,Thornhill,1,southampton,thornhill,TBC,TBC,E05015505,6069.0,Labour,2024.0
Southampton,Woolston,1,southampton,woolston,TBC,TBC,E05015506,6070.0,Conservative,2024.0
South Cambridgeshire,Balsham,1,south cambridgeshire,balsham,LD,Liberal Democrat,E05011282,2343.0,Liberal Democrat,2022.0
South Cambridgeshire,Bar Hill,1,south cambridgeshire,bar hill,LD,Liberal Democrat,E05011283,2344.0,Conservative,2022.0
South Cambridgeshire,Barrington,1,south cambridgeshire,barrington,LD,Liberal Democrat,E05011284,2345.0,Liberal Democrat,2022.0
South Cambridgeshire,Bassingbourn,1,south cambridgeshire,bassingbourn,LD,Liberal Democrat,E05011285,2346.0,Liberal Democrat,2022.0
South Cambridgeshire,Caldecote,1,south cambridgeshire,caldecote,LD,Liberal Democrat,E05011286,2347.0,Liberal Democrat,2022.0
South Cambridgeshire,Cambourne,3,south cambridgeshire,cambourne,LD,Liberal Democrat,E05014031,4601.0,Liberal Democrat,2022.0
South Cambridgeshire,Caxton and Papworth,2,south cambridgeshire,caxton and papworth,LD,Liberal Democrat,E05014032,4602.0,Conservative,2022.0
South Cambridgeshire,Cottenham,2,south cambridgeshire,cottenham,LD,Liberal Democrat,E05011289,2348.0,Liberal Democrat,2022.0
South Cambridgeshire,Duxford,1,south cambridgeshire,duxford,LD,Liberal Democrat,E05014169,4739.0,Liberal Democrat,2022.0
South Cambridgeshire,Fen Ditton and Fulbourn,3,south cambridgeshire,fen ditton and fulbourn,LD,Liberal Democrat,E05011291,2349.0,Liberal Democrat,2022.0
South Cambridgeshire,Foxton,1,south cambridgeshire,foxton,LD,Liberal Democrat,E05011292,2350.0,Liberal Democrat,2022.0
South Cambridgeshire,Gamlingay,1,south cambridgeshire,gamlingay,LD,Liberal Democrat,E05011293,2351.0,Liberal Democrat,2022.0
South Cambridgeshire,Girton,2,south cambridgeshire,girton,LD,Liberal Democrat,E05011294,2352.0,Liberal Democrat,2022.0
South Cambridgeshire,Hardwick,1,south cambridgeshire,hardwick,LD,Liberal Democrat,E05011295,2353.0,Conservative,2022.0
South Cambridgeshire,Harston and Comberton,3,south cambridgeshire,harston and comberton,LD,Liberal Democrat,E05011296,2354.0,Liberal Democrat,2022.0
South Cambridgeshire,Histon and Impington,3,south cambridgeshire,histon and impington,LD,Liberal Democrat,E05011297,2355.0,Liberal Democrat,2022.0
South Cambridgeshire,Linton,2,south cambridgeshire,linton,LD,Liberal Democrat,E05011298,2356.0,Liberal Democrat,2022.0
South Cambridgeshire,Longstanton,2,south cambridgeshire,longstanton,LD,Liberal Democrat,E05013880,4452.0,Liberal Democrat,2022.0
South Cambridgeshire,Melbourn,2,south cambridgeshire,melbourn,LD,Liberal Democrat,E05011300,2357.0,Liberal Democrat,2022.0
South Cambridgeshire,Milton and Waterbeach,3,south cambridgeshire,milton and waterbeach,LD,Liberal Democrat,E05011301,2358.0,Liberal Democrat,2022.0
South Cambridgeshire,Over and Willingham,2,south cambridgeshire,over and willingham,LD,Liberal Democrat,E05013881,4453.0,Liberal Democrat,2022.0
South Cambridgeshire,Sawston,2,south cambridgeshire,sawston,LD,Liberal Democrat,E05014170,4740.0,Liberal Democrat,2022.0
South Cambridgeshire,Shelford,2,south cambridgeshire,shelford,LD,Liberal Democrat,E05011304,2359.0,Liberal Democrat,2022.0
South Cambridgeshire,Swavesey,1,south cambridgeshire,swavesey,LD,Liberal Democrat,E05011305,2360.0,Conservative,2022.0
South Cambridgeshire,The Mordens,1,south cambridgeshire,the mordens,LD,Liberal Democrat,E05011306,2361.0,Conservative,2022.0
South Cambridgeshire,Whittlesford,1,south cambridgeshire,whittlesford,LD,Liberal Democrat,E05011307,2362.0,Conservative,2022.0
Southend-on-Sea,Belfairs,1,southend on sea,belfairs,LAB/IND/LD,Coalition,E05002212,352.0,Conservative,2024.0
Southend-on-Sea,Blenheim Park,1,southend on sea,blenheim park,LAB/IND/LD,Coalition,E05002213,353.0,Labour,2024.0
Southend-on-Sea,Chalkwell,1,southend on sea,chalkwell,LAB/IND/LD,Coalition,E05002214,354.0,Conservative,2024.0
Southend-on-Sea,Eastwood Park,1,southend on sea,eastwood park,LAB/IND/LD,Coalition,E05002215,355.0,Liberal Democrat,2024.0
Southend-on-Sea,Kursaal,1,southend on sea,kursaal,LAB/IND/LD,Coalition,E05002216,356.0,Labour,2024.0
Southend-on-Sea,Leigh,1,southend on sea,leigh,LAB/IND/LD,Coalition,E05002217,357.0,Green,2024.0
Southend-on-Sea,Milton,1,southend on sea,milton,LAB/IND/LD,Coalition,E05002218,358.0,Labour,2024.0
Southend-on-Sea,Prittlewell,1,southend on sea,prittlewell,LAB/IND/LD,Coalition,E05002219,359.0,Conservative,2024.0
Southend-on-Sea,Shoeburyness,1,southend on sea,shoeburyness,LAB/IND/LD,Coalition,E05002222,362.0,Conservative,2024.0
Southend-on-Sea,Southchurch,1,southend on sea,southchurch,LAB/IND/LD,Coalition,E05002223,363.0,Conservative,2024.0
Southend-on-Sea,St Laurence,1,southend on sea,st laurence,LAB/IND/LD,Coalition,E05002220,360.0,Labour,2024.0
Southend-on-Sea,St Luke's,1,southend on sea,st luke s,LAB/IND/LD,Coalition,E05002221,361.0,Labour,2024.0
Southend-on-Sea,Thorpe,1,southend on sea,thorpe,LAB/IND/LD,Coalition,E05002224,364.0,Independent,2024.0
Southend-on-Sea,Victoria,1,southend on sea,victoria,LAB/IND/LD,Coalition,E05002225,365.0,Labour,2024.0
Southend-on-Sea,Westborough,1,southend on sea,westborough,LAB/IND/LD,Coalition,E05002226,366.0,Labour,2024.0
Southend-on-Sea,West Leigh,1,southend on sea,west leigh,LAB/IND/LD,Coalition,E05002227,367.0,Conservative,2024.0
Southend-on-Sea,West Shoebury,1,southend on sea,west shoebury,LAB/IND/LD,Coalition,E05002228,368.0,Conservative,2024.0
South Tyneside,Beacon and Bents,3,south tyneside,beacon and bents,REF,Reform UK,E05001135,85.0,Green,2024.0
South Tyneside,Bede,3,south tyneside,bede,REF,Reform UK,E05001136,86.0,Independent,2024.0
South Tyneside,Biddick and All Saints,3,south tyneside,biddick and all saints,REF,Reform UK,E05001137,87.0,Green,2024.0
South Tyneside,Boldon Colliery,3,south tyneside,boldon colliery,REF,Reform UK,E05001138,88.0,Independent,2024.0
South Tyneside,Fellgate and Hedworth,3,south tyneside,fellgate and hedworth,REF,Reform UK,E05001141,91.0,Independent,2024.0
South Tyneside,Harton,3,south tyneside,harton,REF,Reform UK,E05001142,92.0,Independent,2024.0
South Tyneside,Hebburn North,3,south tyneside,hebburn north,REF,Reform UK,E05001143,93.0,Labour,2024.0
South Tyneside,Hebburn South,3,south tyneside,hebburn south,REF,Reform UK,E05001144,94.0,Labour,2024.0
South Tyneside,Monkton,3,south tyneside,monkton,REF,Reform UK,E05001146,96.0,Labour,2024.0
South Tyneside,Primrose,3,south tyneside,primrose,REF,Reform UK,E05001147,97.0,Independent,2024.0
South Tyneside,Simonside and Rekendyke,3,south tyneside,simonside and rekendyke,REF,Reform UK,E05001148,98.0,Independent,2024.0
South Tyneside,Westoe,3,south tyneside,westoe,REF,Reform UK,E05001149,99.0,Independent,2024.0
South Tyneside,West Park,3,south tyneside,west park,REF,Reform UK,E05001150,100.0,Green,2024.0
South Tyneside,Whitburn and Marsden,3,south tyneside,whitburn and marsden,REF,Reform UK,E05001151,101.0,Labour,2024.0
South Tyneside,Whiteleas,3,south tyneside,whiteleas,REF,Reform UK,E05001152,102.0,Independent,2024.0
Southwark,Borough and Bankside,3,southwark,borough and bankside,TBC,TBC,E05011095,2156.0,Liberal Democrat,2022.0
Southwark,Camberwell Green,3,southwark,camberwell green,TBC,TBC,E05011096,2157.0,Labour,2022.0
Southwark,Champion Hill,2,southwark,champion hill,TBC,TBC,E05011097,2158.0,Labour,2022.0
Southwark,Chaucer,3,southwark,chaucer,TBC,TBC,E05011098,2159.0,Labour,2022.0
Southwark,Dulwich Hill,2,southwark,dulwich hill,TBC,TBC,E05011099,2160.0,Labour,2022.0
Southwark,Dulwich Village,2,southwark,dulwich village,TBC,TBC,E05011100,2161.0,Labour,2022.0
Southwark,Dulwich Wood,2,southwark,dulwich wood,TBC,TBC,E05011101,2162.0,Labour,2022.0
Southwark,Faraday,3,southwark,faraday,TBC,TBC,E05011102,2163.0,Labour,2022.0
Southwark,Goose Green,3,southwark,goose green,TBC,TBC,E05011103,2164.0,Labour,2022.0
Southwark,London Bridge and West Bermondsey,3,southwark,london bridge and west bermondsey,TBC,TBC,E05011104,2165.0,Labour,2022.0
Southwark,Newington,3,southwark,newington,TBC,TBC,E05011105,2166.0,Labour,2022.0
Southwark,North Bermondsey,3,southwark,north bermondsey,TBC,TBC,E05011106,2167.0,Liberal Democrat,2022.0
Southwark,North Walworth,3,southwark,north walworth,TBC,TBC,E05011107,2168.0,Labour,2022.0
Southwark,Nunhead and Queen's Road,3,southwark,nunhead and queen s road,TBC,TBC,E05011108,2169.0,Labour,2022.0
Southwark,Old Kent Road,3,southwark,old kent road,TBC,TBC,E05011109,2170.0,Labour,2022.0
Southwark,Peckham,3,southwark,peckham,TBC,TBC,E05011110,2171.0,Labour,2022.0
Southwark,Peckham Rye,2,southwark,peckham rye,TBC,TBC,E05011111,2172.0,Labour,2022.0
Southwark,Rotherhithe,3,southwark,rotherhithe,TBC,TBC,E05011112,2173.0,Labour,2022.0
Southwark,Rye Lane,3,southwark,rye lane,TBC,TBC,E05011113,2174.0,Labour,2022.0
Southwark,South Bermondsey,3,southwark,south bermondsey,TBC,TBC,E05011116,2177.0,Labour,2022.0
Southwark,St George's,2,southwark,st george s,TBC,TBC,E05011114,2175.0,Liberal Democrat,2022.0
Southwark,St Giles,3,southwark,st giles,TBC,TBC,E05011115,2176.0,Labour,2022.0
Southwark,Surrey Docks,3,southwark,surrey docks,TBC,TBC,E05011117,2178.0,Liberal Democrat,2022.0
St Albans,Batchwood,1,st albans,batchwood,LD,Liberal Democrat,E05013947,4519.0,Liberal Democrat,2024.0
St Albans,Bernards Heath,1,st albans,bernards heath,LD,Liberal Democrat,E05013948,4520.0,Liberal Democrat,2024.0
St Albans,Clarence,1,st albans,clarence,LD,Liberal Democrat,E05013949,4521.0,Liberal Democrat,2024.0
St Albans,Colney Heath,1,st albans,colney heath,LD,Liberal Democrat,E05013950,4522.0,Liberal Democrat,2022.0
St Albans,Cunningham,1,st albans,cunningham,LD,Liberal Democrat,E05013951,4523.0,Liberal Democrat,2024.0
St Albans,Harpenden East,1,st albans,harpenden east,LD,Liberal Democrat,E05013952,4524.0,Liberal Democrat,2024.0
St Albans,Harpenden North and Rural,1,st albans,harpenden north and rural,LD,Liberal Democrat,E05013953,4525.0,Liberal Democrat,2024.0
St Albans,Harpenden South,1,st albans,harpenden south,LD,Liberal Democrat,E05013954,4526.0,Conservative,2024.0
St Albans,Harpenden West,1,st albans,harpenden west,LD,Liberal Democrat,E05013955,4527.0,Liberal Democrat,2024.0
St Albans,Hill End,1,st albans,hill end,LD,Liberal Democrat,E05013956,4528.0,Liberal Democrat,2024.0
St Albans,London Colney,1,st albans,london colney,LD,Liberal Democrat,E05013957,4529.0,Labour,2024.0
St Albans,Marshalswick East and Jersey Farm,1,st albans,marshalswick east and jersey farm,LD,Liberal Democrat,E05015801,6365.0,Liberal Democrat,2024.0
St Albans,Marshalswick West,1,st albans,marshalswick west,LD,Liberal Democrat,E05015802,6366.0,Liberal Democrat,2024.0
St Albans,Park Street,1,st albans,park street,LD,Liberal Democrat,E05013960,4530.0,Liberal Democrat,2024.0
St Albans,Redbourn,1,st albans,redbourn,LD,Liberal Democrat,E05013961,4531.0,Independent,2022.0
St Albans,Sandridge and Wheathampstead,2,st albans,sandridge and wheathampstead,LD,Liberal Democrat,E05013962,4532.0,Liberal Democrat,2024.0
St Albans,Sopwell,1,st albans,sopwell,LD,Liberal Democrat,E05013963,4533.0,Liberal Democrat,2024.0
St Albans,St Peters,1,st albans,st peters,LD,Liberal Democrat,E05013964,4534.0,Green,2024.0
St Albans,St Stephen,2,st albans,st stephen,LD,Liberal Democrat,E05013965,4535.0,Liberal Democrat,2024.0
St Albans,Verulam,1,st albans,verulam,LD,Liberal Democrat,E05013966,4536.0,Liberal Democrat,2024.0
Stevenage,Almond Hill,1,stevenage,almond hill,LAB,Labour,E05015624,6188.0,Labour,2024.0
Stevenage,Bandley Hill and Poplars,1,stevenage,bandley hill and poplars,LAB,Labour,E05015625,6189.0,Labour,2024.0
Stevenage,Bedwell,1,stevenage,bedwell,LAB,Labour,E05015626,6190.0,Labour,2024.0
Stevenage,Chells,1,stevenage,chells,LAB,Labour,E05015627,6191.0,Liberal Democrat,2024.0
Stevenage,Longmeadow,1,stevenage,longmeadow,LAB,Labour,E05015628,6192.0,Labour,2024.0
Stevenage,Manor,1,stevenage,manor,LAB,Labour,E05015629,6193.0,Liberal Democrat,2024.0
Stevenage,Martins Wood,1,stevenage,martins wood,LAB,Labour,E05015630,6194.0,Labour,2024.0
Stevenage,Old Town,1,stevenage,old town,LAB,Labour,E05015631,6195.0,Labour,2024.0
Stevenage,Roebuck,1,stevenage,roebuck,LAB,Labour,E05015632,6196.0,Labour,2024.0
Stevenage,Shephall,1,stevenage,shephall,LAB,Labour,E05015633,6197.0,Labour,2024.0
Stevenage,St Nicholas,2,stevenage,st nicholas,LAB,Labour,E05015634,6198.0,Labour,2024.0
Stevenage,Symonds Green,1,stevenage,symonds green,LAB,Labour,E05015635,6199.0,Labour,2024.0
Stevenage,Woodfield,1,stevenage,woodfield,LAB,Labour,E05015636,6200.0,Conservative,2024.0
St Helens,Billinge and Seneley Green,3,st helens,billinge and seneley green,REF,Reform UK,E05014120,4690.0,Independent,2022.0
St Helens,Blackbrook,3,st helens,blackbrook,REF,Reform UK,E05014121,4691.0,Labour,2022.0
St Helens,Bold and Lea Green,3,st helens,bold and lea green,REF,Reform UK,E05014122,4692.0,Green,2022.0
St Helens,Eccleston,3,st helens,eccleston,REF,Reform UK,E05014123,4693.0,Liberal Democrat,2022.0
St Helens,Haydock,3,st helens,haydock,REF,Reform UK,E05014124,4694.0,Green,2022.0
St Helens,Moss Bank,3,st helens,moss bank,REF,Reform UK,E05014125,4695.0,Labour,2022.0
St Helens,Newton-le-Willows East,3,st helens,newton le willows east,REF,Reform UK,E05014126,4696.0,Labour,2022.0
St Helens,Newton-le-Willows West,3,st helens,newton le willows west,REF,Reform UK,E05014127,4697.0,Independent,2022.0
St Helens,Parr,3,st helens,parr,REF,Reform UK,E05014128,4698.0,Labour,2022.0
St Helens,Peasley Cross and Fingerpost,1,st helens,peasley cross and fingerpost,REF,Reform UK,E05014129,4699.0,Labour,2022.0
St Helens,Rainford,2,st helens,rainford,REF,Reform UK,E05014130,4700.0,Conservative,2022.0
St Helens,Rainhill,3,st helens,rainhill,REF,Reform UK,E05014131,4701.0,Independent,2022.0
St Helens,Sutton North West,2,st helens,sutton north west,REF,Reform UK,E05014133,4703.0,Labour,2022.0
St Helens,Sutton South East,2,st helens,sutton south east,REF,Reform UK,E05014134,4704.0,Liberal Democrat,2022.0
St Helens,Thatto Heath,3,st helens,thatto heath,REF,Reform UK,E05014135,4705.0,Labour,2022.0
St Helens,West Park,3,st helens,west park,REF,Reform UK,E05014136,4706.0,Labour,2022.0
St Helens,Windle,3,st helens,windle,REF,Reform UK,E05014137,4707.0,Labour,2022.0
Stockport,Bramhall North,1,stockport,bramhall north,LD,Liberal Democrat,E05015014,5578.0,Liberal Democrat,2024.0
Stockport,Bramhall South and Woodford,1,stockport,bramhall south and woodford,LD,Liberal Democrat,E05015015,5579.0,Liberal Democrat,2024.0
Stockport,Bredbury Green and Romiley,1,stockport,bredbury green and romiley,LD,Liberal Democrat,E05015017,5581.0,Liberal Democrat,2024.0
Stockport,Bredbury and Woodley,1,stockport,bredbury and woodley,LD,Liberal Democrat,E05015016,5580.0,Labour,2024.0
Stockport,Brinnington and Stockport Central,1,stockport,brinnington and stockport central,LD,Liberal Democrat,E05015018,5582.0,Labour,2024.0
Stockport,Cheadle East and Cheadle Hulme North,1,stockport,cheadle east and cheadle hulme north,LD,Liberal Democrat,E05015019,5583.0,Liberal Democrat,2024.0
Stockport,Cheadle Hulme South,1,stockport,cheadle hulme south,LD,Liberal Democrat,E05015020,5584.0,Liberal Democrat,2024.0
Stockport,Cheadle West and Gatley,1,stockport,cheadle west and gatley,LD,Liberal Democrat,E05015021,5585.0,Liberal Democrat,2024.0
Stockport,Davenport and Cale Green,1,stockport,davenport and cale green,LD,Liberal Democrat,E05015022,5586.0,Labour,2024.0
Stockport,Edgeley,1,stockport,edgeley,LD,Liberal Democrat,E05015023,5587.0,Other,2024.0
Stockport,Hazel Grove,1,stockport,hazel grove,LD,Liberal Democrat,E05015024,5588.0,Liberal Democrat,2024.0
Stockport,Heald Green,1,stockport,heald green,LD,Liberal Democrat,E05015025,5589.0,Other,2024.0
Stockport,Heatons North,1,stockport,heatons north,LD,Liberal Democrat,E05015026,5590.0,Labour,2024.0
Stockport,Heatons South,1,stockport,heatons south,LD,Liberal Democrat,E05015027,5591.0,Labour,2024.0
Stockport,Manor,1,stockport,manor,LD,Liberal Democrat,E05015028,5592.0,Labour,2024.0
Stockport,Marple North,1,stockport,marple north,LD,Liberal Democrat,E05015029,5593.0,Liberal Democrat,2024.0
Stockport,Marple South and High Lane,1,stockport,marple south and high lane,LD,Liberal Democrat,E05015030,5594.0,Liberal Democrat,2024.0
Stockport,Norbury and Woodsmoor,1,stockport,norbury and woodsmoor,LD,Liberal Democrat,E05015031,5595.0,Liberal Democrat,2024.0
Stockport,Offerton,1,stockport,offerton,LD,Liberal Democrat,E05015032,5596.0,Liberal Democrat,2024.0
Stockport,Reddish North,1,stockport,reddish north,LD,Liberal Democrat,E05015033,5597.0,Labour,2024.0
Stockport,Reddish South,1,stockport,reddish south,LD,Liberal Democrat,E05015034,5598.0,Green,2024.0
Sunderland,Fulwell,3,sunderland,fulwell,REF,Reform UK,E05001157,107.0,Conservative,2024.0
Sunderland,Hetton,3,sunderland,hetton,REF,Reform UK,E05001159,109.0,Labour,2024.0
Sunderland,Ryhope,3,sunderland,ryhope,REF,Reform UK,E05001164,114.0,Labour,2024.0
Sunderland,Southwick,3,sunderland,southwick,REF,Reform UK,E05001172,122.0,Labour,2024.0
Sunderland,Washington Central,3,sunderland,washington central,REF,Reform UK,E05001173,123.0,Labour,2024.0
Sunderland,Washington East,3,sunderland,washington east,REF,Reform UK,E05001174,124.0,Labour,2024.0
Sunderland,Washington North,3,sunderland,washington north,REF,Reform UK,E05001175,125.0,Labour,2024.0
Sunderland,Washington South,3,sunderland,washington south,REF,Reform UK,E05001176,126.0,Labour,2024.0
Sunderland,Washington West,3,sunderland,washington west,REF,Reform UK,E05001177,127.0,Labour,2024.0
Sutton,Beddington,3,sutton,beddington,LD,Liberal Democrat,E05013754,4328.0,Independent,2022.0
Sutton,Belmont,3,sutton,belmont,LD,Liberal Democrat,E05013755,4329.0,Conservative,2022.0
Sutton,Carshalton Central,3,sutton,carshalton central,LD,Liberal Democrat,E05013756,4330.0,Liberal Democrat,2022.0
Sutton,Carshalton South and Clockhouse,3,sutton,carshalton south and clockhouse,LD,Liberal Democrat,E05013757,4331.0,Conservative,2022.0
Sutton,Cheam,3,sutton,cheam,LD,Liberal Democrat,E05013758,4332.0,Conservative,2022.0
Sutton,Hackbridge,2,sutton,hackbridge,LD,Liberal Democrat,E05013759,4333.0,Labour,2022.0
Sutton,North Cheam,3,sutton,north cheam,LD,Liberal Democrat,E05013760,4334.0,Conservative,2022.0
Sutton,South Beddington and Roundshaw,3,sutton,south beddington and roundshaw,LD,Liberal Democrat,E05013763,4337.0,Conservative,2022.0
Sutton,St Helier East,2,sutton,st helier east,LD,Liberal Democrat,E05013761,4335.0,Liberal Democrat,2022.0
Sutton,St Helier West,3,sutton,st helier west,LD,Liberal Democrat,E05013762,4336.0,Labour,2022.0
Sutton,Stonecot,2,sutton,stonecot,LD,Liberal Democrat,E05013764,4338.0,Liberal Democrat,2022.0
Sutton,Sutton Central,3,sutton,sutton central,LD,Liberal Democrat,E05013765,4339.0,Liberal Democrat,2022.0
Sutton,Sutton North,3,sutton,sutton north,LD,Liberal Democrat,E05013766,4340.0,Liberal Democrat,2022.0
Sutton,Sutton South,3,sutton,sutton south,LD,Liberal Democrat,E05013767,4341.0,Liberal Democrat,2022.0
Sutton,Sutton West and East Cheam,3,sutton,sutton west and east cheam,LD,Liberal Democrat,E05013768,4342.0,Liberal Democrat,2022.0
Sutton,The Wrythe,3,sutton,the wrythe,LD,Liberal Democrat,E05013769,4343.0,Liberal Democrat,2022.0
Sutton,Wallington North,3,sutton,wallington north,LD,Liberal Democrat,E05013770,4344.0,Liberal Democrat,2022.0
Sutton,Wallington South,3,sutton,wallington south,LD,Liberal Democrat,E05013771,4345.0,Liberal Democrat,2022.0
Sutton,Worcester Park North,2,sutton,worcester park north,LD,Liberal Democrat,E05013772,4346.0,Conservative,2022.0
Sutton,Worcester Park South,2,sutton,worcester park south,LD,Liberal Democrat,E05013773,4347.0,Conservative,2022.0
Swindon,Haydon Wick,3,swindon,haydon wick,TBC,TBC,E05010756,1856.0,Labour,2024.0
Swindon,Priory Vale,3,swindon,priory vale,TBC,TBC,E05008965,871.0,Labour,2024.0
Swindon,Rodbourne Cheney,2,swindon,rodbourne cheney,TBC,TBC,E05008967,873.0,Labour,2024.0
Swindon,Wroughton and Wichelstowe,3,swindon,wroughton and wichelstowe,TBC,TBC,E05008972,878.0,Conservative,2024.0
Tameside,Ashton Hurst,1,tameside,ashton hurst,TBC,TBC,E05014519,5089.0,Labour,2024.0
Tameside,Ashton St Michael's,1,tameside,ashton st michael s,TBC,TBC,E05014520,5090.0,Labour,2024.0
Tameside,Ashton Waterloo,1,tameside,ashton waterloo,TBC,TBC,E05014521,5091.0,Labour,2024.0
Tameside,Audenshaw,1,tameside,audenshaw,TBC,TBC,E05014522,5092.0,Labour,2024.0
Tameside,Denton North East,1,tameside,denton north east,TBC,TBC,E05014523,5093.0,Labour,2024.0
Tameside,Denton South,1,tameside,denton south,TBC,TBC,E05014524,5094.0,Labour,2024.0
Tameside,Denton West,1,tameside,denton west,TBC,TBC,E05014525,5095.0,Labour,2024.0
Tameside,Droylsden East,1,tameside,droylsden east,TBC,TBC,E05014526,5096.0,Labour,2024.0
Tameside,Droylsden West,1,tameside,droylsden west,TBC,TBC,E05014527,5097.0,Labour,2024.0
Tameside,Dukinfield,1,tameside,dukinfield,TBC,TBC,E05014528,5098.0,Labour,2024.0
Tameside,Dukinfield Stalybridge,1,tameside,dukinfield stalybridge,TBC,TBC,E05014529,5099.0,Labour,2024.0
Tameside,Hyde Godley,1,tameside,hyde godley,TBC,TBC,E05014530,5100.0,Conservative,2024.0
Tameside,Hyde Newton,1,tameside,hyde newton,TBC,TBC,E05014531,5101.0,Labour,2024.0
Tameside,Hyde Werneth,1,tameside,hyde werneth,TBC,TBC,E05014532,5102.0,Conservative,2024.0
Tameside,Longdendale,1,tameside,longdendale,TBC,TBC,E05014533,5103.0,Labour,2024.0
Tameside,Mossley,1,tameside,mossley,TBC,TBC,E05014534,5104.0,Labour,2024.0
Tameside,Stalybridge North,1,tameside,stalybridge north,TBC,TBC,E05014536,5106.0,Independent,2024.0
Tameside,Stalybridge South,1,tameside,stalybridge south,TBC,TBC,E05014537,5107.0,Conservative,2024.0
Tameside,St Peter's,1,tameside,st peter s,TBC,TBC,E05014535,5105.0,Independent,2024.0
Tamworth,Amington,1,tamworth,amington,LAB min,Labour,E05007066,707.0,Labour,2024.0
Tamworth,Belgrave,1,tamworth,belgrave,LAB min,Labour,E05007067,708.0,Labour,2024.0
Tamworth,Bolehall,1,tamworth,bolehall,LAB min,Labour,E05007068,709.0,Labour,2024.0
Tamworth,Castle,1,tamworth,castle,LAB min,Labour,E05007069,710.0,Labour,2024.0
Tamworth,Glascote,1,tamworth,glascote,LAB min,Labour,E05007070,711.0,Labour,2024.0
Tamworth,Mercian,1,tamworth,mercian,LAB min,Labour,E05007071,712.0,Labour,2024.0
Tamworth,Spital,1,tamworth,spital,LAB min,Labour,E05007072,713.0,Labour,2024.0
Tamworth,Stonydelph,1,tamworth,stonydelph,LAB min,Labour,E05007073,714.0,Labour,2024.0
Tamworth,Trinity,1,tamworth,trinity,LAB min,Labour,E05007074,715.0,Conservative,2024.0
Three Rivers,Abbots Langley and Bedmond,1,three rivers,abbots langley and bedmond,LD min,Liberal Democrat,E05009425,1033.0,Liberal Democrat,2024.0
Three Rivers,Carpenders Park,1,three rivers,carpenders park,LD min,Liberal Democrat,E05009426,1034.0,Conservative,2024.0
Three Rivers,Chorleywood North and Sarratt,1,three rivers,chorleywood north and sarratt,LD min,Liberal Democrat,E05009427,1035.0,Conservative,2024.0
Three Rivers,Chorleywood South and Maple Cross,1,three rivers,chorleywood south and maple cross,LD min,Liberal Democrat,E05009428,1036.0,Liberal Democrat,2024.0
Three Rivers,Dickinsons,1,three rivers,dickinsons,LD min,Liberal Democrat,E05009429,1037.0,Green,2024.0
Three Rivers,Durrants,1,three rivers,durrants,LD min,Liberal Democrat,E05009430,1038.0,Liberal Democrat,2024.0
Three Rivers,Gade Valley,1,three rivers,gade valley,LD min,Liberal Democrat,E05009431,1039.0,Liberal Democrat,2024.0
Three Rivers,Leavesden,1,three rivers,leavesden,LD min,Liberal Democrat,E05009432,1040.0,Liberal Democrat,2024.0
Three Rivers,Moor Park and Eastbury,1,three rivers,moor park and eastbury,LD min,Liberal Democrat,E05009433,1041.0,Conservative,2024.0
Three Rivers,Oxhey Hall and Hayling,1,three rivers,oxhey hall and hayling,LD min,Liberal Democrat,E05009434,1042.0,Liberal Democrat,2024.0
Three Rivers,Penn and Mill End,1,three rivers,penn and mill end,LD min,Liberal Democrat,E05009435,1043.0,Liberal Democrat,2024.0
Three Rivers,Rickmansworth Town,1,three rivers,rickmansworth town,LD min,Liberal Democrat,E05009436,1044.0,Conservative,2024.0
Three Rivers,South Oxhey,1,three rivers,south oxhey,LD min,Liberal Democrat,E05009437,1045.0,Labour,2024.0
Thurrock,Belhus,3,thurrock,belhus,REF,Reform UK,E05002230,370.0,Labour,2024.0
Thurrock,Chadwell St Mary,3,thurrock,chadwell st mary,REF,Reform UK,E05002231,371.0,Labour,2024.0
Thurrock,Corringham and Fobbing,3,thurrock,corringham and fobbing,REF,Reform UK,E05002233,373.0,Independent,2024.0
Thurrock,Grays Riverside,3,thurrock,grays riverside,REF,Reform UK,E05002235,375.0,Labour,2024.0
Thurrock,Little Thurrock Blackshots,2,thurrock,little thurrock blackshots,REF,Reform UK,E05002237,377.0,Labour,2024.0
Thurrock,Little Thurrock Rectory,2,thurrock,little thurrock rectory,REF,Reform UK,E05002238,378.0,Conservative,2022.0
Thurrock,Ockendon,3,thurrock,ockendon,REF,Reform UK,E05002239,379.0,Labour,2024.0
Thurrock,Tilbury St Chads,2,thurrock,tilbury st chads,REF,Reform UK,E05002247,387.0,Labour,2024.0
Thurrock,West Thurrock and South Stifford,2,thurrock,west thurrock and south stifford,REF,Reform UK,E05002248,388.0,Labour,2024.0
Tower Hamlets,Bethnal Green East,3,tower hamlets,bethnal green east,Aspire Mayor,Aspire,E05009317,941.0,Labour,2022.0
Tower Hamlets,Bethnal Green West,3,tower hamlets,bethnal green west,Aspire Mayor,Aspire,E05009331,955.0,,
Tower Hamlets,Blackwall and Cubitt Town,3,tower hamlets,blackwall and cubitt town,Aspire Mayor,Aspire,E05009318,942.0,Labour,2022.0
Tower Hamlets,Bow East,3,tower hamlets,bow east,Aspire Mayor,Aspire,E05009319,943.0,Labour,2022.0
Tower Hamlets,Bow West,2,tower hamlets,bow west,Aspire Mayor,Aspire,E05009320,944.0,Labour,2022.0
Tower Hamlets,Bromley North,2,tower hamlets,bromley north,Aspire Mayor,Aspire,E05009321,945.0,Labour,2022.0
Tower Hamlets,Bromley South,2,tower hamlets,bromley south,Aspire Mayor,Aspire,E05009322,946.0,Labour,2022.0
Tower Hamlets,Canary Wharf,2,tower hamlets,canary wharf,Aspire Mayor,Aspire,E05009323,947.0,Independent,2022.0
Tower Hamlets,Island Gardens,2,tower hamlets,island gardens,Aspire Mayor,Aspire,E05009324,948.0,Conservative,2022.0
Tower Hamlets,Lansbury,3,tower hamlets,lansbury,Aspire Mayor,Aspire,E05009325,949.0,Labour,2022.0
Tower Hamlets,Limehouse,1,tower hamlets,limehouse,Aspire Mayor,Aspire,E05009326,950.0,Labour,2022.0
Tower Hamlets,Mile End,3,tower hamlets,mile end,Aspire Mayor,Aspire,E05009327,951.0,Labour,2022.0
Tower Hamlets,Poplar,1,tower hamlets,poplar,Aspire Mayor,Aspire,E05009328,952.0,Labour,2022.0
Tower Hamlets,Shadwell,2,tower hamlets,shadwell,Aspire Mayor,Aspire,E05009332,956.0,Liberal Democrat,2022.0
Tower Hamlets,Spitalfields and Banglatown,2,tower hamlets,spitalfields and banglatown,Aspire Mayor,Aspire,E05009333,957.0,Labour,2022.0
Tower Hamlets,St Dunstan's,2,tower hamlets,st dunstan s,Aspire Mayor,Aspire,E05009329,953.0,Labour,2022.0
Tower Hamlets,Stepney Green,2,tower hamlets,stepney green,Aspire Mayor,Aspire,E05009334,958.0,Labour,2022.0
Tower Hamlets,St Katharine's and Wapping,2,tower hamlets,st katharine s and wapping,Aspire Mayor,Aspire,E05009330,954.0,Labour,2022.0
Tower Hamlets,Weavers,2,tower hamlets,weavers,Aspire Mayor,Aspire,E05009335,959.0,Labour,2022.0
Tower Hamlets,Whitechapel,3,tower hamlets,whitechapel,Aspire Mayor,Aspire,E05009336,960.0,Labour,2022.0
Trafford,Altrincham,1,trafford,altrincham,LAB,Labour,E05015239,5803.0,Green,2024.0
Trafford,Ashton upon Mersey,1,trafford,ashton upon mersey,LAB,Labour,E05015240,5804.0,Labour,2024.0
Trafford,Bowdon,1,trafford,bowdon,LAB,Labour,E05015241,5805.0,Conservative,2024.0
Trafford,Broadheath,1,trafford,broadheath,LAB,Labour,E05015242,5806.0,Labour,2024.0
Trafford,Brooklands,1,trafford,brooklands,LAB,Labour,E05015243,5807.0,Labour,2024.0
Trafford,Bucklow-St Martins,1,trafford,bucklow st martins,LAB,Labour,E05015244,5808.0,Labour,2024.0
Trafford,Davyhulme,1,trafford,davyhulme,LAB,Labour,E05015245,5809.0,Labour,2024.0
Trafford,Flixton,1,trafford,flixton,LAB,Labour,E05015246,5810.0,Labour,2024.0
Trafford,Gorse Hill and Cornbrook,1,trafford,gorse hill and cornbrook,LAB,Labour,E05015247,5811.0,Labour,2024.0
Trafford,Hale,1,trafford,hale,LAB,Labour,E05015248,5812.0,Green,2024.0
Trafford,Hale Barns and Timperley South,1,trafford,hale barns and timperley south,LAB,Labour,E05015249,5813.0,Conservative,2024.0
Trafford,Longford,1,trafford,longford,LAB,Labour,E05015250,5814.0,Labour,2024.0
Trafford,Lostock and Barton,1,trafford,lostock and barton,LAB,Labour,E05015251,5815.0,Labour,2024.0
Trafford,Manor,1,trafford,manor,LAB,Labour,E05015252,5816.0,Labour,2024.0
Trafford,Old Trafford,1,trafford,old trafford,LAB,Labour,E05015253,5817.0,Labour,2024.0
Trafford,Sale Central,1,trafford,sale central,LAB,Labour,E05015254,5818.0,Labour,2024.0
Trafford,Sale Moor,1,trafford,sale moor,LAB,Labour,E05015255,5819.0,Labour,2024.0
Trafford,Stretford and Humphrey Park,1,trafford,stretford and humphrey park,LAB,Labour,E05015256,5820.0,Labour,2024.0
Trafford,Timperley Central,1,trafford,timperley central,LAB,Labour,E05015257,5821.0,Liberal Democrat,2024.0
Trafford,Timperley North,1,trafford,timperley north,LAB,Labour,E05015258,5822.0,Liberal Democrat,2024.0
Trafford,Urmston,1,trafford,urmston,LAB,Labour,E05015259,5823.0,Labour,2024.0
Tunbridge Wells,"Cranbrook, Sissinghurst and Frittenden",1,tunbridge wells,cranbrook sissinghurst and frittenden,LD,Liberal Democrat,E05015803,6367.0,Conservative,2024.0
Tunbridge Wells,Culverden,1,tunbridge wells,culverden,LD,Liberal Democrat,E05015804,6368.0,Liberal Democrat,2024.0
Tunbridge Wells,"Hawkhurst, Sandhurst and Benenden",1,tunbridge wells,hawkhurst sandhurst and benenden,LD,Liberal Democrat,E05015806,6370.0,Conservative,2024.0
Tunbridge Wells,Paddock Wood,1,tunbridge wells,paddock wood,LD,Liberal Democrat,E05015808,6372.0,Liberal Democrat,2024.0
Tunbridge Wells,Pantiles,1,tunbridge wells,pantiles,LD,Liberal Democrat,E05015809,6373.0,Liberal Democrat,2024.0
Tunbridge Wells,Park,1,tunbridge wells,park,LD,Liberal Democrat,E05015810,6374.0,Liberal Democrat,2024.0
Tunbridge Wells,Pembury and Capel,1,tunbridge wells,pembury and capel,LD,Liberal Democrat,E05015811,6375.0,Liberal Democrat,2024.0
Tunbridge Wells,Rural Tunbridge Wells,1,tunbridge wells,rural tunbridge wells,LD,Liberal Democrat,E05015805,6369.0,Conservative,2024.0
Tunbridge Wells,Rusthall and Speldhurst,1,tunbridge wells,rusthall and speldhurst,LD,Liberal Democrat,E05015812,6376.0,Labour,2024.0
Tunbridge Wells,Sherwood,2,tunbridge wells,sherwood,LD,Liberal Democrat,E05015813,6377.0,Labour,2024.0
Tunbridge Wells,Southborough and Bidborough,2,tunbridge wells,southborough and bidborough,LD,Liberal Democrat,E05015814,6378.0,Liberal Democrat,2024.0
Tunbridge Wells,St James',1,tunbridge wells,st james,LD,Liberal Democrat,E05015815,6379.0,Liberal Democrat,2024.0
Tunbridge Wells,St John's,1,tunbridge wells,st john s,LD,Liberal Democrat,E05015816,6380.0,Liberal Democrat,2024.0
Wakefield,"Ackworth, North Elmsall and Upton",3,wakefield,ackworth north elmsall and upton,REF,Reform UK,E05001444,272.0,Labour,2024.0
Wakefield,Airedale and Ferry Fryston,3,wakefield,airedale and ferry fryston,REF,Reform UK,E05001445,273.0,Labour,2024.0
Wakefield,Altofts and Whitwood,3,wakefield,altofts and whitwood,REF,Reform UK,E05001446,274.0,Labour,2024.0
Wakefield,Castleford Central and Glasshoughton,3,wakefield,castleford central and glasshoughton,REF,Reform UK,E05001447,275.0,Labour,2024.0
Wakefield,"Crofton, Ryhill and Walton",3,wakefield,crofton ryhill and walton,REF,Reform UK,E05001448,276.0,Labour,2024.0
Wakefield,Featherstone,3,wakefield,featherstone,REF,Reform UK,E05001449,277.0,Labour,2024.0
Wakefield,Hemsworth,3,wakefield,hemsworth,REF,Reform UK,E05001450,278.0,Labour,2024.0
Wakefield,Horbury and South Ossett,3,wakefield,horbury and south ossett,REF,Reform UK,E05001451,279.0,Labour,2024.0
Wakefield,Normanton,3,wakefield,normanton,REF,Reform UK,E05001453,281.0,Labour,2024.0
Wakefield,Ossett,3,wakefield,ossett,REF,Reform UK,E05001454,282.0,Labour,2024.0
Wakefield,Pontefract North,3,wakefield,pontefract north,REF,Reform UK,E05001455,283.0,Labour,2024.0
Wakefield,Pontefract South,3,wakefield,pontefract south,REF,Reform UK,E05001456,284.0,Labour,2024.0
Wakefield,South Elmsall and South Kirkby,3,wakefield,south elmsall and south kirkby,REF,Reform UK,E05001457,285.0,Labour,2024.0
Wakefield,Stanley and Outwood East,3,wakefield,stanley and outwood east,REF,Reform UK,E05001458,286.0,Labour,2024.0
Wakefield,Wakefield East,3,wakefield,wakefield east,REF,Reform UK,E05001459,287.0,Labour,2024.0
Wakefield,Wakefield North,3,wakefield,wakefield north,REF,Reform UK,E05001460,288.0,Labour,2024.0
Wakefield,Wakefield Rural,3,wakefield,wakefield rural,REF,Reform UK,E05001461,289.0,Labour,2024.0
Wakefield,Wakefield South,3,wakefield,wakefield south,REF,Reform UK,E05001462,290.0,Labour,2024.0
Wakefield,Wakefield West,3,wakefield,wakefield west,REF,Reform UK,E05001463,291.0,Labour,2024.0
Wakefield,Wrenthorpe and Outwood West,3,wakefield,wrenthorpe and outwood west,REF,Reform UK,E05001464,292.0,Labour,2024.0
Walsall,Aldridge Central and South,3,walsall,aldridge central and south,REF,Reform UK,E05001301,187.0,Conservative,2024.0
Walsall,Aldridge North and Walsall Wood,3,walsall,aldridge north and walsall wood,REF,Reform UK,E05001302,188.0,Conservative,2024.0
Walsall,Bentley and Darlaston North,3,walsall,bentley and darlaston north,REF,Reform UK,E05001303,189.0,Labour,2024.0
Walsall,Bloxwich West,3,walsall,bloxwich west,REF,Reform UK,E05001307,193.0,Labour,2024.0
Walsall,Brownhills,3,walsall,brownhills,REF,Reform UK,E05001308,194.0,Conservative,2024.0
Walsall,Darlaston South,3,walsall,darlaston south,REF,Reform UK,E05001309,195.0,Labour,2024.0
Walsall,Paddock,3,walsall,paddock,REF,Reform UK,E05001310,196.0,Conservative,2024.0
Walsall,Pelsall,3,walsall,pelsall,REF,Reform UK,E05001312,198.0,Conservative,2024.0
Walsall,Pheasey Park Farm,3,walsall,pheasey park farm,REF,Reform UK,E05001313,199.0,Conservative,2024.0
Walsall,Pleck,3,walsall,pleck,REF,Reform UK,E05001314,200.0,Independent,2024.0
Walsall,Rushall-Shelfield,3,walsall,rushall shelfield,REF,Reform UK,E05001315,201.0,Conservative,2024.0
Walsall,Short Heath,3,walsall,short heath,REF,Reform UK,E05001317,203.0,Conservative,2024.0
Walsall,St Matthew's,3,walsall,st matthew s,REF,Reform UK,E05001316,202.0,Labour,2024.0
Walsall,Streetly,3,walsall,streetly,REF,Reform UK,E05001318,204.0,Conservative,2024.0
Waltham Forest,Cann Hall,3,waltham forest,cann hall,GRN,Green,E05013882,4454.0,Labour,2022.0
Waltham Forest,Cathall,2,waltham forest,cathall,GRN,Green,E05013883,4455.0,Labour,2022.0
Waltham Forest,Chapel End,3,waltham forest,chapel end,GRN,Green,E05013884,4456.0,Labour,2022.0
Waltham Forest,Chingford Green,3,waltham forest,chingford green,GRN,Green,E05013885,4457.0,Conservative,2022.0
Waltham Forest,Endlebury,2,waltham forest,endlebury,GRN,Green,E05013886,4458.0,Conservative,2022.0
Waltham Forest,Forest,3,waltham forest,forest,GRN,Green,E05013887,4459.0,Labour,2022.0
Waltham Forest,Grove Green,3,waltham forest,grove green,GRN,Green,E05013888,4460.0,Labour,2022.0
Waltham Forest,Hale End and Highams Park South,2,waltham forest,hale end and highams park south,GRN,Green,E05013889,4461.0,Labour,2022.0
Waltham Forest,Hatch Lane and Highams Park North,3,waltham forest,hatch lane and highams park north,GRN,Green,E05013890,4462.0,Conservative,2022.0
Waltham Forest,Higham Hill,3,waltham forest,higham hill,GRN,Green,E05013892,4464.0,Labour,2022.0
Waltham Forest,High Street,3,waltham forest,high street,GRN,Green,E05013891,4463.0,Labour,2022.0
Waltham Forest,Hoe Street,3,waltham forest,hoe street,GRN,Green,E05013893,4465.0,Labour,2022.0
Waltham Forest,Larkswood,3,waltham forest,larkswood,GRN,Green,E05013894,4466.0,Conservative,2022.0
Waltham Forest,Lea Bridge,3,waltham forest,lea bridge,GRN,Green,E05013895,4467.0,Labour,2022.0
Waltham Forest,Leyton,3,waltham forest,leyton,GRN,Green,E05013896,4468.0,Labour,2022.0
Waltham Forest,Leytonstone,3,waltham forest,leytonstone,GRN,Green,E05013897,4469.0,Labour,2022.0
Waltham Forest,Markhouse,2,waltham forest,markhouse,GRN,Green,E05013898,4470.0,Labour,2022.0
Waltham Forest,St James,3,waltham forest,st james,GRN,Green,E05013899,4471.0,Labour,2022.0
Waltham Forest,Upper Walthamstow,2,waltham forest,upper walthamstow,GRN,Green,E05013900,4472.0,Labour,2022.0
Waltham Forest,Valley,3,waltham forest,valley,GRN,Green,E05013901,4473.0,Conservative,2022.0
Waltham Forest,William Morris,3,waltham forest,william morris,GRN,Green,E05013902,4474.0,Labour,2022.0
Waltham Forest,Wood Street,2,waltham forest,wood street,GRN,Green,E05013903,4475.0,Labour,2022.0
Wandsworth,Balham,3,wandsworth,balham,TBC,TBC,E05014009,4579.0,Conservative,2022.0
Wandsworth,Battersea Park,3,wandsworth,battersea park,TBC,TBC,E05014010,4580.0,Labour,2022.0
Wandsworth,East Putney,3,wandsworth,east putney,TBC,TBC,E05014011,4581.0,Conservative,2022.0
Wandsworth,Falconbrook,2,wandsworth,falconbrook,TBC,TBC,E05014012,4582.0,Labour,2022.0
Wandsworth,Furzedown,3,wandsworth,furzedown,TBC,TBC,E05014013,4583.0,Labour,2022.0
Wandsworth,Lavender,2,wandsworth,lavender,TBC,TBC,E05014014,4584.0,Conservative,2022.0
Wandsworth,Nine Elms,2,wandsworth,nine elms,TBC,TBC,E05014015,4585.0,Conservative,2022.0
Wandsworth,Northcote,2,wandsworth,northcote,TBC,TBC,E05014016,4586.0,Conservative,2022.0
Wandsworth,Roehampton,3,wandsworth,roehampton,TBC,TBC,E05014017,4587.0,Labour,2022.0
Wandsworth,Shaftesbury and Queenstown,3,wandsworth,shaftesbury and queenstown,TBC,TBC,E05014019,4589.0,Labour,2022.0
Wandsworth,South Balham,2,wandsworth,south balham,TBC,TBC,E05014020,4590.0,Labour,2022.0
Wandsworth,Southfields,2,wandsworth,southfields,TBC,TBC,E05014021,4591.0,Conservative,2022.0
Wandsworth,St Mary's,3,wandsworth,st mary s,TBC,TBC,E05014018,4588.0,Labour,2022.0
Wandsworth,Thamesfield,3,wandsworth,thamesfield,TBC,TBC,E05014022,4592.0,Conservative,2022.0
Wandsworth,Tooting Bec,3,wandsworth,tooting bec,TBC,TBC,E05014023,4593.0,Labour,2022.0
Wandsworth,Tooting Broadway,3,wandsworth,tooting broadway,TBC,TBC,E05014024,4594.0,Labour,2022.0
Wandsworth,Trinity,2,wandsworth,trinity,TBC,TBC,E05014025,4595.0,Labour,2022.0
Wandsworth,Wandle,2,wandsworth,wandle,TBC,TBC,E05014026,4596.0,Labour,2022.0
Wandsworth,Wandsworth Common,3,wandsworth,wandsworth common,TBC,TBC,E05014027,4597.0,Conservative,2022.0
Wandsworth,Wandsworth Town,3,wandsworth,wandsworth town,TBC,TBC,E05014028,4598.0,Labour,2022.0
Wandsworth,West Hill,3,wandsworth,west hill,TBC,TBC,E05014029,4599.0,Independent,2022.0
Wandsworth,West Putney,3,wandsworth,west putney,TBC,TBC,E05014030,4600.0,Labour,2022.0
Watford,Callowland,1,watford,callowland,LD Mayor,Liberal Democrat,E05011046,2107.0,Liberal Democrat,2024.0
Watford,Central,1,watford,central,LD Mayor,Liberal Democrat,E05011047,2108.0,Liberal Democrat,2024.0
Watford,Holywell,1,watford,holywell,LD Mayor,Liberal Democrat,E05011048,2109.0,Labour,2024.0
Watford,Leggatts,1,watford,leggatts,LD Mayor,Liberal Democrat,E05011049,2110.0,Liberal Democrat,2024.0
Watford,Meriden,1,watford,meriden,LD Mayor,Liberal Democrat,E05011050,2111.0,Liberal Democrat,2024.0
Watford,Nascot,1,watford,nascot,LD Mayor,Liberal Democrat,E05011051,2112.0,Liberal Democrat,2024.0
Watford,Oxhey,1,watford,oxhey,LD Mayor,Liberal Democrat,E05011052,2113.0,Liberal Democrat,2024.0
Watford,Park,1,watford,park,LD Mayor,Liberal Democrat,E05011053,2114.0,Liberal Democrat,2024.0
Watford,Stanborough,1,watford,stanborough,LD Mayor,Liberal Democrat,E05011054,2115.0,Liberal Democrat,2024.0
Watford,Tudor,1,watford,tudor,LD Mayor,Liberal Democrat,E05011055,2116.0,Liberal Democrat,2024.0
Watford,Vicarage,1,watford,vicarage,LD Mayor,Liberal Democrat,E05011056,2117.0,Liberal Democrat,2024.0
Watford,Woodside,1,watford,woodside,LD Mayor,Liberal Democrat,E05011057,2118.0,Liberal Democrat,2024.0
Welwyn Hatfield,Brookmans Park and Little Heath,1,welwyn hatfield,brookmans park and little heath,LAB/LD,Coalition,E05011058,2119.0,Conservative,2024.0
Welwyn Hatfield,Haldens,1,welwyn hatfield,haldens,LAB/LD,Coalition,E05011059,2120.0,Labour,2024.0
Welwyn Hatfield,Handside,1,welwyn hatfield,handside,LAB/LD,Coalition,E05011060,2121.0,Liberal Democrat,2024.0
Welwyn Hatfield,Hatfield Central,1,welwyn hatfield,hatfield central,LAB/LD,Coalition,E05011061,2122.0,Labour,2024.0
Welwyn Hatfield,Hatfield East,1,welwyn hatfield,hatfield east,LAB/LD,Coalition,E05011062,2123.0,Labour,2024.0
Welwyn Hatfield,Hatfield South West,1,welwyn hatfield,hatfield south west,LAB/LD,Coalition,E05011063,2124.0,Labour,2024.0
Welwyn Hatfield,Hatfield Villages,1,welwyn hatfield,hatfield villages,LAB/LD,Coalition,E05011064,2125.0,Labour,2024.0
Welwyn Hatfield,Hollybush,1,welwyn hatfield,hollybush,LAB/LD,Coalition,E05011065,2126.0,Labour,2024.0
Welwyn Hatfield,Howlands,1,welwyn hatfield,howlands,LAB/LD,Coalition,E05011066,2127.0,Labour,2024.0
Welwyn Hatfield,Northaw and Cuffley,1,welwyn hatfield,northaw and cuffley,LAB/LD,Coalition,E05011067,2128.0,Conservative,2024.0
Welwyn Hatfield,Panshanger,1,welwyn hatfield,panshanger,LAB/LD,Coalition,E05011068,2129.0,Liberal Democrat,2024.0
Welwyn Hatfield,Peartree,1,welwyn hatfield,peartree,LAB/LD,Coalition,E05011069,2130.0,Liberal Democrat,2024.0
Welwyn Hatfield,Sherrards,1,welwyn hatfield,sherrards,LAB/LD,Coalition,E05011070,2131.0,Labour,2024.0
Welwyn Hatfield,Welham Green and Hatfield South,1,welwyn hatfield,welham green and hatfield south,LAB/LD,Coalition,E05011071,2132.0,Liberal Democrat,2024.0
Welwyn Hatfield,Welwyn East,2,welwyn hatfield,welwyn east,LAB/LD,Coalition,E05011072,2133.0,Conservative,2024.0
Welwyn Hatfield,Welwyn West,1,welwyn hatfield,welwyn west,LAB/LD,Coalition,E05011073,2134.0,Conservative,2024.0
West Lancashire,Aughton and Holborn,1,west lancashire,aughton and holborn,LAB min,Labour,E05014929,5493.0,Labour,2024.0
West Lancashire,Burscough Bridge and Rufford,1,west lancashire,burscough bridge and rufford,LAB min,Labour,E05014930,5494.0,Other,2024.0
West Lancashire,Burscough Town,1,west lancashire,burscough town,LAB min,Labour,E05014931,5495.0,Labour,2024.0
West Lancashire,North Meols and Hesketh Bank,1,west lancashire,north meols and hesketh bank,LAB min,Labour,E05014932,5496.0,Conservative,2024.0
West Lancashire,Old Skelmersdale,1,west lancashire,old skelmersdale,LAB min,Labour,E05014933,5497.0,Labour,2024.0
West Lancashire,Ormskirk East,1,west lancashire,ormskirk east,LAB min,Labour,E05014934,5498.0,Other,2024.0
West Lancashire,Ormskirk West,1,west lancashire,ormskirk west,LAB min,Labour,E05014935,5499.0,Labour,2024.0
West Lancashire,Rural North East,1,west lancashire,rural north east,LAB min,Labour,E05014936,5500.0,Conservative,2024.0
West Lancashire,Rural South,1,west lancashire,rural south,LAB min,Labour,E05014937,5501.0,Other,2024.0
West Lancashire,Rural West,1,west lancashire,rural west,LAB min,Labour,E05014938,5502.0,Conservative,2024.0
West Lancashire,Skelmersdale North,1,west lancashire,skelmersdale north,LAB min,Labour,E05014939,5503.0,Labour,2024.0
West Lancashire,Skelmersdale South,1,west lancashire,skelmersdale south,LAB min,Labour,E05014940,5504.0,Labour,2024.0
West Lancashire,Tanhouse and Skelmersdale Town Centre,1,west lancashire,tanhouse and skelmersdale town centre,LAB min,Labour,E05014941,5505.0,Labour,2024.0
West Lancashire,Tarleton Village,1,west lancashire,tarleton village,LAB min,Labour,E05014942,5506.0,Conservative,2024.0
West Lancashire,Up Holland,1,west lancashire,up holland,LAB min,Labour,E05014943,5507.0,Labour,2024.0
Westminster,Abbey Road,3,westminster,abbey road,CON,Conservative,E05013792,4366.0,Conservative,2022.0
Westminster,Bayswater,3,westminster,bayswater,CON,Conservative,E05013793,4367.0,Labour,2022.0
Westminster,Church Street,3,westminster,church street,CON,Conservative,E05013794,4368.0,Labour,2022.0
Westminster,Harrow Road,3,westminster,harrow road,CON,Conservative,E05013795,4369.0,Labour,2022.0
Westminster,Hyde Park,3,westminster,hyde park,CON,Conservative,E05013796,4370.0,Labour,2022.0
Westminster,Knightsbridge and Belgravia,3,westminster,knightsbridge and belgravia,CON,Conservative,E05013797,4371.0,Conservative,2022.0
Westminster,Lancaster Gate,3,westminster,lancaster gate,CON,Conservative,E05013798,4372.0,Conservative,2022.0
Westminster,Little Venice,3,westminster,little venice,CON,Conservative,E05013799,4373.0,Conservative,2022.0
Westminster,Maida Vale,3,westminster,maida vale,CON,Conservative,E05013800,4374.0,Labour,2022.0
Westminster,Marylebone,3,westminster,marylebone,CON,Conservative,E05013801,4375.0,Conservative,2022.0
Westminster,Pimlico North,3,westminster,pimlico north,CON,Conservative,E05013802,4376.0,Conservative,2022.0
Westminster,Pimlico South,3,westminster,pimlico south,CON,Conservative,E05013803,4377.0,Labour,2022.0
Westminster,Queen's Park,3,westminster,queen s park,CON,Conservative,E05013804,4378.0,Labour,2022.0
Westminster,Regent's Park,3,westminster,regent s park,CON,Conservative,E05013805,4379.0,Conservative,2022.0
Westminster,St James's,3,westminster,st james s,CON,Conservative,E05013806,4380.0,Conservative,2022.0
Westminster,Vincent Square,3,westminster,vincent square,CON,Conservative,E05013807,4381.0,Conservative,2022.0
Westminster,Westbourne,3,westminster,westbourne,CON,Conservative,E05013809,4383.0,Labour,2022.0
Westminster,West End,3,westminster,west end,CON,Conservative,E05013808,4382.0,Labour,2022.0
West Oxfordshire,Ascott and Shipton,1,west oxfordshire,ascott and shipton,LD/LAB/GRN,Coalition,E05006628,660.0,Conservative,2022.0
West Oxfordshire,Bampton and Clanfield,1,west oxfordshire,bampton and clanfield,LD/LAB/GRN,Coalition,E05006629,661.0,Liberal Democrat,2022.0
West Oxfordshire,Brize Norton and Shilton,1,west oxfordshire,brize norton and shilton,LD/LAB/GRN,Coalition,E05009364,973.0,Green,2022.0
West Oxfordshire,Burford,1,west oxfordshire,burford,LD/LAB/GRN,Coalition,E05009363,972.0,Liberal Democrat,2022.0
West Oxfordshire,Carterton North East,1,west oxfordshire,carterton north east,LD/LAB/GRN,Coalition,E05006632,662.0,Conservative,2022.0
West Oxfordshire,Carterton North West,1,west oxfordshire,carterton north west,LD/LAB/GRN,Coalition,E05009365,974.0,Liberal Democrat,2022.0
West Oxfordshire,Carterton South,1,west oxfordshire,carterton south,LD/LAB/GRN,Coalition,E05006634,663.0,Conservative,2022.0
West Oxfordshire,Chipping Norton,1,west oxfordshire,chipping norton,LD/LAB/GRN,Coalition,E05006637,664.0,Labour,2024.0
West Oxfordshire,Ducklington,1,west oxfordshire,ducklington,LD/LAB/GRN,Coalition,E05006638,665.0,Conservative,2022.0
West Oxfordshire,Eynsham and Cassington,1,west oxfordshire,eynsham and cassington,LD/LAB/GRN,Coalition,E05006639,666.0,Liberal Democrat,2024.0
West Oxfordshire,Freeland and Hanborough,1,west oxfordshire,freeland and hanborough,LD/LAB/GRN,Coalition,E05006640,667.0,Conservative,2024.0
West Oxfordshire,"Standlake, Aston and Stanton Harcourt",1,west oxfordshire,standlake aston and stanton harcourt,LD/LAB/GRN,Coalition,E05006645,671.0,Liberal Democrat,2024.0
West Oxfordshire,The Bartons,1,west oxfordshire,the bartons,LD/LAB/GRN,Coalition,E05006647,673.0,Liberal Democrat,2022.0
West Oxfordshire,Witney East,1,west oxfordshire,witney east,LD/LAB/GRN,Coalition,E05006649,675.0,Labour,2024.0
West Oxfordshire,Witney South,1,west oxfordshire,witney south,LD/LAB/GRN,Coalition,E05006651,677.0,Labour,2024.0
West Oxfordshire,Woodstock and Bladon,1,west oxfordshire,woodstock and bladon,LD/LAB/GRN,Coalition,E05006653,679.0,Liberal Democrat,2024.0
Wigan,Abram,1,wigan,abram,LAB,Labour,E05014989,5553.0,Labour,2024.0
Wigan,Ashton-in-Makerfield South,1,wigan,ashton in makerfield south,LAB,Labour,E05014990,5554.0,Labour,2024.0
Wigan,"Aspull, New Springs and Whelley",1,wigan,aspull new springs and whelley,LAB,Labour,E05014991,5555.0,Labour,2024.0
Wigan,Astley,1,wigan,astley,LAB,Labour,E05014992,5556.0,Labour,2024.0
Wigan,Atherton North,1,wigan,atherton north,LAB,Labour,E05014993,5557.0,Other,2024.0
Wigan,Atherton South and Lilford,1,wigan,atherton south and lilford,LAB,Labour,E05014994,5558.0,Labour,2024.0
Wigan,Bryn with Ashton-in-Makerfield North,1,wigan,bryn with ashton in makerfield north,LAB,Labour,E05014995,5559.0,Independent,2024.0
Wigan,Douglas,1,wigan,douglas,LAB,Labour,E05014996,5560.0,Labour,2024.0
Wigan,Golborne and Lowton West,1,wigan,golborne and lowton west,LAB,Labour,E05014997,5561.0,Labour,2024.0
Wigan,Hindley,1,wigan,hindley,LAB,Labour,E05014998,5562.0,Labour,2024.0
Wigan,Hindley Green,1,wigan,hindley green,LAB,Labour,E05014999,5563.0,Labour,2024.0
Wigan,Ince,1,wigan,ince,LAB,Labour,E05015000,5564.0,Independent,2024.0
Wigan,Leigh Central and Higher Folds,1,wigan,leigh central and higher folds,LAB,Labour,E05015001,5565.0,Labour,2024.0
Wigan,Leigh South,1,wigan,leigh south,LAB,Labour,E05015002,5566.0,Labour,2024.0
Wigan,Leigh West,1,wigan,leigh west,LAB,Labour,E05015003,5567.0,Labour,2024.0
Wigan,Lowton East,1,wigan,lowton east,LAB,Labour,E05015004,5568.0,Labour,2024.0
Wigan,Orrell,1,wigan,orrell,LAB,Labour,E05015005,5569.0,Labour,2024.0
Wigan,Pemberton,1,wigan,pemberton,LAB,Labour,E05015006,5570.0,Labour,2024.0
Wigan,Shevington with Lower Ground and Moor,1,wigan,shevington with lower ground and moor,LAB,Labour,E05015007,5571.0,Labour,2024.0
Wigan,Standish with Langtree,1,wigan,standish with langtree,LAB,Labour,E05015008,5572.0,Labour,2024.0
Wigan,Tyldesley and Mosley Common,1,wigan,tyldesley and mosley common,LAB,Labour,E05015009,5573.0,Independent,2024.0
Wigan,Wigan Central,1,wigan,wigan central,LAB,Labour,E05015010,5574.0,Labour,2024.0
Wigan,Wigan West,1,wigan,wigan west,LAB,Labour,E05015011,5575.0,Labour,2024.0
Wigan,Winstanley,1,wigan,winstanley,LAB,Labour,E05015012,5576.0,Labour,2024.0
Wigan,Worsley Mesnes,1,wigan,worsley mesnes,LAB,Labour,E05015013,5577.0,Labour,2024.0
Winchester,Alresford and Itchen Valley,1,winchester,alresford and itchen valley,LD,Liberal Democrat,E05010995,2056.0,Liberal Democrat,2024.0
Winchester,Badger Farm and Oliver's Battery,1,winchester,badger farm and oliver s battery,LD,Liberal Democrat,E05010996,2057.0,Conservative,2024.0
Winchester,Bishop's Waltham,1,winchester,bishop s waltham,LD,Liberal Democrat,E05010997,2058.0,Liberal Democrat,2024.0
Winchester,Central Meon Valley,1,winchester,central meon valley,LD,Liberal Democrat,E05010998,2059.0,Green,2024.0
Winchester,Colden Common and Twyford,1,winchester,colden common and twyford,LD,Liberal Democrat,E05010999,2060.0,Conservative,2022.0
Winchester,Denmead,1,winchester,denmead,LD,Liberal Democrat,E05011000,2061.0,Liberal Democrat,2024.0
Winchester,Southwick and Wickham,1,winchester,southwick and wickham,LD,Liberal Democrat,E05011006,2067.0,Liberal Democrat,2024.0
Winchester,St Barnabas,1,winchester,st barnabas,LD,Liberal Democrat,E05011001,2062.0,Liberal Democrat,2024.0
Winchester,St Bartholomew,1,winchester,st bartholomew,LD,Liberal Democrat,E05011002,2063.0,Liberal Democrat,2024.0
Winchester,St Michael,1,winchester,st michael,LD,Liberal Democrat,E05011004,2065.0,Liberal Democrat,2024.0
Winchester,St Paul,1,winchester,st paul,LD,Liberal Democrat,E05011005,2066.0,Liberal Democrat,2024.0
Winchester,The Worthys,1,winchester,the worthys,LD,Liberal Democrat,E05011007,2068.0,Liberal Democrat,2024.0
Winchester,Upper Meon Valley,1,winchester,upper meon valley,LD,Liberal Democrat,E05011008,2069.0,Conservative,2022.0
Winchester,Whiteley and Shedfield,1,winchester,whiteley and shedfield,LD,Liberal Democrat,E05011009,2070.0,Liberal Democrat,2024.0
Winchester,Wonston and Micheldever,1,winchester,wonston and micheldever,LD,Liberal Democrat,E05011010,2071.0,Conservative,2024.0
Wokingham,Barkham and Arborfield,1,wokingham,barkham and arborfield,LD,Liberal Democrat,E05015783,6347.0,Liberal Democrat,2024.0
Wokingham,Bulmershe and Coronation,1,wokingham,bulmershe and coronation,LD,Liberal Democrat,E05015784,6348.0,Conservative,2024.0
Wokingham,Emmbrook,1,wokingham,emmbrook,LD,Liberal Democrat,E05015785,6349.0,Liberal Democrat,2024.0
Wokingham,Evendons,1,wokingham,evendons,LD,Liberal Democrat,E05015786,6350.0,Liberal Democrat,2024.0
Wokingham,Finchampstead,1,wokingham,finchampstead,LD,Liberal Democrat,E05015787,6351.0,Conservative,2024.0
Wokingham,Hawkedon,1,wokingham,hawkedon,LD,Liberal Democrat,E05015788,6352.0,Liberal Democrat,2024.0
Wokingham,Hillside,1,wokingham,hillside,LD,Liberal Democrat,E05015789,6353.0,Conservative,2024.0
Wokingham,Loddon,1,wokingham,loddon,LD,Liberal Democrat,E05015790,6354.0,Labour,2024.0
Wokingham,Maiden Erlegh and Whitegates,1,wokingham,maiden erlegh and whitegates,LD,Liberal Democrat,E05015791,6355.0,Liberal Democrat,2024.0
Wokingham,Norreys,1,wokingham,norreys,LD,Liberal Democrat,E05015792,6356.0,Labour,2024.0
Wokingham,Shinfield,1,wokingham,shinfield,LD,Liberal Democrat,E05015793,6357.0,Labour,2024.0
Wokingham,South Lake,1,wokingham,south lake,LD,Liberal Democrat,E05015794,6358.0,Conservative,2024.0
Wokingham,Spencers Wood and Swallowfield,1,wokingham,spencers wood and swallowfield,LD,Liberal Democrat,E05015795,6359.0,Conservative,2024.0
Wokingham,Thames,1,wokingham,thames,LD,Liberal Democrat,E05015796,6360.0,Conservative,2024.0
Wokingham,"Twyford, Ruscombe and Hurst",1,wokingham,twyford ruscombe and hurst,LD,Liberal Democrat,E05015797,6361.0,Liberal Democrat,2024.0
Wokingham,Wescott,1,wokingham,wescott,LD,Liberal Democrat,E05015798,6362.0,Liberal Democrat,2024.0
Wokingham,Winnersh,1,wokingham,winnersh,LD,Liberal Democrat,E05015799,6363.0,Liberal Democrat,2024.0
Wokingham,Wokingham Without,2,wokingham,wokingham without,LD,Liberal Democrat,E05015800,6364.0,Liberal Democrat,2024.0
Wolverhampton,Bilston North,1,wolverhampton,bilston north,LAB,Labour,E05014838,5402.0,Labour,2024.0
Wolverhampton,Bilston South,1,wolverhampton,bilston south,LAB,Labour,E05014839,5403.0,Labour,2024.0
Wolverhampton,Blakenhall,1,wolverhampton,blakenhall,LAB,Labour,E05014840,5404.0,Labour,2024.0
Wolverhampton,Bushbury North,1,wolverhampton,bushbury north,LAB,Labour,E05014841,5405.0,Conservative,2024.0
Wolverhampton,Bushbury South and Low Hill,1,wolverhampton,bushbury south and low hill,LAB,Labour,E05014842,5406.0,Labour,2024.0
Wolverhampton,East Park,1,wolverhampton,east park,LAB,Labour,E05014843,5407.0,Labour,2024.0
Wolverhampton,Ettingshall North,1,wolverhampton,ettingshall north,LAB,Labour,E05014844,5408.0,Labour,2024.0
Wolverhampton,Ettingshall South and Spring Vale,1,wolverhampton,ettingshall south and spring vale,LAB,Labour,E05014845,5409.0,Labour,2024.0
Wolverhampton,Fallings Park,1,wolverhampton,fallings park,LAB,Labour,E05014846,5410.0,Labour,2024.0
Wolverhampton,Graiseley,1,wolverhampton,graiseley,LAB,Labour,E05014847,5411.0,Labour,2024.0
Wolverhampton,Heath Town,1,wolverhampton,heath town,LAB,Labour,E05014848,5412.0,Labour,2024.0
Wolverhampton,Merry Hill,1,wolverhampton,merry hill,LAB,Labour,E05014849,5413.0,Labour,2024.0
Wolverhampton,Oxley,1,wolverhampton,oxley,LAB,Labour,E05014850,5414.0,Labour,2024.0
Wolverhampton,Park,1,wolverhampton,park,LAB,Labour,E05014851,5415.0,Labour,2024.0
Wolverhampton,Penn,1,wolverhampton,penn,LAB,Labour,E05014852,5416.0,Conservative,2024.0
Wolverhampton,St Peters,1,wolverhampton,st peters,LAB,Labour,E05014853,5417.0,Labour,2024.0
Wolverhampton,Tettenhall Regis,1,wolverhampton,tettenhall regis,LAB,Labour,E05014854,5418.0,Conservative,2024.0
Wolverhampton,Tettenhall Wightwick,1,wolverhampton,tettenhall wightwick,LAB,Labour,E05014855,5419.0,Conservative,2024.0
Wolverhampton,Wednesfield North,1,wolverhampton,wednesfield north,LAB,Labour,E05014856,5420.0,Labour,2024.0
Wolverhampton,Wednesfield South,2,wolverhampton,wednesfield south,LAB,Labour,E05014857,5421.0,Labour,2024.0
Worthing,Broadwater,1,worthing,broadwater,TBC,TBC,E05007694,777.0,Labour,2024.0
Worthing,Castle,1,worthing,castle,TBC,TBC,E05007695,778.0,Labour,2024.0
Worthing,Central,1,worthing,central,TBC,TBC,E05007696,779.0,Labour,2024.0
Worthing,Durrington,1,worthing,durrington,TBC,TBC,E05007697,780.0,Conservative,2024.0
Worthing,Gaisford,1,worthing,gaisford,TBC,TBC,E05007698,781.0,Labour,2024.0
Worthing,Goring,1,worthing,goring,TBC,TBC,E05007699,782.0,Green,2024.0
Worthing,Heene,1,worthing,heene,TBC,TBC,E05007700,783.0,Labour,2024.0
Worthing,Marine,1,worthing,marine,TBC,TBC,E05007701,784.0,Labour,2024.0
Worthing,Northbrook,1,worthing,northbrook,TBC,TBC,E05007702,785.0,Labour,2024.0
Worthing,Offington,1,worthing,offington,TBC,TBC,E05007703,786.0,Conservative,2024.0
Worthing,Salvington,1,worthing,salvington,TBC,TBC,E05007704,787.0,Conservative,2024.0
Worthing,Selden,1,worthing,selden,TBC,TBC,E05007705,788.0,Labour,2024.0
Worthing,Tarring,1,worthing,tarring,TBC,TBC,E05007706,789.0,Labour,2024.0
