variable_name,variable_label,measure,original_type,value_labels_json,missing_ranges_json,missing_user_values_json
finalserialno,Final Serial Number,unknown,F12.0,{},[],[]
serial,Respondent Serial Number,unknown,F8.0,{},[],[]
wt_sel_wt,Selection weight (including capping),unknown,F9.2,{},[],[]
wt_combined_main_capped,Combined main study weight (capped selection plus capped demographic weights),unknown,F9.2,{},[],[]
wt_combined_main,Combined main study weight (capped selection plus uncapped demographic weights),unknown,F9.2,{},[],[]
wt_combined_CSES,Combined CSES weight (capped selection weight plus demographic weighting),unknown,F9.2,{},[],[]
A1,A1: Most important issue,unknown,A244,{},[],[]
a02,Best party on most important issue,unknown,F8.0,"{""-999.0"": ""Not stated"", ""-2.0"": ""Refused"", ""-1.0"": ""Don't know"", ""1.0"": ""None/No party"", ""2.0"": ""Labour"", ""3.0"": ""Conservatives"", ""4.0"": ""Liberal Democrats"", ""5.0"": ""Scottish National Party (SNP)"", ""6.0"": ""Plaid Cymru"", ""7.0"": ""Green Party"", ""8.0"": ""United Kingdom Independence Party (UKIP)"", ""9.0"": ""British National Party (BNP)"", ""10.0"": ""Other""}",[],[]
a03,A3 How interested would you say you are in politics? Would you say you are...,unknown,F8.0,"{""-999.0"": ""Not stated"", ""-1.0"": ""Don't know"", ""1.0"": ""Very interested"", ""2.0"": ""Fairly interested"", ""3.0"": ""Not very interested"", ""4.0"": ""Not at all interested""}",[],[]
m02_1,Politicians don't care what people like me think,unknown,F8.0,"{""-999.0"": ""Not stated"", ""-1.0"": ""Don't know"", ""1.0"": ""Strongly disagree"", ""2.0"": ""Disagree"", ""3.0"": ""Neither agree nor disagree"", ""4.0"": ""Agree"", ""5.0"": ""Strongly agree""}",[],[]
m02_2,It is often difficult for me to understand what is going on in government and po,unknown,F8.0,"{""-999.0"": ""Not stated"", ""-1.0"": ""Don't know"", ""1.0"": ""Strongly disagree"", ""2.0"": ""Disagree"", ""3.0"": ""Neither agree nor disagree"", ""4.0"": ""Agree"", ""5.0"": ""Strongly agree""}",[],[]
m02_3,People like me have no say in what government does.,unknown,F8.0,"{""-999.0"": ""Not stated"", ""-1.0"": ""Don't know"", ""1.0"": ""Strongly disagree"", ""2.0"": ""Disagree"", ""3.0"": ""Neither agree nor disagree"", ""4.0"": ""Agree"", ""5.0"": ""Strongly agree""}",[],[]
m02_4,The main political parties in Britain don't offer voters real choices in electio,unknown,F8.0,"{""-999.0"": ""Not stated"", ""-1.0"": ""Don't know"", ""1.0"": ""Strongly disagree"", ""2.0"": ""Disagree"", ""3.0"": ""Neither agree nor disagree"", ""4.0"": ""Agree"", ""5.0"": ""Strongly agree""}",[],[]
m02_5,Parties and politicians in the UK are more concerned with fighting each other th,unknown,F8.0,"{""-999.0"": ""Not stated"", ""-1.0"": ""Don't know"", ""1.0"": ""Strongly disagree"", ""2.0"": ""Disagree"", ""3.0"": ""Neither agree nor disagree"", ""4.0"": ""Agree"", ""5.0"": ""Strongly agree""}",[],[]
m02_6,"Politicians look out for the people they represent, rather than their own intere",unknown,F8.0,"{""-999.0"": ""Not stated"", ""-1.0"": ""Don't know"", ""1.0"": ""Strongly disagree"", ""2.0"": ""Disagree"", ""3.0"": ""Neither agree nor disagree"", ""4.0"": ""Agree"", ""5.0"": ""Strongly agree""}",[],[]
m02_7,Politicians ignore the issues I really care about,unknown,F8.0,"{""-999.0"": ""Not stated"", ""-1.0"": ""Don't know"", ""1.0"": ""Strongly disagree"", ""2.0"": ""Disagree"", ""3.0"": ""Neither agree nor disagree"", ""4.0"": ""Agree"", ""5.0"": ""Strongly agree""}",[],[]
b01,"B1 Talking with people about the general election on May 7th, we have found that",unknown,F8.0,"{""-999.0"": ""Not stated"", ""-2.0"": ""Refused"", ""-1.0"": ""Don't know"", ""1.0"": ""Yes, voted"", ""2.0"": ""No, did not vote""}",[],[]
b02,B2 Which party did you vote for in the general election?,unknown,F8.0,"{""-999.0"": ""Not stated"", ""-2.0"": ""Refused"", ""-1.0"": ""Don't know"", ""1.0"": ""Labour"", ""2.0"": ""Conservatives"", ""3.0"": ""Liberal Democrats"", ""4.0"": ""Scottish National Party (SNP)"", ""5.0"": ""Plaid Cymru"", ""6.0"": ""Green Party"", ""7.0"": ""United Kingdom Independence Party (UKIP)"", ""8.0"": ""British National Party (BNP)"", ""9.0"": ""Other""}",[],[]
B02_other,General election vote: (other),unknown,A22,{},[],[]
b04,"B4 If you had voted, which party would you probably have voted for?",unknown,F8.0,"{""-999.0"": ""Not stated"", ""-2.0"": ""Refused"", ""-1.0"": ""Don't know"", ""1.0"": ""Would not vote for a party/refused/spoil ballot"", ""2.0"": ""Labour"", ""3.0"": ""Conservatives"", ""4.0"": ""Liberal Democrats"", ""5.0"": ""Scottish National Party (SNP)"", ""6.0"": ""Plaid Cymru"", ""7.0"": ""Green Party"", ""8.0"": ""United Kingdom Independence Party (UKIP)"", ""9.0"": ""British National Party (BNP)"", ""10.0"": ""Other""}",[],[]
B04_other,Would have voted for: (other),unknown,A99,{},[],[]
b05,B5 How did you cast your vote in the general election on May 7th?,unknown,F8.0,"{""-999.0"": ""Not stated"", ""-2.0"": ""Refused"", ""-1.0"": ""Don't know"", ""1.0"": ""In person"", ""2.0"": ""By post"", ""3.0"": ""By proxy (someone else voted on my behalf)""}",[],[]
b06_01,b06:The party had the best policies/ policies that matched my requirements:B06 P,unknown,F8.0,"{""0.0"": ""No"", ""1.0"": ""Yes""}",[],[]
b06_02,b06:The party had the best leader/ like their leader:B06 People give different r,unknown,F8.0,"{""0.0"": ""No"", ""1.0"": ""Yes""}",[],[]
b06_03,b06:I really preferred another party but it stood no chance of winning in my con,unknown,F8.0,"{""0.0"": ""No"", ""1.0"": ""Yes""}",[],[]
b06_04,b06:I voted tactically:B06 People give different reasons why they vote for one p,unknown,F8.0,"{""0.0"": ""No"", ""1.0"": ""Yes""}",[],[]
b06_05,b06:I always vote for that party:B06 People give different reasons why they vote,unknown,F8.0,"{""0.0"": ""No"", ""1.0"": ""Yes""}",[],[]
b06_06,b06:Protest vote:B06 People give different reasons why they vote for one party r,unknown,F8.0,"{""0.0"": ""No"", ""1.0"": ""Yes""}",[],[]
b06_07,b06:Influenced by relative/ spouse:B06 People give different reasons why they vo,unknown,F8.0,"{""0.0"": ""No"", ""1.0"": ""Yes""}",[],[]
b06_08,b06:This party is the lesser of the two evils/best of the bunch:B06 People give,unknown,F8.0,"{""0.0"": ""No"", ""1.0"": ""Yes""}",[],[]
b06_09,b06:Good track record/ doing well/ trust them:B06 People give different reasons,unknown,F8.0,"{""0.0"": ""No"", ""1.0"": ""Yes""}",[],[]
b06_10,b06:Dislike other main party/parties / distrust other parties:B06 People give di,unknown,F8.0,"{""0.0"": ""No"", ""1.0"": ""Yes""}",[],[]
b06_11,b06:The country needs a change/needed a change/ need a new party/ fresh look/ sh,unknown,F8.0,"{""0.0"": ""No"", ""1.0"": ""Yes""}",[],[]
b06_12,b06:For historic reasons/tradition:B06 People give different reasons why they vo,unknown,F8.0,"{""0.0"": ""No"", ""1.0"": ""Yes""}",[],[]
b06_13,b06:This party will do a better job than others:B06 People give different reason,unknown,F8.0,"{""0.0"": ""No"", ""1.0"": ""Yes""}",[],[]
b06_14,b06:Have more confidence/trust in them:B06 People give different reasons why the,unknown,F8.0,"{""0.0"": ""No"", ""1.0"": ""Yes""}",[],[]
b06_15,b06:Good/like local candidate/MP:B06 People give different reasons why they vote,unknown,F8.0,"{""0.0"": ""No"", ""1.0"": ""Yes""}",[],[]
b06_16,b06:Party represents the working class:B06 People give different reasons why the,unknown,F8.0,"{""0.0"": ""No"", ""1.0"": ""Yes""}",[],[]
b06_17,b06:Experience/past performance:B06 People give different reasons why they vote,unknown,F8.0,"{""0.0"": ""No"", ""1.0"": ""Yes""}",[],[]
b06_18,b06:Other:B06 People give different reasons why they vote for one party rather t,unknown,F8.0,"{""0.0"": ""No"", ""1.0"": ""Yes""}",[],[]
b06_19,b06:Don't know:B06 People give different reasons why they vote for one party rat,unknown,F8.0,"{""0.0"": ""No"", ""1.0"": ""Yes""}",[],[]
b06_20,b06:Not stated:B06 People give different reasons why they vote for one party rat,unknown,F8.0,"{""0.0"": ""No"", ""1.0"": ""Yes""}",[],[]
b07,B7 Did you care which party won the recent general election?,unknown,F8.0,"{""-999.0"": ""Not stated"", ""-1.0"": ""Don't know"", ""1.0"": ""Cared a good deal"", ""2.0"": ""Didn't care very much""}",[],[]
b08_01,"b08:Partner/Spouse:B8 Thinking back to the day of the elections on May 7th, did",unknown,F8.0,"{""0.0"": ""No"", ""1.0"": ""Yes""}",[],[]
b08_02,"b08:Other Family Member:B8 Thinking back to the day of the elections on May 7th,",unknown,F8.0,"{""0.0"": ""No"", ""1.0"": ""Yes""}",[],[]
b08_03,"b08:Friend:B8 Thinking back to the day of the elections on May 7th, did any of t",unknown,F8.0,"{""0.0"": ""No"", ""1.0"": ""Yes""}",[],[]
b08_04,b08:Work Colleague or Neighbour:B8 Thinking back to the day of the elections on,unknown,F8.0,"{""0.0"": ""No"", ""1.0"": ""Yes""}",[],[]
b08_05,"b08:Someone else:B8 Thinking back to the day of the elections on May 7th, did an",unknown,F8.0,"{""0.0"": ""No"", ""1.0"": ""Yes""}",[],[]
b08_06,"b08:No, none:B8 Thinking back to the day of the elections on May 7th, did any of",unknown,F8.0,"{""0.0"": ""No"", ""1.0"": ""Yes""}",[],[]
b08_07,"b08:Don't know:B8 Thinking back to the day of the elections on May 7th, did any",unknown,F8.0,"{""0.0"": ""No"", ""1.0"": ""Yes""}",[],[]
b08_08,"b08:Not stated:B8 Thinking back to the day of the elections on May 7th, did any",unknown,F8.0,"{""0.0"": ""No"", ""1.0"": ""Yes""}",[],[]
b09,B9 Thinking back to the referendum on Scottish independence held in September 20,unknown,F8.0,"{""-999.0"": ""Not stated"", ""-2.0"": ""Refused"", ""-1.0"": ""Don't know"", ""1.0"": ""Did not vote"", ""2.0"": ""I voted 'Yes' __(Scotland should become an independent country)"", ""3.0"": ""I voted 'No' (Scotland should NOT become an independent country)"", ""4.0"": ""Not eligible/too young to vote""}",[],[]
b10,B10 Did you manage to vote in the local elections that were held on May 7th this,unknown,F8.0,"{""-999.0"": ""Not stated"", ""-2.0"": ""Refused"", ""-1.0"": ""Don't know"", ""1.0"": ""Yes, voted"", ""2.0"": ""No, did not manage to vote"", ""3.0"": ""There wasn't a local election in this area""}",[],[]
b11,B11 Which party did you vote for in the local election on 7th of May?,unknown,F8.0,"{""-999.0"": ""Not stated"", ""-2.0"": ""Refused"", ""-1.0"": ""Don't know"", ""1.0"": ""Labour"", ""2.0"": ""Conservatives"", ""3.0"": ""Liberal Democrats"", ""4.0"": ""Scottish National Party (SNP)"", ""5.0"": ""Plaid Cymru"", ""6.0"": ""Green Party"", ""7.0"": ""United Kingdom Independence Party (UKIP)"", ""8.0"": ""British National Party (BNP)"", ""9.0"": ""Independent candidate"", ""10.0"": ""Other""}",[],[]
B11_other,B11: local election voted other,unknown,A65,{},[],[]
b12_1,Conservatives look after interests of black people and Asians,unknown,F8.0,"{""-999.0"": ""Not stated"", ""-1.0"": ""Don't know"", ""1.0"": ""Very closely"", ""2.0"": ""Fairly closely"", ""3.0"": ""Not very closely"", ""4.0"": ""Not at all closely""}",[],[]
b12_2,Conservatives look after interests of trade unions,unknown,F8.0,"{""-999.0"": ""Not stated"", ""-1.0"": ""Don't know"", ""1.0"": ""Very closely"", ""2.0"": ""Fairly closely"", ""3.0"": ""Not very closely"", ""4.0"": ""Not at all closely""}",[],[]
b12_3,Conservatives look after interests of middle class,unknown,F8.0,"{""-999.0"": ""Not stated"", ""-1.0"": ""Don't know"", ""1.0"": ""Very closely"", ""2.0"": ""Fairly closely"", ""3.0"": ""Not very closely"", ""4.0"": ""Not at all closely""}",[],[]
b12_4,Conservatives look after interests of big business,unknown,F8.0,"{""-999.0"": ""Not stated"", ""-1.0"": ""Don't know"", ""1.0"": ""Very closely"", ""2.0"": ""Fairly closely"", ""3.0"": ""Not very closely"", ""4.0"": ""Not at all closely""}",[],[]
b12_5,Conservatives look after interests of working class,unknown,F8.0,"{""-999.0"": ""Not stated"", ""-1.0"": ""Don't know"", ""1.0"": ""Very closely"", ""2.0"": ""Fairly closely"", ""3.0"": ""Not very closely"", ""4.0"": ""Not at all closely""}",[],[]
b12_6,Conservatives look after interests of unemployed,unknown,F8.0,"{""-999.0"": ""Not stated"", ""-1.0"": ""Don't know"", ""1.0"": ""Very closely"", ""2.0"": ""Fairly closely"", ""3.0"": ""Not very closely"", ""4.0"": ""Not at all closely""}",[],[]
b13_1,Labour look after interests of black people and Asians,unknown,F8.0,"{""-999.0"": ""Not stated"", ""-1.0"": ""Don't know"", ""1.0"": ""Very closely"", ""2.0"": ""Fairly closely"", ""3.0"": ""Not very closely"", ""4.0"": ""Not at all closely""}",[],[]
b13_2,Labour look after interests of trade unions,unknown,F8.0,"{""-999.0"": ""Not stated"", ""-1.0"": ""Don't know"", ""1.0"": ""Very closely"", ""2.0"": ""Fairly closely"", ""3.0"": ""Not very closely"", ""4.0"": ""Not at all closely""}",[],[]
b13_3,Labour look after interests of middle class,unknown,F8.0,"{""-999.0"": ""Not stated"", ""-1.0"": ""Don't know"", ""1.0"": ""Very closely"", ""2.0"": ""Fairly closely"", ""3.0"": ""Not very closely"", ""4.0"": ""Not at all closely""}",[],[]
b13_4,Labour look after interests of big business,unknown,F8.0,"{""-999.0"": ""Not stated"", ""-1.0"": ""Don't know"", ""1.0"": ""Very closely"", ""2.0"": ""Fairly closely"", ""3.0"": ""Not very closely"", ""4.0"": ""Not at all closely""}",[],[]
b13_5,Labour look after interests of working class,unknown,F8.0,"{""-999.0"": ""Not stated"", ""-1.0"": ""Don't know"", ""1.0"": ""Very closely"", ""2.0"": ""Fairly closely"", ""3.0"": ""Not very closely"", ""4.0"": ""Not at all closely""}",[],[]
b13_6,Labour look after interests of unemployed,unknown,F8.0,"{""-999.0"": ""Not stated"", ""-1.0"": ""Don't know"", ""1.0"": ""Very closely"", ""2.0"": ""Fairly closely"", ""3.0"": ""Not very closely"", ""4.0"": ""Not at all closely""}",[],[]
b14_01,"b14:Black people and Asians:B14 And which, if any, of these groups do you think",unknown,F8.0,"{""0.0"": ""No"", ""1.0"": ""Yes""}",[],[]
b14_02,"b14:Middle class people:B14 And which, if any, of these groups do you think the",unknown,F8.0,"{""0.0"": ""No"", ""1.0"": ""Yes""}",[],[]
b14_03,"b14:Working class people:B14 And which, if any, of these groups do you think the",unknown,F8.0,"{""0.0"": ""No"", ""1.0"": ""Yes""}",[],[]
b14_04,"b14:People who are unemployed or on benefits:B14 And which, if any, of these gro",unknown,F8.0,"{""0.0"": ""No"", ""1.0"": ""Yes""}",[],[]
b14_05,"b14:None of these:B14 And which, if any, of these groups do you think the Libera",unknown,F8.0,"{""0.0"": ""No"", ""1.0"": ""Yes""}",[],[]
b14_06,"b14:Don't know:B14 And which, if any, of these groups do you think the Liberal D",unknown,F8.0,"{""0.0"": ""No"", ""1.0"": ""Yes""}",[],[]
b14_07,"b14:Not stated:B14 And which, if any, of these groups do you think the Liberal D",unknown,F8.0,"{""0.0"": ""No"", ""1.0"": ""Yes""}",[],[]
b15_01,"b15:Black people and Asians:B15 And which, if any, of these groups do you think",unknown,F8.0,"{""0.0"": ""No"", ""1.0"": ""Yes""}",[],[]
b15_02,"b15:Middle class people:B15 And which, if any, of these groups do you think the",unknown,F8.0,"{""0.0"": ""No"", ""1.0"": ""Yes""}",[],[]
b15_03,"b15:Working class people:B15 And which, if any, of these groups do you think the",unknown,F8.0,"{""0.0"": ""No"", ""1.0"": ""Yes""}",[],[]
b15_04,"b15:People who are unemployed or on benefits:B15 And which, if any, of these gro",unknown,F8.0,"{""0.0"": ""No"", ""1.0"": ""Yes""}",[],[]
b15_05,"b15:None of these:B15 And which, if any, of these groups do you think the UKIP l",unknown,F8.0,"{""0.0"": ""No"", ""1.0"": ""Yes""}",[],[]
b15_06,"b15:Don't know:B15 And which, if any, of these groups do you think the UKIP look",unknown,F8.0,"{""0.0"": ""No"", ""1.0"": ""Yes""}",[],[]
b15_07,"b15:Not stated:B15 And which, if any, of these groups do you think the UKIP look",unknown,F8.0,"{""0.0"": ""No"", ""1.0"": ""Yes""}",[],[]
b16_01,"b16:Black people and Asians:B16 And which, if any, of these groups do you think",unknown,F8.0,"{""0.0"": ""No"", ""1.0"": ""Yes""}",[],[]
b16_02,"b16:Middle class people:B16 And which, if any, of these groups do you think the",unknown,F8.0,"{""0.0"": ""No"", ""1.0"": ""Yes""}",[],[]
b16_03,"b16:Working class people:B16 And which, if any, of these groups do you think the",unknown,F8.0,"{""0.0"": ""No"", ""1.0"": ""Yes""}",[],[]
b16_04,"b16:People who are unemployed or on benefits:B16 And which, if any, of these gro",unknown,F8.0,"{""0.0"": ""No"", ""1.0"": ""Yes""}",[],[]
b16_05,"b16:None of these:B16 And which, if any, of these groups do you think the Green",unknown,F8.0,"{""0.0"": ""No"", ""1.0"": ""Yes""}",[],[]
b16_06,"b16:Don't know:B16 And which, if any, of these groups do you think the Green Par",unknown,F8.0,"{""0.0"": ""No"", ""1.0"": ""Yes""}",[],[]
b16_07,"b16:Not stated:B16 And which, if any, of these groups do you think the Green Par",unknown,F8.0,"{""0.0"": ""No"", ""1.0"": ""Yes""}",[],[]
b17_01,"b17:Black people and Asians:B17 And which, if any, of these groups do you think",unknown,F8.0,"{""0.0"": ""No"", ""1.0"": ""Yes""}",[],[]
b17_02,"b17:Middle class people:B17 And which, if any, of these groups do you think the",unknown,F8.0,"{""0.0"": ""No"", ""1.0"": ""Yes""}",[],[]
b17_03,"b17:Working class people:B17 And which, if any, of these groups do you think the",unknown,F8.0,"{""0.0"": ""No"", ""1.0"": ""Yes""}",[],[]
b17_04,"b17:People who are unemployed or on benefits:B17 And which, if any, of these gro",unknown,F8.0,"{""0.0"": ""No"", ""1.0"": ""Yes""}",[],[]
b17_05,"b17:None of these:B17 And which, if any, of these groups do you think the Scotti",unknown,F8.0,"{""0.0"": ""No"", ""1.0"": ""Yes""}",[],[]
b17_06,"b17:Don't know:B17 And which, if any, of these groups do you think the Scottish",unknown,F8.0,"{""0.0"": ""No"", ""1.0"": ""Yes""}",[],[]
b17_07,"b17:Not stated:B17 And which, if any, of these groups do you think the Scottish",unknown,F8.0,"{""0.0"": ""No"", ""1.0"": ""Yes""}",[],[]
b18_01,"b18:Black people and Asians:B18 And which, if any, of these groups do you think",unknown,F8.0,"{""0.0"": ""No"", ""1.0"": ""Yes""}",[],[]
b18_02,"b18:Middle class people:B18 And which, if any, of these groups do you think the",unknown,F8.0,"{""0.0"": ""No"", ""1.0"": ""Yes""}",[],[]
b18_03,"b18:Working class people:B18 And which, if any, of these groups do you think the",unknown,F8.0,"{""0.0"": ""No"", ""1.0"": ""Yes""}",[],[]
b18_04,"b18:People who are unemployed or on benefits:B18 And which, if any, of these gro",unknown,F8.0,"{""0.0"": ""No"", ""1.0"": ""Yes""}",[],[]
b18_05,"b18:None of these:B18 And which, if any, of these groups do you think the Plaid",unknown,F8.0,"{""0.0"": ""No"", ""1.0"": ""Yes""}",[],[]
b18_06,"b18:Don't know:B18 And which, if any, of these groups do you think the Plaid Cym",unknown,F8.0,"{""0.0"": ""No"", ""1.0"": ""Yes""}",[],[]
b18_07,"b18:Not stated:B18 And which, if any, of these groups do you think the Plaid Cym",unknown,F8.0,"{""0.0"": ""No"", ""1.0"": ""Yes""}",[],[]
c01,C1 How interested were you in the general election that was held on May 7th this,unknown,F8.0,"{""-999.0"": ""Not stated"", ""1.0"": ""Very interested"", ""2.0"": ""Somewhat interested"", ""3.0"": ""Not very interested"", ""4.0"": ""Not at all interested""}",[],[]
c02_1,Going to vote is a lot of effort,unknown,F8.0,"{""-999.0"": ""Not stated"", ""-1.0"": ""Don't know"", ""1.0"": ""Strongly disagree"", ""2.0"": ""Disagree"", ""3.0"": ""Neither agree nor disagree"", ""4.0"": ""Agree"", ""5.0"": ""Strongly agree""}",[],[]
c02_2,I feel a sense of satisfaction when I vote,unknown,F8.0,"{""-999.0"": ""Not stated"", ""-1.0"": ""Don't know"", ""1.0"": ""Strongly disagree"", ""2.0"": ""Disagree"", ""3.0"": ""Neither agree nor disagree"", ""4.0"": ""Agree"", ""5.0"": ""Strongly agree""}",[],[]
c02_3,Most people around here usually vote in general elections.,unknown,F8.0,"{""-999.0"": ""Not stated"", ""-1.0"": ""Don't know"", ""1.0"": ""Strongly disagree"", ""2.0"": ""Disagree"", ""3.0"": ""Neither agree nor disagree"", ""4.0"": ""Agree"", ""5.0"": ""Strongly agree""}",[],[]
c02_4,It is every citizen's duty to vote in an election,unknown,F8.0,"{""-999.0"": ""Not stated"", ""-1.0"": ""Don't know"", ""1.0"": ""Strongly disagree"", ""2.0"": ""Disagree"", ""3.0"": ""Neither agree nor disagree"", ""4.0"": ""Agree"", ""5.0"": ""Strongly agree""}",[],[]
c02_5,Most of my friends and family think that voting is a waste of time.,unknown,F8.0,"{""-999.0"": ""Not stated"", ""-1.0"": ""Don't know"", ""1.0"": ""Strongly disagree"", ""2.0"": ""Disagree"", ""3.0"": ""Neither agree nor disagree"", ""4.0"": ""Agree"", ""5.0"": ""Strongly agree""}",[],[]
d01,"D1 Generally speaking, do you think of yourself as Labour, Conservative, Liberal",unknown,F8.0,"{""-999.0"": ""Not stated"", ""-2.0"": ""Refused"", ""-1.0"": ""Don't know"", ""1.0"": ""None/No"", ""2.0"": ""Labour"", ""3.0"": ""Conservative"", ""4.0"": ""Liberal Democrat"", ""5.0"": ""Scottish National Party (SNP)"", ""6.0"": ""Plaid Cymru"", ""7.0"": ""Green Party"", ""8.0"": ""United Kingdom Independence Party (UKIP)"", ""9.0"": ""British National Party (BNP)"", ""10.0"": ""Other""}",[],[]
D01_other,D01: party ID other,unknown,A49,{},[],[]
d02,D2 Do you generally think of yourself as a little closer to one of the parties t,unknown,F8.0,"{""-999.0"": ""Not stated"", ""-2.0"": ""Refused"", ""-1.0"": ""Don't know"", ""1.0"": ""Yes"", ""2.0"": ""No""}",[],[]
d03,D3 Which party is that?,unknown,F8.0,"{""-999.0"": ""Not stated"", ""-2.0"": ""Refused"", ""-1.0"": ""Don't know"", ""1.0"": ""None/No"", ""2.0"": ""Labour"", ""3.0"": ""Conservatives"", ""4.0"": ""Liberal Democrats"", ""5.0"": ""Scottish National Party (SNP)"", ""6.0"": ""Plaid Cymru"", ""7.0"": ""Green Party"", ""8.0"": ""United Kingdom Independence Party (UKIP)"", ""9.0"": ""British National Party (BNP)"", ""10.0"": ""Other""}",[],[]
d04,"D4 Would you call yourself very strong supporter of the party, fairly strong or",unknown,F8.0,"{""-999.0"": ""Not stated"", ""-1.0"": ""Don't know"", ""1.0"": ""Very strong"", ""2.0"": ""Fairly strong"", ""3.0"": ""Not very strong""}",[],[]
f01_1,Ordinary working people get their fair share of the nation's wealth,unknown,F8.0,"{""-999.0"": ""Not stated"", ""-1.0"": ""Don't know"", ""1.0"": ""Strongly disagree"", ""2.0"": ""Disagree"", ""3.0"": ""Neither agree nor disagree"", ""4.0"": ""Agree"", ""5.0"": ""Strongly agree""}",[],[]
f01_2,There is one law for the rich and one for the poor,unknown,F8.0,"{""-999.0"": ""Not stated"", ""-1.0"": ""Don't know"", ""1.0"": ""Strongly disagree"", ""2.0"": ""Disagree"", ""3.0"": ""Neither agree nor disagree"", ""4.0"": ""Agree"", ""5.0"": ""Strongly agree""}",[],[]
f01_3,Young people today don't have enough respect for traditional British values,unknown,F8.0,"{""-999.0"": ""Not stated"", ""-1.0"": ""Don't know"", ""1.0"": ""Strongly disagree"", ""2.0"": ""Disagree"", ""3.0"": ""Neither agree nor disagree"", ""4.0"": ""Agree"", ""5.0"": ""Strongly agree""}",[],[]
f01_4,Censorship of films and magazines is necessary to uphold moral standards,unknown,F8.0,"{""-999.0"": ""Not stated"", ""-1.0"": ""Don't know"", ""1.0"": ""Strongly disagree"", ""2.0"": ""Disagree"", ""3.0"": ""Neither agree nor disagree"", ""4.0"": ""Agree"", ""5.0"": ""Strongly agree""}",[],[]
f01_5,There is no need for strong trade unions to protect employees' working condition,unknown,F8.0,"{""-999.0"": ""Not stated"", ""-1.0"": ""Don't know"", ""1.0"": ""Strongly disagree"", ""2.0"": ""Disagree"", ""3.0"": ""Neither agree nor disagree"", ""4.0"": ""Agree"", ""5.0"": ""Strongly agree""}",[],[]
f01_6,Private enterprise is the best way to solve Britain's economic problems,unknown,F8.0,"{""-999.0"": ""Not stated"", ""-1.0"": ""Don't know"", ""1.0"": ""Strongly disagree"", ""2.0"": ""Disagree"", ""3.0"": ""Neither agree nor disagree"", ""4.0"": ""Agree"", ""5.0"": ""Strongly agree""}",[],[]
f01_7,Major public services and industries ought to be in state ownership,unknown,F8.0,"{""-999.0"": ""Not stated"", ""-1.0"": ""Don't know"", ""1.0"": ""Strongly disagree"", ""2.0"": ""Disagree"", ""3.0"": ""Neither agree nor disagree"", ""4.0"": ""Agree"", ""5.0"": ""Strongly agree""}",[],[]
f01_8,It is the government's responsibility to provide a job for everyone who wants on,unknown,F8.0,"{""-999.0"": ""Not stated"", ""-1.0"": ""Don't know"", ""1.0"": ""Strongly disagree"", ""2.0"": ""Disagree"", ""3.0"": ""Neither agree nor disagree"", ""4.0"": ""Agree"", ""5.0"": ""Strongly agree""}",[],[]
f01_9,People should be allowed to organise public meetings to protest against the gove,unknown,F8.0,"{""-999.0"": ""Not stated"", ""-1.0"": ""Don't know"", ""1.0"": ""Strongly disagree"", ""2.0"": ""Disagree"", ""3.0"": ""Neither agree nor disagree"", ""4.0"": ""Agree"", ""5.0"": ""Strongly agree""}",[],[]
f01_10,People in Britain should be more tolerant of those who lead unconventional lives,unknown,F8.0,"{""-999.0"": ""Not stated"", ""-1.0"": ""Don't know"", ""1.0"": ""Strongly disagree"", ""2.0"": ""Disagree"", ""3.0"": ""Neither agree nor disagree"", ""4.0"": ""Agree"", ""5.0"": ""Strongly agree""}",[],[]
e01,E1 In politics people sometimes talk of left and right. Where would you place yo,unknown,F8.0,"{""-999.0"": ""Not stated"", ""-2.0"": ""Refused"", ""-1.0"": ""Don't know"", ""0.0"": ""0 Left"", ""1.0"": ""1"", ""2.0"": ""2"", ""3.0"": ""3"", ""4.0"": ""4"", ""5.0"": ""5"", ""6.0"": ""6"", ""7.0"": ""7"", ""8.0"": ""8"", ""9.0"": ""9"", ""10.0"": ""10 Right""}",[],[]
g01_1,Tax/spend: Yourself,unknown,F8.0,"{""-999.0"": ""Not stated"", ""-1.0"": ""Don't know"", ""0.0"": ""0 Government should cut taxes a lot and spend much less on health and social services"", ""1.0"": ""1"", ""2.0"": ""2"", ""3.0"": ""3"", ""4.0"": ""4"", ""5.0"": ""5"", ""6.0"": ""6"", ""7.0"": ""7"", ""8.0"": ""8"", ""9.0"": ""9"", ""10.0"": ""10 Government should increase taxes a lot and spend much more on health and social services""}",[],[]
g01_2,Tax/spend: Conservative Party,unknown,F8.0,"{""-999.0"": ""Not stated"", ""-1.0"": ""Don't know"", ""0.0"": ""0 Government should cut taxes a lot and spend much less on health and social services"", ""1.0"": ""1"", ""2.0"": ""2"", ""3.0"": ""3"", ""4.0"": ""4"", ""5.0"": ""5"", ""6.0"": ""6"", ""7.0"": ""7"", ""8.0"": ""8"", ""9.0"": ""9"", ""10.0"": ""10 Government should increase taxes a lot and spend much more on health and social services""}",[],[]
g01_3,Tax/spend: Labour Party,unknown,F8.0,"{""-999.0"": ""Not stated"", ""-1.0"": ""Don't know"", ""0.0"": ""0 Government should cut taxes a lot and spend much less on health and social services"", ""1.0"": ""1"", ""2.0"": ""2"", ""3.0"": ""3"", ""4.0"": ""4"", ""5.0"": ""5"", ""6.0"": ""6"", ""7.0"": ""7"", ""8.0"": ""8"", ""9.0"": ""9"", ""10.0"": ""10 Government should increase taxes a lot and spend much more on health and social services""}",[],[]
g01_4,Tax/spend: Liberal Democrats,unknown,F8.0,"{""-999.0"": ""Not stated"", ""-1.0"": ""Don't know"", ""0.0"": ""0 Government should cut taxes a lot and spend much less on health and social services"", ""1.0"": ""1"", ""2.0"": ""2"", ""3.0"": ""3"", ""4.0"": ""4"", ""5.0"": ""5"", ""6.0"": ""6"", ""7.0"": ""7"", ""8.0"": ""8"", ""9.0"": ""9"", ""10.0"": ""10 Government should increase taxes a lot and spend much more on health and social services""}",[],[]
g01_5,Tax/spend: UKIP,unknown,F8.0,"{""-999.0"": ""Not stated"", ""-1.0"": ""Don't know"", ""0.0"": ""0 Government should cut taxes a lot and spend much less on health and social services"", ""1.0"": ""1"", ""2.0"": ""2"", ""3.0"": ""3"", ""4.0"": ""4"", ""5.0"": ""5"", ""6.0"": ""6"", ""7.0"": ""7"", ""8.0"": ""8"", ""9.0"": ""9"", ""10.0"": ""10 Government should increase taxes a lot and spend much more on health and social services""}",[],[]
g01_6,Tax/spend: Green Party,unknown,F8.0,"{""-999.0"": ""Not stated"", ""-1.0"": ""Don't know"", ""0.0"": ""0 Government should cut taxes a lot and spend much less on health and social services"", ""1.0"": ""1"", ""2.0"": ""2"", ""3.0"": ""3"", ""4.0"": ""4"", ""5.0"": ""5"", ""6.0"": ""6"", ""7.0"": ""7"", ""8.0"": ""8"", ""9.0"": ""9"", ""10.0"": ""10 Government should increase taxes a lot and spend much more on health and social services""}",[],[]
g01_7,Tax/spend: SNP,unknown,F8.0,"{""-999.0"": ""Not stated"", ""-1.0"": ""Don't know"", ""0.0"": ""0 Government should cut taxes a lot and spend much less on health and social services"", ""1.0"": ""1"", ""2.0"": ""2"", ""3.0"": ""3"", ""4.0"": ""4"", ""5.0"": ""5"", ""6.0"": ""6"", ""7.0"": ""7"", ""8.0"": ""8"", ""9.0"": ""9"", ""10.0"": ""10 Government should increase taxes a lot and spend much more on health and social services""}",[],[]
g01_8,Tax/spend: Plaid Cymru,unknown,F8.0,"{""-999.0"": ""Not stated"", ""-1.0"": ""Don't know"", ""0.0"": ""0 Government should cut taxes a lot and spend much less on health and social services"", ""1.0"": ""1"", ""2.0"": ""2"", ""3.0"": ""3"", ""4.0"": ""4"", ""5.0"": ""5"", ""6.0"": ""6"", ""7.0"": ""7"", ""8.0"": ""8"", ""9.0"": ""9"", ""10.0"": ""10 Government should increase taxes a lot and spend much more on health and social services""}",[],[]
h01,H1 Thinking now about the environment - what in your opinion should have priorit,unknown,F8.0,"{""-999.0"": ""Not stated"", ""-1.0"": ""Don't know"", ""0.0"": ""0 Economic growth should have priority"", ""1.0"": ""1"", ""2.0"": ""2"", ""3.0"": ""3"", ""4.0"": ""4"", ""5.0"": ""5"", ""6.0"": ""6"", ""7.0"": ""7"", ""8.0"": ""8"", ""9.0"": ""9"", ""10.0"": ""10 Protecting the environment should have priority""}",[],[]
i01_1,Like leader: Miliband,unknown,F8.0,"{""-999.0"": ""Not stated"", ""-2.0"": ""Haven't heard of"", ""-1.0"": ""Don't know"", ""0.0"": ""0 Strongly dislike"", ""1.0"": ""1"", ""2.0"": ""2"", ""3.0"": ""3"", ""4.0"": ""4"", ""5.0"": ""5"", ""6.0"": ""6"", ""7.0"": ""7"", ""8.0"": ""8"", ""9.0"": ""9"", ""10.0"": ""10 Strongly like""}",[],[]
i01_2,Like leader: Cameron,unknown,F8.0,"{""-999.0"": ""Not stated"", ""-2.0"": ""Haven't heard of"", ""-1.0"": ""Don't know"", ""0.0"": ""0 Strongly dislike"", ""1.0"": ""1"", ""2.0"": ""2"", ""3.0"": ""3"", ""4.0"": ""4"", ""5.0"": ""5"", ""6.0"": ""6"", ""7.0"": ""7"", ""8.0"": ""8"", ""9.0"": ""9"", ""10.0"": ""10 Strongly like""}",[],[]
i01_3,Like leader: Clegg,unknown,F8.0,"{""-999.0"": ""Not stated"", ""-2.0"": ""Haven't heard of"", ""-1.0"": ""Don't know"", ""0.0"": ""0 Strongly dislike"", ""1.0"": ""1"", ""2.0"": ""2"", ""3.0"": ""3"", ""4.0"": ""4"", ""5.0"": ""5"", ""6.0"": ""6"", ""7.0"": ""7"", ""8.0"": ""8"", ""9.0"": ""9"", ""10.0"": ""10 Strongly like""}",[],[]
i01_4,Like leader: Bennett,unknown,F8.0,"{""-999.0"": ""Not stated"", ""-2.0"": ""Haven't heard of"", ""-1.0"": ""Don't know"", ""0.0"": ""0 Strongly dislike"", ""1.0"": ""1"", ""2.0"": ""2"", ""3.0"": ""3"", ""4.0"": ""4"", ""5.0"": ""5"", ""6.0"": ""6"", ""7.0"": ""7"", ""8.0"": ""8"", ""9.0"": ""9"", ""10.0"": ""10 Strongly like""}",[],[]
i01_5,Like leader: Farage,unknown,F8.0,"{""-999.0"": ""Not stated"", ""-2.0"": ""Haven't heard of"", ""-1.0"": ""Don't know"", ""0.0"": ""0 Strongly dislike"", ""1.0"": ""1"", ""2.0"": ""2"", ""3.0"": ""3"", ""4.0"": ""4"", ""5.0"": ""5"", ""6.0"": ""6"", ""7.0"": ""7"", ""8.0"": ""8"", ""9.0"": ""9"", ""10.0"": ""10 Strongly like""}",[],[]
i01_6,Like leader: Sturgeon,unknown,F8.0,"{""-999.0"": ""Not stated"", ""-2.0"": ""Haven't heard of"", ""-1.0"": ""Don't know"", ""0.0"": ""0 Strongly dislike"", ""1.0"": ""1"", ""2.0"": ""2"", ""3.0"": ""3"", ""4.0"": ""4"", ""5.0"": ""5"", ""6.0"": ""6"", ""7.0"": ""7"", ""8.0"": ""8"", ""9.0"": ""9"", ""10.0"": ""10 Strongly like""}",[],[]
i01_7,Like leader: Wood,unknown,F8.0,"{""-999.0"": ""Not stated"", ""-2.0"": ""Haven't heard of"", ""-1.0"": ""Don't know"", ""0.0"": ""0 Strongly dislike"", ""1.0"": ""1"", ""2.0"": ""2"", ""3.0"": ""3"", ""4.0"": ""4"", ""5.0"": ""5"", ""6.0"": ""6"", ""7.0"": ""7"", ""8.0"": ""8"", ""9.0"": ""9"", ""10.0"": ""10 Strongly like""}",[],[]
j05,Too many immigrants let into this country,unknown,F8.0,"{""-999.0"": ""Not stated"", ""-1.0"": ""Don't know"", ""1.0"": ""Yes, too many"", ""2.0"": ""No, not too many""}",[],[]
j06,Strength of opinion about immigrants,unknown,F8.0,"{""-999.0"": ""Not stated"", ""-1.0"": ""Don't know"", ""1.0"": ""Very strongly"", ""2.0"": ""Fairly strongly"", ""3.0"": ""Not very strongly""}",[],[]
j01,J1 Do you think immigration is good or bad for Britain's economy?,unknown,F8.0,"{""-999.0"": ""Not stated"", ""-1.0"": ""Don't know"", ""1.0"": ""1 Bad for economy"", ""2.0"": ""2"", ""3.0"": ""3"", ""4.0"": ""4"", ""5.0"": ""5"", ""6.0"": ""6"", ""7.0"": ""7 Good for economy""}",[],[]
j08,Better/worse: NHS,unknown,F8.0,"{""-999.0"": ""Not stated"", ""-1.0"": ""Don't know"", ""1.0"": ""Got a lot worse"", ""2.0"": ""Got a little worse"", ""3.0"": ""Stayed the same"", ""4.0"": ""Got a little better"", ""5.0"": ""Got a lot better""}",[],[]
j10,Importance of putting money into NHS,unknown,F8.0,"{""-999.0"": ""Not stated"", ""-1.0"": ""Don't know"", ""1.0"": ""Very important that it should be done"", ""2.0"": ""Fairly important that it should be done"", ""3.0"": ""It doesn't matter either way"", ""4.0"": ""Fairly important that it should not be done"", ""5.0"": ""Very important that it should not be done""}",[],[]
j11,Higher/lower: cost of living,unknown,F8.0,"{""-999.0"": ""Not stated"", ""-1.0"": ""Don't know"", ""1.0"": ""Got a lot worse"", ""2.0"": ""Got a little worse"", ""3.0"": ""Stayed the same"", ""4.0"": ""Got a little better"", ""5.0"": ""Got a lot better""}",[],[]
j12,Better/worse: education quality,unknown,F8.0,"{""-999.0"": ""Not stated"", ""-1.0"": ""Don't know"", ""1.0"": ""Got a lot worse"", ""2.0"": ""Got a little worse"", ""3.0"": ""Stayed the same"", ""4.0"": ""Got a little better"", ""5.0"": ""Got a lot better""}",[],[]
j15_01,Responsible for GB debt: Conservatives in last UK Government,unknown,F8.0,"{""0.0"": ""No"", ""1.0"": ""Yes""}",[],[]
j15_02,Responsible for GB debt: Lib Dem in last UK Government,unknown,F8.0,"{""0.0"": ""No"", ""1.0"": ""Yes""}",[],[]
j15_03,Responsible for GB debt: The previous UK Labour government,unknown,F8.0,"{""0.0"": ""No"", ""1.0"": ""Yes""}",[],[]
j15_04,Responsible for GB debt: British banks,unknown,F8.0,"{""0.0"": ""No"", ""1.0"": ""Yes""}",[],[]
j15_05,Responsible for GB debt: Global financial institutions,unknown,F8.0,"{""0.0"": ""No"", ""1.0"": ""Yes""}",[],[]
j15_06,Responsible for GB debt: Trade unions,unknown,F8.0,"{""0.0"": ""No"", ""1.0"": ""Yes""}",[],[]
j15_07,Responsible for GB debt: The European Union,unknown,F8.0,"{""0.0"": ""No"", ""1.0"": ""Yes""}",[],[]
j15_08,Responsible for GB debt: Other,unknown,F8.0,"{""0.0"": ""No"", ""1.0"": ""Yes""}",[],[]
j15_09,Responsible for GB debt: None of these,unknown,F8.0,"{""0.0"": ""No"", ""1.0"": ""Yes""}",[],[]
j15_10,Responsible for GB debt: Don't know,unknown,F8.0,"{""0.0"": ""No"", ""1.0"": ""Yes""}",[],[]
j15_11,Responsible for GB debt: Not stated,unknown,F8.0,"{""0.0"": ""No"", ""1.0"": ""Yes""}",[],[]
k01,K1 How much attention do you generally pay to politics?,unknown,F8.0,"{""-999.0"": ""Not stated"", ""-1.0"": ""Don't know"", ""0.0"": ""0 Pay no attention"", ""1.0"": ""1"", ""2.0"": ""2"", ""3.0"": ""3"", ""4.0"": ""4"", ""5.0"": ""5"", ""6.0"": ""6"", ""7.0"": ""7"", ""8.0"": ""8"", ""9.0"": ""9"", ""10.0"": ""10 Pay a great deal of attention""}",[],[]
k02,K2 Do you regularly read about politics or current affairs in one or more newspa,unknown,F8.0,"{""-999.0"": ""Not stated"", ""-1.0"": ""Don't know"", ""1.0"": ""Yes"", ""2.0"": ""No""}",[],[]
k03,K3 In which newspaper do you read about politics or current affairs in most ofte,unknown,F8.0,"{""-999.0"": ""Not stated"", ""1.0"": ""Express"", ""2.0"": ""Financial Times"", ""3.0"": ""Glasgow Herald"", ""4.0"": ""Guardian/Observer"", ""5.0"": ""Independent/The i"", ""6.0"": ""London Evening Standard"", ""7.0"": ""Mail"", ""8.0"": ""Metro"", ""9.0"": ""Mirror/Record"", ""10.0"": ""Scotsman"", ""11.0"": ""Star"", ""12.0"": ""Sun"", ""13.0"": ""Telegraph"", ""14.0"": ""Times"", ""15.0"": ""Western Mail"", ""16.0"": ""Any other national paper"", ""17.0"": ""Any other regional paper"", ""18.0"": ""Other""}",[],[]
k04,"K4 On a typical day, how much time do you spend watching television news or prog",unknown,F8.0,"{""-999.0"": ""Not stated"", ""-1.0"": ""Don't know"", ""1.0"": ""None, No time at all"", ""2.0"": ""Less than 1/2 hour"", ""3.0"": ""1/2 hour to 1 hour"", ""4.0"": ""1 to 2 hours"", ""5.0"": ""More than 2 hours""}",[],[]
k05,"K5 On an average day, how much time do you spend using the internet for news abo",unknown,F8.0,"{""-999.0"": ""Not stated"", ""-1.0"": ""Don't know"", ""1.0"": ""None, No time at all"", ""2.0"": ""Less than 1/2 hour"", ""3.0"": ""1/2 hour to 1 hour"", ""4.0"": ""1 to 2 hours"", ""5.0"": ""More than 2 hours""}",[],[]
k06,K6 Do you use Twitter?,unknown,F8.0,"{""-999.0"": ""Not stated"", ""-1.0"": ""Don't know"", ""1.0"": ""Yes"", ""2.0"": ""No""}",[],[]
k08,K8 Do you use Facebook?,unknown,F8.0,"{""-999.0"": ""Not stated"", ""-1.0"": ""Don't know"", ""1.0"": ""Yes"", ""2.0"": ""No""}",[],[]
k11,"K11 Thinking again of the recent general election, did a canvasser from any part",unknown,F8.0,"{""-999.0"": ""Not stated"", ""-1.0"": ""Don't know"", ""1.0"": ""Yes"", ""2.0"": ""No""}",[],[]
k12_01,k12:Labour:K12 Which party or parties did the canvasser(s) who called at home du,unknown,F8.0,"{""0.0"": ""No"", ""1.0"": ""Yes""}",[],[]
k12_02,k12:Conservatives:K12 Which party or parties did the canvasser(s) who called at,unknown,F8.0,"{""0.0"": ""No"", ""1.0"": ""Yes""}",[],[]
k12_03,k12:Liberal Democrats:K12 Which party or parties did the canvasser(s) who called,unknown,F8.0,"{""0.0"": ""No"", ""1.0"": ""Yes""}",[],[]
k12_04,k12:Scottish National Party (SNP):K12 Which party or parties did the canvasser(s,unknown,F8.0,"{""0.0"": ""No"", ""1.0"": ""Yes""}",[],[]
k12_05,k12:Plaid Cymru:K12 Which party or parties did the canvasser(s) who called at ho,unknown,F8.0,"{""0.0"": ""No"", ""1.0"": ""Yes""}",[],[]
k12_06,k12:Green Party:K12 Which party or parties did the canvasser(s) who called at ho,unknown,F8.0,"{""0.0"": ""No"", ""1.0"": ""Yes""}",[],[]
k12_07,k12:United Kingdom Independence Party (UKIP):K12 Which party or parties did the,unknown,F8.0,"{""0.0"": ""No"", ""1.0"": ""Yes""}",[],[]
k12_08,k12:British National Party (BNP):K12 Which party or parties did the canvasser(s),unknown,F8.0,"{""0.0"": ""No"", ""1.0"": ""Yes""}",[],[]
k12_09,k12:Other:K12 Which party or parties did the canvasser(s) who called at home dur,unknown,F8.0,"{""0.0"": ""No"", ""1.0"": ""Yes""}",[],[]
K12_other,K12: canvasser other party,unknown,A41,{},[],[]
k12_10,k12:Don't know:K12 Which party or parties did the canvasser(s) who called at hom,unknown,F8.0,"{""0.0"": ""No"", ""1.0"": ""Yes""}",[],[]
k12_11,k12:Not stated:K12 Which party or parties did the canvasser(s) who called at hom,unknown,F8.0,"{""0.0"": ""No"", ""1.0"": ""Yes""}",[],[]
k13,K13 Did any of the political parties contact you during the recent election camp,unknown,F8.0,"{""-999.0"": ""Not stated"", ""-1.0"": ""Don't know"", ""1.0"": ""Yes"", ""2.0"": ""No""}",[],[]
k14_1_01,k14_1:Telephone call:K14_1 In what other way and by which party you were contact,unknown,F8.0,"{""0.0"": ""No"", ""1.0"": ""Yes""}",[],[]
k14_1_02,k14_1:Leaflets/ other material to home:K14_1 In what other way and by which part,unknown,F8.0,"{""0.0"": ""No"", ""1.0"": ""Yes""}",[],[]
k14_1_03,k14_1:Email or text message:K14_1 In what other way and by which party you were,unknown,F8.0,"{""0.0"": ""No"", ""1.0"": ""Yes""}",[],[]
k14_1_04,k14_1:Contact in the street:K14_1 In what other way and by which party you were,unknown,F8.0,"{""0.0"": ""No"", ""1.0"": ""Yes""}",[],[]
k14_1_05,"k14_1:Twitter, Facebook or other social media:K14_1 In what other way and by whi",unknown,F8.0,"{""0.0"": ""No"", ""1.0"": ""Yes""}",[],[]
k14_1_06,k14_1:Not stated:K14_1 In what other way and by which party you were contacted?,unknown,F8.0,"{""0.0"": ""No"", ""1.0"": ""Yes""}",[],[]
k14_2_01,k14_2:Telephone call:K14_2 In what other way and by which party you were contact,unknown,F8.0,"{""0.0"": ""No"", ""1.0"": ""Yes""}",[],[]
k14_2_02,k14_2:Leaflets/ other material to home:K14_2 In what other way and by which part,unknown,F8.0,"{""0.0"": ""No"", ""1.0"": ""Yes""}",[],[]
k14_2_03,k14_2:Email or text message:K14_2 In what other way and by which party you were,unknown,F8.0,"{""0.0"": ""No"", ""1.0"": ""Yes""}",[],[]
k14_2_04,k14_2:Contact in the street:K14_2 In what other way and by which party you were,unknown,F8.0,"{""0.0"": ""No"", ""1.0"": ""Yes""}",[],[]
k14_2_05,"k14_2:Twitter, Facebook or other social media:K14_2 In what other way and by whi",unknown,F8.0,"{""0.0"": ""No"", ""1.0"": ""Yes""}",[],[]
k14_2_06,k14_2:Not stated:K14_2 In what other way and by which party you were contacted?,unknown,F8.0,"{""0.0"": ""No"", ""1.0"": ""Yes""}",[],[]
k14_3_01,k14_3:Telephone call:K14_3 In what other way and by which party you were contact,unknown,F8.0,"{""0.0"": ""No"", ""1.0"": ""Yes""}",[],[]
k14_3_02,k14_3:Leaflets/ other material to home:K14_3 In what other way and by which part,unknown,F8.0,"{""0.0"": ""No"", ""1.0"": ""Yes""}",[],[]
k14_3_03,k14_3:Email or text message:K14_3 In what other way and by which party you were,unknown,F8.0,"{""0.0"": ""No"", ""1.0"": ""Yes""}",[],[]
k14_3_04,k14_3:Contact in the street:K14_3 In what other way and by which party you were,unknown,F8.0,"{""0.0"": ""No"", ""1.0"": ""Yes""}",[],[]
k14_3_05,"k14_3:Twitter, Facebook or other social media:K14_3 In what other way and by whi",unknown,F8.0,"{""0.0"": ""No"", ""1.0"": ""Yes""}",[],[]
k14_3_06,k14_3:Not stated:K14_3 In what other way and by which party you were contacted?,unknown,F8.0,"{""0.0"": ""No"", ""1.0"": ""Yes""}",[],[]
k14_4_01,k14_4:Telephone call:K14_4 In what other way and by which party you were contact,unknown,F8.0,"{""0.0"": ""No"", ""1.0"": ""Yes""}",[],[]
k14_4_02,k14_4:Leaflets/ other material to home:K14_4 In what other way and by which part,unknown,F8.0,"{""0.0"": ""No"", ""1.0"": ""Yes""}",[],[]
k14_4_03,k14_4:Email or text message:K14_4 In what other way and by which party you were,unknown,F8.0,"{""0.0"": ""No"", ""1.0"": ""Yes""}",[],[]
k14_4_04,k14_4:Contact in the street:K14_4 In what other way and by which party you were,unknown,F8.0,"{""0.0"": ""No"", ""1.0"": ""Yes""}",[],[]
k14_4_05,"k14_4:Twitter, Facebook or other social media:K14_4 In what other way and by whi",unknown,F8.0,"{""0.0"": ""No"", ""1.0"": ""Yes""}",[],[]
k14_4_06,k14_4:Not stated:K14_4 In what other way and by which party you were contacted?,unknown,F8.0,"{""0.0"": ""No"", ""1.0"": ""Yes""}",[],[]
k14_5_01,k14_5:Telephone call:K14_5 In what other way and by which party you were contact,unknown,F8.0,"{""0.0"": ""No"", ""1.0"": ""Yes""}",[],[]
k14_5_02,k14_5:Leaflets/ other material to home:K14_5 In what other way and by which part,unknown,F8.0,"{""0.0"": ""No"", ""1.0"": ""Yes""}",[],[]
k14_5_03,k14_5:Email or text message:K14_5 In what other way and by which party you were,unknown,F8.0,"{""0.0"": ""No"", ""1.0"": ""Yes""}",[],[]
k14_5_04,k14_5:Contact in the street:K14_5 In what other way and by which party you were,unknown,F8.0,"{""0.0"": ""No"", ""1.0"": ""Yes""}",[],[]
k14_5_05,"k14_5:Twitter, Facebook or other social media:K14_5 In what other way and by whi",unknown,F8.0,"{""0.0"": ""No"", ""1.0"": ""Yes""}",[],[]
k14_5_06,k14_5:Not stated:K14_5 In what other way and by which party you were contacted?,unknown,F8.0,"{""0.0"": ""No"", ""1.0"": ""Yes""}",[],[]
k14_6_01,k14_6:Telephone call:K14_6 In what other way and by which party you were contact,unknown,F8.0,"{""0.0"": ""No"", ""1.0"": ""Yes""}",[],[]
k14_6_02,k14_6:Leaflets/ other material to home:K14_6 In what other way and by which part,unknown,F8.0,"{""0.0"": ""No"", ""1.0"": ""Yes""}",[],[]
k14_6_03,k14_6:Email or text message:K14_6 In what other way and by which party you were,unknown,F8.0,"{""0.0"": ""No"", ""1.0"": ""Yes""}",[],[]
k14_6_04,k14_6:Contact in the street:K14_6 In what other way and by which party you were,unknown,F8.0,"{""0.0"": ""No"", ""1.0"": ""Yes""}",[],[]
k14_6_05,"k14_6:Twitter, Facebook or other social media:K14_6 In what other way and by whi",unknown,F8.0,"{""0.0"": ""No"", ""1.0"": ""Yes""}",[],[]
k14_6_06,k14_6:Not stated:K14_6 In what other way and by which party you were contacted?,unknown,F8.0,"{""0.0"": ""No"", ""1.0"": ""Yes""}",[],[]
k14_7_01,k14_7:Telephone call:K14_7 In what other way and by which party you were contact,unknown,F8.0,"{""0.0"": ""No"", ""1.0"": ""Yes""}",[],[]
k14_7_02,k14_7:Leaflets/ other material to home:K14_7 In what other way and by which part,unknown,F8.0,"{""0.0"": ""No"", ""1.0"": ""Yes""}",[],[]
k14_7_03,k14_7:Email or text message:K14_7 In what other way and by which party you were,unknown,F8.0,"{""0.0"": ""No"", ""1.0"": ""Yes""}",[],[]
k14_7_04,k14_7:Contact in the street:K14_7 In what other way and by which party you were,unknown,F8.0,"{""0.0"": ""No"", ""1.0"": ""Yes""}",[],[]
k14_7_05,"k14_7:Twitter, Facebook or other social media:K14_7 In what other way and by whi",unknown,F8.0,"{""0.0"": ""No"", ""1.0"": ""Yes""}",[],[]
k14_7_06,k14_7:Not stated:K14_7 In what other way and by which party you were contacted?,unknown,F8.0,"{""0.0"": ""No"", ""1.0"": ""Yes""}",[],[]
k14_8_01,k14_8:Telephone call:K14_8 In what other way and by which party you were contact,unknown,F8.0,"{""0.0"": ""No"", ""1.0"": ""Yes""}",[],[]
k14_8_02,k14_8:Leaflets/ other material to home:K14_8 In what other way and by which part,unknown,F8.0,"{""0.0"": ""No"", ""1.0"": ""Yes""}",[],[]
k14_8_03,k14_8:Email or text message:K14_8 In what other way and by which party you were,unknown,F8.0,"{""0.0"": ""No"", ""1.0"": ""Yes""}",[],[]
k14_8_04,k14_8:Contact in the street:K14_8 In what other way and by which party you were,unknown,F8.0,"{""0.0"": ""No"", ""1.0"": ""Yes""}",[],[]
k14_8_05,"k14_8:Twitter, Facebook or other social media:K14_8 In what other way and by whi",unknown,F8.0,"{""0.0"": ""No"", ""1.0"": ""Yes""}",[],[]
k14_8_06,k14_8:Not stated:K14_8 In what other way and by which party you were contacted?,unknown,F8.0,"{""0.0"": ""No"", ""1.0"": ""Yes""}",[],[]
l01,L1 Now a few questions about economic conditions. How does the financial situati,unknown,F8.0,"{""-999.0"": ""Not stated"", ""-1.0"": ""Don't know"", ""1.0"": ""A lot worse"", ""2.0"": ""A little worse"", ""3.0"": ""The same"", ""4.0"": ""A little better"", ""5.0"": ""A lot better""}",[],[]
l02,L2 How do you think the financial situation of your household will change over t,unknown,F8.0,"{""-999.0"": ""Not stated"", ""-1.0"": ""Don't know"", ""1.0"": ""A lot worse"", ""2.0"": ""A little worse"", ""3.0"": ""The same"", ""4.0"": ""A little better"", ""5.0"": ""A lot better""}",[],[]
l03,L3 How do you think the general economic situation in this country will develop,unknown,F8.0,"{""-999.0"": ""Not stated"", ""-1.0"": ""Don't know"", ""1.0"": ""A lot worse"", ""2.0"": ""A little worse"", ""3.0"": ""The same"", ""4.0"": ""A little better"", ""5.0"": ""A lot better""}",[],[]
l04,L4 How do you think the general economic situation in this country has changed o,unknown,F8.0,"{""-999.0"": ""Not stated"", ""-1.0"": ""Don't know"", ""1.0"": ""A lot worse"", ""2.0"": ""A little worse"", ""3.0"": ""The same"", ""4.0"": ""A little better"", ""5.0"": ""A lot better""}",[],[]
l05_01,"l05:Conservatives in last UK Government:L5 And, who do you think that is the res",unknown,F8.0,"{""0.0"": ""No"", ""1.0"": ""Yes""}",[],[]
l05_02,"l05:Liberal Democrats in last UK government:L5 And, who do you think that is the",unknown,F8.0,"{""0.0"": ""No"", ""1.0"": ""Yes""}",[],[]
l05_03,"l05:The last Labour UK government:L5 And, who do you think that is the result of",unknown,F8.0,"{""0.0"": ""No"", ""1.0"": ""Yes""}",[],[]
l05_04,"l05:The Scottish government:L5 And, who do you think that is the result of?",unknown,F8.0,"{""0.0"": ""No"", ""1.0"": ""Yes""}",[],[]
l05_05,"l05:The Welsh government:L5 And, who do you think that is the result of?",unknown,F8.0,"{""0.0"": ""No"", ""1.0"": ""Yes""}",[],[]
l05_06,"l05:None of these:L5 And, who do you think that is the result of?",unknown,F8.0,"{""0.0"": ""No"", ""1.0"": ""Yes""}",[],[]
l05_07,"l05:Don't know:L5 And, who do you think that is the result of?",unknown,F8.0,"{""0.0"": ""No"", ""1.0"": ""Yes""}",[],[]
l05_08,"l05:Not stated:L5 And, who do you think that is the result of?",unknown,F8.0,"{""0.0"": ""No"", ""1.0"": ""Yes""}",[],[]
l07,L7 How necessary do you think it is for the UK Government to eliminate the defic,unknown,F8.0,"{""-999.0"": ""Not stated"", ""-1.0"": ""Don't know"", ""1.0"": ""It is completely necessary"", ""2.0"": ""It is important but not  absolutely  necessary"", ""3.0"": ""It is not necessary but it would be desirable"", ""4.0"": ""It is completely unnecessary""}",[],[]
l09,Redistribution: self,unknown,F8.0,"{""-999.0"": ""Not stated"", ""-1.0"": ""Don't know"", ""0.0"": ""0 Make much greater efforts to make people's incomes more equal"", ""1.0"": ""1"", ""2.0"": ""2"", ""3.0"": ""3"", ""4.0"": ""4"", ""5.0"": ""5"", ""6.0"": ""6"", ""7.0"": ""7"", ""8.0"": ""8"", ""9.0"": ""9"", ""10.0"": ""10 Be much less concerned about how equal people's incomes are""}",[],[]
m01,"M1 On the whole, are you satisfied or dissatisfied with the way that democracy w",unknown,F8.0,"{""-999.0"": ""Not stated"", ""-1.0"": ""Don't know"", ""1.0"": ""Very satisfied"", ""2.0"": ""Fairly satisfied"", ""3.0"": ""A little dissatisfied"", ""4.0"": ""Very dissatisfied""}",[],[]
n01,N1: party of MP,unknown,F8.0,"{""-999.0"": ""Not stated"", ""-1.0"": ""Don't know"", ""1.0"": ""No party"", ""2.0"": ""Labour"", ""3.0"": ""Conservatives"", ""4.0"": ""Liberal Democrats"", ""5.0"": ""Scottish National Party (SNP)"", ""6.0"": ""Plaid Cymru"", ""7.0"": ""Green Party"", ""8.0"": ""United Kingdom Independence Party (UKIP)"", ""9.0"": ""British National Party (BNP)"", ""10.0"": ""Other""}",[],[]
n01_other,N1: party of MP (other),unknown,A24,{},[],[]
n02,"N2 Would you say that he/she is upper class, middle class, or working class?",unknown,F8.0,"{""-999.0"": ""Not stated"", ""-1.0"": ""Don't know"", ""1.0"": ""Upper class"", ""2.0"": ""Middle class"", ""3.0"": ""Working class""}",[],[]
n04a,"N4a Are you happy to answer the questions yourself, on the laptop?",unknown,F8.0,"{""-999.0"": ""Not stated"", ""1.0"": ""Yes - Read on screen and enter answers by themselves"", ""2.0"": ""No - Prefer interviewer to read questions from screen""}",[],[]
n03,N3 How much do you trust British politicians generally?,unknown,F8.0,"{""-999.0"": ""Not stated"", ""-1.0"": ""Don't know"", ""0.0"": ""0 No trust"", ""1.0"": ""1"", ""2.0"": ""2"", ""3.0"": ""3"", ""4.0"": ""4"", ""5.0"": ""5"", ""6.0"": ""6"", ""7.0"": ""7"", ""8.0"": ""8"", ""9.0"": ""9"", ""10.0"": ""10 A great deal of trust""}",[],[]
p01,"P1 Overall, do you approve or disapprove of Britain's membership in the European",unknown,F8.0,"{""-999.0"": ""Not stated"", ""-1.0"": ""Don't know"", ""1.0"": ""Strongly approve"", ""2.0"": ""Approve"", ""3.0"": ""Neither approve nor disapprove"", ""4.0"": ""Disapprove"", ""5.0"": ""Strongly disapprove""}",[],[]
p02,"P2 If there was a referendum on Britain's membership of the European Union, how",unknown,F8.0,"{""-999.0"": ""Not stated"", ""-1.0"": ""Don't know"", ""1.0"": ""Leave the EU"", ""2.0"": ""Stay in the EU"", ""3.0"": ""I would not vote""}",[],[]
p03_1,EU integration: self,unknown,F8.0,"{""-999.0"": ""Not stated"", ""-1.0"": ""Don't know"", ""0.0"": ""0 Do all it can to unite fully with the European Union"", ""1.0"": ""1"", ""2.0"": ""2"", ""3.0"": ""3"", ""4.0"": ""4"", ""5.0"": ""5"", ""6.0"": ""6"", ""7.0"": ""7"", ""8.0"": ""8"", ""9.0"": ""9"", ""10.0"": ""10 Do all it can to protect its independence from the European Union""}",[],[]
p03_2,EU integration: Conservatives,unknown,F8.0,"{""-999.0"": ""Not stated"", ""-1.0"": ""Don't know"", ""0.0"": ""0 Do all it can to unite fully with the European Union"", ""1.0"": ""1"", ""2.0"": ""2"", ""3.0"": ""3"", ""4.0"": ""4"", ""5.0"": ""5"", ""6.0"": ""6"", ""7.0"": ""7"", ""8.0"": ""8"", ""9.0"": ""9"", ""10.0"": ""10 Do all it can to protect its independence from the European Union""}",[],[]
p03_3,EU integration: Labour,unknown,F8.0,"{""-999.0"": ""Not stated"", ""-1.0"": ""Don't know"", ""0.0"": ""0 Do all it can to unite fully with the European Union"", ""1.0"": ""1"", ""2.0"": ""2"", ""3.0"": ""3"", ""4.0"": ""4"", ""5.0"": ""5"", ""6.0"": ""6"", ""7.0"": ""7"", ""8.0"": ""8"", ""9.0"": ""9"", ""10.0"": ""10 Do all it can to protect its independence from the European Union""}",[],[]
p03_4,EU integration: Lib Dems,unknown,F8.0,"{""-999.0"": ""Not stated"", ""-1.0"": ""Don't know"", ""0.0"": ""0 Do all it can to unite fully with the European Union"", ""1.0"": ""1"", ""2.0"": ""2"", ""3.0"": ""3"", ""4.0"": ""4"", ""5.0"": ""5"", ""6.0"": ""6"", ""7.0"": ""7"", ""8.0"": ""8"", ""9.0"": ""9"", ""10.0"": ""10 Do all it can to protect its independence from the European Union""}",[],[]
p03_5,EU integration: UKIP,unknown,F8.0,"{""-999.0"": ""Not stated"", ""-1.0"": ""Don't know"", ""0.0"": ""0 Do all it can to unite fully with the European Union"", ""1.0"": ""1"", ""2.0"": ""2"", ""3.0"": ""3"", ""4.0"": ""4"", ""5.0"": ""5"", ""6.0"": ""6"", ""7.0"": ""7"", ""8.0"": ""8"", ""9.0"": ""9"", ""10.0"": ""10 Do all it can to protect its independence from the European Union""}",[],[]
p03_6,EU integration: Green,unknown,F8.0,"{""-999.0"": ""Not stated"", ""-1.0"": ""Don't know"", ""0.0"": ""0 Do all it can to unite fully with the European Union"", ""1.0"": ""1"", ""2.0"": ""2"", ""3.0"": ""3"", ""4.0"": ""4"", ""5.0"": ""5"", ""6.0"": ""6"", ""7.0"": ""7"", ""8.0"": ""8"", ""9.0"": ""9"", ""10.0"": ""10 Do all it can to protect its independence from the European Union""}",[],[]
p03_7,EU integration: SNP,unknown,F8.0,"{""-999.0"": ""Not stated"", ""-1.0"": ""Don't know"", ""0.0"": ""0 Do all it can to unite fully with the European Union"", ""1.0"": ""1"", ""2.0"": ""2"", ""3.0"": ""3"", ""4.0"": ""4"", ""5.0"": ""5"", ""6.0"": ""6"", ""7.0"": ""7"", ""8.0"": ""8"", ""9.0"": ""9"", ""10.0"": ""10 Do all it can to protect its independence from the European Union""}",[],[]
p03_8,EU integration: Plaid Cymru,unknown,F8.0,"{""-999.0"": ""Not stated"", ""-1.0"": ""Don't know"", ""0.0"": ""0 Do all it can to unite fully with the European Union"", ""1.0"": ""1"", ""2.0"": ""2"", ""3.0"": ""3"", ""4.0"": ""4"", ""5.0"": ""5"", ""6.0"": ""6"", ""7.0"": ""7"", ""8.0"": ""8"", ""9.0"": ""9"", ""10.0"": ""10 Do all it can to protect its independence from the European Union""}",[],[]
p04_01,"p04:Contacted a politician, government or local government official:P4 Thinking",unknown,F8.0,"{""0.0"": ""No"", ""1.0"": ""Yes""}",[],[]
p04_02,p04:Signed a petition on the Internet:P4 Thinking now about how active you are i,unknown,F8.0,"{""0.0"": ""No"", ""1.0"": ""Yes""}",[],[]
p04_03,p04:Signed a petition not on the internet:P4 Thinking now about how active you a,unknown,F8.0,"{""0.0"": ""No"", ""1.0"": ""Yes""}",[],[]
p04_04,p04:Done any work on behalf of a political party or action group:P4 Thinking now,unknown,F8.0,"{""0.0"": ""No"", ""1.0"": ""Yes""}",[],[]
p04_05,"p04:Given any money to a political party, organization or cause:P4 Thinking now",unknown,F8.0,"{""0.0"": ""No"", ""1.0"": ""Yes""}",[],[]
p04_06,p04:Taken part in a public demonstration:P4 Thinking now about how active you ar,unknown,F8.0,"{""0.0"": ""No"", ""1.0"": ""Yes""}",[],[]
p04_07,p04:Bought - or refused to buy - any products for political or ethical reasons:P,unknown,F8.0,"{""0.0"": ""No"", ""1.0"": ""Yes""}",[],[]
p04_08,p04:Gone on strike or taken industrial action:P4 Thinking now about how active y,unknown,F8.0,"{""0.0"": ""No"", ""1.0"": ""Yes""}",[],[]
p04_09,p04:None of these:P4 Thinking now about how active you are in politics and commu,unknown,F8.0,"{""0.0"": ""No"", ""1.0"": ""Yes""}",[],[]
p04_10,p04:Don't know:P4 Thinking now about how active you are in politics and communit,unknown,F8.0,"{""0.0"": ""No"", ""1.0"": ""Yes""}",[],[]
p04_11,p04:Not stated:P4 Thinking now about how active you are in politics and communit,unknown,F8.0,"{""0.0"": ""No"", ""1.0"": ""Yes""}",[],[]
p05_01,p05:Done any work on behalf of a political party or action group:P5 During the r,unknown,F8.0,"{""0.0"": ""No"", ""1.0"": ""Yes""}",[],[]
p05_02,"p05:Given any money to a political party, organization or cause:P5 During the re",unknown,F8.0,"{""0.0"": ""No"", ""1.0"": ""Yes""}",[],[]
p05_03,"p05:Displayed an election poster:P5 During the recent election campaign, have yo",unknown,F8.0,"{""0.0"": ""No"", ""1.0"": ""Yes""}",[],[]
p05_04,p05:Listened to or watched a party election broadcast:P5 During the recent elect,unknown,F8.0,"{""0.0"": ""No"", ""1.0"": ""Yes""}",[],[]
p05_05,p05:Watched any of the leader debates shown on TV before the election:P5 During,unknown,F8.0,"{""0.0"": ""No"", ""1.0"": ""Yes""}",[],[]
p05_06,"p05:Read a campaign leaflet/letter, text message or email from a political party",unknown,F8.0,"{""0.0"": ""No"", ""1.0"": ""Yes""}",[],[]
p05_07,p05:Tried to persuade somebody which party they should vote for:P5 During the re,unknown,F8.0,"{""0.0"": ""No"", ""1.0"": ""Yes""}",[],[]
p05_08,"p05:None of these:P5 During the recent election campaign, have you done any of t",unknown,F8.0,"{""0.0"": ""No"", ""1.0"": ""Yes""}",[],[]
p05_09,"p05:Don't know:P5 During the recent election campaign, have you done any of the",unknown,F8.0,"{""0.0"": ""No"", ""1.0"": ""Yes""}",[],[]
p05_10,"p05:Not stated:P5 During the recent election campaign, have you done any of the",unknown,F8.0,"{""0.0"": ""No"", ""1.0"": ""Yes""}",[],[]
q01_1,Keeps promises: Labour,unknown,F8.0,"{""-999.0"": ""Not stated"", ""-1.0"": ""Don't know"", ""1.0"": ""Keeps its promises"", ""2.0"": ""Breaks its promises"", ""3.0"": ""Neither or both""}",[],[]
q01_2,Keeps promises: Conservative,unknown,F8.0,"{""-999.0"": ""Not stated"", ""-1.0"": ""Don't know"", ""1.0"": ""Keeps its promises"", ""2.0"": ""Breaks its promises"", ""3.0"": ""Neither or both""}",[],[]
q01_3,Keeps promises: Liberal Democrats,unknown,F8.0,"{""-999.0"": ""Not stated"", ""-1.0"": ""Don't know"", ""1.0"": ""Keeps its promises"", ""2.0"": ""Breaks its promises"", ""3.0"": ""Neither or both""}",[],[]
q01_4,Keeps promises: SNP,unknown,F8.0,"{""-999.0"": ""Not stated"", ""-1.0"": ""Don't know"", ""1.0"": ""Keeps its promises"", ""2.0"": ""Breaks its promises"", ""3.0"": ""Neither or both""}",[],[]
q01_5,Keeps promises: Plaid Cymru,unknown,F8.0,"{""-999.0"": ""Not stated"", ""-1.0"": ""Don't know"", ""1.0"": ""Keeps its promises"", ""2.0"": ""Breaks its promises"", ""3.0"": ""Neither or both""}",[],[]
q02_1,Q2: Capable strong govt: Conservative,unknown,F8.0,"{""-999.0"": ""Not stated"", ""-1.0"": ""Don't know"", ""1.0"": ""Capable of being a strong government"", ""2.0"": ""Not capable of being a strong government"", ""3.0"": ""Neither or both""}",[],[]
q02_2,Q2: Capable strong govt: Labour,unknown,F8.0,"{""-999.0"": ""Not stated"", ""-1.0"": ""Don't know"", ""1.0"": ""Capable of being a strong government"", ""2.0"": ""Not capable of being a strong government"", ""3.0"": ""Neither or both""}",[],[]
q03_1,United/divided: Conservative Party,unknown,F8.0,"{""-999.0"": ""Not stated"", ""-1.0"": ""Don't know"", ""1.0"": ""United"", ""2.0"": ""Divided"", ""3.0"": ""Neither or both""}",[],[]
q03_2,United/divided: Labour Party,unknown,F8.0,"{""-999.0"": ""Not stated"", ""-1.0"": ""Don't know"", ""1.0"": ""United"", ""2.0"": ""Divided"", ""3.0"": ""Neither or both""}",[],[]
q03_3,United/divided: Liberal Democrats,unknown,F8.0,"{""-999.0"": ""Not stated"", ""-1.0"": ""Don't know"", ""1.0"": ""United"", ""2.0"": ""Divided"", ""3.0"": ""Neither or both""}",[],[]
q11,Difference between Conservative and Labour,unknown,F8.0,"{""-999.0"": ""Not stated"", ""-1.0"": ""Don't know"", ""1.0"": ""A great difference between them"", ""2.0"": ""Some difference"", ""3.0"": ""Not much difference""}",[],[]
q12,Lib Dems closer to Conservative or Labour,unknown,F8.0,"{""-999.0"": ""Not stated"", ""-1.0"": ""Don't know"", ""1.0"": ""Closer to the Conservatives"", ""2.0"": ""Closer to Labour"", ""3.0"": ""No difference/Equal""}",[],[]
q16,Better to have one party govt or coalition,unknown,F8.0,"{""-999.0"": ""Not stated"", ""-1.0"": ""Don't know"", ""1.0"": ""To have a government formed by one political party on its own"", ""2.0"": ""To have a government formed by two or more political parties together - in coalition""}",[],[]
r03,Gone too far: equality for women,unknown,F8.0,"{""-999.0"": ""Not stated"", ""-1.0"": ""Don't know"", ""1.0"": ""Gone much too far"", ""2.0"": ""Gone a little too far"", ""3.0"": ""Is about right"", ""4.0"": ""Not gone quite far enough"", ""5.0"": ""Not gone nearly far enough""}",[],[]
r04,Gone too far: quality for blacks and asians,unknown,F8.0,"{""-999.0"": ""Not stated"", ""-1.0"": ""Don't know"", ""1.0"": ""Gone much too far"", ""2.0"": ""Gone a little too far"", ""3.0"": ""Is about right"", ""4.0"": ""Not gone quite far enough"", ""5.0"": ""Not gone nearly far enough""}",[],[]
r05,Difference in incomes between rich and poor since 20 yrs ago,unknown,F8.0,"{""-999.0"": ""Not stated"", ""-1.0"": ""Don't know"", ""1.0"": ""Much larger"", ""2.0"": ""Somewhat larger"", ""3.0"": ""About the same"", ""4.0"": ""Somewhat smaller"", ""5.0"": ""Much smaller""}",[],[]
s01_1,Probability of voting for Conservatives,unknown,F8.0,"{""-999.0"": ""Not stated"", ""0.0"": ""0 very unlikely"", ""1.0"": ""1"", ""2.0"": ""2"", ""3.0"": ""3"", ""4.0"": ""4"", ""5.0"": ""5"", ""6.0"": ""6"", ""7.0"": ""7"", ""8.0"": ""8"", ""9.0"": ""9"", ""10.0"": ""10 very likely""}",[],[]
s01_2,Probability of voting for Labour,unknown,F8.0,"{""-999.0"": ""Not stated"", ""0.0"": ""0 very unlikely"", ""1.0"": ""1"", ""2.0"": ""2"", ""3.0"": ""3"", ""4.0"": ""4"", ""5.0"": ""5"", ""6.0"": ""6"", ""7.0"": ""7"", ""8.0"": ""8"", ""9.0"": ""9"", ""10.0"": ""10 very likely""}",[],[]
s01_3,Probability of voting for Liberal Democrats,unknown,F8.0,"{""-999.0"": ""Not stated"", ""0.0"": ""0 very unlikely"", ""1.0"": ""1"", ""2.0"": ""2"", ""3.0"": ""3"", ""4.0"": ""4"", ""5.0"": ""5"", ""6.0"": ""6"", ""7.0"": ""7"", ""8.0"": ""8"", ""9.0"": ""9"", ""10.0"": ""10 very likely""}",[],[]
s01_4,Probability of voting for UKIP,unknown,F8.0,"{""-999.0"": ""Not stated"", ""0.0"": ""0 very unlikely"", ""1.0"": ""1"", ""2.0"": ""2"", ""3.0"": ""3"", ""4.0"": ""4"", ""5.0"": ""5"", ""6.0"": ""6"", ""7.0"": ""7"", ""8.0"": ""8"", ""9.0"": ""9"", ""10.0"": ""10 very likely""}",[],[]
s01_5,Probability of voting for Greens,unknown,F8.0,"{""-999.0"": ""Not stated"", ""0.0"": ""0 very unlikely"", ""1.0"": ""1"", ""2.0"": ""2"", ""3.0"": ""3"", ""4.0"": ""4"", ""5.0"": ""5"", ""6.0"": ""6"", ""7.0"": ""7"", ""8.0"": ""8"", ""9.0"": ""9"", ""10.0"": ""10 very likely""}",[],[]
s01_6,Probability of voting for SNP,unknown,F8.0,"{""-999.0"": ""Not stated"", ""0.0"": ""0 very unlikely"", ""1.0"": ""1"", ""2.0"": ""2"", ""3.0"": ""3"", ""4.0"": ""4"", ""5.0"": ""5"", ""6.0"": ""6"", ""7.0"": ""7"", ""8.0"": ""8"", ""9.0"": ""9"", ""10.0"": ""10 very likely""}",[],[]
s01_7,Probability of voting for Plaid Cymru,unknown,F8.0,"{""-999.0"": ""Not stated"", ""0.0"": ""0 very unlikely"", ""1.0"": ""1"", ""2.0"": ""2"", ""3.0"": ""3"", ""4.0"": ""4"", ""5.0"": ""5"", ""6.0"": ""6"", ""7.0"": ""7"", ""8.0"": ""8"", ""9.0"": ""9"", ""10.0"": ""10 very likely""}",[],[]
t01_1,Spend less on defence,unknown,F8.0,"{""-999.0"": ""Not stated"", ""-1.0"": ""Don't know"", ""1.0"": ""Definitely should"", ""2.0"": ""Probably should"", ""3.0"": ""Doesn't matter either way"", ""4.0"": ""Probably should not"", ""5.0"": ""Definitely should not""}",[],[]
t01_2,Spend less on foreign aid,unknown,F8.0,"{""-999.0"": ""Not stated"", ""-1.0"": ""Don't know"", ""1.0"": ""Definitely should"", ""2.0"": ""Probably should"", ""3.0"": ""Doesn't matter either way"", ""4.0"": ""Probably should not"", ""5.0"": ""Definitely should not""}",[],[]
t02,T2 Do we have to accept limits on privacy and civil liberties in order to fight,unknown,F8.0,"{""-999.0"": ""Not stated"", ""-1.0"": ""Don't know"", ""0.0"": ""0 Fight terrorism"", ""1.0"": ""1"", ""2.0"": ""2"", ""3.0"": ""3"", ""4.0"": ""4"", ""5.0"": ""5"", ""6.0"": ""6"", ""7.0"": ""7"", ""8.0"": ""8"", ""9.0"": ""9"", ""10.0"": ""10 Protect civil liberties""}",[],[]
u01,Days R discusses politics,unknown,F10.0,"{""0.0"": ""0 days"", ""1.0"": ""1 day"", ""2.0"": ""2 days"", ""3.0"": ""3 days"", ""4.0"": ""4 days"", ""5.0"": ""5 days"", ""6.0"": ""6 days"", ""7.0"": ""7 days"", ""9999.0"": ""Don't know""}",[],[]
u03,Political party member,unknown,F8.0,"{""-999.0"": ""Not stated"", ""-1.0"": ""Don't know"", ""1.0"": ""Yes I am a member of a party"", ""2.0"": ""I am not a member now but used to be"", ""3.0"": ""No, I have never been a member""}",[],[]
u05,2010 vote,unknown,F8.0,"{""-999.0"": ""Not stated"", ""-2.0"": ""Refused"", ""-1.0"": ""Don't know"", ""1.0"": ""Did not vote"", ""2.0"": ""Labour"", ""3.0"": ""Conservative"", ""4.0"": ""Liberal Democrat"", ""5.0"": ""Scottish National Party"", ""6.0"": ""Plaid Cymru"", ""7.0"": ""Green Party"", ""8.0"": ""United Kingdom Independence Party (UKIP)"", ""9.0"": ""British National Party (BNP)"", ""10.0"": ""Other"", ""11.0"": ""Not eligible/too young to vote""}",[],[]
u05_other,2010 vote (other),unknown,A37,{},[],[]
v01,Should the voting system be changed to allow smaller political parties to get a,unknown,F8.0,"{""-999.0"": ""Not stated"", ""-1.0"": ""Don't know"", ""1.0"": ""We should change the voting system"", ""2.0"": ""Keep it as it is""}",[],[]
v04,Moreno scale: English,unknown,F8.0,"{""-999.0"": ""Not stated"", ""-1.0"": ""Don't Know"", ""1.0"": ""English not British"", ""2.0"": ""More English than British"", ""3.0"": ""Equally English and British"", ""4.0"": ""More British than English"", ""5.0"": ""British not English"", ""6.0"": ""None of these"", ""7.0"": ""Other""}",[],[]
v04_other,Moreno scale: English (other),unknown,A93,{},[],[]
v05,Moreno scale: Scottish,unknown,F8.0,"{""-999.0"": ""Not stated"", ""-1.0"": ""Don't Know"", ""1.0"": ""Scottish not British"", ""2.0"": ""More Scottish than British"", ""3.0"": ""Equally Scottish and British"", ""4.0"": ""More British than Scottish"", ""5.0"": ""British not Scottish"", ""6.0"": ""None of these"", ""7.0"": ""Other""}",[],[]
v06,Moreno scale: Welsh,unknown,F8.0,"{""-999.0"": ""Not stated"", ""-1.0"": ""Don't Know"", ""1.0"": ""Welsh not British"", ""2.0"": ""More Welsh than British"", ""3.0"": ""Equally Welsh and British"", ""4.0"": ""More British than Welsh"", ""5.0"": ""British not Welsh"", ""6.0"": ""None of these"", ""7.0"": ""Other""}",[],[]
w01,W1 Do you ever think of yourself as belonging to any particular class?,unknown,F8.0,"{""-999.0"": ""Not stated"", ""-1.0"": ""Don't know"", ""1.0"": ""Yes, middle class"", ""2.0"": ""Yes, working class"", ""3.0"": ""Yes, other"", ""4.0"": ""No""}",[],[]
w01_other,Subjective class (other),unknown,A32,{},[],[]
w02,Subjective class squeeze,unknown,F8.0,"{""-999.0"": ""Not stated"", ""-1.0"": ""Don't know"", ""1.0"": ""Middle class"", ""2.0"": ""Working class"", ""3.0"": ""Upper class""}",[],[]
w03,W3 When you were growing up would you say your family was middle class or workin,unknown,F8.0,"{""-999.0"": ""Not stated"", ""-1.0"": ""Don't know"", ""1.0"": ""Middle class"", ""2.0"": ""Working class"", ""3.0"": ""Upper class""}",[],[]
w08,W8 Thinking back to when you were growing up. Do you know what party your mother,unknown,F8.0,"{""-999.0"": ""Not stated"", ""-1.0"": ""Don't know"", ""1.0"": ""Labour"", ""2.0"": ""Conservatives"", ""3.0"": ""Liberal Democrats/Liberals/SDP/Alliance"", ""4.0"": ""Scottish National Party (SNP)"", ""5.0"": ""Plaid Cymru"", ""6.0"": ""Green Party"", ""7.0"": ""United Kingdom Independence Party (UKIP)"", ""8.0"": ""British National Party (BNP)"", ""9.0"": ""Other"", ""10.0"": ""Had no usual party"", ""11.0"": ""Did not vote"", ""12.0"": ""No mother""}",[],[]
w08_other,Mother party growing up (other),unknown,A47,{},[],[]
w09,W9 And what about your father? What party did your father vote for if he voted?,unknown,F8.0,"{""-999.0"": ""Not stated"", ""-1.0"": ""Don't know"", ""1.0"": ""Labour"", ""2.0"": ""Conservatives"", ""3.0"": ""Liberal Democrats/Liberals/SDP/Alliance"", ""4.0"": ""Scottish National Party (SNP)"", ""5.0"": ""Plaid Cymru"", ""6.0"": ""Green Party"", ""7.0"": ""United Kingdom Independence Party (UKIP)"", ""8.0"": ""British National Party (BNP)"", ""9.0"": ""Other"", ""10.0"": ""Had no usual party"", ""11.0"": ""Did not vote"", ""12.0"": ""No father""}",[],[]
w09_other,Father party growing up (other),unknown,A47,{},[],[]
w11,"W11 Thinking now of trade unions and big business in this country. First, do you",unknown,F8.0,"{""-999.0"": ""Not stated"", ""-1.0"": ""Don't know"", ""1.0"": ""Have too much power"", ""2.0"": ""Don't have too much power""}",[],[]
w12,"W12 Do you think that big business in this country has too much power, or not?",unknown,F8.0,"{""-999.0"": ""Not stated"", ""-1.0"": ""Don't know"", ""1.0"": ""Have too much power"", ""2.0"": ""Don't have too much power""}",[],[]
w13_1,Working/middle class: Conservative,unknown,F8.0,"{""-999.0"": ""Not stated"", ""-1.0"": ""Don't know"", ""1.0"": ""Very middle class"", ""2.0"": ""Fairly middle class"", ""3.0"": ""Slightly middle class"", ""4.0"": ""Neither middle class nor working class"", ""5.0"": ""Slightly working class"", ""6.0"": ""Fairly working class"", ""7.0"": ""Very working class""}",[],[]
w13_2,Working/middle class: Labour,unknown,F8.0,"{""-999.0"": ""Not stated"", ""-1.0"": ""Don't know"", ""1.0"": ""Very middle class"", ""2.0"": ""Fairly middle class"", ""3.0"": ""Slightly middle class"", ""4.0"": ""Neither middle class nor working class"", ""5.0"": ""Slightly working class"", ""6.0"": ""Fairly working class"", ""7.0"": ""Very working class""}",[],[]
w15_1,"If welfare benefits weren't so generous, people would learn to stand on their ow",unknown,F8.0,"{""-999.0"": ""Not stated"", ""-1.0"": ""Don't know"", ""1.0"": ""Strongly disagree"", ""2.0"": ""Disagree"", ""3.0"": ""Neither agree nor disagree"", ""4.0"": ""Agree"", ""5.0"": ""Strongly agree""}",[],[]
w15_2,The welfare state encourages people to stop helping each other,unknown,F8.0,"{""-999.0"": ""Not stated"", ""-1.0"": ""Don't know"", ""1.0"": ""Strongly disagree"", ""2.0"": ""Disagree"", ""3.0"": ""Neither agree nor disagree"", ""4.0"": ""Agree"", ""5.0"": ""Strongly agree""}",[],[]
w15_3,Many people who get social security don't really deserve any help,unknown,F8.0,"{""-999.0"": ""Not stated"", ""-1.0"": ""Don't know"", ""1.0"": ""Strongly disagree"", ""2.0"": ""Disagree"", ""3.0"": ""Neither agree nor disagree"", ""4.0"": ""Agree"", ""5.0"": ""Strongly agree""}",[],[]
w15_4,"Around here, most unemployed people could find a job if they really wanted one",unknown,F8.0,"{""-999.0"": ""Not stated"", ""-1.0"": ""Don't know"", ""1.0"": ""Strongly disagree"", ""2.0"": ""Disagree"", ""3.0"": ""Neither agree nor disagree"", ""4.0"": ""Agree"", ""5.0"": ""Strongly agree""}",[],[]
x01_1,Knowledge: Polling stations close at 10.00pm on election day.,unknown,F8.0,"{""-999.0"": ""Not stated"", ""-1.0"": ""Don't know"", ""1.0"": ""True"", ""2.0"": ""False""}",[],[]
x01_2,Knowledge: No-one may stand for parliament unless they pay a deposit?,unknown,F8.0,"{""-999.0"": ""Not stated"", ""-1.0"": ""Don't know"", ""1.0"": ""True"", ""2.0"": ""False""}",[],[]
x01_3,Knowledge: Only taxpayers are allowed to vote in a general election.,unknown,F8.0,"{""-999.0"": ""Not stated"", ""-1.0"": ""Don't know"", ""1.0"": ""True"", ""2.0"": ""False""}",[],[]
x01_4,Knowledge: The Liberal Democrats favour a system of proportional representation,unknown,F8.0,"{""-999.0"": ""Not stated"", ""-1.0"": ""Don't know"", ""1.0"": ""True"", ""2.0"": ""False""}",[],[]
x01_5,Knowledge: MPs from different parties are on parliamentary committees?,unknown,F8.0,"{""-999.0"": ""Not stated"", ""-1.0"": ""Don't know"", ""1.0"": ""True"", ""2.0"": ""False""}",[],[]
x01_6,Knowledge: The number of members of parliament is about 100?,unknown,F8.0,"{""-999.0"": ""Not stated"", ""-1.0"": ""Don't know"", ""1.0"": ""True"", ""2.0"": ""False""}",[],[]
y01,Income - gross household,unknown,F8.0,"{""-999.0"": ""Not stated"", ""-2.0"": ""Refused"", ""-1.0"": ""Don't know"", ""1.0"": ""Under GBP 2,600"", ""2.0"": ""GBP 2,600 - GBP 5,199"", ""3.0"": ""GBP 5,200 - GBP 10,399"", ""4.0"": ""GBP 10,400 - GBP 15,599"", ""5.0"": ""GBP 15,600 - GBP 20,799"", ""6.0"": ""GBP 20,800 - GBP 25,999"", ""7.0"": ""GBP 26,000 - GBP 31,199"", ""8.0"": ""GBP 31,200 - GBP 36,399"", ""9.0"": ""GBP 36,400 - GBP 39,999"", ""10.0"": ""GBP 40,000 - GBP 44,999"", ""11.0"": ""GBP 45,000 - GBP 49,999"", ""12.0"": ""GBP 50,000 - GBP 59,999"", ""13.0"": ""GBP 60,000 - GBP 74,999"", ""14.0"": ""GBP 75,000 - GBP 99,999"", ""15.0"": ""GBP 100,000 or more""}",[],[]
y02,Main source of income,unknown,F8.0,"{""1.0"": ""Earnings from employment (own or spouse / partner's)"", ""2.0"": ""Occupational pension(s) - from previous employer(s)"", ""3.0"": ""Private pension(s)"", ""4.0"": ""State retirement or widow's pension(s)"", ""5.0"": ""Jobseeker's Allowance/ Unemployment benefit"", ""6.0"": ""Pension Credit/ Minimum Income Guarantee/ Income Support for pensioners"", ""7.0"": ""Invalidity, sickness or disabled pension or benefit(s)"", ""8.0"": ""Other state benefit or tax credit"", ""9.0"": ""Interest from savings or investments"", ""10.0"": ""Student grant, bursary or loans"", ""11.0"": ""Dependent on parents/other relatives"", ""12.0"": ""Other main source"", ""13.0"": ""Not stated""}",[],[]
y03,Y3 Which of these best describes where you live?,unknown,F8.0,"{""-999.0"": ""Not stated"", ""-1.0"": ""Don't know"", ""1.0"": ""Own home outright"", ""2.0"": ""Own home on mortgage"", ""3.0"": ""Rented from local authority"", ""4.0"": ""Rented from private landlord"", ""5.0"": ""It belongs to a Housing Association""}",[],[]
y04_01,Dependents: pre-school children,unknown,F8.0,"{""0.0"": ""No"", ""1.0"": ""Yes""}",[],[]
y04_02,Dependents: school children,unknown,F8.0,"{""0.0"": ""No"", ""1.0"": ""Yes""}",[],[]
y04_03,"Dependents: Sick, disabled or elderly",unknown,F8.0,"{""0.0"": ""No"", ""1.0"": ""Yes""}",[],[]
y04_04,Dependents: None of the above,unknown,F8.0,"{""0.0"": ""No"", ""1.0"": ""Yes""}",[],[]
y04_05,Dependents: Don't know,unknown,F8.0,"{""0.0"": ""No"", ""1.0"": ""Yes""}",[],[]
y04_06,Dependents: Not stated,unknown,F8.0,"{""0.0"": ""No"", ""1.0"": ""Yes""}",[],[]
y05,Y5 Did you ever go to a private fee-paying school in Britain?,unknown,F8.0,"{""-999.0"": ""Not stated"", ""1.0"": ""Yes - primary level"", ""2.0"": ""Yes - secondary level"", ""3.0"": ""Yes - both"", ""4.0"": ""No - neither""}",[],[]
y06,Y6 Do you regard yourself as belonging to any particular religion?,unknown,F8.0,"{""-999.0"": ""Not stated"", ""-2.0"": ""Refusal"", ""1.0"": ""No religion"", ""2.0"": ""Christian - no denomination"", ""3.0"": ""Roman Catholic"", ""4.0"": ""Church of England/ Anglican/Episcopal"", ""5.0"": ""Presbyterian/Church of Scotland"", ""6.0"": ""Methodist"", ""7.0"": ""Baptist"", ""8.0"": ""United Reform Church (URC)/Congregational"", ""9.0"": ""Free Presbyterian"", ""10.0"": ""Brethren"", ""11.0"": ""Other Protestant"", ""12.0"": ""Other Christian"", ""13.0"": ""Jewish"", ""14.0"": ""Hindu"", ""15.0"": ""Islam/Muslim"", ""16.0"": ""Sikh"", ""17.0"": ""Buddhist"", ""18.0"": ""Other non-Christian""}",[],[]
y07,Religious attendance,unknown,F8.0,"{""-999.0"": ""Not stated"", ""1.0"": ""Once a week or more"", ""2.0"": ""Less often but at least once in two weeks"", ""3.0"": ""Less often but at least once a month"", ""4.0"": ""Less often but at least twice a year"", ""5.0"": ""Less often but at least once a year"", ""6.0"": ""Less often"", ""7.0"": ""Varies too much to say"", ""8.0"": ""Never or practically never""}",[],[]
y08,Trade union/staff association member,unknown,F8.0,"{""-999.0"": ""Not stated"", ""1.0"": ""Yes: trade union"", ""2.0"": ""Yes: staff association"", ""3.0"": ""No""}",[],[]
y09,Gender,unknown,F8.0,"{""-999.0"": ""Not stated"", ""1.0"": ""Male"", ""2.0"": ""Female""}",[],[]
y11,Y11 Please choose one option that best describes your ethnic group or background,unknown,F8.0,"{""-999.0"": ""Not stated"", ""1.0"": ""English/Welsh/Scottish/Northern Irish/British"", ""2.0"": ""Irish"", ""3.0"": ""Gypsy or Irish Traveller"", ""4.0"": ""Any other White background, please describe"", ""5.0"": ""White and Black Caribbean"", ""6.0"": ""White and Black African"", ""7.0"": ""White and Asian"", ""8.0"": ""Any other Mixed/Multiple ethnic background, please describe"", ""9.0"": ""Indian"", ""10.0"": ""Pakistani"", ""11.0"": ""Bangladeshi"", ""12.0"": ""Chinese"", ""13.0"": ""Any other Asian background, please describe"", ""14.0"": ""African"", ""15.0"": ""Caribbean"", ""16.0"": ""Any other Black/African/Caribbean background, please describe"", ""17.0"": ""Arab"", ""18.0"": ""Any other ethnic group, please describe""}",[],[]
y12a,Y12A Do you have any educational or work-related qualifications?,unknown,F8.0,"{""-999.0"": ""Not stated"", ""1.0"": ""Yes"", ""2.0"": ""No""}",[],[]
education,Y13A What is the highest qualification you have?,unknown,F53.0,"{""-999.0"": ""Not stated"", ""0.0"": ""No qualification"", ""1.0"": ""Postgraduate degree"", ""2.0"": ""First degree"", ""3.0"": ""Univ/poly diploma"", ""4.0"": ""Teaching qualification"", ""5.0"": ""Nursing qualification"", ""6.0"": ""HNC/HND, City&Guilds level 4, NVQ/SVQ 4/5"", ""7.0"": ""A level or equivalent"", ""8.0"": ""Scottish Higher or equivalent"", ""9.0"": ""ONC/OND, City&Guilds level 3, NVQ/SVQ 3"", ""10.0"": ""GCSE A*-C, CSE grade 1, O level grade A-C"", ""11.0"": ""Scottish Standard grades, Ordinary bands"", ""12.0"": ""GCSE D-G, CSE grades 2-5, O level D-E"", ""13.0"": ""City&Guilds level 2, NVQ/SVQ 2 and equivalent"", ""14.0"": ""City&Guilds level 1, NVQ/SVQ 1 and equivalent"", ""15.0"": ""Clerical and commercial qualifications"", ""16.0"": ""Recognised trade apprenticeship"", ""17.0"": ""Youth training certificate, skill seekers"", ""18.0"": ""Other technical, professional or higher qualification""}",[],[]
y17,Working status,unknown,F8.0,"{""-999.0"": ""Not stated"", ""1.0"": ""Working full time -  employee (30+ hours)"", ""2.0"": ""Working full time - self-employed (30+ hours)"", ""3.0"": ""Working part time - employee (8-29 hours)"", ""4.0"": ""Working part time - self-employed (8-29 hours)"", ""5.0"": ""Unemployed and actively seeking work"", ""6.0"": ""On a government sponsored training scheme"", ""7.0"": ""A full time student or pupil"", ""8.0"": ""Looking after the family or home"", ""9.0"": ""Not working because temporarily sick or injured"", ""10.0"": ""Not working because long-term sick or disabled"", ""11.0"": ""Retired from paid work"", ""12.0"": ""None of these""}",[],[]
y17a,Y17A Have you been unemployed for less than 1 year or longer than that?,unknown,F8.0,"{""-999.0"": ""Not stated"", ""1.0"": ""Less than 1 year"", ""2.0"": ""1 year or more""}",[],[]
y18,"Y18 Have you ever had a paid job at all, apart from any casual or holiday work?",unknown,F8.0,"{""-999.0"": ""Not stated"", ""1.0"": ""Yes"", ""2.0"": ""No""}",[],[]
y18a,Y18A Were you an employee or self employed?,unknown,F8.0,"{""-999.0"": ""Not stated"", ""1.0"": ""Employee"", ""2.0"": ""Self employed""}",[],[]
y22,"Y22 In your job, do/did you have any formal responsibility for supervising the w",unknown,F8.0,"{""-999.0"": ""Not stated"", ""1.0"": ""Yes"", ""2.0"": ""No""}",[],[]
y23,Y23 How many people work(ed) for your employer at the place where you work(ed)?,unknown,F8.0,"{""-999.0"": ""Not stated"", ""1.0"": ""1 to 24"", ""2.0"": ""25 to 499"", ""3.0"": ""500 or more employees""}",[],[]
y24,Y24 Are/Were you working on your own or do/did you have employees?,unknown,F8.0,"{""-999.0"": ""Not stated"", ""1.0"": ""On own/with partner(s) but no employees"", ""2.0"": ""With employees""}",[],[]
y25,Y25 How many people do/did you employ at the place where you work(ed)?,unknown,F8.0,"{""-999.0"": ""Not stated"", ""1.0"": ""1 to 9"", ""2.0"": ""10 to 24"", ""3.0"": ""25 to 499"", ""4.0"": ""500 or more employees""}",[],[]
y26,Marital Status,unknown,F8.0,"{""-999.0"": ""Not stated"", ""1.0"": ""Married"", ""2.0"": ""Living with partner"", ""3.0"": ""Single"", ""4.0"": ""Widowed"", ""5.0"": ""Separated"", ""6.0"": ""Divorced""}",[],[]
y27,"Y27 What best describes what your spouse or partner does, or what they did last",unknown,F8.0,"{""-999.0"": ""Not stated"", ""-1.0"": ""Don't know"", ""1.0"": ""Modern professional occupations"", ""2.0"": ""Clerical and intermediate occupations"", ""3.0"": ""Senior managers or administrators"", ""4.0"": ""Technical and craft occupations"", ""5.0"": ""Semi-routine manual and service occupations"", ""6.0"": ""Routine manual and service occupations"", ""7.0"": ""Middle or junior managers"", ""8.0"": ""Traditional professional occupations"", ""9.0"": ""Never worked""}",[],[]
y36,"Thinking back to when you were 16, who was Chief Income Earner (that is the pers",unknown,F8.0,"{""-999.0"": ""Not stated"", ""-1.0"": ""Don't know"", ""1.0"": ""Father"", ""2.0"": ""Mother"", ""3.0"": ""Sister"", ""4.0"": ""Brother"", ""5.0"": ""Respondent"", ""6.0"": ""Someone else""}",[],[]
y37,Parent class,unknown,F8.0,"{""-999.0"": ""Not stated"", ""-1.0"": ""Don't know"", ""1.0"": ""Modern professional occupations"", ""2.0"": ""Clerical and intermediate occupations"", ""3.0"": ""Senior managers or administrators"", ""4.0"": ""Technical and craft occupations"", ""5.0"": ""Semi-routine manual and service occupations"", ""6.0"": ""Routine manual and service occupations"", ""7.0"": ""Middle or junior managers"", ""8.0"": ""Traditional professional occupations"", ""9.0"": ""Never worked""}",[],[]
y45,"Y45 Finally, as far as you know, is your name on the electoral register, that is",unknown,F8.0,"{""-999.0"": ""Not stated"", ""-1.0"": ""Don't know"", ""1.0"": ""Yes, at this address"", ""2.0"": ""Yes, at another address"", ""3.0"": ""No, I am not registered""}",[],[]
y46a,Y46A Would you be willing for us to add administrative data from the electoral r,unknown,F8.0,"{""-999.0"": ""Not stated"", ""1.0"": ""Yes"", ""2.0"": ""No""}",[],[]
y47,"Y47 We are also conducting a short self-completion survey, and we would be very",unknown,F8.0,"{""-999.0"": ""Not stated"", ""1.0"": ""Yes - via the online survey"", ""2.0"": ""Yes - via paper questionnaire"", ""3.0"": ""No - do not want to take part""}",[],[]
y48_1,y48:No-one else present:Y48 Who else was present during interview?,unknown,F8.0,"{""0.0"": ""No"", ""1.0"": ""Yes""}",[],[]
y48_2,y48:Respondent's partner/husband/wife:Y48 Who else was present during interview?,unknown,F8.0,"{""0.0"": ""No"", ""1.0"": ""Yes""}",[],[]
y48_3,y48:Respondent's son/daughter:Y48 Who else was present during interview?,unknown,F8.0,"{""0.0"": ""No"", ""1.0"": ""Yes""}",[],[]
y48_4,y48:Other adult living in household:Y48 Who else was present during interview?,unknown,F8.0,"{""0.0"": ""No"", ""1.0"": ""Yes""}",[],[]
y48_5,y48:Other young person living in household:Y48 Who else was present during inter,unknown,F8.0,"{""0.0"": ""No"", ""1.0"": ""Yes""}",[],[]
y48_6,y48:Other adult/young person not living in household:Y48 Who else was present du,unknown,F8.0,"{""0.0"": ""No"", ""1.0"": ""Yes""}",[],[]
y48_7,y48:Not stated:Y48 Who else was present during interview?,unknown,F8.0,"{""0.0"": ""No"", ""1.0"": ""Yes""}",[],[]
follow_up,Follow up - online/offline,unknown,F8.0,"{""1.0"": ""Online"", ""2.0"": ""Offline""}",[],[]
cses_q1_1,Left/right: Conservatives,unknown,F8.0,"{""-999.0"": ""Not stated"", ""-1.0"": ""Don't know"", ""0.0"": ""0 Left"", ""1.0"": ""1"", ""2.0"": ""2"", ""3.0"": ""3"", ""4.0"": ""4"", ""5.0"": ""5"", ""6.0"": ""6"", ""7.0"": ""7"", ""8.0"": ""8"", ""9.0"": ""9"", ""10.0"": ""10 Right""}",[],[]
cses_q1_2,Left/right: Labour,unknown,F8.0,"{""-999.0"": ""Not stated"", ""-1.0"": ""Don't know"", ""0.0"": ""0 Left"", ""1.0"": ""1"", ""2.0"": ""2"", ""3.0"": ""3"", ""4.0"": ""4"", ""5.0"": ""5"", ""6.0"": ""6"", ""7.0"": ""7"", ""8.0"": ""8"", ""9.0"": ""9"", ""10.0"": ""10 Right""}",[],[]
cses_q1_3,Left/right: Liberal Democrats,unknown,F8.0,"{""-999.0"": ""Not stated"", ""-1.0"": ""Don't know"", ""0.0"": ""0 Left"", ""1.0"": ""1"", ""2.0"": ""2"", ""3.0"": ""3"", ""4.0"": ""4"", ""5.0"": ""5"", ""6.0"": ""6"", ""7.0"": ""7"", ""8.0"": ""8"", ""9.0"": ""9"", ""10.0"": ""10 Right""}",[],[]
cses_q1_4,Left/right: UKIP,unknown,F8.0,"{""-999.0"": ""Not stated"", ""-1.0"": ""Don't know"", ""0.0"": ""0 Left"", ""1.0"": ""1"", ""2.0"": ""2"", ""3.0"": ""3"", ""4.0"": ""4"", ""5.0"": ""5"", ""6.0"": ""6"", ""7.0"": ""7"", ""8.0"": ""8"", ""9.0"": ""9"", ""10.0"": ""10 Right""}",[],[]
cses_q1_5,Left/right: Greens,unknown,F8.0,"{""-999.0"": ""Not stated"", ""-1.0"": ""Don't know"", ""0.0"": ""0 Left"", ""1.0"": ""1"", ""2.0"": ""2"", ""3.0"": ""3"", ""4.0"": ""4"", ""5.0"": ""5"", ""6.0"": ""6"", ""7.0"": ""7"", ""8.0"": ""8"", ""9.0"": ""9"", ""10.0"": ""10 Right""}",[],[]
cses_q1_6,Left/right: SNP,unknown,F8.0,"{""-999.0"": ""Not stated"", ""-1.0"": ""Don't know"", ""0.0"": ""0 Left"", ""1.0"": ""1"", ""2.0"": ""2"", ""3.0"": ""3"", ""4.0"": ""4"", ""5.0"": ""5"", ""6.0"": ""6"", ""7.0"": ""7"", ""8.0"": ""8"", ""9.0"": ""9"", ""10.0"": ""10 Right""}",[],[]
cses_q1_7,Left/right: PC,unknown,F8.0,"{""-999.0"": ""Not stated"", ""-1.0"": ""Don't know"", ""0.0"": ""0 Left"", ""1.0"": ""1"", ""2.0"": ""2"", ""3.0"": ""3"", ""4.0"": ""4"", ""5.0"": ""5"", ""6.0"": ""6"", ""7.0"": ""7"", ""8.0"": ""8"", ""9.0"": ""9"", ""10.0"": ""10 Right""}",[],[]
cses_q2_1,Redistribution: Conservatives,unknown,F8.0,"{""-999.0"": ""Not stated"", ""-2.0"": ""Don't know"", ""0.0"": ""0 Government should make much greater efforts to make people's incomes more equal"", ""1.0"": ""1"", ""2.0"": ""2"", ""3.0"": ""3"", ""4.0"": ""4"", ""5.0"": ""5"", ""6.0"": ""6"", ""7.0"": ""7"", ""8.0"": ""8"", ""9.0"": ""9"", ""10.0"": ""10 Government should be much less concerned about how equal people's incomes are""}",[],[]
cses_q2_2,Redistribution: Labour,unknown,F8.0,"{""-999.0"": ""Not stated"", ""-2.0"": ""Don't know"", ""0.0"": ""0 Government should make much greater efforts to make people's incomes more equal"", ""1.0"": ""1"", ""2.0"": ""2"", ""3.0"": ""3"", ""4.0"": ""4"", ""5.0"": ""5"", ""6.0"": ""6"", ""7.0"": ""7"", ""8.0"": ""8"", ""9.0"": ""9"", ""10.0"": ""10 Government should be much less concerned about how equal people's incomes are""}",[],[]
cses_q2_3,Redistribution: Liberal Democrats,unknown,F8.0,"{""-999.0"": ""Not stated"", ""-2.0"": ""Don't know"", ""0.0"": ""0 Government should make much greater efforts to make people's incomes more equal"", ""1.0"": ""1"", ""2.0"": ""2"", ""3.0"": ""3"", ""4.0"": ""4"", ""5.0"": ""5"", ""6.0"": ""6"", ""7.0"": ""7"", ""8.0"": ""8"", ""9.0"": ""9"", ""10.0"": ""10 Government should be much less concerned about how equal people's incomes are""}",[],[]
cses_q2_4,Redistribution: UKIP,unknown,F8.0,"{""-999.0"": ""Not stated"", ""-2.0"": ""Don't know"", ""0.0"": ""0 Government should make much greater efforts to make people's incomes more equal"", ""1.0"": ""1"", ""2.0"": ""2"", ""3.0"": ""3"", ""4.0"": ""4"", ""5.0"": ""5"", ""6.0"": ""6"", ""7.0"": ""7"", ""8.0"": ""8"", ""9.0"": ""9"", ""10.0"": ""10 Government should be much less concerned about how equal people's incomes are""}",[],[]
cses_q2_5,Redistribution: Greens,unknown,F8.0,"{""-999.0"": ""Not stated"", ""-2.0"": ""Don't know"", ""0.0"": ""0 Government should make much greater efforts to make people's incomes more equal"", ""1.0"": ""1"", ""2.0"": ""2"", ""3.0"": ""3"", ""4.0"": ""4"", ""5.0"": ""5"", ""6.0"": ""6"", ""7.0"": ""7"", ""8.0"": ""8"", ""9.0"": ""9"", ""10.0"": ""10 Government should be much less concerned about how equal people's incomes are""}",[],[]
cses_q2_6,Redistribution: SNP,unknown,F8.0,"{""-999.0"": ""Not stated"", ""-2.0"": ""Don't know"", ""0.0"": ""0 Government should make much greater efforts to make people's incomes more equal"", ""1.0"": ""1"", ""2.0"": ""2"", ""3.0"": ""3"", ""4.0"": ""4"", ""5.0"": ""5"", ""6.0"": ""6"", ""7.0"": ""7"", ""8.0"": ""8"", ""9.0"": ""9"", ""10.0"": ""10 Government should be much less concerned about how equal people's incomes are""}",[],[]
cses_q2_7,Redistribution: Plaid Cymru,unknown,F8.0,"{""-999.0"": ""Not stated"", ""-2.0"": ""Don't know"", ""0.0"": ""0 Government should make much greater efforts to make people's incomes more equal"", ""1.0"": ""1"", ""2.0"": ""2"", ""3.0"": ""3"", ""4.0"": ""4"", ""5.0"": ""5"", ""6.0"": ""6"", ""7.0"": ""7"", ""8.0"": ""8"", ""9.0"": ""9"", ""10.0"": ""10 Government should be much less concerned about how equal people's incomes are""}",[],[]
cses_q3_1,Like/dislike: Conservatives,unknown,F8.0,"{""-999.0"": ""Not stated"", ""-1.0"": ""Don't know"", ""0.0"": ""0 Strongly Dislike"", ""1.0"": ""1"", ""2.0"": ""2"", ""3.0"": ""3"", ""4.0"": ""4"", ""5.0"": ""5"", ""6.0"": ""6"", ""7.0"": ""7"", ""8.0"": ""8"", ""9.0"": ""9"", ""10.0"": ""10 Strongly Like""}",[],[]
cses_q3_2,Like/dislike: Labour,unknown,F8.0,"{""-999.0"": ""Not stated"", ""-1.0"": ""Don't know"", ""0.0"": ""0 Strongly Dislike"", ""1.0"": ""1"", ""2.0"": ""2"", ""3.0"": ""3"", ""4.0"": ""4"", ""5.0"": ""5"", ""6.0"": ""6"", ""7.0"": ""7"", ""8.0"": ""8"", ""9.0"": ""9"", ""10.0"": ""10 Strongly Like""}",[],[]
cses_q3_3,Like/dislike: Liberal Democrats,unknown,F8.0,"{""-999.0"": ""Not stated"", ""-1.0"": ""Don't know"", ""0.0"": ""0 Strongly Dislike"", ""1.0"": ""1"", ""2.0"": ""2"", ""3.0"": ""3"", ""4.0"": ""4"", ""5.0"": ""5"", ""6.0"": ""6"", ""7.0"": ""7"", ""8.0"": ""8"", ""9.0"": ""9"", ""10.0"": ""10 Strongly Like""}",[],[]
cses_q3_4,Like/dislike: UKIP,unknown,F8.0,"{""-999.0"": ""Not stated"", ""-1.0"": ""Don't know"", ""0.0"": ""0 Strongly Dislike"", ""1.0"": ""1"", ""2.0"": ""2"", ""3.0"": ""3"", ""4.0"": ""4"", ""5.0"": ""5"", ""6.0"": ""6"", ""7.0"": ""7"", ""8.0"": ""8"", ""9.0"": ""9"", ""10.0"": ""10 Strongly Like""}",[],[]
cses_q3_5,Like/dislike: Greens,unknown,F8.0,"{""-999.0"": ""Not stated"", ""-1.0"": ""Don't know"", ""0.0"": ""0 Strongly Dislike"", ""1.0"": ""1"", ""2.0"": ""2"", ""3.0"": ""3"", ""4.0"": ""4"", ""5.0"": ""5"", ""6.0"": ""6"", ""7.0"": ""7"", ""8.0"": ""8"", ""9.0"": ""9"", ""10.0"": ""10 Strongly Like""}",[],[]
cses_q3_6,Like/dislike: SNP,unknown,F8.0,"{""-999.0"": ""Not stated"", ""-1.0"": ""Don't know"", ""0.0"": ""0 Strongly Dislike"", ""1.0"": ""1"", ""2.0"": ""2"", ""3.0"": ""3"", ""4.0"": ""4"", ""5.0"": ""5"", ""6.0"": ""6"", ""7.0"": ""7"", ""8.0"": ""8"", ""9.0"": ""9"", ""10.0"": ""10 Strongly Like""}",[],[]
cses_q3_7,Like/dislike: Plaid Cymru,unknown,F8.0,"{""-999.0"": ""Not stated"", ""-1.0"": ""Don't know"", ""0.0"": ""0 Strongly Dislike"", ""1.0"": ""1"", ""2.0"": ""2"", ""3.0"": ""3"", ""4.0"": ""4"", ""5.0"": ""5"", ""6.0"": ""6"", ""7.0"": ""7"", ""8.0"": ""8"", ""9.0"": ""9"", ""10.0"": ""10 Strongly Like""}",[],[]
cses_q4_1,Votes are counted fairly,unknown,F8.0,"{""1.0"": ""Very often"", ""2.0"": ""Fairly often"", ""3.0"": ""Not often"", ""4.0"": ""Not at all often"", ""5.0"": ""Don't know"", ""6.0"": ""Not stated""}",[],[]
cses_q4_2,Journalists provide fair coverage of elections,unknown,F8.0,"{""1.0"": ""Very often"", ""2.0"": ""Fairly often"", ""3.0"": ""Not often"", ""4.0"": ""Not at all often"", ""5.0"": ""Don't know"", ""6.0"": ""Not stated""}",[],[]
cses_q4_3,Elections officials are fair,unknown,F8.0,"{""1.0"": ""Very often"", ""2.0"": ""Fairly often"", ""3.0"": ""Not often"", ""4.0"": ""Not at all often"", ""5.0"": ""Don't know"", ""6.0"": ""Not stated""}",[],[]
cses_q4_4,Rich people buy elections,unknown,F8.0,"{""1.0"": ""Very often"", ""2.0"": ""Fairly often"", ""3.0"": ""Not often"", ""4.0"": ""Not at all often"", ""5.0"": ""Don't know"", ""6.0"": ""Not stated""}",[],[]
cses_q4_5,Voters are offered a genuine choice at the ballot box,unknown,F8.0,"{""1.0"": ""Very often"", ""2.0"": ""Fairly often"", ""3.0"": ""Not often"", ""4.0"": ""Not at all often"", ""5.0"": ""Don't know"", ""6.0"": ""Not stated""}",[],[]
cses_q5,EU unification: Self,unknown,F8.0,"{""-999.0"": ""Not stated"", ""-1.0"": ""Don't know"", ""0.0"": ""0 European unification has already gone too far"", ""1.0"": ""1"", ""2.0"": ""2"", ""3.0"": ""3"", ""4.0"": ""4"", ""5.0"": ""5"", ""6.0"": ""6"", ""7.0"": ""7"", ""8.0"": ""8"", ""9.0"": ""9"", ""10.0"": ""10 European unification should be pushed further""}",[],[]
cses_q6_1,EU unification: Conservatives,unknown,F8.0,"{""-999.0"": ""Not stated"", ""0.0"": ""0 European unification has already gone too far"", ""1.0"": ""1"", ""2.0"": ""2"", ""3.0"": ""3"", ""4.0"": ""4"", ""5.0"": ""5"", ""6.0"": ""6"", ""7.0"": ""7"", ""8.0"": ""8"", ""9.0"": ""9"", ""10.0"": ""10 European unification should be pushed further"", ""11.0"": ""Don't know""}",[],[]
cses_q6_2,EU unification: Labour,unknown,F8.0,"{""-999.0"": ""Not stated"", ""0.0"": ""0 European unification has already gone too far"", ""1.0"": ""1"", ""2.0"": ""2"", ""3.0"": ""3"", ""4.0"": ""4"", ""5.0"": ""5"", ""6.0"": ""6"", ""7.0"": ""7"", ""8.0"": ""8"", ""9.0"": ""9"", ""10.0"": ""10 European unification should be pushed further"", ""11.0"": ""Don't know""}",[],[]
cses_q6_3,EU unification: Liberal Democrats,unknown,F8.0,"{""-999.0"": ""Not stated"", ""0.0"": ""0 European unification has already gone too far"", ""1.0"": ""1"", ""2.0"": ""2"", ""3.0"": ""3"", ""4.0"": ""4"", ""5.0"": ""5"", ""6.0"": ""6"", ""7.0"": ""7"", ""8.0"": ""8"", ""9.0"": ""9"", ""10.0"": ""10 European unification should be pushed further"", ""11.0"": ""Don't know""}",[],[]
cses_q6_4,EU unification: UKIP,unknown,F8.0,"{""-999.0"": ""Not stated"", ""0.0"": ""0 European unification has already gone too far"", ""1.0"": ""1"", ""2.0"": ""2"", ""3.0"": ""3"", ""4.0"": ""4"", ""5.0"": ""5"", ""6.0"": ""6"", ""7.0"": ""7"", ""8.0"": ""8"", ""9.0"": ""9"", ""10.0"": ""10 European unification should be pushed further"", ""11.0"": ""Don't know""}",[],[]
cses_q6_5,EU unification: Greens,unknown,F8.0,"{""-999.0"": ""Not stated"", ""0.0"": ""0 European unification has already gone too far"", ""1.0"": ""1"", ""2.0"": ""2"", ""3.0"": ""3"", ""4.0"": ""4"", ""5.0"": ""5"", ""6.0"": ""6"", ""7.0"": ""7"", ""8.0"": ""8"", ""9.0"": ""9"", ""10.0"": ""10 European unification should be pushed further"", ""11.0"": ""Don't know""}",[],[]
cses_q6_6,EU unification: SNP,unknown,F8.0,"{""-999.0"": ""Not stated"", ""0.0"": ""0 European unification has already gone too far"", ""1.0"": ""1"", ""2.0"": ""2"", ""3.0"": ""3"", ""4.0"": ""4"", ""5.0"": ""5"", ""6.0"": ""6"", ""7.0"": ""7"", ""8.0"": ""8"", ""9.0"": ""9"", ""10.0"": ""10 European unification should be pushed further"", ""11.0"": ""Don't know""}",[],[]
cses_q6_7,EU unification: PC,unknown,F8.0,"{""-999.0"": ""Not stated"", ""0.0"": ""0 European unification has already gone too far"", ""1.0"": ""1"", ""2.0"": ""2"", ""3.0"": ""3"", ""4.0"": ""4"", ""5.0"": ""5"", ""6.0"": ""6"", ""7.0"": ""7"", ""8.0"": ""8"", ""9.0"": ""9"", ""10.0"": ""10 European unification should be pushed further"", ""11.0"": ""Don't know""}",[],[]
cses_q7_a,"CSES_Q7a Thinking about public expenditure on HEALTH, should there be much more",unknown,F8.0,"{""1.0"": ""Much more than now"", ""2.0"": ""Somewhat more than now"", ""3.0"": ""The same as now"", ""4.0"": ""Somewhat less than now"", ""5.0"": ""Much less than now"", ""6.0"": ""Don't know"", ""7.0"": ""Not stated""}",[],[]
cses_q7_b,"CSES_Q7b Thinking about public expenditure on EDUCATION, should there be much mo",unknown,F8.0,"{""1.0"": ""Much more than now"", ""2.0"": ""Somewhat more than now"", ""3.0"": ""The same as now"", ""4.0"": ""Somewhat less than now"", ""5.0"": ""Much less than now"", ""6.0"": ""Don't know"", ""7.0"": ""Not stated""}",[],[]
cses_q7_c,"CSES_Q7c Thinking about public expenditure on UNEMPLOYMENT BENEFITS, should ther",unknown,F8.0,"{""1.0"": ""Much more than now"", ""2.0"": ""Somewhat more than now"", ""3.0"": ""The same as now"", ""4.0"": ""Somewhat less than now"", ""5.0"": ""Much less than now"", ""6.0"": ""Don't know"", ""7.0"": ""Not stated""}",[],[]
cses_q7_d,"CSES_Q7d Thinking about public expenditure on DEFENCE, should there be much more",unknown,F8.0,"{""1.0"": ""Much more than now"", ""2.0"": ""Somewhat more than now"", ""3.0"": ""The same as now"", ""4.0"": ""Somewhat less than now"", ""5.0"": ""Much less than now"", ""6.0"": ""Don't know"", ""7.0"": ""Not stated""}",[],[]
cses_q7_e,"CSES_Q7e Thinking about public expenditure on OLD-AGE PENSIONS, should there be",unknown,F8.0,"{""1.0"": ""Much more than now"", ""2.0"": ""Somewhat more than now"", ""3.0"": ""The same as now"", ""4.0"": ""Somewhat less than now"", ""5.0"": ""Much less than now"", ""6.0"": ""Don't know"", ""7.0"": ""Not stated""}",[],[]
cses_q7_f,"CSES_Q7f Thinking about public expenditure on BUSINESS AND INDUSTRY, should ther",unknown,F8.0,"{""1.0"": ""Much more than now"", ""2.0"": ""Somewhat more than now"", ""3.0"": ""The same as now"", ""4.0"": ""Somewhat less than now"", ""5.0"": ""Much less than now"", ""6.0"": ""Don't know"", ""7.0"": ""Not stated""}",[],[]
cses_q7_g,"CSES_Q7g Thinking about public expenditure on POLICE AND LAW ENFORCEMENT, should",unknown,F8.0,"{""1.0"": ""Much more than now"", ""2.0"": ""Somewhat more than now"", ""3.0"": ""The same as now"", ""4.0"": ""Somewhat less than now"", ""5.0"": ""Much less than now"", ""6.0"": ""Don't know"", ""7.0"": ""Not stated""}",[],[]
cses_q7_h,"CSES_Q7h Thinking about public expenditure on WELFARE BENEFITS, should there be",unknown,F8.0,"{""1.0"": ""Much more than now"", ""2.0"": ""Somewhat more than now"", ""3.0"": ""The same as now"", ""4.0"": ""Somewhat less than now"", ""5.0"": ""Much less than now"", ""6.0"": ""Don't know"", ""7.0"": ""Not stated""}",[],[]
cses_q8,"CSES_Q8 Over the next ten years or so, how likely or unlikely is it that you wil",unknown,F8.0,"{""-999.0"": ""Not stated"", ""-1.0"": ""Don't know"", ""1.0"": ""Very likely"", ""2.0"": ""Somewhat likely"", ""3.0"": ""Somewhat unlikely"", ""4.0"": ""Very unlikely""}",[],[]
cses_q9,CSES_Q9 Please say to what extent you agree or disagree with the following state,unknown,F8.0,"{""-999.0"": ""Not stated"", ""-1.0"": ""Don't know"", ""1.0"": ""Strongly agree"", ""2.0"": ""Somewhat agree"", ""3.0"": ""Neither agree nor disagree"", ""4.0"": ""Somewhat disagree"", ""5.0"": ""Strongly disagree""}",[],[]
cses_q10,CSES_Q10 Some people say that it doesn't make difference who is in power. Others,unknown,F8.0,"{""-999.0"": ""Not stated"", ""-1.0"": ""Don't know"", ""1.0"": ""1 It doesn't make any difference who is in power"", ""2.0"": ""2"", ""3.0"": ""3"", ""4.0"": ""4"", ""5.0"": ""5 It makes a big difference who is in power""}",[],[]
cses_q11,"CSES_Q11 Some people say that no matter who people vote for, it won't make any d",unknown,F8.0,"{""-999.0"": ""Not stated"", ""-1.0"": ""Don't know"", ""1.0"": ""1 Who people vote for won't make any difference"", ""2.0"": ""2"", ""3.0"": ""3"", ""4.0"": ""4"", ""5.0"": ""5 Who people vote for can make a big difference""}",[],[]
cses_q12,"CSES_Q12 On the whole, are you very satisfied, fairly satisfied, not very satisf",unknown,F8.0,"{""-999.0"": ""Not stated"", ""-1.0"": ""Don't know"", ""1.0"": ""Very satisfied"", ""2.0"": ""Fairly satisfied"", ""3.0"": ""Not very satisfied"", ""4.0"": ""Not at all satisfied""}",[],[]
cses_q13,CSES_Q13 Do you usually think of yourself as close to any particular party?,unknown,F8.0,"{""-999.0"": ""Not stated"", ""-1.0"": ""Don't know"", ""1.0"": ""Yes"", ""2.0"": ""No""}",[],[]
cses_q14,CSES_Q14 Do you feel yourself a little closer to one of the political parties th,unknown,F8.0,"{""-999.0"": ""Not stated"", ""-1.0"": ""Don't know"", ""1.0"": ""Yes"", ""2.0"": ""No""}",[],[]
cses_q15,CSES_Q15 Which party do you feel closest to?,unknown,F8.0,"{""-999.0"": ""Not stated"", ""-1.0"": ""Don't know"", ""1.0"": ""Conservatives"", ""2.0"": ""Labour"", ""3.0"": ""Liberal Democrats"", ""4.0"": ""UKIP"", ""5.0"": ""The Green Party"", ""6.0"": ""SNP"", ""7.0"": ""Plaid Cymru""}",[],[]
cses_q16,"CSES_Q16 Do you feel very close to this party, somewhat close, or not very close",unknown,F8.0,"{""-999.0"": ""Not stated"", ""-1.0"": ""Don't know"", ""1.0"": ""Very close"", ""2.0"": ""Somewhat close"", ""3.0"": ""Not very close""}",[],[]
cses_q17,"CSES_Q17 During the campaign, did a party or candidate contact you in person or",unknown,F8.0,"{""-999.0"": ""Not stated"", ""-1.0"": ""Don't know"", ""1.0"": ""Yes"", ""2.0"": ""No""}",[],[]
cses_q17a_01,"CSES_Q17a 1) Did they contact you in any of the following ways? - In person, fac",unknown,F8.0,"{""-999.0"": ""Not stated"", ""-1.0"": ""Don't know"", ""1.0"": ""Yes"", ""2.0"": ""No""}",[],[]
cses_q17a_02,CSES_Q17a 2) Did they contact you in any of the following ways? - By mail,unknown,F8.0,"{""-999.0"": ""Not stated"", ""-1.0"": ""Don't know"", ""1.0"": ""Yes"", ""2.0"": ""No""}",[],[]
cses_q17a_03,CSES_Q17a 3) Did they contact you in any of the following ways? - By telephone,unknown,F8.0,"{""-999.0"": ""Not stated"", ""-1.0"": ""Don't know"", ""1.0"": ""Yes"", ""2.0"": ""No""}",[],[]
cses_q17a_04,CSES_Q17a 4) Did they contact you in any of the following ways? - By text messag,unknown,F8.0,"{""-999.0"": ""Not stated"", ""-1.0"": ""Don't know"", ""1.0"": ""Yes"", ""2.0"": ""No""}",[],[]
cses_q17a_05,CSES_Q17a 5) Did they contact you in any of the following ways? - By email,unknown,F8.0,"{""-999.0"": ""Not stated"", ""-1.0"": ""Don't know"", ""1.0"": ""Yes"", ""2.0"": ""No""}",[],[]
cses_q17a_06,CSES_Q17a 6) Did they contact you in any of the following ways? - Through a soci,unknown,F8.0,"{""-999.0"": ""Not stated"", ""-1.0"": ""Don't know"", ""1.0"": ""Yes"", ""2.0"": ""No""}",[],[]
cses_q18,"CSES_Q18 During the campaign, did a friend, family member, neighbour, work colle",unknown,F8.0,"{""-999.0"": ""Not stated"", ""-1.0"": ""Don't know"", ""1.0"": ""Yes"", ""2.0"": ""No""}",[],[]
cses_q18a_01,CSES_Q18a 1) Did they try to persuade you in any of the following ways? - In per,unknown,F8.0,"{""-999.0"": ""Not stated"", ""-1.0"": ""Don't know"", ""1.0"": ""Yes"", ""2.0"": ""No""}",[],[]
cses_q18a_02,CSES_Q18a 2) Did they try to persuade you in any of the following ways? - By mai,unknown,F8.0,"{""-999.0"": ""Not stated"", ""-1.0"": ""Don't know"", ""1.0"": ""Yes"", ""2.0"": ""No""}",[],[]
cses_q18a_03,CSES_Q18a 3) Did they try to persuade you in any of the following ways? - By tel,unknown,F8.0,"{""-999.0"": ""Not stated"", ""-1.0"": ""Don't know"", ""1.0"": ""Yes"", ""2.0"": ""No""}",[],[]
cses_q18a_04,CSES_Q18a 4) Did they try to persuade you in any of the following ways? - By tex,unknown,F8.0,"{""-999.0"": ""Not stated"", ""-1.0"": ""Don't know"", ""1.0"": ""Yes"", ""2.0"": ""No""}",[],[]
cses_q18a_05,CSES_Q18a 5) Did they try to persuade you in any of the following ways? - By ema,unknown,F8.0,"{""-999.0"": ""Not stated"", ""-1.0"": ""Don't know"", ""1.0"": ""Yes"", ""2.0"": ""No""}",[],[]
cses_q18a_06,CSES_Q18a 6) Did they try to persuade you in any of the following ways? - Throug,unknown,F8.0,"{""-999.0"": ""Not stated"", ""-1.0"": ""Don't know"", ""1.0"": ""Yes"", ""2.0"": ""No""}",[],[]
cses_q19,"CSES_Q19 Prior to or during the campaign, did you use the Internet or your mobil",unknown,F8.0,"{""-999.0"": ""Not stated"", ""-1.0"": ""Don't know"", ""1.0"": ""Yes"", ""2.0"": ""No""}",[],[]
cses_q20a,CSES_Q20a Which of these people was the Chancellor of the Exchequer before the r,unknown,F8.0,"{""-999.0"": ""Not stated"", ""-1.0"": ""Don't know"", ""1.0"": ""George Osborne"", ""2.0"": ""Vince Cable"", ""3.0"": ""Theresa May"", ""4.0"": ""Philip Hammond""}",[],[]
cses_q20b,"CSES_Q20b As far as you know, what was the unemployment rate in Britain in April",unknown,F8.0,"{""-999.0"": ""Not stated"", ""-1.0"": ""Don't know"", ""1.0"": ""4%"", ""2.0"": ""6%"", ""3.0"": ""8%"", ""4.0"": ""10%""}",[],[]
cses_q20c,"CSES_Q20c As far as you know, which party came in second in seats in the general",unknown,F8.0,"{""-999.0"": ""Not stated"", ""-1.0"": ""Don't know"", ""1.0"": ""Conservatives"", ""2.0"": ""Labour"", ""3.0"": ""Liberal Democrats"", ""4.0"": ""UKIP""}",[],[]
cses_q20d,"CSES_Q20d As far as you know, who is the current Secretary-General of the United",unknown,F8.0,"{""-999.0"": ""Not stated"", ""-1.0"": ""Don't know"", ""1.0"": ""Kofi Annan"", ""2.0"": ""Kurt Waldheim"", ""3.0"": ""Ban Ki-Moon"", ""4.0"": ""Boutros Boutros-Ghali""}",[],[]
cses_q21,CSES_Q21 The next question is about your household's income. How likely or unlik,unknown,F8.0,"{""-999.0"": ""Not stated"", ""-1.0"": ""Don't know"", ""1.0"": ""Very likely"", ""2.0"": ""Somewhat likely"", ""3.0"": ""Somewhat unlikely"", ""4.0"": ""Very unlikely""}",[],[]
cses_q22b,"CSES_Q22b Do you or a member of your household own a business, a piece of proper",unknown,F8.0,"{""-999.0"": ""Not stated"", ""-1.0"": ""Don't know"", ""1.0"": ""Yes"", ""2.0"": ""No""}",[],[]
cses_q22c,CSES_Q22c Do you or a member of your household own stocks or bonds?,unknown,F8.0,"{""-999.0"": ""Not stated"", ""-1.0"": ""Don't know"", ""1.0"": ""Yes"", ""2.0"": ""No""}",[],[]
cses_q22d,CSES_Q22d Do you or a member of your household have any savings?,unknown,F8.0,"{""-999.0"": ""Not stated"", ""-1.0"": ""Don't know"", ""1.0"": ""Yes"", ""2.0"": ""No""}",[],[]
cses_q23a,"CSES_Q23a If you lost your job, how easy or difficult would it be to find anothe",unknown,F8.0,"{""-999.0"": ""Not stated"", ""-1.0"": ""Not applicable - do not have a job"", ""1.0"": ""Very easy"", ""2.0"": ""Somewhat easy"", ""3.0"": ""Somewhat difficult"", ""4.0"": ""Very difficult"", ""5.0"": ""Don't know""}",[],[]
cses_q23b,"CSES_Q23b If your spouse/partner lost their job, how easy or difficult would it",unknown,F8.0,"{""-999.0"": ""Not stated"", ""-1.0"": ""Not applicable - do not have a spouse/partner"", ""1.0"": ""Very easy"", ""2.0"": ""Somewhat easy"", ""3.0"": ""Somewhat difficult"", ""4.0"": ""Very difficult"", ""5.0"": ""Don't know"", ""6.0"": ""Not applicable - spouse/partner does not have a job""}",[],[]
Age,Age at last birthday,unknown,F8.0,{},[],[]
Stratum,Stratum,unknown,F8.0,{},[],[]
Stratumlabel,Stratum label,unknown,A10,{},[],[]
IMDquintile,IMD quintile 1 = most deprived through to 5 = least deprived. While ranking is s,unknown,F8.0,{},[],[]
Constit_Code,Constit_Code,unknown,A9,{},[],[]
Constit_Name,Constit_Name,unknown,A43,{},[],[]
LA_UA_Code,Local Authority Unitary Area code,unknown,A9,{},[],[]
LA_UA_Name,Local Authority Unitary Area name,unknown,A37,{},[],[]
Int_length,Interview length (mins),unknown,F8.0,{},[],[]
Int_fin_time,Interview finish time/date,unknown,DATETIME12,{},[],[]
No_of_calls_1st_is_final,Number of calls - 1st issue FINAL,unknown,F8.0,{},[],[]
No_of_re_is_calls_final,Number of re-issue calls FINAL,unknown,F8.0,{},[],[]
Floor_of_dwelling,Floor of dwelling,unknown,F8.0,{},[],[]
InterviewerNo_1st_issue,Interviewer number - 1st -issue,unknown,F12.0,{},[],[]
InterviewerNo_re_issue,Interviewer number - re-issue,unknown,F12.0,{},[],[]
pano,Press Association Constituency ID,unknown,F10.0,{},[],[]
a1_probability,A1_probability,unknown,F9.2,{},[],[]
a1_mii,Most important issue category (auto-coded),unknown,F20.0,"{""0.0"": ""No problem"", ""1.0"": ""unemployment"", ""2.0"": ""nhs"", ""3.0"": ""immigration"", ""4.0"": ""economy general"", ""5.0"": ""international probs"", ""6.0"": ""politics-neg"", ""7.0"": ""housing"", ""8.0"": ""poverty, living stds"", ""9.0"": ""services-spending"", ""10.0"": ""social inequalities"", ""11.0"": ""environment"", ""12.0"": ""education"", ""13.0"": ""welfare fraud"", ""14.0"": ""europe"", ""15.0"": ""election outcome"", ""16.0"": ""terrorism"", ""17.0"": ""crime"", ""18.0"": ""scot const"", ""19.0"": ""aging population"", ""20.0"": ""consumer debt"", ""21.0"": ""national security"", ""22.0"": ""civil liberties"", ""23.0"": ""class difference"", ""24.0"": ""taxation"", ""25.0"": ""pol values-left"", ""26.0"": ""racial tension"", ""27.0"": ""pensions"", ""28.0"": ""youth"", ""29.0"": ""inflation"", ""30.0"": ""petrol prices"", ""31.0"": ""flooding"", ""32.0"": ""electoral reform"", ""33.0"": ""iraq war"", ""34.0"": ""constitutional"", ""35.0"": ""energy"", ""36.0"": ""morals"", ""37.0"": ""transport"", ""38.0"": ""war in afghanistan"", ""39.0"": ""turnout, apathy"", ""40.0"": ""banks"", ""98.0"": ""miscellaneous"", ""9999.0"": ""Don't know""}",[],[]
gor,Government Office Region,unknown,F24.0,"{""1.0"": ""North East"", ""2.0"": ""North West"", ""3.0"": ""Yorkshire and the Humber"", ""4.0"": ""East Midlands"", ""5.0"": ""West Midlands"", ""6.0"": ""East of England"", ""7.0"": ""London"", ""8.0"": ""South East"", ""9.0"": ""South West"", ""10.0"": ""Wales"", ""11.0"": ""Scotland"", ""12.0"": ""Northern Ireland"", ""13.0"": ""Non UK & Invalid""}",[],[]
LocalElections,Whether had local elections,unknown,F8.0,"{""0.0"": ""No"", ""1.0"": ""Yes""}",[],[]
Re_issue,Re-issue?,unknown,F8.0,"{""0.0"": ""No"", ""1.0"": ""Yes""}",[],[]
Higher_incentive_offered,Higher incentive offered,unknown,F8.0,"{""0.0"": ""No"", ""1.0"": ""Yes""}",[],[]
dwel_type,Select dwelling type,unknown,F34.0,"{""1.0"": ""Bungalow"", ""2.0"": ""Centre terraced house"", ""3.0"": ""Conversion flat / maisonette"", ""4.0"": ""Detached house"", ""5.0"": ""Other type of dwelling"", ""6.0"": ""Purpose built flat"", ""7.0"": ""Semi-detached / end terraced house""}",[],[]
ns_sec,NS-SEC occupational classification,unknown,F75.0,"{""10.0"": ""Employers in large establishments"", ""20.0"": ""Higher managerial and administrative occupations"", ""31.0"": ""L3.1 Traditional employees"", ""32.0"": ""L3.2 New employees"", ""33.0"": ""L3.3 Traditional self-employed"", ""34.0"": ""L3.4 New self-employed"", ""41.0"": ""L4.1 Traditional employees"", ""42.0"": ""L4.2 New employees"", ""43.0"": ""L4.3 Traditional self-employed"", ""44.0"": ""L4.4 New self-employed"", ""50.0"": ""Lower managerial and administrative occupations"", ""60.0"": ""Higher supervisory occupations"", ""71.0"": ""L7.1 Intermediate clerical and administrative occupations"", ""72.0"": ""L7.2 Intermediate sales and service occupations"", ""73.0"": ""L7.3 Intermediate technical and auxiliary occupations"", ""74.0"": ""L7.4 Intermediate engineering occupations"", ""80.0"": ""Employers in small organisations"", ""81.0"": ""L8.1 Employers in small establishments in industry, commerce, services etc."", ""82.0"": ""L8.2 Employers in small establishments in agriculture"", ""90.0"": ""Own account workers"", ""91.0"": ""L9.1 Own account workers (non-professional)"", ""92.0"": ""L9.2 Own account workers (agriculture)"", ""100.0"": ""Lower supervisory occupations"", ""111.0"": ""L11.1 Lower technical craft occupations"", ""112.0"": ""L11.2 Lower technical process operative occupations"", ""121.0"": ""L12.1 Semi-routine sales occupations"", ""122.0"": ""L12.2 Semi-routine service occupations"", ""123.0"": ""L12.3 Semi-routine technical occupations"", ""124.0"": ""L12.4 Semi-routine operative occupations"", ""125.0"": ""L12.5 Semi-routine agricultural occupations"", ""126.0"": ""L12.6 Semi-routine clerical occupations"", ""127.0"": ""L12.7 Semi routine childcare occupations"", ""131.0"": ""L13.1 Routine sales and service occupations"", ""132.0"": ""L13.2 Routine production occupations"", ""133.0"": ""L13.3 Routine technical occupations"", ""134.0"": ""L13.4 Routine operative occupations"", ""135.0"": ""L13.5 Routine agricultural occupations"", ""141.0"": ""L14.1 Never worked"", ""142.0"": ""L14.2 Long-term unemployed"", ""150.0"": ""Full-time students"", ""160.0"": ""Occupations not stated or inadequately described"", ""170.0"": ""Not classifiable for other reasons""}",[],[]
ns_sec_analytic,NS-SEC occupational classification analytic class,unknown,F56.0,"{""-1.0"": ""Never worked"", ""11.0"": ""Employers in large organisations and higher managerial"", ""12.0"": ""Higher professional occupations"", ""20.0"": ""Lower professional and managerial and higher supervisory"", ""30.0"": ""Intermediate occupations"", ""40.0"": ""Employers in small organisations and own account workers"", ""50.0"": ""Lower supervisory and technical occupations"", ""60.0"": ""Semi-routine occupations"", ""70.0"": ""Routine occupations""}",[],[]
edlevel,,unknown,F17.0,"{""0.0"": ""No qualifications"", ""1.0"": ""GCSE D-G"", ""2.0"": ""GCSE A*-C"", ""3.0"": ""A-level"", ""4.0"": ""Undergraduate"", ""5.0"": ""Postgrad""}",[],[]
turnoutValidationReg,Vote validation outcome,unknown,F24.0,"{""1.0"": ""Voted"", ""2.0"": ""Not voted-registered"", ""3.0"": ""Not voted-unregistered"", ""4.0"": ""Insufficient information"", ""5.0"": ""Ineligible""}",[],[]
wt_demog,Weight: VEP demographics,unknown,F10.2,{},[],[]
wt_vote,Weight: VEP Self-reported vote,unknown,F10.2,{},[],[]
wt_vote_valid,Weight: VEP Validated vote,unknown,F10.2,{},[],[]
validatedTurnoutBinary,RECODE of turnoutValidationReg (Vote validation outcome),unknown,F12.0,"{""0.0"": ""Did not vote"", ""1.0"": ""Voted""}",[],[]
