model_name,cv_auc_mean,cv_auc_std,full_auc,precision,recall,f1
Random Forest,0.7090269151138717,0.09042729323829488,0.9966378482228626,0.7894736842105263,0.8333333333333334,0.8108108108108109
Gradient Boosting,0.6598033126293996,0.09942183121261919,1.0,1.0,1.0,1.0
Composite (Optimized),0.5957349896480332,0.0,0.5994236311239193,0.06593406593406594,0.6666666666666666,0.12
Logistic L1,0.591262939958592,0.039446324283990836,0.7363112391930836,1.0,0.1111111111111111,0.2
Logistic (No Reg),0.5706004140786749,0.1277237905894075,0.7788984950368235,1.0,0.1111111111111111,0.2
Logistic L2,0.5510559006211181,0.11816258290210478,0.7795389048991355,1.0,0.1111111111111111,0.2
PCA + Logistic,0.49689440993788825,0.09676848978509654,0.6548190842138969,0.072,0.5,0.1258741258741259
