ONS ID,ONS region ID,Constituency name,County name,Region name,Country name,Constituency type,Party name,Party abbreviation,Electoral Commission party ID,MNIS party ID,Electoral Commission adjunct party ID,Candidate first name,Candidate surname,Candidate gender,Sitting MP,Former MP,Member MNIS ID,Votes,Share,Change,Democracy Club person ID
W07000049,W92000004,Aberavon,,Wales,Wales,County,Liberal Democrat,LD,PP90,17,,Cen,Phillips,Male,No,No,,599,0.018005,-0.026312,6700
W07000049,W92000004,Aberavon,,Wales,Wales,County,UK Independence Party,UKIP,PP85,35,,Caroline,Jones,Female,No,No,,1345,0.040429,-0.117265,5570
W07000049,W92000004,Aberavon,,Wales,Wales,County,Plaid Cymru,PC,PP77,22,,Andrew,Bennison,Male,No,No,,2761,0.082993,-0.033208,20533
W07000049,W92000004,Aberavon,,Wales,Wales,County,Conservative,Con,PP52,4,,Sadie,Vidal,Female,No,No,,5901,0.177378,0.058671,9334
W07000049,W92000004,Aberavon,,Wales,Wales,County,Labour,Lab,PP53,15,,Stephen,Kinnock,Male,Yes,Yes,4359,22662,0.681195,0.192155,4252
W07000058,W92000004,Aberconwy,,Wales,Wales,County,Liberal Democrat,LD,PP90,17,,Sarah,Lesiter-Burgess,Female,No,No,,941,0.029269,-0.016870,6740
W07000058,W92000004,Aberconwy,,Wales,Wales,County,Plaid Cymru,PC,PP77,22,,Wyn,Jones,Male,No,No,,3170,0.098600,-0.018688,22859
W07000058,W92000004,Aberconwy,,Wales,Wales,County,Labour,Lab,PP53,15,,Emily,Owen,Female,No,No,,13702,0.426190,0.143783,23474
W07000058,W92000004,Aberconwy,,Wales,Wales,County,Conservative,Con,PP52,4,,Guto,Bebb,Male,Yes,Yes,3910,14337,0.445941,0.030888,1412
S14000001,S92000003,Aberdeen North,,Scotland,Scotland,Burgh,Independent,Ind,,8,,Richard,Durkin,Male,No,No,,522,0.014201,,34745
S14000001,S92000003,Aberdeen North,,Scotland,Scotland,Burgh,Liberal Democrat,LD,PP90,17,,Isobel,Davidson,Female,No,No,,1693,0.046059,-0.000600,8217
S14000001,S92000003,Aberdeen North,,Scotland,Scotland,Burgh,Conservative,Con,PP52,4,,Grace,O'Keeffe,Female,No,No,,8341,0.226923,0.106202,34304
S14000001,S92000003,Aberdeen North,,Scotland,Scotland,Burgh,Labour,Lab,PP53,15,,Orr,Vinegold,Male,No,No,,11031,0.300106,0.040706,34249
S14000001,S92000003,Aberdeen North,,Scotland,Scotland,Burgh,Scottish National Party,SNP,PP102,29,,Kirsty,Blackman,Female,Yes,Yes,4357,15170,0.412711,-0.151588,6042
S14000002,S92000003,Aberdeen South,,Scotland,Scotland,Burgh,Liberal Democrat,LD,PP90,17,,Jenny,Wilson,Female,No,No,,2610,0.058661,0.012277,21237
S14000002,S92000003,Aberdeen South,,Scotland,Scotland,Burgh,Labour,Lab,PP53,15,,Callum,O'Dwyer,Male,No,No,,9143,0.205493,-0.062081,34250
S14000002,S92000003,Aberdeen South,,Scotland,Scotland,Burgh,Scottish National Party,SNP,PP102,29,,Callum,McCaig,Male,Yes,Yes,4364,13994,0.314521,-0.101968,6043
S14000002,S92000003,Aberdeen South,,Scotland,Scotland,Burgh,Conservative,Con,PP52,4,,Ross,Thomson,Male,No,No,4599,18746,0.421325,0.192967,2865
S14000003,S92000003,Airdrie and Shotts,,Scotland,Scotland,County,Liberal Democrat,LD,PP90,17,,Ewan,McRobert,Male,No,No,,802,0.021104,0.005795,34679
S14000003,S92000003,Airdrie and Shotts,,Scotland,Scotland,County,Conservative,Con,PP52,4,,Jennifer,Donnellan,Female,No,No,,8813,0.231909,0.155384,34757
S14000003,S92000003,Airdrie and Shotts,,Scotland,Scotland,County,Labour,Lab,PP53,15,,Helen,McFarlane,Female,No,No,,14096,0.370928,0.029782,34251
S14000003,S92000003,Airdrie and Shotts,,Scotland,Scotland,County,Scottish National Party,SNP,PP102,29,,Neil,Gray,Male,Yes,Yes,4365,14291,0.376059,-0.163321,6031
E14000530,E12000008,Aldershot,,South East,England,Borough,Green Party,Green,PP63,44,,Donna,Wallace,Female,No,No,,1090,0.022268,-0.021572,46197
E14000530,E12000008,Aldershot,,South East,England,Borough,UK Independence Party,UKIP,PP85,35,,Roy,Swales,Male,No,No,,1796,0.036691,-0.141981,5833
E14000530,E12000008,Aldershot,,South East,England,Borough,Liberal Democrat,LD,PP90,17,,Alan,Hilliar,Male,No,No,,3637,0.074300,-0.013942,1201
E14000530,E12000008,Aldershot,,South East,England,Borough,Labour,Lab,PP53,15,,Gary,Puffett,Male,No,No,,15477,0.316180,0.132854,4576
E14000530,E12000008,Aldershot,,South East,England,Borough,Conservative,Con,PP52,4,,Leo,Docherty,Male,No,No,4600,26950,0.550562,0.044641,5645
E14000531,E12000005,Aldridge-Brownhills,,West Midlands,England,Borough,Official Monster Raving Loony Party,MRLP,PP66,119,,Mark,Beech,Male,No,No,,565,0.014043,0.009055,5731
E14000531,E12000005,Aldridge-Brownhills,,West Midlands,England,Borough,Liberal Democrat,LD,PP90,17,,Ian,Garrett,Male,No,No,,1343,0.033379,-0.000295,3873
E14000531,E12000005,Aldridge-Brownhills,,West Midlands,England,Borough,Labour,Lab,PP53,15,,John,Fisher,Male,No,No,,12010,0.298496,0.074808,4255
E14000531,E12000005,Aldridge-Brownhills,,West Midlands,England,Borough,Conservative,Con,PP52,4,,Wendy,Morton,Female,Yes,Yes,4358,26317,0.654082,0.133587,5728
E14000532,E12000002,Altrincham and Sale West,,North West,England,Borough,Liberal,Lib,PP54,16,,Neil,Taylor,Male,No,No,,299,0.005664,,34719
E14000532,E12000002,Altrincham and Sale West,,North West,England,Borough,Green Party,Green,PP63,44,,Geraldine,Coggins,Female,No,No,,1000,0.018943,-0.020311,4639
E14000532,E12000002,Altrincham and Sale West,,North West,England,Borough,Liberal Democrat,LD,PP90,17,,Jane,Brophy,Female,No,No,,4051,0.076738,-0.007095,1432
E14000532,E12000002,Altrincham and Sale West,,North West,England,Borough,Labour,Lab,PP53,15,,Andrew,Western,Male,No,No,4979,20507,0.388464,0.121603,34397
E14000532,E12000002,Altrincham and Sale West,,North West,England,Borough,Conservative,Con,PP52,4,,Graham,Brady,Male,Yes,Yes,435,26933,0.510191,-0.019749,1433
W07000043,W92000004,Alyn and Deeside,,Wales,Wales,County,Liberal Democrat,LD,PP90,17,,Pete,Williams,Male,No,No,,1077,0.024062,-0.017885,8050
W07000043,W92000004,Alyn and Deeside,,Wales,Wales,County,UK Independence Party,UKIP,PP85,35,,David,Griffiths,Male,No,No,,1117,0.024955,-0.150772,3276
W07000043,W92000004,Alyn and Deeside,,Wales,Wales,County,Plaid Cymru,PC,PP77,22,,Jacqui,Hurst,Female,No,No,,1171,0.026162,-0.012760,5579
W07000043,W92000004,Alyn and Deeside,,Wales,Wales,County,Conservative,Con,PP52,4,,Laura,Knightly,Female,No,No,,18080,0.403932,0.084500,4153
W07000043,W92000004,Alyn and Deeside,,Wales,Wales,County,Labour,Lab,PP53,15,,Mark,Tami,Male,Yes,Yes,1383,23315,0.520889,0.120541,688
E14000533,E12000004,Amber Valley,,East Midlands,England,County,Independent,Ind,,8,,Daniel,Bamford,Male,No,No,,551,0.012028,,30212
E14000533,E12000004,Amber Valley,,East Midlands,England,County,Green Party,Green,PP63,44,,Matt,McGuinness,Male,No,No,,650,0.014189,-0.009588,8433
E14000533,E12000004,Amber Valley,,East Midlands,England,County,Liberal Democrat,LD,PP90,17,,Kate,Smith,Female,No,No,,1100,0.024012,-0.005737,4920
E14000533,E12000004,Amber Valley,,East Midlands,England,County,Labour,Lab,PP53,15,,James,Dawson,Male,No,No,,17605,0.384296,0.036483,31533
E14000533,E12000004,Amber Valley,,East Midlands,England,County,Conservative,Con,PP52,4,,Nigel,Mills,Male,Yes,Yes,4136,25905,0.565476,0.125683,1016
S14000004,S92000003,Angus,,Scotland,Scotland,County,Liberal Democrat,LD,PP90,17,,Clive,Sneddon,Male,No,No,,1308,0.032544,0.005209,327
S14000004,S92000003,Angus,,Scotland,Scotland,County,Labour,Lab,PP53,15,,William,Campbell,Male,No,No,,5233,0.130200,0.042103,34252
S14000004,S92000003,Angus,,Scotland,Scotland,County,Scottish National Party,SNP,PP102,29,,Mike,Weir,Male,Yes,Yes,1384,15503,0.385724,-0.156707,2288
S14000004,S92000003,Angus,,Scotland,Scotland,County,Conservative,Con,PP52,4,,Kirstene,Hair,Female,No,No,4675,18148,0.451533,0.161547,8231
W07000057,W92000004,Arfon,,Wales,Wales,County,Liberal Democrat,LD,PP90,17,,Calum,Davies,Male,No,No,,648,0.022972,-0.003782,25272
W07000057,W92000004,Arfon,,Wales,Wales,County,Conservative,Con,PP52,4,,Phillippa,Parry,Female,No,No,,4614,0.163571,0.032371,34698
W07000057,W92000004,Arfon,,Wales,Wales,County,Labour,Lab,PP53,15,,Mary,Griffiths Clarke,Female,No,No,,11427,0.405098,0.102456,4325
W07000057,W92000004,Arfon,,Wales,Wales,County,Plaid Cymru,PC,PP77,22,,Hywel,Williams,Male,Yes,Yes,1397,11519,0.408359,-0.030960,2286
S14000005,S92000003,Argyll and Bute,,Scotland,Scotland,County,Labour,Lab,PP53,15,,Michael,Kelly,Male,No,No,,6044,0.125736,0.021771,21545
S14000005,S92000003,Argyll and Bute,,Scotland,Scotland,County,Liberal Democrat,LD,PP90,17,,Alan,Reid,Male,No,Yes,1385,8745,0.181926,-0.097279,3231
S14000005,S92000003,Argyll and Bute,,Scotland,Scotland,County,Conservative,Con,PP52,4,,Gary,Mulvaney,Male,No,No,,15976,0.332356,0.183309,2293
S14000005,S92000003,Argyll and Bute,,Scotland,Scotland,County,Scottish National Party,SNP,PP102,29,,Brendan,O'Hara,Male,Yes,Yes,4371,17304,0.359983,-0.082532,6044
E14000534,E12000008,Arundel and South Downs,,South East,England,County,UK Independence Party,UKIP,PP85,35,,John,Wallace,Male,No,No,,1668,0.027682,-0.116695,3900
E14000534,E12000008,Arundel and South Downs,,South East,England,County,Green Party,Green,PP63,44,,Johanna,Prior,Female,No,No,,2542,0.042187,-0.021662,34845
E14000534,E12000008,Arundel and South Downs,,South East,England,County,Liberal Democrat,LD,PP90,17,,Shweta,Kapadia,Female,No,No,,4783,0.079378,0.007455,6680
E14000534,E12000008,Arundel and South Downs,,South East,England,County,Labour,Lab,PP53,15,,Caroline,Fife,Female,No,No,,13690,0.227197,0.115223,20000
E14000534,E12000008,Arundel and South Downs,,South East,England,County,Conservative,Con,PP52,4,,Nick,Herbert,Male,Yes,Yes,1479,37573,0.623556,0.015680,3229
E14000535,E12000004,Ashfield,,East Midlands,England,County,Green Party,Green,PP63,44,,Arran,Rangi,Male,No,No,,398,0.007961,,34852
E14000535,E12000004,Ashfield,,East Midlands,England,County,Liberal Democrat,LD,PP90,17,,Bob,Charlesworth,Male,No,No,,969,0.019383,-0.128901,34851
E14000535,E12000004,Ashfield,,East Midlands,England,County,UK Independence Party,UKIP,PP85,35,,Ray,Young,Male,No,No,,1885,0.037705,-0.176389,25786
E14000535,E12000004,Ashfield,,East Midlands,England,County,Ashfield Independents,Ash,PP3902,264,,Gail,Turner,Female,No,No,,4612,0.092253,,34853
E14000535,E12000004,Ashfield,,East Midlands,England,County,Conservative,Con,PP52,4,,Tony,Harper,Male,No,No,,20844,0.416938,0.192762,7562
E14000535,E12000004,Ashfield,,East Midlands,England,County,Labour,Lab,PP53,15,,Gloria,De Piero,Female,Yes,Yes,3915,21285,0.425760,0.015542,3365
E14000536,E12000008,Ashford,,South East,England,County,Green Party,Green,PP63,44,,Mandy,Rossi,Female,No,No,,1402,0.023414,-0.019586,5151
E14000536,E12000008,Ashford,,South East,England,County,UK Independence Party,UKIP,PP85,35,,Gerald,O'Brien,Male,No,No,,2218,0.037041,-0.151169,4708
E14000536,E12000008,Ashford,,South East,England,County,Liberal Democrat,LD,PP90,17,,Adrian,Gee-Turner,Male,No,No,,3101,0.051788,-0.008050,34616
E14000536,E12000008,Ashford,,South East,England,County,Labour,Lab,PP53,15,,Sally,Gathern,Female,No,No,,17840,0.297934,0.113524,29069
E14000536,E12000008,Ashford,,South East,England,County,Conservative,Con,PP52,4,,Damian,Green,Male,Yes,Yes,76,35318,0.589823,0.065281,3486
E14000537,E12000002,Ashton-under-Lyne,,North West,England,Borough,Green Party,Green,PP63,44,,Andy,Hunter-Rossall,Male,No,No,,534,0.013426,-0.025913,14913
E14000537,E12000002,Ashton-under-Lyne,,North West,England,Borough,Liberal Democrat,LD,PP90,17,,Carly,Hicks,Female,No,No,,646,0.016242,-0.007988,5943
E14000537,E12000002,Ashton-under-Lyne,,North West,England,Borough,UK Independence Party,UKIP,PP85,35,,Maurice,Jackson,Male,No,No,,1878,0.047218,-0.170368,6987
E14000537,E12000002,Ashton-under-Lyne,,North West,England,Borough,Conservative,Con,PP52,4,,Jack,Rankin,Male,No,No,,12710,0.319564,0.098329,34489
E14000537,E12000002,Ashton-under-Lyne,,North West,England,Borough,Labour,Lab,PP53,15,,Angela,Rayner,Female,Yes,Yes,4356,24005,0.603550,0.105940,5189
E14000538,E12000008,Aylesbury,,South East,England,County,Independent,Ind,,8,,Kyle,Michael,Male,No,No,,620,0.010547,,34858
E14000538,E12000008,Aylesbury,,South East,England,County,Green Party,Green,PP63,44,,Coral,Simpson,Female,No,No,,1237,0.021043,-0.017481,24917
E14000538,E12000008,Aylesbury,,South East,England,County,UK Independence Party,UKIP,PP85,35,,Vijay,Srao,Male,No,No,,1296,0.022047,-0.175087,26528
E14000538,E12000008,Aylesbury,,South East,England,County,Liberal Democrat,LD,PP90,17,,Steven,Lambert,Male,No,No,,5660,0.096286,-0.009905,4100
E14000538,E12000008,Aylesbury,,South East,England,County,Labour,Lab,PP53,15,,Mark,Bateman,Male,No,No,,17657,0.300376,0.148966,34398
E14000538,E12000008,Aylesbury,,South East,England,County,Conservative,Con,PP52,4,,David,Lidington,Male,Yes,Yes,15,32313,0.549700,0.042960,4099
S14000006,S92000003,"Ayr, Carrick and Cumnock",,Scotland,Scotland,County,Liberal Democrat,LD,PP90,17,,Callum,Leslie,Male,No,No,,872,0.018865,0.002489,6038
S14000006,S92000003,"Ayr, Carrick and Cumnock",,Scotland,Scotland,County,Labour,Lab,PP53,15,,Carol,Mochan,Female,No,No,,11024,0.238501,-0.034000,9113
S14000006,S92000003,"Ayr, Carrick and Cumnock",,Scotland,Scotland,County,Scottish National Party,SNP,PP102,29,,Corri,Wilson,Female,Yes,Yes,4448,15776,0.341309,-0.146959,5927
S14000006,S92000003,"Ayr, Carrick and Cumnock",,Scotland,Scotland,County,Conservative,Con,PP52,4,,Bill,Grant,Male,No,No,4605,18550,0.401324,0.202987,34510
E14000539,E12000008,Banbury,,South East,England,County,Independent,Ind,,8,,Roseanne,Edwards,Female,No,No,,927,0.015058,,3854
E14000539,E12000008,Banbury,,South East,England,County,Green Party,Green,PP63,44,,Ian,Middleton,Male,No,No,,1225,0.019899,-0.026405,5126
E14000539,E12000008,Banbury,,South East,England,County,UK Independence Party,UKIP,PP85,35,,Dickie,Bird,Male,No,No,,1581,0.025681,-0.113093,4908
E14000539,E12000008,Banbury,,South East,England,County,Liberal Democrat,LD,PP90,17,,John,Howson,Male,No,No,,3452,0.056074,-0.003229,6531
E14000539,E12000008,Banbury,,South East,England,County,Labour,Lab,PP53,15,,Sean,Woodcock,Male,No,No,5328,20989,0.340941,0.127970,4258
E14000539,E12000008,Banbury,,South East,England,County,Conservative,Con,PP52,4,,Victoria,Prentis,Female,Yes,Yes,4401,33388,0.542348,0.012265,4907
S14000007,S92000003,Banff and Buchan,,Scotland,Scotland,County,Liberal Democrat,LD,PP90,17,,Galen,Milne,Male,No,No,,1448,0.034772,-0.016665,6602
S14000007,S92000003,Banff and Buchan,,Scotland,Scotland,County,Labour,Lab,PP53,15,,Caitlin,Stott,Female,No,No,,3936,0.094518,0.036506,34253
S14000007,S92000003,Banff and Buchan,,Scotland,Scotland,County,Scottish National Party,SNP,PP102,29,,Eilidh,Whiteford,Female,Yes,Yes,3911,16283,0.391014,-0.211388,2044
S14000007,S92000003,Banff and Buchan,,Scotland,Scotland,County,Conservative,Con,PP52,4,,David,Duguid,Male,No,No,4606,19976,0.479696,0.191546,34215
E14000540,E12000007,Barking,,London,England,Borough,Independent,Ind,,8,,Noel,Falvey,Male,No,No,,295,0.006187,,34729
E14000540,E12000007,Barking,,London,England,Borough,Liberal Democrat,LD,PP90,17,,Pauline,Pearce,Female,No,No,,599,0.012563,-0.000494,6441
E14000540,E12000007,Barking,,London,England,Borough,Green Party,Green,PP63,44,,Shannon,Butterfield,Female,No,No,,724,0.015185,-0.005656,34726
E14000540,E12000007,Barking,,London,England,Borough,UK Independence Party,UKIP,PP85,35,,Roger,Gravett,Male,No,No,,3031,0.063571,-0.158403,4937
E14000540,E12000007,Barking,,London,England,Borough,Conservative,Con,PP52,4,,Minesh,Talati,Male,No,No,,10711,0.224648,0.061571,34733
E14000540,E12000007,Barking,,London,England,Borough,Labour,Lab,PP53,15,,Margaret,Hodge,Female,Yes,Yes,140,32319,0.677846,0.101047,807
E14000541,E12000003,Barnsley Central,,Yorkshire and The Humber,England,Borough,English Democrats,ED,PP17,90,,Stephen,Morris,Male,No,No,,211,0.005398,-0.007649,7011
E14000541,E12000003,Barnsley Central,,Yorkshire and The Humber,England,Borough,Liberal Democrat,LD,PP90,17,,David,Ridgway,Male,No,No,,549,0.014046,-0.007016,7064
E14000541,E12000003,Barnsley Central,,Yorkshire and The Humber,England,Borough,Green Party,Green,PP63,44,,Richard,Trotman,Male,No,No,,570,0.014583,-0.011074,9573
E14000541,E12000003,Barnsley Central,,Yorkshire and The Humber,England,Borough,UK Independence Party,UKIP,PP85,35,,Gavin,Felton,Male,No,No,,3339,0.085425,-0.131780,7701
E14000541,E12000003,Barnsley Central,,Yorkshire and The Humber,England,Borough,Conservative,Con,PP52,4,,Amanda,Ford,Female,No,No,,9436,0.241410,0.091383,34759
E14000541,E12000003,Barnsley Central,,Yorkshire and The Humber,England,Borough,Labour,Lab,PP53,15,,Dan,Jarvis,Male,Yes,Yes,4243,24982,0.639138,0.081808,5266
E14000542,E12000003,Barnsley East,,Yorkshire and The Humber,England,County,English Democrats,ED,PP17,90,,Kevin,Riddiough,Male,No,No,,287,0.007038,-0.004385,5809
E14000542,E12000003,Barnsley East,,Yorkshire and The Humber,England,County,Liberal Democrat,LD,PP90,17,,Nicola,Turner,Female,No,No,,750,0.018393,-0.013203,549
E14000542,E12000003,Barnsley East,,Yorkshire and The Humber,England,County,The Yorkshire Party,Yrks,PP2055,262,,Tony,Devoy,Male,No,No,,1215,0.029797,,7226
E14000542,E12000003,Barnsley East,,Yorkshire and The Humber,England,County,UK Independence Party,UKIP,PP85,35,,James,Dalton,Male,No,No,,3247,0.079630,-0.155201,34843
E14000542,E12000003,Barnsley East,,Yorkshire and The Humber,England,County,Conservative,Con,PP52,4,,Andrew,Lloyd,Male,No,No,,10997,0.269693,0.123731,34844
E14000542,E12000003,Barnsley East,,Yorkshire and The Humber,England,County,Labour,Lab,PP53,15,,Stephanie,Peacock,Female,No,No,4607,24280,0.595448,0.048183,4345
E14000543,E12000002,Barrow and Furness,,North West,England,County,Green Party,Green,PP63,44,,Rob,O'Hara,Male,No,No,,375,0.007880,-0.016638,5299
E14000543,E12000002,Barrow and Furness,,North West,England,County,UK Independence Party,UKIP,PP85,35,,Alan,Piper,Male,No,No,,962,0.020214,-0.096943,7171
E14000543,E12000002,Barrow and Furness,,North West,England,County,Liberal Democrat,LD,PP90,17,,Loraine,Birchall,Female,No,No,,1278,0.026854,-0.000159,5633
E14000543,E12000002,Barrow and Furness,,North West,England,County,Conservative,Con,PP52,4,,Simon,Fell,Male,No,No,4744,22383,0.470330,0.065362,5174
E14000543,E12000002,Barrow and Furness,,North West,England,County,Labour and Co-operative,Lab,PP53,15,PP119,John,Woodcock,Male,Yes,Yes,3917,22592,0.474722,0.051382,1813
E14000544,E12000006,Basildon and Billericay,,East of England,England,Borough,Liberal Democrat,LD,PP90,17,,Antonia,Harrison,Female,No,No,,1548,0.034463,-0.003559,34863
E14000544,E12000006,Basildon and Billericay,,East of England,England,Borough,UK Independence Party,UKIP,PP85,35,,Tina,Hughes,Female,No,No,,2008,0.044704,-0.153725,9802
E14000544,E12000006,Basildon and Billericay,,East of England,England,Borough,Labour,Lab,PP53,15,,Kayte,Block,Female,No,No,,13981,0.311256,0.074526,9674
E14000544,E12000006,Basildon and Billericay,,East of England,England,Borough,Conservative,Con,PP52,4,,John,Baron,Male,Yes,Yes,1390,27381,0.609577,0.082758,2580
E14000545,E12000008,Basingstoke,,South East,England,Borough,Libertarian Party,LPUK,PP684,1003,,Scott,Neville,Male,No,No,,213,0.003806,,34904
E14000545,E12000008,Basingstoke,,South East,England,Borough,Green Party,Green,PP63,44,,Richard,Winter,Male,No,No,,1106,0.019764,,17259
E14000545,E12000008,Basingstoke,,South East,England,Borough,UK Independence Party,UKIP,PP85,35,,Alan,Stone,Male,No,No,,1681,0.030039,-0.126152,9733
E14000545,E12000008,Basingstoke,,South East,England,Borough,Liberal Democrat,LD,PP90,17,,John,Shaw,Male,No,No,,3406,0.060865,-0.012973,2524
E14000545,E12000008,Basingstoke,,South East,England,Borough,Labour,Lab,PP53,15,,Terry,Bridgeman,Male,No,No,,20044,0.358184,0.081110,31093
E14000545,E12000008,Basingstoke,,South East,England,Borough,Conservative,Con,PP52,4,,Maria,Miller,Female,Yes,Yes,1480,29510,0.527341,0.041830,2525
E14000546,E12000004,Bassetlaw,,East Midlands,England,County,Independent,Ind,,8,,Nigel,Turner,Male,No,No,,1014,0.019407,,34905
E14000546,E12000004,Bassetlaw,,East Midlands,England,County,Liberal Democrat,LD,PP90,17,,Leon,Duveen,Male,No,No,,1154,0.022086,-0.004918,4476
E14000546,E12000004,Bassetlaw,,East Midlands,England,County,Conservative,Con,PP52,4,,Annette,Simpson,Female,No,No,,22615,0.432823,0.126020,34514
E14000546,E12000004,Bassetlaw,,East Midlands,England,County,Labour,Lab,PP53,15,,John,Mann,Male,Yes,Yes,1387,27467,0.525684,0.039470,3654
E14000547,E12000009,Bath,,South West,England,Borough,Green Party,Green,PP63,44,,Eleanor,Field,Female,No,No,,1126,0.022709,-0.096739,34149
E14000547,E12000009,Bath,,South West,England,Borough,Labour,Lab,PP53,15,,Joe,Rayment,Male,No,No,,7279,0.146804,0.015017,34400
E14000547,E12000009,Bath,,South West,England,Borough,Conservative,Con,PP52,4,,Ben,Howlett,Male,Yes,Yes,4445,17742,0.357824,-0.020258,4156
E14000547,E12000009,Bath,,South West,England,Borough,Liberal Democrat,LD,PP90,17,,Wera,Hobhouse,Female,No,No,4602,23436,0.472662,0.175844,3720
E14000548,E12000003,Batley and Spen,,Yorkshire and The Humber,England,Borough,Independent,Ind,,8,,Mohammed,Hanif,Male,No,No,,58,0.001078,,34708
E14000548,E12000003,Batley and Spen,,Yorkshire and The Humber,England,Borough,Green Party,Green,PP63,44,,Alan,Freeman,Male,No,No,,695,0.012923,-0.011483,34295
E14000548,E12000003,Batley and Spen,,Yorkshire and The Humber,England,Borough,Independent,Ind,,8,,Aleks,Lukic,Male,No,No,,1076,0.020007,,5467
E14000548,E12000003,Batley and Spen,,Yorkshire and The Humber,England,Borough,Liberal Democrat,LD,PP90,17,,John,Lawson,Male,No,No,,1224,0.022759,-0.024706,6910
E14000548,E12000003,Batley and Spen,,Yorkshire and The Humber,England,Borough,Conservative,Con,PP52,4,,Ann,Myatt,Female,No,No,,20883,0.388304,0.075917,72
E14000548,E12000003,Batley and Spen,,Yorkshire and The Humber,England,Borough,Labour and Co-operative,Lab,PP53,15,PP119,Tracy,Brabin,Female,Yes,Yes,4588,29844,0.554927,0.122550,34125
E14000549,E12000007,Battersea,,London,England,Borough,The Socialist Party of Great Britain,SPGB,PP110,192,,Daniel,Lambert,Male,No,No,,32,0.000581,,678
E14000549,E12000007,Battersea,,London,England,Borough,UK Independence Party,UKIP,PP85,35,,Eugene,Power,Male,No,No,,357,0.006484,-0.024595,34812
E14000549,E12000007,Battersea,,London,England,Borough,Green Party,Green,PP63,44,,Lois,Davis,Female,No,No,,866,0.015729,-0.017231,34488
E14000549,E12000007,Battersea,,London,England,Borough,Independent,Ind,,8,,Chris,Coghlan,Male,No,No,5198,1234,0.022413,,34811
E14000549,E12000007,Battersea,,London,England,Borough,Liberal Democrat,LD,PP90,17,,Richard,Davis,Male,No,No,,4401,0.079934,0.036019,6571
E14000549,E12000007,Battersea,,London,England,Borough,Conservative,Con,PP52,4,,Jane,Ellison,Female,Yes,Yes,3918,22876,0.415489,-0.108310,3433
E14000549,E12000007,Battersea,,London,England,Borough,Labour,Lab,PP53,15,,Marsha,De Cordova,Female,No,No,4676,25292,0.459370,0.091123,34349
E14000550,E12000008,Beaconsfield,,South East,England,County,Green Party,Green,PP63,44,,Russell,Secker,Male,No,No,,1396,0.024916,-0.017049,5775
E14000550,E12000008,Beaconsfield,,South East,England,County,UK Independence Party,UKIP,PP85,35,,Jon,Conway,Male,No,No,,1609,0.028718,-0.108784,24161
E14000550,E12000008,Beaconsfield,,South East,England,County,Liberal Democrat,LD,PP90,17,,Peter,Chapman,Male,No,No,,4448,0.079389,0.005522,25929
E14000550,E12000008,Beaconsfield,,South East,England,County,Labour,Lab,PP53,15,,James,English,Male,No,No,,12016,0.214464,0.100212,34401
E14000550,E12000008,Beaconsfield,,South East,England,County,Conservative,Con,PP52,4,,Dominic,Grieve,Male,Yes,Yes,16,36559,0.652513,0.020100,3739
E14000551,E12000007,Beckenham,,London,England,Borough,Green Party,Green,PP63,44,,Ruth,Fabricant,Female,No,No,,1380,0.026729,-0.011753,5234
E14000551,E12000007,Beckenham,,London,England,Borough,Liberal Democrat,LD,PP90,17,,Julie,Ireland,Female,No,No,,4073,0.078888,0.009671,8019
E14000551,E12000007,Beckenham,,London,England,Borough,Labour,Lab,PP53,15,,Marina,Ahmad,Female,No,No,,15545,0.301085,0.106752,5874
E14000551,E12000007,Beckenham,,London,England,Borough,Conservative,Con,PP52,4,,Bob,Stewart,Male,Yes,Yes,3919,30632,0.593298,0.020485,4074
E14000552,E12000006,Bedford,,East of England,England,Borough,Green Party,Green,PP63,44,,Lucy,Bywater,Female,No,No,,1008,0.020792,-0.009846,34421
E14000552,E12000006,Bedford,,East of England,England,Borough,Liberal Democrat,LD,PP90,17,,Henry,Vann,Male,No,No,,2837,0.058519,0.016033,3114
E14000552,E12000006,Bedford,,East of England,England,Borough,Conservative,Con,PP52,4,,Richard,Fuller,Male,Yes,Yes,3912,21923,0.452207,0.026373,2925
E14000552,E12000006,Bedford,,East of England,England,Borough,Labour,Lab,PP53,15,,Mohammad,Yasin,Male,No,No,4598,22712,0.468482,0.066451,19413
N06000001,N92000002,Belfast East,,Northern Ireland,Northern Ireland,Borough,Independent,Ind,,8,,Bobby,Beck,Male,No,No,,54,0.001259,,34721
N06000001,N92000002,Belfast East,,Northern Ireland,Northern Ireland,Borough,Social Democratic & Labour Party,SDLP,PP55,31,,Seamas,de Faoite,Male,No,No,,167,0.003894,0.000693,19745
N06000001,N92000002,Belfast East,,Northern Ireland,Northern Ireland,Borough,Conservative,Con,PP51,4,,Sheila,Bodel,Female,No,No,,446,0.010399,-0.017851,19719
N06000001,N92000002,Belfast East,,Northern Ireland,Northern Ireland,Borough,Green Party Northern Ireland,Green,PP305,1113,,Georgina,Milne,Female,No,No,,561,0.013080,-0.013582,19699
N06000001,N92000002,Belfast East,,Northern Ireland,Northern Ireland,Borough,Sinn Féin,SF,PP39,30,,Mairead,O'Donnell,Female,No,No,,894,0.020844,0.000104,19680
N06000001,N92000002,Belfast East,,Northern Ireland,Northern Ireland,Borough,Ulster Unionist Party,UUP,PP83,38,,Hazel,Legge,Female,No,No,,1408,0.032828,,34531
N06000001,N92000002,Belfast East,,Northern Ireland,Northern Ireland,Borough,Alliance,APNI,PP103,1,,Naomi,Long,Female,No,Yes,3920,15443,0.360061,-0.067791,2454
N06000001,N92000002,Belfast East,,Northern Ireland,Northern Ireland,Borough,Democratic Unionist Party,DUP,PP70,7,,Gavin,Robinson,Male,Yes,Yes,4360,23917,0.557636,0.064339,4595
N06000002,N92000002,Belfast North,,Northern Ireland,Northern Ireland,Borough,The Workers' Party,WP,PP127,165,,Gemma,Weir,Female,No,No,,360,0.007837,-0.014802,6264
N06000002,N92000002,Belfast North,,Northern Ireland,Northern Ireland,Borough,Green Party Northern Ireland,Green,PP305,1113,,Malachai,O'Hara,Male,No,No,,644,0.014020,,11378
N06000002,N92000002,Belfast North,,Northern Ireland,Northern Ireland,Borough,Social Democratic & Labour Party,SDLP,PP55,31,,Martin,McAuley,Male,No,No,,2058,0.044801,-0.037429,574
N06000002,N92000002,Belfast North,,Northern Ireland,Northern Ireland,Borough,Alliance,APNI,PP103,1,,Sam,Nelson,Male,No,No,,2475,0.053879,-0.018572,34659
N06000002,N92000002,Belfast North,,Northern Ireland,Northern Ireland,Borough,Sinn Féin,SF,PP39,30,,John,Finucane,Male,No,No,4823,19159,0.417080,0.077859,34499
N06000002,N92000002,Belfast North,,Northern Ireland,Northern Ireland,Borough,Democratic Unionist Party,DUP,PP70,7,,Nigel,Dodds,Male,Yes,Yes,1388,21240,0.462382,-0.008043,2140
N06000003,N92000002,Belfast South,,Northern Ireland,Northern Ireland,Borough,Conservative,Con,PP51,4,,Clare,Salier,Female,No,No,,246,0.005629,-0.009311,34731
N06000003,N92000002,Belfast South,,Northern Ireland,Northern Ireland,Borough,Ulster Unionist Party,UUP,PP83,38,,Michael,Henderson,Male,No,No,,1527,0.034939,-0.056162,19709
N06000003,N92000002,Belfast South,,Northern Ireland,Northern Ireland,Borough,Green Party Northern Ireland,Green,PP305,1113,,Clare,Bailey,Female,No,No,,2241,0.051276,-0.006172,5824
N06000003,N92000002,Belfast South,,Northern Ireland,Northern Ireland,Borough,Sinn Féin,SF,PP39,30,,Mairtin Samuel,O Muilleoir,Male,No,No,,7143,0.163437,0.024771,4597
N06000003,N92000002,Belfast South,,Northern Ireland,Northern Ireland,Borough,Alliance,APNI,PP103,1,,Paula,Bradshaw,Female,No,No,,7946,0.181810,0.009543,1679
N06000003,N92000002,Belfast South,,Northern Ireland,Northern Ireland,Borough,Social Democratic & Labour Party,SDLP,PP55,31,,Alasdair,McDonnell,Male,Yes,Yes,1596,11303,0.258620,0.013222,3431
N06000003,N92000002,Belfast South,,Northern Ireland,Northern Ireland,Borough,Democratic Unionist Party,DUP,PP70,7,,Emma,Little Pengelly,Female,No,No,4611,13299,0.304290,0.082148,11458
N06000004,N92000002,Belfast West,,Northern Ireland,Northern Ireland,Borough,The Workers' Party,WP,PP127,165,,Conor,Campbell,Male,No,No,,348,0.008564,-0.008334,8186
N06000004,N92000002,Belfast West,,Northern Ireland,Northern Ireland,Borough,Alliance,APNI,PP103,1,,Sorcha,Eastwood,Female,No,No,5125,731,0.017990,-0.000012,19688
N06000004,N92000002,Belfast West,,Northern Ireland,Northern Ireland,Borough,Social Democratic & Labour Party,SDLP,PP55,31,,Tim,Attwood,Male,No,No,,2860,0.070386,-0.027975,34916
N06000004,N92000002,Belfast West,,Northern Ireland,Northern Ireland,Borough,People Before Profit Alliance,PBPA,PP773,177,,Gerry,Carroll,Male,No,No,,4132,0.101691,-0.090729,7199
N06000004,N92000002,Belfast West,,Northern Ireland,Northern Ireland,Borough,Democratic Unionist Party,DUP,PP70,7,,Frank,McCoubrey,Male,No,No,,5455,0.134250,0.055760,7174
N06000004,N92000002,Belfast West,,Northern Ireland,Northern Ireland,Borough,Sinn Féin,SF,PP39,30,,Paul,Maskey,Male,Yes,Yes,4245,27107,0.667118,0.124702,4603
E14000553,E12000007,Bermondsey and Old Southwark,,London,England,Borough,Independent,Ind,,8,,James,Clarke,Male,No,No,,113,0.001931,,34810
E14000553,E12000007,Bermondsey and Old Southwark,,London,England,Borough,Green Party,Green,PP63,44,,John,Tyson,Male,No,No,,639,0.010919,-0.028420,34227
E14000553,E12000007,Bermondsey and Old Southwark,,London,England,Borough,UK Independence Party,UKIP,PP85,35,,Elizabeth,Jones,Female,No,No,,838,0.014320,-0.048958,52
E14000553,E12000007,Bermondsey and Old Southwark,,London,England,Borough,Conservative,Con,PP52,4,,Siobhan,Baillie,Female,No,No,4847,7581,0.129543,0.011874,34539
E14000553,E12000007,Bermondsey and Old Southwark,,London,England,Borough,Liberal Democrat,LD,PP90,17,,Simon,Hughes,Male,No,Yes,194,18189,0.310812,-0.032550,3434
E14000553,E12000007,Bermondsey and Old Southwark,,London,England,Borough,Labour,Lab,PP53,15,,Neil,Coyle,Male,Yes,Yes,4368,31161,0.532476,0.101821,4264
S14000008,S92000003,"Berwickshire, Roxburgh and Selkirk",,Scotland,Scotland,County,Liberal Democrat,LD,PP90,17,,Caroline,Burgess,Female,No,No,,2482,0.047396,-0.139638,34691
S14000008,S92000003,"Berwickshire, Roxburgh and Selkirk",,Scotland,Scotland,County,Labour and Co-operative,Lab,PP53,15,PP119,Ian,Davidson,Male,No,Yes,611,4519,0.086295,0.037238,1664
S14000008,S92000003,"Berwickshire, Roxburgh and Selkirk",,Scotland,Scotland,County,Scottish National Party,SNP,PP102,29,,Calum,Kerr,Male,Yes,Yes,4379,17153,0.327554,-0.038466,6045
S14000008,S92000003,"Berwickshire, Roxburgh and Selkirk",,Scotland,Scotland,County,Conservative,Con,PP52,4,,John,Lamont,Male,No,No,4608,28213,0.538755,0.178695,141
E14000554,E12000001,Berwick-upon-Tweed,,North East,England,County,Green Party,Green,PP63,44,,Thomas,Stewart,Male,No,No,,787,0.018644,-0.018167,27177
E14000554,E12000001,Berwick-upon-Tweed,,North East,England,County,Liberal Democrat,LD,PP90,17,,Julie,Porksen,Female,No,No,,8916,0.211220,-0.077947,4479
E14000554,E12000001,Berwick-upon-Tweed,,North East,England,County,Labour,Lab,PP53,15,,Scott,Dickinson,Male,No,No,,10364,0.245523,0.096053,4265
E14000554,E12000001,Berwick-upon-Tweed,,North East,England,County,Conservative,Con,PP52,4,,Anne-Marie,Trevelyan,Female,Yes,Yes,4531,22145,0.524614,0.113882,189
E14000555,E12000007,Bethnal Green and Bow,,London,England,Borough,UK Independence Party,UKIP,PP85,35,,Ian,de Wulverton,Male,No,No,,894,0.014944,-0.045879,2222
E14000555,E12000007,Bethnal Green and Bow,,London,England,Borough,Green Party,Green,PP63,44,,Alistair,Polson,Male,No,No,,1516,0.025341,-0.067358,4752
E14000555,E12000007,Bethnal Green and Bow,,London,England,Borough,Liberal Democrat,LD,PP90,17,,William,Dyer,Male,No,No,,2982,0.049845,0.004592,34300
E14000555,E12000007,Bethnal Green and Bow,,London,England,Borough,Independent,Ind,,8,,Ajmal,Masroor,Male,No,No,,3888,0.064990,,142
E14000555,E12000007,Bethnal Green and Bow,,London,England,Borough,Conservative,Con,PP52,4,,Charlotte,Chirico,Female,No,No,,7576,0.126636,-0.025847,34754
E14000555,E12000007,Bethnal Green and Bow,,London,England,Borough,Labour,Lab,PP53,15,,Rushanara,Ali,Female,Yes,Yes,4138,42969,0.718245,0.106292,143
E14000556,E12000003,Beverley and Holderness,,Yorkshire and The Humber,England,County,Green Party,Green,PP63,44,,Richard,Howarth,Male,No,No,,716,0.012869,-0.021340,6068
E14000556,E12000003,Beverley and Holderness,,Yorkshire and The Humber,England,County,The Yorkshire Party,Yrks,PP2055,262,,Lee,Walton,Male,No,No,,1158,0.020813,,6643
E14000556,E12000003,Beverley and Holderness,,Yorkshire and The Humber,England,County,Liberal Democrat,LD,PP90,17,,Denis,Healy,Male,No,No,,2808,0.050469,-0.004583,2131
E14000556,E12000003,Beverley and Holderness,,Yorkshire and The Humber,England,County,Labour,Lab,PP53,15,,Johanna,Boal,Female,No,No,,18457,0.331734,0.081909,34540
E14000556,E12000003,Beverley and Holderness,,Yorkshire and The Humber,England,County,Conservative,Con,PP52,4,,Graham,Stuart,Male,Yes,Yes,1482,32499,0.584115,0.102634,3370
E14000557,E12000008,Bexhill and Battle,,South East,England,County,Green Party,Green,PP63,44,,Jonathan,Kent,Male,No,No,,1438,0.024179,-0.026655,5767
E14000557,E12000008,Bexhill and Battle,,South East,England,County,UK Independence Party,UKIP,PP85,35,,Geoffrey,Bastin,Male,No,No,,2006,0.033730,-0.150449,30965
E14000557,E12000008,Bexhill and Battle,,South East,England,County,Liberal Democrat,LD,PP90,17,,Joel,Kemp,Male,No,No,,4485,0.075414,-0.000630,34095
E14000557,E12000008,Bexhill and Battle,,South East,England,County,Labour,Lab,PP53,15,,Christine,Bayliss,Female,No,No,,14689,0.246990,0.105786,34372
E14000557,E12000008,Bexhill and Battle,,South East,England,County,Conservative,Con,PP52,4,,Huw,Merriman,Male,Yes,Yes,4442,36854,0.619687,0.071949,2210
E14000558,E12000007,Bexleyheath and Crayford,,London,England,Borough,British National Party,BNP,PP3960,67,,Peter,Finch,Male,No,No,,290,0.006417,,7976
E14000558,E12000007,Bexleyheath and Crayford,,London,England,Borough,Green Party,Green,PP63,44,,Ivor,Lobo,Male,No,No,,601,0.013300,-0.008447,34549
E14000558,E12000007,Bexleyheath and Crayford,,London,England,Borough,Liberal Democrat,LD,PP90,17,,Simone,Reynolds,Female,No,No,,1201,0.026577,-0.003364,34541
E14000558,E12000007,Bexleyheath and Crayford,,London,England,Borough,UK Independence Party,UKIP,PP85,35,,Mike,Ferro,Male,No,No,,1944,0.043019,-0.167167,34771
E14000558,E12000007,Bexleyheath and Crayford,,London,England,Borough,Labour,Lab,PP53,15,,Stef,Borella,Male,No,No,,16040,0.354954,0.092827,4267
E14000558,E12000007,Bexleyheath and Crayford,,London,England,Borough,Conservative,Con,PP52,4,,David,Evennett,Male,Yes,Yes,1198,25113,0.555733,0.083191,135
E14000559,E12000002,Birkenhead,,North West,England,Borough,Green Party,Green,PP63,44,,Jayne,Clough,Female,No,No,,943,0.021597,-0.019942,34794
E14000559,E12000002,Birkenhead,,North West,England,Borough,Liberal Democrat,LD,PP90,17,,Allan,Brame,Male,No,No,,1118,0.025605,-0.010058,5428
E14000559,E12000002,Birkenhead,,North West,England,Borough,Conservative,Con,PP52,4,,Stewart,Gardiner,Male,No,No,,8044,0.184229,0.035650,34795
E14000559,E12000002,Birkenhead,,North West,England,Borough,Labour,Lab,PP53,15,,Frank,Field,Male,Yes,Yes,478,33558,0.768568,0.092398,92
E14000560,E12000005,"Birmingham, Edgbaston",,West Midlands,England,Borough,Common Good,CG,PP375,78,,Dick,Rogers,Male,No,No,,155,0.003554,,9
E14000560,E12000005,"Birmingham, Edgbaston",,West Midlands,England,Borough,Green Party,Green,PP63,44,,Alice,Kiff,Female,No,No,,562,0.012886,-0.020315,28681
E14000560,E12000005,"Birmingham, Edgbaston",,West Midlands,England,Borough,Liberal Democrat,LD,PP90,17,,Colin,Green,Male,No,No,,1564,0.035862,0.007189,4481
E14000560,E12000005,"Birmingham, Edgbaston",,West Midlands,England,Borough,Conservative,Con,PP52,4,,Caroline,Squire,Female,No,No,,17207,0.394547,0.011625,34240
E14000560,E12000005,"Birmingham, Edgbaston",,West Midlands,England,Borough,Labour and Co-operative,Lab,PP53,15,PP119,Preet,Gill,Female,No,No,4603,24124,0.553151,0.104697,19009
E14000561,E12000005,"Birmingham, Erdington",,West Midlands,England,Borough,Green Party,Green,PP63,44,,James,Lovatt,Male,No,No,,610,0.016390,-0.010942,6809
E14000561,E12000005,"Birmingham, Erdington",,West Midlands,England,Borough,Liberal Democrat,LD,PP90,17,,Ann,Holtom,Female,No,No,,750,0.020152,-0.007671,752
E14000561,E12000005,"Birmingham, Erdington",,West Midlands,England,Borough,Conservative,Con,PP52,4,,Robert,Alden,Male,No,No,,14286,0.383857,0.075501,3958
E14000561,E12000005,"Birmingham, Erdington",,West Midlands,England,Borough,Labour,Lab,PP53,15,,Jack,Dromey,Male,Yes,Yes,3913,21571,0.579601,0.123367,3363
E14000562,E12000005,"Birmingham, Hall Green",,West Midlands,England,Borough,Green Party,Green,PP63,44,,Patrick,Cox,Male,No,No,,831,0.015301,-0.031462,9904
E14000562,E12000005,"Birmingham, Hall Green",,West Midlands,England,Borough,Liberal Democrat,LD,PP90,17,,Jerry,Evans,Male,No,No,,3137,0.057761,-0.058274,3015
E14000562,E12000005,"Birmingham, Hall Green",,West Midlands,England,Borough,Conservative,Con,PP52,4,,Reena,Ranger,Female,No,No,,8199,0.150967,-0.026073,34553
E14000562,E12000005,"Birmingham, Hall Green",,West Midlands,England,Borough,Labour,Lab,PP53,15,,Roger,Godsiff,Male,Yes,Yes,304,42143,0.775971,0.177684,3955
E14000563,E12000005,"Birmingham, Hodge Hill",,West Midlands,England,Borough,Green Party,Green,PP63,44,,Clare,Thomas,Female,No,No,,387,0.008342,-0.012005,6015
E14000563,E12000005,"Birmingham, Hodge Hill",,West Midlands,England,Borough,Liberal Democrat,LD,PP90,17,,Phil,Bennion,Male,No,No,,805,0.017351,-0.046588,6951
E14000563,E12000005,"Birmingham, Hodge Hill",,West Midlands,England,Borough,UK Independence Party,UKIP,PP85,35,,Mohammed,Khan,Male,No,No,,1016,0.021899,-0.091432,9902
E14000563,E12000005,"Birmingham, Hodge Hill",,West Midlands,England,Borough,Conservative,Con,PP52,4,,Ahmereen,Reza,Female,No,No,,6580,0.141829,0.027133,34889
E14000563,E12000005,"Birmingham, Hodge Hill",,West Midlands,England,Borough,Labour,Lab,PP53,15,,Liam,Byrne,Male,Yes,Yes,1171,37606,0.810579,0.126620,3962
E14000564,E12000005,"Birmingham, Ladywood",,West Midlands,England,Borough,Green Party,Green,PP63,44,,Kefentse,Dennis,Male,No,No,,533,0.012903,-0.028889,10067
E14000564,E12000005,"Birmingham, Ladywood",,West Midlands,England,Borough,Liberal Democrat,LD,PP90,17,,Lee,Dargue,Male,No,No,,1156,0.027986,-0.010270,4821
E14000564,E12000005,"Birmingham, Ladywood",,West Midlands,England,Borough,Conservative,Con,PP52,4,,Andrew,Browning,Male,No,No,,5452,0.131987,0.004579,34890
E14000564,E12000005,"Birmingham, Ladywood",,West Midlands,England,Borough,Labour,Lab,PP53,15,,Shabana,Mahmood,Female,Yes,Yes,3914,34166,0.827124,0.090850,216
E14000565,E12000005,"Birmingham, Northfield",,West Midlands,England,Borough,Green Party,Green,PP63,44,,Eleanor,Masters,Female,No,No,,864,0.019482,-0.008049,34892
E14000565,E12000005,"Birmingham, Northfield",,West Midlands,England,Borough,Liberal Democrat,LD,PP90,17,,Roger,Harmer,Male,No,No,,959,0.021624,-0.010146,96
E14000565,E12000005,"Birmingham, Northfield",,West Midlands,England,Borough,Conservative,Con,PP52,4,,Meg,Powell-Chandler,Female,No,No,,18929,0.426829,0.069701,34367
E14000565,E12000005,"Birmingham, Northfield",,West Midlands,England,Borough,Labour,Lab,PP53,15,,Richard,Burden,Male,Yes,Yes,301,23596,0.532065,0.115847,3368
E14000566,E12000005,"Birmingham, Perry Barr",,West Midlands,England,Borough,Open Borders Party,OBP,PP2803,268,,Harjinder,Singh,Male,No,No,,99,0.002240,,7119
E14000566,E12000005,"Birmingham, Perry Barr",,West Midlands,England,Borough,Green Party,Green,PP63,44,,Vijay,Rana,Male,No,No,,591,0.013372,-0.018863,34897
E14000566,E12000005,"Birmingham, Perry Barr",,West Midlands,England,Borough,Socialist Labour Party,SL,PP73,147,,Shangara,Bhatoe,Male,No,No,,592,0.013395,,928
E14000566,E12000005,"Birmingham, Perry Barr",,West Midlands,England,Borough,Liberal Democrat,LD,PP90,17,,Harjun,Singh,Male,No,No,,1080,0.024436,-0.024061,34898
E14000566,E12000005,"Birmingham, Perry Barr",,West Midlands,England,Borough,Conservative,Con,PP52,4,,Charlotte,Hodivala,Female,No,No,,11726,0.265312,0.050358,5083
E14000566,E12000005,"Birmingham, Perry Barr",,West Midlands,England,Borough,Labour,Lab,PP53,15,,Khalid,Mahmood,Male,Yes,Yes,1392,30109,0.681245,0.106912,3367
E14000567,E12000005,"Birmingham, Selly Oak",,West Midlands,England,Borough,Green Party,Green,PP63,44,,Julien,Pritchard,Male,No,No,,876,0.017883,-0.032918,10012
E14000567,E12000005,"Birmingham, Selly Oak",,West Midlands,England,Borough,Liberal Democrat,LD,PP90,17,,David,Radcliffe,Male,No,No,,1644,0.033561,-0.022009,1249
E14000567,E12000005,"Birmingham, Selly Oak",,West Midlands,England,Borough,Conservative,Con,PP52,4,,Sophie,Shrubsole,Female,No,No,,15629,0.319057,0.029018,34478
E14000567,E12000005,"Birmingham, Selly Oak",,West Midlands,England,Borough,Labour,Lab,PP53,15,,Steve,McCabe,Male,Yes,Yes,298,30836,0.629499,0.152968,1230
E14000568,E12000005,"Birmingham, Yardley",,West Midlands,England,Borough,Independent,Ind,,8,,Abu,Nowshed,Male,No,No,,100,0.002247,,34902
E14000568,E12000005,"Birmingham, Yardley",,West Midlands,England,Borough,Green Party,Green,PP63,44,,Christopher,Garghan,Male,No,No,,280,0.006292,-0.010670,10055
E14000568,E12000005,"Birmingham, Yardley",,West Midlands,England,Borough,UK Independence Party,UKIP,PP85,35,,Paul,Clayton,Male,No,No,,1916,0.043054,-0.118230,6990
E14000568,E12000005,"Birmingham, Yardley",,West Midlands,England,Borough,Liberal Democrat,LD,PP90,17,,John,Hemming,Male,No,Yes,1483,7984,0.179408,-0.076576,3373
E14000568,E12000005,"Birmingham, Yardley",,West Midlands,England,Borough,Conservative,Con,PP52,4,,Mohammed,Afzal,Male,No,No,,8824,0.198283,0.058311,34901
E14000568,E12000005,"Birmingham, Yardley",,West Midlands,England,Borough,Labour,Lab,PP53,15,,Jess,Phillips,Female,Yes,Yes,4370,25398,0.570716,0.154468,4268
E14000569,E12000001,Bishop Auckland,,North East,England,County,British National Party,BNP,PP3960,67,,Adam,Walker,Male,No,No,,991,0.022897,,3371
E14000569,E12000001,Bishop Auckland,,North East,England,County,Liberal Democrat,LD,PP90,17,,Ciaran,Morrissey,Male,No,No,,1176,0.027171,-0.016572,34185
E14000569,E12000001,Bishop Auckland,,North East,England,County,Conservative,Con,PP52,4,,Christopher,Adams,Male,No,No,,20306,0.469167,0.144228,5768
E14000569,E12000001,Bishop Auckland,,North East,England,County,Labour,Lab,PP53,15,,Helen,Goodman,Female,Yes,Yes,1484,20808,0.480765,0.066766,2906
E14000570,E12000002,Blackburn,,North West,England,Borough,Liberal Democrat,LD,PP90,17,,Irfan,Ahmed,Male,No,No,,709,0.014922,-0.006783,34172
E14000570,E12000002,Blackburn,,North West,England,Borough,Independent,Ind,,8,,Duncan,Miller,Male,No,No,,878,0.018478,,35005
E14000570,E12000002,Blackburn,,North West,England,Borough,Conservative,Con,PP52,4,,Bob,Eastwood,Male,No,No,,12780,0.268968,-0.003811,5606
E14000570,E12000002,Blackburn,,North West,England,Borough,Labour,Lab,PP53,15,,Kate,Hollern,Female,Yes,Yes,4363,33148,0.697632,0.134847,4269
E14000571,E12000002,Blackley and Broughton,,North West,England,Borough,Christian Peoples Alliance,CPA,PP79,80,,Abi,Ajoku,Female,No,No,,174,0.004338,,34935
E14000571,E12000002,Blackley and Broughton,,North West,England,Borough,Green Party,Green,PP63,44,,David,Jones,Male,No,No,,462,0.011517,-0.030706,5750
E14000571,E12000002,Blackley and Broughton,,North West,England,Borough,Liberal Democrat,LD,PP90,17,,Charles,Gadsden,Male,No,No,,737,0.018373,-0.005177,2946
E14000571,E12000002,Blackley and Broughton,,North West,England,Borough,UK Independence Party,UKIP,PP85,35,,Martin,Power,Male,No,No,,1825,0.045496,-0.119086,5975
E14000571,E12000002,Blackley and Broughton,,North West,England,Borough,Conservative,Con,PP52,4,,David,Goss,Male,No,No,,8657,0.215815,0.065433,34523
E14000571,E12000002,Blackley and Broughton,,North West,England,Borough,Labour,Lab,PP53,15,,Graham,Stringer,Male,Yes,Yes,449,28258,0.704460,0.085199,1179
E14000572,E12000002,Blackpool North and Cleveleys,,North West,England,Borough,Green Party,Green,PP63,44,,Duncan,Royle,Male,No,No,,381,0.009291,-0.013276,6472
E14000572,E12000002,Blackpool North and Cleveleys,,North West,England,Borough,Liberal Democrat,LD,PP90,17,,Sue,Close,Female,No,No,,747,0.018216,-0.005849,5429
E14000572,E12000002,Blackpool North and Cleveleys,,North West,England,Borough,UK Independence Party,UKIP,PP85,35,,Paul,White,Male,No,No,,1392,0.033945,-0.113873,6868
E14000572,E12000002,Blackpool North and Cleveleys,,North West,England,Borough,Labour,Lab,PP53,15,,Chris,Webb,Male,No,No,5025,18232,0.444607,0.084949,34332
E14000572,E12000002,Blackpool North and Cleveleys,,North West,England,Borough,Conservative,Con,PP52,4,,Paul,Maynard,Male,Yes,Yes,3926,20255,0.493940,0.049496,1176
E14000573,E12000002,Blackpool South,,North West,England,Borough,Green Party,Green,PP63,44,,John,Warnock,Male,No,No,,341,0.009756,-0.016172,5204
E14000573,E12000002,Blackpool South,,North West,England,Borough,Liberal Democrat,LD,PP90,17,,Bill,Greene,Male,No,No,,634,0.018139,-0.004768,3976
E14000573,E12000002,Blackpool South,,North West,England,Borough,UK Independence Party,UKIP,PP85,35,,Noel,Matthews,Male,No,No,,1339,0.038309,-0.134740,5397
E14000573,E12000002,Blackpool South,,North West,England,Borough,Conservative,Con,PP52,4,,Peter,Anthony,Male,No,No,,15058,0.430807,0.092818,4162
E14000573,E12000002,Blackpool South,,North West,England,Borough,Labour,Lab,PP53,15,,Gordon,Marsden,Male,Yes,Yes,465,17581,0.502990,0.085306,1184
W07000072,W92000004,Blaenau Gwent,,Wales,Wales,County,Liberal Democrat,LD,PP90,17,,Cameron,Sullivan,Male,No,No,,295,0.009109,-0.010459,32204
W07000072,W92000004,Blaenau Gwent,,Wales,Wales,County,Independent,Ind,,8,,Vicki,Browning,Female,No,No,,666,0.020566,,34983
W07000072,W92000004,Blaenau Gwent,,Wales,Wales,County,UK Independence Party,UKIP,PP85,35,,Dennis,May,Male,No,No,,973,0.030046,-0.149136,34046
W07000072,W92000004,Blaenau Gwent,,Wales,Wales,County,Conservative,Con,PP52,4,,Tracey,West,Female,No,No,,4783,0.147696,0.039784,6357
W07000072,W92000004,Blaenau Gwent,,Wales,Wales,County,Plaid Cymru,PC,PP77,22,,Nigel,Copner,Male,No,No,,6880,0.212451,0.122529,8055
W07000072,W92000004,Blaenau Gwent,,Wales,Wales,County,Labour,Lab,PP53,15,,Nick,Smith,Male,Yes,Yes,3928,18787,0.580132,0.000010,3908
E14000574,E12000001,Blaydon,,North East,England,Borough,Space Navies Party,SNav,PP549,266,,Lisabela,Marschild,Female,No,No,,81,0.001685,,34907
E14000574,E12000001,Blaydon,,North East,England,Borough,Libertarian Party,LPUK,PP684,1003,,Michael,Marchetti,Male,No,No,,114,0.002371,,34906
E14000574,E12000001,Blaydon,,North East,England,Borough,Green Party,Green,PP63,44,,Paul,McNally,Male,No,No,,583,0.012125,-0.024550,5443
E14000574,E12000001,Blaydon,,North East,England,Borough,UK Independence Party,UKIP,PP85,35,,Ray,Tolley,Male,No,No,,2459,0.051140,-0.123843,16462
E14000574,E12000001,Blaydon,,North East,England,Borough,Liberal Democrat,LD,PP90,17,,Jonathan,Wallace,Male,No,No,,4366,0.090799,-0.031530,4602
E14000574,E12000001,Blaydon,,North East,England,Borough,Conservative,Con,PP52,4,,Thomas,Smith,Male,No,No,,13502,0.280800,0.106374,6430
E14000574,E12000001,Blaydon,,North East,England,Borough,Labour,Lab,PP53,15,,Liz,Twist,Female,No,No,4618,26979,0.561081,0.069493,16435
E14000575,E12000001,Blyth Valley,,North East,England,Borough,Green Party,Green,PP63,44,,Dawn,Furness,Female,No,No,,918,0.021605,-0.016173,5693
E14000575,E12000001,Blyth Valley,,North East,England,Borough,Liberal Democrat,LD,PP90,17,,Jeff,Reid,Male,No,No,,1947,0.045823,-0.013068,4566
E14000575,E12000001,Blyth Valley,,North East,England,Borough,Conservative,Con,PP52,4,,Ian,Levy,Male,No,No,4749,15855,0.373147,0.156148,26992
E14000575,E12000001,Blyth Valley,,North East,England,Borough,Labour,Lab,PP53,15,,Ronnie,Campbell,Male,Yes,Yes,514,23770,0.559426,0.096281,1185
E14000576,E12000008,Bognor Regis and Littlehampton,,South East,England,County,Green Party,Green,PP63,44,,Andrew,Bishop,Male,No,No,,993,0.019337,-0.021880,34535
E14000576,E12000008,Bognor Regis and Littlehampton,,South East,England,County,UK Independence Party,UKIP,PP85,35,,Patrick,Lowe,Male,No,No,,1861,0.036240,-0.181117,7542
E14000576,E12000008,Bognor Regis and Littlehampton,,South East,England,County,Independent,Ind,,8,,Paul,Sanderson,Male,No,No,,2088,0.040661,,34500
E14000576,E12000008,Bognor Regis and Littlehampton,,South East,England,County,Liberal Democrat,LD,PP90,17,,Francis,Oppler,Male,No,No,,3352,0.065275,-0.024716,4482
E14000576,E12000008,Bognor Regis and Littlehampton,,South East,England,County,Labour,Lab,PP53,15,,Alan,Butcher,Male,No,No,,12782,0.248909,0.110782,4271
E14000576,E12000008,Bognor Regis and Littlehampton,,South East,England,County,Conservative,Con,PP52,4,,Nick,Gibb,Male,Yes,Yes,111,30276,0.589578,0.076270,918
E14000577,E12000004,Bolsover,,East Midlands,England,County,Liberal Democrat,LD,PP90,17,,Ross,Shipman,Male,No,No,,1372,0.029493,-0.003781,30833
E14000577,E12000004,Bolsover,,East Midlands,England,County,UK Independence Party,UKIP,PP85,35,,Philip,Rose,Male,No,No,,2129,0.045766,-0.163971,5962
E14000577,E12000004,Bolsover,,East Midlands,England,County,Conservative,Con,PP52,4,,Helen,Harrison,Female,No,No,,18865,0.405533,0.160886,6107
E14000577,E12000004,Bolsover,,East Midlands,England,County,Labour,Lab,PP53,15,,Dennis,Skinner,Male,Yes,Yes,325,24153,0.519207,0.006866,2467
E14000578,E12000002,Bolton North East,,North West,England,Borough,Green Party,Green,PP63,44,,Liz,Spencer,Female,No,No,,357,0.007901,-0.017654,34432
E14000578,E12000002,Bolton North East,,North West,England,Borough,Liberal Democrat,LD,PP90,17,,Warren,Fox,Male,No,No,,1316,0.029126,0.000489,11310
E14000578,E12000002,Bolton North East,,North West,England,Borough,UK Independence Party,UKIP,PP85,35,,Harry,Lamb,Male,No,No,,1567,0.034681,-0.153382,5320
E14000578,E12000002,Bolton North East,,North West,England,Borough,Conservative,Con,PP52,4,,James,Daly,Male,No,No,4854,19073,0.422128,0.093961,4163
E14000578,E12000002,Bolton North East,,North West,England,Borough,Labour,Lab,PP53,15,,David,Crausby,Male,Yes,Yes,437,22870,0.506164,0.076586,919
E14000579,E12000002,Bolton South East,,North West,England,Borough,Green Party,Green,PP63,44,,Alan,Johnson,Male,No,No,,537,0.012688,-0.016765,5608
E14000579,E12000002,Bolton South East,,North West,England,Borough,Liberal Democrat,LD,PP90,17,,Frank,Harasiwka,Male,No,No,,781,0.018453,-0.007858,237
E14000579,E12000002,Bolton South East,,North West,England,Borough,UK Independence Party,UKIP,PP85,35,,Jeff,Armstrong,Male,No,No,,2779,0.065662,-0.170624,6631
E14000579,E12000002,Bolton South East,,North West,England,Borough,Conservative,Con,PP52,4,,Sarah,Pochin,Female,No,No,5403,12550,0.296529,0.093083,34543
E14000579,E12000002,Bolton South East,,North West,England,Borough,Labour,Lab,PP53,15,,Yasmin,Qureshi,Female,Yes,Yes,3924,25676,0.606668,0.102164,662
E14000580,E12000002,Bolton West,,North West,England,County,Liberal Democrat,LD,PP90,17,,Rebecca,Forrest,Female,No,No,,1485,0.029087,-0.010981,34653
E14000580,E12000002,Bolton West,,North West,England,County,UK Independence Party,UKIP,PP85,35,,Martin,Tighe,Male,No,No,,1587,0.031085,-0.121780,11720
E14000580,E12000002,Bolton West,,North West,England,County,Labour,Lab,PP53,15,,Julie,Hilling,Female,No,Yes,3925,23523,0.460747,0.070910,663
E14000580,E12000002,Bolton West,,North West,England,County,Conservative,Con,PP52,4,,Chris,Green,Male,Yes,Yes,4398,24459,0.479081,0.072759,4018
E14000581,E12000002,Bootle,,North West,England,Borough,Socialist Labour Party,SL,PP73,147,,Kim,Bryan,Female,No,No,,424,0.008431,,16268
E14000581,E12000002,Bootle,,North West,England,Borough,Green Party,Green,PP63,44,,Alison,Gibbon,Female,No,No,,709,0.014099,-0.019144,16186
E14000581,E12000002,Bootle,,North West,England,Borough,Liberal Democrat,LD,PP90,17,,David,Newman,Male,No,No,,837,0.016644,-0.005016,2242
E14000581,E12000002,Bootle,,North West,England,Borough,Conservative,Con,PP52,4,,Charles,Fifield,Male,No,No,,6059,0.120486,0.039892,34579
E14000581,E12000002,Bootle,,North West,England,Borough,Labour,Lab,PP53,15,,Peter,Dowd,Male,Yes,Yes,4397,42259,0.840340,0.095766,5191
E14000582,E12000004,Boston and Skegness,,East Midlands,England,County,Blue Revolution,BR,PP6342,267,,Mike,Gilbert,Male,No,No,,283,0.006600,,34770
E14000582,E12000004,Boston and Skegness,,East Midlands,England,County,Green Party,Green,PP63,44,,Victoria,Percival,Female,No,No,,547,0.012757,-0.005702,6108
E14000582,E12000004,Boston and Skegness,,East Midlands,England,County,Liberal Democrat,LD,PP90,17,,Philip,Smith,Male,No,No,,771,0.017981,-0.005439,5561
E14000582,E12000004,Boston and Skegness,,East Midlands,England,County,UK Independence Party,UKIP,PP85,35,,Paul,Nuttall,Male,No,No,,3308,0.077147,-0.260770,6035
E14000582,E12000004,Boston and Skegness,,East Midlands,England,County,Labour,Lab,PP53,15,,Paul,Kenny,Male,No,No,,10699,0.249516,0.084722,391
E14000582,E12000004,Boston and Skegness,,East Midlands,England,County,Conservative,Con,PP52,4,,Matt,Warman,Male,Yes,Yes,4361,27271,0.635999,0.198033,5455
E14000583,E12000004,Bosworth,,East Midlands,England,County,Green Party,Green,PP63,44,,Mick,Gregg,Male,No,No,,1047,0.018641,,35142
E14000583,E12000004,Bosworth,,East Midlands,England,County,Liberal Democrat,LD,PP90,17,,Michael,Mullaney,Male,No,No,,9744,0.173480,-0.049562,388
E14000583,E12000004,Bosworth,,East Midlands,England,County,Labour,Lab,PP53,15,,Chris,Kealey,Male,No,No,,13513,0.240582,0.066008,4773
E14000583,E12000004,Bosworth,,East Midlands,England,County,Conservative,Con,PP52,4,,David,Tredinnick,Male,Yes,Yes,335,31864,0.567298,0.139188,385
E14000584,E12000009,Bournemouth East,,South West,England,Borough,Independent,Ind,,8,,Kieron,Wilson,Male,No,No,,304,0.006253,,34580
E14000584,E12000009,Bournemouth East,,South West,England,Borough,Green Party,Green,PP63,44,,Alasdair,Keddie,Male,No,No,,1236,0.025423,-0.047368,6204
E14000584,E12000009,Bournemouth East,,South West,England,Borough,UK Independence Party,UKIP,PP85,35,,David,Hughes,Male,No,No,,1405,0.028899,-0.136203,2432
E14000584,E12000009,Bournemouth East,,South West,England,Borough,Liberal Democrat,LD,PP90,17,,Jon,Nicholas,Male,No,No,,3168,0.065161,-0.018539,5399
E14000584,E12000009,Bournemouth East,,South West,England,Borough,Labour,Lab,PP53,15,,Mel,Semple,Female,No,No,,17284,0.355506,0.189356,34938
E14000584,E12000009,Bournemouth East,,South West,England,Borough,Conservative,Con,PP52,4,,Tobias,Ellwood,Male,Yes,Yes,1487,25221,0.518758,0.026644,384
E14000585,E12000009,Bournemouth West,,South West,England,Borough,Pirate Party UK,Prte,PP770,132,,Jason,Halsey,Male,No,No,,418,0.009392,,34288
E14000585,E12000009,Bournemouth West,,South West,England,Borough,Green Party,Green,PP63,44,,Simon,Bull,Male,No,No,,1247,0.028018,-0.046360,34940
E14000585,E12000009,Bournemouth West,,South West,England,Borough,Liberal Democrat,LD,PP90,17,,Phil,Dunn,Male,No,No,,2929,0.065810,-0.012734,34098
E14000585,E12000009,Bournemouth West,,South West,England,Borough,Labour,Lab,PP53,15,,David,Stokes,Male,No,No,,16101,0.361763,0.184951,382
E14000585,E12000009,Bournemouth West,,South West,England,Borough,Conservative,Con,PP52,4,,Conor,Burns,Male,Yes,Yes,3922,23812,0.535017,0.052528,2433
E14000586,E12000008,Bracknell,,South East,England,County,Independent,Ind,,8,,Olivio,Barreto,Male,No,No,,437,0.007819,,34943
E14000586,E12000008,Bracknell,,South East,England,County,UK Independence Party,UKIP,PP85,35,,Leonard,Amos,Male,No,No,,1521,0.027213,-0.129872,5788
E14000586,E12000008,Bracknell,,South East,England,County,Liberal Democrat,LD,PP90,17,,Patrick,Smith,Male,No,No,,4186,0.074894,-0.000135,5915
E14000586,E12000008,Bracknell,,South East,England,County,Labour,Lab,PP53,15,,Paul,Bidwell,Male,No,No,,16866,0.301761,0.133053,34464
E14000586,E12000008,Bracknell,,South East,England,County,Conservative,Con,PP52,4,,Phillip,Lee,Male,Yes,Yes,3921,32882,0.588313,0.030614,2876
E14000587,E12000003,Bradford East,,Yorkshire and The Humber,England,Borough,Green Party,Green,PP63,44,,Andy,Stanford,Male,No,No,,289,0.006335,-0.014701,34714
E14000587,E12000003,Bradford East,,Yorkshire and The Humber,England,Borough,Better for Bradford,BFB,PP4230,272,,Paul,Parkins,Male,No,No,,420,0.009206,,34713
E14000587,E12000003,Bradford East,,Yorkshire and The Humber,England,Borough,Liberal Democrat,LD,PP90,17,,Mark,Jewell,Male,No,No,,843,0.018478,-0.276842,5634
E14000587,E12000003,Bradford East,,Yorkshire and The Humber,England,Borough,UK Independence Party,UKIP,PP85,35,,Jonathan,Barras,Male,No,No,,1372,0.030073,-0.069019,8179
E14000587,E12000003,Bradford East,,Yorkshire and The Humber,England,Borough,Independent,Ind,,8,,David,Ward,Male,No,Yes,3923,3576,0.078383,,2061
E14000587,E12000003,Bradford East,,Yorkshire and The Humber,England,Borough,Conservative,Con,PP52,4,,Mark,Trafford,Male,No,No,,9291,0.203652,0.090576,34715
E14000587,E12000003,Bradford East,,Yorkshire and The Humber,England,Borough,Labour,Lab,PP53,15,,Imran,Hussain,Male,Yes,Yes,4394,29831,0.653873,0.187467,4825
E14000588,E12000003,Bradford South,,Yorkshire and The Humber,England,Borough,Green Party,Green,PP63,44,,Darren,Parkinson,Male,No,No,,370,0.009014,-0.024045,13665
E14000588,E12000003,Bradford South,,Yorkshire and The Humber,England,Borough,English Democrats,ED,PP17,90,,Therese,Hirst,Female,No,No,,377,0.009184,,7009
E14000588,E12000003,Bradford South,,Yorkshire and The Humber,England,Borough,Liberal Democrat,LD,PP90,17,,Stuart,Thomas,Male,No,No,,516,0.012570,-0.016525,15034
E14000588,E12000003,Bradford South,,Yorkshire and The Humber,England,Borough,UK Independence Party,UKIP,PP85,35,,Stephen,Place,Male,No,No,,1758,0.042827,-0.198051,30552
E14000588,E12000003,Bradford South,,Yorkshire and The Humber,England,Borough,Conservative,Con,PP52,4,,Tanya,Graham,Female,No,No,,15664,0.381593,0.118880,5301
E14000588,E12000003,Bradford South,,Yorkshire and The Humber,England,Borough,Labour,Lab,PP53,15,,Judith,Cummins,Female,Yes,Yes,4391,22364,0.544812,0.110557,5600
E14000589,E12000003,Bradford West,,Yorkshire and The Humber,England,Borough,Independent,Ind,,8,,Muhammad,Hijazi,Male,No,No,,54,0.001186,,34716
E14000589,E12000003,Bradford West,,Yorkshire and The Humber,England,Borough,Independent,Ind,,8,,Khadim,Hussain,Male,No,No,,65,0.001428,,13535
E14000589,E12000003,Bradford West,,Yorkshire and The Humber,England,Borough,Green Party,Green,PP63,44,,Celia,Hickson,Female,No,No,,481,0.010565,-0.016365,5112
E14000589,E12000003,Bradford West,,Yorkshire and The Humber,England,Borough,Liberal Democrat,LD,PP90,17,,Alun,Griffiths,Male,No,No,,712,0.015639,-0.013475,6017
E14000589,E12000003,Bradford West,,Yorkshire and The Humber,England,Borough,UK Independence Party,UKIP,PP85,35,,Derrick,Hodgson,Male,No,No,,885,0.019439,-0.058496,8351
E14000589,E12000003,Bradford West,,Yorkshire and The Humber,England,Borough,Independent,Ind,,8,,Salma,Yaqoob,Female,No,No,,6345,0.139365,,3016
E14000589,E12000003,Bradford West,,Yorkshire and The Humber,England,Borough,Conservative,Con,PP52,4,,George,Grant,Male,No,No,,7542,0.165656,0.012765,4165
E14000589,E12000003,Bradford West,,Yorkshire and The Humber,England,Borough,Labour,Lab,PP53,15,,Naz,Shah,Female,Yes,Yes,4409,29444,0.646723,0.150893,6528
E14000590,E12000006,Braintree,,East of England,England,County,Green Party,Green,PP63,44,,Thomas,Pashby,Male,No,No,,916,0.017506,-0.013598,15708
E14000590,E12000006,Braintree,,East of England,England,County,UK Independence Party,UKIP,PP85,35,,Richard,Bingley,Male,No,No,,1835,0.035069,-0.153086,5845
E14000590,E12000006,Braintree,,East of England,England,County,Liberal Democrat,LD,PP90,17,,Peter,Turner,Male,No,No,,2251,0.043019,-0.006461,30077
E14000590,E12000006,Braintree,,East of England,England,County,Labour,Lab,PP53,15,,Malcolm,Fincken,Male,No,No,,14451,0.276172,0.091299,4273
E14000590,E12000006,Braintree,,East of England,England,County,Conservative,Con,PP52,4,,James,Cleverly,Male,Yes,Yes,4366,32873,0.628235,0.089862,5464
W07000068,W92000004,Brecon and Radnorshire,,Wales,Wales,County,UK Independence Party,UKIP,PP85,35,,Peter,Gilbert,Male,No,No,,576,0.013935,-0.069361,35019
W07000068,W92000004,Brecon and Radnorshire,,Wales,Wales,County,Plaid Cymru,PC,PP77,22,,Kate,Heneghan,Female,No,No,,1299,0.031427,-0.012667,34191
W07000068,W92000004,Brecon and Radnorshire,,Wales,Wales,County,Labour,Lab,PP53,15,,Dan,Lodge,Male,No,No,,7335,0.177457,0.030129,9314
W07000068,W92000004,Brecon and Radnorshire,,Wales,Wales,County,Liberal Democrat,LD,PP90,17,,James,Gibson-Watt,Male,No,No,,12043,0.291358,0.008107,24816
W07000068,W92000004,Brecon and Radnorshire,,Wales,Wales,County,Conservative,Con,PP52,4,,Chris,Davies,Male,Yes,Yes,4376,20081,0.485823,0.075257,4166
E14000591,E12000007,Brent Central,,London,England,Borough,UK Independence Party,UKIP,PP85,35,,Janice,North,Female,No,No,,556,0.010632,-0.028703,19452
E14000591,E12000007,Brent Central,,London,England,Borough,Green Party,Green,PP63,44,,Shaka,Lish,Female,No,No,,802,0.015336,-0.025317,34334
E14000591,E12000007,Brent Central,,London,England,Borough,Liberal Democrat,LD,PP90,17,,Anton,Georgiou,Male,No,No,,2519,0.048168,-0.035541,7825
E14000591,E12000007,Brent Central,,London,England,Borough,Conservative,Con,PP52,4,,Rahoul,Bhansali,Male,No,No,,10211,0.195254,-0.008161,2599
E14000591,E12000007,Brent Central,,London,England,Borough,Labour,Lab,PP53,15,,Dawn,Butler,Female,Yes,Yes,1489,38208,0.730610,0.109416,1474
E14000592,E12000007,Brent North,,London,England,Borough,Independent,Ind,,8,,Elcena,Jeffers,Female,No,No,,239,0.004234,,7320
E14000592,E12000007,Brent North,,London,England,Borough,Green Party,Green,PP63,44,,Michaela,Lichten,Female,No,No,,660,0.011693,-0.017770,34336
E14000592,E12000007,Brent North,,London,England,Borough,Liberal Democrat,LD,PP90,17,,Paul,Lorber,Male,No,No,,1614,0.028595,-0.021314,6276
E14000592,E12000007,Brent North,,London,England,Borough,Conservative,Con,PP52,4,,Ameet,Jogia,Male,No,No,,18435,0.326607,-0.008743,34528
E14000592,E12000007,Brent North,,London,England,Borough,Labour,Lab,PP53,15,,Barry,Gardiner,Male,Yes,Yes,146,35496,0.628871,0.086112,2456
E14000593,E12000007,Brentford and Isleworth,,London,England,Borough,Liberal Democrat,LD,PP90,17,,Joe,Bourke,Male,No,No,,3083,0.050025,0.009837,1588
E14000593,E12000007,Brentford and Isleworth,,London,England,Borough,Conservative,Con,PP52,4,,Mary,Macleod,Female,No,Yes,3927,23182,0.376154,-0.053294,2550
E14000593,E12000007,Brentford and Isleworth,,London,England,Borough,Labour,Lab,PP53,15,,Ruth,Cadbury,Female,Yes,Yes,4389,35364,0.573821,0.136265,4275
E14000594,E12000006,Brentwood and Ongar,,East of England,England,County,Independent,Ind,,8,,Louca,Kousoulou,Male,No,No,,104,0.001966,,34865
E14000594,E12000006,Brentwood and Ongar,,East of England,England,County,Green Party,Green,PP63,44,,Paul,Jeater,Male,No,No,,915,0.017294,-0.009625,4658
E14000594,E12000006,Brentwood and Ongar,,East of England,England,County,UK Independence Party,UKIP,PP85,35,,Michael,McGough,Male,No,No,,1845,0.034871,-0.133232,1109
E14000594,E12000006,Brentwood and Ongar,,East of England,England,County,Liberal Democrat,LD,PP90,17,,Karen,Chilvers,Female,No,No,,4426,0.083651,-0.004542,3943
E14000594,E12000006,Brentwood and Ongar,,East of England,England,County,Labour,Lab,PP53,15,,Gareth,Barrett,Male,No,No,,10809,0.204290,0.079196,4689
E14000594,E12000006,Brentwood and Ongar,,East of England,England,County,Conservative,Con,PP52,4,,Alex,Burghart,Male,No,No,4613,34811,0.657929,0.069571,6447
W07000073,W92000004,Bridgend,,Wales,Wales,County,Independent,Ind,,8,,Isabel,Robson,Female,No,No,,646,0.014935,,34644
W07000073,W92000004,Bridgend,,Wales,Wales,County,UK Independence Party,UKIP,PP85,35,,Alun,Williams,Male,No,No,,781,0.018056,-0.131768,34728
W07000073,W92000004,Bridgend,,Wales,Wales,County,Liberal Democrat,LD,PP90,17,,Jonathan,Pratt,Male,No,No,,919,0.021246,-0.020525,8061
W07000073,W92000004,Bridgend,,Wales,Wales,County,Plaid Cymru,PC,PP77,22,,Rhys,Watkins,Male,No,No,,1783,0.041221,-0.029344,24200
W07000073,W92000004,Bridgend,,Wales,Wales,County,Conservative,Con,PP52,4,,Karen,Robson,Female,No,No,,17213,0.397942,0.076116,2957
W07000073,W92000004,Bridgend,,Wales,Wales,County,Labour,Lab,PP53,15,,Madeleine,Moon,Female,Yes,Yes,1490,21913,0.506600,0.135931,2455
E14000595,E12000009,Bridgwater and West Somerset,,South West,England,County,Green Party,Green,PP63,44,,Kay,Powell,Female,No,No,,1059,0.018175,-0.030239,11421
E14000595,E12000009,Bridgwater and West Somerset,,South West,England,County,UK Independence Party,UKIP,PP85,35,,Simon,Smedley,Male,No,No,,2102,0.036075,-0.155616,5826
E14000595,E12000009,Bridgwater and West Somerset,,South West,England,County,Liberal Democrat,LD,PP90,17,,Marcus,Kravis,Male,No,No,,6332,0.108672,-0.015577,4664
E14000595,E12000009,Bridgwater and West Somerset,,South West,England,County,Labour,Lab,PP53,15,,Wes,Hinckes,Male,No,No,,16663,0.285977,0.109860,34591
E14000595,E12000009,Bridgwater and West Somerset,,South West,England,County,Conservative,Con,PP52,4,,Ian,Liddell-Grainger,Male,Yes,Yes,1396,32111,0.551101,0.091572,1759
E14000596,E12000003,Brigg and Goole,,Yorkshire and The Humber,England,County,Green Party,Green,PP63,44,,Isabel,Pires,Female,No,No,,550,0.012207,-0.008940,34850
E14000596,E12000003,Brigg and Goole,,Yorkshire and The Humber,England,County,Liberal Democrat,LD,PP90,17,,Jerry,Lonsdale,Male,No,No,,836,0.018554,0.000898,8270
E14000596,E12000003,Brigg and Goole,,Yorkshire and The Humber,England,County,UK Independence Party,UKIP,PP85,35,,David,Jeffreys,Male,No,No,,1596,0.035422,-0.119281,5479
E14000596,E12000003,Brigg and Goole,,Yorkshire and The Humber,England,County,Labour,Lab,PP53,15,,Terence,Smith,Male,No,No,,14856,0.329716,0.057703,34305
E14000596,E12000003,Brigg and Goole,,Yorkshire and The Humber,England,County,Conservative,Con,PP52,4,,Andrew,Percy,Male,Yes,Yes,3939,27219,0.604101,0.073803,1757
E14000597,E12000008,"Brighton, Kemptown",,South East,England,Borough,Independent,Ind,,8,,Doktor,Haze,Male,No,No,,212,0.004308,,34684
E14000597,E12000008,"Brighton, Kemptown",,South East,England,Borough,Liberal Democrat,LD,PP90,17,,Emily,Tester,Female,No,No,,1457,0.029610,-0.000519,34202
E14000597,E12000008,"Brighton, Kemptown",,South East,England,Borough,Conservative,Con,PP52,4,,Simon,Kirby,Male,Yes,Yes,3929,18835,0.382771,-0.023974,900
E14000597,E12000008,"Brighton, Kemptown",,South East,England,Borough,Labour and Co-operative,Lab,PP53,15,PP119,Lloyd,Russell-Moyle,Male,No,No,4615,28703,0.583311,0.191796,4371
E14000598,E12000008,"Brighton, Pavilion",,South East,England,Borough,Independent,Ind,,8,,Nick,Yeomans,Male,No,No,,376,0.006518,,6923
E14000598,E12000008,"Brighton, Pavilion",,South East,England,Borough,UK Independence Party,UKIP,PP85,35,,Ian,Buchanan,Male,No,No,,630,0.010921,-0.038900,4552
E14000598,E12000008,"Brighton, Pavilion",,South East,England,Borough,Conservative,Con,PP52,4,,Emma,Warman,Female,No,No,,11082,0.192106,-0.035563,4857
E14000598,E12000008,"Brighton, Pavilion",,South East,England,Borough,Labour,Lab,PP53,15,,Solomon,Curtis,Male,No,No,,15450,0.267825,-0.004763,5104
E14000598,E12000008,"Brighton, Pavilion",,South East,England,Borough,Green Party,Green,PP63,44,,Caroline,Lucas,Female,Yes,Yes,3930,30149,0.522631,0.104330,571
E14000599,E12000009,Bristol East,,South West,England,Borough,Green Party,Green,PP63,44,,Lorraine,Francis,Female,No,No,,1110,0.021851,-0.060961,5702
E14000599,E12000009,Bristol East,,South West,England,Borough,Liberal Democrat,LD,PP90,17,,Chris,Lucas,Male,No,No,,1389,0.027343,-0.030844,2699
E14000599,E12000009,Bristol East,,South West,England,Borough,Conservative,Con,PP52,4,,Theo,Clarke,Female,No,No,4819,17453,0.343570,0.036989,4168
E14000599,E12000009,Bristol East,,South West,England,Borough,Labour,Lab,PP53,15,,Kerry,McCarthy,Female,Yes,Yes,1491,30847,0.607236,0.214533,893
E14000600,E12000009,Bristol North West,,South West,England,Borough,Green Party,Green,PP63,44,,Sharmila,Bousa,Female,No,No,,1243,0.022978,-0.034005,34444
E14000600,E12000009,Bristol North West,,South West,England,Borough,Liberal Democrat,LD,PP90,17,,Celia,Downie,Female,No,No,,2814,0.052019,-0.010022,34150
E14000600,E12000009,Bristol North West,,South West,England,Borough,Conservative,Con,PP52,4,,Charlotte,Leslie,Female,Yes,Yes,3933,22639,0.418497,-0.020978,1152
E14000600,E12000009,Bristol North West,,South West,England,Borough,Labour,Lab,PP53,15,,Darren,Jones,Male,No,No,4621,27400,0.506507,0.162467,553
E14000601,E12000009,Bristol South,,South West,England,Borough,Independent,Ind,,8,,John,Langley,Male,No,No,,116,0.002133,,7717
E14000601,E12000009,Bristol South,,South West,England,Borough,Green Party,Green,PP63,44,,Tony,Dyer,Male,No,No,,1428,0.026259,-0.089020,5408
E14000601,E12000009,Bristol South,,South West,England,Borough,UK Independence Party,UKIP,PP85,35,,Ian,Kealey,Male,No,No,,1672,0.030745,-0.134099,4934
E14000601,E12000009,Bristol South,,South West,England,Borough,Liberal Democrat,LD,PP90,17,,Benjamin,Nutland,Male,No,No,,1821,0.033485,-0.053372,34496
E14000601,E12000009,Bristol South,,South West,England,Borough,Conservative,Con,PP52,4,,Mark,Weston,Male,No,No,,16679,0.306701,0.063260,7479
E14000601,E12000009,Bristol South,,South West,England,Borough,Labour,Lab,PP53,15,,Karin,Smyth,Female,Yes,Yes,4444,32666,0.600677,0.217037,4280
E14000602,E12000009,Bristol West,,South West,England,Borough,Money Free Party,MFP,PP6387,269,,Jodian,Rodgers,Male,No,No,,101,0.001410,,34922
E14000602,E12000009,Bristol West,,South West,England,Borough,Liberal Democrat,LD,PP90,17,,Stephen,Williams,Male,No,Yes,1492,5201,0.072632,-0.115836,1491
E14000602,E12000009,Bristol West,,South West,England,Borough,Green Party,Green,PP63,44,,Molly,Scott Cato,Female,No,No,,9216,0.128701,-0.139557,34111
E14000602,E12000009,Bristol West,,South West,England,Borough,Conservative,Con,PP52,4,,Annabel,Tall,Female,No,No,,9877,0.137932,-0.013926,34519
E14000602,E12000009,Bristol West,,South West,England,Borough,Labour,Lab,PP53,15,,Thangam,Debbonaire,Female,Yes,Yes,4433,47213,0.659326,0.302728,4281
E14000603,E12000006,Broadland,,East of England,England,County,Green Party,Green,PP63,44,,Andrew,Boswell,Male,No,No,,932,0.016651,-0.025768,6350
E14000603,E12000006,Broadland,,East of England,England,County,UK Independence Party,UKIP,PP85,35,,David,Moreland,Male,No,No,,1594,0.028479,-0.138806,24098
E14000603,E12000006,Broadland,,East of England,England,County,Liberal Democrat,LD,PP90,17,,Steve,Riley,Male,No,No,,4449,0.079488,-0.018047,5458
E14000603,E12000006,Broadland,,East of England,England,County,Labour,Lab,PP53,15,,Iain,Simpson,Male,No,No,,16590,0.296403,0.108606,34362
E14000603,E12000006,Broadland,,East of England,England,County,Conservative,Con,PP52,4,,Keith,Simpson,Male,Yes,Yes,126,32406,0.578978,0.074015,1807
E14000604,E12000007,Bromley and Chislehurst,,London,England,Borough,Green Party,Green,PP63,44,,Roisin,Robertson,Female,No,No,,1150,0.024645,-0.016724,1362
E14000604,E12000007,Bromley and Chislehurst,,London,England,Borough,UK Independence Party,UKIP,PP85,35,,Emmett,Jenner,Male,No,No,,1383,0.029639,-0.112988,703
E14000604,E12000007,Bromley and Chislehurst,,London,England,Borough,Liberal Democrat,LD,PP90,17,,Sam,Webber,Male,No,No,,3369,0.072200,0.007842,1164
E14000604,E12000007,Bromley and Chislehurst,,London,England,Borough,Labour,Lab,PP53,15,,Sara,Hyde,Female,No,No,,15585,0.333998,0.112081,7939
E14000604,E12000007,Bromley and Chislehurst,,London,England,Borough,Conservative,Con,PP52,4,,Robert,Neill,Male,Yes,Yes,1601,25175,0.539518,0.009790,1023
E14000605,E12000005,Bromsgrove,,West Midlands,England,County,Green Party,Green,PP63,44,,Giovanni,Esposito,Male,No,No,,1139,0.021077,-0.012017,6692
E14000605,E12000005,Bromsgrove,,West Midlands,England,County,Liberal Democrat,LD,PP90,17,,Christopher,Lewis,Male,No,No,,2488,0.046040,-0.004032,7515
E14000605,E12000005,Bromsgrove,,West Midlands,England,County,Labour,Lab,PP53,15,,Michael,Thompson,Male,No,No,,16920,0.313101,0.090994,34946
E14000605,E12000005,Bromsgrove,,West Midlands,England,County,Conservative,Con,PP52,4,,Sajid,Javid,Male,Yes,Yes,3945,33493,0.619782,0.081299,349
E14000606,E12000006,Broxbourne,,East of England,England,Borough,Green Party,Green,PP63,44,,Tabitha,Evans,Female,No,No,,848,0.017858,-0.008563,25898
E14000606,E12000006,Broxbourne,,East of England,England,Borough,Liberal Democrat,LD,PP90,17,,Andy,Graham,Male,No,No,,1481,0.031189,-0.000686,5940
E14000606,E12000006,Broxbourne,,East of England,England,Borough,UK Independence Party,UKIP,PP85,35,,Tony,Faulkner,Male,No,No,,1918,0.040392,-0.156766,14241
E14000606,E12000006,Broxbourne,,East of England,England,Borough,Labour,Lab,PP53,15,,Selina,Norgrove,Female,No,No,,13723,0.288997,0.104962,14249
E14000606,E12000006,Broxbourne,,East of England,England,Borough,Conservative,Con,PP52,4,,Charles,Walker,Male,Yes,Yes,1493,29515,0.621565,0.061053,3600
E14000607,E12000004,Broxtowe,,East Midlands,England,County,Green Party,Green,PP63,44,,Pat,Morton,Female,No,No,,681,0.012269,-0.016624,25815
E14000607,E12000004,Broxtowe,,East Midlands,England,County,UK Independence Party,UKIP,PP85,35,,Fran,Loi,Male,No,No,,1477,0.026609,-0.079566,4671
E14000607,E12000004,Broxtowe,,East Midlands,England,County,Liberal Democrat,LD,PP90,17,,Tim,Hallam,Male,No,No,,2247,0.040481,0.000810,11950
E14000607,E12000004,Broxtowe,,East Midlands,England,County,Labour,Lab,PP53,15,,Greg,Marshall,Male,No,No,,25120,0.452547,0.080616,34296
E14000607,E12000004,Broxtowe,,East Midlands,England,County,Conservative,Con,PP52,4,,Anna,Soubry,Female,Yes,Yes,3938,25983,0.468095,0.015943,4072
E14000608,E12000008,Buckingham,,South East,England,County,UK Independence Party,UKIP,PP85,35,,Brian,Mapletoft,Male,No,No,,4168,0.079121,-0.138323,4944
E14000608,E12000008,Buckingham,,South East,England,County,Independent,Ind,,8,,Scott,Raven,Male,No,No,,5638,0.107026,,34641
E14000608,E12000008,Buckingham,,South East,England,County,Green Party,Green,PP63,44,,Michael,Sheppard,Male,No,No,,8574,0.162759,0.024936,34822
E14000608,E12000008,Buckingham,,South East,England,County,Speaker,Spk,,47,,John,Bercow,Male,Yes,Yes,17,34299,0.651094,0.006361,357
E14000609,E12000002,Burnley,,North West,England,Borough,Green Party,Green,PP63,44,,Laura,Fisk,Female,No,No,,461,0.011442,-0.009944,7081
E14000609,E12000002,Burnley,,North West,England,Borough,UK Independence Party,UKIP,PP85,35,,Tom,Commis,Male,No,No,,2472,0.061355,-0.111341,5527
E14000609,E12000002,Burnley,,North West,England,Borough,Liberal Democrat,LD,PP90,17,,Gordon,Birtwistle,Male,No,Yes,3946,6046,0.150062,-0.144483,1534
E14000609,E12000002,Burnley,,North West,England,Borough,Conservative,Con,PP52,4,,Paul,White,Male,No,No,,12479,0.309729,0.174521,33547
E14000609,E12000002,Burnley,,North West,England,Borough,Labour,Lab,PP53,15,,Julie,Cooper,Female,Yes,Yes,4405,18832,0.467411,0.091248,627
E14000610,E12000005,Burton,,West Midlands,England,County,Green Party,Green,PP63,44,,Simon,Hales,Male,No,No,,824,0.016509,-0.008483,32538
E14000610,E12000005,Burton,,West Midlands,England,County,Liberal Democrat,LD,PP90,17,,Dominic,Hardwick,Male,No,No,,1262,0.025285,0.000129,14417
E14000610,E12000005,Burton,,West Midlands,England,County,Labour,Lab,PP53,15,,John,McKiernan,Male,No,No,,18889,0.378454,0.103124,19635
E14000610,E12000005,Burton,,West Midlands,England,County,Conservative,Con,PP52,4,,Andrew,Griffiths,Male,Yes,Yes,3936,28936,0.579752,0.082018,632
E14000611,E12000002,Bury North,,North West,England,Borough,Liberal Democrat,LD,PP90,17,,Richard,Baum,Male,No,No,,912,0.019038,-0.001567,631
E14000611,E12000002,Bury North,,North West,England,Borough,Conservative,Con,PP52,4,,David,Nuttall,Male,Yes,Yes,4140,21308,0.444816,0.025404,621
E14000611,E12000002,Bury North,,North West,England,Borough,Labour,Lab,PP53,15,,James,Frith,Male,No,No,4637,25683,0.536146,0.125091,4286
E14000612,E12000002,Bury South,,North West,England,Borough,Independent,Ind,,8,,Peter,Wright,Male,No,No,,244,0.004785,,35143
E14000612,E12000002,Bury South,,North West,England,Borough,Liberal Democrat,LD,PP90,17,,Andrew,Page,Male,No,No,,1065,0.020886,-0.014907,5461
E14000612,E12000002,Bury South,,North West,England,Borough,UK Independence Party,UKIP,PP85,35,,Ian,Henderson,Male,No,No,,1316,0.025809,-0.107602,6513
E14000612,E12000002,Bury South,,North West,England,Borough,Conservative,Con,PP52,4,,Robert,Largan,Male,No,No,4852,21200,0.415768,0.069480,34289
E14000612,E12000002,Bury South,,North West,England,Borough,Labour,Lab,PP53,15,,Ivan,Lewis,Male,Yes,Yes,441,27165,0.532752,0.082217,3904
E14000613,E12000006,Bury St Edmunds,,East of England,England,County,Independent,Ind,,8,,Liam,Byrne,Male,No,No,,852,0.013707,,34860
E14000613,E12000006,Bury St Edmunds,,East of England,England,County,Green Party,Green,PP63,44,,Helen,Geake,Female,No,No,,2596,0.041763,-0.037305,4647
E14000613,E12000006,Bury St Edmunds,,East of England,England,County,Liberal Democrat,LD,PP90,17,,Helen,Korfanty,Female,No,No,,3565,0.057352,-0.002994,7698
E14000613,E12000006,Bury St Edmunds,,East of England,England,County,Labour,Lab,PP53,15,,Bill,Edwards,Male,No,No,,18353,0.295254,0.118075,4287
E14000613,E12000006,Bury St Edmunds,,East of England,England,County,Conservative,Con,PP52,4,,Jo,Churchill,Female,Yes,Yes,4380,36794,0.591924,0.055785,4657
W07000076,W92000004,Caerphilly,,Wales,Wales,County,Green Party,Green,PP63,44,,Andrew,Creak,Non-binary,No,No,,447,0.010824,-0.012436,7465
W07000076,W92000004,Caerphilly,,Wales,Wales,County,Liberal Democrat,LD,PP90,17,,Kay,David,Female,No,No,,725,0.017556,-0.005655,2382
W07000076,W92000004,Caerphilly,,Wales,Wales,County,UK Independence Party,UKIP,PP85,35,,Liz,Wilks,Female,No,No,,1259,0.030486,-0.162920,7764
W07000076,W92000004,Caerphilly,,Wales,Wales,County,Plaid Cymru,PC,PP77,22,,Lindsay,Whittle,Male,No,No,,5962,0.144369,-0.001971,59
W07000076,W92000004,Caerphilly,,Wales,Wales,County,Conservative,Con,PP52,4,,Jane,Pratt,Female,No,No,,10413,0.252149,0.086248,13544
W07000076,W92000004,Caerphilly,,Wales,Wales,County,Labour,Lab,PP53,15,,Wayne,David,Male,Yes,Yes,1398,22491,0.544616,0.101153,3906
S14000009,S92000003,"Caithness, Sutherland and Easter Ross",,Scotland,Scotland,County,Labour,Lab,PP53,15,,Olivia,Bell,Female,No,No,,3833,0.124041,0.034502,34254
S14000009,S92000003,"Caithness, Sutherland and Easter Ross",,Scotland,Scotland,County,Conservative,Con,PP52,4,,Struan,Mackie,Male,No,No,,6990,0.226206,0.158167,8664
S14000009,S92000003,"Caithness, Sutherland and Easter Ross",,Scotland,Scotland,County,Scottish National Party,SNP,PP102,29,,Paul,Monaghan,Male,Yes,Yes,4383,9017,0.291803,-0.171281,5923
S14000009,S92000003,"Caithness, Sutherland and Easter Ross",,Scotland,Scotland,County,Liberal Democrat,LD,PP90,17,,Jamie,Stone,Male,No,No,4612,11061,0.357950,0.007309,8632
E14000614,E12000003,Calder Valley,,Yorkshire and The Humber,England,County,Green Party,Green,PP63,44,,Kieran,Turner,Male,No,No,,631,0.010869,-0.028166,34374
E14000614,E12000003,Calder Valley,,Yorkshire and The Humber,England,County,Independent,Ind,,8,,Robert,Holden,Male,No,No,,1034,0.017811,,35155
E14000614,E12000003,Calder Valley,,Yorkshire and The Humber,England,County,UK Independence Party,UKIP,PP85,35,,Paul,Rogan,Male,No,No,,1466,0.025252,-0.085877,759
E14000614,E12000003,Calder Valley,,Yorkshire and The Humber,England,County,Liberal Democrat,LD,PP90,17,,Janet,Battye,Female,No,No,,1952,0.033624,-0.016170,12909
E14000614,E12000003,Calder Valley,,Yorkshire and The Humber,England,County,Labour,Lab,PP53,15,,Josh,Fenton-Glynn,Male,No,No,5295,26181,0.450977,0.097472,4289
E14000614,E12000003,Calder Valley,,Yorkshire and The Humber,England,County,Conservative,Con,PP52,4,,Craig,Whittaker,Male,Yes,Yes,3940,26790,0.461467,0.025278,438
E14000615,E12000007,Camberwell and Peckham,,London,England,Borough,Workers Revolutionary Party,WRP,PP184,167,,Aminata,Sellu,Female,No,No,,131,0.002282,0.000207,34663
E14000615,E12000007,Camberwell and Peckham,,London,England,Borough,Christian Peoples Alliance,CPA,PP79,80,,Ray,Towey,Male,No,No,,227,0.003954,,7989
E14000615,E12000007,Camberwell and Peckham,,London,England,Borough,Green Party,Green,PP63,44,,Eleanor,Margolies,Female,No,No,,1627,0.028339,-0.072260,34226
E14000615,E12000007,Camberwell and Peckham,,London,England,Borough,Liberal Democrat,LD,PP90,17,,Michael,Bukola,Male,No,No,,3413,0.059448,0.009410,36110
E14000615,E12000007,Camberwell and Peckham,,London,England,Borough,Conservative,Con,PP52,4,,Ben,Spencer,Male,No,No,4785,7349,0.128005,-0.003684,34572
E14000615,E12000007,Camberwell and Peckham,,London,England,Borough,Labour,Lab,PP53,15,,Harriet,Harman,Female,Yes,Yes,150,44665,0.777973,0.145441,3885
E14000616,E12000009,Camborne and Redruth,,South West,England,County,Green Party,Green,PP63,44,,Geoff,Garbett,Male,No,No,,1052,0.021710,-0.035148,5410
E14000616,E12000009,Camborne and Redruth,,South West,England,County,Liberal Democrat,LD,PP90,17,,Geoff,Williams,Male,No,No,,2979,0.061478,-0.062508,4030
E14000616,E12000009,Camborne and Redruth,,South West,England,County,Labour,Lab,PP53,15,,Graham,Winter,Male,No,No,,21424,0.442133,0.192547,34592
E14000616,E12000009,Camborne and Redruth,,South West,England,County,Conservative,Con,PP52,4,,George,Eustice,Male,Yes,Yes,3934,23001,0.474678,0.072393,3888
E14000617,E12000006,Cambridge,,East of England,England,Borough,Rebooting Democracy,RBD,PP2674,195,,Keith,Garrett,Male,No,No,,133,0.002378,-0.001234,7335
E14000617,E12000006,Cambridge,,East of England,England,Borough,Green Party,Green,PP63,44,,Stuart,Tuckwood,Male,No,No,,1265,0.022616,-0.056748,8274
E14000617,E12000006,Cambridge,,East of England,England,Borough,Conservative,Con,PP52,4,,John,Hayward,Male,No,No,,9133,0.163282,0.006504,34498
E14000617,E12000006,Cambridge,,East of England,England,Borough,Liberal Democrat,LD,PP90,17,,Julian,Huppert,Male,No,Yes,3931,16371,0.292684,-0.055888,47
E14000617,E12000006,Cambridge,,East of England,England,Borough,Labour,Lab,PP53,15,,Daniel,Zeichner,Male,Yes,Yes,4382,29032,0.519040,0.158898,45
E14000618,E12000005,Cannock Chase,,West Midlands,England,County,Liberal Democrat,LD,PP90,17,,Nat,Green,Male,No,No,,794,0.016586,-0.010379,33850
E14000618,E12000005,Cannock Chase,,West Midlands,England,County,Green Party,Green,PP63,44,,Paul,Woodhead,Male,No,No,,815,0.017025,-0.002212,6894
E14000618,E12000005,Cannock Chase,,West Midlands,England,County,UK Independence Party,UKIP,PP85,35,,Paul,Allen,Male,No,No,,2018,0.042154,-0.132457,10099
E14000618,E12000005,Cannock Chase,,West Midlands,England,County,Labour,Lab,PP53,15,,Paul,Dadge,Male,No,No,,17927,0.374478,0.037146,34590
E14000618,E12000005,Cannock Chase,,West Midlands,England,County,Conservative,Con,PP52,4,,Amanda,Milling,Female,Yes,Yes,4454,26318,0.549758,0.107901,4172
E14000619,E12000008,Canterbury,,South East,England,County,Green Party,Green,PP63,44,,Henry,Stanton,Male,No,No,,1282,0.022570,-0.047494,27288
E14000619,E12000008,Canterbury,,South East,England,County,Liberal Democrat,LD,PP90,17,,James,Flanagan,Male,No,No,,4561,0.080299,-0.036169,5149
E14000619,E12000008,Canterbury,,South East,England,County,Conservative,Con,PP52,4,,Julian,Brazier,Male,Yes,Yes,77,25385,0.446919,0.018265,42
E14000619,E12000008,Canterbury,,South East,England,County,Labour,Lab,PP53,15,,Rosie,Duffield,Female,No,No,4616,25572,0.450211,0.204817,34312
W07000050,W92000004,Cardiff Central,,Wales,Wales,Borough,UK Independence Party,UKIP,PP85,35,,Mohammed,Sarul-Islam,Male,No,No,,343,0.008497,-0.056167,2373
W07000050,W92000004,Cardiff Central,,Wales,Wales,Borough,Green Party,Green,PP63,44,,Benjamin,Smith,Male,No,No,,420,0.010405,-0.053276,34376
W07000050,W92000004,Cardiff Central,,Wales,Wales,Borough,Plaid Cymru,PC,PP77,22,,Mark,Hooper,Male,No,No,,999,0.024748,-0.025063,20838
W07000050,W92000004,Cardiff Central,,Wales,Wales,Borough,Liberal Democrat,LD,PP90,17,,Eluned,Parrott,Female,No,No,,5415,0.134144,-0.137061,2764
W07000050,W92000004,Cardiff Central,,Wales,Wales,Borough,Conservative,Con,PP52,4,,Gregory,Stafford,Male,No,No,,7997,0.198107,0.051288,8006
W07000050,W92000004,Cardiff Central,,Wales,Wales,Borough,Labour,Lab,PP53,15,,Jo,Stevens,Female,Yes,Yes,4425,25193,0.624099,0.224006,4293
W07000051,W92000004,Cardiff North,,Wales,Wales,Borough,UK Independence Party,UKIP,PP85,35,,Gary,Oldfield,Male,No,No,,582,0.011188,-0.066093,24430
W07000051,W92000004,Cardiff North,,Wales,Wales,Borough,Liberal Democrat,LD,PP90,17,,Matthew,Hemsley,Male,No,No,,1714,0.032948,-0.005233,24573
W07000051,W92000004,Cardiff North,,Wales,Wales,Borough,Plaid Cymru,PC,PP77,22,,Steffan,Webb,Male,No,No,,1738,0.033409,-0.011576,19897
W07000051,W92000004,Cardiff North,,Wales,Wales,Borough,Conservative,Con,PP52,4,,Craig,Williams,Male,Yes,Yes,4438,21907,0.421110,-0.003300,4173
W07000051,W92000004,Cardiff North,,Wales,Wales,Borough,Labour,Lab,PP53,15,,Anna,McMorrin,Female,No,No,4632,26081,0.501346,0.118714,8175
W07000080,W92000004,Cardiff South and Penarth,,Wales,Wales,Borough,Pirate Party UK,Prte,PP770,132,,Jeb,Hedges,Male,No,No,,170,0.003351,,33145
W07000080,W92000004,Cardiff South and Penarth,,Wales,Wales,Borough,Green Party,Green,PP63,44,,Anthony,Slaughter,Male,No,No,,532,0.010486,-0.026928,5329
W07000080,W92000004,Cardiff South and Penarth,,Wales,Wales,Borough,UK Independence Party,UKIP,PP85,35,,Andrew,Bevan,Male,No,No,,942,0.018567,-0.119068,34908
W07000080,W92000004,Cardiff South and Penarth,,Wales,Wales,Borough,Liberal Democrat,LD,PP90,17,,Emma,Sands,Female,No,No,,1430,0.028185,-0.021486,34564
W07000080,W92000004,Cardiff South and Penarth,,Wales,Wales,Borough,Plaid Cymru,PC,PP77,22,,Ian,Titherington,Male,No,No,,2162,0.042613,-0.031165,34233
W07000080,W92000004,Cardiff South and Penarth,,Wales,Wales,Borough,Conservative,Con,PP52,4,,Bill,Rees,Male,No,No,,15318,0.301916,0.033782,6137
W07000080,W92000004,Cardiff South and Penarth,,Wales,Wales,Borough,Labour and Co-operative,Lab,PP53,15,PP119,Stephen,Doughty,Male,Yes,Yes,4264,30182,0.594883,0.167044,5546
W07000079,W92000004,Cardiff West,,Wales,Wales,Borough,UK Independence Party,UKIP,PP85,35,,Richard,Lewis,Male,No,No,,698,0.014969,-0.097449,28965
W07000079,W92000004,Cardiff West,,Wales,Wales,Borough,Liberal Democrat,LD,PP90,17,,Alex,Meredith,Male,No,No,,1214,0.026035,-0.021211,5447
W07000079,W92000004,Cardiff West,,Wales,Wales,Borough,Plaid Cymru,PC,PP77,22,,Michael,Deem,Male,No,No,,4418,0.094748,-0.044456,12654
W07000079,W92000004,Cardiff West,,Wales,Wales,Borough,Conservative,Con,PP52,4,,Matt,Smith,Male,No,No,,13874,0.297540,0.046033,4157
W07000079,W92000004,Cardiff West,,Wales,Wales,Borough,Labour,Lab,PP53,15,,Kevin,Brennan,Male,Yes,Yes,1400,26425,0.566707,0.160172,2628
E14000620,E12000002,Carlisle,,North West,England,County,Liberal Democrat,LD,PP90,17,,Peter,Thornton,Male,No,No,,1256,0.029171,0.003647,727
E14000620,E12000002,Carlisle,,North West,England,County,UK Independence Party,UKIP,PP85,35,,Fiona,Mills,Female,No,No,,1455,0.033793,-0.090118,5414
E14000620,E12000002,Carlisle,,North West,England,County,Labour,Lab,PP53,15,,Ruth,Alcroft,Female,No,No,,18873,0.438336,0.060310,10803
E14000620,E12000002,Carlisle,,North West,England,County,Conservative,Con,PP52,4,,John,Stevenson,Male,Yes,Yes,3942,21472,0.498699,0.055536,2625
W07000067,W92000004,Carmarthen East and Dinefwr,,Wales,Wales,County,Liberal Democrat,LD,PP90,17,,Lesley,Prosser,Female,No,No,,920,0.022423,-0.001131,26060
W07000067,W92000004,Carmarthen East and Dinefwr,,Wales,Wales,County,UK Independence Party,UKIP,PP85,35,,Neil,Hamilton,Male,No,Yes,731,985,0.024007,-0.086731,7758
W07000067,W92000004,Carmarthen East and Dinefwr,,Wales,Wales,County,Conservative,Con,PP52,4,,Havard,Hughes,Male,No,No,,10778,0.262692,0.051113,34910
W07000067,W92000004,Carmarthen East and Dinefwr,,Wales,Wales,County,Labour,Lab,PP53,15,,David,Darkin,Male,No,No,,12219,0.297814,0.055650,19891
W07000067,W92000004,Carmarthen East and Dinefwr,,Wales,Wales,County,Plaid Cymru,PC,PP77,22,,Jonathan,Edwards,Male,Yes,Yes,3943,16127,0.393063,0.008790,3577
W07000066,W92000004,Carmarthen West and South Pembrokeshire,,Wales,Wales,County,UK Independence Party,UKIP,PP85,35,,Phil,Edwards,Male,No,No,,905,0.021432,-0.094999,34913
W07000066,W92000004,Carmarthen West and South Pembrokeshire,,Wales,Wales,County,Liberal Democrat,LD,PP90,17,,Alistair,Cameron,Male,No,No,,956,0.022640,-0.001226,1549
W07000066,W92000004,Carmarthen West and South Pembrokeshire,,Wales,Wales,County,Plaid Cymru,PC,PP77,22,,Abi,Thomas,Female,No,No,,3933,0.093142,-0.010972,19644
W07000066,W92000004,Carmarthen West and South Pembrokeshire,,Wales,Wales,County,Labour,Lab,PP53,15,,Marc,Tierney,Male,No,No,,16661,0.394567,0.107777,8085
W07000066,W92000004,Carmarthen West and South Pembrokeshire,,Wales,Wales,County,Conservative,Con,PP52,4,,Simon,Hart,Male,Yes,Yes,3944,19771,0.468219,0.031391,3579
E14000621,E12000007,Carshalton and Wallington,,London,England,Borough,Christian Peoples Alliance,CPA,PP79,80,,Ashley,Dickenson,Male,No,No,,189,0.003724,0.000006,6332
E14000621,E12000007,Carshalton and Wallington,,London,England,Borough,Independent,Ind,,8,,Nick,Mattey,Male,No,No,,434,0.008551,,34640
E14000621,E12000007,Carshalton and Wallington,,London,England,Borough,Green Party,Green,PP63,44,,Shasha,Khan,Male,No,No,,501,0.009871,-0.021465,4614
E14000621,E12000007,Carshalton and Wallington,,London,England,Borough,Labour,Lab,PP53,15,,Emina,Ibrahim,Female,No,No,,9360,0.184423,0.034254,34383
E14000621,E12000007,Carshalton and Wallington,,London,England,Borough,Conservative,Con,PP52,4,,Matthew,Maxwell Scott,Male,No,No,,19450,0.383229,0.066235,4174
E14000621,E12000007,Carshalton and Wallington,,London,England,Borough,Liberal Democrat,LD,PP90,17,,Tom,Brake,Male,Yes,Yes,151,20819,0.410202,0.061495,3585
E14000622,E12000006,Castle Point,,East of England,England,Borough,Liberal Democrat,LD,PP90,17,,Tom,Holder,Male,No,No,,1049,0.023462,0.005839,6538
E14000622,E12000006,Castle Point,,East of England,England,Borough,UK Independence Party,UKIP,PP85,35,,David,Kurten,Male,No,No,,2381,0.053254,-0.258693,6829
E14000622,E12000006,Castle Point,,East of England,England,Borough,Labour,Lab,PP53,15,,Joe,Cooke,Male,No,No,,11204,0.250593,0.112353,4299
E14000622,E12000006,Castle Point,,East of England,England,Borough,Conservative,Con,PP52,4,,Rebecca,Harris,Female,Yes,Yes,3948,30076,0.672691,0.164176,3256
S14000010,S92000003,Central Ayrshire,,Scotland,Scotland,County,Liberal Democrat,LD,PP90,17,,Tom,Inglis,Male,No,No,,1050,0.023288,0.005228,34692
S14000010,S92000003,Central Ayrshire,,Scotland,Scotland,County,Labour,Lab,PP53,15,,Nairn,McDonald,Male,No,No,,11762,0.260873,-0.003238,34255
S14000010,S92000003,Central Ayrshire,,Scotland,Scotland,County,Conservative,Con,PP52,4,,Caroline,Hollins Martin,Female,No,No,,15504,0.343869,0.170492,34766
S14000010,S92000003,Central Ayrshire,,Scotland,Scotland,County,Scottish National Party,SNP,PP102,29,,Philippa,Whitford,Female,Yes,Yes,4385,16771,0.371970,-0.159779,5919
E14000623,E12000009,Central Devon,,South West,England,County,Liberal,Lib,PP54,16,,Lloyd,Knight,Male,No,No,,470,0.008125,,27185
E14000623,E12000009,Central Devon,,South West,England,County,National Health Action Party,NHAP,PP1931,201,,John,Dean,Male,No,No,,871,0.015058,,34955
E14000623,E12000009,Central Devon,,South West,England,County,UK Independence Party,UKIP,PP85,35,,Tim,Matthews,Male,No,No,,1326,0.022924,-0.108780,27187
E14000623,E12000009,Central Devon,,South West,England,County,Green Party,Green,PP63,44,,Andy,Williamson,Male,No,No,,1531,0.026468,-0.062902,4683
E14000623,E12000009,Central Devon,,South West,England,County,Liberal Democrat,LD,PP90,17,,Alex,White,Male,No,No,,6770,0.117039,-0.004967,6201
E14000623,E12000009,Central Devon,,South West,England,County,Labour,Lab,PP53,15,,Lisa,Robillard Webb,Female,No,No,,15598,0.269656,0.141369,24788
E14000623,E12000009,Central Devon,,South West,England,County,Conservative,Con,PP52,4,,Mel,Stride,Male,Yes,Yes,3935,31278,0.540730,0.018470,197
E14000624,E12000006,Central Suffolk and North Ipswich,,East of England,England,County,UK Independence Party,UKIP,PP85,35,,Stephen,Searle,Male,No,No,,1635,0.028926,-0.108977,30317
E14000624,E12000006,Central Suffolk and North Ipswich,,East of England,England,County,Green Party,Green,PP63,44,,Regan,Scott,Male,No,No,,1659,0.029350,-0.019902,34957
E14000624,E12000006,Central Suffolk and North Ipswich,,East of England,England,County,Liberal Democrat,LD,PP90,17,,Aidan,Van de Weyer,Male,No,No,,2431,0.043008,-0.018261,34959
E14000624,E12000006,Central Suffolk and North Ipswich,,East of England,England,County,Labour,Lab,PP53,15,,Elizabeth,Hughes,Female,No,No,,16807,0.297343,0.109264,863
E14000624,E12000006,Central Suffolk and North Ipswich,,East of England,England,County,Conservative,Con,PP52,4,,Dan,Poulter,Male,Yes,Yes,3932,33992,0.601373,0.040871,3250
W07000064,W92000004,Ceredigion,,Wales,Wales,County,Official Monster Raving Loony Party,MRLP,PP66,119,,Sir Dudley,the Crazed,Male,No,No,,157,0.003948,,34402
W07000064,W92000004,Ceredigion,,Wales,Wales,County,Green Party,Green,PP63,44,,Grenville,Ham,Male,No,No,,542,0.013629,-0.042176,7461
W07000064,W92000004,Ceredigion,,Wales,Wales,County,UK Independence Party,UKIP,PP85,35,,Tom,Harrison,Male,No,No,,602,0.015138,-0.087198,28961
W07000064,W92000004,Ceredigion,,Wales,Wales,County,Conservative,Con,PP52,4,,Ruth,Davis,Female,No,No,,7307,0.183745,0.073552,34697
W07000064,W92000004,Ceredigion,,Wales,Wales,County,Labour,Lab,PP53,15,,Dinah,Mulholland,Female,No,No,,8017,0.201599,0.104983,27009
W07000064,W92000004,Ceredigion,,Wales,Wales,County,Liberal Democrat,LD,PP90,17,,Mark,Williams,Male,Yes,Yes,1498,11519,0.289662,-0.068847,15
W07000064,W92000004,Ceredigion,,Wales,Wales,County,Plaid Cymru,PC,PP77,22,,Ben,Lake,Male,No,No,4630,11623,0.292278,0.015738,34192
E14000625,E12000004,Charnwood,,East Midlands,England,County,British National Party,BNP,PP3960,67,,Stephen,Denham,Male,No,No,,322,0.005836,-0.003521,35161
E14000625,E12000004,Charnwood,,East Midlands,England,County,Green Party,Green,PP63,44,,Nicholas,Cox,Male,No,No,,1036,0.018776,,23333
E14000625,E12000004,Charnwood,,East Midlands,England,County,UK Independence Party,UKIP,PP85,35,,Victoria,Connor,Female,No,No,,1471,0.026660,-0.132732,34960
E14000625,E12000004,Charnwood,,East Midlands,England,County,Liberal Democrat,LD,PP90,17,,Simon,Sansome,Male,No,No,,2052,0.037190,-0.031791,5562
E14000625,E12000004,Charnwood,,East Midlands,England,County,Labour,Lab,PP53,15,,Sean,Kelly-Walsh,Male,No,No,,16977,0.307688,0.088538,4303
E14000625,E12000004,Charnwood,,East Midlands,England,County,Conservative,Con,PP52,4,,Edward,Argar,Male,Yes,Yes,4362,33318,0.603849,0.060729,5798
E14000626,E12000008,Chatham and Aylesford,,South East,England,County,Christian Peoples Alliance,CPA,PP79,80,,John,Gibson,Male,No,No,,260,0.005792,0.002704,6490
E14000626,E12000008,Chatham and Aylesford,,South East,England,County,Green Party,Green,PP63,44,,Bernard,Hyde,Male,No,No,,573,0.012765,-0.012797,34371
E14000626,E12000008,Chatham and Aylesford,,South East,England,County,Liberal Democrat,LD,PP90,17,,Thomas,Quinton,Male,No,No,,1116,0.024861,-0.006714,6969
E14000626,E12000008,Chatham and Aylesford,,South East,England,County,UK Independence Party,UKIP,PP85,35,,Nicole,Bushill,Female,No,No,,2225,0.049566,-0.149654,34963
E14000626,E12000008,Chatham and Aylesford,,South East,England,County,Labour,Lab,PP53,15,,Vince,Maple,Male,No,No,,15129,0.337024,0.101168,34465
E14000626,E12000008,Chatham and Aylesford,,South East,England,County,Conservative,Con,PP52,4,,Tracey,Crouch,Female,Yes,Yes,3950,25587,0.569993,0.068194,3857
E14000627,E12000002,Cheadle,,North West,England,Borough,Labour,Lab,PP53,15,,Martin,Miller,Male,No,No,,10417,0.190885,0.027537,3862
E14000627,E12000002,Cheadle,,North West,England,Borough,Liberal Democrat,LD,PP90,17,,Mark,Hunter,Male,No,Yes,1598,19824,0.363263,0.053705,3853
E14000627,E12000002,Cheadle,,North West,England,Borough,Conservative,Con,PP52,4,,Mary,Robinson,Female,Yes,Yes,4406,24331,0.445851,0.014756,4175
E14000628,E12000006,Chelmsford,,East of England,England,Borough,Green Party,Green,PP63,44,,Reza,Hossain,Male,No,No,,821,0.014439,-0.020717,6933
E14000628,E12000006,Chelmsford,,East of England,England,Borough,UK Independence Party,UKIP,PP85,35,,Nigel,Carter,Male,No,No,,1645,0.028931,-0.113255,3724
E14000628,E12000006,Chelmsford,,East of England,England,Borough,Liberal Democrat,LD,PP90,17,,Stephen,Robinson,Male,No,No,,6916,0.121632,0.002822,3863
E14000628,E12000006,Chelmsford,,East of England,England,Borough,Labour,Lab,PP53,15,,Chris,Vince,Male,No,No,5237,16953,0.298153,0.121964,4305
E14000628,E12000006,Chelmsford,,East of England,England,Borough,Conservative,Con,PP52,4,,Vicky,Ford,Female,No,No,4674,30525,0.536845,0.021543,34298
E14000629,E12000007,Chelsea and Fulham,,London,England,Borough,UK Independence Party,UKIP,PP85,35,,Alasdair,Seton-Marsden,Male,No,No,,524,0.012438,-0.038250,34768
E14000629,E12000007,Chelsea and Fulham,,London,England,Borough,Green Party,Green,PP63,44,,Bill,Cashmore,Male,No,No,,807,0.019156,-0.017487,34767
E14000629,E12000007,Chelsea and Fulham,,London,England,Borough,Liberal Democrat,LD,PP90,17,,Louise,Rowntree,Female,No,No,,4627,0.109832,0.057851,34102
E14000629,E12000007,Chelsea and Fulham,,London,England,Borough,Labour,Lab,PP53,15,,Alan,De'Ath,Male,No,No,,13991,0.332107,0.100913,34384
E14000629,E12000007,Chelsea and Fulham,,London,England,Borough,Conservative,Con,PP52,4,,Greg,Hands,Male,Yes,Yes,1526,22179,0.526467,-0.103026,590
E14000630,E12000009,Cheltenham,,South West,England,Borough,Green Party,Green,PP63,44,,Adam,Van Coevorden,Male,No,No,,943,0.016540,-0.033501,4609
E14000630,E12000009,Cheltenham,,South West,England,Borough,Labour,Lab,PP53,15,,Keith,White,Male,No,No,,5408,0.094857,0.022242,15196
E14000630,E12000009,Cheltenham,,South West,England,Borough,Liberal Democrat,LD,PP90,17,,Martin,Horwood,Male,No,Yes,1499,24046,0.421771,0.081695,622
E14000630,E12000009,Cheltenham,,South West,England,Borough,Conservative,Con,PP52,4,,Alex,Chalk,Male,Yes,Yes,4481,26615,0.466832,0.005493,4176
E14000631,E12000008,Chesham and Amersham,,South East,England,County,UK Independence Party,UKIP,PP85,35,,David,Meacock,Male,No,No,,1525,0.027601,-0.109285,5827
E14000631,E12000008,Chesham and Amersham,,South East,England,County,Green Party,Green,PP63,44,,Alan,Booth,Male,No,No,,1660,0.030044,-0.024972,27281
E14000631,E12000008,Chesham and Amersham,,South East,England,County,Liberal Democrat,LD,PP90,17,,Peter,Jones,Male,No,No,,7179,0.129932,0.039642,3047
E14000631,E12000008,Chesham and Amersham,,South East,England,County,Labour,Lab,PP53,15,,Nina,Dluzewska,Female,No,No,,11374,0.205857,0.078567,25599
E14000631,E12000008,Chesham and Amersham,,South East,England,County,Conservative,Con,PP52,4,,Cheryl,Gillan,Female,Yes,Yes,18,33514,0.606566,0.016049,1015
E14000632,E12000004,Chesterfield,,East Midlands,England,Borough,Green Party,Green,PP63,44,,David,Wadsworth,Male,No,No,,777,0.016212,-0.013458,34970
E14000632,E12000004,Chesterfield,,East Midlands,England,Borough,UK Independence Party,UKIP,PP85,35,,Stuart,Bent,Male,No,No,,1611,0.033614,-0.131484,5386
E14000632,E12000004,Chesterfield,,East Midlands,England,Borough,Liberal Democrat,LD,PP90,17,,Tom,Snowdon,Male,No,No,,2612,0.054500,-0.083780,1484
E14000632,E12000004,Chesterfield,,East Midlands,England,Borough,Conservative,Con,PP52,4,,Spencer,Pitfield,Male,No,No,,16661,0.347633,0.166998,2869
E14000632,E12000004,Chesterfield,,East Midlands,England,Borough,Labour,Lab,PP53,15,,Toby,Perkins,Male,Yes,Yes,3952,26266,0.548042,0.068989,582
E14000633,E12000008,Chichester,,South East,England,County,Patria,Patr,PP1969,194,,Andrew,Emerson,Male,No,No,,84,0.001402,-0.000453,6208
E14000633,E12000008,Chichester,,South East,England,County,UK Independence Party,UKIP,PP85,35,,Andrew,Moncreiff,Male,No,No,,1650,0.027538,-0.121922,345
E14000633,E12000008,Chichester,,South East,England,County,Green Party,Green,PP63,44,,Heather,Barrie,Female,No,No,,1992,0.033245,-0.032244,34971
E14000633,E12000008,Chichester,,South East,England,County,Liberal Democrat,LD,PP90,17,,Jonathan,Brown,Male,No,No,,6749,0.112637,0.027494,34188
E14000633,E12000008,Chichester,,South East,England,County,Labour,Lab,PP53,15,,Mark,Farwell,Male,No,No,,13411,0.223823,0.102487,5875
E14000633,E12000008,Chichester,,South East,England,County,Conservative,Con,PP52,4,,Gillian,Keegan,Female,No,No,4680,36032,0.601355,0.024639,6138
E14000634,E12000007,Chingford and Woodford Green,,London,England,County,Green Party,Green,PP63,44,,Sinead,King,Female,No,No,,1204,0.025638,-0.016687,34652
E14000634,E12000007,Chingford and Woodford Green,,London,England,County,Liberal Democrat,LD,PP90,17,,Deborah,Unger,Female,No,No,,2043,0.043504,-0.011285,34764
E14000634,E12000007,Chingford and Woodford Green,,London,England,County,Labour,Lab,PP53,15,,Bilal,Mahmood,Male,No,No,,20638,0.439471,0.151529,4306
E14000634,E12000007,Chingford and Woodford Green,,London,England,County,Conservative,Con,PP52,4,,Iain,Duncan Smith,Male,Yes,Yes,152,23076,0.491386,0.012001,308
E14000635,E12000009,Chippenham,,South West,England,County,Labour,Lab,PP53,15,,Andrew,Newman,Male,No,No,,11236,0.196640,0.114322,4307
E14000635,E12000009,Chippenham,,South West,England,County,Liberal Democrat,LD,PP90,17,,Helen,Belcher,Female,No,No,,14637,0.256160,-0.037629,9388
E14000635,E12000009,Chippenham,,South West,England,County,Conservative,Con,PP52,4,,Michelle,Donelan,Female,Yes,Yes,4530,31267,0.547200,0.071556,3938
E14000636,E12000007,Chipping Barnet,,London,England,Borough,Green Party,Green,PP63,44,,Phil,Fletcher,Male,No,No,,1406,0.025369,-0.021809,19437
E14000636,E12000007,Chipping Barnet,,London,England,Borough,Liberal Democrat,LD,PP90,17,,Marisha,Ray,Female,No,No,,3012,0.054346,0.009432,6575
E14000636,E12000007,Chipping Barnet,,London,England,Borough,Labour,Lab,PP53,15,,Emma,Whysall,Female,No,No,,25326,0.456958,0.115476,34385
E14000636,E12000007,Chipping Barnet,,London,England,Borough,Conservative,Con,PP52,4,,Theresa,Villiers,Female,Yes,Yes,1500,25679,0.463327,-0.022572,3369
E14000637,E12000002,Chorley,,North West,England,County,Green Party,Green,PP63,44,,Peter,Lageard,Male,No,No,,530,0.009527,-0.011958,34975
E14000637,E12000002,Chorley,,North West,England,County,Liberal Democrat,LD,PP90,17,,Stephen,Fenn,Male,No,No,,1126,0.020239,-0.005944,305
E14000637,E12000002,Chorley,,North West,England,County,Conservative,Con,PP52,4,,Caroline,Moon,Female,No,No,,23233,0.417604,0.054207,34218
E14000637,E12000002,Chorley,,North West,England,County,Labour,Lab,PP53,15,,Lindsay,Hoyle,Male,Yes,Yes,467,30745,0.552630,0.101632,595
E14000638,E12000009,Christchurch,,South West,England,County,Green Party,Green,PP63,44,,Chris,Rigby,Male,No,No,,1325,0.026168,-0.017065,34379
E14000638,E12000009,Christchurch,,South West,England,County,Liberal Democrat,LD,PP90,17,,Michael,Cox,Male,No,No,,4020,0.079393,0.013749,3960
E14000638,E12000009,Christchurch,,South West,England,County,Labour,Lab,PP53,15,,Patrick,Canavan,Male,No,No,,10059,0.198661,0.103202,1194
E14000638,E12000009,Christchurch,,South West,England,County,Conservative,Con,PP52,4,,Christopher,Chope,Male,Yes,Yes,242,35230,0.695778,0.114632,596
E14000639,E12000007,Cities of London and Westminster,,London,England,Borough,Young People's Party,YPP,PP1912,212,,Benjamin,Weenen,Male,No,No,,43,0.001112,,34990
E14000639,E12000007,Cities of London and Westminster,,London,England,Borough,Independent,Ind,,8,,Ankit,Love,Male,No,No,,59,0.001526,,7928
E14000639,E12000007,Cities of London and Westminster,,London,England,Borough,Independent,Ind,,8,,Tim,Lord,Male,No,No,,173,0.004476,,34989
E14000639,E12000007,Cities of London and Westminster,,London,England,Borough,UK Independence Party,UKIP,PP85,35,,Anil,Bhatti,Male,No,No,,426,0.011021,-0.041321,34988
E14000639,E12000007,Cities of London and Westminster,,London,England,Borough,Green Party,Green,PP63,44,,Lawrence,McNally,Male,No,No,,821,0.021240,-0.032733,34284
E14000639,E12000007,Cities of London and Westminster,,London,England,Borough,Liberal Democrat,LD,PP90,17,,Bridget,Fox,Female,No,No,,4270,0.110467,0.040797,2512
E14000639,E12000007,Cities of London and Westminster,,London,England,Borough,Labour,Lab,PP53,15,,Ibrahim,Dogus,Male,No,No,,14857,0.384359,0.110792,34310
E14000639,E12000007,Cities of London and Westminster,,London,England,Borough,Conservative,Con,PP52,4,,Mark,Field,Male,Yes,Yes,1405,18005,0.465799,-0.075033,600
E14000640,E12000002,City of Chester,,North West,England,County,Liberal Democrat,LD,PP90,17,,Lizzie,Jewkes,Female,No,No,,1551,0.027490,-0.028608,2125
E14000640,E12000002,City of Chester,,North West,England,County,Conservative,Con,PP52,4,,Will,Gallagher,Male,No,No,,22847,0.404938,-0.025566,4088
E14000640,E12000002,City of Chester,,North West,England,County,Labour,Lab,PP53,15,,Christian,Matheson,Male,Yes,Yes,4408,32023,0.567572,0.135251,4831
E14000641,E12000001,City of Durham,,North East,England,County,Young People's Party,YPP,PP1912,212,,Jon,Collings,Male,No,No,,45,0.000931,,1842
E14000641,E12000001,City of Durham,,North East,England,County,Independent,Ind,,8,,Jim,Clark,Male,No,No,,399,0.008257,,34793
E14000641,E12000001,City of Durham,,North East,England,County,Green Party,Green,PP63,44,,Jonathan,Elmer,Male,No,No,,797,0.016493,-0.042344,22817
E14000641,E12000001,City of Durham,,North East,England,County,UK Independence Party,UKIP,PP85,35,,Malcolm,Bint,Male,No,No,,1116,0.023094,-0.091469,29982
E14000641,E12000001,City of Durham,,North East,England,County,Liberal Democrat,LD,PP90,17,,Amanda,Hopgood,Female,No,No,,4787,0.099061,-0.013773,25919
E14000641,E12000001,City of Durham,,North East,England,County,Conservative,Con,PP52,4,,Richard,Lawrie,Male,No,No,,14408,0.298154,0.075749,34495
E14000641,E12000001,City of Durham,,North East,England,County,Labour,Lab,PP53,15,,Roberta,Blackman-Woods,Female,Yes,Yes,1501,26772,0.554010,0.081129,319
E14000642,E12000006,Clacton,,East of England,England,County,Independent,Ind,,8,,Nick,Martin,Male,No,No,,210,0.004757,,34763
E14000642,E12000006,Clacton,,East of England,England,County,English Democrats,ED,PP17,90,,Robin,Tilbrook,Male,No,No,,289,0.006547,,3753
E14000642,E12000006,Clacton,,East of England,England,County,Independent,Ind,,8,,Caroline,Shearer,Female,No,No,,449,0.010171,,34148
E14000642,E12000006,Clacton,,East of England,England,County,Green Party,Green,PP63,44,,Chris,Southall,Male,No,No,,719,0.016287,-0.010496,268
E14000642,E12000006,Clacton,,East of England,England,County,Liberal Democrat,LD,PP90,17,,David,Grace,Male,No,No,,887,0.020093,0.001725,6576
E14000642,E12000006,Clacton,,East of England,England,County,UK Independence Party,UKIP,PP85,35,,Paul,Oakley,Male,No,No,,3357,0.076045,-0.368274,6543
E14000642,E12000006,Clacton,,East of England,England,County,Labour,Lab,PP53,15,,Tasha,Osben,Female,No,No,,11203,0.253777,0.109818,34417
E14000642,E12000006,Clacton,,East of England,England,County,Conservative,Con,PP52,4,,Giles,Watling,Male,No,No,4677,27031,0.612323,0.245752,4179
E14000643,E12000003,Cleethorpes,,Yorkshire and The Humber,England,County,Green Party,Green,PP63,44,,Loyd,Emmerson,Male,No,No,,470,0.009824,-0.012643,34817
E14000643,E12000003,Cleethorpes,,Yorkshire and The Humber,England,County,Liberal Democrat,LD,PP90,17,,Roy,Horobin,Male,No,No,,1110,0.023200,-0.006652,5284
E14000643,E12000003,Cleethorpes,,Yorkshire and The Humber,England,County,UK Independence Party,UKIP,PP85,35,,Tony,Blake,Male,No,No,,2022,0.042262,-0.143060,18018
E14000643,E12000003,Cleethorpes,,Yorkshire and The Humber,England,County,Labour,Lab,PP53,15,,Peter,Keith,Male,No,No,,16921,0.353670,0.062402,4313
E14000643,E12000003,Cleethorpes,,Yorkshire and The Humber,England,County,Conservative,Con,PP52,4,,Martin,Vickers,Male,Yes,Yes,3957,27321,0.571043,0.104721,495
W07000062,W92000004,Clwyd South,,Wales,Wales,County,Liberal Democrat,LD,PP90,17,,Bruce,Roberts,Male,No,No,,731,0.019507,-0.018966,2441
W07000062,W92000004,Clwyd South,,Wales,Wales,County,UK Independence Party,UKIP,PP85,35,,Jeanette,Bassford-Barton,Female,No,No,,802,0.021402,-0.134884,9175
W07000062,W92000004,Clwyd South,,Wales,Wales,County,Plaid Cymru,PC,PP77,22,,Christopher,Allen,Male,No,No,,2293,0.061189,-0.042051,34377
W07000062,W92000004,Clwyd South,,Wales,Wales,County,Conservative,Con,PP52,4,,Simon,Baynes,Male,No,No,4800,14646,0.390831,0.087129,26974
W07000062,W92000004,Clwyd South,,Wales,Wales,County,Labour,Lab,PP53,15,,Susan Elan,Jones,Female,Yes,Yes,3956,19002,0.507072,0.134866,2700
W07000059,W92000004,Clwyd West,,Wales,Wales,County,Liberal Democrat,LD,PP90,17,,Victor,Babu,Male,No,No,,1091,0.026836,-0.009637,8095
W07000059,W92000004,Clwyd West,,Wales,Wales,County,Plaid Cymru,PC,PP77,22,,Dilwyn,Roberts,Male,No,No,,3918,0.096374,-0.025930,34244
W07000059,W92000004,Clwyd West,,Wales,Wales,County,Labour,Lab,PP53,15,,Gareth,Thomas,Male,No,Yes,532,16104,0.396123,0.140180,4314
W07000059,W92000004,Clwyd West,,Wales,Wales,County,Conservative,Con,PP52,4,,David,Jones,Male,Yes,Yes,1502,19541,0.480666,0.047748,3151
S14000011,S92000003,"Coatbridge, Chryston and Bellshill",,Scotland,Scotland,Burgh,Liberal Democrat,LD,PP90,17,,David,Bennie,Male,No,No,,922,0.020471,0.009642,22789
S14000011,S92000003,"Coatbridge, Chryston and Bellshill",,Scotland,Scotland,Burgh,Conservative,Con,PP52,4,,Robyn,Halbert,Female,No,No,,7318,0.162478,0.099181,9239
S14000011,S92000003,"Coatbridge, Chryston and Bellshill",,Scotland,Scotland,Burgh,Scottish National Party,SNP,PP102,29,,Philip,Boswell,Male,Yes,Yes,4388,17607,0.390919,-0.175099,6281
S14000011,S92000003,"Coatbridge, Chryston and Bellshill",,Scotland,Scotland,Burgh,Labour,Lab,PP53,15,,Hugh,Gaffney,Male,No,No,4614,19193,0.426132,0.086967,8414
E14000644,E12000006,Colchester,,East of England,England,Borough,Christian Peoples Alliance,CPA,PP79,80,,Robin,Rennie,Male,No,No,,177,0.003306,0.001063,34866
E14000644,E12000006,Colchester,,East of England,England,Borough,Green Party,Green,PP63,44,,Mark,Goacher,Male,No,No,,828,0.015464,-0.035964,5001
E14000644,E12000006,Colchester,,East of England,England,Borough,Liberal Democrat,LD,PP90,17,,Bob,Russell,Male,No,Yes,35,9087,0.169708,-0.104900,4489
E14000644,E12000006,Colchester,,East of England,England,Borough,Labour,Lab,PP53,15,,Tim,Young,Male,No,No,,18888,0.352750,0.191163,4312
E14000644,E12000006,Colchester,,East of England,England,Borough,Conservative,Con,PP52,4,,Will,Quince,Male,Yes,Yes,4423,24565,0.458773,0.069437,1613
E14000645,E12000003,Colne Valley,,Yorkshire and The Humber,England,County,Independent,Ind,,8,,Patricia,Sadio,Female,No,No,,313,0.005180,,34711
E14000645,E12000003,Colne Valley,,Yorkshire and The Humber,England,County,Green Party,Green,PP63,44,,Sonia,King,Female,No,No,,892,0.014763,-0.019022,34710
E14000645,E12000003,Colne Valley,,Yorkshire and The Humber,England,County,Liberal Democrat,LD,PP90,17,,Cahal,Burke,Male,No,No,,2494,0.041278,-0.018705,6002
E14000645,E12000003,Colne Valley,,Yorkshire and The Humber,England,County,Conservative,Con,PP52,4,,Jason,McCartney,Male,Yes,Yes,3953,27903,0.461817,0.017345,3383
E14000645,E12000003,Colne Valley,,Yorkshire and The Humber,England,County,Labour,Lab,PP53,15,,Thelma,Walker,Female,No,No,4649,28818,0.476961,0.127173,7750
E14000646,E12000002,Congleton,,North West,England,County,Green Party,Green,PP63,44,,Alexander,Heath,Male,No,No,,999,0.017766,-0.019036,5205
E14000646,E12000002,Congleton,,North West,England,County,UK Independence Party,UKIP,PP85,35,,Mark,Davies,Male,No,No,,1289,0.022923,-0.112866,6458
E14000646,E12000002,Congleton,,North West,England,County,Liberal Democrat,LD,PP90,17,,Peter,Hirst,Male,No,No,,2902,0.051609,-0.039081,546
E14000646,E12000002,Congleton,,North West,England,County,Labour,Lab,PP53,15,,Sam,Corcoran,Male,No,No,,19211,0.341644,0.137803,34328
E14000646,E12000002,Congleton,,North West,England,County,Conservative,Con,PP52,4,,Fiona,Bruce,Female,Yes,Yes,3958,31830,0.566058,0.033180,551
E14000647,E12000002,Copeland,,North West,England,County,UK Independence Party,UKIP,PP85,35,,Herbert,Crossman,Male,No,No,,1094,0.025485,-0.129646,303
E14000647,E12000002,Copeland,,North West,England,County,Liberal Democrat,LD,PP90,17,,Rebecca,Hanson,Female,No,No,,1404,0.032707,-0.001812,19844
E14000647,E12000002,Copeland,,North West,England,County,Labour,Lab,PP53,15,,Gillian,Troughton,Female,No,No,,19367,0.451161,0.028512,19848
E14000647,E12000002,Copeland,,North West,England,County,Conservative,Con,PP52,4,,Trudy,Harrison,Female,Yes,Yes,4593,21062,0.490647,0.132695,19845
E14000648,E12000004,Corby,,East Midlands,England,County,Green Party,Green,PP63,44,,Steven,Scrutton,Male,No,No,,579,0.009650,-0.014809,32136
E14000648,E12000004,Corby,,East Midlands,England,County,UK Independence Party,UKIP,PP85,35,,Sam,Watts,Male,No,No,,1495,0.024918,-0.112299,7707
E14000648,E12000004,Corby,,East Midlands,England,County,Liberal Democrat,LD,PP90,17,,Chris,Stanbra,Male,No,No,,1545,0.025751,-0.000204,33889
E14000648,E12000004,Corby,,East Midlands,England,County,Labour,Lab,PP53,15,,Beth,Miller,Female,No,No,,26844,0.447422,0.062707,34301
E14000648,E12000004,Corby,,East Midlands,England,County,Conservative,Con,PP52,4,,Tom,Pursglove,Male,Yes,Yes,4369,29534,0.492258,0.064605,4180
E14000649,E12000005,Coventry North East,,West Midlands,England,Borough,Independent,Ind,,8,,Afzal,Mahmood,Male,No,No,,81,0.001742,,34979
E14000649,E12000005,Coventry North East,,West Midlands,England,Borough,Green Party,Green,PP63,44,,Matthew,Handley,Male,No,No,,502,0.010794,-0.018687,6934
E14000649,E12000005,Coventry North East,,West Midlands,England,Borough,Liberal Democrat,LD,PP90,17,,Russell,Field,Male,No,No,,1157,0.024877,-0.022647,842
E14000649,E12000005,Coventry North East,,West Midlands,England,Borough,UK Independence Party,UKIP,PP85,35,,Avtar,Taggar,Male,No,No,,1350,0.029027,-0.119631,5966
E14000649,E12000005,Coventry North East,,West Midlands,England,Borough,Conservative,Con,PP52,4,,Timothy,Mayer,Male,No,No,,13919,0.299282,0.068385,11848
E14000649,E12000005,Coventry North East,,West Midlands,England,Borough,Labour,Lab,PP53,15,,Colleen,Fletcher,Female,Yes,Yes,4378,29499,0.634278,0.112742,4315
E14000650,E12000005,Coventry North West,,West Midlands,England,Borough,Green Party,Green,PP63,44,,Stephen,Gray,Male,No,No,,666,0.013360,-0.029980,700
E14000650,E12000005,Coventry North West,,West Midlands,England,Borough,Independent,Ind,,8,,Ciaran,Norris,Male,No,No,,1164,0.023351,,34639
E14000650,E12000005,Coventry North West,,West Midlands,England,Borough,Liberal Democrat,LD,PP90,17,,Andrew,Hilton,Male,No,No,,1286,0.025798,-0.014206,11865
E14000650,E12000005,Coventry North West,,West Midlands,England,Borough,UK Independence Party,UKIP,PP85,35,,Michael,Gee,Male,No,No,,1525,0.030592,-0.126350,5563
E14000650,E12000005,Coventry North West,,West Midlands,England,Borough,Conservative,Con,PP52,4,,Resham,Kotecha,Female,No,No,,18314,0.367390,0.056909,4186
E14000650,E12000005,Coventry North West,,West Midlands,England,Borough,Labour,Lab,PP53,15,,Geoffrey,Robinson,Male,Yes,Yes,307,26894,0.539509,0.129374,1572
E14000651,E12000005,Coventry South,,West Midlands,England,Borough,Independent,Ind,,8,,Sandra,Findlay,Female,No,No,,224,0.004765,,34978
E14000651,E12000005,Coventry South,,West Midlands,England,Borough,Green Party,Green,PP63,44,,Aimee,Challenor,Female,No,No,,604,0.012849,-0.026489,11832
E14000651,E12000005,Coventry South,,West Midlands,England,Borough,UK Independence Party,UKIP,PP85,35,,Ian,Rogers,Male,No,No,,1037,0.022060,-0.108584,11797
E14000651,E12000005,Coventry South,,West Midlands,England,Borough,Liberal Democrat,LD,PP90,17,,Greg,Judge,Male,No,No,,1343,0.028569,-0.012141,6303
E14000651,E12000005,Coventry South,,West Midlands,England,Borough,Conservative,Con,PP52,4,,Michelle,Lowe,Female,No,No,,17927,0.381353,0.031596,4181
E14000651,E12000005,Coventry South,,West Midlands,England,Borough,Labour,Lab,PP53,15,,Jim,Cunningham,Male,Yes,Yes,308,25874,0.550405,0.127695,1867
E14000652,E12000008,Crawley,,South East,England,Borough,Liberal Democrat,LD,PP90,17,,Marko,Scepanovic,Male,No,No,,1878,0.037356,0.009776,11896
E14000652,E12000008,Crawley,,South East,England,Borough,Labour,Lab,PP53,15,,Tim,Lunnon,Male,No,No,,22969,0.456885,0.121087,3235
E14000652,E12000008,Crawley,,South East,England,Borough,Conservative,Con,PP52,4,,Henry,Smith,Male,Yes,Yes,3960,25426,0.505759,0.035542,4078
E14000653,E12000002,Crewe and Nantwich,,North West,England,County,Liberal Democrat,LD,PP90,17,,David,Crowther,Male,No,No,,1334,0.024243,-0.003295,2386
E14000653,E12000002,Crewe and Nantwich,,North West,England,County,UK Independence Party,UKIP,PP85,35,,Michael,Stanley,Male,No,No,,1885,0.034256,-0.111086,34261
E14000653,E12000002,Crewe and Nantwich,,North West,England,County,Conservative,Con,PP52,4,,Edward,Timpson,Male,Yes,Yes,1605,25880,0.470315,0.020479,1104
E14000653,E12000002,Crewe and Nantwich,,North West,England,County,Labour,Lab,PP53,15,,Laura,Smith,Female,No,No,4648,25928,0.471187,0.093902,34382
E14000654,E12000007,Croydon Central,,London,England,Borough,Independent,Ind,,8,,Don,Locke,Male,No,No,,71,0.001244,,34785
E14000654,E12000007,Croydon Central,,London,England,Borough,Christian Peoples Alliance,CPA,PP79,80,,John,Boadu,Male,No,No,,177,0.003100,,34784
E14000654,E12000007,Croydon Central,,London,England,Borough,Green Party,Green,PP63,44,,Tracey,Hague,Female,No,No,,626,0.010965,-0.016500,7723
E14000654,E12000007,Croydon Central,,London,England,Borough,UK Independence Party,UKIP,PP85,35,,Peter,Staveley,Male,No,No,,1040,0.018217,-0.072639,4879
E14000654,E12000007,Croydon Central,,London,England,Borough,Liberal Democrat,LD,PP90,17,,Gill,Hickson,Female,No,No,,1083,0.018970,-0.002790,5413
E14000654,E12000007,Croydon Central,,London,England,Borough,Conservative,Con,PP52,4,,Gavin,Barwell,Male,Yes,Yes,3955,24221,0.424253,-0.005528,4881
E14000654,E12000007,Croydon Central,,London,England,Borough,Labour,Lab,PP53,15,,Sarah,Jones,Female,No,No,4631,29873,0.523252,0.096589,4316
E14000655,E12000007,Croydon North,,London,England,Borough,Independent,Ind,,8,,Lee,Berks,Male,No,No,,170,0.002851,,7363
E14000655,E12000007,Croydon North,,London,England,Borough,UK Independence Party,UKIP,PP85,35,,Michael,Swadling,Male,No,No,,753,0.012629,-0.041535,34578
E14000655,E12000007,Croydon North,,London,England,Borough,Green Party,Green,PP63,44,,Peter,Underwood,Male,No,No,,983,0.016487,-0.030503,4616
E14000655,E12000007,Croydon North,,London,England,Borough,Liberal Democrat,LD,PP90,17,,Maltby,Pindar,Male,No,No,,1656,0.027775,-0.008080,34341
E14000655,E12000007,Croydon North,,London,England,Borough,Conservative,Con,PP52,4,,Samuel,Kasumu,Male,No,No,,11848,0.198715,-0.028276,34526
E14000655,E12000007,Croydon North,,London,England,Borough,Labour and Co-operative,Lab,PP53,15,PP119,Steve,Reed,Male,Yes,Yes,4268,44213,0.741543,0.115389,5372
E14000656,E12000007,Croydon South,,London,England,Borough,Christian Peoples Alliance,CPA,PP79,80,,David,Omamogho,Male,No,No,,213,0.003477,,34789
E14000656,E12000007,Croydon South,,London,England,Borough,UK Independence Party,UKIP,PP85,35,,Kathleen,Garner,Female,No,No,,1116,0.018218,-0.086924,4939
E14000656,E12000007,Croydon South,,London,England,Borough,Green Party,Green,PP63,44,,Catherine,Shelley,Female,No,No,,1125,0.018365,-0.018958,34581
E14000656,E12000007,Croydon South,,London,England,Borough,Liberal Democrat,LD,PP90,17,,Anna,Jones,Female,No,No,,3541,0.057806,-0.001939,34342
E14000656,E12000007,Croydon South,,London,England,Borough,Labour,Lab,PP53,15,,Jennifer,Brathwaite,Female,No,No,,21928,0.357967,0.110047,34386
E14000656,E12000007,Croydon South,,London,England,Borough,Conservative,Con,PP52,4,,Chris,Philp,Male,Yes,Yes,4503,33334,0.544166,-0.000746,513
S14000012,S92000003,"Cumbernauld, Kilsyth and Kirkintilloch East",,Scotland,Scotland,County,UK Independence Party,UKIP,PP85,35,,Carl,Pearson,Male,No,No,,605,0.013802,,22150
S14000012,S92000003,"Cumbernauld, Kilsyth and Kirkintilloch East",,Scotland,Scotland,County,Liberal Democrat,LD,PP90,17,,Rod,Ackland,Male,No,No,,1238,0.028244,0.005988,6606
S14000012,S92000003,"Cumbernauld, Kilsyth and Kirkintilloch East",,Scotland,Scotland,County,Conservative,Con,PP52,4,,Stephen,Johnston,Male,No,No,,8010,0.182739,0.103945,35059
S14000012,S92000003,"Cumbernauld, Kilsyth and Kirkintilloch East",,Scotland,Scotland,County,Labour,Lab,PP53,15,,Elisha,Fisher,Female,No,No,,14858,0.338968,0.038859,34256
S14000012,S92000003,"Cumbernauld, Kilsyth and Kirkintilloch East",,Scotland,Scotland,County,Scottish National Party,SNP,PP102,29,,Stuart,McDonald,Male,Yes,Yes,4393,19122,0.436247,-0.162595,5172
W07000070,W92000004,Cynon Valley,,Wales,Wales,County,Liberal Democrat,LD,PP90,17,,Nicola,Knight,Female,No,No,,585,0.018395,-0.008843,26392
W07000070,W92000004,Cynon Valley,,Wales,Wales,County,UK Independence Party,UKIP,PP85,35,,Ian,McLean,Male,No,No,,1271,0.039966,-0.123331,33218
W07000070,W92000004,Cynon Valley,,Wales,Wales,County,Plaid Cymru,PC,PP77,22,,Liz,Walters,Female,No,No,,4376,0.137601,-0.030619,33281
W07000070,W92000004,Cynon Valley,,Wales,Wales,County,Conservative,Con,PP52,4,,Keith,Dewhurst,Male,No,No,,6166,0.193887,0.073252,5506
W07000070,W92000004,Cynon Valley,,Wales,Wales,County,Labour,Lab,PP53,15,,Ann,Clwyd,Female,Yes,Yes,553,19404,0.610150,0.133253,1866
E14000657,E12000007,Dagenham and Rainham,,London,England,Borough,Concordia,Cncd,PP3983,274,,Terence,London,Male,No,No,,85,0.001854,,7364
E14000657,E12000007,Dagenham and Rainham,,London,England,Borough,British National Party,BNP,PP3960,67,,Paul,Sturdy,Male,No,No,,239,0.005213,0.001706,34723
E14000657,E12000007,Dagenham and Rainham,,London,England,Borough,Liberal Democrat,LD,PP90,17,,Jonathan,Fryer,Male,No,No,,465,0.010143,-0.006512,725
E14000657,E12000007,Dagenham and Rainham,,London,England,Borough,Green Party,Green,PP63,44,,Denis,Breading,Male,No,No,,544,0.011867,-0.006856,34631
E14000657,E12000007,Dagenham and Rainham,,London,England,Borough,UK Independence Party,UKIP,PP85,35,,Peter,Harris,Male,No,No,,3246,0.070807,-0.227683,4940
E14000657,E12000007,Dagenham and Rainham,,London,England,Borough,Conservative,Con,PP52,4,,Julie,Marson,Female,No,No,4768,18306,0.399319,0.155603,6468
E14000657,E12000007,Dagenham and Rainham,,London,England,Borough,Labour,Lab,PP53,15,,Jon,Cruddas,Male,Yes,Yes,1406,22958,0.500796,0.086627,288
E14000658,E12000001,Darlington,,North East,England,Borough,Green Party,Green,PP63,44,,Matthew,Snedker,Male,No,No,,524,0.011692,-0.023407,34986
E14000658,E12000001,Darlington,,North East,England,Borough,Liberal Democrat,LD,PP90,17,,Anne-Marie,Curry,Female,No,No,,1031,0.023005,-0.024782,5854
E14000658,E12000001,Darlington,,North East,England,Borough,UK Independence Party,UKIP,PP85,35,,Kevin,Brack,Male,No,No,,1180,0.026329,-0.104732,34984
E14000658,E12000001,Darlington,,North East,England,Borough,Conservative,Con,PP52,4,,Peter,Cuthbertson,Male,No,No,,19401,0.432894,0.080958,4781
E14000658,E12000001,Darlington,,North East,England,Borough,Labour,Lab,PP53,15,,Jenny,Chapman,Female,Yes,Yes,3972,22681,0.506080,0.077384,2001
E14000659,E12000008,Dartford,,South East,England,County,Independent,Ind,,8,,Ola,Adewunmi,Male,No,No,,211,0.003891,,34987
E14000659,E12000008,Dartford,,South East,England,County,Green Party,Green,PP63,44,,Andrew,Blatchford,Male,No,No,,807,0.014883,-0.010376,6791
E14000659,E12000008,Dartford,,South East,England,County,Liberal Democrat,LD,PP90,17,,Simon,Beard,Male,No,No,,1428,0.026335,-0.001403,6308
E14000659,E12000008,Dartford,,South East,England,County,UK Independence Party,UKIP,PP85,35,,Ben,Fryer,Male,No,No,,2544,0.046916,-0.152137,29188
E14000659,E12000008,Dartford,,South East,England,County,Labour,Lab,PP53,15,,Bachchu,Kaini,Male,No,No,,18024,0.332399,0.078192,34527
E14000659,E12000008,Dartford,,South East,England,County,Conservative,Con,PP52,4,,Gareth,Johnson,Male,Yes,Yes,3970,31210,0.575575,0.085858,1700
E14000660,E12000004,Daventry,,East Midlands,England,County,Green Party,Green,PP63,44,,Jamie,Wildman,Male,No,No,,957,0.017193,-0.017633,32312
E14000660,E12000004,Daventry,,East Midlands,England,County,UK Independence Party,UKIP,PP85,35,,Ian,Gibbins,Male,No,No,,1497,0.026894,-0.131071,33787
E14000660,E12000004,Daventry,,East Midlands,England,County,Liberal Democrat,LD,PP90,17,,Andrew,Simpson,Male,No,No,,4015,0.072130,0.027346,1938
E14000660,E12000004,Daventry,,East Midlands,England,County,Labour,Lab,PP53,15,,Aiden,Ramsey,Male,No,No,,13730,0.246663,0.065944,15112
E14000660,E12000004,Daventry,,East Midlands,England,County,Conservative,Con,PP52,4,,Chris,Heaton-Harris,Male,Yes,Yes,3977,35464,0.637120,0.055414,1729
W07000042,W92000004,Delyn,,Wales,Wales,County,Liberal Democrat,LD,PP90,17,,Tom,Rippeth,Male,No,No,,1031,0.026156,-0.010687,2948
W07000042,W92000004,Delyn,,Wales,Wales,County,Plaid Cymru,PC,PP77,22,,Paul,Rowlinson,Male,No,No,,1481,0.037572,-0.010564,24858
W07000042,W92000004,Delyn,,Wales,Wales,County,Conservative,Con,PP52,4,,Matt,Wright,Male,No,No,,16333,0.414354,0.087125,778
W07000042,W92000004,Delyn,,Wales,Wales,County,Labour,Lab,PP53,15,,David,Hanson,Male,Yes,Yes,533,20573,0.521919,0.116467,1869
E14000661,E12000002,Denton and Reddish,,North West,England,Borough,Official Monster Raving Loony Party,MRLP,PP66,119,,Farmin Lord,Dave,Male,No,No,,217,0.005480,,34995
E14000661,E12000002,Denton and Reddish,,North West,England,Borough,Green Party,Green,PP63,44,,Gareth,Hayes,Male,No,No,,486,0.012273,-0.025627,34996
E14000661,E12000002,Denton and Reddish,,North West,England,Borough,Liberal Democrat,LD,PP90,17,,Louise,Ankers,Female,No,No,,853,0.021541,-0.003200,5473
E14000661,E12000002,Denton and Reddish,,North West,England,Borough,UK Independence Party,UKIP,PP85,35,,Josh,Seddon,Male,No,No,,1798,0.045405,-0.141379,11100
E14000661,E12000002,Denton and Reddish,,North West,England,Borough,Conservative,Con,PP52,4,,Rozila,Kana,Female,No,No,,11084,0.279906,0.043356,5436
E14000661,E12000002,Denton and Reddish,,North West,England,Borough,Labour,Lab,PP53,15,,Andrew,Gwynne,Male,Yes,Yes,1506,25161,0.635395,0.127109,3802
E14000662,E12000004,Derby North,,East Midlands,England,Borough,UK Independence Party,UKIP,PP85,35,,Bill,Piper,Male,No,No,,1181,0.024264,-0.121718,5020
E14000662,E12000004,Derby North,,East Midlands,England,Borough,Liberal Democrat,LD,PP90,17,,Lucy,Care,Female,No,No,,2262,0.046474,-0.039166,284
E14000662,E12000004,Derby North,,East Midlands,England,Borough,Conservative,Con,PP52,4,,Amanda,Solloway,Female,Yes,Yes,4372,21607,0.443931,0.077365,4183
E14000662,E12000004,Derby North,,East Midlands,England,Borough,Labour,Lab,PP53,15,,Chris,Williamson,Male,No,Yes,3976,23622,0.485330,0.119681,373
E14000663,E12000004,Derby South,,East Midlands,England,Borough,Green Party,Green,PP63,44,,Ian,Sleeman,Male,No,No,,454,0.010021,-0.019573,11939
E14000663,E12000004,Derby South,,East Midlands,England,Borough,Liberal Democrat,LD,PP90,17,,Joe,Naitta,Male,No,No,,1229,0.027127,-0.014936,3123
E14000663,E12000004,Derby South,,East Midlands,England,Borough,UK Independence Party,UKIP,PP85,35,,Alan,Graves,Male,No,No,,2011,0.044387,-0.110953,4864
E14000663,E12000004,Derby South,,East Midlands,England,Borough,Conservative,Con,PP52,4,,Evonne,Williams,Female,No,No,,15182,0.335099,0.061238,4184
E14000663,E12000004,Derby South,,East Midlands,England,Borough,Labour,Lab,PP53,15,,Margaret,Beckett,Female,Yes,Yes,328,26430,0.583366,0.093239,3393
E14000664,E12000004,Derbyshire Dales,,East Midlands,England,County,Humanity,Hum,PP834,98,,Robin,Greenwood,Male,No,No,,282,0.005689,0.002543,35000
E14000664,E12000004,Derbyshire Dales,,East Midlands,England,County,Green Party,Green,PP63,44,,Matthew,Buckler,Male,No,No,,1002,0.020213,-0.025668,34998
E14000664,E12000004,Derbyshire Dales,,East Midlands,England,County,Liberal Democrat,LD,PP90,17,,Andrew,Hollyer,Male,No,No,,3126,0.063061,-0.020658,34649
E14000664,E12000004,Derbyshire Dales,,East Midlands,England,County,Labour,Lab,PP53,15,,Andy,Botham,Male,No,No,,15417,0.311008,0.083796,4777
E14000664,E12000004,Derbyshire Dales,,East Midlands,England,County,Conservative,Con,PP52,4,,Patrick,McLoughlin,Male,Yes,Yes,333,29744,0.600028,0.076285,2213
E14000665,E12000009,Devizes,,South West,England,County,Wessex Regionalists,WR,PP95,164,,Jim,Gunter,Male,No,No,,223,0.004408,,35001
E14000665,E12000009,Devizes,,South West,England,County,Green Party,Green,PP63,44,,Emma,Dawnay,Female,No,No,,1606,0.031744,-0.026474,23922
E14000665,E12000009,Devizes,,South West,England,County,UK Independence Party,UKIP,PP85,35,,Timothy,Page,Male,No,No,,1706,0.033720,-0.120220,35002
E14000665,E12000009,Devizes,,South West,England,County,Liberal Democrat,LD,PP90,17,,Christopher,Coleman,Male,No,No,,4706,0.093017,0.012333,1954
E14000665,E12000009,Devizes,,South West,England,County,Labour,Lab,PP53,15,,Imtiyaz,Shaikh,Male,No,No,,10608,0.209673,0.079893,16595
E14000665,E12000009,Devizes,,South West,England,County,Conservative,Con,PP52,4,,Claire,Perry,Female,Yes,Yes,3974,31744,0.627439,0.050060,1573
E14000666,E12000003,Dewsbury,,Yorkshire and The Humber,England,County,Green Party,Green,PP63,44,,Simon,Cope,Male,No,No,,1024,0.018109,-0.007361,8644
E14000666,E12000003,Dewsbury,,Yorkshire and The Humber,England,County,Liberal Democrat,LD,PP90,17,,Ednan,Hussain,Male,No,No,,1214,0.021470,-0.014406,6361
E14000666,E12000003,Dewsbury,,Yorkshire and The Humber,England,County,Conservative,Con,PP52,4,,Beth,Prescott,Female,No,No,,25493,0.450844,0.060112,5484
E14000666,E12000003,Dewsbury,,Yorkshire and The Humber,England,County,Labour,Lab,PP53,15,,Paula,Sherriff,Female,Yes,Yes,4426,28814,0.509576,0.091788,4319
E14000667,E12000003,Don Valley,,Yorkshire and The Humber,England,County,Liberal Democrat,LD,PP90,17,,Anthony,Smith,Male,No,No,,856,0.018614,-0.016386,4898
E14000667,E12000003,Don Valley,,Yorkshire and The Humber,England,County,The Yorkshire Party,Yrks,PP2055,262,,Stevie,Manion,Male,No,No,,1599,0.034770,,19649
E14000667,E12000003,Don Valley,,Yorkshire and The Humber,England,County,Conservative,Con,PP52,4,,Aaron,Bell,Male,No,No,4837,19182,0.417109,0.164414,34452
E14000667,E12000003,Don Valley,,Yorkshire and The Humber,England,County,Labour,Lab,PP53,15,,Caroline,Flint,Female,Yes,Yes,389,24351,0.529508,0.067685,978
E14000668,E12000003,Doncaster Central,,Yorkshire and The Humber,England,Borough,Liberal Democrat,LD,PP90,17,,Alison,Brelsford,Female,No,No,,973,0.022615,-0.019864,34854
E14000668,E12000003,Doncaster Central,,Yorkshire and The Humber,England,Borough,Independent,Ind,,8,,Eddie,Todd,Male,No,No,,1006,0.023382,,23041
E14000668,E12000003,Doncaster Central,,Yorkshire and The Humber,England,Borough,The Yorkshire Party,Yrks,PP2055,262,,Chris,Whitwood,Male,No,No,,1346,0.031285,,6212
E14000668,E12000003,Doncaster Central,,Yorkshire and The Humber,England,Borough,Conservative,Con,PP52,4,,Tom,Hunt,Male,No,No,4771,14784,0.343622,0.136151,34603
E14000668,E12000003,Doncaster Central,,Yorkshire and The Humber,England,Borough,Labour,Lab,PP53,15,,Rosie,Winterton,Female,Yes,Yes,390,24915,0.579095,0.088249,1873
E14000669,E12000003,Doncaster North,,Yorkshire and The Humber,England,County,English Democrats,ED,PP17,90,,David,Allen,Male,No,No,,363,0.008579,-0.002762,5812
E14000669,E12000003,Doncaster North,,Yorkshire and The Humber,England,County,Independent,Ind,,8,,Frank,Calladine,Male,No,No,,366,0.008650,,23049
E14000669,E12000003,Doncaster North,,Yorkshire and The Humber,England,County,Liberal Democrat,LD,PP90,17,,Robert,Adamson,Male,No,No,,706,0.016686,-0.008757,3196
E14000669,E12000003,Doncaster North,,Yorkshire and The Humber,England,County,The Yorkshire Party,Yrks,PP2055,262,,Charlie,Bridges,Male,No,No,,741,0.017513,,34856
E14000669,E12000003,Doncaster North,,Yorkshire and The Humber,England,County,UK Independence Party,UKIP,PP85,35,,Kim,Parkinson,Male,No,No,,2738,0.064710,-0.161310,5116
E14000669,E12000003,Doncaster North,,Yorkshire and The Humber,England,County,Conservative,Con,PP52,4,,Shade,Adoh,Female,No,No,,11687,0.276210,0.093050,34857
E14000669,E12000003,Doncaster North,,Yorkshire and The Humber,England,County,Labour,Lab,PP53,15,,Edward,Miliband,Male,Yes,Yes,1510,25711,0.607653,0.083413,3056
E14000670,E12000008,Dover,,South East,England,County,Green Party,Green,PP63,44,,Beccy,Sawbridge,Female,No,No,,923,0.017762,-0.008023,27457
E14000670,E12000008,Dover,,South East,England,County,Liberal Democrat,LD,PP90,17,,Simon,Dodd,Male,No,No,,1336,0.025709,-0.005591,7182
E14000670,E12000008,Dover,,South East,England,County,UK Independence Party,UKIP,PP85,35,,Piers,Wauchope,Male,No,No,,1722,0.033137,-0.169495,5247
E14000670,E12000008,Dover,,South East,England,County,Labour,Lab,PP53,15,,Stacey,Blair,Female,No,No,,20774,0.399761,0.092279,34329
E14000670,E12000008,Dover,,South East,England,County,Conservative,Con,PP52,4,,Charlie,Elphicke,Male,Yes,Yes,3971,27211,0.523631,0.090830,2854
E14000671,E12000005,Dudley North,,West Midlands,England,Borough,Green Party,Green,PP63,44,,Andrew,Nixon,Male,No,No,,240,0.006168,-0.007440,35137
E14000671,E12000005,Dudley North,,West Midlands,England,Borough,Liberal Democrat,LD,PP90,17,,Ben,France,Male,No,No,,368,0.009458,-0.003124,35136
E14000671,E12000005,Dudley North,,West Midlands,England,Borough,UK Independence Party,UKIP,PP85,35,,Bill,Etheridge,Male,No,No,,2144,0.055102,-0.184765,4797
E14000671,E12000005,Dudley North,,West Midlands,England,Borough,Conservative,Con,PP52,4,,Les,Jones,Male,No,No,,18068,0.464354,0.156289,7022
E14000671,E12000005,Dudley North,,West Midlands,England,Borough,Labour,Lab,PP53,15,,Ian,Austin,Male,Yes,Yes,1511,18090,0.464919,0.046805,4148
E14000672,E12000005,Dudley South,,West Midlands,England,Borough,Green Party,Green,PP63,44,,Jenny,Maxwell,Female,No,No,,382,0.009988,-0.015398,16218
E14000672,E12000005,Dudley South,,West Midlands,England,Borough,Liberal Democrat,LD,PP90,17,,Jon,Bramall,Male,No,No,,625,0.016342,-0.005327,3124
E14000672,E12000005,Dudley South,,West Midlands,England,Borough,UK Independence Party,UKIP,PP85,35,,Mitch,Bolton,Male,No,No,,1791,0.046831,-0.142544,35138
E14000672,E12000005,Dudley South,,West Midlands,England,Borough,Labour,Lab,PP53,15,,Natasha,Millward,Female,No,No,,13858,0.362357,0.036448,4321
E14000672,E12000005,Dudley South,,West Midlands,England,Borough,Conservative,Con,PP52,4,,Mike,Wood,Male,Yes,Yes,4384,21588,0.564481,0.126820,4687
E14000673,E12000007,Dulwich and West Norwood,,London,England,Borough,Independent,Ind,,8,,Yen,Chong,Male,No,No,,103,0.001835,,34791
E14000673,E12000007,Dulwich and West Norwood,,London,England,Borough,Independent,Ind,,8,,Robin,Lambert,Male,No,No,,121,0.002155,,2308
E14000673,E12000007,Dulwich and West Norwood,,London,England,Borough,Green Party,Green,PP63,44,,Rashid,Nix,Male,No,No,,1408,0.025079,-0.069232,5688
E14000673,E12000007,Dulwich and West Norwood,,London,England,Borough,Liberal Democrat,LD,PP90,17,,Gail,Kent,Female,No,No,,4475,0.079707,-0.018712,34291
E14000673,E12000007,Dulwich and West Norwood,,London,England,Borough,Conservative,Con,PP52,4,,Rachel,Wolf,Female,No,No,,10940,0.194860,-0.031962,34520
E14000673,E12000007,Dulwich and West Norwood,,London,England,Borough,Labour,Lab,PP53,15,,Helen,Hayes,Female,Yes,Yes,4510,39096,0.696365,0.155654,4322
S14000013,S92000003,Dumfries and Galloway,,Scotland,Scotland,County,Independent,Ind,,8,,Yen,Hongmei Jin,Female,No,No,,538,0.010427,,21314
S14000013,S92000003,Dumfries and Galloway,,Scotland,Scotland,County,Liberal Democrat,LD,PP90,17,,Joan,Mitchell,Female,No,No,,1241,0.024051,0.007214,34403
S14000013,S92000003,Dumfries and Galloway,,Scotland,Scotland,County,Labour,Lab,PP53,15,,Daniel,Goodare,Male,No,No,,10775,0.208822,-0.038201,34220
S14000013,S92000003,Dumfries and Galloway,,Scotland,Scotland,County,Scottish National Party,SNP,PP102,29,,Richard,Arkless,Male,Yes,Yes,4387,16701,0.323669,-0.090451,5920
S14000013,S92000003,Dumfries and Galloway,,Scotland,Scotland,County,Conservative,Con,PP52,4,,Alister,Jack,Male,No,No,4619,22344,0.433032,0.133996,34790
S14000014,S92000003,"Dumfriesshire, Clydesdale and Tweeddale",,Scotland,Scotland,County,Liberal Democrat,LD,PP90,17,,John,Ferry,Male,No,No,,1949,0.039805,0.013104,34693
S14000014,S92000003,"Dumfriesshire, Clydesdale and Tweeddale",,Scotland,Scotland,County,Labour,Lab,PP53,15,,Douglas,Beattie,Male,No,No,,8102,0.165469,0.017561,34257
S14000014,S92000003,"Dumfriesshire, Clydesdale and Tweeddale",,Scotland,Scotland,County,Scottish National Party,SNP,PP102,29,,Mairi,McAllan,Female,No,No,,14736,0.300956,-0.081923,10997
S14000014,S92000003,"Dumfriesshire, Clydesdale and Tweeddale",,Scotland,Scotland,County,Conservative,Con,PP52,4,,David,Mundell,Male,Yes,Yes,1512,24177,0.493771,0.095585,1592
S14000015,S92000003,Dundee East,,Scotland,Scotland,Burgh,Liberal Democrat,LD,PP90,17,,Christopher,McIntyre,Male,No,No,,1615,0.037621,0.008836,22025
S14000015,S92000003,Dundee East,,Scotland,Scotland,Burgh,Labour,Lab,PP53,15,,Lesley,Brennan,Female,No,No,,11176,0.260343,0.061049,4324
S14000015,S92000003,Dundee East,,Scotland,Scotland,Burgh,Conservative,Con,PP52,4,,Eleanor,Price,Female,No,No,,11746,0.273621,0.124072,34518
S14000015,S92000003,Dundee East,,Scotland,Scotland,Burgh,Scottish National Party,SNP,PP102,29,,Stewart,Hosie,Male,Yes,Yes,1514,18391,0.428415,-0.168555,1046
S14000016,S92000003,Dundee West,,Scotland,Scotland,Burgh,Independent,Ind,,8,,Sean,Dobson,Male,No,No,,403,0.010420,,34799
S14000016,S92000003,Dundee West,,Scotland,Scotland,Burgh,Liberal Democrat,LD,PP90,17,,Jenny,Blain,Female,No,No,,1189,0.030742,0.007103,22050
S14000016,S92000003,Dundee West,,Scotland,Scotland,Burgh,Conservative,Con,PP52,4,,Darren,Cormack,Male,No,No,,6257,0.161776,0.075628,34798
S14000016,S92000003,Dundee West,,Scotland,Scotland,Burgh,Labour,Lab,PP53,15,,Alan,Cowan,Male,No,No,,12783,0.330507,0.093623,34258
S14000016,S92000003,Dundee West,,Scotland,Scotland,Burgh,Scottish National Party,SNP,PP102,29,,Chris,Law,Male,Yes,Yes,4403,18045,0.466556,-0.152579,6020
S14000017,S92000003,Dunfermline and West Fife,,Scotland,Scotland,County,Liberal Democrat,LD,PP90,17,,James,Calder,Male,No,No,,3019,0.059184,0.019249,9259
S14000017,S92000003,Dunfermline and West Fife,,Scotland,Scotland,County,Conservative,Con,PP52,4,,Belinda,Hacking,Female,No,No,,12593,0.246873,0.128373,3415
S14000017,S92000003,Dunfermline and West Fife,,Scotland,Scotland,County,Labour and Co-operative,Lab,PP53,15,PP119,Cara,Hilton,Female,No,No,,17277,0.338698,0.021218,8111
S14000017,S92000003,Dunfermline and West Fife,,Scotland,Scotland,County,Scottish National Party,SNP,PP102,29,,Douglas,Chapman,Male,Yes,Yes,4402,18121,0.355244,-0.147458,6050
W07000061,W92000004,Dwyfor Meirionnydd,,Wales,Wales,County,UK Independence Party,UKIP,PP85,35,,Frank,Wykes,Male,No,No,,614,0.020232,-0.087885,3618
W07000061,W92000004,Dwyfor Meirionnydd,,Wales,Wales,County,Liberal Democrat,LD,PP90,17,,Stephen,Churchman,Male,No,No,,937,0.030875,-0.009003,5055
W07000061,W92000004,Dwyfor Meirionnydd,,Wales,Wales,County,Labour,Lab,PP53,15,,Mathew,Norman,Male,No,No,,6273,0.206702,0.071676,34230
W07000061,W92000004,Dwyfor Meirionnydd,,Wales,Wales,County,Conservative,Con,PP52,4,,Neil,Fairlamb,Male,No,No,,8837,0.291189,0.064647,7850
W07000061,W92000004,Dwyfor Meirionnydd,,Wales,Wales,County,Plaid Cymru,PC,PP77,22,,Liz,Saville Roberts,Female,Yes,Yes,4521,13687,0.451002,0.042500,4970
E14000674,E12000007,Ealing Central and Acton,,London,England,Borough,Liberal Democrat,LD,PP90,17,,Jon,Ball,Male,No,No,,3075,0.055564,-0.005465,3115
E14000674,E12000007,Ealing Central and Acton,,London,England,Borough,Conservative,Con,PP52,4,,Joy,Morrissey,Female,No,No,4759,19230,0.347476,-0.079451,8004
E14000674,E12000007,Ealing Central and Acton,,London,England,Borough,Labour,Lab,PP53,15,,Rupa,Huq,Female,Yes,Yes,4511,33037,0.596961,0.164650,4326
E14000675,E12000007,Ealing North,,London,England,Borough,Green Party,Green,PP63,44,,Meena,Hans,Female,No,No,,743,0.014148,-0.019556,6000
E14000675,E12000007,Ealing North,,London,England,Borough,UK Independence Party,UKIP,PP85,35,,Peter,McIlvenna,Male,No,No,,921,0.017538,-0.063312,34776
E14000675,E12000007,Ealing North,,London,England,Borough,Liberal Democrat,LD,PP90,17,,Humaira,Sanders,Female,No,No,,1275,0.024278,-0.008189,34146
E14000675,E12000007,Ealing North,,London,England,Borough,Conservative,Con,PP52,4,,Isobel,Grant,Female,No,No,,14942,0.284523,-0.012715,5033
E14000675,E12000007,Ealing North,,London,England,Borough,Labour,Lab,PP53,15,,Stephen,Pound,Male,Yes,Yes,161,34635,0.659513,0.108184,2147
E14000676,E12000007,"Ealing, Southall",,London,England,Borough,Workers Revolutionary Party,WRP,PP184,167,,Arjinder,Thiara,Male,No,No,,362,0.008019,,34662
E14000676,E12000007,"Ealing, Southall",,London,England,Borough,UK Independence Party,UKIP,PP85,35,,John,Poynton,Male,No,No,,504,0.011164,-0.029671,5961
E14000676,E12000007,"Ealing, Southall",,London,England,Borough,Green Party,Green,PP63,44,,Peter,Ward,Male,No,No,,1037,0.022970,-0.023358,34560
E14000676,E12000007,"Ealing, Southall",,London,England,Borough,Liberal Democrat,LD,PP90,17,,Nigel,Bakhai,Male,No,No,,1892,0.041909,0.006130,1372
E14000676,E12000007,"Ealing, Southall",,London,England,Borough,Conservative,Con,PP52,4,,Fabio,Conti,Male,No,No,,9630,0.213313,-0.003372,34559
E14000676,E12000007,"Ealing, Southall",,London,England,Borough,Labour,Lab,PP53,15,,Virendra,Sharma,Male,Yes,Yes,1604,31720,0.702625,0.052894,1373
E14000677,E12000001,Easington,,North East,England,County,Green Party,Green,PP63,44,,Martie,Warin,Male,No,No,,410,0.011275,-0.009895,34788
E14000677,E12000001,Easington,,North East,England,County,Liberal Democrat,LD,PP90,17,,Tom,Hancock,Male,No,No,,460,0.012650,-0.011437,7029
E14000677,E12000001,Easington,,North East,England,County,UK Independence Party,UKIP,PP85,35,,Allyn,Roberts,Male,No,No,,1727,0.047492,-0.139979,34787
E14000677,E12000001,Easington,,North East,England,County,The North East Party,NEP,PP2303,213,,Susan,McDonnell,Female,No,No,,2355,0.064762,0.041368,6061
E14000677,E12000001,Easington,,North East,England,County,Conservative,Con,PP52,4,,Barney,Campbell,Male,No,No,,8260,0.227148,0.097815,34786
E14000677,E12000001,Easington,,North East,England,County,Labour,Lab,PP53,15,,Grahame,Morris,Male,Yes,Yes,3973,23152,0.636674,0.026346,1365
N06000005,N92000002,East Antrim,,Northern Ireland,Northern Ireland,County,Conservative,Con,PP51,4,,Mark,Logan,Male,No,No,4815,963,0.025247,0.008858,19721
N06000005,N92000002,East Antrim,,Northern Ireland,Northern Ireland,County,Social Democratic & Labour Party,SDLP,PP55,31,,Margaret,McKillop,Female,No,No,,1278,0.033505,-0.015424,5389
N06000005,N92000002,East Antrim,,Northern Ireland,Northern Ireland,County,Sinn Féin,SF,PP39,30,,Oliver,McMullan,Male,No,No,,3555,0.093202,0.024121,1061
N06000005,N92000002,East Antrim,,Northern Ireland,Northern Ireland,County,Ulster Unionist Party,UUP,PP83,38,,John,Stewart,Male,No,No,,4524,0.118606,-0.069709,8121
N06000005,N92000002,East Antrim,,Northern Ireland,Northern Ireland,County,Alliance,APNI,PP103,1,,Stewart,Dickson,Male,No,No,,5950,0.155992,0.006098,4591
N06000005,N92000002,East Antrim,,Northern Ireland,Northern Ireland,County,Democratic Unionist Party,DUP,PP70,7,,Sammy,Wilson,Male,Yes,Yes,1593,21873,0.573447,0.212131,1364
E14000678,E12000009,East Devon,,South West,England,County,Independent,Ind,,8,,Michael,Val Davies,Male,No,No,,128,0.002120,,35014
E14000678,E12000009,East Devon,,South West,England,County,Independent,Ind,,8,,Peter,Faithfull,Male,No,No,,150,0.002484,,35013
E14000678,E12000009,East Devon,,South West,England,County,UK Independence Party,UKIP,PP85,35,,Brigitte,Graham,Female,No,No,,1203,0.019923,-0.105632,26475
E14000678,E12000009,East Devon,,South West,England,County,Liberal Democrat,LD,PP90,17,,Alison,Eden,Female,No,No,,1468,0.024312,-0.043583,35012
E14000678,E12000009,East Devon,,South West,England,County,Labour,Lab,PP53,15,,Jan,Ross,Female,No,No,,6857,0.113560,0.011380,26489
E14000678,E12000009,East Devon,,South West,England,County,Independent,Ind,,8,,Claire,Wright,Female,No,No,,21270,0.352257,,5123
E14000678,E12000009,East Devon,,South West,England,County,Conservative,Con,PP52,4,,Hugo,Swire,Male,Yes,Yes,1408,29306,0.485343,0.021118,194
S14000018,S92000003,East Dunbartonshire,,Scotland,Scotland,County,Labour,Lab,PP53,15,,Callum,McNally,Male,No,No,,7531,0.145383,0.022295,34259
S14000018,S92000003,East Dunbartonshire,,Scotland,Scotland,County,Conservative,Con,PP52,4,,Sheila,Mechan,Female,No,No,,7563,0.146001,0.059854,8337
S14000018,S92000003,East Dunbartonshire,,Scotland,Scotland,County,Scottish National Party,SNP,PP102,29,,John,Nicolson,Male,Yes,Yes,4415,15684,0.302774,-0.099861,5926
S14000018,S92000003,East Dunbartonshire,,Scotland,Scotland,County,Liberal Democrat,LD,PP90,17,,Jo,Swinson,Female,No,Yes,1513,21023,0.405842,0.042699,108
E14000679,E12000007,East Ham,,London,England,Borough,Independent,Ind,,8,,Mirza,Rahman,Male,No,No,,130,0.002295,,34748
E14000679,E12000007,East Ham,,London,England,Borough,Friends Party,Frnd,PP6372,261,,Afzal,Choudhry,Male,No,No,,311,0.005491,,34746
E14000679,E12000007,East Ham,,London,England,Borough,Green Party,Green,PP63,44,,Chidi,Oti-Obihara,Male,No,No,,474,0.008370,-0.016473,34747
E14000679,E12000007,East Ham,,London,England,Borough,Liberal Democrat,LD,PP90,17,,Glanville,Williams,Male,No,No,,656,0.011583,-0.004787,15513
E14000679,E12000007,East Ham,,London,England,Borough,UK Independence Party,UKIP,PP85,35,,Daniel,Oxley,Male,No,No,,697,0.012307,-0.037836,6863
E14000679,E12000007,East Ham,,London,England,Borough,Conservative,Con,PP52,4,,Kirsty,Finlayson,Female,No,No,,7241,0.127858,0.007166,34612
E14000679,E12000007,East Ham,,London,England,Borough,Labour,Lab,PP53,15,,Stephen,Timms,Male,Yes,Yes,163,47124,0.832094,0.056363,983
E14000680,E12000008,East Hampshire,,South East,England,County,The Justice & Anti-Corruption Party,JACP,PP865,105,,Susan,Jerrard,Female,No,No,,571,0.010305,,34993
E14000680,E12000008,East Hampshire,,South East,England,County,Green Party,Green,PP63,44,,Richard,Knight,Male,No,No,,1760,0.031764,-0.029728,34992
E14000680,E12000008,East Hampshire,,South East,England,County,Liberal Democrat,LD,PP90,17,,Richard,Robinson,Male,No,No,,8403,0.151657,0.040677,6258
E14000680,E12000008,East Hampshire,,South East,England,County,Labour,Lab,PP53,15,,Rohit,Dasgupta,Male,No,No,,9411,0.169849,0.068782,34283
E14000680,E12000008,East Hampshire,,South East,England,County,Conservative,Con,PP52,4,,Damian,Hinds,Male,Yes,Yes,3969,35263,0.636424,0.029752,3449
S14000019,S92000003,"East Kilbride, Strathaven and Lesmahagow",,Scotland,Scotland,County,UK Independence Party,UKIP,PP85,35,,Janice,MacKay,Female,No,No,,628,0.011608,-0.008561,6704
S14000019,S92000003,"East Kilbride, Strathaven and Lesmahagow",,Scotland,Scotland,County,Liberal Democrat,LD,PP90,17,,Paul,McGarry,Male,No,No,,1590,0.029389,0.012177,4995
S14000019,S92000003,"East Kilbride, Strathaven and Lesmahagow",,Scotland,Scotland,County,Conservative,Con,PP52,4,,Mark,McGeever,Male,No,No,,13704,0.253299,0.135541,22797
S14000019,S92000003,"East Kilbride, Strathaven and Lesmahagow",,Scotland,Scotland,County,Labour,Lab,PP53,15,,Monique,McAdams,Female,No,No,,17157,0.317123,0.033818,22743
S14000019,S92000003,"East Kilbride, Strathaven and Lesmahagow",,Scotland,Scotland,County,Scottish National Party,SNP,PP102,29,,Lisa,Cameron,Female,Yes,Yes,4412,21023,0.388581,-0.167722,6047
N06000006,N92000002,East Londonderry,,Northern Ireland,Northern Ireland,County,Conservative,Con,PP51,4,,Liz,St Clair-Legge,Female,No,No,,330,0.008043,-0.004114,7122
N06000006,N92000002,East Londonderry,,Northern Ireland,Northern Ireland,County,Alliance,APNI,PP103,1,,Chris,McCaw,Male,No,No,,2538,0.061857,-0.014250,11861
N06000006,N92000002,East Londonderry,,Northern Ireland,Northern Ireland,County,Ulster Unionist Party,UUP,PP83,38,,Richard,Holmes,Male,No,No,,3135,0.076408,-0.077219,34322
N06000006,N92000002,East Londonderry,,Northern Ireland,Northern Ireland,County,Social Democratic & Labour Party,SDLP,PP55,31,,Stephanie,Quigley,Female,No,No,,4423,0.107799,-0.015148,35020
N06000006,N92000002,East Londonderry,,Northern Ireland,Northern Ireland,County,Sinn Féin,SF,PP39,30,,Dermot,Nicholl,Male,No,No,,10881,0.265196,0.067610,34598
N06000006,N92000002,East Londonderry,,Northern Ireland,Northern Ireland,County,Democratic Unionist Party,DUP,PP70,7,,Gregory,Campbell,Male,Yes,Yes,1409,19723,0.480697,0.058303,2139
S14000020,S92000003,East Lothian,,Scotland,Scotland,County,Independent,Ind,,8,,Mike,Allan,Male,No,No,,367,0.006568,,7299
S14000020,S92000003,East Lothian,,Scotland,Scotland,County,Liberal Democrat,LD,PP90,17,,Elisabeth,Wilson,Female,No,No,,1738,0.031103,0.005398,2329
S14000020,S92000003,East Lothian,,Scotland,Scotland,County,Conservative,Con,PP52,4,,Sheila,Low,Female,No,No,,16540,0.296002,0.100947,86
S14000020,S92000003,East Lothian,,Scotland,Scotland,County,Scottish National Party,SNP,PP102,29,,George,Kerevan,Male,Yes,Yes,4416,17075,0.305576,-0.119814,838
S14000020,S92000003,East Lothian,,Scotland,Scotland,County,Labour,Lab,PP53,15,,Martin,Whitfield,Male,No,No,4626,20158,0.360750,0.050637,34234
S14000021,S92000003,East Renfrewshire,,Scotland,Scotland,County,Liberal Democrat,LD,PP90,17,,Aileen,Morton,Female,No,No,,1112,0.020693,0.001849,6614
S14000021,S92000003,East Renfrewshire,,Scotland,Scotland,County,Labour,Lab,PP53,15,,Blair,McDougall,Male,No,No,5076,14346,0.266962,-0.073158,34200
S14000021,S92000003,East Renfrewshire,,Scotland,Scotland,County,Scottish National Party,SNP,PP102,29,,Kirsten,Oswald,Female,Yes,Yes,4413,16784,0.312330,-0.093328,5554
S14000021,S92000003,East Renfrewshire,,Scotland,Scotland,County,Conservative,Con,PP52,4,,Paul,Masterton,Male,No,No,4625,21496,0.400015,0.180290,8435
E14000681,E12000008,East Surrey,,South East,England,County,Green Party,Green,PP63,44,,Benedict,Southworth,Male,No,No,,1100,0.018580,-0.019903,30661
E14000681,E12000008,East Surrey,,South East,England,County,UK Independence Party,UKIP,PP85,35,,Helena,Windsor,Female,No,No,,2227,0.037616,-0.132660,343
E14000681,E12000008,East Surrey,,South East,England,County,Independent,Ind,,8,,Andy,Parr,Male,No,No,,2973,0.050217,,35015
E14000681,E12000008,East Surrey,,South East,England,County,Liberal Democrat,LD,PP90,17,,David,Lee,Male,No,No,,6197,0.104674,0.012183,423
E14000681,E12000008,East Surrey,,South East,England,County,Labour,Lab,PP53,15,,Hitesh,Tailor,Male,No,No,,11396,0.192490,0.074368,34415
E14000681,E12000008,East Surrey,,South East,England,County,Conservative,Con,PP52,4,,Sam,Gyimah,Male,Yes,Yes,3980,35310,0.596422,0.022282,3936
E14000682,E12000008,East Worthing and Shoreham,,South East,England,County,Independent,Ind,,8,,Andy,Lutwyche,Male,No,No,,432,0.008133,,34638
E14000682,E12000008,East Worthing and Shoreham,,South East,England,County,National Health Action Party,NHAP,PP1931,201,,Carl,Walker,Male,No,No,,575,0.010825,-0.014086,4722
E14000682,E12000008,East Worthing and Shoreham,,South East,England,County,Green Party,Green,PP63,44,,Leslie,Groves Williams,Female,No,No,,1273,0.023966,-0.028241,9375
E14000682,E12000008,East Worthing and Shoreham,,South East,England,County,UK Independence Party,UKIP,PP85,35,,Mike,Glennon,Male,No,No,,1444,0.027185,-0.138493,340
E14000682,E12000008,East Worthing and Shoreham,,South East,England,County,Liberal Democrat,LD,PP90,17,,Oli,Henman,Male,No,No,,2523,0.047499,-0.019838,26002
E14000682,E12000008,East Worthing and Shoreham,,South East,England,County,Labour,Lab,PP53,15,,Sophie,Cook,Female,No,No,,20882,0.393132,0.197994,34303
E14000682,E12000008,East Worthing and Shoreham,,South East,England,County,Conservative,Con,PP52,4,,Tim,Loughton,Male,Yes,Yes,114,25988,0.489260,-0.005470,2545
E14000683,E12000003,East Yorkshire,,Yorkshire and The Humber,England,County,Green Party,Green,PP63,44,,Michael,Jackson,Male,No,No,,943,0.017477,-0.017149,1415
E14000683,E12000003,East Yorkshire,,Yorkshire and The Humber,England,County,The Yorkshire Party,Yrks,PP2055,262,,Timothy,Norman,Male,No,No,,1015,0.018812,,35033
E14000683,E12000003,East Yorkshire,,Yorkshire and The Humber,England,County,UK Independence Party,UKIP,PP85,35,,Andrew,Dennis,Male,No,No,,1986,0.036808,-0.142324,35029
E14000683,E12000003,East Yorkshire,,Yorkshire and The Humber,England,County,Liberal Democrat,LD,PP90,17,,Carl,Minns,Male,No,No,,2134,0.039551,-0.019780,6405
E14000683,E12000003,East Yorkshire,,Yorkshire and The Humber,England,County,Labour,Lab,PP53,15,,Alan,Clark,Male,No,No,,16436,0.304619,0.097721,29839
E14000683,E12000003,East Yorkshire,,Yorkshire and The Humber,England,County,Conservative,Con,PP52,4,,Greg,Knight,Male,Yes,Yes,1200,31442,0.582734,0.077123,2878
E14000684,E12000008,Eastbourne,,South East,England,Borough,Green Party,Green,PP63,44,,Alex,Hough,Female,No,No,,510,0.008882,-0.016653,29753
E14000684,E12000008,Eastbourne,,South East,England,Borough,Labour,Lab,PP53,15,,Jake,Lambert,Male,No,No,,4671,0.081348,0.003041,5292
E14000684,E12000008,Eastbourne,,South East,England,Borough,Conservative,Con,PP52,4,,Caroline,Ansell,Female,Yes,Yes,4512,25315,0.440874,0.045199,4188
E14000684,E12000008,Eastbourne,,South East,England,Borough,Liberal Democrat,LD,PP90,17,,Stephen,Lloyd,Male,No,Yes,3968,26924,0.468896,0.087075,1056
E14000685,E12000008,Eastleigh,,South East,England,Borough,Green Party,Green,PP63,44,,Ron,Meldrum,Male,No,No,,750,0.013094,-0.014165,34611
E14000685,E12000008,Eastleigh,,South East,England,Borough,UK Independence Party,UKIP,PP85,35,,Malcolm,Jones,Male,No,No,,1477,0.025786,-0.132452,6518
E14000685,E12000008,Eastleigh,,South East,England,Borough,Labour,Lab,PP53,15,,Jill,Payne,Female,No,No,,11454,0.199965,0.070589,34469
E14000685,E12000008,Eastleigh,,South East,England,Borough,Liberal Democrat,LD,PP90,17,,Mike,Thornton,Male,No,Yes,4273,14710,0.256809,-0.001132,4495
E14000685,E12000008,Eastleigh,,South East,England,Borough,Conservative,Con,PP52,4,,Mims,Davies,Female,Yes,Yes,4513,28889,0.504347,0.081610,4189
E14000686,E12000002,Eddisbury,,North West,England,County,Pirate Party UK,Prte,PP770,132,,Morgan,Hill,Male,No,No,,179,0.003488,,34931
E14000686,E12000002,Eddisbury,,North West,England,County,Green Party,Green,PP63,44,,Mark,Green,Male,No,No,,785,0.015296,-0.019000,34542
E14000686,E12000002,Eddisbury,,North West,England,County,UK Independence Party,UKIP,PP85,35,,John,Bickley,Male,No,No,,1109,0.021610,-0.100412,5300
E14000686,E12000002,Eddisbury,,North West,England,County,Liberal Democrat,LD,PP90,17,,Ian,Priestner,Male,No,No,,2804,0.054639,-0.035938,4991
E14000686,E12000002,Eddisbury,,North West,England,County,Labour,Lab,PP53,15,,Cathy,Reynolds,Female,No,No,,17250,0.336133,0.099754,34448
E14000686,E12000002,Eddisbury,,North West,England,County,Conservative,Con,PP52,4,,Antoinette,Sandbach,Female,Yes,Yes,4506,29192,0.568834,0.058465,1904
S14000022,S92000003,Edinburgh East,,Scotland,Scotland,Burgh,Liberal Democrat,LD,PP90,17,,Tristan,Gray,Male,No,No,,1849,0.042483,0.014345,9209
S14000022,S92000003,Edinburgh East,,Scotland,Scotland,Burgh,Conservative,Con,PP52,4,,Katie,Mackie,Female,No,No,,8081,0.185672,0.086498,1686
S14000022,S92000003,Edinburgh East,,Scotland,Scotland,Burgh,Labour,Lab,PP53,15,,Patsy,King,Female,No,No,,15084,0.346575,0.047525,34268
S14000022,S92000003,Edinburgh East,,Scotland,Scotland,Burgh,Scottish National Party,SNP,PP102,29,,Tommy,Sheppard,Male,Yes,Yes,4453,18509,0.425269,-0.067160,5795
S14000023,S92000003,Edinburgh North and Leith,,Scotland,Scotland,Burgh,Scottish Green Party,Green,PP130,1057,,Lorna,Slater,Female,No,No,,1727,0.030538,-0.023592,8292
S14000023,S92000003,Edinburgh North and Leith,,Scotland,Scotland,Burgh,Liberal Democrat,LD,PP90,17,,Martin,Veart,Male,No,No,,2579,0.045604,0.000197,6304
S14000023,S92000003,Edinburgh North and Leith,,Scotland,Scotland,Burgh,Conservative,Con,PP52,4,,Iain,McGill,Male,No,No,,15385,0.272051,0.110383,524
S14000023,S92000003,Edinburgh North and Leith,,Scotland,Scotland,Burgh,Labour and Co-operative,Lab,PP53,15,PP119,Gordon,Munro,Male,No,No,,17618,0.311536,-0.001265,19806
S14000023,S92000003,Edinburgh North and Leith,,Scotland,Scotland,Burgh,Scottish National Party,SNP,PP102,29,,Deidre,Brock,Female,Yes,Yes,4417,19243,0.340271,-0.069017,6041
S14000024,S92000003,Edinburgh South,,Scotland,Scotland,Burgh,Liberal Democrat,LD,PP90,17,,Alan,Beal,Male,No,No,,1388,0.029013,-0.007975,34775
S14000024,S92000003,Edinburgh South,,Scotland,Scotland,Burgh,Conservative,Con,PP52,4,,Stephanie,Smith,Female,No,No,,9428,0.197074,0.022054,8291
S14000024,S92000003,Edinburgh South,,Scotland,Scotland,Burgh,Scottish National Party,SNP,PP102,29,,Jim,Eadie,Male,No,No,,10755,0.224812,-0.113134,7627
S14000024,S92000003,Edinburgh South,,Scotland,Scotland,Burgh,Labour,Lab,PP53,15,,Ian,Murray,Male,Yes,Yes,3966,26269,0.549101,0.157651,1116
S14000025,S92000003,Edinburgh South West,,Scotland,Scotland,Burgh,Liberal Democrat,LD,PP90,17,,Aisha,Mir,Female,No,No,,2124,0.043005,0.005797,6961
S14000025,S92000003,Edinburgh South West,,Scotland,Scotland,Burgh,Labour,Lab,PP53,15,,Foysol,Choudhury,Male,No,No,,13213,0.267524,-0.004423,34270
S14000025,S92000003,Edinburgh South West,,Scotland,Scotland,Burgh,Conservative,Con,PP52,4,,Miles,Briggs,Male,No,No,,16478,0.333630,0.131235,1646
S14000025,S92000003,Edinburgh South West,,Scotland,Scotland,Burgh,Scottish National Party,SNP,PP102,29,,Joanna,Cherry,Female,Yes,Yes,4419,17575,0.355841,-0.073754,5912
S14000026,S92000003,Edinburgh West,,Scotland,Scotland,Burgh,Scotland's Independence Referendum Party,SRef,PP6356,275,,Mark,Whittet,Male,No,No,,132,0.002500,,34783
S14000026,S92000003,Edinburgh West,,Scotland,Scotland,Burgh,Labour,Lab,PP53,15,,Mandy,Telford,Female,No,No,,7876,0.149181,0.032060,9262
S14000026,S92000003,Edinburgh West,,Scotland,Scotland,Burgh,Conservative,Con,PP52,4,,Sandy,Batho,Male,No,No,,11559,0.218941,0.096224,6493
S14000026,S92000003,Edinburgh West,,Scotland,Scotland,Burgh,Scottish National Party,SNP,PP102,29,,Toni,Giugliano,Male,No,No,,15120,0.286391,-0.103306,8284
S14000026,S92000003,Edinburgh West,,Scotland,Scotland,Burgh,Liberal Democrat,LD,PP90,17,,Christine,Jardine,Female,No,No,4634,18108,0.342987,0.011805,4499
E14000687,E12000007,Edmonton,,London,England,Borough,Green Party,Green,PP63,44,,Benjamin,Gill,Male,No,No,,633,0.014492,-0.018359,34340
E14000687,E12000007,Edmonton,,London,England,Borough,Liberal Democrat,LD,PP90,17,,David,Schmitz,Male,No,No,,858,0.019644,-0.002055,847
E14000687,E12000007,Edmonton,,London,England,Borough,UK Independence Party,UKIP,PP85,35,,Nigel,Sussman,Male,No,No,,860,0.019690,-0.061737,4998
E14000687,E12000007,Edmonton,,London,England,Borough,Conservative,Con,PP52,4,,Gonul,Daniels,Female,No,No,,10106,0.231375,-0.009783,2017
E14000687,E12000007,Edmonton,,London,England,Borough,Labour and Co-operative,Lab,PP53,15,PP119,Kate,Osamor,Female,Yes,Yes,4515,31221,0.714799,0.100643,6425
E14000688,E12000002,Ellesmere Port and Neston,,North West,England,County,Green Party,Green,PP63,44,,Steven,Baker,Male,No,No,,342,0.006714,-0.014473,34930
E14000688,E12000002,Ellesmere Port and Neston,,North West,England,County,UK Independence Party,UKIP,PP85,35,,Fred,Fricker,Male,No,No,,821,0.016117,-0.103599,17970
E14000688,E12000002,Ellesmere Port and Neston,,North West,England,County,Liberal Democrat,LD,PP90,17,,Ed,Gough,Male,No,No,,892,0.017511,-0.015938,9351
E14000688,E12000002,Ellesmere Port and Neston,,North West,England,County,Conservative,Con,PP52,4,,Nigel,Jones,Male,No,No,,18747,0.368028,0.024737,34508
E14000688,E12000002,Ellesmere Port and Neston,,North West,England,County,Labour,Lab,PP53,15,,Justin,Madders,Male,Yes,Yes,4418,30137,0.591629,0.114047,4329
E14000689,E12000003,Elmet and Rothwell,,Yorkshire and The Humber,England,County,Green Party,Green,PP63,44,,Dylan,Brown,Male,No,No,,995,0.016711,-0.005107,34599
E14000689,E12000003,Elmet and Rothwell,,Yorkshire and The Humber,England,County,The Yorkshire Party,Yrks,PP2055,262,,Matthew,Clover,Male,No,No,,1042,0.017500,,34568
E14000689,E12000003,Elmet and Rothwell,,Yorkshire and The Humber,England,County,Liberal Democrat,LD,PP90,17,,Stewart,Golton,Male,No,No,,2606,0.043767,-0.001910,165
E14000689,E12000003,Elmet and Rothwell,,Yorkshire and The Humber,England,County,Labour,Lab,PP53,15,,David,Nagle,Male,No,No,,22547,0.378674,0.041494,18887
E14000689,E12000003,Elmet and Rothwell,,Yorkshire and The Humber,England,County,Conservative,Con,PP52,4,,Alec,Shelbrooke,Male,Yes,Yes,3997,32352,0.543348,0.059274,4036
E14000690,E12000007,Eltham,,London,England,Borough,British National Party,BNP,PP3960,67,,John,Clarke,Male,No,No,,738,0.015990,,7974
E14000690,E12000007,Eltham,,London,England,Borough,Liberal Democrat,LD,PP90,17,,David,Hall-Matthews,Male,No,No,,1457,0.031568,0.001260,3872
E14000690,E12000007,Eltham,,London,England,Borough,Conservative,Con,PP52,4,,Matt,Hartley,Male,No,No,,18832,0.408016,0.044228,4191
E14000690,E12000007,Eltham,,London,England,Borough,Labour,Lab,PP53,15,,Clive,Efford,Male,Yes,Yes,165,25128,0.544426,0.118238,4037
E14000691,E12000007,Enfield North,,London,England,Borough,Green Party,Green,PP63,44,,Bill,Linton,Male,No,No,,574,0.011819,-0.016423,1049
E14000691,E12000007,Enfield North,,London,England,Borough,UK Independence Party,UKIP,PP85,35,,Deborah,Cairns,Female,No,No,,848,0.017461,-0.072120,4887
E14000691,E12000007,Enfield North,,London,England,Borough,Liberal Democrat,LD,PP90,17,,Nicholas,da Costa,Male,No,No,,1036,0.021332,-0.001621,7727
E14000691,E12000007,Enfield North,,London,England,Borough,Conservative,Con,PP52,4,,Nick,de Bois,Male,No,Yes,4002,17930,0.369196,-0.044485,740
E14000691,E12000007,Enfield North,,London,England,Borough,Labour,Lab,PP53,15,,Joan,Ryan,Female,Yes,Yes,166,28177,0.580191,0.142972,2104
E14000692,E12000007,"Enfield, Southgate",,London,England,Borough,Green Party,Green,PP63,44,,David,Flint,Male,No,No,,780,0.016140,-0.020750,4618
E14000692,E12000007,"Enfield, Southgate",,London,England,Borough,Liberal Democrat,LD,PP90,17,,Pippa,Morgan,Female,No,No,,1925,0.039832,0.006697,34302
E14000692,E12000007,"Enfield, Southgate",,London,England,Borough,Conservative,Con,PP52,4,,David,Burrowes,Male,Yes,Yes,1518,20634,0.426957,-0.066887,4041
E14000692,E12000007,"Enfield, Southgate",,London,England,Borough,Labour,Lab,PP53,15,,Bambos,Charalambous,Male,No,No,4610,24989,0.517071,0.126977,4331
E14000693,E12000006,Epping Forest,,East of England,England,County,Young People's Party,YPP,PP1912,212,,Thomas,Hall,Male,No,No,,110,0.002166,0.000545,34867
E14000693,E12000006,Epping Forest,,East of England,England,County,Green Party,Green,PP63,44,,Simon,Heap,Male,No,No,,1233,0.024282,-0.011829,12758
E14000693,E12000006,Epping Forest,,East of England,England,County,UK Independence Party,UKIP,PP85,35,,Patrick,O'Flynn,Male,No,No,,1871,0.036846,-0.146525,4587
E14000693,E12000006,Epping Forest,,East of England,England,County,Liberal Democrat,LD,PP90,17,,Jon,Whitehouse,Male,No,No,,2884,0.056795,-0.013076,7054
E14000693,E12000006,Epping Forest,,East of England,England,County,Labour,Lab,PP53,15,,Liam,Preston,Male,No,No,,13219,0.260324,0.098980,4276
E14000693,E12000006,Epping Forest,,East of England,England,County,Conservative,Con,PP52,4,,Eleanor,Laing,Female,Yes,Yes,36,31462,0.619587,0.071905,3755
E14000694,E12000008,Epsom and Ewell,,South East,England,Borough,Green Party,Green,PP63,44,,Janice,Baker,Female,No,No,,1714,0.028920,-0.008109,30538
E14000694,E12000008,Epsom and Ewell,,South East,England,Borough,Liberal Democrat,LD,PP90,17,,Steve,Gee,Male,No,No,,7401,0.124878,0.037343,34703
E14000694,E12000008,Epsom and Ewell,,South East,England,Borough,Labour,Lab,PP53,15,,Ed,Mayne,Male,No,No,,14838,0.250363,0.095208,34470
E14000694,E12000008,Epsom and Ewell,,South East,England,Borough,Conservative,Con,PP52,4,,Chris,Grayling,Male,Yes,Yes,1413,35313,0.595839,0.012933,3284
E14000695,E12000004,Erewash,,East Midlands,England,County,Independent,Ind,,8,,Roy,Dunn,Male,No,No,,519,0.010426,,31506
E14000695,E12000004,Erewash,,East Midlands,England,County,Green Party,Green,PP63,44,,Ralph,Hierons,Male,No,No,,675,0.013559,-0.010943,7144
E14000695,E12000004,Erewash,,East Midlands,England,County,Liberal Democrat,LD,PP90,17,,Martin,Garnett,Male,No,No,,1243,0.024969,-0.009342,3758
E14000695,E12000004,Erewash,,East Midlands,England,County,Labour,Lab,PP53,15,,Catherine,Atkinson,Female,No,No,5143,21405,0.429983,0.077101,4333
E14000695,E12000004,Erewash,,East Midlands,England,County,Conservative,Con,PP52,4,,Maggie,Throup,Female,Yes,Yes,4447,25939,0.521062,0.094010,3437
E14000696,E12000007,Erith and Thamesmead,,London,England,Borough,Independent,Ind,,8,,Doro,Oddiri,Male,No,No,,80,0.001799,,34636
E14000696,E12000007,Erith and Thamesmead,,London,England,Borough,Christian Peoples Alliance,CPA,PP79,80,,Temi,Olodu,Male,No,No,,243,0.005465,-0.000518,34774
E14000696,E12000007,Erith and Thamesmead,,London,England,Borough,Green Party,Green,PP63,44,,Claudine,Letsae,Female,No,No,,507,0.011402,-0.010678,34773
E14000696,E12000007,Erith and Thamesmead,,London,England,Borough,Liberal Democrat,LD,PP90,17,,Simon,Waddington,Male,No,No,,750,0.016868,-0.005940,7344
E14000696,E12000007,Erith and Thamesmead,,London,England,Borough,UK Independence Party,UKIP,PP85,35,,Ronie,Johnson,Male,No,No,,1728,0.038863,-0.134026,5128
E14000696,E12000007,Erith and Thamesmead,,London,England,Borough,Conservative,Con,PP52,4,,Edward,Baxter,Male,No,No,,15571,0.350193,0.076031,34772
E14000696,E12000007,Erith and Thamesmead,,London,England,Borough,Labour,Lab,PP53,15,,Teresa,Pearce,Female,Yes,Yes,4003,25585,0.575409,0.077744,3749
E14000697,E12000008,Esher and Walton,,South East,England,Borough,Independent,Ind,,8,,Della,Reynolds,Female,No,No,,198,0.003309,,7345
E14000697,E12000008,Esher and Walton,,South East,England,Borough,Official Monster Raving Loony Party,MRLP,PP66,119,,Baron,Badger,Male,No,No,,318,0.005314,,34964
E14000697,E12000008,Esher and Walton,,South East,England,Borough,UK Independence Party,UKIP,PP85,35,,David,Ions,Male,No,No,,1034,0.017279,-0.080148,17079
E14000697,E12000008,Esher and Walton,,South East,England,Borough,Green Party,Green,PP63,44,,Olivia,Palmer,Female,No,No,,1074,0.017947,-0.023386,6708
E14000697,E12000008,Esher and Walton,,South East,England,Borough,Liberal Democrat,LD,PP90,17,,Andrew,Davis,Male,No,No,,10374,0.173357,0.079071,6309
E14000697,E12000008,Esher and Walton,,South East,England,Borough,Labour,Lab,PP53,15,,Lana,Hylands,Female,No,No,,11773,0.196735,0.069857,17042
E14000697,E12000008,Esher and Walton,,South East,England,Borough,Conservative,Con,PP52,4,,Dominic,Raab,Male,Yes,Yes,4007,35071,0.586060,-0.043065,3451
E14000698,E12000009,Exeter,,South West,England,Borough,Independent,Ind,,8,,Jonathan,Bishop,Male,No,No,,67,0.001209,,5769
E14000698,E12000009,Exeter,,South West,England,Borough,Independent,Ind,,8,,Jonathan,West,Male,No,No,,212,0.003825,,35018
E14000698,E12000009,Exeter,,South West,England,Borough,Green Party,Green,PP63,44,,Joe,Levy,Male,No,No,,1027,0.018530,-0.046096,11475
E14000698,E12000009,Exeter,,South West,England,Borough,Liberal Democrat,LD,PP90,17,,Vanessa,Newcombe,Female,No,No,,1562,0.028183,-0.014784,11477
E14000698,E12000009,Exeter,,South West,England,Borough,Conservative,Con,PP52,4,,James,Taghdissian,Male,No,No,,18219,0.328726,-0.002256,5991
E14000698,E12000009,Exeter,,South West,England,Borough,Labour,Lab,PP53,15,,Ben,Bradshaw,Male,Yes,Yes,230,34336,0.619526,0.155570,4027
S14000028,S92000003,Falkirk,,Scotland,Scotland,County,UK Independence Party,UKIP,PP85,35,,Stuart,Martin,Male,No,No,,712,0.013232,-0.017080,22590
S14000028,S92000003,Falkirk,,Scotland,Scotland,County,Scottish Green Party,Green,PP130,1057,,Debra,Pickering,Female,No,No,,908,0.016875,,20382
S14000028,S92000003,Falkirk,,Scotland,Scotland,County,Liberal Democrat,LD,PP90,17,,Austin,Reid,Male,No,No,,1120,0.020814,0.000513,35028
S14000028,S92000003,Falkirk,,Scotland,Scotland,County,Conservative,Con,PP52,4,,Callum,Laidlaw,Male,No,No,,14088,0.261815,0.140420,9162
S14000028,S92000003,Falkirk,,Scotland,Scotland,County,Labour,Lab,PP53,15,,Craig,Martin,Male,No,No,,16029,0.297887,0.047141,8409
S14000028,S92000003,Falkirk,,Scotland,Scotland,County,Scottish National Party,SNP,PP102,29,,John,Mc Nally,Male,Yes,Yes,4424,20952,0.389377,-0.187868,1788
E14000699,E12000008,Fareham,,South East,England,County,Green Party,Green,PP63,44,,Miles,Grindey,Male,No,No,,1302,0.022836,-0.016085,4642
E14000699,E12000008,Fareham,,South East,England,County,UK Independence Party,UKIP,PP85,35,,Tony,Blewett,Male,No,No,,1541,0.027028,-0.127030,24752
E14000699,E12000008,Fareham,,South East,England,County,Liberal Democrat,LD,PP90,17,,Matthew,Winnington,Male,No,No,,3896,0.068334,-0.019673,6440
E14000699,E12000008,Fareham,,South East,England,County,Labour,Lab,PP53,15,,Matthew,Randall,Male,No,No,,14360,0.251868,0.109272,34471
E14000699,E12000008,Fareham,,South East,England,County,Conservative,Con,PP52,4,,Suella,Fernandes,Female,Yes,Yes,4475,35915,0.629933,0.068891,6499
E14000700,E12000008,Faversham and Mid Kent,,South East,England,County,Green Party,Green,PP63,44,,Alastair,Gould,Male,No,No,,1431,0.028764,-0.009836,28516
E14000700,E12000008,Faversham and Mid Kent,,South East,England,County,UK Independence Party,UKIP,PP85,35,,Mark,McGiffin,Male,No,No,,1702,0.034212,-0.145755,12108
E14000700,E12000008,Faversham and Mid Kent,,South East,England,County,Liberal Democrat,LD,PP90,17,,David,Naghi,Male,No,No,,3249,0.065308,-0.001042,2759
E14000700,E12000008,Faversham and Mid Kent,,South East,England,County,Labour,Lab,PP53,15,,Michael,Desmond,Male,No,No,,12977,0.260849,0.099222,5894
E14000700,E12000008,Faversham and Mid Kent,,South East,England,County,Conservative,Con,PP52,4,,Helen,Whately,Female,Yes,Yes,4527,30390,0.610867,0.067343,4119
E14000701,E12000007,Feltham and Heston,,London,England,Borough,Green Party,Green,PP63,44,,Tony,Firkins,Male,No,No,,809,0.015256,-0.012878,4890
E14000701,E12000007,Feltham and Heston,,London,England,Borough,Liberal Democrat,LD,PP90,17,,Hina,Malik,Female,No,No,,1387,0.026156,-0.005804,34861
E14000701,E12000007,Feltham and Heston,,London,England,Borough,UK Independence Party,UKIP,PP85,35,,Stuart,Agnew,Male,No,No,,1510,0.028476,-0.097199,2126
E14000701,E12000007,Feltham and Heston,,London,England,Borough,Conservative,Con,PP52,4,,Samir,Jassal,Male,No,No,,16859,0.317932,0.026828,5254
E14000701,E12000007,Feltham and Heston,,London,England,Borough,Labour and Co-operative,Lab,PP53,15,PP119,Seema,Malhotra,Female,Yes,Yes,4253,32462,0.612179,0.089054,4892
N06000007,N92000002,Fermanagh and South Tyrone,,Northern Ireland,Northern Ireland,County,Green Party Northern Ireland,Green,PP305,1113,,Tanya,Jones,Female,No,No,,423,0.007909,-0.007583,4674
N06000007,N92000002,Fermanagh and South Tyrone,,Northern Ireland,Northern Ireland,County,Alliance,APNI,PP103,1,,Noreen,Campbell,Female,No,No,,886,0.016567,0.003630,19684
N06000007,N92000002,Fermanagh and South Tyrone,,Northern Ireland,Northern Ireland,County,Social Democratic & Labour Party,SDLP,PP55,31,,Mary,Garrity,Female,No,No,,2587,0.048372,-0.005340,34657
N06000007,N92000002,Fermanagh and South Tyrone,,Northern Ireland,Northern Ireland,County,Ulster Unionist Party,UUP,PP83,38,,Tom,Elliott,Male,Yes,Yes,4367,24355,0.455395,-0.008744,4933
N06000007,N92000002,Fermanagh and South Tyrone,,Northern Ireland,Northern Ireland,County,Sinn Féin,SF,PP39,30,,Michelle,Gildernew,Female,No,Yes,1416,25230,0.471756,0.018037,2427
E14000702,E12000009,Filton and Bradley Stoke,,South West,England,County,Green Party,Green,PP63,44,,Diana,Warner,Female,No,No,,1162,0.022918,-0.023048,5409
E14000702,E12000009,Filton and Bradley Stoke,,South West,England,County,Liberal Democrat,LD,PP90,17,,Eva,Fielding,Female,No,No,,3052,0.060195,-0.012736,34108
E14000702,E12000009,Filton and Bradley Stoke,,South West,England,County,Labour,Lab,PP53,15,,Naomi,Rylatt,Female,No,No,,21149,0.417124,0.150693,34350
E14000702,E12000009,Filton and Bradley Stoke,,South West,England,County,Conservative,Con,PP52,4,,Jack,Lopresti,Male,Yes,Yes,3989,25339,0.499763,0.032970,104
E14000703,E12000007,Finchley and Golders Green,,London,England,Borough,UK Independence Party,UKIP,PP85,35,,Andrew,Price,Male,No,No,,462,0.008819,-0.025303,34813
E14000703,E12000007,Finchley and Golders Green,,London,England,Borough,Green Party,Green,PP63,44,,Adele,Ward,Female,No,No,,919,0.017543,-0.009191,4621
E14000703,E12000007,Finchley and Golders Green,,London,England,Borough,Liberal Democrat,LD,PP90,17,,Jonathan,Davies,Male,No,No,,3463,0.066107,0.033364,6294
E14000703,E12000007,Finchley and Golders Green,,London,England,Borough,Labour,Lab,PP53,15,,Jeremy,Newmark,Male,No,No,,22942,0.437950,0.040523,34318
E14000703,E12000007,Finchley and Golders Green,,London,England,Borough,Conservative,Con,PP52,4,,Mike,Freer,Male,Yes,Yes,4004,24599,0.469581,-0.039393,3770
E14000704,E12000008,Folkestone and Hythe,,South East,England,County,Independent,Ind,,8,,Naomi,Slade,Female,No,No,,114,0.001936,,34981
E14000704,E12000008,Folkestone and Hythe,,South East,England,County,Independent,Ind,,8,,David,Plumstead,Male,No,No,,493,0.008374,,415
E14000704,E12000008,Folkestone and Hythe,,South East,England,County,Green Party,Green,PP63,44,,Martin,Whybrow,Male,No,No,,2498,0.042429,-0.011307,27453
E14000704,E12000008,Folkestone and Hythe,,South East,England,County,UK Independence Party,UKIP,PP85,35,,Stephen,Priestly,Male,No,No,,2565,0.043567,-0.184137,5973
E14000704,E12000008,Folkestone and Hythe,,South East,England,County,Liberal Democrat,LD,PP90,17,,Lynne,Beaumont,Female,No,No,,4222,0.071711,-0.017036,2677
E14000704,E12000008,Folkestone and Hythe,,South East,England,County,Labour,Lab,PP53,15,,Laura,Davison,Female,No,No,,16786,0.285113,0.140793,29326
E14000704,E12000008,Folkestone and Hythe,,South East,England,County,Conservative,Con,PP52,4,,Damian,Collins,Male,Yes,Yes,3986,32197,0.546870,0.068357,1958
E14000705,E12000009,Forest of Dean,,South West,England,County,Independent,Ind,,8,,Julian,Burrett,Male,No,No,,570,0.011011,,34948
E14000705,E12000009,Forest of Dean,,South West,England,County,UK Independence Party,UKIP,PP85,35,,Ernie,Warrender,Male,No,No,,1237,0.023896,-0.153649,5828
E14000705,E12000009,Forest of Dean,,South West,England,County,Green Party,Green,PP63,44,,James,Greenwood,Male,No,No,,1241,0.023973,-0.030611,3177
E14000705,E12000009,Forest of Dean,,South West,England,County,Liberal Democrat,LD,PP90,17,,Janet,Ellard,Female,No,No,,2029,0.039195,-0.013915,6320
E14000705,E12000009,Forest of Dean,,South West,England,County,Labour,Lab,PP53,15,,Shaun,Stammers,Male,No,No,,18594,0.359186,0.112740,32655
E14000705,E12000009,Forest of Dean,,South West,England,County,Conservative,Con,PP52,4,,Mark,Harper,Male,Yes,Yes,1520,28096,0.542740,0.074424,2346
N06000008,N92000002,Foyle,,Northern Ireland,Northern Ireland,County,Alliance,APNI,PP103,1,,John,Doherty,Male,No,No,,847,0.018427,-0.004139,34589
N06000008,N92000002,Foyle,,Northern Ireland,Northern Ireland,County,People Before Profit Alliance,PBPA,PP773,177,,Shaun,Harkin,Male,No,No,,1377,0.029958,,35060
N06000008,N92000002,Foyle,,Northern Ireland,Northern Ireland,County,Democratic Unionist Party,DUP,PP70,7,,Gary,Middleton,Male,No,No,,7398,0.160949,0.037361,7209
N06000008,N92000002,Foyle,,Northern Ireland,Northern Ireland,County,Social Democratic & Labour Party,SDLP,PP55,31,,Mark,Durkan,Male,Yes,Yes,1594,18087,0.393495,-0.085533,2137
N06000008,N92000002,Foyle,,Northern Ireland,Northern Ireland,County,Sinn Féin,SF,PP39,30,,Elisha,McCallion,Female,No,No,4624,18256,0.397172,0.081540,19678
E14000706,E12000002,Fylde,,North West,England,County,Green Party,Green,PP63,44,,Tina,Rothery,Female,No,No,,1263,0.027181,-0.004525,5202
E14000706,E12000002,Fylde,,North West,England,County,Liberal Democrat,LD,PP90,17,,Freddie,van Mierlo,Male,No,No,,2341,0.050380,0.013118,6123
E14000706,E12000002,Fylde,,North West,England,County,Labour,Lab,PP53,15,,Jed,Sullivan,Male,No,No,,15529,0.334194,0.146348,4337
E14000706,E12000002,Fylde,,North West,England,County,Conservative,Con,PP52,4,,Mark,Menzies,Male,Yes,Yes,3998,27334,0.588245,0.096797,1338
E14000707,E12000004,Gainsborough,,East Midlands,England,County,Green Party,Green,PP63,44,,Vicky,Pearson,Female,No,No,,1238,0.024074,-0.002113,25473
E14000707,E12000004,Gainsborough,,East Midlands,England,County,Liberal Democrat,LD,PP90,17,,Lesley,Rollings,Female,No,No,,3630,0.070588,0.003801,6821
E14000707,E12000004,Gainsborough,,East Midlands,England,County,Labour,Lab,PP53,15,,Catherine,Tite,Female,No,No,,14767,0.287156,0.074006,34454
E14000707,E12000004,Gainsborough,,East Midlands,England,County,Conservative,Con,PP52,4,,Edward,Leigh,Male,Yes,Yes,345,31790,0.618182,0.091416,3556
E14000708,E12000002,Garston and Halewood,,North West,England,Borough,Green Party,Green,PP63,44,,Lawrence,Brown,Male,No,No,,750,0.014013,-0.020489,35077
E14000708,E12000002,Garston and Halewood,,North West,England,Borough,Liberal Democrat,LD,PP90,17,,Anna,Martin,Female,No,No,,1723,0.032192,-0.014334,5003
E14000708,E12000002,Garston and Halewood,,North West,England,Borough,Conservative,Con,PP52,4,,Adam,Marsden,Male,No,No,,9450,0.176563,0.039924,2621
E14000708,E12000002,Garston and Halewood,,North West,England,Borough,Labour,Lab,PP53,15,,Maria,Eagle,Female,Yes,Yes,483,41599,0.777232,0.086400,2234
E14000709,E12000001,Gateshead,,North East,England,Borough,Green Party,Green,PP63,44,,Andy,Redfern,Male,No,No,,611,0.014512,-0.026280,2189
E14000709,E12000001,Gateshead,,North East,England,Borough,Liberal Democrat,LD,PP90,17,,Frank,Hindle,Male,No,No,,1709,0.040591,-0.027527,1199
E14000709,E12000001,Gateshead,,North East,England,Borough,UK Independence Party,UKIP,PP85,35,,Mark,Bell,Male,No,No,,2281,0.054177,-0.124089,6670
E14000709,E12000001,Gateshead,,North East,England,Borough,Conservative,Con,PP52,4,,Lauren,Hankinson,Female,No,No,,10076,0.239318,0.094334,6006
E14000709,E12000001,Gateshead,,North East,England,Borough,Labour,Lab,PP53,15,,Ian,Mearns,Male,Yes,Yes,4000,27426,0.651403,0.083561,2657
E14000710,E12000004,Gedling,,East Midlands,England,County,Green Party,Green,PP63,44,,Rebecca,Connick,Female,No,No,,515,0.009965,-0.021995,25749
E14000710,E12000004,Gedling,,East Midlands,England,County,Liberal Democrat,LD,PP90,17,,Robert,Swift,Male,No,No,,1052,0.020355,-0.019355,7053
E14000710,E12000004,Gedling,,East Midlands,England,County,UK Independence Party,UKIP,PP85,35,,Lee,Waters,Male,No,No,,1143,0.022116,-0.122265,4902
E14000710,E12000004,Gedling,,East Midlands,England,County,Conservative,Con,PP52,4,,Carolyn,Abbott,Female,No,No,,22139,0.428370,0.067500,4900
E14000710,E12000004,Gedling,,East Midlands,England,County,Labour,Lab,PP53,15,,Vernon,Coaker,Male,Yes,Yes,360,26833,0.519194,0.096114,1272
E14000711,E12000008,Gillingham and Rainham,,South East,England,Borough,Christian Peoples Alliance,CPA,PP79,80,,Roger James,Peacock,Male,No,No,,127,0.002599,,7398
E14000711,E12000008,Gillingham and Rainham,,South East,England,Borough,Green Party,Green,PP63,44,,Clive Bryn Malcolm,Gregory,Male,No,No,,520,0.010641,-0.013426,5155
E14000711,E12000008,Gillingham and Rainham,,South East,England,Borough,Liberal Democrat,LD,PP90,17,,Paul,Chaplin,Male,No,No,,1372,0.028076,-0.008183,6310
E14000711,E12000008,Gillingham and Rainham,,South East,England,Borough,UK Independence Party,UKIP,PP85,35,,Martin Anthony,Cook,Male,No,No,,2097,0.042912,-0.152488,5250
E14000711,E12000008,Gillingham and Rainham,,South East,England,Borough,Labour,Lab,PP53,15,,Andy,Stamp,Male,No,No,,17661,0.361402,0.105232,1380
E14000711,E12000008,Gillingham and Rainham,,South East,England,Borough,Conservative,Con,PP52,4,,Rehman,Chishti,Male,Yes,Yes,3987,27091,0.554371,0.074529,2225
S14000029,S92000003,Glasgow Central,,Scotland,Scotland,Burgh,Liberal Democrat,LD,PP90,17,,Isabel,Nelson,Female,No,No,,1045,0.029041,0.013475,3134
S14000029,S92000003,Glasgow Central,,Scotland,Scotland,Burgh,Conservative,Con,PP52,4,,Charlotte,Fairbanks,Female,No,No,,5014,0.139340,0.079342,34887
S14000029,S92000003,Glasgow Central,,Scotland,Scotland,Burgh,Labour,Lab,PP53,15,,Faten,Hameed,Female,No,No,,13829,0.384310,0.053774,21638
S14000029,S92000003,Glasgow Central,,Scotland,Scotland,Burgh,Scottish National Party,SNP,PP102,29,,Alison,Thewliss,Female,Yes,Yes,4430,16096,0.447310,-0.078098,5784
S14000030,S92000003,Glasgow East,,Scotland,Scotland,Burgh,Social Democratic Party,SDP,PP243,32,,Steven,Marshall,Male,No,No,,148,0.004092,,21340
S14000030,S92000003,Glasgow East,,Scotland,Scotland,Burgh,Independent,Ind,,8,,Karin,Finegan,Female,No,No,,158,0.004369,,34888
S14000030,S92000003,Glasgow East,,Scotland,Scotland,Burgh,UK Independence Party,UKIP,PP85,35,,John,Ferguson,Male,No,No,,504,0.013936,-0.012115,8140
S14000030,S92000003,Glasgow East,,Scotland,Scotland,Burgh,Liberal Democrat,LD,PP90,17,,Matthew,Clark,Male,No,No,,567,0.015678,0.008181,21717
S14000030,S92000003,Glasgow East,,Scotland,Scotland,Burgh,Conservative,Con,PP52,4,,Thomas,Kerr,Male,No,No,,6816,0.188464,0.128488,8368
S14000030,S92000003,Glasgow East,,Scotland,Scotland,Burgh,Labour,Lab,PP53,15,,Kate,Watson,Female,No,No,,13949,0.385694,0.062026,34221
S14000030,S92000003,Glasgow East,,Scotland,Scotland,Burgh,Scottish National Party,SNP,PP102,29,,David,Linden,Male,No,No,4640,14024,0.387768,-0.180778,34515
S14000031,S92000003,Glasgow North,,Scotland,Scotland,Burgh,Liberal Democrat,LD,PP90,17,,Calum,Shepherd,Male,No,No,,1153,0.034446,0.007037,8390
S14000031,S92000003,Glasgow North,,Scotland,Scotland,Burgh,Scottish Green Party,Green,PP130,1057,,Patrick,Harvie,Male,No,No,,3251,0.097123,0.035263,7449
S14000031,S92000003,Glasgow North,,Scotland,Scotland,Burgh,Conservative,Con,PP52,4,,Stuart,Cullen,Male,No,No,,4935,0.147432,0.068861,34737
S14000031,S92000003,Glasgow North,,Scotland,Scotland,Burgh,Labour,Lab,PP53,15,,Pam,Duncan-Glancy,Female,No,No,,11537,0.344666,0.065293,34271
S14000031,S92000003,Glasgow North,,Scotland,Scotland,Burgh,Scottish National Party,SNP,PP102,29,,Patrick,Grady,Male,Yes,Yes,4432,12597,0.376333,-0.154786,1952
S14000032,S92000003,Glasgow North East,,Scotland,Scotland,Burgh,Liberal Democrat,LD,PP90,17,,Daniel,Donaldson,Male,No,No,,637,0.020047,0.012123,21660
S14000032,S92000003,Glasgow North East,,Scotland,Scotland,Burgh,Conservative,Con,PP52,4,,Jack,Wyllie,Male,No,No,,4106,0.129221,0.082493,34891
S14000032,S92000003,Glasgow North East,,Scotland,Scotland,Burgh,Scottish National Party,SNP,PP102,29,,Anne,McLaughlin,Female,Yes,Yes,4437,13395,0.421558,-0.158942,6048
S14000032,S92000003,Glasgow North East,,Scotland,Scotland,Burgh,Labour and Co-operative,Lab,PP53,15,PP119,Paul,Sweeney,Male,No,No,4642,13637,0.429174,0.092274,13063
S14000033,S92000003,Glasgow North West,,Scotland,Scotland,Burgh,Liberal Democrat,LD,PP90,17,,James,Speirs,Male,No,No,,1387,0.035707,0.008480,6962
S14000033,S92000003,Glasgow North West,,Scotland,Scotland,Burgh,Conservative,Con,PP52,4,,Christopher,Land,Male,No,No,,7002,0.180259,0.096071,20776
S14000033,S92000003,Glasgow North West,,Scotland,Scotland,Burgh,Labour,Lab,PP53,15,,Michael,Shanks,Male,No,No,4998,13947,0.359052,0.050209,8339
S14000033,S92000003,Glasgow North West,,Scotland,Scotland,Burgh,Scottish National Party,SNP,PP102,29,,Carol,Monaghan,Female,Yes,Yes,4443,16508,0.424982,-0.120191,5878
S14000034,S92000003,Glasgow South,,Scotland,Scotland,Burgh,Liberal Democrat,LD,PP90,17,,Ewan,Hoyle,Male,No,No,,1447,0.032480,0.011590,6604
S14000034,S92000003,Glasgow South,,Scotland,Scotland,Burgh,Conservative,Con,PP52,4,,Taylor,Muir,Male,No,No,,8506,0.190932,0.093511,5050
S14000034,S92000003,Glasgow South,,Scotland,Scotland,Burgh,Labour,Lab,PP53,15,,Eileen,Dinning,Female,No,No,,16285,0.365544,0.068197,34272
S14000034,S92000003,Glasgow South,,Scotland,Scotland,Burgh,Scottish National Party,SNP,PP102,29,,Stewart,McDonald,Male,Yes,Yes,4461,18312,0.411044,-0.137831,5173
S14000035,S92000003,Glasgow South West,,Scotland,Scotland,Burgh,UK Independence Party,UKIP,PP85,35,,Sarah,Hemy,Female,No,No,,481,0.013596,-0.010108,21813
S14000035,S92000003,Glasgow South West,,Scotland,Scotland,Burgh,Liberal Democrat,LD,PP90,17,,Ben,Denton-Cardew,Male,No,No,,661,0.018684,0.008762,21690
S14000035,S92000003,Glasgow South West,,Scotland,Scotland,Burgh,Conservative,Con,PP52,4,,Thomas,Haddow,Male,No,No,,5524,0.156142,0.106388,8358
S14000035,S92000003,Glasgow South West,,Scotland,Scotland,Burgh,Labour and Co-operative,Lab,PP53,15,PP119,Matt,Kerr,Male,No,No,,14326,0.404941,0.076552,21652
S14000035,S92000003,Glasgow South West,,Scotland,Scotland,Burgh,Scottish National Party,SNP,PP102,29,,Chris,Stephens,Male,Yes,Yes,4463,14386,0.406637,-0.164903,1812
S14000036,S92000003,Glenrothes,,Scotland,Scotland,County,Liberal Democrat,LD,PP90,17,,Rebecca,Bell,Female,No,No,,1208,0.029902,0.011161,9022
S14000036,S92000003,Glenrothes,,Scotland,Scotland,County,Conservative,Con,PP52,4,,Andrew,Brown,Male,No,No,,7876,0.194955,0.117536,35007
S14000036,S92000003,Glenrothes,,Scotland,Scotland,County,Labour,Lab,PP53,15,,Altany,Craik,Male,No,No,,14024,0.347137,0.041200,15308
S14000036,S92000003,Glenrothes,,Scotland,Scotland,County,Scottish National Party,SNP,PP102,29,,Peter,Grant,Male,Yes,Yes,4466,17291,0.428006,-0.169898,6049
E14000712,E12000009,Gloucester,,South West,England,Borough,Official Monster Raving Loony Party,MRLP,PP66,119,,George,Ridgeon,Male,No,No,,210,0.003884,-0.000434,2042
E14000712,E12000009,Gloucester,,South West,England,Borough,Green Party,Green,PP63,44,,Gerald,Hartley,Male,No,No,,754,0.013945,-0.014301,18406
E14000712,E12000009,Gloucester,,South West,England,Borough,UK Independence Party,UKIP,PP85,35,,Daniel,Woolf,Male,No,No,,1495,0.027649,-0.114947,17056
E14000712,E12000009,Gloucester,,South West,England,Borough,Liberal Democrat,LD,PP90,17,,Jeremy,Hilton,Male,No,No,,2716,0.050230,-0.003560,1202
E14000712,E12000009,Gloucester,,South West,England,Borough,Labour,Lab,PP53,15,,Barry,Kirby,Male,No,No,,21688,0.401102,0.085629,7806
E14000712,E12000009,Gloucester,,South West,England,Borough,Conservative,Con,PP52,4,,Richard,Graham,Male,Yes,Yes,3990,27208,0.503190,0.049800,3224
S14000037,S92000003,Gordon,,Scotland,Scotland,County,Liberal Democrat,LD,PP90,17,,David,Evans,Male,No,No,,6230,0.116047,-0.211148,5521
S14000037,S92000003,Gordon,,Scotland,Scotland,County,Labour,Lab,PP53,15,,Kirsten,Muat,Female,No,No,,6340,0.118096,0.058933,21473
S14000037,S92000003,Gordon,,Scotland,Scotland,County,Scottish National Party,SNP,PP102,29,,Alex,Salmond,Male,Yes,Yes,577,19254,0.358648,-0.117909,4911
S14000037,S92000003,Gordon,,Scotland,Scotland,County,Conservative,Con,PP52,4,,Colin,Clark,Male,No,No,4650,21861,0.407209,0.290172,5046
E14000713,E12000008,Gosport,,South East,England,Borough,Independent,Ind,,8,,Jeffrey,Roberts,Male,No,No,,256,0.005174,,7438
E14000713,E12000008,Gosport,,South East,England,Borough,Green Party,Green,PP63,44,,Monica,Cassidy,Female,No,No,,1024,0.020695,-0.015118,34758
E14000713,E12000008,Gosport,,South East,England,Borough,UK Independence Party,UKIP,PP85,35,,Chloe Marie,Palmer,Female,No,No,,1790,0.036176,-0.158223,15937
E14000713,E12000008,Gosport,,South East,England,Borough,Liberal Democrat,LD,PP90,17,,Bruce,Tennant,Male,No,No,,2328,0.047048,-0.022143,5451
E14000713,E12000008,Gosport,,South East,England,Borough,Labour,Lab,PP53,15,,Alan,Durrant,Male,No,No,,13436,0.271539,0.126233,5876
E14000713,E12000008,Gosport,,South East,England,Borough,Conservative,Con,PP52,4,,Caroline,Dinenage,Female,Yes,Yes,4008,30647,0.619369,0.066259,2937
W07000046,W92000004,Gower,,Wales,Wales,County,Pirate Party UK,Prte,PP770,132,,Jason,Winstanley,Male,No,No,,149,0.003269,,34195
W07000046,W92000004,Gower,,Wales,Wales,County,UK Independence Party,UKIP,PP85,35,,Ross,Ford,Male,No,No,,642,0.014086,-0.097542,32338
W07000046,W92000004,Gower,,Wales,Wales,County,Liberal Democrat,LD,PP90,17,,Howard,Evans,Male,No,No,,931,0.020427,-0.015870,34285
W07000046,W92000004,Gower,,Wales,Wales,County,Plaid Cymru,PC,PP77,22,,Harri,Roberts,Male,No,No,,1669,0.036620,-0.034735,2396
W07000046,W92000004,Gower,,Wales,Wales,County,Conservative,Con,PP52,4,,Byron,Davies,Male,Yes,Yes,4499,19458,0.426935,0.055964,3245
W07000046,W92000004,Gower,,Wales,Wales,County,Labour,Lab,PP53,15,,Tonia,Antoniazzi,Female,No,No,4623,22727,0.498662,0.128322,16833
E14000714,E12000004,Grantham and Stamford,,East Midlands,England,County,Green Party,Green,PP63,44,,Rebecca,Thackray,Female,No,No,,782,0.013818,-0.021007,7137
E14000714,E12000004,Grantham and Stamford,,East Midlands,England,County,Independent,Ind,,8,,Tariq,Mahmood,Male,No,No,,860,0.015196,,35078
E14000714,E12000004,Grantham and Stamford,,East Midlands,England,County,UK Independence Party,UKIP,PP85,35,,Marietta,King,Female,No,No,,1745,0.030834,-0.144219,5037
E14000714,E12000004,Grantham and Stamford,,East Midlands,England,County,Liberal Democrat,LD,PP90,17,,Anita,Day,Female,No,No,,3120,0.055130,-0.005571,29298
E14000714,E12000004,Grantham and Stamford,,East Midlands,England,County,Labour,Lab,PP53,15,,Barrie,Fairbairn,Male,No,No,,14996,0.264980,0.096251,6912
E14000714,E12000004,Grantham and Stamford,,East Midlands,England,County,Conservative,Con,PP52,4,,Nick,Boles,Male,Yes,Yes,3995,35090,0.620041,0.091737,3525
E14000715,E12000008,Gravesham,,South East,England,County,Independent,Ind,,8,,Michael,Rogan,Male,No,No,,195,0.003980,,34765
E14000715,E12000008,Gravesham,,South East,England,County,Green Party,Green,PP63,44,,Marna,Gilligan,Female,No,No,,723,0.014756,-0.007662,27485
E14000715,E12000008,Gravesham,,South East,England,County,Liberal Democrat,LD,PP90,17,,James,Willis,Male,No,No,,1210,0.024695,0.002537,3692
E14000715,E12000008,Gravesham,,South East,England,County,UK Independence Party,UKIP,PP85,35,,Emmanuel,Feyisetan,Male,No,No,,1742,0.035553,-0.150051,29313
E14000715,E12000008,Gravesham,,South East,England,County,Labour,Lab,PP53,15,,Mandy,Garford,Female,No,No,,17890,0.365124,0.063682,29208
E14000715,E12000008,Gravesham,,South East,England,County,Conservative,Con,PP52,4,,Adam,Holloway,Male,Yes,Yes,1522,27237,0.555891,0.087513,1688
E14000716,E12000003,Great Grimsby,,Yorkshire and The Humber,England,Borough,Independent,Ind,,8,,Christina,McGilligan-Fell,Female,No,No,,394,0.011092,,34814
E14000716,E12000003,Great Grimsby,,Yorkshire and The Humber,England,Borough,Liberal Democrat,LD,PP90,17,,Steve,Beasant,Male,No,No,,954,0.026857,-0.022948,5171
E14000716,E12000003,Great Grimsby,,Yorkshire and The Humber,England,Borough,UK Independence Party,UKIP,PP85,35,,Mike,Hookem,Male,No,No,,1648,0.046395,-0.203138,2351
E14000716,E12000003,Great Grimsby,,Yorkshire and The Humber,England,Borough,Conservative,Con,PP52,4,,Jo,Gideon,Female,No,No,4817,14980,0.421722,0.158641,6089
E14000716,E12000003,Great Grimsby,,Yorkshire and The Humber,England,Borough,Labour,Lab,PP53,15,,Melanie,Onn,Female,Yes,Yes,4464,17545,0.493933,0.096257,4846
E14000717,E12000006,Great Yarmouth,,East of England,England,County,Green Party,Green,PP63,44,,Harry,Webb,Male,No,No,,563,0.012753,-0.009240,4662
E14000717,E12000006,Great Yarmouth,,East of England,England,County,Liberal Democrat,LD,PP90,17,,James,Joyce,Male,No,No,,987,0.022358,-0.000805,7051
E14000717,E12000006,Great Yarmouth,,East of England,England,County,UK Independence Party,UKIP,PP85,35,,Catherine,Blaiklock,Female,No,No,,2767,0.062678,-0.168269,30097
E14000717,E12000006,Great Yarmouth,,East of England,England,County,Labour,Lab,PP53,15,,Mike,Smith-Clare,Male,No,No,,15928,0.360803,0.069926,32938
E14000717,E12000006,Great Yarmouth,,East of England,England,County,Conservative,Con,PP52,4,,Brandon,Lewis,Male,Yes,Yes,4009,23901,0.541408,0.112143,3533
E14000718,E12000007,Greenwich and Woolwich,,London,England,Borough,Green Party,Green,PP63,44,,Daniel,Garrun,Male,No,No,,1605,0.030223,-0.033803,19495
E14000718,E12000007,Greenwich and Woolwich,,London,England,Borough,Liberal Democrat,LD,PP90,17,,Chris,Adams,Male,No,No,,3785,0.071273,0.014654,34210
E14000718,E12000007,Greenwich and Woolwich,,London,England,Borough,Conservative,Con,PP52,4,,Caroline,Attfield,Female,No,No,,13501,0.254227,-0.012020,34694
E14000718,E12000007,Greenwich and Woolwich,,London,England,Borough,Labour,Lab,PP53,15,,Matthew,Pennycook,Male,Yes,Yes,4520,34215,0.644277,0.122315,4343
E14000719,E12000008,Guildford,,South East,England,County,Independent,Ind,,8,,Semi,Essessi,Male,No,No,,57,0.001027,,34717
E14000719,E12000008,Guildford,,South East,England,County,"The Peace Party - Non-violence, Justice, Environment",PPNV,PP133,154,,John,Morris,Male,No,No,,205,0.003693,-0.000567,28127
E14000719,E12000008,Guildford,,South East,England,County,Green Party,Green,PP63,44,,Mark,Bray-Parry,Male,No,No,,1152,0.020753,-0.026629,28114
E14000719,E12000008,Guildford,,South East,England,County,Labour,Lab,PP53,15,,Howard,Smith,Male,No,No,,10545,0.189969,0.068938,31741
E14000719,E12000008,Guildford,,South East,England,County,Liberal Democrat,LD,PP90,17,,Zöe,Franklin,Female,No,No,5313,13255,0.238790,0.084046,34110
E14000719,E12000008,Guildford,,South East,England,County,Conservative,Con,PP52,4,,Anne,Milton,Female,Yes,Yes,1523,30295,0.545767,-0.024788,1018
E14000720,E12000007,Hackney North and Stoke Newington,,London,England,Borough,Friends Party,Frnd,PP6372,261,,Coraline,Corlis-Khan,Female,No,No,,59,0.001048,,34818
E14000720,E12000007,Hackney North and Stoke Newington,,London,England,Borough,Independent,Ind,,8,,Abraham,Spielmann,Male,No,No,,203,0.003606,,34819
E14000720,E12000007,Hackney North and Stoke Newington,,London,England,Borough,Animal Welfare Party,ANWP,PP616,220,,Jon,Homan,Male,No,No,,222,0.003943,-0.000487,7247
E14000720,E12000007,Hackney North and Stoke Newington,,London,England,Borough,Green Party,Green,PP63,44,,Alastair,Binnie-Lubbock,Male,No,No,,2606,0.046289,-0.099660,19503
E14000720,E12000007,Hackney North and Stoke Newington,,London,England,Borough,Liberal Democrat,LD,PP90,17,,Joe,Richards,Male,No,No,,3817,0.067800,0.017847,34112
E14000720,E12000007,Hackney North and Stoke Newington,,London,England,Borough,Conservative,Con,PP52,4,,Amy,Gray,Female,No,No,,7126,0.126576,-0.020736,4192
E14000720,E12000007,Hackney North and Stoke Newington,,London,England,Borough,Labour,Lab,PP53,15,,Diane,Abbott,Female,Yes,Yes,172,42265,0.750737,0.122177,2567
E14000721,E12000007,Hackney South and Shoreditch,,London,England,Borough,Independent,Ind,,8,,Dale,Kalamazad,Male,No,No,,29,0.000524,,34820
E14000721,E12000007,Hackney South and Shoreditch,,London,England,Borough,Independent,Ind,,8,,Hugo,Sugg,Male,No,No,,50,0.000903,,34637
E14000721,E12000007,Hackney South and Shoreditch,,London,England,Borough,Workers Revolutionary Party,WRP,PP184,167,,Jonty,Leff,Male,No,No,,86,0.001554,0.000230,28
E14000721,E12000007,Hackney South and Shoreditch,,London,England,Borough,Christian Peoples Alliance,CPA,PP79,80,,Angel,Watt,Female,No,No,,113,0.002041,-0.002919,34821
E14000721,E12000007,Hackney South and Shoreditch,,London,England,Borough,Independent,Ind,,8,,Russell,Higgs,Male,No,No,,143,0.002583,,6319
E14000721,E12000007,Hackney South and Shoreditch,,London,England,Borough,Animal Welfare Party,ANWP,PP616,220,,Vanessa,Hudson,Female,No,No,,226,0.004083,,7400
E14000721,E12000007,Hackney South and Shoreditch,,London,England,Borough,Green Party,Green,PP63,44,,Rebecca,Johnson,Female,No,No,,1522,0.027496,-0.088498,4753
E14000721,E12000007,Hackney South and Shoreditch,,London,England,Borough,Liberal Democrat,LD,PP90,17,,Dave,Raval,Male,No,No,,3168,0.057232,0.011288,7045
E14000721,E12000007,Hackney South and Shoreditch,,London,England,Borough,Conservative,Con,PP52,4,,Luke,Parker,Male,No,No,,6043,0.109170,-0.025761,5124
E14000721,E12000007,Hackney South and Shoreditch,,London,England,Borough,Labour and Co-operative,Lab,PP53,15,PP119,Meg,Hillier,Female,Yes,Yes,1524,43974,0.794414,0.150593,2563
E14000722,E12000005,Halesowen and Rowley Regis,,West Midlands,England,Borough,Independent,Ind,,8,,Tim,Weller,Male,No,No,,183,0.004124,,35152
E14000722,E12000005,Halesowen and Rowley Regis,,West Midlands,England,Borough,Green Party,Green,PP63,44,,James,Robertson,Male,No,No,,440,0.009915,-0.009461,9986
E14000722,E12000005,Halesowen and Rowley Regis,,West Midlands,England,Borough,Liberal Democrat,LD,PP90,17,,Jamie,Scott,Male,No,No,,859,0.019356,-0.001298,35151
E14000722,E12000005,Halesowen and Rowley Regis,,West Midlands,England,Borough,UK Independence Party,UKIP,PP85,35,,Stuart,Henley,Male,No,No,,2126,0.047906,-0.118236,35150
E14000722,E12000005,Halesowen and Rowley Regis,,West Midlands,England,Borough,Labour,Lab,PP53,15,,Ian,Cooper,Male,No,No,,17759,0.400167,0.038420,35149
E14000722,E12000005,Halesowen and Rowley Regis,,West Midlands,England,Borough,Conservative,Con,PP52,4,,James,Morris,Male,Yes,Yes,3992,23012,0.518534,0.086451,729
E14000723,E12000003,Halifax,,Yorkshire and The Humber,England,Borough,Liberal Democrat,LD,PP90,17,,James,Baker,Male,No,No,,1070,0.022164,-0.015068,34223
E14000723,E12000003,Halifax,,Yorkshire and The Humber,England,Borough,UK Independence Party,UKIP,PP85,35,,Mark,Weedon,Male,No,No,,1568,0.032480,-0.095991,34584
E14000723,E12000003,Halifax,,Yorkshire and The Humber,England,Borough,Conservative,Con,PP52,4,,Chris,Pearson,Male,No,No,,20131,0.416998,0.026671,6764
E14000723,E12000003,Halifax,,Yorkshire and The Humber,England,Borough,Labour,Lab,PP53,15,,Holly,Lynch,Female,Yes,Yes,4472,25507,0.528358,0.128248,6919
E14000724,E12000003,Haltemprice and Howden,,Yorkshire and The Humber,England,County,Green Party,Green,PP63,44,,Carole,Needham,Female,No,No,,711,0.013822,-0.023280,34837
E14000724,E12000003,Haltemprice and Howden,,Yorkshire and The Humber,England,County,The Yorkshire Party,Yrks,PP2055,262,,Diana,Wallis,Female,No,No,,942,0.018313,,6393
E14000724,E12000003,Haltemprice and Howden,,Yorkshire and The Humber,England,County,Liberal Democrat,LD,PP90,17,,David,Nolan,Male,No,No,,2482,0.048250,-0.014407,6502
E14000724,E12000003,Haltemprice and Howden,,Yorkshire and The Humber,England,County,Labour,Lab,PP53,15,,Hollie,Devanney,Female,No,No,,15950,0.310070,0.100480,34299
E14000724,E12000003,Haltemprice and Howden,,Yorkshire and The Humber,England,County,Conservative,Con,PP52,4,,David,Davis,Male,Yes,Yes,373,31355,0.609545,0.067797,2885
E14000725,E12000002,Halton,,North West,England,County,Independent,Ind,,8,,Vic,Turton,Male,No,No,,309,0.006240,,7228
E14000725,E12000002,Halton,,North West,England,County,Liberal Democrat,LD,PP90,17,,Ryan,Bate,Male,No,No,,896,0.018094,-0.006271,5635
E14000725,E12000002,Halton,,North West,England,County,UK Independence Party,UKIP,PP85,35,,Glyn,Redican,Male,No,No,,1488,0.030050,-0.110612,6872
E14000725,E12000002,Halton,,North West,England,County,Conservative,Con,PP52,4,,Matthew,Lloyd,Male,No,No,,10710,0.216285,0.038443,6366
E14000725,E12000002,Halton,,North West,England,County,Labour,Lab,PP53,15,,Derek,Twigg,Male,Yes,Yes,429,36115,0.729331,0.100941,1495
E14000726,E12000007,Hammersmith,,London,England,Borough,Independent,Ind,,8,,Jagdeosingh,Hauzaree,Male,No,No,,44,0.000842,,34824
E14000726,E12000007,Hammersmith,,London,England,Borough,UK Independence Party,UKIP,PP85,35,,Jack,Bovill,Male,No,No,,507,0.009703,-0.034188,6866
E14000726,E12000007,Hammersmith,,London,England,Borough,Green Party,Green,PP63,44,,Alex,Horn,Male,No,No,,800,0.015310,-0.028580,34825
E14000726,E12000007,Hammersmith,,London,England,Borough,Liberal Democrat,LD,PP90,17,,Joyce,Onstad,Female,No,No,,2802,0.053625,0.007253,34113
E14000726,E12000007,Hammersmith,,London,England,Borough,Conservative,Con,PP52,4,,Charlie,Dewhirst,Male,No,No,5169,14724,0.281788,-0.082328,4194
E14000726,E12000007,Hammersmith,,London,England,Borough,Labour,Lab,PP53,15,,Andy,Slaughter,Male,Yes,Yes,1516,33375,0.638732,0.138711,234
E14000727,E12000007,Hampstead and Kilburn,,London,England,Borough,Independent,Ind,,8,,Rainbow,Weiss,Male,No,No,,61,0.001044,,34827
E14000727,E12000007,Hampstead and Kilburn,,London,England,Borough,Independent,Ind,,8,,Hugh,Easterbrook,Male,No,No,,136,0.002328,,34826
E14000727,E12000007,Hampstead and Kilburn,,London,England,Borough,Green Party,Green,PP63,44,,John,Mansook,Male,No,No,,742,0.012704,-0.031529,34335
E14000727,E12000007,Hampstead and Kilburn,,London,England,Borough,Liberal Democrat,LD,PP90,17,,Kirsty,Allan,Female,No,No,,4100,0.070197,0.013882,6358
E14000727,E12000007,Hampstead and Kilburn,,London,England,Borough,Conservative,Con,PP52,4,,Claire-Louise,Leyland,Female,No,No,,18904,0.323660,-0.099567,6982
E14000727,E12000007,Hampstead and Kilburn,,London,England,Borough,Labour,Lab,PP53,15,,Tulip,Siddiq,Female,Yes,Yes,4518,34464,0.590066,0.145752,4346
E14000728,E12000004,Harborough,,East Midlands,England,County,Green Party,Green,PP63,44,,Darren,Woodiwiss,Male,No,No,,1110,0.019272,-0.022218,23461
E14000728,E12000004,Harborough,,East Midlands,England,County,UK Independence Party,UKIP,PP85,35,,Teck,Khong,Male,No,No,,1361,0.023629,-0.120050,34582
E14000728,E12000004,Harborough,,East Midlands,England,County,Liberal Democrat,LD,PP90,17,,Zuffar,Haq,Male,No,No,,7286,0.126497,-0.007615,3982
E14000728,E12000004,Harborough,,East Midlands,England,County,Labour,Lab,PP53,15,,Andy,Thomas,Male,No,No,,17706,0.307407,0.154122,23457
E14000728,E12000004,Harborough,,East Midlands,England,County,Conservative,Con,PP52,4,,Neil,O'Brien,Male,No,No,4679,30135,0.523195,-0.004239,34491
E14000729,E12000006,Harlow,,East of England,England,County,Green Party,Green,PP63,44,,Hannah,Clare,Female,No,No,,660,0.014717,-0.006842,29818
E14000729,E12000006,Harlow,,East of England,England,County,Liberal Democrat,LD,PP90,17,,Geoffrey,Seef,Male,No,No,,970,0.021630,0.001201,36530
E14000729,E12000006,Harlow,,East of England,England,County,UK Independence Party,UKIP,PP85,35,,Mark,Gough,Male,No,No,,1787,0.039847,-0.123041,5109
E14000729,E12000006,Harlow,,East of England,England,County,Labour,Lab,PP53,15,,Phil,Waite,Male,No,No,,17199,0.383512,0.083564,14551
E14000729,E12000006,Harlow,,East of England,England,County,Conservative,Con,PP52,4,,Robert,Halfon,Male,Yes,Yes,3985,24230,0.540293,0.051649,3741
E14000730,E12000003,Harrogate and Knaresborough,,Yorkshire and The Humber,England,County,Independent,Ind,,8,,Donald,Fraser,Male,No,No,,559,0.009852,,34982
E14000730,E12000003,Harrogate and Knaresborough,,Yorkshire and The Humber,England,County,Labour,Lab,PP53,15,,Mark,Sewards,Male,No,No,5166,11395,0.200828,0.099491,34406
E14000730,E12000003,Harrogate and Knaresborough,,Yorkshire and The Humber,England,County,Liberal Democrat,LD,PP90,17,,Helen,Flynn,Female,No,No,,13309,0.234561,0.013825,2813
E14000730,E12000003,Harrogate and Knaresborough,,Yorkshire and The Humber,England,County,Conservative,Con,PP52,4,,Andrew,Jones,Male,Yes,Yes,3996,31477,0.554759,0.027312,3152
E14000731,E12000007,Harrow East,,London,England,Borough,Green Party,Green,PP63,44,,Emma,Wallace,Female,No,No,,771,0.015164,-0.002102,5629
E14000731,E12000007,Harrow East,,London,England,Borough,Liberal Democrat,LD,PP90,17,,Adam,Bernard,Male,No,No,,1573,0.030937,0.009774,34490
E14000731,E12000007,Harrow East,,London,England,Borough,Labour,Lab,PP53,15,,Navin,Shah,Male,No,No,,23372,0.459672,0.053325,7824
E14000731,E12000007,Harrow East,,London,England,Borough,Conservative,Con,PP52,4,,Bob,Blackman,Male,Yes,Yes,4005,25129,0.494228,-0.009201,227
E14000732,E12000007,Harrow West,,London,England,Borough,UK Independence Party,UKIP,PP85,35,,Rathy,Alagaratnam,Female,No,No,,470,0.009334,-0.034590,1086
E14000732,E12000007,Harrow West,,London,England,Borough,Green Party,Green,PP63,44,,Rowan,Langley,Male,No,No,,652,0.012948,-0.015162,3490
E14000732,E12000007,Harrow West,,London,England,Borough,Liberal Democrat,LD,PP90,17,,Christopher,Noyce,Male,No,No,,1267,0.025161,-0.008463,3865
E14000732,E12000007,Harrow West,,London,England,Borough,Conservative,Con,PP52,4,,Hannah,David,Female,No,No,,17326,0.344077,-0.078149,4195
E14000732,E12000007,Harrow West,,London,England,Borough,Labour and Co-operative,Lab,PP53,15,PP119,Gareth,Thomas,Male,Yes,Yes,177,30640,0.608480,0.138875,1126
E14000733,E12000001,Hartlepool,,North East,England,Borough,Liberal Democrat,LD,PP90,17,,Andy,Hagon,Male,No,No,,746,0.017832,-0.001439,34633
E14000733,E12000001,Hartlepool,,North East,England,Borough,UK Independence Party,UKIP,PP85,35,,Phillip,Broughton,Male,No,No,,4801,0.114760,-0.165108,4569
E14000733,E12000001,Hartlepool,,North East,England,Borough,Conservative,Con,PP52,4,,Carl,Jackson,Male,No,No,,14319,0.342273,0.133208,6359
E14000733,E12000001,Hartlepool,,North East,England,Borough,Labour,Lab,PP53,15,,Mike,Hill,Male,No,No,4644,21969,0.525134,0.168690,4761
E14000734,E12000006,Harwich and North Essex,,East of England,England,County,Christian Peoples Alliance,CPA,PP79,80,,Stephen,Todd,Male,No,No,,141,0.002757,,6482
E14000734,E12000006,Harwich and North Essex,,East of England,England,County,Green Party,Green,PP63,44,,Blake,Roberts,Male,No,No,,1042,0.020375,-0.023439,15526
E14000734,E12000006,Harwich and North Essex,,East of England,England,County,UK Independence Party,UKIP,PP85,35,,Aaaron,Hammond,Male,No,No,,1685,0.032948,-0.141812,26022
E14000734,E12000006,Harwich and North Essex,,East of England,England,County,Liberal Democrat,LD,PP90,17,,Dominic,Graham,Male,No,No,,2787,0.054496,-0.019339,5497
E14000734,E12000006,Harwich and North Essex,,East of England,England,County,Labour,Lab,PP53,15,,Rosalind,Scott,Female,No,No,,15565,0.304355,0.107212,7918
E14000734,E12000006,Harwich and North Essex,,East of England,England,County,Conservative,Con,PP52,4,,Bernard,Jenkin,Male,Yes,Yes,40,29921,0.585069,0.074621,517
E14000735,E12000008,Hastings and Rye,,South East,England,County,Independent,Ind,,8,,Nicholas,Wilson,Male,No,No,,412,0.007523,,34676
E14000735,E12000008,Hastings and Rye,,South East,England,County,UK Independence Party,UKIP,PP85,35,,Michael,Sheridan,Male,No,No,,1479,0.027006,-0.106244,30921
E14000735,E12000008,Hastings and Rye,,South East,England,County,Liberal Democrat,LD,PP90,17,,Nicholas,Perry,Male,No,No,,1885,0.034419,0.002727,518
E14000735,E12000008,Hastings and Rye,,South East,England,County,Labour,Lab,PP53,15,,Peter,Chowney,Male,No,No,,25322,0.462367,0.111080,14740
E14000735,E12000008,Hastings and Rye,,South East,England,County,Conservative,Con,PP52,4,,Amber,Rudd,Female,Yes,Yes,3983,25668,0.468685,0.023224,519
E14000736,E12000008,Havant,,South East,England,Borough,Independent,Ind,,8,,Ann,Buckley,Female,No,No,,984,0.021246,,34701
E14000736,E12000008,Havant,,South East,England,Borough,Green Party,Green,PP63,44,,Tim,Dawes,Male,No,No,,1122,0.024226,-0.028241,5146
E14000736,E12000008,Havant,,South East,England,Borough,UK Independence Party,UKIP,PP85,35,,John,Perry,Male,No,No,,2011,0.043421,-0.162678,5136
E14000736,E12000008,Havant,,South East,England,Borough,Liberal Democrat,LD,PP90,17,,Paul,Gray,Male,No,No,,2801,0.060478,-0.004860,13180
E14000736,E12000008,Havant,,South East,England,Borough,Labour,Lab,PP53,15,,Graham,Giles,Male,No,No,,11720,0.253055,0.093579,5164
E14000736,E12000008,Havant,,South East,England,Borough,Conservative,Con,PP52,4,,Alan,Mak,Male,Yes,Yes,4484,27676,0.597573,0.080954,5017
E14000737,E12000007,Hayes and Harlington,,London,England,Borough,Green Party,Green,PP63,44,,John,Bowman,Male,No,No,,571,0.011945,-0.005677,34504
E14000737,E12000007,Hayes and Harlington,,London,England,Borough,Liberal Democrat,LD,PP90,17,,Bill,Newton Dunn,Male,No,No,,601,0.012573,-0.007136,34506
E14000737,E12000007,Hayes and Harlington,,London,England,Borough,UK Independence Party,UKIP,PP85,35,,Cliff,Dixon,Male,No,No,,1153,0.024120,-0.095464,1451
E14000737,E12000007,Hayes and Harlington,,London,England,Borough,Conservative,Con,PP52,4,,Greg,Smith,Male,No,No,4778,13681,0.286201,0.038887,34503
E14000737,E12000007,Hayes and Harlington,,London,England,Borough,Labour,Lab,PP53,15,,John,McDonnell,Male,Yes,Yes,178,31796,0.665160,0.069391,1860
E14000738,E12000002,Hazel Grove,,North West,England,County,Green Party,Green,PP63,44,,Robbie,Lee,Male,No,No,,516,0.011692,-0.014685,34516
E14000738,E12000002,Hazel Grove,,North West,England,County,Labour,Lab,PP53,15,,Nav,Mishra,Male,No,No,,9036,0.204749,0.029271,34462
E14000738,E12000002,Hazel Grove,,North West,England,County,Liberal Democrat,LD,PP90,17,,Lisa,Smart,Female,No,No,5070,14533,0.329308,0.067154,4503
E14000738,E12000002,Hazel Grove,,North West,England,County,Conservative,Con,PP52,4,,William,Wragg,Male,Yes,Yes,4429,20047,0.454251,0.040498,4197
E14000739,E12000006,Hemel Hempstead,,East of England,England,County,Green Party,Green,PP63,44,,Sherief,Hassan,Male,No,No,,1024,0.019586,-0.013859,26776
E14000739,E12000006,Hemel Hempstead,,East of England,England,County,Liberal Democrat,LD,PP90,17,,Sally,Symington,Female,No,No,,3233,0.061838,0.013443,20334
E14000739,E12000006,Hemel Hempstead,,East of England,England,County,Labour,Lab,PP53,15,,Mandi,Tattershall,Female,No,No,,19290,0.368961,0.130712,26757
E14000739,E12000006,Hemel Hempstead,,East of England,England,County,Conservative,Con,PP52,4,,Mike,Penning,Male,Yes,Yes,1528,28735,0.549616,0.020834,1330
E14000740,E12000003,Hemsworth,,Yorkshire and The Humber,England,County,Liberal Democrat,LD,PP90,17,,Joan,Macqueen,Female,No,No,,912,0.019850,-0.012150,6372
E14000740,E12000003,Hemsworth,,Yorkshire and The Humber,England,County,The Yorkshire Party,Yrks,PP2055,262,,Martin,Roberts,Male,No,No,,1135,0.024704,,6642
E14000740,E12000003,Hemsworth,,Yorkshire and The Humber,England,County,UK Independence Party,UKIP,PP85,35,,David,Dews,Male,No,No,,2591,0.056395,-0.145581,5834
E14000740,E12000003,Hemsworth,,Yorkshire and The Humber,England,County,Conservative,Con,PP52,4,,Mike,Jordan,Male,No,No,,15566,0.338804,0.110204,30581
E14000740,E12000003,Hemsworth,,Yorkshire and The Humber,England,County,Labour,Lab,PP53,15,,Jon,Trickett,Male,Yes,Yes,410,25740,0.560247,0.046829,456
E14000741,E12000007,Hendon,,London,England,Borough,UK Independence Party,UKIP,PP85,35,,Sabriye,Warsame,Male,No,No,,568,0.010878,-0.041409,34832
E14000741,E12000007,Hendon,,London,England,Borough,Green Party,Green,PP63,44,,Carmen,Legarda,Female,No,No,,578,0.011070,-0.009382,34487
E14000741,E12000007,Hendon,,London,England,Borough,Liberal Democrat,LD,PP90,17,,Alasdair,Hill,Male,No,No,,1985,0.038016,0.016094,6094
E14000741,E12000007,Hendon,,London,England,Borough,Labour,Lab,PP53,15,,Mike,Katz,Male,No,No,,24006,0.459753,0.044601,7936
E14000741,E12000007,Hendon,,London,England,Borough,Conservative,Con,PP52,4,,Matthew,Offord,Male,Yes,Yes,4006,25078,0.480283,-0.009904,1323
E14000742,E12000008,Henley,,South East,England,County,The Radical Party,Rad,PP2652,279,,Patrick,Gray,Male,No,No,,392,0.006865,,35011
E14000742,E12000008,Henley,,South East,England,County,UK Independence Party,UKIP,PP85,35,,Tim,Scott,Male,No,No,,1154,0.020211,-0.088541,5533
E14000742,E12000008,Henley,,South East,England,County,Green Party,Green,PP63,44,,Robin,Bennett,Male,No,No,,1864,0.032645,-0.036422,24338
E14000742,E12000008,Henley,,South East,England,County,Liberal Democrat,LD,PP90,17,,Laura,Coyle,Female,No,No,,8485,0.148602,0.036265,6582
E14000742,E12000008,Henley,,South East,England,County,Labour,Lab,PP53,15,,Oliver,Kavanagh,Male,No,No,,11455,0.200616,0.075390,34473
E14000742,E12000008,Henley,,South East,England,County,Conservative,Con,PP52,4,,John,Howell,Male,Yes,Yes,1606,33749,0.591061,0.006442,1682
E14000743,E12000005,Hereford and South Herefordshire,,West Midlands,England,County,UK Independence Party,UKIP,PP85,35,,Gwyn,Price,Male,No,No,,1153,0.022839,-0.145475,35027
E14000743,E12000005,Hereford and South Herefordshire,,West Midlands,England,County,Green Party,Green,PP63,44,,Diana,Toynbee,Female,No,No,,1220,0.024166,-0.048098,5716
E14000743,E12000005,Hereford and South Herefordshire,,West Midlands,England,County,Liberal Democrat,LD,PP90,17,,Lucy,Hurds,Female,No,No,,3556,0.070438,-0.035409,301
E14000743,E12000005,Hereford and South Herefordshire,,West Midlands,England,County,Independent,Ind,,8,,Jim,Kenyon,Male,No,No,,5560,0.110134,,35026
E14000743,E12000005,Hereford and South Herefordshire,,West Midlands,England,County,Labour,Lab,PP53,15,,Anna,Coda,Female,No,No,,11991,0.237521,0.109667,5934
E14000743,E12000005,Hereford and South Herefordshire,,West Midlands,England,County,Conservative,Con,PP52,4,,Jesse,Norman,Male,Yes,Yes,3991,27004,0.534902,0.009181,3417
E14000744,E12000006,Hertford and Stortford,,East of England,England,County,Green Party,Green,PP63,44,,David,Woolcombe,Male,No,No,,1814,0.030237,-0.017402,24261
E14000744,E12000006,Hertford and Stortford,,East of England,England,County,Liberal Democrat,LD,PP90,17,,Mark,Argent,Male,No,No,,4845,0.080761,0.002843,6450
E14000744,E12000006,Hertford and Stortford,,East of England,England,County,Labour,Lab,PP53,15,,Katherine,Chibah,Female,No,No,,17149,0.285855,0.106670,5162
E14000744,E12000006,Hertford and Stortford,,East of England,England,County,Conservative,Con,PP52,4,,Mark,Prisk,Male,Yes,Yes,1424,36184,0.603147,0.041763,3199
E14000745,E12000006,Hertsmere,,East of England,England,County,Green Party,Green,PP63,44,,Sophie,Summerhayes,Female,No,No,,990,0.018946,,34875
E14000745,E12000006,Hertsmere,,East of England,England,County,UK Independence Party,UKIP,PP85,35,,David,Hoy,Male,No,No,,1564,0.029931,-0.097497,27100
E14000745,E12000006,Hertsmere,,East of England,England,County,Liberal Democrat,LD,PP90,17,,Joe,Jordan,Male,No,No,,2794,0.053471,-0.001968,7167
E14000745,E12000006,Hertsmere,,East of England,England,County,Labour,Lab,PP53,15,,Fiona,Smith,Female,No,No,,14977,0.286625,0.062333,34457
E14000745,E12000006,Hertsmere,,East of England,England,County,Conservative,Con,PP52,4,,Oliver,Dowden,Male,Yes,Yes,4441,31928,0.611027,0.018186,4796
E14000746,E12000001,Hexham,,North East,England,County,UK Independence Party,UKIP,PP85,35,,Stuart,Miles,Male,No,No,,930,0.020119,-0.079131,34831
E14000746,E12000001,Hexham,,North East,England,County,Green Party,Green,PP63,44,,Wesley,Foot,Male,No,No,,1253,0.027107,-0.029301,31496
E14000746,E12000001,Hexham,,North East,England,County,Liberal Democrat,LD,PP90,17,,Fiona,Hall,Female,No,No,,3285,0.071067,0.002755,34830
E14000746,E12000001,Hexham,,North East,England,County,Labour and Co-operative,Lab,PP53,15,PP119,Stephen,Powers,Male,No,No,,15760,0.340948,0.091716,34460
E14000746,E12000001,Hexham,,North East,England,County,Conservative,Con,PP52,4,,Guy,Opperman,Male,Yes,Yes,4142,24996,0.540758,0.013961,2209
E14000747,E12000002,Heywood and Middleton,,North West,England,County,Liberal Democrat,LD,PP90,17,,Bill,Winlow,Male,No,No,,1087,0.021799,-0.011309,2230
E14000747,E12000002,Heywood and Middleton,,North West,England,County,UK Independence Party,UKIP,PP85,35,,Lee,Seville,Male,No,No,,3239,0.064955,-0.256999,34688
E14000747,E12000002,Heywood and Middleton,,North West,England,County,Conservative,Con,PP52,4,,Chris,Clarkson,Male,No,No,4835,18961,0.380247,0.189303,6085
E14000747,E12000002,Heywood and Middleton,,North West,England,County,Labour,Lab,PP53,15,,Liz,McInnes,Female,Yes,Yes,4342,26578,0.532999,0.101873,5288
E14000748,E12000004,High Peak,,East Midlands,England,County,Liberal Democrat,LD,PP90,17,,Charles,Lawley,Male,No,No,,2669,0.049561,0.002523,34555
E14000748,E12000004,High Peak,,East Midlands,England,County,Conservative,Con,PP52,4,,Andrew,Bingham,Male,Yes,Yes,3994,24431,0.453661,0.004036,722
E14000748,E12000004,High Peak,,East Midlands,England,County,Labour,Lab,PP53,15,,Ruth,George,Female,No,No,4662,26753,0.496778,0.143513,19989
E14000749,E12000006,Hitchin and Harpenden,,East of England,England,County,Christian Peoples Alliance,CPA,PP79,80,,Sid,Cordle,Male,No,No,,242,0.004117,,1224
E14000749,E12000006,Hitchin and Harpenden,,East of England,England,County,Independent,Ind,,8,,Ray,Blake,Male,No,No,,629,0.010700,,34876
E14000749,E12000006,Hitchin and Harpenden,,East of England,England,County,Green Party,Green,PP63,44,,Richard,Cano,Male,No,No,,1329,0.022609,-0.032525,18706
E14000749,E12000006,Hitchin and Harpenden,,East of England,England,County,Liberal Democrat,LD,PP90,17,,Hugh,Annand,Male,No,No,,6236,0.106085,0.025110,266
E14000749,E12000006,Hitchin and Harpenden,,East of England,England,County,Labour,Lab,PP53,15,,John,Hayes,Male,No,No,,19158,0.325911,0.119446,18671
E14000749,E12000006,Hitchin and Harpenden,,East of England,England,County,Conservative,Con,PP52,4,,Bim,Afolami,Male,No,No,4639,31189,0.530579,-0.038053,4203
E14000750,E12000007,Holborn and St Pancras,,London,England,Borough,English Democrats,ED,PP17,90,,Janus,Polenceus,Male,No,No,,93,0.001576,,1528
E14000750,E12000007,Holborn and St Pancras,,London,England,Borough,UK Independence Party,UKIP,PP85,35,,Giles,Game,Male,No,No,,727,0.012323,-0.037571,25402
E14000750,E12000007,Holborn and St Pancras,,London,England,Borough,Green Party,Green,PP63,44,,Siân,Berry,Female,No,No,5314,1980,0.033561,-0.094141,34835
E14000750,E12000007,Holborn and St Pancras,,London,England,Borough,Liberal Democrat,LD,PP90,17,,Stephen,Crosher,Male,No,No,,4020,0.068139,0.003405,25400
E14000750,E12000007,Holborn and St Pancras,,London,England,Borough,Conservative,Con,PP52,4,,Tim,Barnes,Male,No,No,,10834,0.183636,-0.035130,8005
E14000750,E12000007,Holborn and St Pancras,,London,England,Borough,Labour,Lab,PP53,15,,Keir,Starmer,Male,Yes,Yes,4514,41343,0.700764,0.171566,5077
E14000751,E12000007,Hornchurch and Upminster,,London,England,Borough,British National Party,BNP,PP3960,67,,David,Furness,Male,No,No,,318,0.005674,0.002180,3068
E14000751,E12000007,Hornchurch and Upminster,,London,England,Borough,Green Party,Green,PP63,44,,Peter,Caton,Male,No,No,,1077,0.019217,-0.006328,19563
E14000751,E12000007,Hornchurch and Upminster,,London,England,Borough,Liberal Democrat,LD,PP90,17,,Jonathan,Mitchell,Male,No,No,,1371,0.024462,-0.002712,3879
E14000751,E12000007,Hornchurch and Upminster,,London,England,Borough,UK Independence Party,UKIP,PP85,35,,Lawrence,Webb,Male,No,No,,3502,0.062486,-0.190556,3526
E14000751,E12000007,Hornchurch and Upminster,,London,England,Borough,Labour,Lab,PP53,15,,Rocky,Gill,Male,No,No,,16027,0.285967,0.084956,34387
E14000751,E12000007,Hornchurch and Upminster,,London,England,Borough,Conservative,Con,PP52,4,,Julia,Dockerill,Female,No,No,4647,33750,0.602195,0.112460,34203
E14000752,E12000007,Hornsey and Wood Green,,London,England,Borough,Workers Revolutionary Party,WRP,PP184,167,,Anna,Athow,Female,No,No,,55,0.000883,-0.000536,2958
E14000752,E12000007,Hornsey and Wood Green,,London,England,Borough,Christian Peoples Alliance,CPA,PP79,80,,Helen,Spiby-Vann,Female,No,No,,93,0.001493,-0.000549,7988
E14000752,E12000007,Hornsey and Wood Green,,London,England,Borough,UK Independence Party,UKIP,PP85,35,,Ruth,Price,Female,No,No,,429,0.006887,-0.015109,34836
E14000752,E12000007,Hornsey and Wood Green,,London,England,Borough,Women's Equality Party,WEP,PP2755,260,,Nimco,Ali,Female,No,No,,551,0.008845,,34242
E14000752,E12000007,Hornsey and Wood Green,,London,England,Borough,Green Party,Green,PP63,44,,Sam,Hall,Male,No,No,,1181,0.018959,-0.035484,34622
E14000752,E12000007,Hornsey and Wood Green,,London,England,Borough,Conservative,Con,PP52,4,,Emma,Lane,Female,No,No,,9246,0.148428,0.055895,5864
E14000752,E12000007,Hornsey and Wood Green,,London,England,Borough,Liberal Democrat,LD,PP90,17,,Dawn,Barnes,Female,No,No,,10000,0.160532,-0.157181,1986
E14000752,E12000007,Hornsey and Wood Green,,London,England,Borough,Labour,Lab,PP53,15,,Catherine,West,Female,Yes,Yes,4523,40738,0.653974,0.144897,4357
E14000753,E12000008,Horsham,,South East,England,County,"The Peace Party - Non-violence, Justice, Environment",PPNV,PP133,154,,Jim,Duggan,Male,No,No,,263,0.004243,-0.001150,1891
E14000753,E12000008,Horsham,,South East,England,County,Something New,SN,PP2486,235,,James,Smith,Male,No,No,,375,0.006050,-0.000538,4582
E14000753,E12000008,Horsham,,South East,England,County,UK Independence Party,UKIP,PP85,35,,Roger,Arthur,Male,No,No,,1533,0.024731,-0.115260,4765
E14000753,E12000008,Horsham,,South East,England,County,Green Party,Green,PP63,44,,Catherine,Ross,Female,No,No,,1844,0.029748,-0.008864,23592
E14000753,E12000008,Horsham,,South East,England,County,Liberal Democrat,LD,PP90,17,,Morwen,Millson,Female,No,No,,7644,0.123316,0.006549,7020
E14000753,E12000008,Horsham,,South East,England,County,Labour,Lab,PP53,15,,Susannah,Brady,Female,No,No,,13422,0.216529,0.102362,32521
E14000753,E12000008,Horsham,,South East,England,County,Conservative,Con,PP52,4,,Jeremy,Quin,Male,Yes,Yes,4507,36906,0.595383,0.022225,6753
E14000754,E12000001,Houghton and Sunderland South,,North East,England,Borough,Independent,Ind,,8,,Mick,Watson,Male,No,No,,479,0.011548,,11587
E14000754,E12000001,Houghton and Sunderland South,,North East,England,Borough,Green Party,Green,PP63,44,,Richard,Bradley,Male,No,No,,725,0.017478,-0.010971,11628
E14000754,E12000001,Houghton and Sunderland South,,North East,England,Borough,Liberal Democrat,LD,PP90,17,,Paul,Edgeworth,Male,No,No,,908,0.021890,0.001339,11618
E14000754,E12000001,Houghton and Sunderland South,,North East,England,Borough,UK Independence Party,UKIP,PP85,35,,Michael,Joyce,Male,No,No,,2379,0.057353,-0.157773,34967
E14000754,E12000001,Houghton and Sunderland South,,North East,England,Borough,Conservative,Con,PP52,4,,Paul,Howell,Male,No,No,4830,12324,0.297107,0.112509,31326
E14000754,E12000001,Houghton and Sunderland South,,North East,England,Borough,Labour,Lab,PP53,15,,Bridget,Phillipson,Female,Yes,Yes,4046,24665,0.594624,0.043350,3733
E14000755,E12000008,Hove,,South East,England,Borough,Independent,Ind,,8,,Charley,Sabel,Female,No,No,,187,0.003247,,34678
E14000755,E12000008,Hove,,South East,England,Borough,Green Party,Green,PP63,44,,Phelim,Mac Cafferty,Male,No,No,,971,0.016859,-0.051495,34182
E14000755,E12000008,Hove,,South East,England,Borough,Liberal Democrat,LD,PP90,17,,Carrie,Hynds,Female,No,No,,1311,0.022762,-0.012880,34115
E14000755,E12000008,Hove,,South East,England,Borough,Conservative,Con,PP52,4,,Kristy,Adams,Female,No,No,,18185,0.315734,-0.083508,34677
E14000755,E12000008,Hove,,South East,England,Borough,Labour,Lab,PP53,15,,Peter,Kyle,Male,Yes,Yes,4505,36942,0.641399,0.218485,4358
E14000756,E12000003,Huddersfield,,Yorkshire and The Humber,England,Borough,Independent,Ind,,8,,Marteen,Thokkudubiyyapu,Male,No,No,,75,0.001711,,34709
E14000756,E12000003,Huddersfield,,Yorkshire and The Humber,England,Borough,The Yorkshire Party,Yrks,PP2055,262,,Bikatshi,Katenga,Female,No,No,,274,0.006251,,34635
E14000756,E12000003,Huddersfield,,Yorkshire and The Humber,England,Borough,Liberal Democrat,LD,PP90,17,,Zulfiqar,Ali,Male,No,No,,1155,0.026349,-0.032077,6384
E14000756,E12000003,Huddersfield,,Yorkshire and The Humber,England,Borough,Green Party,Green,PP63,44,,Andrew,Cooper,Male,No,No,,1395,0.031825,-0.037299,2182
E14000756,E12000003,Huddersfield,,Yorkshire and The Humber,England,Borough,Conservative,Con,PP52,4,,Scott,Benton,Male,No,No,4793,14465,0.329995,0.062170,19718
E14000756,E12000003,Huddersfield,,Yorkshire and The Humber,England,Borough,Labour and Co-operative,Lab,PP53,15,PP119,Barry,Sheerman,Male,Yes,Yes,411,26470,0.603869,0.154588,2183
E14000757,E12000006,Huntingdon,,East of England,England,County,Green Party,Green,PP63,44,,Tom,MacLennan,Male,No,No,,1095,0.018336,-0.020608,6703
E14000757,E12000006,Huntingdon,,East of England,England,County,UK Independence Party,UKIP,PP85,35,,Paul,Bullen,Male,No,No,,2180,0.036504,-0.132878,5035
E14000757,E12000006,Huntingdon,,East of England,England,County,Liberal Democrat,LD,PP90,17,,Rod,Cantrill,Male,No,No,,5090,0.085231,0.007004,35992
E14000757,E12000006,Huntingdon,,East of England,England,County,Labour,Lab,PP53,15,,Nik,Johnson,Male,No,No,,18440,0.308774,0.125518,4359
E14000757,E12000006,Huntingdon,,East of England,England,County,Conservative,Con,PP52,4,,Jonathan,Djanogly,Male,Yes,Yes,1425,32915,0.551155,0.020964,1910
E14000758,E12000002,Hyndburn,,North West,England,Borough,Liberal Democrat,LD,PP90,17,,Les,Jones,Male,No,No,,824,0.018229,-0.001800,2425
E14000758,E12000002,Hyndburn,,North West,England,Borough,UK Independence Party,UKIP,PP85,35,,Janet,Brown,Female,No,No,,1953,0.043206,-0.170239,5956
E14000758,E12000002,Hyndburn,,North West,England,Borough,Conservative,Con,PP52,4,,Kevin,Horkin,Male,No,No,,18305,0.404960,0.086075,5450
E14000758,E12000002,Hyndburn,,North West,England,Borough,Labour,Lab,PP53,15,,Graham,Jones,Male,Yes,Yes,3999,24120,0.533605,0.112125,1913
E14000759,E12000007,Ilford North,,London,England,Borough,Independent,Ind,,8,,Doris,Osen,Female,No,No,,368,0.006951,,5465
E14000759,E12000007,Ilford North,,London,England,Borough,Liberal Democrat,LD,PP90,17,,Richard,Clare,Male,No,No,,1034,0.019531,-0.003562,6828
E14000759,E12000007,Ilford North,,London,England,Borough,Conservative,Con,PP52,4,,Lee,Scott,Male,No,Yes,1534,20950,0.395724,-0.030868,1915
E14000759,E12000007,Ilford North,,London,England,Borough,Labour,Lab,PP53,15,,Wes,Streeting,Male,Yes,Yes,4504,30589,0.577794,0.139165,4360
E14000760,E12000007,Ilford South,,London,England,Borough,Friends Party,Frnd,PP6372,261,,Kane,Khan,Male,No,No,,65,0.001127,,34762
E14000760,E12000007,Ilford South,,London,England,Borough,UK Independence Party,UKIP,PP85,35,,Tariq,Saeed,Male,No,No,,477,0.008273,-0.043834,6227
E14000760,E12000007,Ilford South,,London,England,Borough,Green Party,Green,PP63,44,,RoseMary,Warrington,Female,No,No,,542,0.009400,-0.019610,6939
E14000760,E12000007,Ilford South,,London,England,Borough,Liberal Democrat,LD,PP90,17,,Farid,Ahmed,Male,No,No,,772,0.013390,-0.006144,3771
E14000760,E12000007,Ilford South,,London,England,Borough,Conservative,Con,PP52,4,,Chris,Chapman,Male,No,No,,12077,0.209463,-0.049726,5438
E14000760,E12000007,Ilford South,,London,England,Borough,Labour and Co-operative,Lab,PP53,15,PP119,Mike,Gapes,Male,Yes,Yes,184,43724,0.758347,0.118187,2977
S14000038,S92000003,Inverclyde,,Scotland,Scotland,County,Liberal Democrat,LD,PP90,17,,David,Stevens,Male,No,No,,978,0.025017,0.000223,21623
S14000038,S92000003,Inverclyde,,Scotland,Scotland,County,Conservative,Con,PP52,4,,David,Wilson,Male,No,No,,8399,0.214847,0.115176,2842
S14000038,S92000003,Inverclyde,,Scotland,Scotland,County,Labour,Lab,PP53,15,,Martin,McCluskey,Male,No,No,,14666,0.375157,0.072020,13061
S14000038,S92000003,Inverclyde,,Scotland,Scotland,County,Scottish National Party,SNP,PP102,29,,Ronnie,Cowan,Male,Yes,Yes,4465,15050,0.384979,-0.166167,6058
S14000039,S92000003,"Inverness, Nairn, Badenoch and Strathspey",,Scotland,Scotland,County,"Christian Party, Proclaiming Christ's Lordship",CHP,PP2893,174,,Donald,Boyd,Male,No,No,,612,0.011591,0.004266,3580
S14000039,S92000003,"Inverness, Nairn, Badenoch and Strathspey",,Scotland,Scotland,County,Liberal Democrat,LD,PP90,17,,Ritchie,Cunningham,Male,No,No,,6477,0.122668,-0.190265,21044
S14000039,S92000003,"Inverness, Nairn, Badenoch and Strathspey",,Scotland,Scotland,County,Labour,Lab,PP53,15,,Mike,Robb,Male,No,No,,8552,0.161967,0.087140,2643
S14000039,S92000003,"Inverness, Nairn, Badenoch and Strathspey",,Scotland,Scotland,County,Conservative,Con,PP52,4,,Nicholas,Tulloch,Male,No,No,,16118,0.305259,0.246071,34823
S14000039,S92000003,"Inverness, Nairn, Badenoch and Strathspey",,Scotland,Scotland,County,Scottish National Party,SNP,PP102,29,,Drew,Hendry,Male,Yes,Yes,4467,21042,0.398515,-0.102032,4915
E14000761,E12000006,Ipswich,,East of England,England,Borough,Independent,Ind,,8,,David,Tabane,Male,No,No,,121,0.002366,,35008
E14000761,E12000006,Ipswich,,East of England,England,Borough,Green Party,Green,PP63,44,,Charlotte,Armstrong,Female,No,No,,840,0.016426,-0.019225,14775
E14000761,E12000006,Ipswich,,East of England,England,Borough,Liberal Democrat,LD,PP90,17,,Adrian,Hyyrylainen-Trett,Male,No,No,,1187,0.023212,-0.005539,4593
E14000761,E12000006,Ipswich,,East of England,England,Borough,UK Independence Party,UKIP,PP85,35,,Tony,Gould,Male,No,No,,1372,0.026830,-0.090289,14887
E14000761,E12000006,Ipswich,,East of England,England,Borough,Conservative,Con,PP52,4,,Ben,Gummer,Male,Yes,Yes,3988,23393,0.457457,0.009887,2835
E14000761,E12000006,Ipswich,,East of England,England,Borough,Labour,Lab,PP53,15,,Sandy,Martin,Male,No,No,4678,24224,0.473708,0.102800,23025
E14000762,E12000008,Isle of Wight,,South East,England,County,Independent,Ind,,8,,Julie,Jones-Evans,Female,No,No,,1592,0.021375,,24644
E14000762,E12000008,Isle of Wight,,South East,England,County,UK Independence Party,UKIP,PP85,35,,Daryll,Pitcher,Male,No,No,,1921,0.025793,-0.185986,5193
E14000762,E12000008,Isle of Wight,,South East,England,County,Liberal Democrat,LD,PP90,17,,Nick,Belfitt,Male,No,No,,2740,0.036789,-0.037678,24671
E14000762,E12000008,Isle of Wight,,South East,England,County,Green Party,Green,PP63,44,,Vix,Lowthion,Female,No,No,,12915,0.173405,0.039635,4912
E14000762,E12000008,Isle of Wight,,South East,England,County,Labour,Lab,PP53,15,,Julian,Critchley,Male,No,No,,17121,0.229877,0.102082,24612
E14000762,E12000008,Isle of Wight,,South East,England,County,Conservative,Con,PP52,4,,Bob,Seely,Male,No,No,4681,38190,0.512762,0.106062,24695
E14000763,E12000007,Islington North,,London,England,Borough,Communist League Election Campaign,Comm L,PP823,77,,Andres,Mendoza,Male,No,No,,7,0.000127,,34761
E14000763,E12000007,Islington North,,London,England,Borough,The Socialist Party of Great Britain,SPGB,PP110,192,,Bill,Martin,Male,No,No,,21,0.000382,-0.001893,5689
E14000763,E12000007,Islington North,,London,England,Borough,Independent,Ind,,8,,Susanne,Cameron-Blackie,Female,No,No,,41,0.000746,,34509
E14000763,E12000007,Islington North,,London,England,Borough,Official Monster Raving Loony Party,MRLP,PP66,119,,Knigel,Knapp,Male,No,No,,106,0.001930,,2721
E14000763,E12000007,Islington North,,London,England,Borough,Independent,Ind,,8,,Michael,Foster,Male,No,No,,208,0.003787,,4290
E14000763,E12000007,Islington North,,London,England,Borough,UK Independence Party,UKIP,PP85,35,,Keith,Fraser,Male,No,No,,413,0.007519,-0.032514,5959
E14000763,E12000007,Islington North,,London,England,Borough,Green Party,Green,PP63,44,,Caroline,Russell,Female,No,No,,2229,0.040580,-0.061849,4750
E14000763,E12000007,Islington North,,London,England,Borough,Liberal Democrat,LD,PP90,17,,Keith,Angus,Male,No,No,,4946,0.090045,0.009125,2566
E14000763,E12000007,Islington North,,London,England,Borough,Conservative,Con,PP52,4,,James,Clark,Male,No,No,,6871,0.125091,-0.046843,34537
E14000763,E12000007,Islington North,,London,England,Borough,Labour,Lab,PP53,15,,Jeremy,Corbyn,Male,Yes,Yes,185,40086,0.729792,0.127383,1120
E14000764,E12000007,Islington South and Finsbury,,London,England,Borough,UK Independence Party,UKIP,PP85,35,,Pete,Muswell,Male,No,No,,929,0.019334,-0.056902,5945
E14000764,E12000007,Islington South and Finsbury,,London,England,Borough,Green Party,Green,PP63,44,,Benali,Hamdache,Male,No,No,,1198,0.024933,-0.051213,7778
E14000764,E12000007,Islington South and Finsbury,,London,England,Borough,Liberal Democrat,LD,PP90,17,,Alain,Desmier,Male,No,No,,5809,0.120897,0.011817,34139
E14000764,E12000007,Islington South and Finsbury,,London,England,Borough,Conservative,Con,PP52,4,,Jason,Charalambous,Male,No,No,,9925,0.206560,-0.015690,34524
E14000764,E12000007,Islington South and Finsbury,,London,England,Borough,Labour,Lab,PP53,15,,Emily,Thornberry,Female,Yes,Yes,1536,30188,0.628275,0.118969,2519
W07000077,W92000004,Islwyn,,Wales,Wales,County,Liberal Democrat,LD,PP90,17,,Matthew,Kidner,Male,No,No,,685,0.018979,-0.007857,27868
W07000077,W92000004,Islwyn,,Wales,Wales,County,UK Independence Party,UKIP,PP85,35,,Joe,Smyth,Male,No,No,,1605,0.044468,-0.151345,5327
W07000077,W92000004,Islwyn,,Wales,Wales,County,Plaid Cymru,PC,PP77,22,,Darren,Jones,Male,No,No,,2739,0.075887,-0.031285,27754
W07000077,W92000004,Islwyn,,Wales,Wales,County,Conservative,Con,PP52,4,,Dan,Thomas,Male,No,No,,9826,0.272241,0.120664,77
W07000077,W92000004,Islwyn,,Wales,Wales,County,Labour and Co-operative,Lab,PP53,15,PP119,Chris,Evans,Male,Yes,Yes,4040,21238,0.588424,0.098721,2487
E14000765,E12000001,Jarrow,,North East,England,Borough,Green Party,Green,PP63,44,,David,Herbert,Male,No,No,,745,0.017316,-0.016653,5115
E14000765,E12000001,Jarrow,,North East,England,Borough,Liberal Democrat,LD,PP90,17,,Peter,Maughan,Male,No,No,,1163,0.027032,-0.005070,6452
E14000765,E12000001,Jarrow,,North East,England,Borough,UK Independence Party,UKIP,PP85,35,,James,Askwith,Male,No,No,,2338,0.054343,-0.142291,13271
E14000765,E12000001,Jarrow,,North East,England,Borough,Conservative,Con,PP52,4,,Robin,Gwynn,Male,No,No,,10757,0.250029,0.079300,13058
E14000765,E12000001,Jarrow,,North East,England,Borough,Labour,Lab,PP53,15,,Stephen,Hepburn,Male,Yes,Yes,520,28020,0.651280,0.094698,448
E14000766,E12000003,Keighley,,Yorkshire and The Humber,England,County,Independent,Ind,,8,,David,Crabtree,Male,No,No,,534,0.010326,,34718
E14000766,E12000003,Keighley,,Yorkshire and The Humber,England,County,Green Party,Green,PP63,44,,Ros,Brown,Female,No,No,,790,0.015276,-0.018537,4982
E14000766,E12000003,Keighley,,Yorkshire and The Humber,England,County,Liberal Democrat,LD,PP90,17,,Matt,Walker,Male,No,No,,1226,0.023707,-0.003184,34720
E14000766,E12000003,Keighley,,Yorkshire and The Humber,England,County,UK Independence Party,UKIP,PP85,35,,Paul,Latham,Male,No,No,,1291,0.024964,-0.090297,2352
E14000766,E12000003,Keighley,,Yorkshire and The Humber,England,County,Conservative,Con,PP52,4,,Kris,Hopkins,Male,Yes,Yes,4043,23817,0.460552,0.017460,1607
E14000766,E12000003,Keighley,,Yorkshire and The Humber,England,County,Labour,Lab,PP53,15,,John,Grogan,Male,No,Yes,382,24056,0.465174,0.084232,4363
E14000767,E12000005,Kenilworth and Southam,,West Midlands,England,County,UK Independence Party,UKIP,PP85,35,,Harry,Cottam,Male,No,No,,929,0.018102,-0.093948,5953
E14000767,E12000005,Kenilworth and Southam,,West Midlands,England,County,Green Party,Green,PP63,44,,Rob,Ballantyne,Male,No,No,,1133,0.022077,-0.018013,6419
E14000767,E12000005,Kenilworth and Southam,,West Midlands,England,County,Liberal Democrat,LD,PP90,17,,Richard,Dickson,Male,No,No,,4921,0.095887,-0.004808,4506
E14000767,E12000005,Kenilworth and Southam,,West Midlands,England,County,Labour,Lab,PP53,15,,Bally,Singh,Male,No,No,,13131,0.255860,0.102717,4364
E14000767,E12000005,Kenilworth and Southam,,West Midlands,England,County,Conservative,Con,PP52,4,,Jeremy,Wright,Male,Yes,Yes,1560,31207,0.608075,0.024483,1604
E14000768,E12000007,Kensington,,London,England,Borough,Alliance for Green Socialism,AGS,PP67,97,,John,Lloyd,Male,No,No,,49,0.001267,-0.002035,35022
E14000768,E12000007,Kensington,,London,England,Borough,Independent,Ind,,8,,Peter,Marshall,Male,No,No,,98,0.002534,,35023
E14000768,E12000007,Kensington,,London,England,Borough,Independent,Ind,,8,,James,Torrance,Male,No,No,,393,0.010161,,35024
E14000768,E12000007,Kensington,,London,England,Borough,Green Party,Green,PP63,44,,Jennifer,Nadel,Female,No,No,,767,0.019831,-0.030847,5694
E14000768,E12000007,Kensington,,London,England,Borough,Liberal Democrat,LD,PP90,17,,Annabel,Mullin,Female,No,No,,4724,0.122140,0.065806,7844
E14000768,E12000007,Kensington,,London,England,Borough,Conservative,Con,PP52,4,,Victoria,Borwick,Female,Yes,Yes,4502,16313,0.421775,-0.100764,6773
E14000768,E12000007,Kensington,,London,England,Borough,Labour,Lab,PP53,15,,Emma,Dent Coad,Female,No,No,4683,16333,0.422292,0.111106,34309
E14000769,E12000004,Kettering,,East Midlands,England,County,Green Party,Green,PP63,44,,Rob,Reeves,Male,No,No,,1116,0.022589,-0.011995,6899
E14000769,E12000004,Kettering,,East Midlands,England,County,Liberal Democrat,LD,PP90,17,,Suzanna,Austin,Female,No,No,,1618,0.032750,0.001195,31985
E14000769,E12000004,Kettering,,East Midlands,England,County,Labour,Lab,PP53,15,,Mick,Scrimshaw,Male,No,No,,18054,0.365436,0.113901,32108
E14000769,E12000004,Kettering,,East Midlands,England,County,Conservative,Con,PP52,4,,Philip,Hollobone,Male,Yes,Yes,1537,28616,0.579224,0.061053,1768
S14000040,S92000003,Kilmarnock and Loudoun,,Scotland,Scotland,County,Liberal Democrat,LD,PP90,17,,Irene,Lang,Female,No,No,,994,0.021372,0.006735,34939
S14000040,S92000003,Kilmarnock and Loudoun,,Scotland,Scotland,County,Conservative,Con,PP52,4,,Alison,Harper,Female,No,No,,12404,0.266701,0.141439,22376
S14000040,S92000003,Kilmarnock and Loudoun,,Scotland,Scotland,County,Labour,Lab,PP53,15,,Laura,Dover,Female,No,No,,13421,0.288568,-0.014977,34273
S14000040,S92000003,Kilmarnock and Loudoun,,Scotland,Scotland,County,Scottish National Party,SNP,PP102,29,,Alan,Brown,Male,Yes,Yes,4470,19690,0.423359,-0.133196,5921
E14000770,E12000007,Kingston and Surbiton,,London,England,Borough,Independent,Ind,,8,,Michael,Basman,Male,No,No,,100,0.001608,,34838
E14000770,E12000007,Kingston and Surbiton,,London,England,Borough,Official Monster Raving Loony Party,MRLP,PP66,119,,Jason,Chinnery,Male,No,No,,168,0.002702,,3454
E14000770,E12000007,Kingston and Surbiton,,London,England,Borough,Green Party,Green,PP63,44,,Chris,Walker,Male,No,No,,536,0.008620,-0.030567,1322
E14000770,E12000007,Kingston and Surbiton,,London,England,Borough,UK Independence Party,UKIP,PP85,35,,Graham,Matthews,Male,No,No,,675,0.010856,-0.062069,34839
E14000770,E12000007,Kingston and Surbiton,,London,England,Borough,Labour,Lab,PP53,15,,Laurie,South,Male,No,No,,9203,0.148011,0.003309,34388
E14000770,E12000007,Kingston and Surbiton,,London,England,Borough,Conservative,Con,PP52,4,,James,Berry,Male,Yes,Yes,4489,23686,0.380939,-0.011430,4201
E14000770,E12000007,Kingston and Surbiton,,London,England,Borough,Liberal Democrat,LD,PP90,17,,Edward,Davey,Male,No,Yes,188,27810,0.447264,0.102725,4507
E14000771,E12000003,Kingston upon Hull East,,Yorkshire and The Humber,England,Borough,Green Party,Green,PP63,44,,Julia,Brown,Female,No,No,,493,0.013456,-0.009478,34617
E14000771,E12000003,Kingston upon Hull East,,Yorkshire and The Humber,England,Borough,Liberal Democrat,LD,PP90,17,,Andrew,Marchington,Male,No,No,,1258,0.034336,-0.030938,35031
E14000771,E12000003,Kingston upon Hull East,,Yorkshire and The Humber,England,Borough,UK Independence Party,UKIP,PP85,35,,Mark,Fox,Male,No,No,,2573,0.070228,-0.153452,17348
E14000771,E12000003,Kingston upon Hull East,,Yorkshire and The Humber,England,Borough,Conservative,Con,PP52,4,,Simon,Burton,Male,No,No,,10959,0.299116,0.139970,35030
E14000771,E12000003,Kingston upon Hull East,,Yorkshire and The Humber,England,Borough,Labour,Lab,PP53,15,,Karl,Turner,Male,Yes,Yes,4030,21355,0.582865,0.065565,2684
E14000772,E12000003,Kingston upon Hull North,,Yorkshire and The Humber,England,Borough,Green Party,Green,PP63,44,,Martin,Deane,Male,No,No,,604,0.016271,-0.042197,2862
E14000772,E12000003,Kingston upon Hull North,,Yorkshire and The Humber,England,Borough,UK Independence Party,UKIP,PP85,35,,John,Kitchener,Male,No,No,,1601,0.043128,-0.119935,6871
E14000772,E12000003,Kingston upon Hull North,,Yorkshire and The Humber,England,Borough,Liberal Democrat,LD,PP90,17,,Mike,Ross,Male,No,No,,1869,0.050348,-0.039504,36520
E14000772,E12000003,Kingston upon Hull North,,Yorkshire and The Humber,England,Borough,Conservative,Con,PP52,4,,Lia,Nici-Townend,Female,No,No,,9363,0.252222,0.102064,35117
E14000772,E12000003,Kingston upon Hull North,,Yorkshire and The Humber,England,Borough,Labour,Lab,PP53,15,,Diana,Johnson,Female,Yes,Yes,1533,23685,0.638031,0.109930,1861
E14000773,E12000003,Kingston upon Hull West and Hessle,,Yorkshire and The Humber,England,Borough,Libertarian Party,LPUK,PP684,1003,,Will,Taylor,Male,No,No,,67,0.001938,,34972
E14000773,E12000003,Kingston upon Hull West and Hessle,,Yorkshire and The Humber,England,Borough,Green Party,Green,PP63,44,,Mike,Lammiman,Male,No,No,,332,0.009605,-0.020046,34618
E14000773,E12000003,Kingston upon Hull West and Hessle,,Yorkshire and The Humber,England,Borough,UK Independence Party,UKIP,PP85,35,,Gary,Shores,Male,No,No,,1399,0.040474,-0.158029,5605
E14000773,E12000003,Kingston upon Hull West and Hessle,,Yorkshire and The Humber,England,Borough,Independent,Ind,,8,,Michelle,Dewberry,Female,No,No,,1898,0.054911,,34485
E14000773,E12000003,Kingston upon Hull West and Hessle,,Yorkshire and The Humber,England,Borough,Liberal Democrat,LD,PP90,17,,Claire,Thomas,Female,No,No,,2210,0.063938,-0.035707,4504
E14000773,E12000003,Kingston upon Hull West and Hessle,,Yorkshire and The Humber,England,Borough,Conservative,Con,PP52,4,,Christine,Mackay,Female,No,No,,10317,0.298481,0.123623,2547
E14000773,E12000003,Kingston upon Hull West and Hessle,,Yorkshire and The Humber,England,Borough,Labour,Lab,PP53,15,,Emma,Hardy,Female,No,No,4645,18342,0.530652,0.038686,34204
E14000774,E12000009,Kingswood,,South West,England,Borough,Green Party,Green,PP63,44,,Matt,Furey-King,Male,No,No,,984,0.020188,-0.008279,34605
E14000774,E12000009,Kingswood,,South West,England,Borough,Liberal Democrat,LD,PP90,17,,Karen,Wilkinson,Female,No,No,,1749,0.035884,-0.002080,35003
E14000774,E12000009,Kingswood,,South West,England,Borough,Labour,Lab,PP53,15,,Mhairi,Threlfall,Female,No,No,,19254,0.395027,0.099006,34451
E14000774,E12000009,Kingswood,,South West,England,Borough,Conservative,Con,PP52,4,,Chris,Skidmore,Male,Yes,Yes,4021,26754,0.548901,0.065743,3745
S14000041,S92000003,Kirkcaldy and Cowdenbeath,,Scotland,Scotland,County,UK Independence Party,UKIP,PP85,35,,David,Coburn,Male,No,No,,540,0.011690,-0.011697,5285
S14000041,S92000003,Kirkcaldy and Cowdenbeath,,Scotland,Scotland,County,Liberal Democrat,LD,PP90,17,,Malcolm,Wood,Male,No,No,,1118,0.024203,0.002460,34705
S14000041,S92000003,Kirkcaldy and Cowdenbeath,,Scotland,Scotland,County,Conservative,Con,PP52,4,,Dave,Dempsey,Male,No,No,,10762,0.232979,0.134231,5047
S14000041,S92000003,Kirkcaldy and Cowdenbeath,,Scotland,Scotland,County,Scottish National Party,SNP,PP102,29,,Roger,Mullin,Male,Yes,Yes,4468,16757,0.362761,-0.159587,5553
S14000041,S92000003,Kirkcaldy and Cowdenbeath,,Scotland,Scotland,County,Labour,Lab,PP53,15,,Lesley,Laird,Female,No,No,4660,17016,0.368368,0.034593,15307
E14000775,E12000002,Knowsley,,North West,England,Borough,Green Party,Green,PP63,44,,Steve,Baines,Male,No,No,,521,0.009390,-0.015645,35110
E14000775,E12000002,Knowsley,,North West,England,Borough,Liberal Democrat,LD,PP90,17,,Carl,Cashman,Male,No,No,,1189,0.021430,-0.007942,4508
E14000775,E12000002,Knowsley,,North West,England,Borough,UK Independence Party,UKIP,PP85,35,,Neil,Miney,Male,No,No,,1285,0.023160,-0.074872,2831
E14000775,E12000002,Knowsley,,North West,England,Borough,Conservative,Con,PP52,4,,James,Spencer,Male,No,No,,5137,0.092587,0.026213,35111
E14000775,E12000002,Knowsley,,North West,England,Borough,Labour,Lab,PP53,15,,George,Howarth,Male,Yes,Yes,481,47351,0.853433,0.072247,741
N06000009,N92000002,Lagan Valley,,Northern Ireland,Northern Ireland,County,Independent,Ind,,8,,Jonny,Orr,Male,No,No,,222,0.004941,,7410
N06000009,N92000002,Lagan Valley,,Northern Ireland,Northern Ireland,County,Conservative,Con,PP51,4,,Ian,Nickels,Male,No,No,,462,0.010284,-0.006151,12436
N06000009,N92000002,Lagan Valley,,Northern Ireland,Northern Ireland,County,Sinn Féin,SF,PP39,30,,Jacqui,Russell,Female,No,No,,1567,0.034880,0.006132,35062
N06000009,N92000002,Lagan Valley,,Northern Ireland,Northern Ireland,County,Social Democratic & Labour Party,SDLP,PP55,31,,Pat,Catney,Male,No,No,,3384,0.075324,0.012502,7180
N06000009,N92000002,Lagan Valley,,Northern Ireland,Northern Ireland,County,Alliance,APNI,PP103,1,,Aaron,McIntyre,Male,No,No,,4996,0.111205,-0.028109,34658
N06000009,N92000002,Lagan Valley,,Northern Ireland,Northern Ireland,County,Ulster Unionist Party,UUP,PP83,38,,Robbie,Butler,Male,No,No,,7533,0.167676,0.015521,8114
N06000009,N92000002,Lagan Valley,,Northern Ireland,Northern Ireland,County,Democratic Unionist Party,DUP,PP70,7,,Jeffrey M.,Donaldson,Male,Yes,Yes,650,26762,0.595691,0.116862,1858
S14000042,S92000003,Lanark and Hamilton East,,Scotland,Scotland,County,UK Independence Party,UKIP,PP85,35,,Donald,MacKay,Male,No,No,,550,0.010898,-0.014999,1516
S14000042,S92000003,Lanark and Hamilton East,,Scotland,Scotland,County,Liberal Democrat,LD,PP90,17,,Colin,Robb,Male,No,No,,1214,0.024054,0.002283,22786
S14000042,S92000003,Lanark and Hamilton East,,Scotland,Scotland,County,Labour,Lab,PP53,15,,Andrew,Hilland,Male,No,No,,16084,0.318684,0.013281,34274
S14000042,S92000003,Lanark and Hamilton East,,Scotland,Scotland,County,Conservative,Con,PP52,4,,Poppy,Corbett,Female,No,No,,16178,0.320547,0.161801,22689
S14000042,S92000003,Lanark and Hamilton East,,Scotland,Scotland,County,Scottish National Party,SNP,PP102,29,,Angela,Crawley,Female,Yes,Yes,4469,16444,0.325817,-0.162365,6059
E14000776,E12000002,Lancaster and Fleetwood,,North West,England,County,Green Party,Green,PP63,44,,Rebecca,Novell,Female,No,No,,796,0.017308,-0.032838,34974
E14000776,E12000002,Lancaster and Fleetwood,,North West,England,County,Liberal Democrat,LD,PP90,17,,Robin,Long,Male,No,No,,1170,0.025441,-0.007862,5466
E14000776,E12000002,Lancaster and Fleetwood,,North West,England,County,Conservative,Con,PP52,4,,Eric,Ollerenshaw,Male,No,Yes,4141,18681,0.406206,0.013806,990
E14000776,E12000002,Lancaster and Fleetwood,,North West,England,County,Labour,Lab,PP53,15,,Cat,Smith,Female,Yes,Yes,4436,25342,0.551045,0.128336,2618
E14000777,E12000003,Leeds Central,,Yorkshire and The Humber,England,Borough,Christian Peoples Alliance,CPA,PP79,80,,Alex,Coetzee,Male,No,No,,157,0.003293,,34743
E14000777,E12000003,Leeds Central,,Yorkshire and The Humber,England,Borough,Liberal Democrat,LD,PP90,17,,Andy,Nash,Male,No,No,,1063,0.022298,-0.011644,9105
E14000777,E12000003,Leeds Central,,Yorkshire and The Humber,England,Borough,Green Party,Green,PP63,44,,Ed,Carlisle,Male,No,No,,1189,0.024941,-0.054042,18712
E14000777,E12000003,Leeds Central,,Yorkshire and The Humber,England,Borough,UK Independence Party,UKIP,PP85,35,,Bill,Palfreman,Male,No,No,,2056,0.043127,-0.114083,16470
E14000777,E12000003,Leeds Central,,Yorkshire and The Humber,England,Borough,Conservative,Con,PP52,4,,Gareth,Davies,Male,No,No,4850,9755,0.204623,0.031674,34744
E14000777,E12000003,Leeds Central,,Yorkshire and The Humber,England,Borough,Labour,Lab,PP53,15,,Hilary,Benn,Male,Yes,Yes,413,33453,0.701718,0.152126,738
E14000778,E12000003,Leeds East,,Yorkshire and The Humber,England,Borough,The Yorkshire Party,Yrks,PP2055,262,,John,Otley,Male,No,No,,422,0.010183,,15260
E14000778,E12000003,Leeds East,,Yorkshire and The Humber,England,Borough,Green Party,Green,PP63,44,,Jaimes,Moran,Male,No,No,,434,0.010473,-0.018771,15256
E14000778,E12000003,Leeds East,,Yorkshire and The Humber,England,Borough,Liberal Democrat,LD,PP90,17,,Ed,Sanderson,Male,No,No,,739,0.017833,-0.016098,34682
E14000778,E12000003,Leeds East,,Yorkshire and The Humber,England,Borough,UK Independence Party,UKIP,PP85,35,,Paul,Spivey,Male,No,No,,1742,0.042036,-0.147932,5835
E14000778,E12000003,Leeds East,,Yorkshire and The Humber,England,Borough,Conservative,Con,PP52,4,,Matthew,Robinson,Male,No,No,,12676,0.305881,0.096513,34681
E14000778,E12000003,Leeds East,,Yorkshire and The Humber,England,Borough,Labour,Lab,PP53,15,,Richard,Burgon,Male,Yes,Yes,4493,25428,0.613595,0.076104,4369
E14000779,E12000003,Leeds North East,,Yorkshire and The Humber,England,Borough,Christian Peoples Alliance,CPA,PP79,80,,Tim,Mutamiri,Male,No,No,,67,0.001264,,34741
E14000779,E12000003,Leeds North East,,Yorkshire and The Humber,England,Borough,Alliance for Green Socialism,AGS,PP67,97,,Celia,Foote,Female,No,No,,116,0.002189,-0.007150,475
E14000779,E12000003,Leeds North East,,Yorkshire and The Humber,England,Borough,The Yorkshire Party,Yrks,PP2055,262,,Tess,Seddon,Female,No,No,,303,0.005717,,34742
E14000779,E12000003,Leeds North East,,Yorkshire and The Humber,England,Borough,Green Party,Green,PP63,44,,Ann,Forsaith,Female,No,No,,680,0.012830,-0.039788,34529
E14000779,E12000003,Leeds North East,,Yorkshire and The Humber,England,Borough,Liberal Democrat,LD,PP90,17,,Jon,Hannah,Male,No,No,,1952,0.036831,-0.016367,34740
E14000779,E12000003,Leeds North East,,Yorkshire and The Humber,England,Borough,Conservative,Con,PP52,4,,Ryan,Stephenson,Male,No,No,,16445,0.310289,-0.018696,5537
E14000779,E12000003,Leeds North East,,Yorkshire and The Humber,England,Borough,Labour,Lab,PP53,15,,Fabian,Hamilton,Male,Yes,Yes,415,33436,0.630880,0.151764,736
E14000780,E12000003,Leeds North West,,Yorkshire and The Humber,England,Borough,Green Party,Green,PP63,44,,Martin,Hemingway,Male,No,No,,582,0.012574,-0.057588,6073
E14000780,E12000003,Leeds North West,,Yorkshire and The Humber,England,Borough,Conservative,Con,PP52,4,,Alan,Lamb,Male,No,No,,9097,0.196535,0.010106,3932
E14000780,E12000003,Leeds North West,,Yorkshire and The Humber,England,Borough,Liberal Democrat,LD,PP90,17,,Greg,Mulholland,Male,Yes,Yes,1540,16192,0.349817,-0.018012,985
E14000780,E12000003,Leeds North West,,Yorkshire and The Humber,England,Borough,Labour and Co-operative,Lab,PP53,15,PP119,Alex,Sobel,Male,No,No,4658,20416,0.441074,0.140292,4370
E14000781,E12000003,Leeds West,,Yorkshire and The Humber,England,Borough,Alliance for Green Socialism,AGS,PP67,97,,Mike,Davies,Male,No,No,,47,0.001113,,482
E14000781,E12000003,Leeds West,,Yorkshire and The Humber,England,Borough,The Yorkshire Party,Yrks,PP2055,262,,Ed,Jones,Male,No,No,,378,0.008951,,34208
E14000781,E12000003,Leeds West,,Yorkshire and The Humber,England,Borough,Liberal Democrat,LD,PP90,17,,Alisdair,McGregor,Male,No,No,,905,0.021431,-0.017478,4894
E14000781,E12000003,Leeds West,,Yorkshire and The Humber,England,Borough,Green Party,Green,PP63,44,,Andrew,Pointon,Male,No,No,,1023,0.024225,-0.059501,4544
E14000781,E12000003,Leeds West,,Yorkshire and The Humber,England,Borough,UK Independence Party,UKIP,PP85,35,,Mark,Thackray,Male,No,No,,1815,0.042980,-0.141909,2348
E14000781,E12000003,Leeds West,,Yorkshire and The Humber,England,Borough,Conservative,Con,PP52,4,,Zoe,Metcalfe,Female,No,No,,11048,0.261621,0.060466,6546
E14000781,E12000003,Leeds West,,Yorkshire and The Humber,England,Borough,Labour,Lab,PP53,15,,Rachel,Reeves,Female,Yes,Yes,4031,27013,0.639679,0.159342,1299
E14000782,E12000004,Leicester East,,East Midlands,England,Borough,Independent,Ind,,8,,Ian,Fox,Male,No,No,,454,0.008660,,34941
E14000782,E12000004,Leicester East,,East Midlands,England,Borough,Green Party,Green,PP63,44,,Melanie,Wakley,Female,No,No,,1070,0.020410,-0.010130,34942
E14000782,E12000004,Leicester East,,East Midlands,England,Borough,Liberal Democrat,LD,PP90,17,,Nitesh,Dave,Male,No,No,,1343,0.025618,-0.000033,23556
E14000782,E12000004,Leicester East,,East Midlands,England,Borough,Independent,Ind,,8,,Sujata,Barot,Female,No,No,,1753,0.033439,,34142
E14000782,E12000004,Leicester East,,East Midlands,England,Borough,Conservative,Con,PP52,4,,Edward,He,Male,No,No,,12688,0.242027,0.012477,5518
E14000782,E12000004,Leicester East,,East Midlands,England,Borough,Labour,Lab,PP53,15,,Keith,Vaz,Male,Yes,Yes,338,35116,0.669846,0.058504,427
E14000783,E12000004,Leicester South,,East Midlands,England,Borough,Green Party,Green,PP63,44,,Mags,Lewis,Female,No,No,,1177,0.023299,-0.031836,34416
E14000783,E12000004,Leicester South,,East Midlands,England,Borough,Liberal Democrat,LD,PP90,17,,Harrish,Bisnauthsing,Male,No,No,,1287,0.025477,-0.020821,1840
E14000783,E12000004,Leicester South,,East Midlands,England,Borough,Conservative,Con,PP52,4,,Meera,Sonecha,Female,No,No,,10896,0.215690,0.006121,34583
E14000783,E12000004,Leicester South,,East Midlands,England,Borough,Labour and Co-operative,Lab,PP53,15,PP119,Jonathan,Ashworth,Male,Yes,Yes,4244,37157,0.735535,0.137541,5545
E14000784,E12000004,Leicester West,,East Midlands,England,Borough,Independent,Ind,,8,,David,Bowley,Male,No,No,,121,0.003226,,2772
E14000784,E12000004,Leicester West,,East Midlands,England,Borough,Green Party,Green,PP63,44,,Mel,Gould,Female,No,No,,607,0.016181,-0.038219,35160
E14000784,E12000004,Leicester West,,East Midlands,England,Borough,Liberal Democrat,LD,PP90,17,,Ian,Bradwell,Male,No,No,,792,0.021113,-0.022540,6819
E14000784,E12000004,Leicester West,,East Midlands,England,Borough,UK Independence Party,UKIP,PP85,35,,Stuart,Young,Male,No,No,,1406,0.037481,-0.134873,6877
E14000784,E12000004,Leicester West,,East Midlands,England,Borough,Conservative,Con,PP52,4,,Jack,Hickey,Male,No,No,,11763,0.313580,0.057279,34243
E14000784,E12000004,Leicester West,,East Midlands,England,Borough,Labour,Lab,PP53,15,,Liz,Kendall,Female,Yes,Yes,4026,22823,0.608419,0.143469,1292
E14000785,E12000002,Leigh,,North West,England,County,Liberal Democrat,LD,PP90,17,,Richard,Kilpatrick,Male,No,No,,951,0.020288,-0.005197,6225
E14000785,E12000002,Leigh,,North West,England,County,UK Independence Party,UKIP,PP85,35,,Mark,Bradley,Male,No,No,,2783,0.059372,-0.137933,6335
E14000785,E12000002,Leigh,,North West,England,County,Conservative,Con,PP52,4,,James,Grundy,Male,No,No,4843,16793,0.358258,0.131855,15397
E14000785,E12000002,Leigh,,North West,England,County,Labour and Co-operative,Lab,PP53,15,PP119,Joanne,Platt,Female,No,No,4673,26347,0.562081,0.023287,13928
E14000786,E12000008,Lewes,,South East,England,County,Labour,Lab,PP53,15,,Daniel,Chapman,Male,No,No,,6060,0.111825,0.012893,34326
E14000786,E12000008,Lewes,,South East,England,County,Liberal Democrat,LD,PP90,17,,Kelly-Marie,Blundell,Female,No,No,,21312,0.393268,0.034681,4500
E14000786,E12000008,Lewes,,South East,England,County,Conservative,Con,PP52,4,,Maria,Caulfield,Female,Yes,Yes,4492,26820,0.494907,0.114891,897
E14000787,E12000007,Lewisham East,,London,England,Borough,Christian Peoples Alliance,CPA,PP79,80,,Maureen,Martin,Female,No,No,,228,0.004830,-0.001739,7412
E14000787,E12000007,Lewisham East,,London,England,Borough,Independent,Ind,,8,,Willow,Winston,Female,No,No,,355,0.007521,,34538
E14000787,E12000007,Lewisham East,,London,England,Borough,UK Independence Party,UKIP,PP85,35,,Keith,Forster,Male,No,No,,798,0.016906,-0.073628,34801
E14000787,E12000007,Lewisham East,,London,England,Borough,Green Party,Green,PP63,44,,Storm,Poorun,Male,No,No,,803,0.017012,-0.039577,5188
E14000787,E12000007,Lewisham East,,London,England,Borough,Liberal Democrat,LD,PP90,17,,Emily,Frith,Female,No,No,,2086,0.044194,-0.013001,34381
E14000787,E12000007,Lewisham East,,London,England,Borough,Conservative,Con,PP52,4,,Peter,Fortune,Male,No,No,5209,10859,0.230059,0.007008,4204
E14000787,E12000007,Lewisham East,,London,England,Borough,Labour,Lab,PP53,15,,Heidi,Alexander,Female,Yes,Yes,4038,32072,0.679477,0.122503,1582
E14000788,E12000007,Lewisham West and Penge,,London,England,Borough,Populist Party,Popu,PP3914,270,,Russell,White,Male,No,No,,50,0.000940,,34809
E14000788,E12000007,Lewisham West and Penge,,London,England,Borough,Christian Peoples Alliance,CPA,PP79,80,,Katherine,Hortense,Female,No,No,,325,0.006109,,34807
E14000788,E12000007,Lewisham West and Penge,,London,England,Borough,UK Independence Party,UKIP,PP85,35,,Hoong-Wai,Cheah,Male,No,No,,700,0.013159,-0.065054,34806
E14000788,E12000007,Lewisham West and Penge,,London,England,Borough,Green Party,Green,PP63,44,,Karen,Wheller,Female,No,No,,1144,0.021505,-0.063212,34808
E14000788,E12000007,Lewisham West and Penge,,London,England,Borough,Liberal Democrat,LD,PP90,17,,John,Russell,Male,No,No,,3317,0.062354,-0.014716,34187
E14000788,E12000007,Lewisham West and Penge,,London,England,Borough,Conservative,Con,PP52,4,,Shaun,Bailey,Male,No,No,4987,12249,0.230262,-0.011463,1478
E14000788,E12000007,Lewisham West and Penge,,London,England,Borough,Labour,Lab,PP53,15,,Ellie,Reeves,Female,No,No,4620,35411,0.665670,0.159759,34205
E14000789,E12000007,"Lewisham, Deptford",,London,England,Borough,The Realists' Party,TRP,PP1871,199,,Jane,Lawrence,Female,No,No,,61,0.001107,,7290
E14000789,E12000007,"Lewisham, Deptford",,London,England,Borough,Animal Welfare Party,ANWP,PP616,220,,Laura,McAnea,Female,No,No,,225,0.004083,,11348
E14000789,E12000007,"Lewisham, Deptford",,London,England,Borough,Christian Peoples Alliance,CPA,PP79,80,,Malcolm,Martin,Male,No,No,,252,0.004573,-0.001753,3545
E14000789,E12000007,"Lewisham, Deptford",,London,England,Borough,Green Party,Green,PP63,44,,John,Coughlin,Male,No,No,,1640,0.029758,-0.095321,5823
E14000789,E12000007,"Lewisham, Deptford",,London,England,Borough,Liberal Democrat,LD,PP90,17,,Bobby,Dean,Male,No,No,,2911,0.052820,0.000169,34211
E14000789,E12000007,"Lewisham, Deptford",,London,England,Borough,Conservative,Con,PP52,4,,Melanie,McLean,Female,No,No,,7562,0.137211,-0.011568,34800
E14000789,E12000007,"Lewisham, Deptford",,London,England,Borough,Labour,Lab,PP53,15,,Vicky,Foxcroft,Female,Yes,Yes,4491,42461,0.770449,0.167995,4372
E14000790,E12000007,Leyton and Wanstead,,London,England,County,Green Party,Green,PP63,44,,Ashley,Gunstock,Male,No,No,,1351,0.029260,-0.043806,1878
E14000790,E12000007,Leyton and Wanstead,,London,England,County,Liberal Democrat,LD,PP90,17,,Ben,Sims,Male,No,No,,2961,0.064128,0.007523,34137
E14000790,E12000007,Leyton and Wanstead,,London,England,County,Conservative,Con,PP52,4,,Laura,Farris,Female,No,No,4826,9627,0.208498,-0.011117,34522
E14000790,E12000007,Leyton and Wanstead,,London,England,County,Labour,Lab,PP53,15,,John,Cryer,Male,Yes,Yes,181,32234,0.698114,0.112014,3601
E14000791,E12000005,Lichfield,,West Midlands,England,County,Green Party,Green,PP63,44,,Robert,Pass,Male,No,No,,1416,0.026455,-0.011938,6429
E14000791,E12000005,Lichfield,,West Midlands,England,County,Liberal Democrat,LD,PP90,17,,Paul,Ray,Male,No,No,,2653,0.049567,-0.002894,6568
E14000791,E12000005,Lichfield,,West Midlands,England,County,Labour,Lab,PP53,15,,Chris,Worsey,Male,No,No,,15437,0.288413,0.090227,4373
E14000791,E12000005,Lichfield,,West Midlands,England,County,Conservative,Con,PP52,4,,Michael,Fabricant,Male,Yes,Yes,280,34018,0.635565,0.083969,455
E14000792,E12000004,Lincoln,,East Midlands,England,Borough,Independent,Ind,,8,,Iain,Scott-Burdon,Male,No,No,,124,0.002545,,35113
E14000792,E12000004,Lincoln,,East Midlands,England,Borough,Independent,Ind,,8,,Phil,Gray,Male,No,No,,312,0.006404,,35112
E14000792,E12000004,Lincoln,,East Midlands,England,Borough,Green Party,Green,PP63,44,,Benjamin,Loryman,Male,No,No,,583,0.011967,,17439
E14000792,E12000004,Lincoln,,East Midlands,England,Borough,Liberal Democrat,LD,PP90,17,,Caroline,Kenyon,Female,No,No,,1284,0.026356,-0.016161,25617
E14000792,E12000004,Lincoln,,East Midlands,England,Borough,UK Independence Party,UKIP,PP85,35,,Nick,Smith,Male,No,No,,1287,0.026417,-0.095691,1452
E14000792,E12000004,Lincoln,,East Midlands,England,Borough,Conservative,Con,PP52,4,,Karl,McCartney,Male,Yes,Yes,4028,21795,0.447371,0.021007,1886
E14000792,E12000004,Lincoln,,East Midlands,England,Borough,Labour,Lab,PP53,15,,Karen,Lee,Female,No,No,4664,23333,0.478940,0.083375,17438
S14000043,S92000003,Linlithgow and East Falkirk,,Scotland,Scotland,County,Liberal Democrat,LD,PP90,17,,Sally,Pattle,Female,No,No,,1926,0.034335,0.014010,22418
S14000043,S92000003,Linlithgow and East Falkirk,,Scotland,Scotland,County,Conservative,Con,PP52,4,,Charles,Kennedy,Male,No,No,,16311,0.290780,0.170904,8290
S14000043,S92000003,Linlithgow and East Falkirk,,Scotland,Scotland,County,Labour,Lab,PP53,15,,Joan,Coombes,Female,No,No,,17469,0.311424,0.001003,22575
S14000043,S92000003,Linlithgow and East Falkirk,,Scotland,Scotland,County,Scottish National Party,SNP,PP102,29,,Martyn,Day,Male,Yes,Yes,4488,20388,0.363461,-0.156937,6053
E14000793,E12000002,"Liverpool, Riverside",,North West,England,Borough,Liberal Democrat,LD,PP90,17,,Tom,Sebire,Male,No,No,,1187,0.024719,-0.014117,10334
E14000793,E12000002,"Liverpool, Riverside",,North West,England,Borough,Green Party,Green,PP63,44,,Stephanie,Pitchers,Female,No,No,,1582,0.032945,-0.088421,34494
E14000793,E12000002,"Liverpool, Riverside",,North West,England,Borough,Conservative,Con,PP52,4,,Pamela,Hall,Female,No,No,,4652,0.096876,0.000972,3735
E14000793,E12000002,"Liverpool, Riverside",,North West,England,Borough,Labour and Co-operative,Lab,PP53,15,PP119,Louise,Ellman,Female,Yes,Yes,484,40599,0.845460,0.171421,2159
E14000794,E12000002,"Liverpool, Walton",,North West,England,Borough,Green Party,Green,PP63,44,,Colm,Feeley,Male,No,No,,523,0.012394,-0.012500,34873
E14000794,E12000002,"Liverpool, Walton",,North West,England,Borough,Liberal Democrat,LD,PP90,17,,Kris,Brown,Male,No,No,,638,0.015120,-0.008290,4539
E14000794,E12000002,"Liverpool, Walton",,North West,England,Borough,Independent,Ind,,8,,Terry,May,Male,No,No,,1237,0.029315,,34874
E14000794,E12000002,"Liverpool, Walton",,North West,England,Borough,Conservative,Con,PP52,4,,Laura,Evans,Female,No,No,,3624,0.085883,0.038959,34872
E14000794,E12000002,"Liverpool, Walton",,North West,England,Borough,Labour,Lab,PP53,15,,Dan,Carden,Male,No,No,4651,36175,0.857288,0.044279,34624
E14000795,E12000002,"Liverpool, Wavertree",,North West,England,Borough,Independent,Ind,,8,,Adam,Heatherington,Male,No,No,,216,0.004950,,6881
E14000795,E12000002,"Liverpool, Wavertree",,North West,England,Borough,Green Party,Green,PP63,44,,Ted,Grant,Male,No,No,,598,0.013703,-0.038525,10217
E14000795,E12000002,"Liverpool, Wavertree",,North West,England,Borough,Liberal Democrat,LD,PP90,17,,Richard,Kemp,Male,No,No,,2858,0.065490,0.005599,7681
E14000795,E12000002,"Liverpool, Wavertree",,North West,England,Borough,Conservative,Con,PP52,4,,Denise,Haddad,Female,No,No,,5251,0.120325,0.020311,13732
E14000795,E12000002,"Liverpool, Wavertree",,North West,England,Borough,Labour and Co-operative,Lab,PP53,15,PP119,Luciana,Berger,Female,Yes,Yes,4036,34717,0.795532,0.102385,2709
E14000796,E12000002,"Liverpool, West Derby",,North West,England,Borough,Independent,Ind,,8,,Graham,Hughes,Male,No,No,,305,0.006753,,35036
E14000796,E12000002,"Liverpool, West Derby",,North West,England,Borough,Green Party,Green,PP63,44,,Will,Ward,Male,No,No,,329,0.007285,-0.016990,4627
E14000796,E12000002,"Liverpool, West Derby",,North West,England,Borough,Liberal Democrat,LD,PP90,17,,Paul,Parr,Male,No,No,,545,0.012067,-0.011305,34602
E14000796,E12000002,"Liverpool, West Derby",,North West,England,Borough,Liberal,Lib,PP54,16,,Steve,Radford,Male,No,No,,2150,0.047605,-0.002333,2480
E14000796,E12000002,"Liverpool, West Derby",,North West,England,Borough,Conservative,Con,PP52,4,,Paul,Richardson,Male,No,No,,4463,0.098820,0.032772,6146
E14000796,E12000002,"Liverpool, West Derby",,North West,England,Borough,Labour and Co-operative,Lab,PP53,15,PP119,Stephen,Twigg,Male,Yes,Yes,167,37371,0.827469,0.075794,2469
S14000044,S92000003,Livingston,,Scotland,Scotland,County,Liberal Democrat,LD,PP90,17,,Charles,Dundas,Male,No,No,,1512,0.028797,0.007389,4033
S14000044,S92000003,Livingston,,Scotland,Scotland,County,Conservative,Con,PP52,4,,Damian,Timson,Male,No,No,,12799,0.243767,0.140738,22451
S14000044,S92000003,Livingston,,Scotland,Scotland,County,Labour,Lab,PP53,15,,Rhea,Wolfson,Female,No,No,,17158,0.326788,0.050614,34217
S14000044,S92000003,Livingston,,Scotland,Scotland,County,Scottish National Party,SNP,PP102,29,,Hannah,Bardell,Female,Yes,Yes,4486,21036,0.400648,-0.168209,6063
W07000045,W92000004,Llanelli,,Wales,Wales,County,Liberal Democrat,LD,PP90,17,,Rory,Daniels,Male,No,No,,548,0.013584,-0.005885,34418
W07000045,W92000004,Llanelli,,Wales,Wales,County,UK Independence Party,UKIP,PP85,35,,Ken,Rees,Male,No,No,,1331,0.032993,-0.129526,6426
W07000045,W92000004,Llanelli,,Wales,Wales,County,Plaid Cymru,PC,PP77,22,,Mari,Arthur,Female,No,No,,7351,0.182217,-0.047290,34306
W07000045,W92000004,Llanelli,,Wales,Wales,County,Conservative,Con,PP52,4,,Stephen,Davies,Male,No,No,,9544,0.236577,0.093113,16768
W07000045,W92000004,Llanelli,,Wales,Wales,County,Labour,Lab,PP53,15,,Nia,Griffith,Female,Yes,Yes,1541,21568,0.534629,0.121190,248
E14000797,E12000004,Loughborough,,East Midlands,England,County,Green Party,Green,PP63,44,,Philip,Leicester,Male,No,No,,971,0.017932,-0.017535,35025
E14000797,E12000004,Loughborough,,East Midlands,England,County,UK Independence Party,UKIP,PP85,35,,Andy,McWilliam,Male,No,No,,1465,0.027055,-0.082595,4822
E14000797,E12000004,Loughborough,,East Midlands,England,County,Liberal Democrat,LD,PP90,17,,David,Walker,Male,No,No,,1937,0.035772,-0.005173,23446
E14000797,E12000004,Loughborough,,East Midlands,England,County,Labour,Lab,PP53,15,,Jewel,Miah,Male,No,No,,22753,0.420200,0.101496,23375
E14000797,E12000004,Loughborough,,East Midlands,England,County,Conservative,Con,PP52,4,,Nicky,Morgan,Female,Yes,Yes,4027,27022,0.499040,0.003807,2783
E14000798,E12000004,Louth and Horncastle,,East Midlands,England,County,Official Monster Raving Loony Party,MRLP,PP66,119,,The Iconic,Arty-Pole,Male,No,No,,496,0.009399,0.004174,8198
E14000798,E12000004,Louth and Horncastle,,East Midlands,England,County,Liberal Democrat,LD,PP90,17,,Lisa,Gabriel,Female,No,No,,1990,0.037710,-0.007089,6250
E14000798,E12000004,Louth and Horncastle,,East Midlands,England,County,UK Independence Party,UKIP,PP85,35,,Jonathan,Noble,Male,No,No,,2460,0.046617,-0.167505,23974
E14000798,E12000004,Louth and Horncastle,,East Midlands,England,County,Labour,Lab,PP53,15,,Julie,Speed,Female,No,No,,14092,0.267041,0.086712,34330
E14000798,E12000004,Louth and Horncastle,,East Midlands,England,County,Conservative,Con,PP52,4,,Victoria,Atkins,Female,Yes,Yes,4399,33733,0.639234,0.127572,4893
E14000799,E12000005,Ludlow,,West Midlands,England,County,Green Party,Green,PP63,44,,Hilary,Wendt,Female,No,No,,1054,0.021093,-0.029570,32546
E14000799,E12000005,Ludlow,,West Midlands,England,County,Liberal Democrat,LD,PP90,17,,Heather,Kidd,Female,No,No,,5336,0.106784,-0.027810,2491
E14000799,E12000005,Ludlow,,West Midlands,England,County,Labour,Lab,PP53,15,,Julia,Buckley,Female,No,No,5171,12147,0.243086,0.120289,24289
E14000799,E12000005,Ludlow,,West Midlands,England,County,Conservative,Con,PP52,4,,Philip,Dunne,Male,Yes,Yes,1542,31433,0.629037,0.086146,2490
E14000800,E12000006,Luton North,,East of England,England,Borough,Green Party,Green,PP63,44,,Simon,Hall,Male,No,No,,648,0.013899,-0.008933,783
E14000800,E12000006,Luton North,,East of England,England,Borough,Liberal Democrat,LD,PP90,17,,Rabi,Martins,Male,No,No,,808,0.017331,-0.013183,6252
E14000800,E12000006,Luton North,,East of England,England,Borough,Conservative,Con,PP52,4,,Caroline,Kerswell,Female,No,No,,15401,0.330338,0.031096,6690
E14000800,E12000006,Luton North,,East of England,England,Borough,Labour,Lab,PP53,15,,Kelvin,Hopkins,Male,Yes,Yes,2,29765,0.638432,0.115941,1718
E14000801,E12000006,Luton South,,East of England,England,Borough,Independent,Ind,,8,,Abid,Ali,Male,No,No,,160,0.003468,,34894
E14000801,E12000006,Luton South,,East of England,England,Borough,Green Party,Green,PP63,44,,Marc,Scheimann,Male,No,No,,439,0.009516,-0.019786,5822
E14000801,E12000006,Luton South,,East of England,England,Borough,UK Independence Party,UKIP,PP85,35,,Ujjawal,Bhardwhaj,Male,No,No,,795,0.017233,-0.104261,34895
E14000801,E12000006,Luton South,,East of England,England,Borough,Liberal Democrat,LD,PP90,17,,Andrew,Strange,Male,No,No,,1056,0.022890,-0.052508,34570
E14000801,E12000006,Luton South,,East of England,England,Borough,Conservative,Con,PP52,4,,Dean,Russell,Male,No,No,4812,14879,0.322524,0.015792,5039
E14000801,E12000006,Luton South,,East of England,England,Borough,Labour and Co-operative,Lab,PP53,15,PP119,Gavin,Shuker,Male,Yes,Yes,4013,28804,0.624369,0.182356,2805
E14000802,E12000002,Macclesfield,,North West,England,County,Independent,Ind,,8,,Mark,Johnson,Male,No,No,,1162,0.021397,,34643
E14000802,E12000002,Macclesfield,,North West,England,County,Green Party,Green,PP63,44,,James,Booth,Male,No,No,,1213,0.022336,-0.026134,34380
E14000802,E12000002,Macclesfield,,North West,England,County,Liberal Democrat,LD,PP90,17,,Richard,Flowers,Male,No,No,,3350,0.061686,-0.015776,34484
E14000802,E12000002,Macclesfield,,North West,England,County,Labour,Lab,PP53,15,,Neil,Puttick,Male,No,No,,19987,0.368037,0.141173,34463
E14000802,E12000002,Macclesfield,,North West,England,County,Conservative,Con,PP52,4,,David,Rutley,Male,Yes,Yes,4033,28595,0.526544,0.001059,2806
E14000803,E12000008,Maidenhead,,South East,England,County,Independent,Ind,,8,,Bobby,Smith,Male,No,No,,3,0.000052,,7292
E14000803,E12000008,Maidenhead,,South East,England,County,Independent,Ind,,8,,Yemi,Hailemariam,Female,No,No,,16,0.000275,,34751
E14000803,E12000008,Maidenhead,,South East,England,County,The Just Political Party,JPP,PP2520,280,,Julian,Reid,Male,No,No,,52,0.000893,,34614
E14000803,E12000008,Maidenhead,,South East,England,County,Christian Peoples Alliance,CPA,PP79,80,,Edmonds,Victor,Male,No,No,,69,0.001185,,34753
E14000803,E12000008,Maidenhead,,South East,England,County,Official Monster Raving Loony Party,MRLP,PP66,119,,Howling 'Laud',Hope,Male,No,No,,119,0.002043,,422
E14000803,E12000008,Maidenhead,,South East,England,County,Independent,Ind,,8,,Grant,Smith,Male,No,No,,152,0.002610,,34752
E14000803,E12000008,Maidenhead,,South East,England,County,Independent,Ind,,8,,Lord,Buckethead,Male,No,No,,249,0.004275,,34750
E14000803,E12000008,Maidenhead,,South East,England,County,Animal Welfare Party,ANWP,PP616,220,,Andrew,Knight,Male,No,No,,282,0.004842,,7366
E14000803,E12000008,Maidenhead,,South East,England,County,UK Independence Party,UKIP,PP85,35,,Gerard,Batten,Male,No,No,,871,0.014956,-0.069326,183
E14000803,E12000008,Maidenhead,,South East,England,County,Green Party,Green,PP63,44,,Derek,Wall,Male,No,No,,907,0.015574,-0.019985,2836
E14000803,E12000008,Maidenhead,,South East,England,County,Liberal Democrat,LD,PP90,17,,Tony,Hill,Male,No,No,,6540,0.112296,0.013196,2809
E14000803,E12000008,Maidenhead,,South East,England,County,Labour,Lab,PP53,15,,Pat,McDonald,Male,No,No,,11261,0.193358,0.074632,2810
E14000803,E12000008,Maidenhead,,South East,England,County,Conservative,Con,PP52,4,,Theresa,May,Female,Yes,Yes,8,37718,0.647642,-0.010663,2811
E14000804,E12000008,Maidstone and The Weald,,South East,England,County,Independent,Ind,,8,,Yolande,Kenward,Female,No,No,,172,0.003326,,28382
E14000804,E12000008,Maidstone and The Weald,,South East,England,County,Green Party,Green,PP63,44,,Stuart,Jeffery,Male,No,No,,888,0.017170,-0.010744,2111
E14000804,E12000008,Maidstone and The Weald,,South East,England,County,UK Independence Party,UKIP,PP85,35,,Pamela,Watts,Female,No,No,,1613,0.031189,-0.127379,12153
E14000804,E12000008,Maidstone and The Weald,,South East,England,County,Liberal Democrat,LD,PP90,17,,Emily,Fermor,Female,No,No,,8455,0.163486,-0.077186,12122
E14000804,E12000008,Maidstone and The Weald,,South East,England,County,Labour,Lab,PP53,15,,Allen,Simpson,Male,No,No,,11433,0.221069,0.115730,4377
E14000804,E12000008,Maidstone and The Weald,,South East,England,County,Conservative,Con,PP52,4,,Helen,Grant,Female,Yes,Yes,4018,29156,0.563760,0.108951,2107
E14000805,E12000002,Makerfield,,North West,England,County,Liberal Democrat,LD,PP90,17,,John,Skipworth,Male,No,No,,1322,0.028168,-0.008427,5637
E14000805,E12000002,Makerfield,,North West,England,County,Independent,Ind,,8,,Bob,Brierley,Male,No,No,,2663,0.056740,,1461
E14000805,E12000002,Makerfield,,North West,England,County,Conservative,Con,PP52,4,,Adam,Carney,Male,No,No,,14703,0.313276,0.117867,15791
E14000805,E12000002,Makerfield,,North West,England,County,Labour,Lab,PP53,15,,Yvonne,Fovargue,Female,Yes,Yes,4034,28245,0.601815,0.083641,375
E14000806,E12000006,Maldon,,East of England,England,County,British National Party,BNP,PP3960,67,,Richard,Perry,Male,No,No,,257,0.005119,,30014
E14000806,E12000006,Maldon,,East of England,England,County,Green Party,Green,PP63,44,,Steven,Betteridge,Male,No,No,,1073,0.021374,-0.009930,34685
E14000806,E12000006,Maldon,,East of England,England,County,UK Independence Party,UKIP,PP85,35,,Jesse,Pryke,Male,No,No,,1899,0.037827,-0.108744,1927
E14000806,E12000006,Maldon,,East of England,England,County,Liberal Democrat,LD,PP90,17,,Zoe,O'Connell,Female,No,No,,2181,0.043444,-0.001451,6292
E14000806,E12000006,Maldon,,East of England,England,County,Labour,Lab,PP53,15,,Peter,Edwards,Male,No,No,,10681,0.212760,0.094330,4837
E14000806,E12000006,Maldon,,East of England,England,County,Conservative,Con,PP52,4,,John,Whittingdale,Male,Yes,Yes,39,34111,0.679475,0.073543,765
E14000807,E12000002,Manchester Central,,North West,England,Borough,Pirate Party UK,Prte,PP770,132,,Neil,Blackburn,Male,No,No,,192,0.003862,-0.003771,34706
E14000807,E12000002,Manchester Central,,North West,England,Borough,Green Party,Green,PP63,44,,Rachael,Shah,Female,No,No,,846,0.017015,-0.067651,34556
E14000807,E12000002,Manchester Central,,North West,England,Borough,UK Independence Party,UKIP,PP85,35,,Kalvin,Chapman,Male,No,No,,1469,0.029545,-0.081482,6459
E14000807,E12000002,Manchester Central,,North West,England,Borough,Liberal Democrat,LD,PP90,17,,John,Bridges,Male,No,No,,1678,0.033749,-0.007437,14401
E14000807,E12000002,Manchester Central,,North West,England,Borough,Conservative,Con,PP52,4,,Xingang,Wang,Male,No,No,,7045,0.141693,0.006400,5575
E14000807,E12000002,Manchester Central,,North West,England,Borough,Labour and Co-operative,Lab,PP53,15,PP119,Lucy,Powell,Female,Yes,Yes,4263,38490,0.774135,0.161486,1570
E14000808,E12000002,"Manchester, Gorton",,North West,England,Borough,Communist League Election Campaign,Comm L,PP823,77,,Peter,Clifford,Male,No,No,,27,0.000588,,14797
E14000808,E12000002,"Manchester, Gorton",,North West,England,Borough,Independent,Ind,,8,,David,Hopkins,Male,No,No,,51,0.001110,,24942
E14000808,E12000002,"Manchester, Gorton",,North West,England,Borough,Christian Peoples Alliance,CPA,PP79,80,,Kemi,Abidogun,Female,No,No,,233,0.005070,,22584
E14000808,E12000002,"Manchester, Gorton",,North West,England,Borough,UK Independence Party,UKIP,PP85,35,,Phil,Eckersley,Male,No,No,,952,0.020717,-0.061008,6223
E14000808,E12000002,"Manchester, Gorton",,North West,England,Borough,Green Party,Green,PP63,44,,Jess,Mayo,Female,No,No,,1038,0.022588,-0.075177,5422
E14000808,E12000002,"Manchester, Gorton",,North West,England,Borough,Liberal Democrat,LD,PP90,17,,Jackie,Pearcey,Female,No,No,,2597,0.056514,0.014105,5092
E14000808,E12000002,"Manchester, Gorton",,North West,England,Borough,Independent,Ind,,8,,George,Galloway,Male,No,Yes,609,2615,0.056906,,4754
E14000808,E12000002,"Manchester, Gorton",,North West,England,Borough,Conservative,Con,PP52,4,,Shaden,Jaradat,Male,No,No,,3355,0.073009,-0.023685,14483
E14000808,E12000002,"Manchester, Gorton",,North West,England,Borough,Labour,Lab,PP53,15,,Afzal,Khan,Male,No,No,4671,35085,0.763497,0.092682,22549
E14000809,E12000002,"Manchester, Withington",,North West,England,Borough,Women's Equality Party,WEP,PP2755,260,,Sally,Carr,Female,No,No,,234,0.004366,,13712
E14000809,E12000002,"Manchester, Withington",,North West,England,Borough,Green Party,Green,PP63,44,,Laura,Bannister,Female,No,No,,865,0.016137,-0.064878,4635
E14000809,E12000002,"Manchester, Withington",,North West,England,Borough,Conservative,Con,PP52,4,,Sarah,Heald,Female,No,No,,5530,0.103168,0.005661,34521
E14000809,E12000002,"Manchester, Withington",,North West,England,Borough,Liberal Democrat,LD,PP90,17,,John,Leech,Male,No,Yes,1543,8549,0.159490,-0.080073,1554
E14000809,E12000002,"Manchester, Withington",,North West,England,Borough,Labour,Lab,PP53,15,,Jeff,Smith,Male,Yes,Yes,4456,38424,0.716839,0.179614,4378
E14000810,E12000004,Mansfield,,East Midlands,England,County,Liberal Democrat,LD,PP90,17,,Anita,Prabhakar,Female,No,No,,697,0.013896,-0.020897,7411
E14000810,E12000004,Mansfield,,East Midlands,England,County,Independent,Ind,,8,,Philip,Shields,Male,No,No,,1079,0.021512,,25664
E14000810,E12000004,Mansfield,,East Midlands,England,County,UK Independence Party,UKIP,PP85,35,,Sid,Pepper,Male,No,No,,2654,0.052914,-0.198183,6351
E14000810,E12000004,Mansfield,,East Midlands,England,County,Labour,Lab,PP53,15,,Alan,Meale,Male,Yes,Yes,361,22335,0.445302,0.051112,3458
E14000810,E12000004,Mansfield,,East Midlands,England,County,Conservative,Con,PP52,4,,Ben,Bradley,Male,No,No,4663,23392,0.466376,0.184808,20405
E14000811,E12000008,Meon Valley,,South East,England,County,Green Party,Green,PP63,44,,Andrew,Hayward,Male,No,No,,1301,0.024007,-0.011397,35006
E14000811,E12000008,Meon Valley,,South East,England,County,UK Independence Party,UKIP,PP85,35,,Paul,Bailey,Male,No,No,,1435,0.026480,-0.121731,5323
E14000811,E12000008,Meon Valley,,South East,England,County,Liberal Democrat,LD,PP90,17,,Martin,Tod,Male,No,No,,5900,0.108872,0.012444,1011
E14000811,E12000008,Meon Valley,,South East,England,County,Labour,Lab,PP53,15,,Sheena,King,Female,No,No,,9932,0.183274,0.073910,6647
E14000811,E12000008,Meon Valley,,South East,England,County,Conservative,Con,PP52,4,,George,Hollingbery,Male,Yes,Yes,4016,35624,0.657366,0.046774,1557
E14000812,E12000005,Meriden,,West Midlands,England,County,Green Party,Green,PP63,44,,Alison,Gavin,Female,No,No,,1416,0.025914,-0.015339,6106
E14000812,E12000005,Meriden,,West Midlands,England,County,UK Independence Party,UKIP,PP85,35,,Leslie,Kaye,Male,No,No,,2016,0.036894,-0.132450,8720
E14000812,E12000005,Meriden,,West Midlands,England,County,Liberal Democrat,LD,PP90,17,,Rogers,Antony,Male,No,No,,2663,0.048735,-0.001415,8735
E14000812,E12000005,Meriden,,West Midlands,England,County,Labour,Lab,PP53,15,,Tom,McNeil,Female,No,No,,14675,0.268561,0.078534,4379
E14000812,E12000005,Meriden,,West Midlands,England,County,Conservative,Con,PP52,4,,Caroline,Spelman,Female,Yes,Yes,312,33873,0.619896,0.072570,1547
W07000071,W92000004,Merthyr Tydfil and Rhymney,,Wales,Wales,County,Liberal Democrat,LD,PP90,17,,Bob,Griffin,Male,No,No,,841,0.025071,-0.016225,6325
W07000071,W92000004,Merthyr Tydfil and Rhymney,,Wales,Wales,County,UK Independence Party,UKIP,PP85,35,,David,Rowlands,Male,No,No,,1484,0.044239,-0.142403,5183
W07000071,W92000004,Merthyr Tydfil and Rhymney,,Wales,Wales,County,Plaid Cymru,PC,PP77,22,,Amy,Kitcher,Female,No,No,,2740,0.081681,-0.013046,1255
W07000071,W92000004,Merthyr Tydfil and Rhymney,,Wales,Wales,County,Conservative,Con,PP52,4,,Pauline,Jorgensen,Female,No,No,,6073,0.181040,0.080414,18303
W07000071,W92000004,Merthyr Tydfil and Rhymney,,Wales,Wales,County,Labour,Lab,PP53,15,,Gerald,Jones,Male,Yes,Yes,4501,22407,0.667968,0.129408,5097
E14000813,E12000006,Mid Bedfordshire,,East of England,England,County,Official Monster Raving Loony Party,MRLP,PP66,119,,Ann,Kelly,Female,No,No,,667,0.010564,0.005500,6760
E14000813,E12000006,Mid Bedfordshire,,East of England,England,County,Green Party,Green,PP63,44,,Gareth,Ellis,Male,No,No,,1794,0.028414,-0.013990,6289
E14000813,E12000006,Mid Bedfordshire,,East of England,England,County,Liberal Democrat,LD,PP90,17,,Lisa,French,Female,No,No,,3788,0.059996,-0.012223,34196
E14000813,E12000006,Mid Bedfordshire,,East of England,England,County,Labour,Lab,PP53,15,,Rhiannon,Meades,Female,No,No,,17953,0.284345,0.125596,34419
E14000813,E12000006,Mid Bedfordshire,,East of England,England,County,Conservative,Con,PP52,4,,Nadine,Dorries,Female,Yes,Yes,1481,38936,0.616681,0.056157,731
E14000814,E12000004,Mid Derbyshire,,East Midlands,England,County,Green Party,Green,PP63,44,,Sue,MacFarlane,Female,No,No,,1168,0.023188,-0.016578,5721
E14000814,E12000004,Mid Derbyshire,,East Midlands,England,County,Liberal Democrat,LD,PP90,17,,Adam,Wain,Male,No,No,,1793,0.035596,-0.012425,31482
E14000814,E12000004,Mid Derbyshire,,East Midlands,England,County,Labour,Lab,PP53,15,,Alison,Martin,Female,No,No,,17897,0.355304,0.101077,34455
E14000814,E12000004,Mid Derbyshire,,East Midlands,England,County,Conservative,Con,PP52,4,,Pauline,Latham,Female,Yes,Yes,4025,29513,0.585913,0.064050,1967
E14000815,E12000009,Mid Dorset and North Poole,,South West,England,County,Labour,Lab,PP53,15,,Steve,Brew,Male,No,No,,6423,0.133108,0.073601,34593
E14000815,E12000009,Mid Dorset and North Poole,,South West,England,County,Liberal Democrat,LD,PP90,17,,Vikki,Slade,Female,No,No,,13246,0.274506,-0.007414,4514
E14000815,E12000009,Mid Dorset and North Poole,,South West,England,County,Conservative,Con,PP52,4,,Michael,Tomlinson,Male,Yes,Yes,4497,28585,0.592386,0.084010,4207
E14000816,E12000006,Mid Norfolk,,East of England,England,County,Green Party,Green,PP63,44,,Hannah,Lester,Female,No,No,,1158,0.020802,-0.021162,34648
E14000816,E12000006,Mid Norfolk,,East of England,England,County,UK Independence Party,UKIP,PP85,35,,Tracy,Knowles,Female,No,No,,2092,0.037580,-0.152606,35074
E14000816,E12000006,Mid Norfolk,,East of England,England,County,Liberal Democrat,LD,PP90,17,,Fionna,Tod,Female,No,No,,2848,0.051160,-0.012043,35075
E14000816,E12000006,Mid Norfolk,,East of England,England,County,Labour,Lab,PP53,15,,Sarah,Simpson,Female,No,No,,16742,0.300747,0.117169,34363
E14000816,E12000006,Mid Norfolk,,East of England,England,County,Conservative,Con,PP52,4,,George,Freeman,Male,Yes,Yes,4020,32828,0.589710,0.068642,2827
E14000817,E12000008,Mid Sussex,,South East,England,County,Official Monster Raving Loony Party,MRLP,PP66,119,,Baron Von,Thunderclap,Male,No,No,,464,0.007529,0.001806,7420
E14000817,E12000008,Mid Sussex,,South East,England,County,UK Independence Party,UKIP,PP85,35,,Toby,Brothers,Male,No,No,,1251,0.020298,-0.099684,5236
E14000817,E12000008,Mid Sussex,,South East,England,County,Green Party,Green,PP63,44,,Chris,Jerrey,Male,No,No,,1571,0.025490,-0.017177,35069
E14000817,E12000008,Mid Sussex,,South East,England,County,Liberal Democrat,LD,PP90,17,,Sarah,Osborne,Female,No,No,,7855,0.127450,0.012582,6307
E14000817,E12000008,Mid Sussex,,South East,England,County,Labour,Lab,PP53,15,,Greg,Mountain,Male,No,No,,15409,0.250016,0.111180,4381
E14000817,E12000008,Mid Sussex,,South East,England,County,Conservative,Con,PP52,4,,Nicholas,Soames,Male,Yes,Yes,116,35082,0.569217,0.007957,4071
N06000010,N92000002,Mid Ulster,,Northern Ireland,Northern Ireland,County,Alliance,APNI,PP103,1,,Fay,Watson,Female,No,No,,1094,0.023429,0.004417,19693
N06000010,N92000002,Mid Ulster,,Northern Ireland,Northern Ireland,County,Ulster Unionist Party,UUP,PP83,38,,Mark,Glasgow,Male,No,No,,3017,0.064612,-0.089779,34319
N06000010,N92000002,Mid Ulster,,Northern Ireland,Northern Ireland,County,Social Democratic & Labour Party,SDLP,PP55,31,,Malachy,Quinn,Male,No,No,,4563,0.097721,-0.025806,6462
N06000010,N92000002,Mid Ulster,,Northern Ireland,Northern Ireland,County,Democratic Unionist Party,DUP,PP70,7,,Keith,Buchanan,Male,No,No,,12565,0.269092,0.135546,11273
N06000010,N92000002,Mid Ulster,,Northern Ireland,Northern Ireland,County,Sinn Féin,SF,PP39,30,,Francie,Molloy,Male,Yes,Yes,4274,25455,0.545145,0.057999,4601
E14000818,E12000005,Mid Worcestershire,,West Midlands,England,County,Green Party,Green,PP63,44,,Fay,Whitfield,Female,No,No,,1371,0.024887,-0.012126,32255
E14000818,E12000005,Mid Worcestershire,,West Midlands,England,County,UK Independence Party,UKIP,PP85,35,,David,Greenwood,Male,No,No,,1660,0.030133,-0.146621,32792
E14000818,E12000005,Mid Worcestershire,,West Midlands,England,County,Liberal Democrat,LD,PP90,17,,Margaret,Rowley,Female,No,No,,3450,0.062626,-0.009179,2443
E14000818,E12000005,Mid Worcestershire,,West Midlands,England,County,Labour,Lab,PP53,15,,Fred,Grindrod,Male,No,No,,12641,0.229465,0.084937,34594
E14000818,E12000005,Mid Worcestershire,,West Midlands,England,County,Conservative,Con,PP52,4,,Nigel,Huddleston,Male,Yes,Yes,4407,35967,0.652889,0.082989,2493
E14000819,E12000001,Middlesbrough,,North East,England,Borough,Green Party,Green,PP63,44,,Carl,Martinez,Male,No,No,,250,0.007015,-0.036004,35124
E14000819,E12000001,Middlesbrough,,North East,England,Borough,Liberal Democrat,LD,PP90,17,,Dawud,Islam,Male,No,No,,368,0.010326,-0.026976,9112
E14000819,E12000001,Middlesbrough,,North East,England,Borough,Independent,Ind,,8,,Terry,Lawton,Male,No,No,,632,0.017734,,35123
E14000819,E12000001,Middlesbrough,,North East,England,Borough,UK Independence Party,UKIP,PP85,35,,David,Hodgson,Male,No,No,,1452,0.040744,-0.145980,5948
E14000819,E12000001,Middlesbrough,,North East,England,Borough,Conservative,Con,PP52,4,,Jacob,Young,Male,No,No,4825,9531,0.267447,0.102706,5212
E14000819,E12000001,Middlesbrough,,North East,England,Borough,Labour,Lab,PP53,15,,Andy,McDonald,Male,Yes,Yes,4269,23404,0.656733,0.088519,5541
E14000820,E12000001,Middlesbrough South and East Cleveland,,North East,England,County,Liberal Democrat,LD,PP90,17,,Chris,Foote-Wood,Male,No,No,,1354,0.028433,-0.005807,4032
E14000820,E12000001,Middlesbrough South and East Cleveland,,North East,England,County,Labour,Lab,PP53,15,,Tracy,Harvey,Female,No,No,,22623,0.475073,0.054884,34232
E14000820,E12000001,Middlesbrough South and East Cleveland,,North East,England,County,Conservative,Con,PP52,4,,Simon,Clarke,Male,No,No,4655,23643,0.496493,0.125956,5258
S14000045,S92000003,Midlothian,,Scotland,Scotland,County,Liberal Democrat,LD,PP90,17,,Ross,Laird,Male,No,No,,1721,0.038014,0.014592,6608
S14000045,S92000003,Midlothian,,Scotland,Scotland,County,Conservative,Con,PP52,4,,Chris,Donnelly,Male,No,No,,11521,0.254478,0.135300,6494
S14000045,S92000003,Midlothian,,Scotland,Scotland,County,Scottish National Party,SNP,PP102,29,,Owen,Thompson,Male,Yes,Yes,4482,15573,0.343980,-0.161969,6051
S14000045,S92000003,Midlothian,,Scotland,Scotland,County,Labour,Lab,PP53,15,,Danielle,Rowley,Female,No,No,4628,16458,0.363528,0.061569,34241
E14000821,E12000008,Milton Keynes North,,South East,England,County,Christian Peoples Alliance,CPA,PP79,80,,Venetia,Sams,Female,No,No,,169,0.002644,,35153
E14000821,E12000008,Milton Keynes North,,South East,England,County,Green Party,Green,PP63,44,,Alan,Francis,Male,No,No,,1107,0.017317,-0.021769,3355
E14000821,E12000008,Milton Keynes North,,South East,England,County,UK Independence Party,UKIP,PP85,35,,Jeff,Wyatt,Male,No,No,,1390,0.021745,-0.097024,35154
E14000821,E12000008,Milton Keynes North,,South East,England,County,Liberal Democrat,LD,PP90,17,,Imogen,Shepherd-DuBey,Female,No,No,,2499,0.039093,-0.022874,6584
E14000821,E12000008,Milton Keynes North,,South East,England,County,Labour,Lab,PP53,15,,Charlynne,Pullen,Female,No,No,,28392,0.444152,0.140973,4838
E14000821,E12000008,Milton Keynes North,,South East,England,County,Conservative,Con,PP52,4,,Mark,Lancaster,Male,Yes,Yes,1544,30367,0.475048,0.002817,3555
E14000822,E12000008,Milton Keynes South,,South East,England,Borough,Green Party,Green,PP63,44,,Graham,Findlay,Male,No,No,,1179,0.018266,-0.014576,34264
E14000822,E12000008,Milton Keynes South,,South East,England,Borough,UK Independence Party,UKIP,PP85,35,,Vince,Peddle,Male,No,No,,1833,0.028398,-0.103970,5889
E14000822,E12000008,Milton Keynes South,,South East,England,Borough,Liberal Democrat,LD,PP90,17,,Tahir,Maher,Male,No,No,,1895,0.029359,-0.009811,19398
E14000822,E12000008,Milton Keynes South,,South East,England,Borough,Labour,Lab,PP53,15,,Hannah,O'Neill,Female,No,No,,28987,0.449091,0.127982,13327
E14000822,E12000008,Milton Keynes South,,South East,England,Borough,Conservative,Con,PP52,4,,Iain,Stewart,Male,Yes,Yes,4015,30652,0.474886,0.006668,2180
E14000823,E12000007,Mitcham and Morden,,London,England,Borough,Christian Peoples Alliance,CPA,PP79,80,,Des,Coke,Male,No,No,,223,0.004634,-0.000173,6479
E14000823,E12000007,Mitcham and Morden,,London,England,Borough,Green Party,Green,PP63,44,,Laura,Collins,Female,No,No,,644,0.013384,-0.018117,34167
E14000823,E12000007,Mitcham and Morden,,London,England,Borough,UK Independence Party,UKIP,PP85,35,,Richard,Hilton,Male,No,No,,1054,0.021904,-0.073063,5627
E14000823,E12000007,Mitcham and Morden,,London,England,Borough,Liberal Democrat,LD,PP90,17,,Claire,Mathys,Female,No,No,,1494,0.031049,0.000523,34841
E14000823,E12000007,Mitcham and Morden,,London,England,Borough,Conservative,Con,PP52,4,,Alicia,Kearns,Female,No,No,,11664,0.242404,0.010735,34194
E14000823,E12000007,Mitcham and Morden,,London,England,Borough,Labour,Lab,PP53,15,,Siobhain,McDonagh,Female,Yes,Yes,193,33039,0.686625,0.080094,3048
E14000824,E12000008,Mole Valley,,South East,England,County,UK Independence Party,UKIP,PP85,35,,Judy,Moore,Female,No,No,,1352,0.023834,-0.088263,35063
E14000824,E12000008,Mole Valley,,South East,England,County,Green Party,Green,PP63,44,,Jacquetta,Fewster,Female,No,No,,1463,0.025791,-0.028235,5071
E14000824,E12000008,Mole Valley,,South East,England,County,Labour,Lab,PP53,15,,Marc,Green,Male,No,No,,7864,0.138631,0.055842,14142
E14000824,E12000008,Mole Valley,,South East,England,County,Liberal Democrat,LD,PP90,17,,Paul,Kennedy,Male,No,No,,10955,0.193121,0.048381,5072
E14000824,E12000008,Mole Valley,,South East,England,County,Conservative,Con,PP52,4,,Paul,Beresford,Male,Yes,Yes,103,35092,0.618623,0.012275,3051
W07000054,W92000004,Monmouth,,Wales,Wales,County,UK Independence Party,UKIP,PP85,35,,Roy,Neale,Male,No,No,,762,0.015322,-0.088804,34912
W07000054,W92000004,Monmouth,,Wales,Wales,County,Green Party,Green,PP63,44,,Ian,Chandler,Male,No,No,,954,0.019182,-0.015140,22937
W07000054,W92000004,Monmouth,,Wales,Wales,County,Plaid Cymru,PC,PP77,22,,Carole,Damon,Female,No,No,,1338,0.026903,-0.012602,34911
W07000054,W92000004,Monmouth,,Wales,Wales,County,Liberal Democrat,LD,PP90,17,,Veronica,German,Female,No,No,,2064,0.041501,-0.011089,4895
W07000054,W92000004,Monmouth,,Wales,Wales,County,Labour,Lab,PP53,15,,Ruth,Jones,Female,No,No,4716,18205,0.366047,0.098065,4383
W07000054,W92000004,Monmouth,,Wales,Wales,County,Conservative,Con,PP52,4,,David,Davies,Male,Yes,Yes,1545,26411,0.531045,0.031677,3827
W07000063,W92000004,Montgomeryshire,,Wales,Wales,County,Green Party,Green,PP63,44,,Richard,Chaloner,Male,No,No,,524,0.015018,-0.022307,6558
W07000063,W92000004,Montgomeryshire,,Wales,Wales,County,Plaid Cymru,PC,PP77,22,,Aled Morgan,Hughes,Male,No,No,,1960,0.056175,0.004482,9269
W07000063,W92000004,Montgomeryshire,,Wales,Wales,County,Labour,Lab,PP53,15,,Iwan Wyn,Jones,Male,No,No,,5542,0.158838,0.102553,8087
W07000063,W92000004,Montgomeryshire,,Wales,Wales,County,Liberal Democrat,LD,PP90,17,,Jane,Dodds,Female,No,No,4718,8790,0.251927,-0.040723,4515
W07000063,W92000004,Montgomeryshire,,Wales,Wales,County,Conservative,Con,PP52,4,,Glyn,Davies,Male,Yes,Yes,4041,18075,0.518042,0.067646,2754
S14000046,S92000003,Moray,,Scotland,Scotland,County,Independent,Ind,,8,,Anne,Glen,Female,No,No,,204,0.004285,,34965
S14000046,S92000003,Moray,,Scotland,Scotland,County,Liberal Democrat,LD,PP90,17,,Alex,Linklater,Male,No,No,,1078,0.022645,-0.005663,21980
S14000046,S92000003,Moray,,Scotland,Scotland,County,Labour,Lab,PP53,15,,Jo,Kirby,Female,No,No,,5208,0.109400,0.010009,34275
S14000046,S92000003,Moray,,Scotland,Scotland,County,Scottish National Party,SNP,PP102,29,,Angus,Robertson,Male,Yes,Yes,1433,18478,0.388153,-0.106653,2751
S14000046,S92000003,Moray,,Scotland,Scotland,County,Conservative,Con,PP52,4,,Douglas,Ross,Male,No,No,4627,22637,0.475517,0.164661,2756
E14000825,E12000002,Morecambe and Lunesdale,,North West,England,County,Green Party,Green,PP63,44,,Cait,Sinclair,Female,No,No,,478,0.010469,-0.021791,19530
E14000825,E12000002,Morecambe and Lunesdale,,North West,England,County,UK Independence Party,UKIP,PP85,35,,Robert,Gillespie,Male,No,No,,1333,0.029196,-0.094711,19528
E14000825,E12000002,Morecambe and Lunesdale,,North West,England,County,Liberal Democrat,LD,PP90,17,,Matthew,Severn,Male,No,No,,1699,0.037212,-0.000066,5470
E14000825,E12000002,Morecambe and Lunesdale,,North West,England,County,Labour,Lab,PP53,15,,Vikki,Singleton,Female,No,No,,20374,0.446240,0.097020,34331
E14000825,E12000002,Morecambe and Lunesdale,,North West,England,County,Conservative,Con,PP52,4,,David,Morris,Male,Yes,Yes,4135,21773,0.476882,0.021515,2424
E14000826,E12000003,Morley and Outwood,,Yorkshire and The Humber,England,County,Liberal Democrat,LD,PP90,17,,Craig,Dobson,Male,No,No,,1361,0.025995,-0.003560,360
E14000826,E12000003,Morley and Outwood,,Yorkshire and The Humber,England,County,Labour and Co-operative,Lab,PP53,15,PP119,Neil,Dawson,Male,No,No,,24446,0.466910,0.086516,34571
E14000826,E12000003,Morley and Outwood,,Yorkshire and The Humber,England,County,Conservative,Con,PP52,4,,Andrea,Jenkyns,Female,Yes,Yes,4490,26550,0.507096,0.117956,4210
S14000047,S92000003,Motherwell and Wishaw,,Scotland,Scotland,Burgh,UK Independence Party,UKIP,PP85,35,,Neil,Wilson,Male,No,No,,534,0.012737,-0.013985,6854
S14000047,S92000003,Motherwell and Wishaw,,Scotland,Scotland,Burgh,Liberal Democrat,LD,PP90,17,,Yvonne,Finlayson,Female,No,No,,920,0.021943,0.009484,9217
S14000047,S92000003,Motherwell and Wishaw,,Scotland,Scotland,Burgh,Conservative,Con,PP52,4,,Meghan,Gallacher,Female,No,No,,8490,0.202500,0.125899,6501
S14000047,S92000003,Motherwell and Wishaw,,Scotland,Scotland,Burgh,Labour,Lab,PP53,15,,Angela,Feeney,Female,No,No,,15832,0.377618,0.058838,8415
S14000047,S92000003,Motherwell and Wishaw,,Scotland,Scotland,Burgh,Scottish National Party,SNP,PP102,29,,Marion,Fellows,Female,Yes,Yes,4440,16150,0.385202,-0.180235,6052
S14000027,S92000003,Na h-Eileanan an Iar,,Scotland,Scotland,County,Liberal Democrat,LD,PP90,17,,James,Paterson,Male,No,No,,250,0.016871,-0.011739,3468
S14000027,S92000003,Na h-Eileanan an Iar,,Scotland,Scotland,County,"Christian Party, Proclaiming Christ's Lordship",CHP,PP2893,174,,John,Cormack,Male,No,No,,1108,0.074774,0.009207,6732
S14000027,S92000003,Na h-Eileanan an Iar,,Scotland,Scotland,County,Conservative,Con,PP52,4,,Daniel,McCroskrie,Male,No,No,,2441,0.164732,0.088499,34803
S14000027,S92000003,Na h-Eileanan an Iar,,Scotland,Scotland,County,Labour,Lab,PP53,15,,Ealasaid,MacDonald,Female,No,No,,5006,0.337832,0.051724,34276
S14000027,S92000003,Na h-Eileanan an Iar,,Scotland,Scotland,County,Scottish National Party,SNP,PP102,29,,Angus,MacNeil,Male,Yes,Yes,1546,6013,0.405790,-0.137691,3013
W07000069,W92000004,Neath,,Wales,Wales,County,Liberal Democrat,LD,PP90,17,,Frank,Little,Male,No,No,,732,0.019120,-0.012468,3942
W07000069,W92000004,Neath,,Wales,Wales,County,UK Independence Party,UKIP,PP85,35,,Richard,Pritchard,Male,No,No,,1419,0.037064,-0.127040,5572
W07000069,W92000004,Neath,,Wales,Wales,County,Plaid Cymru,PC,PP77,22,,Daniel,Williams,Male,No,No,,5339,0.139454,-0.041561,34201
W07000069,W92000004,Neath,,Wales,Wales,County,Conservative,Con,PP52,4,,Orla,Lowe,Female,No,No,,9082,0.237221,0.083969,24123
W07000069,W92000004,Neath,,Wales,Wales,County,Labour and Co-operative,Lab,PP53,15,PP119,Christina,Rees,Female,Yes,Yes,4525,21713,0.567141,0.129010,4564
E14000827,E12000008,New Forest East,,South East,England,County,Green Party,Green,PP63,44,,Henry,Mellor,Male,No,No,,1251,0.024355,-0.022706,26150
E14000827,E12000008,New Forest East,,South East,England,County,Liberal Democrat,LD,PP90,17,,David,Harrison,Male,No,No,,7786,0.151579,0.058024,33638
E14000827,E12000008,New Forest East,,South East,England,County,Labour,Lab,PP53,15,,Julie,Renyard,Female,No,No,,10167,0.197932,0.076226,23708
E14000827,E12000008,New Forest East,,South East,England,County,Conservative,Con,PP52,4,,Julian,Lewis,Male,Yes,Yes,54,32162,0.626134,0.063532,2872
E14000828,E12000008,New Forest West,,South East,England,County,Pirate Party UK,Prte,PP770,132,,Des,Hjerling,Male,No,No,,483,0.009733,,33234
E14000828,E12000008,New Forest West,,South East,England,County,Green Party,Green,PP63,44,,Janet,Richards,Female,No,No,,1454,0.029299,-0.028664,1122
E14000828,E12000008,New Forest West,,South East,England,County,Liberal Democrat,LD,PP90,17,,Terry,Scriven,Male,No,No,,4781,0.096339,0.026881,2444
E14000828,E12000008,New Forest West,,South East,England,County,Labour,Lab,PP53,15,,Jo,Graham,Female,No,No,,9739,0.196244,0.087976,34408
E14000828,E12000008,New Forest West,,South East,England,County,Conservative,Con,PP52,4,,Desmond,Swayne,Male,Yes,Yes,55,33170,0.668386,0.068935,195
E14000829,E12000004,Newark,,East Midlands,England,County,UK Independence Party,UKIP,PP85,35,,Xandra,Arundel,Female,No,No,,1419,0.025780,-0.094559,34999
E14000829,E12000004,Newark,,East Midlands,England,County,Liberal Democrat,LD,PP90,17,,David,Watts,Male,No,No,,2786,0.050616,0.005015,2132
E14000829,E12000004,Newark,,East Midlands,England,County,Labour,Lab,PP53,15,,Chantal,Lee,Female,No,No,,16344,0.296937,0.079737,34307
E14000829,E12000004,Newark,,East Midlands,England,County,Conservative,Con,PP52,4,,Robert,Jenrick,Male,Yes,Yes,4320,34493,0.626667,0.056249,5031
E14000830,E12000008,Newbury,,South East,England,County,Apolitical Democrats,AD,PP845,58,,Dave,Yates,Male,No,No,,304,0.004996,0.001017,860
E14000830,E12000008,Newbury,,South East,England,County,Green Party,Green,PP63,44,,Paul,Field,Male,No,No,,1531,0.025161,-0.015398,6687
E14000830,E12000008,Newbury,,South East,England,County,Labour,Lab,PP53,15,,Alex,Skirvin,Male,No,No,,8596,0.141268,0.056852,34409
E14000830,E12000008,Newbury,,South East,England,County,Liberal Democrat,LD,PP90,17,,Judith,Bunting,Female,No,No,,13019,0.213956,0.063781,4516
E14000830,E12000008,Newbury,,South East,England,County,Conservative,Con,PP52,4,,Richard,Benyon,Male,Yes,Yes,1547,37399,0.614620,0.004271,2040
E14000831,E12000001,Newcastle upon Tyne Central,,North East,England,Borough,Green Party,Green,PP63,44,,Peter,Thomson,Male,No,No,,595,0.016040,-0.033097,34246
E14000831,E12000001,Newcastle upon Tyne Central,,North East,England,Borough,UK Independence Party,UKIP,PP85,35,,David,Muat,Male,No,No,,1482,0.039953,-0.108658,13176
E14000831,E12000001,Newcastle upon Tyne Central,,North East,England,Borough,Liberal Democrat,LD,PP90,17,,Nick,Cott,Male,No,No,,1812,0.048849,-0.014369,4947
E14000831,E12000001,Newcastle upon Tyne Central,,North East,England,Borough,Conservative,Con,PP52,4,,Steve,Kyte,Male,No,No,,9134,0.246239,0.057327,13326
E14000831,E12000001,Newcastle upon Tyne Central,,North East,England,Borough,Labour,Lab,PP53,15,,Chi,Onwurah,Female,Yes,Yes,4124,24071,0.648919,0.098798,3658
E14000832,E12000001,Newcastle upon Tyne East,,North East,England,Borough,Green Party,Green,PP63,44,,Alistair,Ford,Male,No,No,,755,0.018133,-0.069216,34245
E14000832,E12000001,Newcastle upon Tyne East,,North East,England,Borough,UK Independence Party,UKIP,PP85,35,,Tony,Sanderson,Male,No,No,,1315,0.031582,-0.093602,13278
E14000832,E12000001,Newcastle upon Tyne East,,North East,England,Borough,Liberal Democrat,LD,PP90,17,,Wendy,Taylor,Female,No,No,,2574,0.061820,-0.048628,4028
E14000832,E12000001,Newcastle upon Tyne East,,North East,England,Borough,Conservative,Con,PP52,4,,Simon,Kitchen,Male,No,No,,8866,0.212936,0.037422,5536
E14000832,E12000001,Newcastle upon Tyne East,,North East,England,Borough,Labour,Lab,PP53,15,,Nicholas,Brown,Male,Yes,Yes,523,28127,0.675529,0.181470,1376
E14000833,E12000001,Newcastle upon Tyne North,,North East,England,Borough,North of England Community Alliance,NEPF,PP5297,282,,Brian,Moore,Male,No,No,,353,0.007310,,13200
E14000833,E12000001,Newcastle upon Tyne North,,North East,England,Borough,Green Party,Green,PP63,44,,Alison,Whalley,Female,No,No,,513,0.010624,-0.023125,6230
E14000833,E12000001,Newcastle upon Tyne North,,North East,England,Borough,UK Independence Party,UKIP,PP85,35,,Timothy,Marron,Male,No,No,,1780,0.036862,-0.129029,6285
E14000833,E12000001,Newcastle upon Tyne North,,North East,England,Borough,Liberal Democrat,LD,PP90,17,,Anita,Lower,Female,No,No,,2533,0.052456,-0.044802,6360
E14000833,E12000001,Newcastle upon Tyne North,,North East,England,Borough,Conservative,Con,PP52,4,,Duncan,Crute,Male,No,No,,16380,0.339215,0.104513,5711
E14000833,E12000001,Newcastle upon Tyne North,,North East,England,Borough,Labour,Lab,PP53,15,,Catherine,McKinnell,Female,Yes,Yes,4125,26729,0.553533,0.092661,2098
E14000834,E12000005,Newcastle-under-Lyme,,West Midlands,England,Borough,Liberal Democrat,LD,PP90,17,,Nigel,Jones,Male,No,No,,1624,0.037042,-0.005426,7031
E14000834,E12000005,Newcastle-under-Lyme,,West Midlands,England,Borough,Conservative,Con,PP52,4,,Owen,Meredith,Male,No,No,,21094,0.481137,0.112041,34265
E14000834,E12000005,Newcastle-under-Lyme,,West Midlands,England,Borough,Labour,Lab,PP53,15,,Paul,Farrelly,Male,Yes,Yes,1436,21124,0.481821,0.097608,2041
W07000055,W92000004,Newport East,,Wales,Wales,County,Independent,Ind,,8,,Nadeem,Ahmed,Male,No,No,,188,0.005106,,34919
W07000055,W92000004,Newport East,,Wales,Wales,County,Plaid Cymru,PC,PP77,22,,Cameron,Wixcey,Male,No,No,,881,0.023927,-0.011136,32815
W07000055,W92000004,Newport East,,Wales,Wales,County,Liberal Democrat,LD,PP90,17,,Pete,Brown,Male,No,No,,966,0.026236,-0.037881,25549
W07000055,W92000004,Newport East,,Wales,Wales,County,UK Independence Party,UKIP,PP85,35,,Ian,Gorman,Male,No,No,,1180,0.032048,-0.152127,27910
W07000055,W92000004,Newport East,,Wales,Wales,County,Conservative,Con,PP52,4,,Natasha,Asghar,Female,No,No,,12801,0.347664,0.074650,5946
W07000055,W92000004,Newport East,,Wales,Wales,County,Labour,Lab,PP53,15,,Jessica,Morden,Female,Yes,Yes,1548,20804,0.565019,0.157989,1369
W07000056,W92000004,Newport West,,Wales,Wales,County,Green Party,Green,PP63,44,,Pippa,Bartolotti,Female,No,No,,497,0.011442,-0.020085,3762
W07000056,W92000004,Newport West,,Wales,Wales,County,Liberal Democrat,LD,PP90,17,,Sarah,Lockyer,Female,No,No,,976,0.022469,-0.016716,25552
W07000056,W92000004,Newport West,,Wales,Wales,County,Plaid Cymru,PC,PP77,22,,Morgan,Bowler-Brown,Male,No,No,,1077,0.024794,-0.014961,32431
W07000056,W92000004,Newport West,,Wales,Wales,County,UK Independence Party,UKIP,PP85,35,,Stan,Edwards,Male,No,No,,1100,0.025323,-0.126708,32414
W07000056,W92000004,Newport West,,Wales,Wales,County,Conservative,Con,PP52,4,,Angela,Jones-Evans,Female,No,No,,17065,0.392859,0.067605,1042
W07000056,W92000004,Newport West,,Wales,Wales,County,Labour,Lab,PP53,15,,Paul,Flynn,Male,Yes,Yes,545,22723,0.523113,0.110865,4024
N06000011,N92000002,Newry and Armagh,,Northern Ireland,Northern Ireland,County,Alliance,APNI,PP103,1,,Jackie,Coade,Female,No,No,,1256,0.023442,0.006581,19696
N06000011,N92000002,Newry and Armagh,,Northern Ireland,Northern Ireland,County,Ulster Unionist Party,UUP,PP83,38,,Sam,Nicholson,Male,No,No,,4425,0.082588,-0.244456,8158
N06000011,N92000002,Newry and Armagh,,Northern Ireland,Northern Ireland,County,Social Democratic & Labour Party,SDLP,PP55,31,,Justin,McNulty,Male,No,No,,9055,0.169003,-0.072110,6086
N06000011,N92000002,Newry and Armagh,,Northern Ireland,Northern Ireland,County,Democratic Unionist Party,DUP,PP70,7,,William,Irwin,Male,No,No,,13177,0.245936,,1872
N06000011,N92000002,Newry and Armagh,,Northern Ireland,Northern Ireland,County,Sinn Féin,SF,PP39,30,,Mickey,Brady,Male,Yes,Yes,4373,25666,0.479031,0.068260,4600
E14000835,E12000009,Newton Abbot,,South West,England,County,Green Party,Green,PP63,44,,Kathryn,Driscoll,Female,No,No,,926,0.017933,-0.027992,35039
E14000835,E12000009,Newton Abbot,,South West,England,County,Liberal Democrat,LD,PP90,17,,Marie,Chadwick,Female,No,No,,10601,0.205299,-0.034272,35040
E14000835,E12000009,Newton Abbot,,South West,England,County,Labour,Lab,PP53,15,,James,Osben,Male,No,No,,11475,0.222224,0.124075,27225
E14000835,E12000009,Newton Abbot,,South West,England,County,Conservative,Con,PP52,4,,Anne Marie,Morris,Female,Yes,Yes,4249,28635,0.554544,0.082159,1067
E14000836,E12000003,"Normanton, Pontefract and Castleford",,Yorkshire and The Humber,England,County,Liberal Democrat,LD,PP90,17,,Clarke,Roberts,Male,No,No,,693,0.014088,-0.014890,34530
E14000836,E12000003,"Normanton, Pontefract and Castleford",,Yorkshire and The Humber,England,County,The Yorkshire Party,Yrks,PP2055,262,,Daniel,Gascoigne,Male,No,No,,1431,0.029091,,34569
E14000836,E12000003,"Normanton, Pontefract and Castleford",,Yorkshire and The Humber,England,County,UK Independence Party,UKIP,PP85,35,,Lewis,Thompson,Male,No,No,,3030,0.061597,-0.151598,7685
E14000836,E12000003,"Normanton, Pontefract and Castleford",,Yorkshire and The Humber,England,County,Conservative,Con,PP52,4,,Andrew,Lee,Male,No,No,,14769,0.300238,0.091749,1660
E14000836,E12000003,"Normanton, Pontefract and Castleford",,Yorkshire and The Humber,England,County,Labour,Lab,PP53,15,,Yvette,Cooper,Female,Yes,Yes,420,29268,0.594987,0.045648,2607
N06000012,N92000002,North Antrim,,Northern Ireland,Northern Ireland,County,Social Democratic & Labour Party,SDLP,PP55,31,,Declan,O'Loan,Male,No,No,,2574,0.053116,-0.016681,3710
N06000012,N92000002,North Antrim,,Northern Ireland,Northern Ireland,County,Alliance,APNI,PP103,1,,Patricia,O'Lynn,Female,No,No,,2723,0.056191,0.000090,19695
N06000012,N92000002,North Antrim,,Northern Ireland,Northern Ireland,County,Traditional Unionist Voice,TUV,PP680,158,,Timothy,Gaston,Male,No,No,,3282,0.067726,-0.088835,5985
N06000012,N92000002,North Antrim,,Northern Ireland,Northern Ireland,County,Ulster Unionist Party,UUP,PP83,38,,Jackson,Minford,Male,No,No,,3482,0.071853,-0.048747,34317
N06000012,N92000002,North Antrim,,Northern Ireland,Northern Ireland,County,Sinn Féin,SF,PP39,30,,Cara,McShane,Female,No,No,,7878,0.162567,0.039843,34536
N06000012,N92000002,North Antrim,,Northern Ireland,Northern Ireland,County,Democratic Unionist Party,DUP,PP70,7,,Ian,Paisley,Male,Yes,Yes,4129,28521,0.588547,0.156471,2135
S14000048,S92000003,North Ayrshire and Arran,,Scotland,Scotland,County,Liberal Democrat,LD,PP90,17,,Mark,Dickson,Male,No,No,,1124,0.023697,0.007064,34968
S14000048,S92000003,North Ayrshire and Arran,,Scotland,Scotland,County,Labour,Lab,PP53,15,,Christopher,Rimicans,Male,No,No,,13040,0.274914,-0.004802,34277
S14000048,S92000003,North Ayrshire and Arran,,Scotland,Scotland,County,Conservative,Con,PP52,4,,David,Rocks,Male,No,No,,14818,0.312399,0.164484,34651
S14000048,S92000003,North Ayrshire and Arran,,Scotland,Scotland,County,Scottish National Party,SNP,PP102,29,,Patricia,Gibson,Female,Yes,Yes,4435,18451,0.388991,-0.142688,2706
E14000837,E12000009,North Cornwall,,South West,England,County,Socialist Labour Party,SL,PP73,147,,Robert,Hawkins,Male,No,No,,138,0.002709,,2644
E14000837,E12000009,North Cornwall,,South West,England,County,Christian Peoples Alliance,CPA,PP79,80,,John,Allman,Male,No,No,,185,0.003631,,7291
E14000837,E12000009,North Cornwall,,South West,England,County,Labour,Lab,PP53,15,,Joy,Bassett,Female,No,No,,6151,0.120740,0.066414,23401
E14000837,E12000009,North Cornwall,,South West,England,County,Liberal Democrat,LD,PP90,17,,Daniel,Rogerson,Male,No,Yes,1504,18635,0.365794,0.053471,1248
E14000837,E12000009,North Cornwall,,South West,England,County,Conservative,Con,PP52,4,,Scott,Mann,Male,Yes,Yes,4496,25835,0.507125,0.057566,4213
E14000838,E12000009,North Devon,,South West,England,County,Green Party,Green,PP63,44,,Ricky,Knight,Male,No,No,,753,0.013518,-0.044166,5220
E14000838,E12000009,North Devon,,South West,England,County,UK Independence Party,UKIP,PP85,35,,Stephen,Crowther,Male,No,No,,1187,0.021309,-0.126226,1053
E14000838,E12000009,North Devon,,South West,England,County,Labour,Lab,PP53,15,,Mark,Cann,Male,No,No,,7063,0.126793,0.056093,3701
E14000838,E12000009,North Devon,,South West,England,County,Liberal Democrat,LD,PP90,17,,Nick,Harvey,Male,No,Yes,231,21185,0.380307,0.085869,639
E14000838,E12000009,North Devon,,South West,England,County,Conservative,Con,PP52,4,,Peter,Heaton-Jones,Male,Yes,Yes,4524,25517,0.458074,0.031067,4214
E14000839,E12000009,North Dorset,,South West,England,County,Green Party,Green,PP63,44,,John,Tutton,Male,No,No,,1607,0.028839,-0.028069,35035
E14000839,E12000009,North Dorset,,South West,England,County,Liberal Democrat,LD,PP90,17,,Thomas,Panton,Male,No,No,,7556,0.135597,0.018972,35034
E14000839,E12000009,North Dorset,,South West,England,County,Labour,Lab,PP53,15,,Pat,Osborne,Male,No,No,,10392,0.186491,0.096859,25410
E14000839,E12000009,North Dorset,,South West,England,County,Conservative,Con,PP52,4,,Simon,Hoare,Male,Yes,Yes,4494,36169,0.649074,0.082866,5986
N06000013,N92000002,North Down,,Northern Ireland,Northern Ireland,County,Independent,Ind,,8,,Gavan,Reynolds,Male,No,No,,37,0.000944,,19749
N06000013,N92000002,North Down,,Northern Ireland,Northern Ireland,County,Social Democratic & Labour Party,SDLP,PP55,31,,Caoimhe,McNeill,Female,No,No,,400,0.010208,0.000332,19715
N06000013,N92000002,North Down,,Northern Ireland,Northern Ireland,County,Sinn Féin,SF,PP39,30,,Therese,McCartney,Female,No,No,,531,0.013551,0.005957,7235
N06000013,N92000002,North Down,,Northern Ireland,Northern Ireland,County,Conservative,Con,PP51,4,,Frank,Shivers,Male,No,No,,941,0.024014,-0.020301,11548
N06000013,N92000002,North Down,,Northern Ireland,Northern Ireland,County,Green Party Northern Ireland,Green,PP305,1113,,Steven,Agnew,Male,No,No,,2549,0.065050,0.010581,3876
N06000013,N92000002,North Down,,Northern Ireland,Northern Ireland,County,Alliance,APNI,PP103,1,,Andrew,Muir,Male,No,No,,3639,0.092867,0.007019,4588
N06000013,N92000002,North Down,,Northern Ireland,Northern Ireland,County,Democratic Unionist Party,DUP,PP70,7,,Alex,Easton,Male,No,No,5262,14940,0.381268,0.145171,7178
N06000013,N92000002,North Down,,Northern Ireland,Northern Ireland,County,Independent,Ind,,8,,Sylvia,Hermon,Female,Yes,Yes,1437,16148,0.412096,,3877
E14000840,E12000001,North Durham,,North East,England,County,Liberal Democrat,LD,PP90,17,,Craig,Martin,Male,No,No,,1981,0.045767,-0.005196,7690
E14000840,E12000001,North Durham,,North East,England,County,UK Independence Party,UKIP,PP85,35,,Kenneth,Rollings,Male,No,No,,2408,0.055633,-0.103885,31199
E14000840,E12000001,North Durham,,North East,England,County,Conservative,Con,PP52,4,,Laetitia,Glossop,Female,No,No,,12978,0.299834,0.090523,4215
E14000840,E12000001,North Durham,,North East,England,County,Labour,Lab,PP53,15,,Kevan,Jones,Male,Yes,Yes,1438,25917,0.598766,0.049596,4025
E14000841,E12000006,North East Bedfordshire,,East of England,England,County,Green Party,Green,PP63,44,,Philippa,Fleming,Female,No,No,,1215,0.018919,-0.024321,34896
E14000841,E12000006,North East Bedfordshire,,East of England,England,County,UK Independence Party,UKIP,PP85,35,,Duncan,Strachan,Male,No,No,,1896,0.029524,-0.116696,7494
E14000841,E12000006,North East Bedfordshire,,East of England,England,County,Liberal Democrat,LD,PP90,17,,Stephen,Rutherford,Male,No,No,,3693,0.057505,-0.000751,7035
E14000841,E12000006,North East Bedfordshire,,East of England,England,County,Labour,Lab,PP53,15,,Julian,Vaughan,Male,No,No,,18277,0.284600,0.126995,34410
E14000841,E12000006,North East Bedfordshire,,East of England,England,County,Conservative,Con,PP52,4,,Alistair,Burt,Male,Yes,Yes,1201,39139,0.609452,0.014773,1636
E14000842,E12000006,North East Cambridgeshire,,East of England,England,County,English Democrats,ED,PP17,90,,Stephen,Goldspink,Male,No,No,,293,0.005499,,126
E14000842,E12000006,North East Cambridgeshire,,East of England,England,County,Green Party,Green,PP63,44,,Ruth,Johnson,Female,No,No,,1024,0.019218,-0.015854,34884
E14000842,E12000006,North East Cambridgeshire,,East of England,England,County,UK Independence Party,UKIP,PP85,35,,Robin,Talbot,Male,No,No,,2174,0.040800,-0.184190,3118
E14000842,E12000006,North East Cambridgeshire,,East of England,England,County,Liberal Democrat,LD,PP90,17,,Darren,Fower,Male,No,No,,2383,0.044723,0.000034,5840
E14000842,E12000006,North East Cambridgeshire,,East of England,England,County,Labour,Lab,PP53,15,,Ken,Rustidge,Male,No,No,,13070,0.245289,0.100909,5838
E14000842,E12000006,North East Cambridgeshire,,East of England,England,County,Conservative,Con,PP52,4,,Stephen,Barclay,Male,Yes,Yes,4095,34340,0.644471,0.093602,239
E14000843,E12000004,North East Derbyshire,,East Midlands,England,County,Green Party,Green,PP63,44,,David,Kesteven,Male,No,No,,719,0.014272,-0.007815,6943
E14000843,E12000004,North East Derbyshire,,East Midlands,England,County,Liberal Democrat,LD,PP90,17,,David,Lomax,Male,No,No,,1390,0.027590,-0.014205,2692
E14000843,E12000004,North East Derbyshire,,East Midlands,England,County,UK Independence Party,UKIP,PP85,35,,James,Bush,Male,No,No,,1565,0.031064,-0.128088,5949
E14000843,E12000004,North East Derbyshire,,East Midlands,England,County,Labour,Lab,PP53,15,,Natascha,Engel,Female,Yes,Yes,1507,21923,0.435153,0.028713,146
E14000843,E12000004,North East Derbyshire,,East Midlands,England,County,Conservative,Con,PP52,4,,Lee,Rowley,Male,No,No,4652,24783,0.491921,0.124753,2207
S14000049,S92000003,North East Fife,,Scotland,Scotland,County,Independent Sovereign Democratic Britain,ISDB,PP2575,271,,Mike,Scott-Hayward,Male,No,No,,224,0.005356,,1213
S14000049,S92000003,North East Fife,,Scotland,Scotland,County,Labour,Lab,PP53,15,,Rosalind,Garton,Female,No,No,,4026,0.096265,0.019470,9185
S14000049,S92000003,North East Fife,,Scotland,Scotland,County,Conservative,Con,PP52,4,,Tony,Miklinski,Male,No,No,,10088,0.241213,0.078320,20806
S14000049,S92000003,North East Fife,,Scotland,Scotland,County,Liberal Democrat,LD,PP90,17,,Elizabeth,Riches,Female,No,No,,13741,0.328559,0.015301,21162
S14000049,S92000003,North East Fife,,Scotland,Scotland,County,Scottish National Party,SNP,PP102,29,,Stephen,Gethins,Male,Yes,Yes,4434,13743,0.328607,-0.080624,5925
E14000844,E12000008,North East Hampshire,,South East,England,County,Independent,Ind,,8,,Robert,Blay,Male,No,No,,367,0.006369,,5739
E14000844,E12000008,North East Hampshire,,South East,England,County,UK Independence Party,UKIP,PP85,35,,Mike,Gascoigne,Male,No,No,,1061,0.018412,-0.069218,14264
E14000844,E12000008,North East Hampshire,,South East,England,County,Green Party,Green,PP63,44,,Chas,Spradbery,Male,No,No,,1476,0.025613,-0.018165,17253
E14000844,E12000008,North East Hampshire,,South East,England,County,Liberal Democrat,LD,PP90,17,,Graham,Cockarill,Male,No,No,,6987,0.121245,0.016486,6314
E14000844,E12000008,North East Hampshire,,South East,England,County,Labour,Lab,PP53,15,,Barry,Jones,Male,No,No,,9982,0.173217,0.075254,1835
E14000844,E12000008,North East Hampshire,,South East,England,County,Conservative,Con,PP52,4,,Ranil,Jayawardena,Male,Yes,Yes,4498,37754,0.655144,-0.003615,4217
E14000845,E12000006,North East Hertfordshire,,East of England,England,County,Green Party,Green,PP63,44,,Tim,Lee,Male,No,No,,2965,0.053347,0.000006,34878
E14000845,E12000006,North East Hertfordshire,,East of England,England,County,Liberal Democrat,LD,PP90,17,,Nicky,Shepard,Female,No,No,,4276,0.076934,0.001351,9144
E14000845,E12000006,North East Hertfordshire,,East of England,England,County,Labour,Lab,PP53,15,,Doug,Swanney,Male,No,No,,15752,0.283411,0.094665,26542
E14000845,E12000006,North East Hertfordshire,,East of England,England,County,Conservative,Con,PP52,4,,Oliver,Heald,Male,Yes,Yes,69,32587,0.586308,0.032652,3446
E14000846,E12000009,North East Somerset,,South West,England,County,Independent,Ind,,8,,Shaun,Hughes,Male,No,No,,588,0.010880,,35041
E14000846,E12000009,North East Somerset,,South West,England,County,Green Party,Green,PP63,44,,Sally,Calverley,Female,No,No,,1245,0.023037,-0.031786,34437
E14000846,E12000009,North East Somerset,,South West,England,County,Liberal Democrat,LD,PP90,17,,Manda,Rigby,Female,No,No,,4461,0.082545,0.003715,6125
E14000846,E12000009,North East Somerset,,South West,England,County,Labour,Lab,PP53,15,,Robin,Moss,Male,No,No,,18757,0.347075,0.098787,34412
E14000846,E12000009,North East Somerset,,South West,England,County,Conservative,Con,PP52,4,,Jacob,Rees-Mogg,Male,Yes,Yes,4099,28992,0.536462,0.038731,1612
E14000847,E12000005,North Herefordshire,,West Midlands,England,County,Independent,Ind,,8,,Arthur,Devine,Male,No,No,,363,0.007234,,35043
E14000847,E12000005,North Herefordshire,,West Midlands,England,County,Independent,Ind,,8,,Sasha,Norris,Female,No,No,,577,0.011499,,35044
E14000847,E12000005,North Herefordshire,,West Midlands,England,County,Green Party,Green,PP63,44,,Ellie,Chowns,Female,No,No,5249,2771,0.055225,-0.014346,34585
E14000847,E12000005,North Herefordshire,,West Midlands,England,County,Liberal Democrat,LD,PP90,17,,Jeanie,Falconer,Female,No,No,,5874,0.117066,-0.003044,6453
E14000847,E12000005,North Herefordshire,,West Midlands,England,County,Labour,Lab,PP53,15,,Roger,Page,Male,No,No,,9495,0.189230,0.075160,34411
E14000847,E12000005,North Herefordshire,,West Midlands,England,County,Conservative,Con,PP52,4,,Bill,Wiggin,Male,Yes,Yes,1428,31097,0.619746,0.063429,605
E14000848,E12000006,North Norfolk,,East of England,England,County,Labour,Lab,PP53,15,,Stephen,Burke,Male,No,No,,5180,0.099257,-0.002800,20854
E14000848,E12000006,North Norfolk,,East of England,England,County,Conservative,Con,PP52,4,,James,Wild,Male,No,No,4787,21748,0.416724,0.107986,34313
E14000848,E12000006,North Norfolk,,East of England,England,County,Liberal Democrat,LD,PP90,17,,Norman,Lamb,Male,Yes,Yes,1439,25260,0.484019,0.093462,643
E14000849,E12000005,North Shropshire,,West Midlands,England,County,Green Party,Green,PP63,44,,Duncan,Kerr,Male,No,No,,1722,0.030972,-0.018008,5713
E14000849,E12000005,North Shropshire,,West Midlands,England,County,Liberal Democrat,LD,PP90,17,,Tom,Thornhill,Male,No,No,,2948,0.053023,-0.006856,6255
E14000849,E12000005,North Shropshire,,West Midlands,England,County,Labour,Lab,PP53,15,,Graeme,Currie,Male,No,No,,17287,0.310923,0.110307,4392
E14000849,E12000005,North Shropshire,,West Midlands,England,County,Conservative,Con,PP52,4,,Owen,Paterson,Male,Yes,Yes,274,33642,0.605083,0.090731,1325
E14000850,E12000009,North Somerset,,South West,England,County,Green Party,Green,PP63,44,,Charley,Pattison,Female,No,No,,1976,0.031874,-0.032698,34446
E14000850,E12000009,North Somerset,,South West,England,County,Independent,Ind,,8,,Donald,Davies,Male,No,No,,3929,0.063377,,35050
E14000850,E12000009,North Somerset,,South West,England,County,Liberal Democrat,LD,PP90,17,,Richard,Foord,Male,No,No,4942,5982,0.096493,-0.030513,35051
E14000850,E12000009,North Somerset,,South West,England,County,Labour,Lab,PP53,15,,Greg,Chambers,Male,No,No,,16502,0.266187,0.122978,6096
E14000850,E12000009,North Somerset,,South West,England,County,Conservative,Con,PP52,4,,Liam,Fox,Male,Yes,Yes,223,33605,0.542069,0.006966,451
E14000851,E12000009,North Swindon,,South West,England,County,Green Party,Green,PP63,44,,Andy,Bentley,Male,No,No,,858,0.015625,-0.017356,14695
E14000851,E12000009,North Swindon,,South West,England,County,UK Independence Party,UKIP,PP85,35,,Steve,Halden,Male,No,No,,1564,0.028482,-0.124862,34961
E14000851,E12000009,North Swindon,,South West,England,County,Liberal Democrat,LD,PP90,17,,Liz,Webster,Female,No,No,,1962,0.035731,0.003113,34962
E14000851,E12000009,North Swindon,,South West,England,County,Labour,Lab,PP53,15,,Mark,Dempsey,Male,No,No,,21096,0.384185,0.106459,3801
E14000851,E12000009,North Swindon,,South West,England,County,Conservative,Con,PP52,4,,Justin,Tomlinson,Male,Yes,Yes,4105,29431,0.535976,0.032646,190
E14000852,E12000008,North Thanet,,South East,England,County,Christian Peoples Alliance,CPA,PP79,80,,Iris,White,Female,No,No,,128,0.002649,,34928
E14000852,E12000008,North Thanet,,South East,England,County,Green Party,Green,PP63,44,,Ed,Targett,Male,No,No,,825,0.017072,-0.019461,5154
E14000852,E12000008,North Thanet,,South East,England,County,Liberal Democrat,LD,PP90,17,,Martyn,Pennington,Male,No,No,,1586,0.032819,-0.002141,29084
E14000852,E12000008,North Thanet,,South East,England,County,UK Independence Party,UKIP,PP85,35,,Clive,Egan,Male,No,No,,2198,0.045484,-0.211609,8034
E14000852,E12000008,North Thanet,,South East,England,County,Labour,Lab,PP53,15,,Frances,Rehal,Female,No,No,,16425,0.339886,0.161130,4393
E14000852,E12000008,North Thanet,,South East,England,County,Conservative,Con,PP52,4,,Roger,Gale,Male,Yes,Yes,87,27163,0.562090,0.072323,995
E14000853,E12000001,North Tyneside,,North East,England,Borough,Green Party,Green,PP63,44,,Martin,Collins,Male,No,No,,669,0.012892,-0.017908,5405
E14000853,E12000001,North Tyneside,,North East,England,Borough,Liberal Democrat,LD,PP90,17,,Greg,Stone,Male,No,No,,1494,0.028791,-0.015530,34131
E14000853,E12000001,North Tyneside,,North East,England,Borough,UK Independence Party,UKIP,PP85,35,,Gary,Legg,Male,No,No,,2101,0.040488,-0.122227,5444
E14000853,E12000001,North Tyneside,,North East,England,Borough,Conservative,Con,PP52,4,,Henry,Newman,Male,No,No,,14172,0.273106,0.080936,34613
E14000853,E12000001,North Tyneside,,North East,England,Borough,Labour,Lab,PP53,15,,Mary,Glindon,Female,Yes,Yes,4126,33456,0.644724,0.085302,2144
E14000854,E12000005,North Warwickshire,,West Midlands,England,County,Green Party,Green,PP63,44,,Keith,Kondakor,Male,No,No,,940,0.019925,0.001055,5198
E14000854,E12000005,North Warwickshire,,West Midlands,England,County,Liberal Democrat,LD,PP90,17,,James,Cox,Male,No,No,,1028,0.021790,0.001147,34141
E14000854,E12000005,North Warwickshire,,West Midlands,England,County,Labour,Lab,PP53,15,,Julie,Jackson,Female,No,No,,18350,0.388952,0.028672,7673
E14000854,E12000005,North Warwickshire,,West Midlands,England,County,Conservative,Con,PP52,4,,Craig,Tracey,Male,Yes,Yes,4509,26860,0.569333,0.146301,4219
E14000855,E12000006,North West Cambridgeshire,,East of England,England,County,Green Party,Green,PP63,44,,Greg,Guthrie,Male,No,No,,1255,0.019612,-0.015723,34885
E14000855,E12000006,North West Cambridgeshire,,East of England,England,County,UK Independence Party,UKIP,PP85,35,,John,Whitby,Male,No,No,,2518,0.039349,-0.161551,19262
E14000855,E12000006,North West Cambridgeshire,,East of England,England,County,Liberal Democrat,LD,PP90,17,,Bridget,Smith,Female,No,No,,3168,0.049507,-0.007432,34361
E14000855,E12000006,North West Cambridgeshire,,East of England,England,County,Labour,Lab,PP53,15,,Iain,Ramsbottom,Male,No,No,,19521,0.305059,0.126221,9053
E14000855,E12000006,North West Cambridgeshire,,East of England,England,County,Conservative,Con,PP52,4,,Shailesh,Vara,Male,Yes,Yes,1496,37529,0.586473,0.061596,489
E14000856,E12000001,North West Durham,,North East,England,County,Green Party,Green,PP63,44,,Dominic,Horsman,Male,No,No,,530,0.011064,-0.025533,34797
E14000856,E12000001,North West Durham,,North East,England,County,UK Independence Party,UKIP,PP85,35,,Alan,Breeze,Male,No,No,,2150,0.044883,-0.124788,31001
E14000856,E12000001,North West Durham,,North East,England,County,Liberal Democrat,LD,PP90,17,,Owen,Temple,Male,No,No,,3398,0.070936,-0.020007,22180
E14000856,E12000001,North West Durham,,North East,England,County,Conservative,Con,PP52,4,,Sally-Ann,Hart,Female,No,No,4842,16516,0.344787,0.110820,34796
E14000856,E12000001,North West Durham,,North East,England,County,Labour,Lab,PP53,15,,Laura,Pidcock,Female,No,No,4665,25308,0.528329,0.059507,31607
E14000857,E12000008,North West Hampshire,,South East,England,County,Green Party,Green,PP63,44,,Dan,Hill,Male,No,No,,1334,0.022698,-0.023339,6355
E14000857,E12000008,North West Hampshire,,South East,England,County,UK Independence Party,UKIP,PP85,35,,Roger,Clark,Male,No,No,,1467,0.024961,-0.121955,34689
E14000857,E12000008,North West Hampshire,,South East,England,County,Liberal Democrat,LD,PP90,17,,Alex,Payton,Male,No,No,,5708,0.097121,0.003797,5274
E14000857,E12000008,North West Hampshire,,South East,England,County,Labour,Lab,PP53,15,,Andy,Fitchet,Male,No,No,,13792,0.234670,0.101650,31128
E14000857,E12000008,North West Hampshire,,South East,England,County,Conservative,Con,PP52,4,,Kit,Malthouse,Male,Yes,Yes,4495,36471,0.620551,0.039846,5272
E14000858,E12000004,North West Leicestershire,,East Midlands,England,County,Green Party,Green,PP63,44,,Mia,Woolley,Female,No,No,,1101,0.020564,-0.002211,35056
E14000858,E12000004,North West Leicestershire,,East Midlands,England,County,Liberal Democrat,LD,PP90,17,,Michael,Wyatt,Male,No,No,,3420,0.063876,0.024437,1969
E14000858,E12000004,North West Leicestershire,,East Midlands,England,County,Labour,Lab,PP53,15,,Sean,Sheahan,Male,No,No,,17867,0.333707,0.059555,23324
E14000858,E12000004,North West Leicestershire,,East Midlands,England,County,Conservative,Con,PP52,4,,Andrew,Bridgen,Male,Yes,Yes,4133,31153,0.581853,0.087072,1640
E14000859,E12000006,North West Norfolk,,East of England,England,County,Green Party,Green,PP63,44,,Andrew,de Whalley,Male,No,No,,851,0.017435,-0.020141,1629
E14000859,E12000006,North West Norfolk,,East of England,England,County,Liberal Democrat,LD,PP90,17,,Rupert,Moss-Eccardt,Male,No,No,,1393,0.028539,-0.006778,6293
E14000859,E12000006,North West Norfolk,,East of England,England,County,UK Independence Party,UKIP,PP85,35,,Michael,Stone,Male,No,No,,1539,0.031530,-0.146047,33802
E14000859,E12000006,North West Norfolk,,East of England,England,County,Labour,Lab,PP53,15,,Jo,Rust,Female,No,No,,15620,0.320010,0.092466,5832
E14000859,E12000006,North West Norfolk,,East of England,England,County,Conservative,Con,PP52,4,,Henry,Bellingham,Male,Yes,Yes,1441,29408,0.602487,0.080501,1681
E14000860,E12000009,North Wiltshire,,South West,England,County,Independent,Ind,,8,,Lisa,Tweedie,Female,No,No,,376,0.007001,,35057
E14000860,E12000009,North Wiltshire,,South West,England,County,UK Independence Party,UKIP,PP85,35,,Paddy,Singh,Male,No,No,,871,0.016218,-0.098763,28840
E14000860,E12000009,North Wiltshire,,South West,England,County,Green Party,Green,PP63,44,,Phil,Chamberlain,Male,No,No,,1141,0.021245,-0.025238,35058
E14000860,E12000009,North Wiltshire,,South West,England,County,Labour,Lab,PP53,15,,Peter,Baldrey,Male,No,No,,9399,0.175008,0.077493,4394
E14000860,E12000009,North Wiltshire,,South West,England,County,Liberal Democrat,LD,PP90,17,,Brian,Mathew,Male,No,No,5214,9521,0.177280,0.021176,1251
E14000860,E12000009,North Wiltshire,,South West,England,County,Conservative,Con,PP52,4,,James,Gray,Male,Yes,Yes,261,32398,0.603247,0.030852,3271
E14000861,E12000004,Northampton North,,East Midlands,England,Borough,Green Party,Green,PP63,44,,Steve,Miller,Male,No,No,,636,0.015751,-0.022385,34337
E14000861,E12000004,Northampton North,,East Midlands,England,Borough,Liberal Democrat,LD,PP90,17,,George,Smid,Male,No,No,,1015,0.025137,-0.010411,5560
E14000861,E12000004,Northampton North,,East Midlands,England,Borough,UK Independence Party,UKIP,PP85,35,,Jonathan,Bullock,Male,No,No,,1404,0.034771,-0.126453,5706
E14000861,E12000004,Northampton North,,East Midlands,England,Borough,Labour,Lab,PP53,15,,Sally,Keeble,Female,No,Yes,354,18258,0.452177,0.110800,1059
E14000861,E12000004,Northampton North,,East Midlands,England,Borough,Conservative,Con,PP52,4,,Michael,Ellis,Male,Yes,Yes,4116,19065,0.472163,0.048449,1066
E14000862,E12000004,Northampton South,,East Midlands,England,Borough,Green Party,Green,PP63,44,,Scott,Mabbutt,Male,No,No,,696,0.016962,-0.019120,22866
E14000862,E12000004,Northampton South,,East Midlands,England,Borough,Liberal Democrat,LD,PP90,17,,Jill,Hope,Female,No,No,,1405,0.034240,-0.008786,3353
E14000862,E12000004,Northampton South,,East Midlands,England,Borough,UK Independence Party,UKIP,PP85,35,,Rose,Gibbins,Female,No,No,,1630,0.039723,-0.143231,33392
E14000862,E12000004,Northampton South,,East Midlands,England,Borough,Labour,Lab,PP53,15,,Kevin,McKeever,Male,No,No,,18072,0.440415,0.122290,1276
E14000862,E12000004,Northampton South,,East Midlands,England,Borough,Conservative,Con,PP52,4,,Andrew,Lewer,Male,No,No,4659,19231,0.468660,0.052988,34338
E14000863,E12000006,Norwich North,,East of England,England,Borough,Pirate Party UK,Prte,PP770,132,,Liam,Matthews,Male,No,No,,340,0.007408,,34197
E14000863,E12000006,Norwich North,,East of England,England,Borough,Green Party,Green,PP63,44,,Adrian,Holmes,Male,No,No,,782,0.017039,-0.027442,5065
E14000863,E12000006,Norwich North,,East of England,England,Borough,Liberal Democrat,LD,PP90,17,,Hugh,Lanham,Male,No,No,,1480,0.032248,-0.011201,6214
E14000863,E12000006,Norwich North,,East of England,England,Borough,Labour,Lab,PP53,15,,Chris,Jones,Male,No,No,,21393,0.466129,0.131458,4282
E14000863,E12000006,Norwich North,,East of England,England,Borough,Conservative,Con,PP52,4,,Chloe,Smith,Female,Yes,Yes,1609,21900,0.477176,0.040123,1684
E14000864,E12000006,Norwich South,,East of England,England,Borough,Green Party,Green,PP63,44,,Richard,Bearman,Male,No,No,,1492,0.029050,-0.110210,34364
E14000864,E12000006,Norwich South,,East of England,England,Borough,Liberal Democrat,LD,PP90,17,,James,Wright,Male,No,No,,2841,0.055316,-0.081014,5364
E14000864,E12000006,Norwich South,,East of England,England,Borough,Conservative,Con,PP52,4,,Lana,Hempsall,Female,No,No,,15715,0.305983,0.071186,6356
E14000864,E12000006,Norwich South,,East of England,England,Borough,Labour,Lab,PP53,15,,Clive,Lewis,Male,Yes,Yes,4500,31311,0.609650,0.216917,4396
E14000865,E12000004,Nottingham East,,East Midlands,England,Borough,Church of the Militant Elvis Party,Elvis,PP843,69,,David,Bishop,Male,No,No,,195,0.004958,,26221
E14000865,E12000004,Nottingham East,,East Midlands,England,Borough,Green Party,Green,PP63,44,,Kat,Boettge,Female,No,No,,698,0.017749,-0.080891,5783
E14000865,E12000004,Nottingham East,,East Midlands,England,Borough,UK Independence Party,UKIP,PP85,35,,Robert,Hall-Palmer,Male,No,No,,817,0.020775,-0.078660,35072
E14000865,E12000004,Nottingham East,,East Midlands,England,Borough,Liberal Democrat,LD,PP90,17,,Barry,Holliday,Male,No,No,,1003,0.025504,-0.016389,26224
E14000865,E12000004,Nottingham East,,East Midlands,England,Borough,Conservative,Con,PP52,4,,Simon,Murray,Male,No,No,,8512,0.216442,0.008711,35073
E14000865,E12000004,Nottingham East,,East Midlands,England,Borough,Labour and Co-operative,Lab,PP53,15,PP119,Chris,Leslie,Male,Yes,Yes,422,28102,0.714573,0.169030,3549
E14000866,E12000004,Nottingham North,,East Midlands,England,Borough,Green Party,Green,PP63,44,,Kirsty,Jones,Female,No,No,,538,0.014040,-0.016744,34548
E14000866,E12000004,Nottingham North,,East Midlands,England,Borough,Liberal Democrat,LD,PP90,17,,Tad,Jones,Male,No,No,,674,0.017589,-0.006376,5683
E14000866,E12000004,Nottingham North,,East Midlands,England,Borough,UK Independence Party,UKIP,PP85,35,,Stephen,Crosby,Male,No,No,,2133,0.055664,-0.129436,4673
E14000866,E12000004,Nottingham North,,East Midlands,England,Borough,Conservative,Con,PP52,4,,Jack,Tinley,Male,No,No,,11907,0.310734,0.100706,4193
E14000866,E12000004,Nottingham North,,East Midlands,England,Borough,Labour and Co-operative,Lab,PP53,15,PP119,Alex,Norris,Male,No,No,4641,23067,0.601973,0.056377,34206
E14000867,E12000004,Nottingham South,,East Midlands,England,Borough,Green Party,Green,PP63,44,,Adam,McGregor,Male,No,No,,598,0.012425,-0.041527,4919
E14000867,E12000004,Nottingham South,,East Midlands,England,Borough,UK Independence Party,UKIP,PP85,35,,David,Hollas,Male,No,No,,1103,0.022918,-0.089817,4672
E14000867,E12000004,Nottingham South,,East Midlands,England,Borough,Liberal Democrat,LD,PP90,17,,Tony,Sutton,Male,No,No,,1564,0.032496,-0.002751,5684
E14000867,E12000004,Nottingham South,,East Midlands,England,Borough,Conservative,Con,PP52,4,,Jane,Hunt,Female,No,No,4839,14851,0.308567,-0.008033,3156
E14000867,E12000004,Nottingham South,,East Midlands,England,Borough,Labour,Lab,PP53,15,,Lilian,Greenwood,Female,Yes,Yes,4029,30013,0.623595,0.147419,1925
E14000868,E12000005,Nuneaton,,West Midlands,England,County,Green Party,Green,PP63,44,,Chris,Brookes,Male,No,No,,763,0.016563,-0.011438,24156
E14000868,E12000005,Nuneaton,,West Midlands,England,County,Liberal Democrat,LD,PP90,17,,Richard,Brighton-Knight,Male,No,No,,914,0.019841,0.002004,3989
E14000868,E12000005,Nuneaton,,West Midlands,England,County,UK Independence Party,UKIP,PP85,35,,Craig,Carpenter,Male,No,No,,1619,0.035144,-0.108728,24971
E14000868,E12000005,Nuneaton,,West Midlands,England,County,Labour,Lab,PP53,15,,Philip,Johnson,Male,No,No,,19016,0.412790,0.064258,25607
E14000868,E12000005,Nuneaton,,West Midlands,England,County,Conservative,Con,PP52,4,,Marcus,Jones,Male,Yes,Yes,4024,23755,0.515662,0.060417,1648
S14000050,S92000003,Ochil and South Perthshire,,Scotland,Scotland,County,Liberal Democrat,LD,PP90,17,,Iliyan,Stefanov,Male,No,No,,1742,0.032159,0.006568,6610
S14000050,S92000003,Ochil and South Perthshire,,Scotland,Scotland,County,Labour,Lab,PP53,15,,Joanne,Ross,Female,No,No,,10847,0.200247,-0.084040,34278
S14000050,S92000003,Ochil and South Perthshire,,Scotland,Scotland,County,Scottish National Party,SNP,PP102,29,,Tasmina,Ahmed-Sheikh,Female,Yes,Yes,4427,19110,0.352791,-0.107197,5924
S14000050,S92000003,Ochil and South Perthshire,,Scotland,Scotland,County,Conservative,Con,PP52,4,,Luke,Graham,Male,No,No,4622,22469,0.414802,0.207669,5516
W07000074,W92000004,Ogmore,,Wales,Wales,County,Liberal Democrat,LD,PP90,17,,Gerald,Francis,Male,No,No,,594,0.015966,-0.014445,5790
W07000074,W92000004,Ogmore,,Wales,Wales,County,UK Independence Party,UKIP,PP85,35,,Glenda,Davies,Female,No,No,,1235,0.033195,-0.120564,5592
W07000074,W92000004,Ogmore,,Wales,Wales,County,Plaid Cymru,PC,PP77,22,,Huw,Marshall,Male,No,No,,2796,0.075153,-0.025726,34425
W07000074,W92000004,Ogmore,,Wales,Wales,County,Conservative,Con,PP52,4,,Jamie,Wallis,Male,No,No,4766,9354,0.251425,0.091992,9462
W07000074,W92000004,Ogmore,,Wales,Wales,County,Labour,Lab,PP53,15,,Chris,Elmore,Male,Yes,Yes,4572,23225,0.624261,0.094814,4457
E14000869,E12000007,Old Bexley and Sidcup,,London,England,Borough,Christian Peoples Alliance,CPA,PP79,80,,Chinwe,Nwadikeduruibe,Female,No,No,,83,0.001728,,34778
E14000869,E12000007,Old Bexley and Sidcup,,London,England,Borough,British National Party,BNP,PP3960,67,,Michael,Jones,Male,No,No,,324,0.006744,0.002081,7975
E14000869,E12000007,Old Bexley and Sidcup,,London,England,Borough,Green Party,Green,PP63,44,,Derek,Moran,Male,No,No,,820,0.017068,-0.011510,5213
E14000869,E12000007,Old Bexley and Sidcup,,London,England,Borough,Liberal Democrat,LD,PP90,17,,Drew,Heffernan,Male,No,No,,1572,0.032721,-0.002446,34777
E14000869,E12000007,Old Bexley and Sidcup,,London,England,Borough,UK Independence Party,UKIP,PP85,35,,Freddy,Vachha,Male,No,No,,1619,0.033700,-0.148725,5850
E14000869,E12000007,Old Bexley and Sidcup,,London,England,Borough,Labour,Lab,PP53,15,,Danny,Hackett,Male,No,No,,14079,0.293056,0.103123,34368
E14000869,E12000007,Old Bexley and Sidcup,,London,England,Borough,Conservative,Con,PP52,4,,James,Brokenshire,Male,Yes,Yes,1530,29545,0.614983,0.087003,2534
E14000870,E12000002,Oldham East and Saddleworth,,North West,England,County,Liberal Democrat,LD,PP90,17,,Jonathan,Smith,Male,No,No,,1683,0.035780,-0.092763,34119
E14000870,E12000002,Oldham East and Saddleworth,,North West,England,County,UK Independence Party,UKIP,PP85,35,,Ian,Bond,Male,No,No,,2278,0.048430,-0.143936,14949
E14000870,E12000002,Oldham East and Saddleworth,,North West,England,County,Conservative,Con,PP52,4,,Kashif,Ali,Male,No,No,,17447,0.370921,0.111788,2540
E14000870,E12000002,Oldham East and Saddleworth,,North West,England,County,Labour,Lab,PP53,15,,Debbie,Abrahams,Female,Yes,Yes,4212,25629,0.544869,0.150808,1862
E14000871,E12000002,Oldham West and Royton,,North West,England,Borough,Green Party,Green,PP63,44,,Adam,King,Male,No,No,,439,0.009588,-0.009862,14897
E14000871,E12000002,Oldham West and Royton,,North West,England,Borough,Liberal Democrat,LD,PP90,17,,Garth,Harkness,Male,No,No,,956,0.020879,-0.015957,4520
E14000871,E12000002,Oldham West and Royton,,North West,England,Borough,UK Independence Party,UKIP,PP85,35,,Ruth,Keating,Female,No,No,,1899,0.041474,-0.164660,14929
E14000871,E12000002,Oldham West and Royton,,North West,England,Borough,Conservative,Con,PP52,4,,Christopher,Glenny,Male,No,No,,12648,0.276230,0.086439,35140
E14000871,E12000002,Oldham West and Royton,,North West,England,Borough,Labour and Co-operative,Lab,PP53,15,PP119,Jim,McMahon,Male,Yes,Yes,4569,29846,0.651830,0.104041,34144
S14000051,S92000003,Orkney and Shetland,,Scotland,Scotland,County,Independent,Ind,,8,,Stuart,Hill,Male,No,No,,245,0.010525,,34686
S14000051,S92000003,Orkney and Shetland,,Scotland,Scotland,County,UK Independence Party,UKIP,PP85,35,,Robert,Smith,Male,No,No,,283,0.012158,-0.035449,3747
S14000051,S92000003,Orkney and Shetland,,Scotland,Scotland,County,Conservative,Con,PP52,4,,Jamie,Halcro Johnston,Male,No,No,,2024,0.086953,-0.002144,8871
S14000051,S92000003,Orkney and Shetland,,Scotland,Scotland,County,Labour,Lab,PP53,15,,Robina,Barton,Female,No,No,,2664,0.114448,0.042994,8865
S14000051,S92000003,Orkney and Shetland,,Scotland,Scotland,County,Scottish National Party,SNP,PP102,29,,Miriam,Brett,Female,No,No,,6749,0.289943,-0.088005,34266
S14000051,S92000003,Orkney and Shetland,,Scotland,Scotland,County,Liberal Democrat,LD,PP90,17,,Alistair,Carmichael,Male,Yes,Yes,1442,11312,0.485973,0.072079,1331
E14000872,E12000007,Orpington,,London,England,Borough,Green Party,Green,PP63,44,,Tamara,Galloway,Female,No,No,,1060,0.021006,-0.014318,2203
E14000872,E12000007,Orpington,,London,England,Borough,UK Independence Party,UKIP,PP85,35,,Brian,Philp,Male,No,No,,2023,0.040090,-0.126597,34781
E14000872,E12000007,Orpington,,London,England,Borough,Liberal Democrat,LD,PP90,17,,Alex,Feakes,Male,No,No,,3315,0.065694,-0.002221,1881
E14000872,E12000007,Orpington,,London,England,Borough,Labour,Lab,PP53,15,,Nigel,de Gruchy,Male,No,No,,12301,0.243772,0.087854,4399
E14000872,E12000007,Orpington,,London,England,Borough,Conservative,Con,PP52,4,,Joseph,Johnson,Male,Yes,Yes,4039,31762,0.629437,0.055281,2204
E14000873,E12000008,Oxford East,,South East,England,Borough,Independent,Ind,,8,,Chaka,Artwell,Male,No,No,,255,0.004731,,7244
E14000873,E12000008,Oxford East,,South East,England,Borough,Green Party,Green,PP63,44,,Larry,Sanders,Male,No,No,,1785,0.033119,-0.083079,4545
E14000873,E12000008,Oxford East,,South East,England,Borough,Liberal Democrat,LD,PP90,17,,Kirsten,Johnson,Female,No,No,,4904,0.090990,-0.016588,6039
E14000873,E12000008,Oxford East,,South East,England,Borough,Conservative,Con,PP52,4,,Suzanne,Bartington,Female,No,No,,11834,0.219571,0.020790,10964
E14000873,E12000008,Oxford East,,South East,England,Borough,Labour and Co-operative,Lab,PP53,15,PP119,Anneliese,Dodds,Female,No,No,4657,35118,0.651588,0.151361,1037
E14000874,E12000008,Oxford West and Abingdon,,South East,England,County,UK Independence Party,UKIP,PP85,35,,Alan,Harris,Male,No,No,,751,0.012512,-0.056714,4550
E14000874,E12000008,Oxford West and Abingdon,,South East,England,County,Labour,Lab,PP53,15,,Marie,Tidball,Female,No,No,5098,7573,0.126175,-0.000889,8802
E14000874,E12000008,Oxford West and Abingdon,,South East,England,County,Conservative,Con,PP52,4,,Nicola,Blackwood,Female,Yes,Yes,4019,25440,0.423859,-0.032986,3139
E14000874,E12000008,Oxford West and Abingdon,,South East,England,County,Liberal Democrat,LD,PP90,17,,Layla,Moran,Female,No,No,4656,26256,0.437454,0.147989,2447
S14000052,S92000003,Paisley and Renfrewshire North,,Scotland,Scotland,County,Liberal Democrat,LD,PP90,17,,John,Boyd,Male,No,No,,1476,0.031664,0.010757,21948
S14000052,S92000003,Paisley and Renfrewshire North,,Scotland,Scotland,County,Conservative,Con,PP52,4,,David,Gardiner,Male,No,No,,12842,0.275491,0.152963,34973
S14000052,S92000003,Paisley and Renfrewshire North,,Scotland,Scotland,County,Labour,Lab,PP53,15,,Alison,Taylor,Female,No,No,5093,14842,0.318395,-0.009079,34279
S14000052,S92000003,Paisley and Renfrewshire North,,Scotland,Scotland,County,Scottish National Party,SNP,PP102,29,,Gavin,Newlands,Male,Yes,Yes,4420,17455,0.374450,-0.132882,6054
S14000053,S92000003,Paisley and Renfrewshire South,,Scotland,Scotland,County,Independent,Ind,,8,,Paul,Mack,Male,No,No,,876,0.021001,,2678
S14000053,S92000003,Paisley and Renfrewshire South,,Scotland,Scotland,County,Liberal Democrat,LD,PP90,17,,Eileen,McCartin,Female,No,No,,1327,0.031813,0.009964,6612
S14000053,S92000003,Paisley and Renfrewshire South,,Scotland,Scotland,County,Conservative,Con,PP52,4,,Amy,Thomson,Female,No,No,,8122,0.194716,0.118439,34976
S14000053,S92000003,Paisley and Renfrewshire South,,Scotland,Scotland,County,Labour,Lab,PP53,15,,Alison,Dowling,Female,No,No,,14423,0.345776,-0.040673,21942
S14000053,S92000003,Paisley and Renfrewshire South,,Scotland,Scotland,County,Scottish National Party,SNP,PP102,29,,Mhairi,Black,Female,Yes,Yes,4421,16964,0.406694,-0.102717,6055
E14000875,E12000002,Pendle,,North West,England,Borough,Green Party,Green,PP63,44,,Ian,Barnett,Male,No,No,,502,0.011192,-0.012274,18916
E14000875,E12000002,Pendle,,North West,England,Borough,British National Party,BNP,PP3960,67,,Brian,Parker,Male,No,No,,718,0.016007,,32394
E14000875,E12000002,Pendle,,North West,England,Borough,Liberal Democrat,LD,PP90,17,,Gordon,Lishman,Male,No,No,,941,0.020979,-0.012476,6022
E14000875,E12000002,Pendle,,North West,England,Borough,Labour,Lab,PP53,15,,Wayne,Blackburn,Male,No,No,,20707,0.461653,0.112369,33544
E14000875,E12000002,Pendle,,North West,England,Borough,Conservative,Con,PP52,4,,Andrew,Stephenson,Male,Yes,Yes,4044,21986,0.490168,0.018201,2871
E14000876,E12000003,Penistone and Stocksbridge,,Yorkshire and The Humber,England,County,Liberal Democrat,LD,PP90,17,,Penny,Baker,Female,No,No,,2042,0.041015,-0.022096,6369
E14000876,E12000003,Penistone and Stocksbridge,,Yorkshire and The Humber,England,County,UK Independence Party,UKIP,PP85,35,,John,Booker,Male,No,No,,3453,0.069355,-0.159825,6750
E14000876,E12000003,Penistone and Stocksbridge,,Yorkshire and The Humber,England,County,Conservative,Con,PP52,4,,Nicola,Wilson,Female,No,No,,21485,0.431538,0.154764,5591
E14000876,E12000003,Penistone and Stocksbridge,,Yorkshire and The Humber,England,County,Labour,Lab,PP53,15,,Angela,Smith,Female,Yes,Yes,1564,22807,0.458091,0.037829,2866
E14000877,E12000002,Penrith and The Border,,North West,England,County,Independent,Ind,,8,,Jonathan,Davies,Male,No,No,,412,0.008866,,34507
E14000877,E12000002,Penrith and The Border,,North West,England,County,Green Party,Green,PP63,44,,Douglas,Lawson,Male,No,No,,1029,0.022143,-0.030519,31138
E14000877,E12000002,Penrith and The Border,,North West,England,County,UK Independence Party,UKIP,PP85,35,,Kerryanne,Wilde,Female,No,No,,1142,0.024575,-0.097303,30457
E14000877,E12000002,Penrith and The Border,,North West,England,County,Liberal Democrat,LD,PP90,17,,Neil,Hughes,Male,No,No,,3641,0.078352,-0.006915,2301
E14000877,E12000002,Penrith and The Border,,North West,England,County,Labour,Lab,PP53,15,,Lola,McEvoy,Female,No,No,5037,12168,0.261846,0.118225,34359
E14000877,E12000002,Penrith and The Border,,North West,England,County,Conservative,Con,PP52,4,,Rory,Stewart,Male,Yes,Yes,4137,28078,0.604218,0.007647,2863
S14000054,S92000003,Perth and North Perthshire,,Scotland,Scotland,County,Liberal Democrat,LD,PP90,17,,Peter,Barrett,Male,No,No,,2589,0.050247,0.012259,2801
S14000054,S92000003,Perth and North Perthshire,,Scotland,Scotland,County,Labour,Lab,PP53,15,,David,Roemmele,Male,No,No,,5349,0.103814,0.022393,34280
S14000054,S92000003,Perth and North Perthshire,,Scotland,Scotland,County,Conservative,Con,PP52,4,,Ian,Duncan,Male,No,No,,21783,0.422766,0.095496,34162
S14000054,S92000003,Perth and North Perthshire,,Scotland,Scotland,County,Scottish National Party,SNP,PP102,29,,Pete,Wishart,Male,Yes,Yes,1440,21804,0.423173,-0.081974,2419
E14000878,E12000006,Peterborough,,East of England,England,Borough,Green Party,Green,PP63,44,,Fiona,Radic,Female,No,No,,848,0.017764,-0.008110,1789
E14000878,E12000006,Peterborough,,East of England,England,Borough,Liberal Democrat,LD,PP90,17,,Beki,Sellick,Female,No,No,,1597,0.033453,-0.004231,19344
E14000878,E12000006,Peterborough,,East of England,England,Borough,Conservative,Con,PP52,4,,Stewart,Jackson,Male,Yes,Yes,1551,22343,0.468034,0.071135,3160
E14000878,E12000006,Peterborough,,East of England,England,Borough,Labour,Lab,PP53,15,,Fiona,Onasanya,Female,No,No,4629,22950,0.480749,0.124743,34345
E14000879,E12000009,"Plymouth, Moor View",,South West,England,Borough,Green Party,Green,PP63,44,,Joshua,Pope,Male,No,No,,536,0.011802,-0.012209,17578
E14000879,E12000009,"Plymouth, Moor View",,South West,England,Borough,Liberal Democrat,LD,PP90,17,,Graham,Reed,Male,No,No,,917,0.020191,-0.009500,6407
E14000879,E12000009,"Plymouth, Moor View",,South West,England,Borough,UK Independence Party,UKIP,PP85,35,,Wendy,Noble,Female,No,No,,1849,0.040712,-0.174094,35108
E14000879,E12000009,"Plymouth, Moor View",,South West,England,Borough,Labour,Lab,PP53,15,,Sue,Dann,Female,No,No,,18548,0.408393,0.056471,34308
E14000879,E12000009,"Plymouth, Moor View",,South West,England,Borough,Conservative,Con,PP52,4,,Johnny,Mercer,Male,Yes,Yes,4485,23567,0.518903,0.142899,4223
E14000880,E12000009,"Plymouth, Sutton and Devonport",,South West,England,Borough,Independent,Ind,,8,,Danny,Bamping,Male,No,No,,237,0.004628,,34642
E14000880,E12000009,"Plymouth, Sutton and Devonport",,South West,England,Borough,Green Party,Green,PP63,44,,Daniel,Sheaff,Male,No,No,,604,0.011795,-0.059114,17694
E14000880,E12000009,"Plymouth, Sutton and Devonport",,South West,England,Borough,Liberal Democrat,LD,PP90,17,,Henrietta,Bewley,Female,No,No,,1244,0.024293,-0.017573,34619
E14000880,E12000009,"Plymouth, Sutton and Devonport",,South West,England,Borough,UK Independence Party,UKIP,PP85,35,,Richard,Ellison,Male,No,No,,1364,0.026636,-0.113701,35109
E14000880,E12000009,"Plymouth, Sutton and Devonport",,South West,England,Borough,Conservative,Con,PP52,4,,Oliver,Colvile,Male,Yes,Yes,4022,20476,0.399859,0.022068,1931
E14000880,E12000009,"Plymouth, Sutton and Devonport",,South West,England,Borough,Labour and Co-operative,Lab,PP53,15,PP119,Luke,Pollard,Male,No,No,4682,27283,0.532788,0.165901,3562
W07000075,W92000004,Pontypridd,,Wales,Wales,County,UK Independence Party,UKIP,PP85,35,,Robin,Hunter-Clarke,Male,No,No,,1071,0.026846,-0.107386,4710
W07000075,W92000004,Pontypridd,,Wales,Wales,County,Liberal Democrat,LD,PP90,17,,Michael,Powell,Male,No,No,,1963,0.049205,-0.080249,2437
W07000075,W92000004,Pontypridd,,Wales,Wales,County,Plaid Cymru,PC,PP77,22,,Fflur,Elin,Female,No,No,,4102,0.102822,-0.011955,34427
W07000075,W92000004,Pontypridd,,Wales,Wales,County,Conservative,Con,PP52,4,,Juliette,Ash,Female,No,No,,10655,0.267083,0.093676,3645
W07000075,W92000004,Pontypridd,,Wales,Wales,County,Labour,Lab,PP53,15,,Owen,Smith,Male,Yes,Yes,4042,22103,0.554043,0.143452,2720
E14000881,E12000009,Poole,,South West,England,Borough,Demos Direct Initiative Party,DDI,PP6318,278,,Marty,Caine,Male,No,No,,551,0.011053,,35042
E14000881,E12000009,Poole,,South West,England,Borough,Green Party,Green,PP63,44,,Adrian,Oliver,Male,No,No,,1299,0.026058,-0.020320,5981
E14000881,E12000009,Poole,,South West,England,Borough,Liberal Democrat,LD,PP90,17,,Mike,Plummer,Male,No,No,,4433,0.088927,-0.028643,1753
E14000881,E12000009,Poole,,South West,England,Borough,Labour,Lab,PP53,15,,Katie,Taylor,Female,No,No,,14679,0.294463,0.165710,34420
E14000881,E12000009,Poole,,South West,England,Borough,Conservative,Con,PP52,4,,Robert,Syms,Male,Yes,Yes,245,28888,0.579498,0.078475,193
E14000882,E12000007,Poplar and Limehouse,,London,England,Borough,Independent,Ind,,8,,David,Barker,Male,No,No,,136,0.002312,,34755
E14000882,E12000007,Poplar and Limehouse,,London,England,Borough,UK Independence Party,UKIP,PP85,35,,Nicholas,McQueen,Male,No,No,,849,0.014435,-0.046845,6742
E14000882,E12000007,Poplar and Limehouse,,London,England,Borough,Green Party,Green,PP63,44,,Bethan,Lant,Female,No,No,,989,0.016816,-0.031437,34130
E14000882,E12000007,Poplar and Limehouse,,London,England,Borough,Independent,Ind,,8,,Oliur,Rahman,Male,No,No,,1477,0.025113,,34756
E14000882,E12000007,Poplar and Limehouse,,London,England,Borough,Liberal Democrat,LD,PP90,17,,Elaine,Bagshaw,Female,No,No,,3959,0.067314,0.025213,6097
E14000882,E12000007,Poplar and Limehouse,,London,England,Borough,Conservative,Con,PP52,4,,Christopher,Wilford,Male,No,No,,11846,0.201415,-0.052523,4828
E14000882,E12000007,Poplar and Limehouse,,London,England,Borough,Labour,Lab,PP53,15,,Jim,Fitzpatrick,Male,Yes,Yes,197,39558,0.672595,0.087100,2884
E14000883,E12000008,Portsmouth North,,South East,England,Borough,Libertarian Party,LPUK,PP684,1003,,Joe,Jenkins,Male,No,No,,130,0.002754,,948
E14000883,E12000008,Portsmouth North,,South East,England,Borough,Green Party,Green,PP63,44,,Ken,Hawkins,Male,No,No,,791,0.016755,-0.015190,17805
E14000883,E12000008,Portsmouth North,,South East,England,Borough,UK Independence Party,UKIP,PP85,35,,Mike,Fitzgerald,Male,No,No,,1926,0.040796,-0.149994,607
E14000883,E12000008,Portsmouth North,,South East,England,Borough,Liberal Democrat,LD,PP90,17,,Darren,Sanders,Male,No,No,,2608,0.055243,-0.007062,1689
E14000883,E12000008,Portsmouth North,,South East,England,Borough,Labour,Lab,PP53,15,,Rumal,Khan,Male,No,No,,15895,0.336687,0.098617,17752
E14000883,E12000008,Portsmouth North,,South East,England,Borough,Conservative,Con,PP52,4,,Penny,Mordaunt,Female,Yes,Yes,4017,25860,0.547765,0.077552,1692
E14000884,E12000008,Portsmouth South,,South East,England,Borough,Green Party,Green,PP63,44,,Ian,McCulloch,Male,No,No,,712,0.015976,-0.059078,4643
E14000884,E12000008,Portsmouth South,,South East,England,Borough,UK Independence Party,UKIP,PP85,35,,Kevan,Chippindall-Higgin,Male,No,No,,1129,0.025333,-0.108189,17720
E14000884,E12000008,Portsmouth South,,South East,England,Borough,Liberal Democrat,LD,PP90,17,,Robert,Vernon-Jackson,Male,No,No,,7699,0.172755,-0.050236,4522
E14000884,E12000008,Portsmouth South,,South East,England,Borough,Conservative,Con,PP52,4,,Flick,Drummond,Female,Yes,Yes,4459,16736,0.375533,0.027467,1730
E14000884,E12000008,Portsmouth South,,South East,England,Borough,Labour,Lab,PP53,15,,Stephen,Morgan,Male,No,No,4653,18290,0.410403,0.215094,17736
W07000065,W92000004,Preseli Pembrokeshire,,Wales,Wales,County,The New Society of Worth,NSOW,PP2714,240,,Rodney,Maile,Male,No,No,,31,0.000735,0.000168,7327
W07000065,W92000004,Preseli Pembrokeshire,,Wales,Wales,County,UK Independence Party,UKIP,PP85,35,,Susan,Bale,Female,No,No,,850,0.020144,-0.084822,34925
W07000065,W92000004,Preseli Pembrokeshire,,Wales,Wales,County,Liberal Democrat,LD,PP90,17,,Bob,Kilmister,Male,No,No,,1106,0.026210,0.006978,9312
W07000065,W92000004,Preseli Pembrokeshire,,Wales,Wales,County,Independent Save Withybush Save Lives,ISWSL,PP2648,241,,Chris,Overton,Male,No,No,,1209,0.028651,-0.063296,6623
W07000065,W92000004,Preseli Pembrokeshire,,Wales,Wales,County,Plaid Cymru,PC,PP77,22,,Owain Llyr,Williams,Male,No,No,,2711,0.064246,0.002159,32621
W07000065,W92000004,Preseli Pembrokeshire,,Wales,Wales,County,Labour,Lab,PP53,15,,Philippa,Thompson,Female,No,No,,17988,0.426286,0.144848,34231
W07000065,W92000004,Preseli Pembrokeshire,,Wales,Wales,County,Conservative,Con,PP52,4,,Stephen,Crabb,Male,Yes,Yes,1554,18302,0.433728,0.029768,425
E14000885,E12000002,Preston,,North West,England,Borough,Green Party,Green,PP63,44,,Anne,Power,Female,No,No,,348,0.009776,-0.039314,6823
E14000885,E12000002,Preston,,North West,England,Borough,Liberal Democrat,LD,PP90,17,,Neil,Darby,Male,No,No,,1204,0.033823,-0.003346,34595
E14000885,E12000002,Preston,,North West,England,Borough,UK Independence Party,UKIP,PP85,35,,Simon,Platt,Male,No,No,,1348,0.037868,-0.115677,32183
E14000885,E12000002,Preston,,North West,England,Borough,Conservative,Con,PP52,4,,Kevin,Beaty,Male,No,No,,8487,0.238419,0.038592,35093
E14000885,E12000002,Preston,,North West,England,Borough,Labour and Co-operative,Lab,PP53,15,PP119,Mark,Hendrick,Male,Yes,Yes,473,24210,0.680113,0.119744,3878
E14000886,E12000003,Pudsey,,Yorkshire and The Humber,England,Borough,Independent,Ind,,8,,Michael,Wharton,Male,No,No,,291,0.005393,,34502
E14000886,E12000003,Pudsey,,Yorkshire and The Humber,England,Borough,The Yorkshire Party,Yrks,PP2055,262,,Bob,Buxton,Male,No,No,,1138,0.021090,,5691
E14000886,E12000003,Pudsey,,Yorkshire and The Humber,England,Borough,Liberal Democrat,LD,PP90,17,,Allen,Nixon,Male,No,No,,1761,0.032636,-0.005183,34734
E14000886,E12000003,Pudsey,,Yorkshire and The Humber,England,Borough,Labour and Co-operative,Lab,PP53,15,PP119,Ian,McCargo,Male,No,No,,25219,0.467373,0.091620,16483
E14000886,E12000003,Pudsey,,Yorkshire and The Humber,England,Borough,Conservative,Con,PP52,4,,Stuart,Andrew,Male,Yes,Yes,4032,25550,0.473508,0.009373,1985
E14000887,E12000007,Putney,,London,England,Borough,Independent,Ind,,8,,Lotta,Quizeen,Female,No,No,,58,0.001237,,34842
E14000887,E12000007,Putney,,London,England,Borough,UK Independence Party,UKIP,PP85,35,,Patricia,Ward,Female,No,No,,477,0.010172,-0.036286,5383
E14000887,E12000007,Putney,,London,England,Borough,Green Party,Green,PP63,44,,Ben,Fletcher,Male,No,No,,1107,0.023606,-0.024673,31847
E14000887,E12000007,Putney,,London,England,Borough,Liberal Democrat,LD,PP90,17,,Ryan,Mercer,Male,No,No,,5448,0.116177,0.052715,34219
E14000887,E12000007,Putney,,London,England,Borough,Labour,Lab,PP53,15,,Neeraj,Patil,Male,No,No,,19125,0.407835,0.107972,34389
E14000887,E12000007,Putney,,London,England,Borough,Conservative,Con,PP52,4,,Justine,Greening,Female,Yes,Yes,1555,20679,0.440973,-0.096667,4021
E14000888,E12000006,Rayleigh and Wickford,,East of England,England,County,Green Party,Green,PP63,44,,Paul,Hill,Male,No,No,,1062,0.019196,-0.009533,8955
E14000888,E12000006,Rayleigh and Wickford,,East of England,England,County,Liberal Democrat,LD,PP90,17,,Ron,Tindall,Male,No,No,,1557,0.028144,-0.002333,20335
E14000888,E12000006,Rayleigh and Wickford,,East of England,England,County,UK Independence Party,UKIP,PP85,35,,Peter,Smith,Male,No,No,,2326,0.042044,-0.180767,34869
E14000888,E12000006,Rayleigh and Wickford,,East of England,England,County,Labour,Lab,PP53,15,,Mark,Daniels,Male,No,No,,13464,0.243371,0.117384,9848
E14000888,E12000006,Rayleigh and Wickford,,East of England,England,County,Conservative,Con,PP52,4,,Mark,Francois,Male,Yes,Yes,1444,36914,0.667245,0.120684,449
E14000889,E12000008,Reading East,,South East,England,Borough,Movement for Active Democracy (M.A.D.),M.A.D.,PP481,96,,Andy,Kirkwood,Male,No,No,,142,0.002571,,7368
E14000889,E12000008,Reading East,,South East,England,Borough,Independent,Ind,,8,,Michael,Turberville,Male,No,No,,188,0.003403,,292
E14000889,E12000008,Reading East,,South East,England,Borough,Green Party,Green,PP63,44,,Kizzi,Johannessen,Female,No,No,,1093,0.019787,-0.043864,18144
E14000889,E12000008,Reading East,,South East,England,Borough,Liberal Democrat,LD,PP90,17,,Jenny,Woods,Female,No,No,,3378,0.061154,-0.012499,4523
E14000889,E12000008,Reading East,,South East,England,Borough,Conservative,Con,PP52,4,,Rob,Wilson,Male,Yes,Yes,1556,23344,0.422608,-0.037190,1040
E14000889,E12000008,Reading East,,South East,England,Borough,Labour,Lab,PP53,15,,Matt,Rodda,Male,No,No,4654,27093,0.490478,0.159805,710
E14000890,E12000008,Reading West,,South East,England,County,Green Party,Green,PP63,44,,Jamie,Whitham,Male,No,No,,979,0.018912,-0.010135,35119
E14000890,E12000008,Reading West,,South East,England,County,Liberal Democrat,LD,PP90,17,,Meri,O'Connell,Female,No,No,,3041,0.058745,0.010092,4524
E14000890,E12000008,Reading West,,South East,England,County,Labour,Lab,PP53,15,,Olivia,Bailey,Female,No,No,5337,22435,0.433393,0.093916,34396
E14000890,E12000008,Reading West,,South East,England,County,Conservative,Con,PP52,4,,Alok,Sharma,Male,Yes,Yes,4014,25311,0.488950,0.012089,3636
E14000891,E12000001,Redcar,,North East,England,Borough,UK Independence Party,UKIP,PP85,35,,Chris,Gallacher,Male,No,No,,1950,0.045818,-0.137862,4570
E14000891,E12000001,Redcar,,North East,England,Borough,Liberal Democrat,LD,PP90,17,,Josh,Mason,Male,No,No,,2849,0.066941,-0.117766,4525
E14000891,E12000001,Redcar,,North East,England,Borough,Conservative,Con,PP52,4,,Peter,Gibson,Male,No,No,4754,14138,0.332190,0.170162,34517
E14000891,E12000001,Redcar,,North East,England,Borough,Labour and Co-operative,Lab,PP53,15,PP119,Anna,Turley,Female,Yes,Yes,4449,23623,0.555052,0.116478,4408
E14000892,E12000005,Redditch,,West Midlands,England,County,Independent,Ind,,8,,Sally,Woodhall,Female,No,No,,99,0.002190,,32802
E14000892,E12000005,Redditch,,West Midlands,England,County,Green Party,Green,PP63,44,,Kevin,White,Male,No,No,,380,0.008407,-0.013363,1346
E14000892,E12000005,Redditch,,West Midlands,England,County,Liberal Democrat,LD,PP90,17,,Susan,Juned,Female,No,No,,1173,0.025950,-0.004641,30415
E14000892,E12000005,Redditch,,West Midlands,England,County,UK Independence Party,UKIP,PP85,35,,Paul,Swansborough,Male,No,No,,1371,0.030330,-0.131424,4058
E14000892,E12000005,Redditch,,West Midlands,England,County,National Health Action Party,NHAP,PP1931,201,,Neal,Stote,Male,No,No,,2239,0.049532,,34650
E14000892,E12000005,Redditch,,West Midlands,England,County,Labour,Lab,PP53,15,,Rebecca,Blake,Female,No,No,,16289,0.360352,0.049295,4409
E14000892,E12000005,Redditch,,West Midlands,England,County,Conservative,Con,PP52,4,,Rachel,Maclean,Female,No,No,4668,23652,0.523240,0.052221,4161
E14000893,E12000008,Reigate,,South East,England,Borough,UK Independence Party,UKIP,PP85,35,,Joseph,Fox,Male,No,No,,1542,0.028649,-0.104109,40178
E14000893,E12000008,Reigate,,South East,England,Borough,Green Party,Green,PP63,44,,Jonathan,Essex,Male,No,No,,2214,0.041135,-0.025741,439
E14000893,E12000008,Reigate,,South East,England,Borough,Liberal Democrat,LD,PP90,17,,Anna,Tarrant,Female,No,No,,5889,0.109414,0.004855,6028
E14000893,E12000008,Reigate,,South East,England,Borough,Labour,Lab,PP53,15,,Toby,Brampton,Male,No,No,,13282,0.246772,0.118668,14148
E14000893,E12000008,Reigate,,South East,England,Borough,Conservative,Con,PP52,4,,Crispin,Blunt,Male,Yes,Yes,104,30896,0.574030,0.006326,1641
W07000052,W92000004,Rhondda,,Wales,Wales,County,Liberal Democrat,LD,PP90,17,,Karen,Roberts,Female,No,No,,277,0.008410,-0.006619,7533
W07000052,W92000004,Rhondda,,Wales,Wales,County,UK Independence Party,UKIP,PP85,35,,Janet,Kenrick,Female,No,No,,880,0.026718,-0.100049,33686
W07000052,W92000004,Rhondda,,Wales,Wales,County,Conservative,Con,PP52,4,,Virginia,Crosbie,Female,No,No,4859,3333,0.101196,0.034103,34587
W07000052,W92000004,Rhondda,,Wales,Wales,County,Plaid Cymru,PC,PP77,22,,Branwen,Cennard,Female,No,No,,7350,0.223160,-0.047022,34287
W07000052,W92000004,Rhondda,,Wales,Wales,County,Labour,Lab,PP53,15,,Chris,Bryant,Male,Yes,Yes,1446,21096,0.640515,0.133951,3079
E14000894,E12000002,Ribble Valley,,North West,England,County,Green Party,Green,PP63,44,,Graham,Sowter,Male,No,No,,1314,0.023804,-0.018173,6244
E14000894,E12000002,Ribble Valley,,North West,England,County,Liberal Democrat,LD,PP90,17,,Allan,Knox,Male,No,No,,3247,0.058822,0.006069,497
E14000894,E12000002,Ribble Valley,,North West,England,County,Labour,Lab,PP53,15,,David,Hinder,Male,No,No,,18720,0.339130,0.113301,5015
E14000894,E12000002,Ribble Valley,,North West,England,County,Conservative,Con,PP52,4,,Nigel,Evans,Male,Yes,Yes,474,31919,0.578243,0.091977,499
E14000895,E12000003,Richmond (Yorks),,Yorkshire and The Humber,England,County,Green Party,Green,PP63,44,,Fiona,Yorke,Female,No,No,,1739,0.030502,-0.012332,30559
E14000895,E12000003,Richmond (Yorks),,Yorkshire and The Humber,England,County,The Yorkshire Party,Yrks,PP2055,262,,Chris,Pearson,Male,No,No,,2106,0.036939,,30551
E14000895,E12000003,Richmond (Yorks),,Yorkshire and The Humber,England,County,Liberal Democrat,LD,PP90,17,,Tobie,Abel,Male,No,No,,3360,0.058934,-0.005234,34358
E14000895,E12000003,Richmond (Yorks),,Yorkshire and The Humber,England,County,Labour,Lab,PP53,15,,Dan,Perry,Male,No,No,,13350,0.234157,0.102229,34424
E14000895,E12000003,Richmond (Yorks),,Yorkshire and The Humber,England,County,Conservative,Con,PP52,4,,Rishi,Sunak,Male,Yes,Yes,4483,36458,0.639468,0.125681,5371
E14000896,E12000007,Richmond Park,,London,England,Borough,UK Independence Party,UKIP,PP85,35,,Peter,Jewell,Male,No,No,,426,0.006727,-0.034965,5899
E14000896,E12000007,Richmond Park,,London,England,Borough,Labour,Lab,PP53,15,,Cate,Tuitt,Female,No,No,,5773,0.091157,-0.032292,34390
E14000896,E12000007,Richmond Park,,London,England,Borough,Liberal Democrat,LD,PP90,17,,Sarah,Olney,Female,Yes,Yes,4591,28543,0.450703,0.257999,34333
E14000896,E12000007,Richmond Park,,London,England,Borough,Conservative,Con,PP52,4,,Zac,Goldsmith,Male,No,Yes,4062,28588,0.451413,-0.130709,502
E14000897,E12000002,Rochdale,,North West,England,County,Greater Manchester Homeless Voice,GMHV,PP6409,281,,Andy,Littlewood,Male,No,No,,242,0.004836,,12505
E14000897,E12000002,Rochdale,,North West,England,County,Independent,Ind,,8,,Simon,Danczuk,Male,Yes,Yes,4059,883,0.017644,,500
E14000897,E12000002,Rochdale,,North West,England,County,UK Independence Party,UKIP,PP85,35,,Christopher,Baksa,Male,No,No,,1641,0.032791,-0.154728,8592
E14000897,E12000002,Rochdale,,North West,England,County,Liberal Democrat,LD,PP90,17,,Andy,Kelly,Male,No,No,,4027,0.080469,-0.022260,4896
E14000897,E12000002,Rochdale,,North West,England,County,Conservative,Con,PP52,4,,Jane,Howard,Female,No,No,,14216,0.284070,0.113654,12481
E14000897,E12000002,Rochdale,,North West,England,County,Labour,Lab,PP53,15,,Tony,Lloyd,Male,No,Yes,450,29035,0.580189,0.118798,1852
E14000898,E12000008,Rochester and Strood,,South East,England,County,Independent,Ind,,8,,Primerose,Chiguri,Female,No,No,,129,0.002399,,35049
E14000898,E12000008,Rochester and Strood,,South East,England,County,Christian Peoples Alliance,CPA,PP79,80,,Steve,Benson,Male,No,No,,163,0.003031,,35048
E14000898,E12000008,Rochester and Strood,,South East,England,County,Green Party,Green,PP63,44,,Sonia,Hyner,Female,No,No,,781,0.014525,-0.014342,34370
E14000898,E12000008,Rochester and Strood,,South East,England,County,Liberal Democrat,LD,PP90,17,,Bart,Ricketts,Male,No,No,,1189,0.022113,-0.001708,6542
E14000898,E12000008,Rochester and Strood,,South East,England,County,UK Independence Party,UKIP,PP85,35,,David,Allen,Male,No,No,,2893,0.053804,-0.251036,28570
E14000898,E12000008,Rochester and Strood,,South East,England,County,Labour,Lab,PP53,15,,Teresa,Murray,Female,No,No,,19382,0.360468,0.162509,791
E14000898,E12000008,Rochester and Strood,,South East,England,County,Conservative,Con,PP52,4,,Kelly,Tolhurst,Female,Yes,Yes,4487,29232,0.543659,0.102993,4224
E14000899,E12000006,Rochford and Southend East,,East of England,England,County,Green Party,Green,PP63,44,,Simon,Cross,Male,No,No,,804,0.017017,-0.033318,4663
E14000899,E12000006,Rochford and Southend East,,East of England,England,County,Liberal Democrat,LD,PP90,17,,Peter,Gwizdala,Male,No,No,,1265,0.026774,-0.006684,7038
E14000899,E12000006,Rochford and Southend East,,East of England,England,County,UK Independence Party,UKIP,PP85,35,,Neil,Hookway,Male,No,No,,1777,0.037610,-0.167582,9801
E14000899,E12000006,Rochford and Southend East,,East of England,England,County,Independent,Ind,,8,,Ron,Woodley,Male,No,No,,2924,0.061886,,34870
E14000899,E12000006,Rochford and Southend East,,East of England,England,County,Labour,Lab,PP53,15,,Ashley,Dalton,Female,No,No,4981,17465,0.369645,0.122787,34346
E14000899,E12000006,Rochford and Southend East,,East of England,England,County,Conservative,Con,PP52,4,,James,Duddridge,Male,Yes,Yes,1559,23013,0.487068,0.022910,787
E14000900,E12000007,Romford,,London,England,Borough,Green Party,Green,PP63,44,,David,Hughes,Male,No,No,,815,0.016318,-0.008530,34736
E14000900,E12000007,Romford,,London,England,Borough,Liberal Democrat,LD,PP90,17,,Ian,Sanderson,Male,No,No,,1215,0.024327,-0.004405,6588
E14000900,E12000007,Romford,,London,England,Borough,UK Independence Party,UKIP,PP85,35,,Andrew,Beadle,Male,No,No,,2350,0.047053,-0.180854,6967
E14000900,E12000007,Romford,,London,England,Borough,Labour,Lab,PP53,15,,Angelina,Leatherbarrow,Female,No,No,,15893,0.318216,0.109424,34391
E14000900,E12000007,Romford,,London,England,Borough,Conservative,Con,PP52,4,,Andrew,Rosindell,Male,Yes,Yes,1447,29671,0.594085,0.084366,784
E14000901,E12000008,Romsey and Southampton North,,South East,England,County,The Justice & Anti-Corruption Party,JACP,PP865,105,,Don,Jerrard,Male,No,No,,271,0.005406,,5893
E14000901,E12000008,Romsey and Southampton North,,South East,England,County,Green Party,Green,PP63,44,,Ian,Callaghan,Male,No,No,,953,0.019011,-0.028098,6455
E14000901,E12000008,Romsey and Southampton North,,South East,England,County,Labour,Lab,PP53,15,,Darren,Paffey,Male,No,No,5270,9614,0.191789,0.073003,4414
E14000901,E12000008,Romsey and Southampton North,,South East,England,County,Liberal Democrat,LD,PP90,17,,Catherine,Royce,Female,No,No,,10622,0.211898,0.034762,31124
E14000901,E12000008,Romsey and Southampton North,,South East,England,County,Conservative,Con,PP52,4,,Caroline,Nokes,Female,Yes,Yes,4048,28668,0.571896,0.028795,1123
S14000055,S92000003,"Ross, Skye and Lochaber",,Scotland,Scotland,County,Something New,SN,PP2486,235,,Stick,Sturrock,Male,No,No,,177,0.004603,,34492
S14000055,S92000003,"Ross, Skye and Lochaber",,Scotland,Scotland,County,Independent,Ind,,8,,Ronnie,Campbell,Male,No,No,,499,0.012977,,8510
S14000055,S92000003,"Ross, Skye and Lochaber",,Scotland,Scotland,County,Labour,Lab,PP53,15,,Peter,O Donnghaile,Male,No,No,,4695,0.122094,0.073231,22647
S14000055,S92000003,"Ross, Skye and Lochaber",,Scotland,Scotland,County,Liberal Democrat,LD,PP90,17,,Jean,Davis,Female,No,No,,8042,0.209133,-0.149505,1350
S14000055,S92000003,"Ross, Skye and Lochaber",,Scotland,Scotland,County,Conservative,Con,PP52,4,,Robert,Mackenzie,Male,No,No,,9561,0.248635,0.186498,34724
S14000055,S92000003,"Ross, Skye and Lochaber",,Scotland,Scotland,County,Scottish National Party,SNP,PP102,29,,Ian,Blackford,Male,Yes,Yes,4390,15480,0.402559,-0.078630,5485
E14000902,E12000002,Rossendale and Darwen,,North West,England,Borough,Green Party,Green,PP63,44,,John,Payne,Male,No,No,,824,0.016429,-0.004908,18319
E14000902,E12000002,Rossendale and Darwen,,North West,England,Borough,Liberal Democrat,LD,PP90,17,,Sean,Bonner,Male,No,No,,1550,0.030904,0.014463,34654
E14000902,E12000002,Rossendale and Darwen,,North West,England,Borough,Labour,Lab,PP53,15,,Alyson,Barnes,Female,No,No,,22283,0.444274,0.093568,33182
E14000902,E12000002,Rossendale and Darwen,,North West,England,Borough,Conservative,Con,PP52,4,,Jake,Berry,Male,Yes,Yes,4060,25499,0.508394,0.042357,4079
E14000903,E12000003,Rother Valley,,Yorkshire and The Humber,England,County,Green Party,Green,PP63,44,,Paul,Martin,Male,No,No,,869,0.017560,,18598
E14000903,E12000003,Rother Valley,,Yorkshire and The Humber,England,County,Liberal Democrat,LD,PP90,17,,Katie,Pruszynski,Female,No,No,,1155,0.023339,-0.019027,34140
E14000903,E12000003,Rother Valley,,Yorkshire and The Humber,England,County,UK Independence Party,UKIP,PP85,35,,Lee,Hunter,Male,No,No,,3704,0.074846,-0.205976,6739
E14000903,E12000003,Rother Valley,,Yorkshire and The Humber,England,County,Conservative,Con,PP52,4,,Bethan,Eddy,Female,No,No,,19939,0.402906,0.170128,13864
E14000903,E12000003,Rother Valley,,Yorkshire and The Humber,England,County,Labour,Lab,PP53,15,,Kevin,Barron,Male,Yes,Yes,392,23821,0.481349,0.045334,3080
E14000904,E12000003,Rotherham,,Yorkshire and The Humber,England,Borough,The Yorkshire Party,Yrks,PP2055,262,,Mick,Bower,Male,No,No,,1432,0.037761,,18534
E14000904,E12000003,Rotherham,,Yorkshire and The Humber,England,Borough,Liberal Democrat,LD,PP90,17,,Adam,Carter,Male,No,No,,1754,0.046252,0.017354,18365
E14000904,E12000003,Rotherham,,Yorkshire and The Humber,England,Borough,UK Independence Party,UKIP,PP85,35,,Allen,Cowles,Male,No,No,,3316,0.087440,-0.214334,5201
E14000904,E12000003,Rotherham,,Yorkshire and The Humber,England,Borough,Conservative,Con,PP52,4,,James,Bellis,Male,No,No,,10017,0.264140,0.141041,4558
E14000904,E12000003,Rotherham,,Yorkshire and The Humber,England,Borough,Labour,Lab,PP53,15,,Sarah,Champion,Female,Yes,Yes,4267,21404,0.564407,0.039329,5542
E14000905,E12000005,Rugby,,West Midlands,England,County,Green Party,Green,PP63,44,,Graham,Bliss,Male,No,No,,953,0.018564,-0.010310,14115
E14000905,E12000005,Rugby,,West Midlands,England,County,Liberal Democrat,LD,PP90,17,,Jerry,Roodhouse,Male,No,No,,2851,0.055536,-0.001110,201
E14000905,E12000005,Rugby,,West Midlands,England,County,Labour,Lab,PP53,15,,Claire,Edwards,Female,No,No,,19660,0.382967,0.103512,4416
E14000905,E12000005,Rugby,,West Midlands,England,County,Conservative,Con,PP52,4,,Mark,Pawsey,Male,Yes,Yes,4052,27872,0.542933,0.052381,202
E14000906,E12000007,"Ruislip, Northwood and Pinner",,London,England,Borough,UK Independence Party,UKIP,PP85,35,,Richard,Braine,Male,No,No,,1171,0.021936,-0.087353,19516
E14000906,E12000007,"Ruislip, Northwood and Pinner",,London,England,Borough,Green Party,Green,PP63,44,,Sarah,Green,Female,No,No,,1268,0.023753,-0.011407,34505
E14000906,E12000007,"Ruislip, Northwood and Pinner",,London,England,Borough,Liberal Democrat,LD,PP90,17,,Alex,Cunliffe,Male,No,No,,3813,0.071429,0.021899,34483
E14000906,E12000007,"Ruislip, Northwood and Pinner",,London,England,Borough,Labour,Lab,PP53,15,,Rebecca,Lury,Female,No,No,,16575,0.310498,0.109471,34315
E14000906,E12000007,"Ruislip, Northwood and Pinner",,London,England,Borough,Conservative,Con,PP52,4,,Nick,Hurd,Male,Yes,Yes,1561,30555,0.572384,-0.023473,82
E14000907,E12000008,Runnymede and Weybridge,,South East,England,County,Green Party,Green,PP63,44,,Lee-Anne,Lawrance,Non-binary,No,No,,1347,0.026100,-0.015277,11691
E14000907,E12000008,Runnymede and Weybridge,,South East,England,County,UK Independence Party,UKIP,PP85,35,,Nicholas,Wood,Male,No,No,,1675,0.032456,-0.106420,5243
E14000907,E12000008,Runnymede and Weybridge,,South East,England,County,Liberal Democrat,LD,PP90,17,,John,Vincent,Male,No,No,,3765,0.072952,0.005782,3559
E14000907,E12000008,Runnymede and Weybridge,,South East,England,County,Labour,Lab,PP53,15,,Fiona,Dent,Female,No,No,,13386,0.259373,0.104195,4468
E14000907,E12000008,Runnymede and Weybridge,,South East,England,County,Conservative,Con,PP52,4,,Philip,Hammond,Male,Yes,Yes,105,31436,0.609119,0.011720,3734
E14000908,E12000004,Rushcliffe,,East Midlands,England,County,UK Independence Party,UKIP,PP85,35,,Matthew,Faithfull,Male,No,No,,1490,0.025553,-0.082181,1973
E14000908,E12000004,Rushcliffe,,East Midlands,England,County,Green Party,Green,PP63,44,,Richard,Mallender,Male,No,No,,1626,0.027885,-0.036632,1924
E14000908,E12000004,Rushcliffe,,East Midlands,England,County,Liberal Democrat,LD,PP90,17,,Jayne,Phoenix,Female,No,No,,2759,0.047315,-0.003134,30801
E14000908,E12000004,Rushcliffe,,East Midlands,England,County,Labour,Lab,PP53,15,,David,Mellen,Male,No,No,,22213,0.380940,0.117634,4417
E14000908,E12000004,Rushcliffe,,East Midlands,England,County,Conservative,Con,PP52,4,,Kenneth,Clarke,Male,Yes,Yes,366,30223,0.518307,0.004312,3609
S14000056,S92000003,Rutherglen and Hamilton West,,Scotland,Scotland,Burgh,Independent,Ind,,8,,Andy,Dixon,Male,No,No,,371,0.007293,,35084
S14000056,S92000003,Rutherglen and Hamilton West,,Scotland,Scotland,Burgh,UK Independence Party,UKIP,PP85,35,,Caroline,Santos,Female,No,No,,465,0.009141,-0.013440,4851
S14000056,S92000003,Rutherglen and Hamilton West,,Scotland,Scotland,Burgh,Liberal Democrat,LD,PP90,17,,Robert,Brown,Male,No,No,,2158,0.042420,0.024283,8365
S14000056,S92000003,Rutherglen and Hamilton West,,Scotland,Scotland,Burgh,Conservative,Con,PP52,4,,Ann,Le Blond,Female,No,No,,9941,0.195412,0.119911,9210
S14000056,S92000003,Rutherglen and Hamilton West,,Scotland,Scotland,Burgh,Scottish National Party,SNP,PP102,29,,Margaret,Ferrier,Female,Yes,Yes,4386,18836,0.370263,-0.155278,5918
S14000056,S92000003,Rutherglen and Hamilton West,,Scotland,Scotland,Burgh,Labour and Co-operative,Lab,PP53,15,PP119,Gerard,Killen,Male,No,No,4672,19101,0.375472,0.023064,22760
E14000909,E12000004,Rutland and Melton,,East Midlands,England,County,Green Party,Green,PP63,44,,Alastair,McQuillan,Male,No,No,,1755,0.030485,-0.012095,7071
E14000909,E12000004,Rutland and Melton,,East Midlands,England,County,UK Independence Party,UKIP,PP85,35,,John,Scutter,Male,No,No,,1869,0.032465,-0.126464,23466
E14000909,E12000004,Rutland and Melton,,East Midlands,England,County,Liberal Democrat,LD,PP90,17,,Ed,Reynolds,Male,No,No,,4711,0.081832,0.001122,4769
E14000909,E12000004,Rutland and Melton,,East Midlands,England,County,Labour,Lab,PP53,15,,Heather,Peto,Female,No,No,,13065,0.226945,0.073419,34426
E14000909,E12000004,Rutland and Melton,,East Midlands,England,County,Conservative,Con,PP52,4,,Alan,Duncan,Male,Yes,Yes,343,36169,0.628272,0.071838,212
E14000910,E12000006,Saffron Walden,,East of England,England,County,UK Independence Party,UKIP,PP85,35,,Lorna,Howe,Female,No,No,,2091,0.034329,-0.103520,33413
E14000910,E12000006,Saffron Walden,,East of England,England,County,Liberal Democrat,LD,PP90,17,,Mike,Hibbs,Male,No,No,,8528,0.140008,0.034402,1632
E14000910,E12000006,Saffron Walden,,East of England,England,County,Labour,Lab,PP53,15,,Jane,Berney,Female,No,No,,12663,0.207893,0.089918,4418
E14000910,E12000006,Saffron Walden,,East of England,England,County,Conservative,Con,PP52,4,,Kemi,Badenoch,Female,No,No,4597,37629,0.617770,0.045771,3267
E14000911,E12000002,Salford and Eccles,,North West,England,Borough,Green Party,Green,PP63,44,,Wendy,Olsen,Female,No,No,,809,0.016989,-0.035044,7571
E14000911,E12000002,Salford and Eccles,,North West,England,Borough,Liberal Democrat,LD,PP90,17,,John,Reid,Male,No,No,,1286,0.027006,-0.010302,6822
E14000911,E12000002,Salford and Eccles,,North West,England,Borough,UK Independence Party,UKIP,PP85,35,,Christopher,Barnes,Male,No,No,,2320,0.048720,-0.131720,15775
E14000911,E12000002,Salford and Eccles,,North West,England,Borough,Conservative,Con,PP52,4,,Jason,Sugarman,Male,No,No,,12036,0.252756,0.048808,3516
E14000911,E12000002,Salford and Eccles,,North West,England,Borough,Labour,Lab,PP53,15,,Rebecca,Long Bailey,Female,Yes,Yes,4396,31168,0.654529,0.160689,5749
E14000912,E12000009,Salisbury,,South West,England,County,Independent,Ind,,8,,Arthur,Pendragon,Male,No,No,,415,0.007785,,1195
E14000912,E12000009,Salisbury,,South West,England,County,Green Party,Green,PP63,44,,Brig,Oubridge,Male,No,No,,1152,0.021609,-0.032863,34780
E14000912,E12000009,Salisbury,,South West,England,County,UK Independence Party,UKIP,PP85,35,,Dean,Palethorpe,Male,No,No,,1191,0.022341,-0.098989,28853
E14000912,E12000009,Salisbury,,South West,England,County,Liberal Democrat,LD,PP90,17,,Paul,Sample,Male,No,No,,5982,0.112209,0.011647,28769
E14000912,E12000009,Salisbury,,South West,England,County,Labour,Lab,PP53,15,,Tom,Corbin,Male,No,No,,13619,0.255463,0.102204,4419
E14000912,E12000009,Salisbury,,South West,England,County,Conservative,Con,PP52,4,,John,Glen,Male,Yes,Yes,4051,30952,0.580593,0.024593,155
E14000913,E12000003,Scarborough and Whitby,,Yorkshire and The Humber,England,County,Independent,Ind,,8,,Gordon,Johnson,Male,No,No,,82,0.001625,,34923
E14000913,E12000003,Scarborough and Whitby,,Yorkshire and The Humber,England,County,The Yorkshire Party,Yrks,PP2055,262,,Bill,Black,Male,No,No,,369,0.007314,,26875
E14000913,E12000003,Scarborough and Whitby,,Yorkshire and The Humber,England,County,Independent,Ind,,8,,John,Freeman,Male,No,No,,680,0.013479,,34921
E14000913,E12000003,Scarborough and Whitby,,Yorkshire and The Humber,England,County,Green Party,Green,PP63,44,,David,Malone,Male,No,No,,915,0.018137,-0.027633,4573
E14000913,E12000003,Scarborough and Whitby,,Yorkshire and The Humber,England,County,Liberal Democrat,LD,PP90,17,,Robert,Lockwood,Male,No,No,,1354,0.026839,-0.018386,30268
E14000913,E12000003,Scarborough and Whitby,,Yorkshire and The Humber,England,County,UK Independence Party,UKIP,PP85,35,,Sam,Cross,Male,No,No,,1682,0.033341,-0.137631,4581
E14000913,E12000003,Scarborough and Whitby,,Yorkshire and The Humber,England,County,Labour,Lab,PP53,15,,Eric,Broadbent,Male,No,No,,20966,0.415588,0.113676,26887
E14000913,E12000003,Scarborough and Whitby,,Yorkshire and The Humber,England,County,Conservative,Con,PP52,4,,Robert,Goodwill,Male,Yes,Yes,1562,24401,0.483677,0.051891,182
E14000914,E12000003,Scunthorpe,,Yorkshire and The Humber,England,County,Liberal Democrat,LD,PP90,17,,Ryk,Downes,Male,No,No,,554,0.013780,-0.007064,6095
E14000914,E12000003,Scunthorpe,,Yorkshire and The Humber,England,County,UK Independence Party,UKIP,PP85,35,,Andy,Talliss,Male,No,No,,1247,0.031018,-0.140309,35163
E14000914,E12000003,Scunthorpe,,Yorkshire and The Humber,England,County,Conservative,Con,PP52,4,,Holly,Mumby-Croft,Female,No,No,4867,17485,0.434929,0.103075,34479
E14000914,E12000003,Scunthorpe,,Yorkshire and The Humber,England,County,Labour,Lab,PP53,15,,Nic,Dakin,Male,Yes,Yes,4056,20916,0.520273,0.103581,3663
E14000915,E12000001,Sedgefield,,North East,England,County,Green Party,Green,PP63,44,,Melissa,Wilson,Female,No,No,,686,0.016494,-0.014837,34792
E14000915,E12000001,Sedgefield,,North East,England,County,Liberal Democrat,LD,PP90,17,,Stephen,Psallidas,Male,No,No,,797,0.019163,-0.016223,331
E14000915,E12000001,Sedgefield,,North East,England,County,UK Independence Party,UKIP,PP85,35,,John,Grant,Male,No,No,,1763,0.042389,-0.123589,31148
E14000915,E12000001,Sedgefield,,North East,England,County,Conservative,Con,PP52,4,,Dehenna,Davison,Female,No,No,4737,16143,0.388137,0.092858,4202
E14000915,E12000001,Sedgefield,,North East,England,County,Labour,Lab,PP53,15,,Phil,Wilson,Male,Yes,Yes,1603,22202,0.533817,0.061790,174
E14000916,E12000002,Sefton Central,,North West,England,County,Green Party,Green,PP63,44,,Mike,Carter,Male,No,No,,656,0.012596,-0.011557,16127
E14000916,E12000002,Sefton Central,,North West,England,County,Liberal Democrat,LD,PP90,17,,Daniel,Lewis,Male,No,No,,1381,0.026517,-0.016036,4541
E14000916,E12000002,Sefton Central,,North West,England,County,Conservative,Con,PP52,4,,Jade,Marsden,Female,No,No,,17212,0.330498,0.034441,6800
E14000916,E12000002,Sefton Central,,North West,England,County,Labour,Lab,PP53,15,,Bill,Esterson,Male,Yes,Yes,4061,32830,0.630388,0.092680,1961
E14000917,E12000003,Selby and Ainsty,,Yorkshire and The Humber,England,County,UK Independence Party,UKIP,PP85,35,,Tony,Pycroft,Male,No,No,,1713,0.030548,-0.109385,35083
E14000917,E12000003,Selby and Ainsty,,Yorkshire and The Humber,England,County,Liberal Democrat,LD,PP90,17,,Callum,Delhoy,Male,No,No,,2293,0.040891,0.004530,7056
E14000917,E12000003,Selby and Ainsty,,Yorkshire and The Humber,England,County,Labour,Lab,PP53,15,,David,Bowgett,Male,No,No,,19149,0.341483,0.073170,34428
E14000917,E12000003,Selby and Ainsty,,Yorkshire and The Humber,England,County,Conservative,Con,PP52,4,,Nigel,Adams,Male,Yes,Yes,4057,32921,0.587078,0.062023,1959
E14000918,E12000008,Sevenoaks,,South East,England,County,Green Party,Green,PP63,44,,Philip,Dodd,Male,No,No,,1673,0.032664,-0.011985,28396
E14000918,E12000008,Sevenoaks,,South East,England,County,UK Independence Party,UKIP,PP85,35,,Graham,Cushway,Male,No,No,,1894,0.036979,-0.141977,28395
E14000918,E12000008,Sevenoaks,,South East,England,County,Liberal Democrat,LD,PP90,17,,Alan,Bullion,Male,No,No,,4280,0.083564,0.005019,1337
E14000918,E12000008,Sevenoaks,,South East,England,County,Labour,Lab,PP53,15,,Christopher,Clark,Male,No,No,,10727,0.209438,0.080797,5995
E14000918,E12000008,Sevenoaks,,South East,England,County,Conservative,Con,PP52,4,,Michael,Fallon,Male,Yes,Yes,88,32644,0.637354,0.068146,2832
E14000919,E12000003,Sheffield Central,,Yorkshire and The Humber,England,Borough,Social Democratic Party,SDP,PP243,32,,Joe,Westnidge,Male,No,No,,38,0.000794,,35055
E14000919,E12000003,Sheffield Central,,Yorkshire and The Humber,England,Borough,Pirate Party UK,Prte,PP770,132,,Robert,Moran,Male,No,No,,91,0.001901,-0.000657,34805
E14000919,E12000003,Sheffield Central,,Yorkshire and The Humber,England,Borough,The Yorkshire Party,Yrks,PP2055,262,,Jack,Carrington,Male,No,No,,197,0.004115,,12399
E14000919,E12000003,Sheffield Central,,Yorkshire and The Humber,England,Borough,UK Independence Party,UKIP,PP85,35,,Dominic,Cook,Male,No,No,,1060,0.022140,-0.052476,7023
E14000919,E12000003,Sheffield Central,,Yorkshire and The Humber,England,Borough,Liberal Democrat,LD,PP90,17,,Shaffaq,Mohammed,Male,No,No,,2465,0.051486,-0.045360,12326
E14000919,E12000003,Sheffield Central,,Yorkshire and The Humber,England,Borough,Green Party,Green,PP63,44,,Natalie,Bennett,Female,No,No,,3848,0.080373,-0.078073,3787
E14000919,E12000003,Sheffield Central,,Yorkshire and The Humber,England,Borough,Conservative,Con,PP52,4,,Stephanie,Roe,Female,No,No,,6215,0.129812,0.018499,6551
E14000919,E12000003,Sheffield Central,,Yorkshire and The Humber,England,Borough,Labour,Lab,PP53,15,,Paul,Blomfield,Male,Yes,Yes,4058,33963,0.709380,0.159089,178
E14000920,E12000003,Sheffield South East,,Yorkshire and The Humber,England,Borough,Social Democratic Party,SDP,PP243,32,,Ishleen,Oberoi,Female,No,No,,102,0.002340,,12341
E14000920,E12000003,Sheffield South East,,Yorkshire and The Humber,England,Borough,Liberal Democrat,LD,PP90,17,,Colin,Ross,Male,No,No,,1432,0.032847,-0.020553,12298
E14000920,E12000003,Sheffield South East,,Yorkshire and The Humber,England,Borough,UK Independence Party,UKIP,PP85,35,,Dennise,Dawson,Female,No,No,,2820,0.064685,-0.154291,12159
E14000920,E12000003,Sheffield South East,,Yorkshire and The Humber,England,Borough,Conservative,Con,PP52,4,,Lindsey,Cawrey,Female,No,No,,13722,0.314754,0.141022,28410
E14000920,E12000003,Sheffield South East,,Yorkshire and The Humber,England,Borough,Labour,Lab,PP53,15,,Clive,Betts,Male,Yes,Yes,394,25520,0.585375,0.071065,1074
E14000921,E12000003,"Sheffield, Brightside and Hillsborough",,Yorkshire and The Humber,England,Borough,Social Democratic Party,SDP,PP243,32,,Muzafar,Rahman,Male,No,No,,47,0.001123,,12343
E14000921,E12000003,"Sheffield, Brightside and Hillsborough",,Yorkshire and The Humber,England,Borough,Workers Revolutionary Party,WRP,PP184,167,,Mike,Driver,Male,No,No,,137,0.003272,,7193
E14000921,E12000003,"Sheffield, Brightside and Hillsborough",,Yorkshire and The Humber,England,Borough,Green Party,Green,PP63,44,,Christine,Gilligan Kubo,Female,No,No,,737,0.017602,-0.025141,6930
E14000921,E12000003,"Sheffield, Brightside and Hillsborough",,Yorkshire and The Humber,England,Borough,Liberal Democrat,LD,PP90,17,,Simon,Clement-Jones,Male,No,No,,1061,0.025340,-0.019650,432
E14000921,E12000003,"Sheffield, Brightside and Hillsborough",,Yorkshire and The Humber,England,Borough,UK Independence Party,UKIP,PP85,35,,Shane,Harper,Male,No,No,,2645,0.063172,-0.157935,12517
E14000921,E12000003,"Sheffield, Brightside and Hillsborough",,Yorkshire and The Humber,England,Borough,Conservative,Con,PP52,4,,Michael,Naughton,Male,No,No,,9050,0.216145,0.106116,5911
E14000921,E12000003,"Sheffield, Brightside and Hillsborough",,Yorkshire and The Humber,England,Borough,Labour,Lab,PP53,15,,Gill,Furniss,Female,Yes,Yes,4571,28193,0.673346,0.107521,19647
E14000922,E12000003,"Sheffield, Hallam",,Yorkshire and The Humber,England,County,Social Democratic Party,SDP,PP243,32,,Steven,Winstone,Male,No,No,,70,0.001228,,6749
E14000922,E12000003,"Sheffield, Hallam",,Yorkshire and The Humber,England,County,Green Party,Green,PP63,44,,Logan,Robin,Male,No,No,,823,0.014434,-0.017505,12266
E14000922,E12000003,"Sheffield, Hallam",,Yorkshire and The Humber,England,County,UK Independence Party,UKIP,PP85,35,,John,Thurley,Male,No,No,,929,0.016293,-0.048144,34947
E14000922,E12000003,"Sheffield, Hallam",,Yorkshire and The Humber,England,County,Conservative,Con,PP52,4,,Ian,Walker,Male,No,No,,13561,0.237829,0.101854,5593
E14000922,E12000003,"Sheffield, Hallam",,Yorkshire and The Humber,England,County,Liberal Democrat,LD,PP90,17,,Nick,Clegg,Male,Yes,Yes,1563,19756,0.346475,-0.053932,254
E14000922,E12000003,"Sheffield, Hallam",,Yorkshire and The Humber,England,County,Labour,Lab,PP53,15,,Jared,O'Mara,Male,No,No,4661,21881,0.383743,0.025746,12562
E14000923,E12000003,"Sheffield, Heeley",,Yorkshire and The Humber,England,Borough,Social Democratic Party,SDP,PP243,32,,Jaspreet,Oberoi,Male,No,No,,64,0.001447,,35053
E14000923,E12000003,"Sheffield, Heeley",,Yorkshire and The Humber,England,Borough,Green Party,Green,PP63,44,,Declan,Walsh,Male,No,No,,943,0.021322,-0.039703,12255
E14000923,E12000003,"Sheffield, Heeley",,Yorkshire and The Humber,England,Borough,UK Independence Party,UKIP,PP85,35,,Howard,Denby,Male,No,No,,1977,0.044702,-0.129266,6661
E14000923,E12000003,"Sheffield, Heeley",,Yorkshire and The Humber,England,Borough,Liberal Democrat,LD,PP90,17,,Joe,Otten,Male,No,No,,2022,0.045720,-0.067151,4897
E14000923,E12000003,"Sheffield, Heeley",,Yorkshire and The Humber,England,Borough,Conservative,Con,PP52,4,,Gordon,Gregory,Male,No,No,,12696,0.287071,0.125541,35052
E14000923,E12000003,"Sheffield, Heeley",,Yorkshire and The Humber,England,Borough,Labour,Lab,PP53,15,,Louise,Haigh,Female,Yes,Yes,4473,26524,0.599738,0.117693,4421
E14000924,E12000004,Sherwood,,East Midlands,England,County,Green Party,Green,PP63,44,,Mo,Findley,Male,No,No,,664,0.012443,-0.009412,34565
E14000924,E12000004,Sherwood,,East Midlands,England,County,Liberal Democrat,LD,PP90,17,,Becky,Thomas,Female,No,No,,1113,0.020857,-0.000722,31494
E14000924,E12000004,Sherwood,,East Midlands,England,County,UK Independence Party,UKIP,PP85,35,,Stuart,Bestwick,Male,No,No,,1801,0.033749,-0.112193,25790
E14000924,E12000004,Sherwood,,East Midlands,England,County,Labour,Lab,PP53,15,,Mike,Pringle,Male,No,No,,22294,0.417772,0.059060,25715
E14000924,E12000004,Sherwood,,East Midlands,England,County,Conservative,Con,PP52,4,,Mark,Spencer,Male,Yes,Yes,4055,27492,0.515179,0.064806,4073
E14000925,E12000003,Shipley,,Yorkshire and The Humber,England,County,Women's Equality Party,WEP,PP2755,260,,Sophie,Walker,Female,No,No,,1040,0.019477,,7545
E14000925,E12000003,Shipley,,Yorkshire and The Humber,England,County,Liberal Democrat,LD,PP90,17,,Caroline,Jones,Female,No,No,,2202,0.041240,0.002678,34120
E14000925,E12000003,Shipley,,Yorkshire and The Humber,England,County,Labour,Lab,PP53,15,,Steve,Clapcote,Male,No,No,,22736,0.425808,0.116263,5165
E14000925,E12000003,Shipley,,Yorkshire and The Humber,England,County,Conservative,Con,PP52,4,,Philip,Davies,Male,Yes,Yes,1565,27417,0.513475,0.013515,835
E14000926,E12000005,Shrewsbury and Atcham,,West Midlands,England,County,Green Party,Green,PP63,44,,Emma,Bullard,Female,No,No,,1067,0.018332,-0.023200,5714
E14000926,E12000005,Shrewsbury and Atcham,,West Midlands,England,County,UK Independence Party,UKIP,PP85,35,,Edward,Higginbottom,Male,No,No,,1363,0.023418,-0.120994,32772
E14000926,E12000005,Shrewsbury and Atcham,,West Midlands,England,County,Liberal Democrat,LD,PP90,17,,Hannah,Fraser,Female,No,No,,4254,0.073089,-0.005799,24320
E14000926,E12000005,Shrewsbury and Atcham,,West Midlands,England,County,Labour,Lab,PP53,15,,Laura,Davies,Female,No,No,,22446,0.385650,0.107232,4943
E14000926,E12000005,Shrewsbury and Atcham,,West Midlands,England,County,Conservative,Con,PP52,4,,Daniel,Kawczynski,Male,Yes,Yes,1566,29073,0.499510,0.044296,1073
E14000927,E12000008,Sittingbourne and Sheppey,,South East,England,County,Independent,Ind,,8,,Lee,McCall,Male,No,No,,292,0.005682,,35081
E14000927,E12000008,Sittingbourne and Sheppey,,South East,England,County,Official Monster Raving Loony Party,MRLP,PP66,119,,Mad Mike,Young,Male,No,No,,403,0.007842,0.002273,1444
E14000927,E12000008,Sittingbourne and Sheppey,,South East,England,County,Green Party,Green,PP63,44,,Mark,Lindop,Male,No,No,,558,0.010858,-0.013140,5153
E14000927,E12000008,Sittingbourne and Sheppey,,South East,England,County,Liberal Democrat,LD,PP90,17,,Keith,Nevols,Male,No,No,,1392,0.027088,-0.004566,3241
E14000927,E12000008,Sittingbourne and Sheppey,,South East,England,County,Independent,Ind,,8,,Mike,Baldock,Male,No,No,,2133,0.041507,,28519
E14000927,E12000008,Sittingbourne and Sheppey,,South East,England,County,Labour,Lab,PP53,15,,Mike,Rolfe,Male,No,No,,15700,0.305513,0.109616,34429
E14000927,E12000008,Sittingbourne and Sheppey,,South East,England,County,Conservative,Con,PP52,4,,Gordon,Henderson,Male,Yes,Yes,4050,30911,0.601510,0.106857,282
E14000928,E12000003,Skipton and Ripon,,Yorkshire and The Humber,England,County,The Yorkshire Party,Yrks,PP2055,262,,Jack,Render,Male,No,No,,1539,0.026471,,34320
E14000928,E12000003,Skipton and Ripon,,Yorkshire and The Humber,England,County,Green Party,Green,PP63,44,,Andy,Brown,Male,No,No,,3734,0.064226,0.007114,34668
E14000928,E12000003,Skipton and Ripon,,Yorkshire and The Humber,England,County,Labour,Lab,PP53,15,,Alan,Woodhead,Male,No,No,,16440,0.282775,0.108890,16204
E14000928,E12000003,Skipton and Ripon,,Yorkshire and The Humber,England,County,Conservative,Con,PP52,4,,Julian,Smith,Male,Yes,Yes,4118,36425,0.626527,0.072118,2798
E14000929,E12000004,Sleaford and North Hykeham,,East Midlands,England,County,Independent,Ind,,8,,Paul,Coyne,Male,No,No,,900,0.013678,,26373
E14000929,E12000004,Sleaford and North Hykeham,,East Midlands,England,County,Green Party,Green,PP63,44,,Fiona,McKenna,Female,No,No,,968,0.014712,,17462
E14000929,E12000004,Sleaford and North Hykeham,,East Midlands,England,County,UK Independence Party,UKIP,PP85,35,,Sally,Chadd,Female,No,No,,1954,0.029697,-0.127154,6649
E14000929,E12000004,Sleaford and North Hykeham,,East Midlands,England,County,Liberal Democrat,LD,PP90,17,,Ross,Pepper,Male,No,No,,2722,0.041370,-0.015133,5555
E14000929,E12000004,Sleaford and North Hykeham,,East Midlands,England,County,Labour,Lab,PP53,15,,Jim,Clarke,Male,No,No,,17008,0.258492,0.085917,26371
E14000929,E12000004,Sleaford and North Hykeham,,East Midlands,England,County,Conservative,Con,PP52,4,,Caroline,Johnson,Female,Yes,Yes,4592,42245,0.642051,0.080172,184
E14000930,E12000008,Slough,,South East,England,Borough,Independent,Ind,,8,,Paul,Janik,Male,No,No,,417,0.007680,,26230
E14000930,E12000008,Slough,,South East,England,Borough,UK Independence Party,UKIP,PP85,35,,Karen,Perez,Female,No,No,,1228,0.022617,-0.107347,26300
E14000930,E12000008,Slough,,South East,England,Borough,Liberal Democrat,LD,PP90,17,,Tom,McCann,Male,No,No,,1308,0.024091,-0.002321,6315
E14000930,E12000008,Slough,,South East,England,Borough,Conservative,Con,PP52,4,,Mark,Vivis,Male,No,No,,17172,0.316272,-0.016923,5102
E14000930,E12000008,Slough,,South East,England,Borough,Labour,Lab,PP53,15,,Tan,Dhesi,Male,No,No,4638,34170,0.629340,0.144182,4341
E14000931,E12000005,Solihull,,West Midlands,England,Borough,Green Party,Green,PP63,44,,Max,McLoughlin,Male,No,No,,1157,0.020388,-0.009404,8733
E14000931,E12000005,Solihull,,West Midlands,England,Borough,UK Independence Party,UKIP,PP85,35,,Andrew,Garcarz,Male,No,No,,1291,0.022750,-0.093371,6127
E14000931,E12000005,Solihull,,West Midlands,England,Borough,Liberal Democrat,LD,PP90,17,,Ade,Adeyemo,Male,No,No,,8901,0.156851,-0.099707,5799
E14000931,E12000005,Solihull,,West Midlands,England,Borough,Labour,Lab,PP53,15,,Nigel,Knowles,Male,No,No,,12414,0.218757,0.114830,3248
E14000931,E12000005,Solihull,,West Midlands,England,Borough,Conservative,Con,PP52,4,,Julian,Knight,Male,Yes,Yes,4410,32985,0.581254,0.089168,4225
E14000932,E12000009,Somerton and Frome,,South West,England,County,Independent,Ind,,8,,Richard,Hadwin,Male,No,No,,991,0.015511,,35133
E14000932,E12000009,Somerton and Frome,,South West,England,County,Green Party,Green,PP63,44,,Theo,Simon,Male,No,No,,2347,0.036734,-0.053369,4990
E14000932,E12000009,Somerton and Frome,,South West,England,County,Labour,Lab,PP53,15,,Sean,Dromgoole,Male,No,No,,10998,0.172134,0.098862,34356
E14000932,E12000009,Somerton and Frome,,South West,England,County,Liberal Democrat,LD,PP90,17,,Mark,Blackburn,Male,No,No,,13325,0.208555,0.014687,34601
E14000932,E12000009,Somerton and Frome,,South West,England,County,Conservative,Con,PP52,4,,David,Warburton,Male,Yes,Yes,4526,36231,0.567066,0.037129,4226
N06000014,N92000002,South Antrim,,Northern Ireland,Northern Ireland,County,Social Democratic & Labour Party,SDLP,PP55,31,,Roisin,Lynch,Female,No,No,,2362,0.054714,-0.027152,5390
N06000014,N92000002,South Antrim,,Northern Ireland,Northern Ireland,County,Alliance,APNI,PP103,1,,Neil,Kelly,Male,No,No,,3203,0.074195,-0.023716,4592
N06000014,N92000002,South Antrim,,Northern Ireland,Northern Ireland,County,Sinn Féin,SF,PP39,30,,Declan,Kearney,Male,No,No,,7797,0.180612,0.051953,4711
N06000014,N92000002,South Antrim,,Northern Ireland,Northern Ireland,County,Ulster Unionist Party,UUP,PP83,38,,Danny,Kinahan,Male,Yes,Yes,4381,13300,0.308084,-0.018888,4709
N06000014,N92000002,South Antrim,,Northern Ireland,Northern Ireland,County,Democratic Unionist Party,DUP,PP70,7,,Paul,Girvan,Male,No,No,4633,16508,0.382395,0.081407,13370
E14000933,E12000006,South Basildon and East Thurrock,,East of England,England,County,British National Party,BNP,PP3960,67,,Paul,Borg,Male,No,No,,383,0.008128,,6547
E14000933,E12000006,South Basildon and East Thurrock,,East of England,England,County,Green Party,Green,PP63,44,,Sim,Harman,Male,No,No,,680,0.014431,,34871
E14000933,E12000006,South Basildon and East Thurrock,,East of England,England,County,Liberal Democrat,LD,PP90,17,,Reetendra,Banerji,Male,No,No,,732,0.015535,-0.014207,4527
E14000933,E12000006,South Basildon and East Thurrock,,East of England,England,County,UK Independence Party,UKIP,PP85,35,,Peter,Whittle,Male,No,No,,3193,0.067763,-0.197563,7457
E14000933,E12000006,South Basildon and East Thurrock,,East of England,England,County,Labour,Lab,PP53,15,,Byron,Taylor,Male,No,No,,15321,0.325149,0.073070,34430
E14000933,E12000006,South Basildon and East Thurrock,,East of England,England,County,Conservative,Con,PP52,4,,Stephen,Metcalfe,Male,Yes,Yes,4092,26811,0.568994,0.134980,2211
E14000934,E12000006,South Cambridgeshire,,East of England,England,County,Green Party,Green,PP63,44,,Simon,Saggers,Male,No,No,,1512,0.023289,-0.039240,1634
E14000934,E12000006,South Cambridgeshire,,East of England,England,County,Liberal Democrat,LD,PP90,17,,Susan,van de Ven,Female,No,No,,12102,0.186403,0.034176,28106
E14000934,E12000006,South Cambridgeshire,,East of England,England,County,Labour,Lab,PP53,15,,Dan,Greef,Male,No,No,,17679,0.272303,0.095832,6685
E14000934,E12000006,South Cambridgeshire,,East of England,England,County,Conservative,Con,PP52,4,,Heidi,Allen,Female,Yes,Yes,4516,33631,0.518006,0.006891,4227
E14000935,E12000004,South Derbyshire,,East Midlands,England,County,Green Party,Green,PP63,44,,Marten,Kats,Male,No,No,,917,0.017423,-0.006532,8108
E14000935,E12000004,South Derbyshire,,East Midlands,England,County,Liberal Democrat,LD,PP90,17,,Lorraine,Johnson,Female,No,No,,1870,0.035530,-0.001643,6560
E14000935,E12000004,South Derbyshire,,East Midlands,England,County,Labour,Lab,PP53,15,,Robert,Pearson,Male,No,No,,18937,0.359807,0.091989,34297
E14000935,E12000004,South Derbyshire,,East Midlands,England,County,Conservative,Con,PP52,4,,Heather,Wheeler,Female,Yes,Yes,4053,30907,0.587239,0.093445,487
E14000936,E12000009,South Dorset,,South West,England,County,Green Party,Green,PP63,44,,Jon,Orrell,Male,No,No,,2278,0.043887,-0.002927,8580
E14000936,E12000009,South Dorset,,South West,England,County,Liberal Democrat,LD,PP90,17,,Howard,Legg,Male,No,No,,3053,0.058818,-0.000877,6321
E14000936,E12000009,South Dorset,,South West,England,County,Labour,Lab,PP53,15,,Tashi,Warr,Female,No,No,,17440,0.335992,0.093961,34431
E14000936,E12000009,South Dorset,,South West,England,County,Conservative,Con,PP52,4,,Richard,Drax,Male,Yes,Yes,4132,29135,0.561303,0.072466,2850
N06000015,N92000002,South Down,,Northern Ireland,Northern Ireland,County,Alliance,APNI,PP103,1,,Andrew,McMurray,Male,No,No,,1814,0.035643,-0.002345,34661
N06000015,N92000002,South Down,,Northern Ireland,Northern Ireland,County,Ulster Unionist Party,UUP,PP83,38,,Harold,McKee,Male,No,No,,2002,0.039337,-0.053503,6709
N06000015,N92000002,South Down,,Northern Ireland,Northern Ireland,County,Democratic Unionist Party,DUP,PP70,7,,Diane,Forsythe,Female,No,No,,8867,0.174228,0.092583,34534
N06000015,N92000002,South Down,,Northern Ireland,Northern Ireland,County,Social Democratic & Labour Party,SDLP,PP55,31,,Margaret,Ritchie,Female,Yes,Yes,4130,17882,0.351365,-0.072014,980
N06000015,N92000002,South Down,,Northern Ireland,Northern Ireland,County,Sinn Féin,SF,PP39,30,,Chris,Hazzard,Male,No,No,4636,20328,0.399426,0.114020,5994
E14000937,E12000006,South East Cambridgeshire,,East of England,England,County,Liberal Democrat,LD,PP90,17,,Lucy,Nethsingha,Female,No,No,,11958,0.189803,-0.011991,5056
E14000937,E12000006,South East Cambridgeshire,,East of England,England,County,Labour,Lab,PP53,15,,Huw,Jones,Male,No,No,,17443,0.276864,0.125401,4427
E14000937,E12000006,South East Cambridgeshire,,East of England,England,County,Conservative,Con,PP52,4,,Lucy,Frazer,Female,Yes,Yes,4517,33601,0.533332,0.048591,4228
E14000938,E12000009,South East Cornwall,,South West,England,County,Green Party,Green,PP63,44,,Martin,Corney,Male,No,No,,1335,0.025083,-0.028741,4805
E14000938,E12000009,South East Cornwall,,South West,England,County,Liberal Democrat,LD,PP90,17,,Phil,Hutty,Male,No,No,,10346,0.194386,0.025647,4529
E14000938,E12000009,South East Cornwall,,South West,England,County,Labour,Lab,PP53,15,,Gareth,Derrick,Male,No,No,,12050,0.226402,0.133487,7813
E14000938,E12000009,South East Cornwall,,South West,England,County,Conservative,Con,PP52,4,,Sheryll,Murray,Female,Yes,Yes,4100,29493,0.554130,0.048842,1021
E14000939,E12000004,South Holland and The Deepings,,East Midlands,England,County,Independent,Ind,,8,,Rick,Stringer,Male,No,No,,342,0.006797,,35086
E14000939,E12000004,South Holland and The Deepings,,East Midlands,England,County,Green Party,Green,PP63,44,,Daniel,Wilshire,Male,No,No,,894,0.017768,-0.014341,6378
E14000939,E12000004,South Holland and The Deepings,,East Midlands,England,County,Liberal Democrat,LD,PP90,17,,Julia,Cambridge,Female,No,No,,1433,0.028481,-0.001312,4487
E14000939,E12000004,South Holland and The Deepings,,East Midlands,England,County,UK Independence Party,UKIP,PP85,35,,Nicola,Smith,Female,No,No,,2185,0.043426,-0.174754,17476
E14000939,E12000004,South Holland and The Deepings,,East Midlands,England,County,Labour,Lab,PP53,15,,Voyteck,Kowalewski,Male,No,No,,10282,0.204353,0.079939,30059
E14000939,E12000004,South Holland and The Deepings,,East Midlands,England,County,Conservative,Con,PP52,4,,John,Hayes,Male,Yes,Yes,350,35179,0.699175,0.103670,3445
E14000940,E12000004,South Leicestershire,,East Midlands,England,County,Green Party,Green,PP63,44,,Mary,Morgan,Female,No,No,,1092,0.019263,,35045
E14000940,E12000004,South Leicestershire,,East Midlands,England,County,UK Independence Party,UKIP,PP85,35,,Roger,Helmer,Male,No,No,,2235,0.039426,-0.134201,4861
E14000940,E12000004,South Leicestershire,,East Midlands,England,County,Liberal Democrat,LD,PP90,17,,Gregory,Webb,Male,No,No,,2403,0.042389,-0.031545,11946
E14000940,E12000004,South Leicestershire,,East Midlands,England,County,Labour,Lab,PP53,15,,Shabbir,Aslam,Male,No,No,,16164,0.285135,0.064907,23319
E14000940,E12000004,South Leicestershire,,East Midlands,England,County,Conservative,Con,PP52,4,,Alberto,Costa,Male,Yes,Yes,4439,34795,0.613788,0.081577,5023
E14000941,E12000006,South Norfolk,,East of England,England,County,Green Party,Green,PP63,44,,Catherine,Rowett,Female,No,No,,1555,0.025446,-0.028648,5998
E14000941,E12000006,South Norfolk,,East of England,England,County,Liberal Democrat,LD,PP90,17,,Christopher,Brown,Male,No,No,,5074,0.083029,0.000943,34575
E14000941,E12000006,South Norfolk,,East of England,England,County,Labour,Lab,PP53,15,,Danielle,Glavin,Female,No,No,,18902,0.309306,0.125457,30080
E14000941,E12000006,South Norfolk,,East of England,England,County,Conservative,Con,PP52,4,,Richard,Bacon,Male,Yes,Yes,1451,35580,0.582219,0.039618,235
E14000942,E12000004,South Northamptonshire,,East Midlands,England,County,Independent,Ind,,8,,Josh,Phillips,Male,No,No,,297,0.004569,,35130
E14000942,E12000004,South Northamptonshire,,East Midlands,England,County,Green Party,Green,PP63,44,,Denise,Donaldson,Female,No,No,,1357,0.020878,-0.016042,22870
E14000942,E12000004,South Northamptonshire,,East Midlands,England,County,UK Independence Party,UKIP,PP85,35,,Nigel,Wickens,Male,No,No,,1363,0.020970,-0.113827,5082
E14000942,E12000004,South Northamptonshire,,East Midlands,England,County,Liberal Democrat,LD,PP90,17,,Chris,Lofts,Male,No,No,,3623,0.055740,-0.003624,34121
E14000942,E12000004,South Northamptonshire,,East Midlands,England,County,Labour,Lab,PP53,15,,Sophie,Johnson,Female,No,No,,17759,0.273224,0.105779,33180
E14000942,E12000004,South Northamptonshire,,East Midlands,England,County,Conservative,Con,PP52,4,,Andrea,Leadsom,Female,Yes,Yes,4117,40599,0.624619,0.023144,2875
E14000943,E12000002,South Ribble,,North West,England,County,National Health Action Party,NHAP,PP1931,201,,Mark,Jarnell,Male,No,No,,341,0.006219,,35101
E14000943,E12000002,South Ribble,,North West,England,County,Green Party,Green,PP63,44,,Andrew,Wight,Male,No,No,,494,0.009009,,26048
E14000943,E12000002,South Ribble,,North West,England,County,UK Independence Party,UKIP,PP85,35,,Mark,Smith,Male,No,No,,1387,0.025295,-0.115569,5631
E14000943,E12000002,South Ribble,,North West,England,County,Liberal Democrat,LD,PP90,17,,John,Wright,Male,No,No,,2073,0.037805,-0.006342,15318
E14000943,E12000002,South Ribble,,North West,England,County,Labour,Lab,PP53,15,,Julie,Gibson,Female,No,No,,21559,0.393168,0.042433,26816
E14000943,E12000002,South Ribble,,North West,England,County,Conservative,Con,PP52,4,,Seema,Kennedy,Female,Yes,Yes,4455,28980,0.528504,0.064250,4104
E14000944,E12000001,South Shields,,North East,England,Borough,Liberal Democrat,LD,PP90,17,,Gita,Gordon,Female,No,No,,681,0.016703,-0.000918,6498
E14000944,E12000001,South Shields,,North East,England,Borough,Green Party,Green,PP63,44,,Shirley,Ford,Female,No,No,,1437,0.035245,-0.009261,5222
E14000944,E12000001,South Shields,,North East,England,Borough,UK Independence Party,UKIP,PP85,35,,Richard,Elvin,Male,No,No,,3006,0.073727,-0.146182,3594
E14000944,E12000001,South Shields,,North East,England,Borough,Conservative,Con,PP52,4,,Felicity,Buchan,Female,No,No,4821,10570,0.259247,0.093219,7197
E14000944,E12000001,South Shields,,North East,England,Borough,Labour,Lab,PP53,15,,Emma,Lewell-Buck,Female,Yes,Yes,4277,25078,0.615079,0.102491,5539
E14000945,E12000005,South Staffordshire,,West Midlands,England,County,Green Party,Green,PP63,44,,Claire,McIlvenna,Female,No,No,,1182,0.023127,-0.003043,5988
E14000945,E12000005,South Staffordshire,,West Midlands,England,County,Liberal Democrat,LD,PP90,17,,Hilary,Myers,Female,No,No,,1348,0.026375,-0.002820,6646
E14000945,E12000005,South Staffordshire,,West Midlands,England,County,Labour,Lab,PP53,15,,Adam,Freeman,Male,No,No,,12923,0.252852,0.069235,23677
E14000945,E12000005,South Staffordshire,,West Midlands,England,County,Conservative,Con,PP52,4,,Gavin,Williamson,Male,Yes,Yes,4108,35656,0.697646,0.103308,769
E14000946,E12000006,South Suffolk,,East of England,England,County,UK Independence Party,UKIP,PP85,35,,Aidan,Powlesland,Male,No,No,,1449,0.026717,-0.125420,6873
E14000946,E12000006,South Suffolk,,East of England,England,County,Green Party,Green,PP63,44,,Robert,Lindsay,Male,No,No,,1723,0.031769,-0.011635,4648
E14000946,E12000006,South Suffolk,,East of England,England,County,Liberal Democrat,LD,PP90,17,,Andrew,Aalders-Dunthorpe,Male,No,No,,3154,0.058154,-0.019754,3253
E14000946,E12000006,South Suffolk,,East of England,England,County,Labour,Lab,PP53,15,,Emma,Bishton,Female,No,No,,15080,0.278049,0.085378,1142
E14000946,E12000006,South Suffolk,,East of England,England,County,Conservative,Con,PP52,4,,James,Cartlidge,Male,Yes,Yes,4519,32829,0.605310,0.074630,4229
E14000947,E12000009,South Swindon,,South West,England,County,Green Party,Green,PP63,44,,Talis,Kimberley-Fairbourn,Female,No,No,,747,0.014570,-0.021096,4928
E14000947,E12000009,South Swindon,,South West,England,County,UK Independence Party,UKIP,PP85,35,,Martin,Costello,Male,No,No,,1291,0.025180,-0.094991,35065
E14000947,E12000009,South Swindon,,South West,England,County,Liberal Democrat,LD,PP90,17,,Stan,Pajak,Male,No,No,,2079,0.040549,0.003666,14729
E14000947,E12000009,South Swindon,,South West,England,County,Labour and Co-operative,Lab,PP53,15,PP119,Sarah,Church,Female,No,No,,22345,0.435821,0.090897,25753
E14000947,E12000009,South Swindon,,South West,England,County,Conservative,Con,PP52,4,,Robert,Buckland,Male,Yes,Yes,4106,24809,0.483880,0.021525,1643
E14000948,E12000008,South Thanet,,South East,England,County,Christian Peoples Alliance,CPA,PP79,80,,Faith,Fisher,Female,No,No,,115,0.002311,,34880
E14000948,E12000008,South Thanet,,South East,England,County,Independent,Ind,,8,,Tim,Garbutt,Male,No,No,,181,0.003638,,7537
E14000948,E12000008,South Thanet,,South East,England,County,Green Party,Green,PP63,44,,Trevor,Roper,Male,No,No,,809,0.016260,-0.005521,34881
E14000948,E12000008,South Thanet,,South East,England,County,Liberal Democrat,LD,PP90,17,,Jordan,Williams,Male,No,No,,1514,0.030430,0.011564,29310
E14000948,E12000008,South Thanet,,South East,England,County,UK Independence Party,UKIP,PP85,35,,Stuart,Piper,Male,No,No,,2997,0.060238,-0.264169,34214
E14000948,E12000008,South Thanet,,South East,England,County,Labour,Lab,PP53,15,,Raushan,Ara,Female,No,No,,18875,0.379374,0.141727,19761
E14000948,E12000008,South Thanet,,South East,England,County,Conservative,Con,PP52,4,,Craig,Mackinlay,Male,Yes,Yes,4529,25262,0.507748,0.126420,4230
E14000949,E12000006,South West Bedfordshire,,East of England,England,County,Christian Peoples Alliance,CPA,PP79,80,,Morenike,Mafoe,Female,No,No,,301,0.005410,,7188
E14000949,E12000006,South West Bedfordshire,,East of England,England,County,Green Party,Green,PP63,44,,Morvern,Rennie,Female,No,No,,950,0.017076,-0.023974,34899
E14000949,E12000006,South West Bedfordshire,,East of England,England,County,Liberal Democrat,LD,PP90,17,,Daniel,Norton,Male,No,No,,2630,0.047272,-0.004303,34122
E14000949,E12000006,South West Bedfordshire,,East of England,England,County,Labour,Lab,PP53,15,,Daniel,Scott,Male,No,No,,18793,0.337791,0.135097,4433
E14000949,E12000006,South West Bedfordshire,,East of England,England,County,Conservative,Con,PP52,4,,Andrew,Selous,Male,Yes,Yes,1453,32961,0.592451,0.042552,1896
E14000950,E12000009,South West Devon,,South West,England,County,Green Party,Green,PP63,44,,Win,Scutt,Male,No,No,,1133,0.021435,-0.026369,35104
E14000950,E12000009,South West Devon,,South West,England,County,UK Independence Party,UKIP,PP85,35,,Ian,Ross,Male,No,No,,1540,0.029135,-0.115906,27213
E14000950,E12000009,South West Devon,,South West,England,County,Liberal Democrat,LD,PP90,17,,Caroline,Voaden,Female,No,No,5216,2732,0.051687,-0.023097,26664
E14000950,E12000009,South West Devon,,South West,England,County,Labour and Co-operative,Lab,PP53,15,PP119,Philippa,Davey,Female,No,No,,15818,0.299260,0.132680,34512
E14000950,E12000009,South West Devon,,South West,England,County,Conservative,Con,PP52,4,,Gary,Streeter,Male,Yes,Yes,234,31634,0.598483,0.032692,1683
E14000951,E12000006,South West Hertfordshire,,East of England,England,County,UK Independence Party,UKIP,PP85,35,,Mark,Anderson,Male,No,No,,1293,0.021318,-0.093984,4847
E14000951,E12000006,South West Hertfordshire,,East of England,England,County,Green Party,Green,PP63,44,,Paul,De Hoest,Male,No,No,,1576,0.025984,-0.019121,24327
E14000951,E12000006,South West Hertfordshire,,East of England,England,County,Liberal Democrat,LD,PP90,17,,Christopher,Townsend,Male,No,No,,7078,0.116697,0.014159,3044
E14000951,E12000006,South West Hertfordshire,,East of England,England,County,Labour,Lab,PP53,15,,Rob,Wakely,Male,No,No,,15578,0.256838,0.093655,34458
E14000951,E12000006,South West Hertfordshire,,East of England,England,County,Conservative,Con,PP52,4,,David,Gauke,Male,Yes,Yes,1529,35128,0.579163,0.009760,151
E14000952,E12000006,South West Norfolk,,East of England,England,County,Liberal Democrat,LD,PP90,17,,Stephen,Gordon,Male,No,No,,2365,0.045120,0.000877,6957
E14000952,E12000006,South West Norfolk,,East of England,England,County,UK Independence Party,UKIP,PP85,35,,David,Williams,Male,No,No,,2575,0.049126,-0.183442,33492
E14000952,E12000006,South West Norfolk,,East of England,England,County,Labour,Lab,PP53,15,,Peter,Smith,Male,No,No,,14582,0.278197,0.105597,3513
E14000952,E12000006,South West Norfolk,,East of England,England,County,Conservative,Con,PP52,4,,Elizabeth,Truss,Female,Yes,Yes,4097,32894,0.627556,0.118377,188
E14000953,E12000008,South West Surrey,,South East,England,County,UK Independence Party,UKIP,PP85,35,,Mark,Webber,Male,No,No,,1083,0.017921,-0.080873,5385
E14000953,E12000008,South West Surrey,,South East,England,County,Liberal Democrat,LD,PP90,17,,Ollie,Purkiss,Male,No,No,,5967,0.098739,0.035958,34532
E14000953,E12000008,South West Surrey,,South East,England,County,Labour,Lab,PP53,15,,David,Black,Male,No,No,,7606,0.125860,0.031058,34475
E14000953,E12000008,South West Surrey,,South East,England,County,National Health Action Party,NHAP,PP1931,201,,Louise,Irvine,Female,No,No,,12093,0.200109,0.115181,4583
E14000953,E12000008,South West Surrey,,South East,England,County,Conservative,Con,PP52,4,,Jeremy,Hunt,Male,Yes,Yes,1572,33683,0.557370,-0.041362,3155
E14000954,E12000009,South West Wiltshire,,South West,England,County,Independent,Ind,,8,,Liam,Silcocks,Male,No,No,,590,0.010776,,35095
E14000954,E12000009,South West Wiltshire,,South West,England,County,Green Party,Green,PP63,44,,Christopher,Walford,Male,No,No,,1445,0.026392,-0.031408,28750
E14000954,E12000009,South West Wiltshire,,South West,England,County,Liberal Democrat,LD,PP90,17,,Trevor,Carbin,Male,No,No,,5360,0.097898,-0.008254,27426
E14000954,E12000009,South West Wiltshire,,South West,England,County,Labour,Lab,PP53,15,,Laura,Pictor,Female,No,No,,14515,0.265109,0.130570,28056
E14000954,E12000009,South West Wiltshire,,South West,England,County,Conservative,Con,PP52,4,,Andrew,Murrison,Male,Yes,Yes,1466,32841,0.599825,0.073171,1022
E14000955,E12000008,"Southampton, Itchen",,South East,England,Borough,Green Party,Green,PP63,44,,Rosie,Pearce,Female,No,No,,725,0.015497,-0.026462,14335
E14000955,E12000008,"Southampton, Itchen",,South East,England,Borough,UK Independence Party,UKIP,PP85,35,,Kim,Rose,Male,No,No,,1122,0.023983,-0.110439,5890
E14000955,E12000008,"Southampton, Itchen",,South East,England,Borough,Liberal Democrat,LD,PP90,17,,Eleanor,Bell,Female,No,No,,1421,0.030374,-0.005300,6392
E14000955,E12000008,"Southampton, Itchen",,South East,England,Borough,Labour,Lab,PP53,15,,Simon,Letts,Male,No,No,,21742,0.464741,0.099275,34286
E14000955,E12000008,"Southampton, Itchen",,South East,England,Borough,Conservative,Con,PP52,4,,Royston,Smith,Male,Yes,Yes,4478,21773,0.465404,0.048137,3462
E14000956,E12000008,"Southampton, Test",,South East,England,Borough,Independent,Ind,,8,,Keith,Morrell,Male,No,No,,680,0.014498,,35066
E14000956,E12000008,"Southampton, Test",,South East,England,Borough,Southampton Independents,ShI,PP6364,276,,Andrew,Pope,Male,No,No,,816,0.017398,,4386
E14000956,E12000008,"Southampton, Test",,South East,England,Borough,Liberal Democrat,LD,PP90,17,,Thomas,Gravatt,Male,No,No,,1892,0.040339,-0.008250,14317
E14000956,E12000008,"Southampton, Test",,South East,England,Borough,Conservative,Con,PP52,4,,Paul,Holmes,Male,No,No,,16006,0.341257,0.015797,4209
E14000956,E12000008,"Southampton, Test",,South East,England,Borough,Labour,Lab,PP53,15,,Alan,Whitehead,Male,Yes,Yes,62,27509,0.586508,0.173767,3111
E14000957,E12000006,Southend West,,East of England,England,Borough,Independent,Ind,,8,,Jason,Pilley,Male,No,No,,187,0.003963,,7633
E14000957,E12000006,Southend West,,East of England,England,Borough,Southend Independent Association,SIA,PP6317,273,,Tino,Callaghan,Male,No,No,,305,0.006463,,3492
E14000957,E12000006,Southend West,,East of England,England,Borough,Green Party,Green,PP63,44,,Dominic,Ellis,Male,No,No,,831,0.017609,-0.029190,6694
E14000957,E12000006,Southend West,,East of England,England,Borough,UK Independence Party,UKIP,PP85,35,,John,Stansfield,Male,No,No,,1666,0.035303,-0.140010,35122
E14000957,E12000006,Southend West,,East of England,England,Borough,Liberal Democrat,LD,PP90,17,,Lucy,Salek,Female,No,No,,2110,0.044712,-0.048056,34360
E14000957,E12000006,Southend West,,East of England,England,Borough,Labour,Lab,PP53,15,,Julian,Ware-Lane,Male,No,No,,16046,0.340022,0.156824,3251
E14000957,E12000006,Southend West,,East of England,England,Borough,Conservative,Con,PP52,4,,David,Amess,Male,Yes,Yes,44,26046,0.551927,0.053713,2570
E14000958,E12000002,Southport,,North West,England,Borough,UK Independence Party,UKIP,PP85,35,,Terry,Durrance,Male,No,No,,1127,0.023501,-0.144954,3751
E14000958,E12000002,Southport,,North West,England,Borough,Liberal Democrat,LD,PP90,17,,Sue,McGuire,Female,No,No,,12661,0.264013,-0.045549,5472
E14000958,E12000002,Southport,,North West,England,Borough,Labour,Lab,PP53,15,,Liz,Savage,Female,No,No,,15627,0.325861,0.133847,4779
E14000958,E12000002,Southport,,North West,England,Borough,Conservative,Con,PP52,4,,Damien,Moore,Male,No,No,4669,18541,0.386625,0.107040,4780
E14000959,E12000008,Spelthorne,,South East,England,Borough,Green Party,Green,PP63,44,,Paul,Jacobs,Male,No,No,,1105,0.022049,-0.013078,5734
E14000959,E12000008,Spelthorne,,South East,England,Borough,UK Independence Party,UKIP,PP85,35,,Redvers,Cunningham,Male,No,No,,2296,0.045815,-0.162706,5240
E14000959,E12000008,Spelthorne,,South East,England,Borough,Liberal Democrat,LD,PP90,17,,Rosamund,Shimell,Female,No,No,,2755,0.054974,-0.009474,7445
E14000959,E12000008,Spelthorne,,South East,England,Borough,Labour,Lab,PP53,15,,Rebecca,Geach,Female,No,No,,15267,0.304639,0.118939,5732
E14000959,E12000008,Spelthorne,,South East,England,Borough,Conservative,Con,PP52,4,,Kwasi,Kwarteng,Male,Yes,Yes,4134,28692,0.572523,0.075651,3840
E14000960,E12000006,St Albans,,East of England,England,County,Green Party,Green,PP63,44,,Jack,Easton,Male,No,No,,828,0.014527,-0.022840,1359
E14000960,E12000006,St Albans,,East of England,England,County,Labour,Lab,PP53,15,,Kerry,Pollard,Male,No,Yes,71,13137,0.230482,-0.002098,4436
E14000960,E12000006,St Albans,,East of England,England,County,Liberal Democrat,LD,PP90,17,,Daisy,Cooper,Female,No,No,4769,18462,0.323906,0.138798,6312
E14000960,E12000006,St Albans,,East of England,England,County,Conservative,Con,PP52,4,,Anne,Main,Female,Yes,Yes,1568,24571,0.431085,-0.035396,2549
E14000961,E12000009,St Austell and Newquay,,South West,England,County,Liberal Democrat,LD,PP90,17,,Stephen,Gilbert,Male,No,Yes,4101,11642,0.214750,-0.025059,1489
E14000961,E12000009,St Austell and Newquay,,South West,England,County,Labour,Lab,PP53,15,,Kevin,Neil,Male,No,No,,15714,0.289862,0.187600,35098
E14000961,E12000009,St Austell and Newquay,,South West,England,County,Conservative,Con,PP52,4,,Steve,Double,Male,Yes,Yes,4452,26856,0.495388,0.093292,4231
E14000962,E12000002,St Helens North,,North West,England,Borough,Green Party,Green,PP63,44,,Rachel,Parkinson,Female,No,No,,1220,0.024292,-0.013800,15906
E14000962,E12000002,St Helens North,,North West,England,Borough,Liberal Democrat,LD,PP90,17,,Tom,Morrison,Male,No,No,,1287,0.025626,-0.018606,34655
E14000962,E12000002,St Helens North,,North West,England,Borough,UK Independence Party,UKIP,PP85,35,,Peter,Peers,Male,No,No,,2097,0.041755,-0.109210,15877
E14000962,E12000002,St Helens North,,North West,England,Borough,Conservative,Con,PP52,4,,Jackson,Ng,Male,No,No,,13606,0.270917,0.074467,5499
E14000962,E12000002,St Helens North,,North West,England,Borough,Labour,Lab,PP53,15,,Conor,McGinn,Male,Yes,Yes,4458,32012,0.637410,0.067149,6209
E14000963,E12000002,St Helens South and Whiston,,North West,England,Borough,Green Party,Green,PP63,44,,Jess,Northey,Female,No,No,,1417,0.026793,-0.019428,15947
E14000963,E12000002,St Helens South and Whiston,,North West,England,Borough,UK Independence Party,UKIP,PP85,35,,Mark,Hitchen,Male,No,No,,1953,0.036928,-0.102874,13992
E14000963,E12000002,St Helens South and Whiston,,North West,England,Borough,Liberal Democrat,LD,PP90,17,,Brian,Spencer,Male,No,No,,2101,0.039727,-0.016826,3797
E14000963,E12000002,St Helens South and Whiston,,North West,England,Borough,Conservative,Con,PP52,4,,Ed,McRandal,Male,No,No,,11536,0.218130,0.058884,5501
E14000963,E12000002,St Helens South and Whiston,,North West,England,Borough,Labour,Lab,PP53,15,,Marie,Rimmer,Female,Yes,Yes,4457,35879,0.678422,0.080244,4437
E14000964,E12000009,St Ives,,South West,England,County,Labour,Lab,PP53,15,,Christopher,Drew,Male,No,No,,7298,0.142467,0.049115,29480
E14000964,E12000009,St Ives,,South West,England,County,Liberal Democrat,LD,PP90,17,,Andrew,George,Male,No,Yes,227,21808,0.425721,0.094085,2504
E14000964,E12000009,St Ives,,South West,England,County,Conservative,Con,PP52,4,,Derek,Thomas,Male,Yes,Yes,4532,22120,0.431812,0.049071,191
E14000965,E12000005,Stafford,,West Midlands,England,County,Green Party,Green,PP63,44,,Tony,Pearce,Male,No,No,,1265,0.024363,-0.004140,32930
E14000965,E12000005,Stafford,,West Midlands,England,County,Liberal Democrat,LD,PP90,17,,Christine,Tinker,Female,No,No,,1540,0.029659,0.002017,34453
E14000965,E12000005,Stafford,,West Midlands,England,County,Labour,Lab,PP53,15,,David,Williams,Male,No,No,,20695,0.398563,0.102687,34347
E14000965,E12000005,Stafford,,West Midlands,England,County,Conservative,Con,PP52,4,,Jeremy,Lefroy,Male,Yes,Yes,4109,28424,0.547415,0.063359,2877
E14000966,E12000005,Staffordshire Moorlands,,West Midlands,England,County,Green Party,Green,PP63,44,,Mike,Shone,Male,No,No,,541,0.012115,-0.016673,5990
E14000966,E12000005,Staffordshire Moorlands,,West Midlands,England,County,Liberal Democrat,LD,PP90,17,,Henry,Jebb,Male,No,No,,1494,0.033456,-0.007847,1846
E14000966,E12000005,Staffordshire Moorlands,,West Midlands,England,County,Independent,Ind,,8,,Nicholas,Sheldon,Male,No,No,,1524,0.034128,,35106
E14000966,E12000005,Staffordshire Moorlands,,West Midlands,England,County,Labour,Lab,PP53,15,,David,Mazzocchi-Jones,Male,No,No,,15133,0.338887,0.066597,13778
E14000966,E12000005,Staffordshire Moorlands,,West Midlands,England,County,Conservative,Con,PP52,4,,Karen,Bradley,Female,Yes,Yes,4110,25963,0.581413,0.070224,1303
E14000967,E12000002,Stalybridge and Hyde,,North West,England,County,Green Party,Green,PP63,44,,Julie,Wood,Female,No,No,,991,0.023341,-0.021743,15689
E14000967,E12000002,Stalybridge and Hyde,,North West,England,County,Liberal Democrat,LD,PP90,17,,Paul,Ankers,Male,No,No,,996,0.023459,-0.007150,68
E14000967,E12000002,Stalybridge and Hyde,,North West,England,County,Conservative,Con,PP52,4,,Tom,Dowse,Male,No,No,,16193,0.381398,0.094782,11087
E14000967,E12000002,Stalybridge and Hyde,,North West,England,County,Labour and Co-operative,Lab,PP53,15,PP119,Jonathan,Reynolds,Male,Yes,Yes,4119,24277,0.571802,0.122248,1043
E14000968,E12000006,Stevenage,,East of England,England,County,Green Party,Green,PP63,44,,Victoria,Snelling,Female,No,No,,1085,0.021996,-0.006645,18761
E14000968,E12000006,Stevenage,,East of England,England,County,Liberal Democrat,LD,PP90,17,,Barbara,Gibson,Female,No,No,,2032,0.041194,0.008098,21119
E14000968,E12000006,Stevenage,,East of England,England,County,Labour and Co-operative,Lab,PP53,15,PP119,Sharon,Taylor,Female,No,No,,21412,0.434083,0.092318,218
E14000968,E12000006,Stevenage,,East of England,England,County,Conservative,Con,PP52,4,,Stephen,McPartland,Male,Yes,Yes,4093,24798,0.502727,0.057299,2214
S14000057,S92000003,Stirling,,Scotland,Scotland,County,Women's Equality Party,WEP,PP2755,260,,Kirstein,Rummery,Female,No,No,,337,0.006828,,34407
S14000057,S92000003,Stirling,,Scotland,Scotland,County,Liberal Democrat,LD,PP90,17,,Wendy,Chamberlain,Female,No,No,4765,1683,0.034099,0.007399,21148
S14000057,S92000003,Stirling,,Scotland,Scotland,County,Labour,Lab,PP53,15,,Chris,Kane,Male,No,No,,10902,0.220885,-0.034279,22509
S14000057,S92000003,Stirling,,Scotland,Scotland,County,Scottish National Party,SNP,PP102,29,,Steven,Paterson,Male,Yes,Yes,4392,18143,0.367595,-0.088586,5448
S14000057,S92000003,Stirling,,Scotland,Scotland,County,Conservative,Con,PP52,4,,Stephen,Kerr,Male,No,No,4604,18291,0.370593,0.139443,5524
E14000969,E12000002,Stockport,,North West,England,Borough,Green Party,Green,PP63,44,,Gary,Lawson,Male,No,No,,591,0.014226,-0.029987,4638
E14000969,E12000002,Stockport,,North West,England,Borough,UK Independence Party,UKIP,PP85,35,,John,Kelly,Male,No,No,,1088,0.026189,-0.105113,11075
E14000969,E12000002,Stockport,,North West,England,Borough,Liberal Democrat,LD,PP90,17,,Daniel,Hawthorne,Male,No,No,,1778,0.042798,-0.033723,4534
E14000969,E12000002,Stockport,,North West,England,Borough,Conservative,Con,PP52,4,,Daniel,Hamilton,Male,No,No,,11805,0.284157,0.039258,7076
E14000969,E12000002,Stockport,,North West,England,Borough,Labour,Lab,PP53,15,,Ann,Coffey,Female,Yes,Yes,458,26282,0.632630,0.133980,223
E14000970,E12000001,Stockton North,,North East,England,Borough,Green Party,Green,PP63,44,,Emma,Robson,Female,No,No,,358,0.008378,,11604
E14000970,E12000001,Stockton North,,North East,England,Borough,Liberal Democrat,LD,PP90,17,,Sarah,Brown,Female,No,No,,646,0.015118,-0.007222,14495
E14000970,E12000001,Stockton North,,North East,England,Borough,UK Independence Party,UKIP,PP85,35,,Ted,Strike,Male,No,No,,1834,0.042920,-0.148660,583
E14000970,E12000001,Stockton North,,North East,England,Borough,Conservative,Con,PP52,4,,Mark,Fletcher,Male,No,No,4774,15589,0.364817,0.085092,6648
E14000970,E12000001,Stockton North,,North East,England,Borough,Labour,Lab,PP53,15,,Alex,Cunningham,Male,Yes,Yes,4122,24304,0.568767,0.077600,3622
E14000971,E12000001,Stockton South,,North East,England,Borough,Green Party,Green,PP63,44,,Jo,Fitzgerald,Female,No,No,,371,0.006893,-0.011487,35144
E14000971,E12000001,Stockton South,,North East,England,Borough,Liberal Democrat,LD,PP90,17,,Drew,Durning,Male,No,No,,951,0.017669,-0.008703,5803
E14000971,E12000001,Stockton South,,North East,England,Borough,UK Independence Party,UKIP,PP85,35,,David,Outterside,Male,No,No,,1186,0.022035,-0.083763,23294
E14000971,E12000001,Stockton South,,North East,England,Borough,Conservative,Con,PP52,4,,James,Wharton,Male,Yes,Yes,4123,25214,0.468453,0.000839,4110
E14000971,E12000001,Stockton South,,North East,England,Borough,Labour,Lab,PP53,15,,Paul,Williams,Male,No,No,4666,26102,0.484951,0.114756,34461
E14000972,E12000005,Stoke-on-Trent Central,,West Midlands,England,Borough,Independent,Ind,,8,,Barbara,Fielding,Female,No,No,,210,0.006336,,19840
E14000972,E12000005,Stoke-on-Trent Central,,West Midlands,England,Borough,Green Party,Green,PP63,44,,Adam,Colclough,Male,No,No,,378,0.011404,-0.024723,19838
E14000972,E12000005,Stoke-on-Trent Central,,West Midlands,England,Borough,Liberal Democrat,LD,PP90,17,,Peter,Andras,Male,No,No,,680,0.020516,-0.021178,3488
E14000972,E12000005,Stoke-on-Trent Central,,West Midlands,England,Borough,UK Independence Party,UKIP,PP85,35,,Mick,Harold,Male,No,No,,1608,0.048514,-0.178001,5906
E14000972,E12000005,Stoke-on-Trent Central,,West Midlands,England,Borough,Conservative,Con,PP52,4,,Daniel,Jellyman,Male,No,No,,13186,0.397828,0.172374,34325
E14000972,E12000005,Stoke-on-Trent Central,,West Midlands,England,Borough,Labour and Co-operative,Lab,PP53,15,PP119,Gareth,Snell,Male,Yes,Yes,4595,17083,0.515402,0.122274,19842
E14000973,E12000005,Stoke-on-Trent North,,West Midlands,England,Borough,Green Party,Green,PP63,44,,Douglas,Rouxel,Male,No,No,,685,0.016393,-0.011832,24927
E14000973,E12000005,Stoke-on-Trent North,,West Midlands,England,Borough,Liberal Democrat,LD,PP90,17,,Richard,Whelan,Male,No,No,,916,0.021921,-0.007494,34954
E14000973,E12000005,Stoke-on-Trent North,,West Midlands,England,Borough,Conservative,Con,PP52,4,,Ben,Adams,Male,No,No,,18913,0.452616,0.178569,4810
E14000973,E12000005,Stoke-on-Trent North,,West Midlands,England,Borough,Labour,Lab,PP53,15,,Ruth,Smeeth,Female,Yes,Yes,4508,21272,0.509070,0.109913,3979
E14000974,E12000005,Stoke-on-Trent South,,West Midlands,England,Borough,Green Party,Green,PP63,44,,Jan,Zablocki,Male,No,No,,643,0.015423,-0.010889,5233
E14000974,E12000005,Stoke-on-Trent South,,West Midlands,England,Borough,Liberal Democrat,LD,PP90,17,,Ian,Wilkes,Male,No,No,,808,0.019381,-0.014091,5462
E14000974,E12000005,Stoke-on-Trent South,,West Midlands,England,Borough,Labour,Lab,PP53,15,,Robert,Flello,Male,Yes,Yes,1569,19788,0.474646,0.082926,3387
E14000974,E12000005,Stoke-on-Trent South,,West Midlands,England,Borough,Conservative,Con,PP52,4,,Jack,Brereton,Male,No,No,4643,20451,0.490549,0.163754,19836
E14000975,E12000005,Stone,,West Midlands,England,County,Green Party,Green,PP63,44,,Samantha,Pancheri,Female,No,No,,707,0.014131,-0.011193,5224
E14000975,E12000005,Stone,,West Midlands,England,County,UK Independence Party,UKIP,PP85,35,,Edward,Whitfield,Male,No,No,,1370,0.027382,-0.134638,33594
E14000975,E12000005,Stone,,West Midlands,England,County,Liberal Democrat,LD,PP90,17,,Martin,Lewis,Male,No,No,,2222,0.044412,-0.008171,7032
E14000975,E12000005,Stone,,West Midlands,England,County,Labour and Co-operative,Lab,PP53,15,PP119,Sam,Hale,Male,No,No,,14119,0.282199,0.080566,34550
E14000975,E12000005,Stone,,West Midlands,England,County,Conservative,Con,PP52,4,,Bill,Cash,Male,Yes,Yes,288,31614,0.631876,0.084726,2603
E14000976,E12000005,Stourbridge,,West Midlands,England,Borough,Green Party,Green,PP63,44,,Andi,Mohr,Male,No,No,,493,0.010459,-0.011722,16338
E14000976,E12000005,Stourbridge,,West Midlands,England,Borough,Liberal Democrat,LD,PP90,17,,Christopher,Bramall,Male,No,No,,1083,0.022977,-0.010437,2601
E14000976,E12000005,Stourbridge,,West Midlands,England,Borough,UK Independence Party,UKIP,PP85,35,,Glen,Wilson,Male,No,No,,1801,0.038209,-0.130684,16263
E14000976,E12000005,Stourbridge,,West Midlands,England,Borough,Labour,Lab,PP53,15,,Pete,Lowe,Male,No,No,,18052,0.382985,0.067945,4443
E14000976,E12000005,Stourbridge,,West Midlands,England,Borough,Conservative,Con,PP52,4,,Margot,James,Female,Yes,Yes,4115,25706,0.545370,0.084899,2600
N06000016,N92000002,Strangford,,Northern Ireland,Northern Ireland,County,Conservative,Con,PP51,4,,Claire,Hiscott,Female,No,No,,507,0.013084,-0.050794,35131
N06000016,N92000002,Strangford,,Northern Ireland,Northern Ireland,County,Green Party Northern Ireland,Green,PP305,1113,,Ricky,Bamford,Female,No,No,,607,0.015665,,19706
N06000016,N92000002,Strangford,,Northern Ireland,Northern Ireland,County,Sinn Féin,SF,PP39,30,,Carole,Murphy,Female,No,No,,1083,0.027949,0.002127,35132
N06000016,N92000002,Strangford,,Northern Ireland,Northern Ireland,County,Social Democratic & Labour Party,SDLP,PP55,31,,Joe,Boyle,Male,No,No,,2404,0.062040,-0.006790,7179
N06000016,N92000002,Strangford,,Northern Ireland,Northern Ireland,County,Ulster Unionist Party,UUP,PP83,38,,Mike,Nesbitt,Male,No,No,,4419,0.114042,-0.029456,302
N06000016,N92000002,Strangford,,Northern Ireland,Northern Ireland,County,Alliance,APNI,PP103,1,,Kellie,Armstrong,Female,No,No,,5693,0.146920,0.008758,4590
N06000016,N92000002,Strangford,,Northern Ireland,Northern Ireland,County,Democratic Unionist Party,DUP,PP70,7,,Jim,Shannon,Male,Yes,Yes,4131,24036,0.620300,0.176573,3066
E14000977,E12000005,Stratford-on-Avon,,West Midlands,England,County,Independent,Ind,,8,,Tom,Darwood,Male,No,No,,219,0.004091,,2313
E14000977,E12000005,Stratford-on-Avon,,West Midlands,England,County,Independent,Ind,,8,,Jandy,Spurway,Female,No,No,,255,0.004764,,35128
E14000977,E12000005,Stratford-on-Avon,,West Midlands,England,County,Green Party,Green,PP63,44,,Dominic,Giles,Male,No,No,,1345,0.025125,-0.016228,6064
E14000977,E12000005,Stratford-on-Avon,,West Midlands,England,County,Liberal Democrat,LD,PP90,17,,Elizabeth,Adams,Female,No,No,,6357,0.118751,-0.001383,4535
E14000977,E12000005,Stratford-on-Avon,,West Midlands,England,County,Labour,Lab,PP53,15,,Jeff,Kenner,Male,No,No,,11699,0.218542,0.088788,4444
E14000977,E12000005,Stratford-on-Avon,,West Midlands,England,County,Conservative,Con,PP52,4,,Nadhim,Zahawi,Male,Yes,Yes,4113,33657,0.628727,0.052073,75
E14000978,E12000007,Streatham,,London,England,Borough,UK Independence Party,UKIP,PP85,35,,Robert,Stephenson,Male,No,No,,349,0.006255,-0.025828,6814
E14000978,E12000007,Streatham,,London,England,Borough,Green Party,Green,PP63,44,,Nicole,Griffiths,Female,No,No,,1696,0.030397,-0.058142,34225
E14000978,E12000007,Streatham,,London,England,Borough,Liberal Democrat,LD,PP90,17,,Alex,Davies,Male,No,No,,3611,0.064719,-0.025221,34339
E14000978,E12000007,Streatham,,London,England,Borough,Conservative,Con,PP52,4,,Kim,Caddy,Female,No,No,,11927,0.213765,-0.037372,4232
E14000978,E12000007,Streatham,,London,England,Borough,Labour,Lab,PP53,15,,Chuka,Umunna,Male,Yes,Yes,4128,38212,0.684864,0.154674,2918
E14000979,E12000002,Stretford and Urmston,,North West,England,Borough,Christian Peoples Alliance,CPA,PP79,80,,Rose,Doman,Female,No,No,,122,0.002431,,34933
E14000979,E12000002,Stretford and Urmston,,North West,England,Borough,Green Party,Green,PP63,44,,Michael,Ingleson,Male,No,No,,641,0.012771,-0.034377,34404
E14000979,E12000002,Stretford and Urmston,,North West,England,Borough,Liberal Democrat,LD,PP90,17,,Anna,Fryer,Female,No,No,,1001,0.019944,-0.009418,34656
E14000979,E12000002,Stretford and Urmston,,North West,England,Borough,UK Independence Party,UKIP,PP85,35,,Andrew,Beaumont,Male,No,No,,1094,0.021797,-0.087460,13760
E14000979,E12000002,Stretford and Urmston,,North West,England,Borough,Conservative,Con,PP52,4,,Lisa,Cooke,Female,No,No,,13814,0.275229,-0.003217,5710
E14000979,E12000002,Stretford and Urmston,,North West,England,Borough,Labour,Lab,PP53,15,,Kate,Green,Female,Yes,Yes,4120,33519,0.667829,0.137475,3659
E14000980,E12000009,Stroud,,South West,England,County,UK Independence Party,UKIP,PP85,35,,Glenville,Gogerly,Male,No,No,,1039,0.016281,-0.063431,20008
E14000980,E12000009,Stroud,,South West,England,County,Green Party,Green,PP63,44,,Sarah,Lunnon,Female,No,No,,1423,0.022298,-0.023394,6557
E14000980,E12000009,Stroud,,South West,England,County,Liberal Democrat,LD,PP90,17,,Max,Wilkinson,Male,No,No,5055,2053,0.032171,-0.002128,35082
E14000980,E12000009,Stroud,,South West,England,County,Conservative,Con,PP52,4,,Neil,Carmichael,Male,Yes,Yes,4104,29307,0.459242,0.001934,2922
E14000980,E12000009,Stroud,,South West,England,County,Labour and Co-operative,Lab,PP53,15,PP119,David,Drew,Male,No,Yes,252,29994,0.470008,0.092708,2919
E14000981,E12000006,Suffolk Coastal,,East of England,England,County,Independent,Ind,,8,,Philip,Young,Male,No,No,,810,0.013948,,34626
E14000981,E12000006,Suffolk Coastal,,East of England,England,County,Green Party,Green,PP63,44,,Eamonn,O'Nolan,Male,No,No,,1802,0.031029,-0.028222,30200
E14000981,E12000006,Suffolk Coastal,,East of England,England,County,Liberal Democrat,LD,PP90,17,,James,Sandbach,Male,No,No,,4048,0.069704,-0.016222,888
E14000981,E12000006,Suffolk Coastal,,East of England,England,County,Labour,Lab,PP53,15,,Cameron,Matthews,Male,No,No,,17701,0.304801,0.124691,34459
E14000981,E12000006,Suffolk Coastal,,East of England,England,County,Conservative,Con,PP52,4,,Therese,Coffey,Female,Yes,Yes,4098,33713,0.580518,0.061487,84
E14000982,E12000001,Sunderland Central,,North East,England,Borough,Independent,Ind,,8,,Sean,Cockburn,Male,No,No,,305,0.006761,,35134
E14000982,E12000001,Sunderland Central,,North East,England,Borough,Green Party,Green,PP63,44,,Rachel,Featherstone,Female,No,No,,705,0.015628,-0.025222,6271
E14000982,E12000001,Sunderland Central,,North East,England,Borough,Liberal Democrat,LD,PP90,17,,Niall,Hodson,Male,No,No,,1777,0.039392,0.012932,11589
E14000982,E12000001,Sunderland Central,,North East,England,Borough,UK Independence Party,UKIP,PP85,35,,Gary,Leighton,Male,No,No,,2209,0.048968,-0.142522,35135
E14000982,E12000001,Sunderland Central,,North East,England,Borough,Conservative,Con,PP52,4,,Robert,Oliver,Male,No,No,,15059,0.333821,0.099637,4121
E14000982,E12000001,Sunderland Central,,North East,England,Borough,Labour,Lab,PP53,15,,Julie,Elliott,Female,Yes,Yes,4127,25056,0.555430,0.053562,3985
E14000983,E12000008,Surrey Heath,,South East,England,County,Green Party,Green,PP63,44,,Sharon,Galliford,Female,No,No,,2258,0.039051,-0.005042,34646
E14000983,E12000008,Surrey Heath,,South East,England,County,Liberal Democrat,LD,PP90,17,,Ann-Marie,Barker,Female,No,No,,6271,0.108454,0.017752,5078
E14000983,E12000008,Surrey Heath,,South East,England,County,Labour,Lab,PP53,15,,Laween,Atroshi,Male,No,No,,12175,0.210560,0.098492,4446
E14000983,E12000008,Surrey Heath,,South East,England,County,Conservative,Con,PP52,4,,Michael,Gove,Male,Yes,Yes,1571,37118,0.641936,0.043343,4014
E14000984,E12000007,Sutton and Cheam,,London,England,Borough,Green Party,Green,PP63,44,,Claire,Jackson-Prior,Female,No,No,,871,0.016760,-0.004300,34628
E14000984,E12000007,Sutton and Cheam,,London,England,Borough,Labour,Lab,PP53,15,,Bonnie,Craven,Female,No,No,,10663,0.205176,0.094045,34392
E14000984,E12000007,Sutton and Cheam,,London,England,Borough,Liberal Democrat,LD,PP90,17,,Amna,Ahmad,Female,No,No,,13869,0.266865,-0.069995,4536
E14000984,E12000007,Sutton and Cheam,,London,England,Borough,Conservative,Con,PP52,4,,Paul,Scully,Male,Yes,Yes,4414,26567,0.511199,0.095769,4233
E14000985,E12000005,Sutton Coldfield,,West Midlands,England,Borough,Independent,Ind,,8,,Hannah,Sophia,Female,No,No,,482,0.009119,,34900
E14000985,E12000005,Sutton Coldfield,,West Midlands,England,Borough,Green Party,Green,PP63,44,,David,Ratcliff,Male,No,No,,965,0.018256,-0.009785,6145
E14000985,E12000005,Sutton Coldfield,,West Midlands,England,Borough,Liberal Democrat,LD,PP90,17,,Jennifer,Wilkinson,Female,No,No,,2302,0.043551,-0.008107,10038
E14000985,E12000005,Sutton Coldfield,,West Midlands,England,Borough,Labour,Lab,PP53,15,,Rob,Pocock,Male,No,No,,16885,0.319441,0.095958,3035
E14000985,E12000005,Sutton Coldfield,,West Midlands,England,Borough,Conservative,Con,PP52,4,,Andrew,Mitchell,Male,Yes,Yes,1211,32224,0.609633,0.063324,681
W07000048,W92000004,Swansea East,,Wales,Wales,Borough,Green Party,Green,PP63,44,,Chris,Evans,Male,No,No,,359,0.010211,,34699
W07000048,W92000004,Swansea East,,Wales,Wales,Borough,Liberal Democrat,LD,PP90,17,,Charley,Hasted,Non-binary,No,No,,625,0.017776,-0.023630,34562
W07000048,W92000004,Swansea East,,Wales,Wales,Borough,UK Independence Party,UKIP,PP85,35,,Clifford,Johnson,Male,No,No,,1040,0.029580,-0.142322,5865
W07000048,W92000004,Swansea East,,Wales,Wales,Borough,Plaid Cymru,PC,PP77,22,,Steffan,Phillips,Male,No,No,,1689,0.048039,-0.056012,28633
W07000048,W92000004,Swansea East,,Wales,Wales,Borough,Conservative,Con,PP52,4,,Dan,Boucher,Male,No,No,,9139,0.259933,0.106980,12598
W07000048,W92000004,Swansea East,,Wales,Wales,Borough,Labour,Lab,PP53,15,,Carolyn,Harris,Female,Yes,Yes,4480,22307,0.634461,0.104774,5787
W07000047,W92000004,Swansea West,,Wales,Wales,Borough,The Socialist Party of Great Britain,SPGB,PP110,192,,Brian,Johnson,Male,No,No,,92,0.002468,0.001074,5681
W07000047,W92000004,Swansea West,,Wales,Wales,Borough,Green Party,Green,PP63,44,,Mike,Whittall,Male,No,No,,434,0.011641,-0.039104,12617
W07000047,W92000004,Swansea West,,Wales,Wales,Borough,Liberal Democrat,LD,PP90,17,,Michael,O'Carroll,Male,No,No,,1269,0.034038,-0.056359,34563
W07000047,W92000004,Swansea West,,Wales,Wales,Borough,Plaid Cymru,PC,PP77,22,,Rhydian,Fitter,Male,No,No,,1529,0.041012,-0.023444,28585
W07000047,W92000004,Swansea West,,Wales,Wales,Borough,Conservative,Con,PP52,4,,Craig,Lawton,Male,No,No,,11680,0.313288,0.087693,9447
W07000047,W92000004,Swansea West,,Wales,Wales,Borough,Labour and Co-operative,Lab,PP53,15,PP119,Geraint,Davies,Male,Yes,Yes,155,22278,0.597554,0.171823,3608
E14000986,E12000005,Tamworth,,West Midlands,England,County,Liberal Democrat,LD,PP90,17,,Jenny,Pinkett,Female,No,No,,1961,0.041626,0.011376,4034
E14000986,E12000005,Tamworth,,West Midlands,England,County,Labour,Lab,PP53,15,,Andrew,Hammond,Male,No,No,,16401,0.348143,0.087321,34782
E14000986,E12000005,Tamworth,,West Midlands,England,County,Conservative,Con,PP52,4,,Christopher,Pincher,Male,Yes,Yes,4075,28748,0.610231,0.109829,3706
E14000987,E12000002,Tatton,,North West,England,County,Independent,Ind,,8,,Quentin,Abel,Male,No,No,,920,0.018731,,35064
E14000987,E12000002,Tatton,,North West,England,County,Green Party,Green,PP63,44,,Nigel,Hennerley,Male,No,No,,1024,0.020849,-0.016990,34124
E14000987,E12000002,Tatton,,North West,England,County,Liberal Democrat,LD,PP90,17,,Gareth,Wilson,Male,No,No,,4431,0.090215,0.005222,5257
E14000987,E12000002,Tatton,,North West,England,County,Labour,Lab,PP53,15,,Sam,Rushworth,Male,No,No,5108,13977,0.284571,0.101097,4270
E14000987,E12000002,Tatton,,North West,England,County,Conservative,Con,PP52,4,,Esther,McVey,Female,No,Yes,4084,28764,0.585634,-0.000529,3524
E14000988,E12000009,Taunton Deane,,South West,England,County,Green Party,Green,PP63,44,,Clive,Martin,Male,No,No,,1151,0.018254,-0.027179,5407
E14000988,E12000009,Taunton Deane,,South West,England,County,UK Independence Party,UKIP,PP85,35,,Alan,Dimmick,Male,No,No,,1434,0.022743,-0.096818,6469
E14000988,E12000009,Taunton Deane,,South West,England,County,Labour,Lab,PP53,15,,Martin,Jevon,Male,No,No,,9689,0.153664,0.061295,3811
E14000988,E12000009,Taunton Deane,,South West,England,County,Liberal Democrat,LD,PP90,17,,Gideon,Amos,Male,No,No,,17446,0.276688,0.063203,35085
E14000988,E12000009,Taunton Deane,,South West,England,County,Conservative,Con,PP52,4,,Rebecca,Pow,Female,Yes,Yes,4522,33333,0.528651,0.047558,4234
E14000989,E12000005,Telford,,West Midlands,England,Borough,Green Party,Green,PP63,44,,Luke,Shirley,Male,No,No,,898,0.020096,-0.002785,34576
E14000989,E12000005,Telford,,West Midlands,England,Borough,Liberal Democrat,LD,PP90,17,,Susan,King,Female,No,No,,954,0.021349,-0.001458,35120
E14000989,E12000005,Telford,,West Midlands,England,Borough,Labour,Lab,PP53,15,,Kuldip,Sahota,Male,No,No,,21057,0.471221,0.093217,34353
E14000989,E12000005,Telford,,West Midlands,England,Borough,Conservative,Con,PP52,4,,Lucy,Allan,Female,Yes,Yes,4411,21777,0.487334,0.091369,4235
E14000990,E12000009,Tewkesbury,,South West,England,County,UK Independence Party,UKIP,PP85,35,,Simon,Collins,Male,No,No,,1205,0.020395,-0.108400,17132
E14000990,E12000009,Tewkesbury,,South West,England,County,Green Party,Green,PP63,44,,Cate,Cody,Female,No,No,,1576,0.026674,-0.013204,32644
E14000990,E12000009,Tewkesbury,,South West,England,County,Liberal Democrat,LD,PP90,17,,Cait,Clucas,Female,No,No,,7981,0.135079,-0.002768,32401
E14000990,E12000009,Tewkesbury,,South West,England,County,Labour,Lab,PP53,15,,Manjinder,Kang,Male,No,No,,12874,0.217893,0.069657,4771
E14000990,E12000009,Tewkesbury,,South West,England,County,Conservative,Con,PP52,4,,Laurence,Robertson,Male,Yes,Yes,253,35448,0.599959,0.054715,1900
E14000991,E12000009,The Cotswolds,,South West,England,County,Independent,Ind,,8,,James,Steel,Male,No,No,,107,0.001792,,34690
E14000991,E12000009,The Cotswolds,,South West,England,County,UK Independence Party,UKIP,PP85,35,,Chris,Harlow,Male,No,No,,1197,0.020050,-0.089150,31912
E14000991,E12000009,The Cotswolds,,South West,England,County,Green Party,Green,PP63,44,,Sabrina,Poole,Female,No,No,,1747,0.029262,-0.017079,31895
E14000991,E12000009,The Cotswolds,,South West,England,County,Liberal Democrat,LD,PP90,17,,Andrew,Gant,Male,No,No,,9748,0.163278,-0.023215,8867
E14000991,E12000009,The Cotswolds,,South West,England,County,Labour,Lab,PP53,15,,Mark,Huband,Male,No,No,,10702,0.179257,0.086787,18431
E14000991,E12000009,The Cotswolds,,South West,England,County,Conservative,Con,PP52,4,,Geoffrey,Clifton-Brown,Male,Yes,Yes,249,36201,0.606362,0.040865,3809
E14000992,E12000005,The Wrekin,,West Midlands,England,County,Independent,Ind,,8,,Fay,Easton,Female,No,No,,380,0.007673,,34533
E14000992,E12000005,The Wrekin,,West Midlands,England,County,Green Party,Green,PP63,44,,Pat,McCarthy,Male,No,No,,804,0.016235,-0.015523,34577
E14000992,E12000005,The Wrekin,,West Midlands,England,County,Liberal Democrat,LD,PP90,17,,Rod,Keyes,Male,No,No,,1345,0.027159,-0.015956,6331
E14000992,E12000005,The Wrekin,,West Midlands,England,County,UK Independence Party,UKIP,PP85,35,,Denis,Allen,Male,No,No,,1656,0.033439,-0.134266,1352
E14000992,E12000005,The Wrekin,,West Midlands,England,County,Labour,Lab,PP53,15,,Dylan,Harrison,Male,No,No,,17887,0.361186,0.100693,34365
E14000992,E12000005,The Wrekin,,West Midlands,England,County,Conservative,Con,PP52,4,,Mark,Pritchard,Male,Yes,Yes,1576,27451,0.554308,0.057378,1616
E14000993,E12000003,Thirsk and Malton,,Yorkshire and The Humber,England,County,Independent,Ind,,8,,Philip,Tate,Male,No,No,,542,0.009691,,7243
E14000993,E12000003,Thirsk and Malton,,Yorkshire and The Humber,England,County,Liberal,Lib,PP54,16,,John,Clark,Male,No,No,,753,0.013463,-0.008059,3514
E14000993,E12000003,Thirsk and Malton,,Yorkshire and The Humber,England,County,Green Party,Green,PP63,44,,Martin,Brampton,Male,No,No,,1100,0.019668,-0.026241,6288
E14000993,E12000003,Thirsk and Malton,,Yorkshire and The Humber,England,County,UK Independence Party,UKIP,PP85,35,,Toby,Horton,Male,No,No,,1532,0.027392,-0.121658,3352
E14000993,E12000003,Thirsk and Malton,,Yorkshire and The Humber,England,County,Liberal Democrat,LD,PP90,17,,Dinah,Keal,Female,No,No,,3859,0.068998,-0.020814,4802
E14000993,E12000003,Thirsk and Malton,,Yorkshire and The Humber,England,County,Labour,Lab,PP53,15,,Alan,Avery,Male,No,No,,14571,0.260527,0.106053,4801
E14000993,E12000003,Thirsk and Malton,,Yorkshire and The Humber,England,County,Conservative,Con,PP52,4,,Kevin,Hollinrake,Male,Yes,Yes,4474,33572,0.600261,0.074242,4236
E14000994,E12000009,Thornbury and Yate,,South West,England,County,Green Party,Green,PP63,44,,Iain,Hamilton,Male,No,No,,633,0.012488,-0.014607,5411
E14000994,E12000009,Thornbury and Yate,,South West,England,County,Labour,Lab,PP53,15,,Brian,Mead,Male,No,No,,6112,0.120576,0.042853,10590
E14000994,E12000009,Thornbury and Yate,,South West,England,County,Liberal Democrat,LD,PP90,17,,Claire,Young,Female,No,No,5140,15937,0.314401,-0.065030,34123
E14000994,E12000009,Thornbury and Yate,,South West,England,County,Conservative,Con,PP52,4,,Luke,Hall,Male,Yes,Yes,4450,28008,0.552535,0.142323,4237
E14000995,E12000006,Thurrock,,East of England,England,Borough,Liberal Democrat,LD,PP90,17,,Kevin,McNamara,Male,No,No,,798,0.015857,0.002864,6263
E14000995,E12000006,Thurrock,,East of England,England,Borough,UK Independence Party,UKIP,PP85,35,,Tim,Aker,Male,No,No,,10112,0.200934,-0.116191,4923
E14000995,E12000006,Thurrock,,East of England,England,Borough,Labour,Lab,PP53,15,,John,Kent,Male,No,No,,19535,0.388177,0.062214,16370
E14000995,E12000006,Thurrock,,East of England,England,Borough,Conservative,Con,PP52,4,,Jackie,Doyle-Price,Female,Yes,Yes,4065,19880,0.395032,0.058256,4098
E14000996,E12000009,Tiverton and Honiton,,South West,England,County,Green Party,Green,PP63,44,,Gill,Westcott,Female,No,No,,2035,0.035198,-0.028321,27195
E14000996,E12000009,Tiverton and Honiton,,South West,England,County,Liberal Democrat,LD,PP90,17,,Matthew,Wilson,Male,No,No,,4639,0.080239,-0.024406,34511
E14000996,E12000009,Tiverton and Honiton,,South West,England,County,Labour,Lab,PP53,15,,Caroline,Kolek,Female,No,No,,15670,0.271037,0.143905,4452
E14000996,E12000009,Tiverton and Honiton,,South West,England,County,Conservative,Con,PP52,4,,Neil,Parish,Male,Yes,Yes,4072,35471,0.613526,0.073563,1638
E14000997,E12000008,Tonbridge and Malling,,South East,England,County,UK Independence Party,UKIP,PP85,35,,Colin,Bullen,Male,No,No,,1857,0.032632,-0.119278,35087
E14000997,E12000008,Tonbridge and Malling,,South East,England,County,Green Party,Green,PP63,44,,April,Clark,Female,No,No,,2335,0.041032,-0.003052,28573
E14000997,E12000008,Tonbridge and Malling,,South East,England,County,Liberal Democrat,LD,PP90,17,,Keith,Miller,Male,No,No,,3787,0.066547,-0.001647,7034
E14000997,E12000008,Tonbridge and Malling,,South East,England,County,Labour,Lab,PP53,15,,Dylan,Jones,Male,No,No,,12710,0.223347,0.081666,34476
E14000997,E12000008,Tonbridge and Malling,,South East,England,County,Conservative,Con,PP52,4,,Tom,Tugendhat,Male,Yes,Yes,4462,36218,0.636442,0.042311,4238
E14000998,E12000007,Tooting,,London,England,Borough,UK Independence Party,UKIP,PP85,35,,Ryan,Coshall,Male,No,No,,339,0.005828,-0.022886,34846
E14000998,E12000007,Tooting,,London,England,Borough,Green Party,Green,PP63,44,,Esther,Obiri-Darko,Female,No,No,,845,0.014526,-0.026592,4749
E14000998,E12000007,Tooting,,London,England,Borough,Liberal Democrat,LD,PP90,17,,Alexander,Glassbrook,Male,No,No,,3057,0.052552,0.013190,34625
E14000998,E12000007,Tooting,,London,England,Borough,Conservative,Con,PP52,4,,Dan,Watkins,Male,No,No,,19236,0.330680,-0.088177,4239
E14000998,E12000007,Tooting,,London,England,Borough,Labour,Lab,PP53,15,,Rosena,Allin-Khan,Female,Yes,Yes,4573,34694,0.596414,0.124464,34186
E14000999,E12000009,Torbay,,South West,England,Borough,Green Party,Green,PP63,44,,Sam,Moss,Male,No,No,,652,0.012741,-0.019643,3471
E14000999,E12000009,Torbay,,South West,England,Borough,UK Independence Party,UKIP,PP85,35,,Tony,McIntyre,Male,No,No,,1213,0.023703,-0.112323,3810
E14000999,E12000009,Torbay,,South West,England,Borough,Labour,Lab,PP53,15,,Paul,Raybould,Male,No,No,,9310,0.181928,0.095279,34344
E14000999,E12000009,Torbay,,South West,England,Borough,Liberal Democrat,LD,PP90,17,,Deborah,Brewer,Female,No,No,,12858,0.251260,-0.087037,34343
E14000999,E12000009,Torbay,,South West,England,Borough,Conservative,Con,PP52,4,,Kevin,Foster,Male,Yes,Yes,4451,27141,0.530367,0.123724,2830
W07000053,W92000004,Torfaen,,Wales,Wales,County,Liberal Democrat,LD,PP90,17,,Andrew,Best,Male,No,No,,852,0.022171,-0.011332,34918
W07000053,W92000004,Torfaen,,Wales,Wales,County,UK Independence Party,UKIP,PP85,35,,Ian,Williams,Male,No,No,,1490,0.038773,-0.151095,26914
W07000053,W92000004,Torfaen,,Wales,Wales,County,Plaid Cymru,PC,PP77,22,,Jeff,Rees,Male,No,No,,2059,0.053579,-0.003594,2731
W07000053,W92000004,Torfaen,,Wales,Wales,County,Conservative,Con,PP52,4,,Graham,Smith,Male,No,No,,11894,0.309506,0.078359,5859
W07000053,W92000004,Torfaen,,Wales,Wales,County,Labour,Lab,PP53,15,,Nick,Thomas-Symonds,Male,Yes,Yes,4479,22134,0.575971,0.129494,6689
E14001000,E12000009,Torridge and West Devon,,South West,England,County,Independent,Ind,,8,,Robin,Julian,Male,No,No,,794,0.013349,,5433
E14001000,E12000009,Torridge and West Devon,,South West,England,County,Green Party,Green,PP63,44,,Chris,Jordan,Male,No,No,,1622,0.027270,-0.042379,35088
E14001000,E12000009,Torridge and West Devon,,South West,England,County,Liberal Democrat,LD,PP90,17,,David,Chalmers,Male,No,No,,10526,0.176967,0.044721,26656
E14001000,E12000009,Torridge and West Devon,,South West,England,County,Labour and Co-operative,Lab,PP53,15,PP119,Vince,Barry,Male,No,No,,12926,0.217317,0.111015,17652
E14001000,E12000009,Torridge and West Devon,,South West,England,County,Conservative,Con,PP52,4,,Geoffrey,Cox,Male,Yes,Yes,1508,33612,0.565098,0.056579,552
E14001001,E12000009,Totnes,,South West,England,County,UK Independence Party,UKIP,PP85,35,,Steven,Harvey,Male,No,No,,1240,0.024667,-0.116659,24636
E14001001,E12000009,Totnes,,South West,England,County,Green Party,Green,PP63,44,,Jacqi,Hodgson,Female,No,No,,2097,0.041715,-0.061158,27119
E14001001,E12000009,Totnes,,South West,England,County,Liberal Democrat,LD,PP90,17,,Julian,Brazil,Male,No,No,,6466,0.128625,0.029532,1032
E14001001,E12000009,Totnes,,South West,England,County,Labour,Lab,PP53,15,,Gerrie,Messer,Female,No,No,,13495,0.268450,0.141309,27215
E14001001,E12000009,Totnes,,South West,England,County,Conservative,Con,PP52,4,,Sarah,Wollaston,Female,Yes,Yes,4073,26972,0.536543,0.006976,548
E14001002,E12000007,Tottenham,,London,England,Borough,UK Independence Party,UKIP,PP85,35,,Patricia,Rumble,Female,No,No,,462,0.009364,-0.026164,34848
E14001002,E12000007,Tottenham,,London,England,Borough,Green Party,Green,PP63,44,,Jarelle,Francis,Male,No,No,,1276,0.025862,-0.066506,34623
E14001002,E12000007,Tottenham,,London,England,Borough,Liberal Democrat,LD,PP90,17,,Brian,Haley,Male,No,No,,1687,0.034192,-0.007069,34847
E14001002,E12000007,Tottenham,,London,England,Borough,Conservative,Con,PP52,4,,Myles,Stacey,Male,No,No,,5665,0.114818,-0.004784,34849
E14001002,E12000007,Tottenham,,London,England,Borough,Labour,Lab,PP53,15,,David,Lammy,Male,Yes,Yes,206,40249,0.815764,0.142471,4875
E14001003,E12000009,Truro and Falmouth,,South West,England,County,Green Party,Green,PP63,44,,Amanda,Pennington,Female,No,No,,831,0.014670,-0.072304,4804
E14001003,E12000009,Truro and Falmouth,,South West,England,County,UK Independence Party,UKIP,PP85,35,,Duncan,Odgers,Male,No,No,,897,0.015835,-0.099930,6744
E14001003,E12000009,Truro and Falmouth,,South West,England,County,Liberal Democrat,LD,PP90,17,,Rob,Nolan,Male,No,No,,8465,0.149434,-0.018985,28977
E14001003,E12000009,Truro and Falmouth,,South West,England,County,Labour,Lab,PP53,15,,Jayne,Kirkham,Female,No,No,5279,21331,0.376560,0.224961,35100
E14001003,E12000009,Truro and Falmouth,,South West,England,County,Conservative,Con,PP52,4,,Sarah,Newton,Female,Yes,Yes,4071,25123,0.443501,0.003469,844
E14001004,E12000008,Tunbridge Wells,,South East,England,County,Women's Equality Party,WEP,PP2755,260,,Celine,Thomas,Female,No,No,,702,0.012950,,29147
E14001004,E12000008,Tunbridge Wells,,South East,England,County,Green Party,Green,PP63,44,,Trevor,Bisdee,Male,No,No,,1441,0.026582,-0.025121,27465
E14001004,E12000008,Tunbridge Wells,,South East,England,County,UK Independence Party,UKIP,PP85,35,,Chris,Hoare,Male,No,No,,1464,0.027007,-0.099014,10692
E14001004,E12000008,Tunbridge Wells,,South East,England,County,Liberal Democrat,LD,PP90,17,,Rachel,Sadler,Female,No,No,,5355,0.098784,0.014356,4480
E14001004,E12000008,Tunbridge Wells,,South East,England,County,Labour,Lab,PP53,15,,Charles,Woodgate,Male,No,No,,14391,0.265473,0.123390,29646
E14001004,E12000008,Tunbridge Wells,,South East,England,County,Conservative,Con,PP52,4,,Greg,Clark,Male,Yes,Yes,1578,30856,0.569204,-0.017655,1918
E14001005,E12000007,Twickenham,,London,England,Borough,Labour,Lab,PP53,15,,Katherine,Dunne,Female,No,No,,6114,0.092231,-0.022745,34393
E14001005,E12000007,Twickenham,,London,England,Borough,Conservative,Con,PP52,4,,Tania,Mathias,Female,Yes,Yes,4404,25207,0.380253,-0.032301,4240
E14001005,E12000007,Twickenham,,London,England,Borough,Liberal Democrat,LD,PP90,17,,Vince,Cable,Male,No,Yes,207,34969,0.527515,0.147492,3652
E14001006,E12000001,Tynemouth,,North East,England,Borough,Independent,Ind,,8,,Anthony,Jull,Male,No,No,,124,0.002181,,35105
E14001006,E12000001,Tynemouth,,North East,England,Borough,Green Party,Green,PP63,44,,Julia,Erskine,Female,No,No,,629,0.011063,-0.026642,10408
E14001006,E12000001,Tynemouth,,North East,England,Borough,UK Independence Party,UKIP,PP85,35,,Stuart,Houghton,Male,No,No,,1257,0.022108,-0.100165,24263
E14001006,E12000001,Tynemouth,,North East,England,Borough,Liberal Democrat,LD,PP90,17,,John,Appleby,Male,No,No,,1724,0.030321,0.000505,2912
E14001006,E12000001,Tynemouth,,North East,England,Borough,Conservative,Con,PP52,4,,Nick,Varley,Male,No,No,,20729,0.364575,0.036488,323
E14001006,E12000001,Tynemouth,,North East,England,Borough,Labour,Lab,PP53,15,,Alan,Campbell,Male,Yes,Yes,529,32395,0.569753,0.087633,2910
N06000017,N92000002,Upper Bann,,Northern Ireland,Northern Ireland,County,Alliance,APNI,PP103,1,,Tara,Doyle,Female,No,No,,2319,0.045242,0.007545,19744
N06000017,N92000002,Upper Bann,,Northern Ireland,Northern Ireland,County,Social Democratic & Labour Party,SDLP,PP55,31,,Declan,McAlinden,Male,No,No,,4397,0.085782,-0.003970,35099
N06000017,N92000002,Upper Bann,,Northern Ireland,Northern Ireland,County,Ulster Unionist Party,UUP,PP83,38,,Doug,Beattie,Male,No,No,,7900,0.154122,-0.124706,8150
N06000017,N92000002,Upper Bann,,Northern Ireland,Northern Ireland,County,Sinn Féin,SF,PP39,30,,John,O'Dowd,Male,No,No,,14325,0.279469,0.033953,3752
N06000017,N92000002,Upper Bann,,Northern Ireland,Northern Ireland,County,Democratic Unionist Party,DUP,PP70,7,,David,Simpson,Male,Yes,Yes,1597,22317,0.435386,0.108610,1857
E14001007,E12000007,Uxbridge and South Ruislip,,London,England,Borough,Green Party,Green,PP63,44,,Mark,Keir,Male,No,No,,884,0.018932,-0.012623,34481
E14001007,E12000007,Uxbridge and South Ruislip,,London,England,Borough,UK Independence Party,UKIP,PP85,35,,Elizabeth,Kemp,Female,No,No,,1577,0.033773,-0.107844,34840
E14001007,E12000007,Uxbridge and South Ruislip,,London,England,Borough,Liberal Democrat,LD,PP90,17,,Rosina,Robson,Female,No,No,,1835,0.039298,-0.010131,7839
E14001007,E12000007,Uxbridge and South Ruislip,,London,England,Borough,Labour,Lab,PP53,15,,Vincent,Lo,Male,No,No,,18682,0.400094,0.136409,34394
E14001007,E12000007,Uxbridge and South Ruislip,,London,England,Borough,Conservative,Con,PP52,4,,Boris,Johnson,Male,Yes,Yes,1423,23716,0.507903,0.005548,4546
W07000060,W92000004,Vale of Clwyd,,Wales,Wales,County,Liberal Democrat,LD,PP90,17,,Gwyn,Williams,Male,No,No,,666,0.017216,-0.008733,6326
W07000060,W92000004,Vale of Clwyd,,Wales,Wales,County,Plaid Cymru,PC,PP77,22,,David,Wyatt,Male,No,No,,1551,0.040094,-0.030409,25297
W07000060,W92000004,Vale of Clwyd,,Wales,Wales,County,Conservative,Con,PP52,4,,James,Davies,Male,Yes,Yes,4476,17044,0.440596,0.050363,4241
W07000060,W92000004,Vale of Clwyd,,Wales,Wales,County,Labour,Lab,PP53,15,,Chris,Ruane,Male,No,Yes,534,19423,0.502094,0.118582,3384
W07000078,W92000004,Vale of Glamorgan,,Wales,Wales,County,Pirate Party UK,Prte,PP770,132,,David,Elston,Male,No,No,,127,0.002364,,6966
W07000078,W92000004,Vale of Glamorgan,,Wales,Wales,County,Women's Equality Party,WEP,PP2755,260,,Sharon,Lovell,Female,No,No,,177,0.003295,,7848
W07000078,W92000004,Vale of Glamorgan,,Wales,Wales,County,Green Party,Green,PP63,44,,Stephen,Davis-Barker,Male,No,No,,419,0.007800,-0.012749,33477
W07000078,W92000004,Vale of Glamorgan,,Wales,Wales,County,UK Independence Party,UKIP,PP85,35,,Melanie,Hunter-Clarke,Female,No,No,,868,0.016158,-0.090854,26000
W07000078,W92000004,Vale of Glamorgan,,Wales,Wales,County,Liberal Democrat,LD,PP90,17,,Jennifer,Geroni,Female,No,No,,1020,0.018988,-0.006532,34608
W07000078,W92000004,Vale of Glamorgan,,Wales,Wales,County,Plaid Cymru,PC,PP77,22,,Ian,Johnson,Male,No,No,,2295,0.042723,-0.013210,2404
W07000078,W92000004,Vale of Glamorgan,,Wales,Wales,County,Labour,Lab,PP53,15,,Camilla,Beaven,Female,No,No,,23311,0.433951,0.107844,34000
W07000078,W92000004,Vale of Glamorgan,,Wales,Wales,County,Conservative,Con,PP52,4,,Alun,Cairns,Male,Yes,Yes,4086,25501,0.474720,0.014482,1923
E14001008,E12000007,Vauxhall,,London,England,Borough,Pirate Party UK,Prte,PP770,132,,Mark,Chapman,Male,No,No,,172,0.003125,-0.001068,4844
E14001008,E12000007,Vauxhall,,London,England,Borough,Women's Equality Party,WEP,PP2755,260,,Harini,Iyengar,Female,No,No,,539,0.009793,,7607
E14001008,E12000007,Vauxhall,,London,England,Borough,Green Party,Green,PP63,44,,Gulnar,Hasnain,Female,No,No,,1152,0.020929,-0.055373,5453
E14001008,E12000007,Vauxhall,,London,England,Borough,Conservative,Con,PP52,4,,Dolly,Theis,Female,No,No,,10277,0.186712,-0.085915,34493
E14001008,E12000007,Vauxhall,,London,England,Borough,Liberal Democrat,LD,PP90,17,,George,Turner,Male,No,No,,11326,0.205770,0.136685,34135
E14001008,E12000007,Vauxhall,,London,England,Borough,Labour,Lab,PP53,15,,Kate,Hoey,Female,Yes,Yes,210,31576,0.573671,0.035968,2914
E14001009,E12000003,Wakefield,,Yorkshire and The Humber,England,County,Independent,Ind,,8,,Waj,Ali,Male,No,No,,367,0.007929,,34722
E14001009,E12000003,Wakefield,,Yorkshire and The Humber,England,County,Liberal Democrat,LD,PP90,17,,Denis,Cronin,Male,No,No,,943,0.020374,-0.014136,6374
E14001009,E12000003,Wakefield,,Yorkshire and The Humber,England,County,The Yorkshire Party,Yrks,PP2055,262,,Lucy,Brown,Female,No,No,,1176,0.025408,,17212
E14001009,E12000003,Wakefield,,Yorkshire and The Humber,England,County,Conservative,Con,PP52,4,,Antony,Calvert,Male,No,No,,20811,0.449637,0.107841,5547
E14001009,E12000003,Wakefield,,Yorkshire and The Humber,England,County,Labour,Lab,PP53,15,,Mary,Creagh,Female,Yes,Yes,1579,22987,0.496651,0.094049,2655
E14001010,E12000002,Wallasey,,North West,England,Borough,Green Party,Green,PP63,44,,Lily,Clough,Female,No,No,,637,0.013174,-0.016527,12734
E14001010,E12000002,Wallasey,,North West,England,Borough,Liberal Democrat,LD,PP90,17,,Paul,Childs,Male,No,No,,772,0.015966,-0.007347,35916
E14001010,E12000002,Wallasey,,North West,England,Borough,UK Independence Party,UKIP,PP85,35,,Debbie,Caplin,Female,No,No,,1160,0.023990,-0.092760,11209
E14001010,E12000002,Wallasey,,North West,England,Borough,Conservative,Con,PP52,4,,Andy,Livsey,Male,No,No,,11232,0.232292,0.005663,34937
E14001010,E12000002,Wallasey,,North West,England,Borough,Labour,Lab,PP53,15,,Angela,Eagle,Female,Yes,Yes,491,34552,0.714578,0.110972,2917
E14001011,E12000005,Walsall North,,West Midlands,England,Borough,Liberal Democrat,LD,PP90,17,,Isabelle,Parasram,Female,No,No,,586,0.015373,-0.007401,7949
E14001011,E12000005,Walsall North,,West Midlands,England,Borough,UK Independence Party,UKIP,PP85,35,,Liz,Hazell,Female,No,No,,2295,0.060208,-0.160002,5493
E14001011,E12000005,Walsall North,,West Midlands,England,Borough,Labour,Lab,PP53,15,,David,Winnick,Male,Yes,Yes,316,16318,0.428092,0.037885,2485
E14001011,E12000005,Walsall North,,West Midlands,England,Borough,Conservative,Con,PP52,4,,Eddie,Hughes,Male,No,No,4635,18919,0.496327,0.158638,34351
E14001012,E12000005,Walsall South,,West Midlands,England,Borough,Liberal Democrat,LD,PP90,17,,Anna,Wellings Purvis,Female,No,No,,587,0.013319,-0.002838,20338
E14001012,E12000005,Walsall South,,West Midlands,England,Borough,UK Independence Party,UKIP,PP85,35,,Derek,Bennett,Male,No,No,,1805,0.040956,-0.115362,5952
E14001012,E12000005,Walsall South,,West Midlands,England,Borough,Conservative,Con,PP52,4,,James,Bird,Male,No,No,,16394,0.371982,0.043740,5369
E14001012,E12000005,Walsall South,,West Midlands,England,Borough,Labour,Lab,PP53,15,,Valerie,Vaz,Female,Yes,Yes,4076,25286,0.573743,0.101923,816
E14001013,E12000007,Walthamstow,,London,England,County,Green Party,Green,PP63,44,,Andrew,Johns,Male,No,No,,1190,0.024718,-0.038948,34567
E14001013,E12000007,Walthamstow,,London,England,County,Liberal Democrat,LD,PP90,17,,Ukonu,Obasi,Male,No,No,,1384,0.028748,-0.010993,34190
E14001013,E12000007,Walthamstow,,London,England,County,Conservative,Con,PP52,4,,Molly,Samuel- Leport,Female,No,No,,6776,0.140747,0.007146,4244
E14001013,E12000007,Walthamstow,,London,England,County,Labour and Co-operative,Lab,PP53,15,PP119,Stella,Creasy,Female,Yes,Yes,4088,38793,0.805787,0.117228,3774
E14001014,E12000001,Wansbeck,,North East,England,County,Green Party,Green,PP63,44,,Steven,Leyland,Male,No,No,,715,0.016842,-0.020897,34779
E14001014,E12000001,Wansbeck,,North East,England,County,UK Independence Party,UKIP,PP85,35,,Melanie,Hurst,Female,No,No,,1483,0.034932,-0.147117,4567
E14001014,E12000001,Wansbeck,,North East,England,County,Liberal Democrat,LD,PP90,17,,Joan,Tebbutt,Female,No,No,,2015,0.047463,-0.015011,24820
E14001014,E12000001,Wansbeck,,North East,England,County,Conservative,Con,PP52,4,,Chris,Galley,Male,No,No,,13903,0.327484,0.109824,5289
E14001014,E12000001,Wansbeck,,North East,England,County,Labour,Lab,PP53,15,,Ian,Lavery,Male,Yes,Yes,4139,24338,0.573279,0.073201,3057
E14001015,E12000008,Wantage,,South East,England,County,UK Independence Party,UKIP,PP85,35,,David,McLeod,Male,No,No,,1284,0.020188,-0.104778,25433
E14001015,E12000008,Wantage,,South East,England,County,Green Party,Green,PP63,44,,Sue,Ap-Roberts,Female,No,No,,1546,0.024307,-0.026893,24112
E14001015,E12000008,Wantage,,South East,England,County,Liberal Democrat,LD,PP90,17,,Christopher,Carrigan,Male,No,No,,9234,0.145184,0.014680,6260
E14001015,E12000008,Wantage,,South East,England,County,Labour and Co-operative,Lab,PP53,15,PP119,Rachel,Eden,Female,No,No,,17079,0.268529,0.108327,34477
E14001015,E12000008,Wantage,,South East,England,County,Conservative,Con,PP52,4,,Edward,Vaizey,Male,Yes,Yes,1580,34459,0.541791,0.008664,492
E14001016,E12000005,Warley,,West Midlands,England,Borough,Green Party,Green,PP63,44,,Mark,Redding,Male,No,No,,555,0.013804,-0.024923,6386
E14001016,E12000005,Warley,,West Midlands,England,Borough,Liberal Democrat,LD,PP90,17,,Bryan,Manley-Green,Male,No,No,,777,0.019325,-0.001954,18993
E14001016,E12000005,Warley,,West Midlands,England,Borough,UK Independence Party,UKIP,PP85,35,,Darryl,Magher,Male,No,No,,1349,0.033552,-0.131321,34262
E14001016,E12000005,Warley,,West Midlands,England,Borough,Conservative,Con,PP52,4,,Anthony,Mangnall,Male,No,No,4762,10521,0.261677,0.068439,34574
E14001016,E12000005,Warley,,West Midlands,England,Borough,Labour,Lab,PP53,15,,John,Spellar,Male,Yes,Yes,318,27004,0.671641,0.089759,3777
E14001017,E12000002,Warrington North,,North West,England,Borough,Green Party,Green,PP63,44,,Lyndsay,McAteer,Female,No,No,,619,0.012758,-0.015071,8998
E14001017,E12000002,Warrington North,,North West,England,Borough,Liberal Democrat,LD,PP90,17,,Stefan,Krizanac,Male,No,No,,1207,0.024878,-0.016537,5068
E14001017,E12000002,Warrington North,,North West,England,Borough,UK Independence Party,UKIP,PP85,35,,James,Ashington,Male,No,No,,1561,0.032174,-0.138613,854
E14001017,E12000002,Warrington North,,North West,England,Borough,Conservative,Con,PP52,4,,Valerie,Allen,Female,No,No,,17774,0.366346,0.084591,4117
E14001017,E12000002,Warrington North,,North West,England,Borough,Labour,Lab,PP53,15,,Helen,Jones,Female,Yes,Yes,432,27356,0.563844,0.085630,3482
E14001018,E12000002,Warrington South,,North West,England,Borough,Independent,Ind,,8,,John,Boulton,Male,No,No,,1217,0.019631,,35079
E14001018,E12000002,Warrington South,,North West,England,Borough,Liberal Democrat,LD,PP90,17,,Bob,Barr,Male,No,No,,3339,0.053859,-0.002330,5069
E14001018,E12000002,Warrington South,,North West,England,Borough,Conservative,Con,PP52,4,,David,Mowat,Male,Yes,Yes,4080,27445,0.442697,0.005853,34294
E14001018,E12000002,Warrington South,,North West,England,Borough,Labour,Lab,PP53,15,,Faisal,Rashid,Male,No,No,4670,29994,0.483813,0.093302,34292
E14001019,E12000005,Warwick and Leamington,,West Midlands,England,Borough,UK Independence Party,UKIP,PP85,35,,Bob,Dhillon,Male,No,No,,799,0.014781,-0.067918,5567
E14001019,E12000005,Warwick and Leamington,,West Midlands,England,Borough,Green Party,Green,PP63,44,,Jonathan,Chilvers,Male,No,No,,1198,0.022163,-0.017259,28239
E14001019,E12000005,Warwick and Leamington,,West Midlands,England,Borough,Liberal Democrat,LD,PP90,17,,Nick,Solman,Male,No,No,,2810,0.051984,0.002321,34926
E14001019,E12000005,Warwick and Leamington,,West Midlands,England,Borough,Conservative,Con,PP52,4,,Chris,White,Male,Yes,Yes,4114,24021,0.444381,-0.035029,3487
E14001019,E12000005,Warwick and Leamington,,West Midlands,England,Borough,Labour,Lab,PP53,15,,Matt,Western,Male,No,No,4617,25227,0.466691,0.117884,28219
E14001020,E12000001,Washington and Sunderland West,,North East,England,Borough,Green Party,Green,PP63,44,,Michal,Chantkowski,Male,No,No,,514,0.012668,-0.016615,11637
E14001020,E12000001,Washington and Sunderland West,,North East,England,Borough,Liberal Democrat,LD,PP90,17,,Tom,Appleby,Male,No,No,,961,0.023685,-0.002968,363
E14001020,E12000001,Washington and Sunderland West,,North East,England,Borough,UK Independence Party,UKIP,PP85,35,,Bryan,Foster,Male,No,No,,2761,0.068049,-0.128451,6659
E14001020,E12000001,Washington and Sunderland West,,North East,England,Borough,Conservative,Con,PP52,4,,Jonathan,Gullis,Male,No,No,4814,11699,0.288337,0.099567,20069
E14001020,E12000001,Washington and Sunderland West,,North East,England,Borough,Labour,Lab,PP53,15,,Sharon,Hodgson,Female,Yes,Yes,1521,24639,0.607261,0.057619,3067
E14001021,E12000006,Watford,,East of England,England,Borough,Green Party,Green,PP63,44,,Alex,Murray,Male,No,No,,721,0.012302,-0.011421,34879
E14001021,E12000006,Watford,,East of England,England,Borough,UK Independence Party,UKIP,PP85,35,,Ian,Green,Male,No,No,,1184,0.020201,-0.077414,17238
E14001021,E12000006,Watford,,East of England,England,Borough,Liberal Democrat,LD,PP90,17,,Ian,Stotesbury,Male,No,No,,5335,0.091025,-0.089779,15668
E14001021,E12000006,Watford,,East of England,England,Borough,Labour,Lab,PP53,15,,Chris,Ostrowski,Male,No,No,,24639,0.420389,0.160260,34366
E14001021,E12000006,Watford,,East of England,England,Borough,Conservative,Con,PP52,4,,Richard,Harrington,Male,Yes,Yes,4068,26731,0.456083,0.021525,1980
E14001022,E12000006,Waveney,,East of England,England,County,Independent,Ind,,8,,Allyson,Barron,Female,No,No,,326,0.006189,,2142
E14001022,E12000006,Waveney,,East of England,England,County,Liberal Democrat,LD,PP90,17,,Jacky,Howe,Female,No,No,,1012,0.019213,-0.001000,1206
E14001022,E12000006,Waveney,,East of England,England,County,Green Party,Green,PP63,44,,Elfrede,Brambley-Crawshaw,Female,No,No,,1332,0.025288,-0.008451,26308
E14001022,E12000006,Waveney,,East of England,England,County,UK Independence Party,UKIP,PP85,35,,Bert,Poole,Male,No,No,,1933,0.036697,-0.108524,31172
E14001022,E12000006,Waveney,,East of England,England,County,Labour,Lab,PP53,15,,Sonia,Barker,Female,No,No,,19428,0.368835,-0.008512,31152
E14001022,E12000006,Waveney,,East of England,England,County,Conservative,Con,PP52,4,,Peter,Aldous,Male,Yes,Yes,4069,28643,0.543779,0.120298,1808
E14001023,E12000008,Wealden,,South East,England,County,UK Independence Party,UKIP,PP85,35,,Nicola,Burton,Female,No,No,,1798,0.029737,-0.137599,34634
E14001023,E12000008,Wealden,,South East,England,County,Green Party,Green,PP63,44,,Colin,Stocks,Male,No,No,,1959,0.032399,-0.031143,30531
E14001023,E12000008,Wealden,,South East,England,County,Liberal Democrat,LD,PP90,17,,Chris,Bowers,Male,No,No,,6281,0.103880,0.013030,1254
E14001023,E12000008,Wealden,,South East,England,County,Labour,Lab,PP53,15,,Angela,Smith,Female,No,No,,13399,0.221603,0.113477,34596
E14001023,E12000008,Wealden,,South East,England,County,Conservative,Con,PP52,4,,Nusrat,Ghani,Female,Yes,Yes,4460,37027,0.612381,0.042235,85
E14001024,E12000002,Weaver Vale,,North West,England,County,Green Party,Green,PP63,44,,Christopher,Copeman,Male,No,No,,786,0.015530,-0.009712,6898
E14001024,E12000002,Weaver Vale,,North West,England,County,Liberal Democrat,LD,PP90,17,,Paul,Roberts,Male,No,No,,1623,0.032067,0.002302,7033
E14001024,E12000002,Weaver Vale,,North West,England,County,Conservative,Con,PP52,4,,Graham,Evans,Male,Yes,Yes,4081,22138,0.437398,0.005815,2092
E14001024,E12000002,Weaver Vale,,North West,England,County,Labour,Lab,PP53,15,,Mike,Amesbury,Male,No,No,4667,26066,0.515006,0.100621,34321
E14001025,E12000004,Wellingborough,,East Midlands,England,County,Green Party,Green,PP63,44,,Jonathan,Hornett,Male,No,No,,956,0.017956,-0.026025,4652
E14001025,E12000004,Wellingborough,,East Midlands,England,County,Liberal Democrat,LD,PP90,17,,Chris,Nelson,Male,No,No,,1782,0.033471,-0.010947,1327
E14001025,E12000004,Wellingborough,,East Midlands,England,County,UK Independence Party,UKIP,PP85,35,,Allan,Shipham,Male,No,No,,1804,0.033884,-0.161793,24799
E14001025,E12000004,Wellingborough,,East Midlands,England,County,Labour,Lab,PP53,15,,Andrea,Watts,Female,No,No,,18119,0.340327,0.145225,34456
E14001025,E12000004,Wellingborough,,East Midlands,England,County,Conservative,Con,PP52,4,,Peter,Bone,Male,Yes,Yes,1581,30579,0.574361,0.053540,1690
E14001026,E12000009,Wells,,South West,England,County,Christian Peoples Alliance,CPA,PP79,80,,Lorna,Corke,Female,No,No,,320,0.005259,,32589
E14001026,E12000009,Wells,,South West,England,County,Labour,Lab,PP53,15,,Andy,Merryfield,Male,No,No,,7129,0.117170,0.050743,1698
E14001026,E12000009,Wells,,South West,England,County,Liberal Democrat,LD,PP90,17,,Tessa,Munt,Female,No,Yes,4089,22906,0.376477,0.048521,1699
E14001026,E12000009,Wells,,South West,England,County,Conservative,Con,PP52,4,,James,Heappey,Male,Yes,Yes,4528,30488,0.501093,0.039842,4245
E14001027,E12000006,Welwyn Hatfield,,East of England,England,County,Independent,Ind,,8,,Melvyn,Jones,Male,No,No,,178,0.003445,,18211
E14001027,E12000006,Welwyn Hatfield,,East of England,England,County,Green Party,Green,PP63,44,,Christianne,Sayers,Female,No,No,,835,0.016161,-0.018537,18115
E14001027,E12000006,Welwyn Hatfield,,East of England,England,County,UK Independence Party,UKIP,PP85,35,,Dean,Milliken,Male,No,No,,1441,0.027889,-0.102696,18183
E14001027,E12000006,Welwyn Hatfield,,East of England,England,County,Liberal Democrat,LD,PP90,17,,Nigel,Quinton,Male,No,No,,3836,0.074242,0.011698,24403
E14001027,E12000006,Welwyn Hatfield,,East of England,England,County,Labour,Lab,PP53,15,,Anawar,Miah,Male,No,No,,19005,0.367822,0.106334,4463
E14001027,E12000006,Welwyn Hatfield,,East of England,England,County,Conservative,Con,PP52,4,,Grant,Shapps,Male,Yes,Yes,1582,26374,0.510441,0.006886,2595
E14001028,E12000003,Wentworth and Dearne,,Yorkshire and The Humber,England,County,Liberal Democrat,LD,PP90,17,,Janice,Middleton,Female,No,No,,1656,0.037682,0.011402,6589
E14001028,E12000003,Wentworth and Dearne,,Yorkshire and The Humber,England,County,Conservative,Con,PP52,4,,Steven,Jackson,Male,No,No,,13744,0.312740,0.163605,6536
E14001028,E12000003,Wentworth and Dearne,,Yorkshire and The Humber,England,County,Labour,Lab,PP53,15,,John,Healey,Male,Yes,Yes,400,28547,0.649578,0.080660,3361
S14000058,S92000003,West Aberdeenshire and Kincardine,,Scotland,Scotland,County,Liberal Democrat,LD,PP90,17,,John,Waddell,Male,No,No,,4461,0.086412,-0.127589,8221
S14000058,S92000003,West Aberdeenshire and Kincardine,,Scotland,Scotland,County,Labour,Lab,PP53,15,,Barry,Black,Male,No,No,,5706,0.110528,0.065470,4464
S14000058,S92000003,West Aberdeenshire and Kincardine,,Scotland,Scotland,County,Scottish National Party,SNP,PP102,29,,Stuart,Donaldson,Male,Yes,Yes,4377,16754,0.324533,-0.091240,6057
S14000058,S92000003,West Aberdeenshire and Kincardine,,Scotland,Scotland,County,Conservative,Con,PP52,4,,Andrew,Bowie,Male,No,No,4601,24704,0.478528,0.190174,34501
E14001029,E12000005,West Bromwich East,,West Midlands,England,Borough,Independent,Ind,,8,,Colin,Rankine,Male,No,No,,325,0.008312,,35017
E14001029,E12000005,West Bromwich East,,West Midlands,England,Borough,Green Party,Green,PP63,44,,John,Macefield,Male,No,No,,533,0.013632,-0.003118,18973
E14001029,E12000005,West Bromwich East,,West Midlands,England,Borough,Liberal Democrat,LD,PP90,17,,Karen,Trench,Female,No,No,,625,0.015985,-0.004045,7027
E14001029,E12000005,West Bromwich East,,West Midlands,England,Borough,Conservative,Con,PP52,4,,Emma,Crane,Female,No,No,,14951,0.382398,0.133092,35016
E14001029,E12000005,West Bromwich East,,West Midlands,England,Borough,Labour,Lab,PP53,15,,Tom,Watson,Male,Yes,Yes,1463,22664,0.579672,0.077778,2252
E14001030,E12000005,West Bromwich West,,West Midlands,England,Borough,Green Party,Green,PP63,44,,Robert,Buckman,Male,No,No,,323,0.008949,-0.010951,5373
E14001030,E12000005,West Bromwich West,,West Midlands,England,Borough,Liberal Democrat,LD,PP90,17,,Flo,Clucas,Female,No,No,,333,0.009226,-0.006477,7028
E14001030,E12000005,West Bromwich West,,West Midlands,England,Borough,UK Independence Party,UKIP,PP85,35,,Star,Anderton,Female,No,No,,2320,0.064277,-0.187993,34213
E14001030,E12000005,West Bromwich West,,West Midlands,England,Borough,Conservative,Con,PP52,4,,Andrew,Hardie,Male,No,No,,14329,0.396991,0.158169,2251
E14001030,E12000005,West Bromwich West,,West Midlands,England,Borough,Labour and Co-operative,Lab,PP53,15,PP119,Adrian,Bailey,Male,Yes,Yes,320,18789,0.520557,0.047252,1466
E14001031,E12000009,West Dorset,,South West,England,County,Green Party,Green,PP63,44,,Kelvin,Clayton,Male,No,No,,1631,0.027367,-0.030057,23741
E14001031,E12000009,West Dorset,,South West,England,County,Labour,Lab,PP53,15,,Lee,Rhodes,Male,No,No,,10896,0.182825,0.083052,35021
E14001031,E12000009,West Dorset,,South West,England,County,Liberal Democrat,LD,PP90,17,,Andy,Canning,Male,No,No,,13990,0.234739,0.018667,6317
E14001031,E12000009,West Dorset,,South West,England,County,Conservative,Con,PP52,4,,Oliver,Letwin,Male,Yes,Yes,247,33081,0.555069,0.053298,2256
S14000059,S92000003,West Dunbartonshire,,Scotland,Scotland,County,Liberal Democrat,LD,PP90,17,,Rebecca,Plenderleith,Female,No,No,,1009,0.022889,0.006933,9174
S14000059,S92000003,West Dunbartonshire,,Scotland,Scotland,County,Conservative,Con,PP52,4,,Penny,Hutton,Female,No,No,,7582,0.171994,0.101659,21415
S14000059,S92000003,West Dunbartonshire,,Scotland,Scotland,County,Labour,Lab,PP53,15,,Jean Anne,Mitchell,Female,No,No,,16602,0.376608,0.063219,34281
S14000059,S92000003,West Dunbartonshire,,Scotland,Scotland,County,Scottish National Party,SNP,PP102,29,,Martin,Docherty-Hughes,Male,Yes,Yes,4374,18890,0.428510,-0.161975,6056
E14001032,E12000007,West Ham,,London,England,Borough,Christian Peoples Alliance,CPA,PP79,80,,Kayode,Shedowo,Male,No,No,,353,0.005815,-0.001175,7992
E14001032,E12000007,West Ham,,London,England,Borough,Green Party,Green,PP63,44,,Michael,Spracklin,Male,No,No,,957,0.015764,-0.034451,34422
E14001032,E12000007,West Ham,,London,England,Borough,UK Independence Party,UKIP,PP85,35,,Rosamund,Beattie,Female,No,No,,1134,0.018680,-0.056141,7329
E14001032,E12000007,West Ham,,London,England,Borough,Liberal Democrat,LD,PP90,17,,Paul,Reynolds,Male,No,No,,1836,0.030243,0.003156,4046
E14001032,E12000007,West Ham,,London,England,Borough,Conservative,Con,PP52,4,,Patrick,Spencer,Male,No,No,,9837,0.162038,0.007737,34525
E14001032,E12000007,West Ham,,London,England,Borough,Labour,Lab,PP53,15,,Lyn,Brown,Female,Yes,Yes,1583,46591,0.767461,0.083052,2259
E14001033,E12000002,West Lancashire,,North West,England,County,War Veteran's Pro-Traditional Family Party,WVP,PP488,207,,David,Braid,Male,No,No,,269,0.004946,0.001926,3295
E14001033,E12000002,West Lancashire,,North West,England,County,Green Party,Green,PP63,44,,Nate,Higgins,Male,No,No,,680,0.012503,-0.019344,34433
E14001033,E12000002,West Lancashire,,North West,England,County,Liberal Democrat,LD,PP90,17,,Jo,Barton,Female,No,No,,1069,0.019655,-0.006475,4767
E14001033,E12000002,West Lancashire,,North West,England,County,Conservative,Con,PP52,4,,Sam,Currie,Male,No,No,,20341,0.373991,0.049609,13669
E14001033,E12000002,West Lancashire,,North West,England,County,Labour,Lab,PP53,15,,Rosie,Cooper,Female,Yes,Yes,1538,32030,0.588906,0.096233,4066
E14001034,E12000006,West Suffolk,,East of England,England,County,Green Party,Green,PP63,44,,Donald,Allwright,Male,No,No,,935,0.018069,-0.018066,35090
E14001034,E12000006,West Suffolk,,East of England,England,County,Liberal Democrat,LD,PP90,17,,Elfreda,Tealby-Watson,Female,No,No,,2180,0.042129,-0.007940,3183
E14001034,E12000006,West Suffolk,,East of England,England,County,UK Independence Party,UKIP,PP85,35,,Julian,Flood,Male,No,No,,2396,0.046303,-0.171035,5701
E14001034,E12000006,West Suffolk,,East of England,England,County,Labour,Lab,PP53,15,,Michael,Jefferys,Male,No,No,,14586,0.281877,0.107112,5293
E14001034,E12000006,West Suffolk,,East of England,England,County,Conservative,Con,PP52,4,,Matt,Hancock,Male,Yes,Yes,4070,31649,0.611622,0.089929,3737
N06000018,N92000002,West Tyrone,,Northern Ireland,Northern Ireland,County,Citizens Independent Social Thought Alliance,CISTA,PP6335,277,,Barry,Brown,Male,No,No,,393,0.009037,,6920
N06000018,N92000002,West Tyrone,,Northern Ireland,Northern Ireland,County,Green Party Northern Ireland,Green,PP305,1113,,Ciaran,McClean,Male,No,No,,427,0.009819,-0.010360,5184
N06000018,N92000002,West Tyrone,,Northern Ireland,Northern Ireland,County,Alliance,APNI,PP103,1,,Stephen,Donnelly,Male,No,No,,1000,0.022996,0.000514,6365
N06000018,N92000002,West Tyrone,,Northern Ireland,Northern Ireland,County,Ulster Unionist Party,UUP,PP83,38,,Alicia,Clarke,Female,No,No,,2253,0.051810,-0.107139,19689
N06000018,N92000002,West Tyrone,,Northern Ireland,Northern Ireland,County,Social Democratic & Labour Party,SDLP,PP55,31,,Daniel,McCrossan,Male,No,No,,5635,0.129582,-0.037128,5185
N06000018,N92000002,West Tyrone,,Northern Ireland,Northern Ireland,County,Democratic Unionist Party,DUP,PP70,7,,Thomas,Buchanan,Male,No,No,,11718,0.269466,0.094917,1871
N06000018,N92000002,West Tyrone,,Northern Ireland,Northern Ireland,County,Sinn Féin,SF,PP39,30,,Barry,McElduff,Male,No,No,4646,22060,0.507290,0.072483,11345
E14001035,E12000005,West Worcestershire,,West Midlands,England,County,UK Independence Party,UKIP,PP85,35,,Mike,Savage,Male,No,No,,1481,0.026226,-0.117286,32456
E14001035,E12000005,West Worcestershire,,West Midlands,England,County,Green Party,Green,PP63,44,,Natalie,McVey,Female,No,No,,1605,0.028422,-0.036366,25912
E14001035,E12000005,West Worcestershire,,West Midlands,England,County,Liberal Democrat,LD,PP90,17,,Edward,McMillan-Scott,Male,No,No,,5307,0.093977,-0.002973,6451
E14001035,E12000005,West Worcestershire,,West Midlands,England,County,Labour,Lab,PP53,15,,Samantha,Charles,Female,No,No,,13375,0.236847,0.102947,25228
E14001035,E12000005,West Worcestershire,,West Midlands,England,County,Conservative,Con,PP52,4,,Harriett,Baldwin,Female,Yes,Yes,4107,34703,0.614528,0.053678,1476
E14001036,E12000007,Westminster North,,London,England,Borough,Independent,Ind,,8,,Abby,Dharamsey,Male,No,No,,91,0.002102,,2
E14001036,E12000007,Westminster North,,London,England,Borough,Green Party,Green,PP63,44,,Emmanuelle,Tandy,Female,No,No,,595,0.013743,-0.019714,35038
E14001036,E12000007,Westminster North,,London,England,Borough,Liberal Democrat,LD,PP90,17,,Alex,Harding,Male,No,No,,2253,0.052038,0.015165,34092
E14001036,E12000007,Westminster North,,London,England,Borough,Conservative,Con,PP52,4,,Lindsey,Hall,Female,No,No,,14422,0.333110,-0.085147,4249
E14001036,E12000007,Westminster North,,London,England,Borough,Labour,Lab,PP53,15,,Karen,Buck,Female,Yes,Yes,199,25934,0.599007,0.130717,1311
E14001037,E12000002,Westmorland and Lonsdale,,North West,England,County,Independent,Ind,,8,,Mr,Fishfinger,Male,No,No,,309,0.005978,,34170
E14001037,E12000002,Westmorland and Lonsdale,,North West,England,County,Labour,Lab,PP53,15,,Eli,Aldridge,Male,No,No,,4783,0.092538,0.038153,22822
E14001037,E12000002,Westmorland and Lonsdale,,North West,England,County,Conservative,Con,PP52,4,,James,Airey,Male,No,No,,22909,0.443226,0.111214,33346
E14001037,E12000002,Westmorland and Lonsdale,,North West,England,County,Liberal Democrat,LD,PP90,17,,Tim,Farron,Male,Yes,Yes,1591,23686,0.458258,-0.056651,1316
E14001038,E12000009,Weston-Super-Mare,,South West,England,County,Green Party,Green,PP63,44,,Suneil,Basu,Male,No,No,,888,0.015740,-0.033582,1371
E14001038,E12000009,Weston-Super-Mare,,South West,England,County,UK Independence Party,UKIP,PP85,35,,Helen,Hims,Female,No,No,,1932,0.034246,-0.143977,6662
E14001038,E12000009,Weston-Super-Mare,,South West,England,County,Liberal Democrat,LD,PP90,17,,Mike,Bell,Male,No,No,,5175,0.091731,-0.012661,634
E14001038,E12000009,Weston-Super-Mare,,South West,England,County,Labour,Lab,PP53,15,,Timothy,Taylor,Male,No,No,,18438,0.326828,0.144266,4467
E14001038,E12000009,Weston-Super-Mare,,South West,England,County,Conservative,Con,PP52,4,,John,Penrose,Male,Yes,Yes,1584,29982,0.531454,0.051872,1329
E14001039,E12000002,Wigan,,North West,England,County,Green Party,Green,PP63,44,,William,Patterson,Male,No,No,,753,0.015839,-0.012267,6435
E14001039,E12000002,Wigan,,North West,England,County,Liberal Democrat,LD,PP90,17,,Mark,Clayton,Male,No,No,,916,0.019267,-0.008441,395
E14001039,E12000002,Wigan,,North West,England,County,UK Independence Party,UKIP,PP85,35,,Nathan,Ryding,Male,No,No,,2750,0.057844,-0.136844,34282
E14001039,E12000002,Wigan,,North West,England,County,Conservative,Con,PP52,4,,Alexander,Williams,Male,No,No,,13548,0.284969,0.077674,882
E14001039,E12000002,Wigan,,North West,England,County,Labour,Lab,PP53,15,,Lisa,Nandy,Female,Yes,Yes,4082,29575,0.622082,0.100478,2241
E14001040,E12000007,Wimbledon,,London,England,Borough,UK Independence Party,UKIP,PP85,35,,Strachan,McDonald,Male,No,No,,553,0.010732,-0.040401,679
E14001040,E12000007,Wimbledon,,London,England,Borough,Green Party,Green,PP63,44,,Charles,Barraball,Male,No,No,,1231,0.023891,-0.017124,6342
E14001040,E12000007,Wimbledon,,London,England,Borough,Liberal Democrat,LD,PP90,17,,Carl,Quilliam,Male,No,No,,7472,0.145014,0.018439,6027
E14001040,E12000007,Wimbledon,,London,England,Borough,Labour,Lab,PP53,15,,Imran,Uddin,Male,No,No,,18324,0.355626,0.095290,34395
E14001040,E12000007,Wimbledon,,London,England,Borough,Conservative,Con,PP52,4,,Stephen,Hammond,Male,Yes,Yes,1585,23946,0.464736,-0.056205,2253
E14001041,E12000008,Winchester,,South East,England,County,The Justice & Anti-Corruption Party,JACP,PP865,105,,Teresa,Skelton,Female,No,No,,149,0.002607,,30269
E14001041,E12000008,Winchester,,South East,England,County,UK Independence Party,UKIP,PP85,35,,Martin,Lyon,Male,No,No,,695,0.012160,-0.062358,3005
E14001041,E12000008,Winchester,,South East,England,County,Green Party,Green,PP63,44,,Andrew,Wainwright,Male,No,No,,846,0.014802,-0.033015,30270
E14001041,E12000008,Winchester,,South East,England,County,Labour,Lab,PP53,15,,Mark,Chaloner,Male,No,No,,6007,0.105098,0.021705,4987
E14001041,E12000008,Winchester,,South East,England,County,Liberal Democrat,LD,PP90,17,,Jackie,Porter,Female,No,No,,19730,0.345196,0.100944,4542
E14001041,E12000008,Winchester,,South East,England,County,Conservative,Con,PP52,4,,Steve,Brine,Male,Yes,Yes,4067,29729,0.520138,-0.029884,1009
E14001042,E12000008,Windsor,,South East,England,County,Green Party,Green,PP63,44,,Fintan,McKeown,Male,No,No,,1435,0.026613,-0.009950,34991
E14001042,E12000008,Windsor,,South East,England,County,Liberal Democrat,LD,PP90,17,,Julian,Tisi,Male,No,No,,5434,0.100777,0.014593,618
E14001042,E12000008,Windsor,,South East,England,County,Labour,Lab,PP53,15,,Peter,Shearman,Male,No,No,,12334,0.228742,0.094890,34354
E14001042,E12000008,Windsor,,South East,England,County,Conservative,Con,PP52,4,,Adam,Afriyie,Male,Yes,Yes,1586,34718,0.643868,0.009956,4114
E14001043,E12000002,Wirral South,,North West,England,County,Green Party,Green,PP63,44,,Mandi,Roberts,Female,No,No,,454,0.010045,-0.011347,35089
E14001043,E12000002,Wirral South,,North West,England,County,Liberal Democrat,LD,PP90,17,,Chris,Carubia,Male,No,No,,1322,0.029251,-0.005981,7712
E14001043,E12000002,Wirral South,,North West,England,County,Conservative,Con,PP52,4,,Adam,Sykes,Male,No,No,,17548,0.388273,0.016210,34352
E14001043,E12000002,Wirral South,,North West,England,County,Labour,Lab,PP53,15,,Alison,McGovern,Female,Yes,Yes,4083,25871,0.572431,0.090441,3649
E14001044,E12000002,Wirral West,,North West,England,County,Green Party,Green,PP63,44,,John,Coyne,Male,No,No,,429,0.009761,,8765
E14001044,E12000002,Wirral West,,North West,England,County,Liberal Democrat,LD,PP90,17,,Peter,Reisdorf,Male,No,No,,1155,0.026279,-0.007956,413
E14001044,E12000002,Wirral West,,North West,England,County,Conservative,Con,PP52,4,,Tony,Caldeira,Male,No,No,,18501,0.420946,-0.020571,10242
E14001044,E12000002,Wirral West,,North West,England,County,Labour,Lab,PP53,15,,Margaret,Greenwood,Female,Yes,Yes,4400,23866,0.543014,0.091535,4469
E14001045,E12000006,Witham,,East of England,England,County,Green Party,Green,PP63,44,,James,Abbott,Male,No,No,,1832,0.037205,-0.006002,33431
E14001045,E12000006,Witham,,East of England,England,County,Liberal Democrat,LD,PP90,17,,Jo,Hayes,Female,No,No,,2715,0.055137,-0.006155,6228
E14001045,E12000006,Witham,,East of England,England,County,Labour,Lab,PP53,15,,Phil,Barlow,Male,No,No,,13024,0.264495,0.106189,33432
E14001045,E12000006,Witham,,East of England,England,County,Conservative,Con,PP52,4,,Priti,Patel,Female,Yes,Yes,4066,31670,0.643163,0.068134,1326
E14001046,E12000008,Witney,,South East,England,County,UK Independence Party,UKIP,PP85,35,,Alexander,Craig,Male,No,No,,980,0.016085,-0.075431,7322
E14001046,E12000008,Witney,,South East,England,County,Green Party,Green,PP63,44,,Claire,Lasko,Female,No,No,,1053,0.017283,-0.033502,25667
E14001046,E12000008,Witney,,South East,England,County,Liberal Democrat,LD,PP90,17,,Liz,Leffman,Female,No,No,,12457,0.204458,0.136864,6572
E14001046,E12000008,Witney,,South East,England,County,Labour,Lab,PP53,15,,Laetisia,Carter,Female,No,No,,12598,0.206772,0.034993,7680
E14001046,E12000008,Witney,,South East,England,County,Conservative,Con,PP52,4,,Robert,Courts,Male,Yes,Yes,4589,33839,0.555402,-0.046509,34132
E14001047,E12000008,Woking,,South East,England,County,Independent,Ind,,8,,Hassan,Akberali,Male,No,No,,200,0.003620,,34725
E14001047,E12000008,Woking,,South East,England,County,Green Party,Green,PP63,44,,James,Brierley,Male,No,No,,1092,0.019766,-0.020820,13589
E14001047,E12000008,Woking,,South East,England,County,UK Independence Party,UKIP,PP85,35,,Troy,De Leon,Male,No,No,,1161,0.021015,-0.092005,13476
E14001047,E12000008,Woking,,South East,England,County,Liberal Democrat,LD,PP90,17,,Will,Forster,Male,No,No,5322,9711,0.175777,0.059408,13560
E14001047,E12000008,Woking,,South East,England,County,Labour,Lab,PP53,15,,Fiona,Colley,Female,No,No,,13179,0.238551,0.077113,34486
E14001047,E12000008,Woking,,South East,England,County,Conservative,Con,PP52,4,,Jonathan,Lord,Male,Yes,Yes,4090,29903,0.541270,-0.020638,2546
E14001048,E12000008,Wokingham,,South East,England,County,Green Party,Green,PP63,44,,Russell,Seymour,Male,No,No,,1364,0.022851,-0.014506,34355
E14001048,E12000008,Wokingham,,South East,England,County,Liberal Democrat,LD,PP90,17,,Clive,Jones,Male,No,No,,9512,0.159357,0.024140,4543
E14001048,E12000008,Wokingham,,South East,England,County,Labour,Lab,PP53,15,,Andy,Croy,Male,No,No,,15008,0.251432,0.106216,5656
E14001048,E12000008,Wokingham,,South East,England,County,Conservative,Con,PP52,4,,John,Redwood,Male,Yes,Yes,14,33806,0.566360,-0.010954,1611
E14001049,E12000005,Wolverhampton North East,,West Midlands,England,Borough,Green Party,Green,PP63,44,,Clive,Wood,Male,No,No,,482,0.013203,-0.007413,35103
E14001049,E12000005,Wolverhampton North East,,West Midlands,England,Borough,Liberal Democrat,LD,PP90,17,,Ian,Jenkins,Male,No,No,,570,0.015613,-0.011885,7124
E14001049,E12000005,Wolverhampton North East,,West Midlands,England,Borough,UK Independence Party,UKIP,PP85,35,,Graham,Eardley,Male,No,No,,1479,0.040512,-0.151354,3882
E14001049,E12000005,Wolverhampton North East,,West Midlands,England,Borough,Conservative,Con,PP52,4,,Sarah,Macken,Female,No,No,,14695,0.402515,0.103306,34480
E14001049,E12000005,Wolverhampton North East,,West Midlands,England,Borough,Labour,Lab,PP53,15,,Emma,Reynolds,Female,Yes,Yes,4077,19282,0.528158,0.067346,2148
E14001050,E12000005,Wolverhampton South East,,West Midlands,England,Borough,Green Party,Green,PP63,44,,Amy,Bertaut,Female,No,No,,421,0.011597,-0.005807,34209
E14001050,E12000005,Wolverhampton South East,,West Midlands,England,Borough,Liberal Democrat,LD,PP90,17,,Ben,Mathis,Male,No,No,,448,0.012340,-0.010615,5057
E14001050,E12000005,Wolverhampton South East,,West Midlands,England,Borough,UK Independence Party,UKIP,PP85,35,,Barry,Hodgson,Male,No,No,,1675,0.046138,-0.156974,5012
E14001050,E12000005,Wolverhampton South East,,West Midlands,England,Borough,Conservative,Con,PP52,4,,Kieran,Mullan,Male,No,No,4860,12623,0.347703,0.124455,4159
E14001050,E12000005,Wolverhampton South East,,West Midlands,England,Borough,Labour,Lab,PP53,15,,Pat,McFadden,Male,Yes,Yes,1587,21137,0.582222,0.048941,2796
E14001051,E12000005,Wolverhampton South West,,West Midlands,England,Borough,Independent,Ind,,8,,Jagmeet,Singh,Male,No,No,,358,0.008454,,35107
E14001051,E12000005,Wolverhampton South West,,West Midlands,England,Borough,Green Party,Green,PP63,44,,Andrea,Cantrill,Female,No,No,,579,0.013673,-0.012639,6947
E14001051,E12000005,Wolverhampton South West,,West Midlands,England,Borough,Liberal Democrat,LD,PP90,17,,Sarah,Quarmby,Female,No,No,,784,0.018514,-0.002501,34181
E14001051,E12000005,Wolverhampton South West,,West Midlands,England,Borough,UK Independence Party,UKIP,PP85,35,,Rob,Jones,Male,No,No,,1012,0.023898,-0.083292,34238
E14001051,E12000005,Wolverhampton South West,,West Midlands,England,Borough,Conservative,Con,PP52,4,,Paul,Uppal,Male,No,Yes,4078,18714,0.441931,0.029759,2307
E14001051,E12000005,Wolverhampton South West,,West Midlands,England,Borough,Labour,Lab,PP53,15,,Eleanor,Smith,Female,No,No,4609,20899,0.493529,0.061437,34228
E14001052,E12000005,Worcester,,West Midlands,England,Borough,Compass Party,Cmps,PP4089,263,,Mark,Shuker,Male,No,No,,38,0.000739,,5742
E14001052,E12000005,Worcester,,West Midlands,England,Borough,Independent,Ind,,8,,Alex,Rugg,Male,No,No,,109,0.002120,,12783
E14001052,E12000005,Worcester,,West Midlands,England,Borough,Green Party,Green,PP63,44,,Louis,Stephen,Male,No,No,,1211,0.023550,-0.017156,2531
E14001052,E12000005,Worcester,,West Midlands,England,Borough,UK Independence Party,UKIP,PP85,35,,Paul,Hickling,Male,No,No,,1354,0.026331,-0.101940,12782
E14001052,E12000005,Worcester,,West Midlands,England,Borough,Liberal Democrat,LD,PP90,17,,Stephen,Kearney,Male,No,No,,1757,0.034168,0.000441,5860
E14001052,E12000005,Worcester,,West Midlands,England,Borough,Labour,Lab,PP53,15,,Joy,Squires,Female,No,No,,22223,0.432161,0.092519,4471
E14001052,E12000005,Worcester,,West Midlands,England,Borough,Conservative,Con,PP52,4,,Robin,Walker,Male,Yes,Yes,4091,24731,0.480933,0.027742,496
E14001053,E12000002,Workington,,North West,England,County,Independent,Ind,,8,,Roy,Ivinson,Male,No,No,,278,0.006671,,7416
E14001053,E12000002,Workington,,North West,England,County,Liberal Democrat,LD,PP90,17,,Phill,Roberts,Male,No,No,,1133,0.027186,-0.017220,5475
E14001053,E12000002,Workington,,North West,England,County,UK Independence Party,UKIP,PP85,35,,George,Kemp,Male,No,No,,1556,0.037336,-0.158645,32373
E14001053,E12000002,Workington,,North West,England,County,Conservative,Con,PP52,4,,Clark,Vasey,Male,No,No,,17392,0.417315,0.115830,4704
E14001053,E12000002,Workington,,North West,England,County,Labour,Lab,PP53,15,,Sue,Hayman,Female,Yes,Yes,4395,21317,0.511493,0.088178,6275
E14001054,E12000002,Worsley and Eccles South,,North West,England,County,Green Party,Green,PP63,44,,Tom,Dylan,Male,No,No,,842,0.018448,-0.011090,15833
E14001054,E12000002,Worsley and Eccles South,,North West,England,County,Liberal Democrat,LD,PP90,17,,Kate,Clarkson,Female,No,No,,1087,0.023816,-0.002345,5638
E14001054,E12000002,Worsley and Eccles South,,North West,England,County,Conservative,Con,PP52,4,,Iain,Lindley,Male,No,No,,17667,0.387078,0.086136,2940
E14001054,E12000002,Worsley and Eccles South,,North West,England,County,Labour,Lab,PP53,15,,Barbara,Keeley,Female,Yes,Yes,1588,26046,0.570659,0.128307,2947
E14001055,E12000008,Worthing West,,South East,England,Borough,Green Party,Green,PP63,44,,Benjamin,Cornish,Male,No,No,,1614,0.029613,-0.028264,35127
E14001055,E12000008,Worthing West,,South East,England,Borough,UK Independence Party,UKIP,PP85,35,,Mark,Withers,Male,No,No,,1635,0.029998,-0.152595,12849
E14001055,E12000008,Worthing West,,South East,England,Borough,Liberal Democrat,LD,PP90,17,,Hazel,Thorpe,Female,No,No,,2982,0.054713,-0.033482,1845
E14001055,E12000008,Worthing West,,South East,England,Borough,Labour,Lab,PP53,15,,Beccy,Cooper,Female,No,No,5307,18091,0.331927,0.175218,31906
E14001055,E12000008,Worthing West,,South East,England,Borough,Conservative,Con,PP52,4,,Peter,Bottomley,Male,Yes,Yes,117,30181,0.553749,0.039123,1642
W07000044,W92000004,Wrexham,,Wales,Wales,County,Liberal Democrat,LD,PP90,17,,Carole,O'Toole,Female,No,No,,865,0.024649,-0.028378,34561
W07000044,W92000004,Wrexham,,Wales,Wales,County,Plaid Cymru,PC,PP77,22,,Carrie,Harper,Female,No,No,,1753,0.049954,-0.026484,4557
W07000044,W92000004,Wrexham,,Wales,Wales,County,Conservative,Con,PP52,4,,Mark,Atkinson,Male,No,No,,15321,0.436595,0.120265,4250
W07000044,W92000004,Wrexham,,Wales,Wales,County,Labour,Lab,PP53,15,,Ian,Lucas,Male,Yes,Yes,1470,17153,0.488801,0.116510,2943
E14001056,E12000008,Wycombe,,South East,England,County,Green Party,Green,PP63,44,,Peter,Sims,Male,No,No,,1182,0.022096,-0.037897,23634
E14001056,E12000008,Wycombe,,South East,England,County,UK Independence Party,UKIP,PP85,35,,Richard,Phoenix,Male,No,No,,1210,0.022620,-0.078432,27283
E14001056,E12000008,Wycombe,,South East,England,County,Liberal Democrat,LD,PP90,17,,Steve,Guy,Male,No,No,,4147,0.077524,-0.010852,3242
E14001056,E12000008,Wycombe,,South East,England,County,Labour,Lab,PP53,15,,Rafiq,Raja,Male,No,No,,20188,0.377395,0.152119,35070
E14001056,E12000008,Wycombe,,South East,England,County,Conservative,Con,PP52,4,,Steve,Baker,Male,Yes,Yes,4064,26766,0.500365,-0.013720,1481
E14001057,E12000002,Wyre and Preston North,,North West,England,County,Green Party,Green,PP63,44,,Ruth,Norbury,Female,No,No,,973,0.018482,-0.015571,33025
E14001057,E12000002,Wyre and Preston North,,North West,England,County,Liberal Democrat,LD,PP90,17,,John,Potter,Male,No,No,,2551,0.048456,-0.005901,4766
E14001057,E12000002,Wyre and Preston North,,North West,England,County,Labour,Lab,PP53,15,,Michelle,Heaton-Bentley,Female,No,No,,18438,0.350226,0.102155,33806
E14001057,E12000002,Wyre and Preston North,,North West,England,County,Conservative,Con,PP52,4,,Ben,Wallace,Male,Yes,Yes,1539,30684,0.582836,0.051138,3238
E14001058,E12000005,Wyre Forest,,West Midlands,England,County,Green Party,Green,PP63,44,,Brett,Caulfield,Male,No,No,,1025,0.020047,-0.002546,15074
E14001058,E12000005,Wyre Forest,,West Midlands,England,County,UK Independence Party,UKIP,PP85,35,,George,Connolly,Male,No,No,,1777,0.034755,-0.126390,19204
E14001058,E12000005,Wyre Forest,,West Midlands,England,County,Liberal Democrat,LD,PP90,17,,Shazu,Miah,Male,No,No,,1943,0.038002,0.013164,15076
E14001058,E12000005,Wyre Forest,,West Midlands,England,County,Labour,Lab,PP53,15,,Matthew,Lamb,Male,No,No,,16525,0.323202,0.130585,4473
E14001058,E12000005,Wyre Forest,,West Midlands,England,County,Conservative,Con,PP52,4,,Mark,Garnier,Male,Yes,Yes,4074,29859,0.583993,0.131040,1207
E14001059,E12000002,Wythenshawe and Sale East,,North West,England,Borough,Independent,Ind,,8,,Luckson,Francis Augustine,Male,No,No,,185,0.004035,,34695
E14001059,E12000002,Wythenshawe and Sale East,,North West,England,Borough,Green Party,Green,PP63,44,,Dan,Jerrome,Male,No,No,,576,0.012564,-0.025760,34696
E14001059,E12000002,Wythenshawe and Sale East,,North West,England,Borough,UK Independence Party,UKIP,PP85,35,,Mike,Bayley-Sanderson,Male,No,No,,1475,0.032173,-0.114696,13717
E14001059,E12000002,Wythenshawe and Sale East,,North West,England,Borough,Liberal Democrat,LD,PP90,17,,William,Jones,Male,No,No,,1504,0.032805,-0.011736,13746
E14001059,E12000002,Wythenshawe and Sale East,,North West,England,Borough,Conservative,Con,PP52,4,,Fiona,Green,Female,No,No,,13581,0.296231,0.039106,4829
E14001059,E12000002,Wythenshawe and Sale East,,North West,England,Borough,Labour,Lab,PP53,15,,Mike,Kane,Male,Yes,Yes,4316,28525,0.622192,0.120770,5544
E14001060,E12000009,Yeovil,,South West,England,County,Independent,Ind,,8,,Katy,Pritchard,Female,No,No,,919,0.015470,,34859
E14001060,E12000009,Yeovil,,South West,England,County,Green Party,Green,PP63,44,,Robert,Wood,Male,No,No,,1052,0.017709,-0.020775,32971
E14001060,E12000009,Yeovil,,South West,England,County,Labour,Lab,PP53,15,,Ian,Martin,Male,No,No,,7418,0.124874,0.053685,26286
E14001060,E12000009,Yeovil,,South West,England,County,Liberal Democrat,LD,PP90,17,,Jo,Roundell Greene,Female,No,No,,17646,0.297051,-0.034304,34482
E14001060,E12000009,Yeovil,,South West,England,County,Conservative,Con,PP52,4,,Marcus,Fysh,Male,Yes,Yes,4446,32369,0.544896,0.120221,4251
W07000041,W92000004,Ynys Môn,,Wales,Wales,County,Liberal Democrat,LD,PP90,17,,Sarah,Jackson,Female,No,No,,479,0.012819,-0.008684,35009
W07000041,W92000004,Ynys Môn,,Wales,Wales,County,UK Independence Party,UKIP,PP85,35,,James,Turner,Male,No,No,,624,0.016699,-0.129925,35010
W07000041,W92000004,Ynys Môn,,Wales,Wales,County,Plaid Cymru,PC,PP77,22,,Ieuan,Wyn Jones,Male,No,Yes,550,10237,0.273958,-0.030743,34207
W07000041,W92000004,Ynys Môn,,Wales,Wales,County,Conservative,Con,PP52,4,,Tomos,Davies,Male,No,No,,10384,0.277892,0.066216,34666
W07000041,W92000004,Ynys Môn,,Wales,Wales,County,Labour,Lab,PP53,15,,Albert,Owen,Male,Yes,Yes,1474,15643,0.418631,0.107373,800
E14001061,E12000003,York Central,,Yorkshire and The Humber,England,Borough,Liberal Democrat,LD,PP90,17,,Nick,Love,Male,No,No,,2475,0.046621,-0.033166,5118
E14001061,E12000003,York Central,,Yorkshire and The Humber,England,Borough,Conservative,Con,PP52,4,,Ed,Young,Male,No,No,,16019,0.301744,0.018673,34375
E14001061,E12000003,York Central,,Yorkshire and The Humber,England,Borough,Labour and Co-operative,Lab,PP53,15,PP119,Rachael,Maskell,Female,Yes,Yes,4471,34594,0.651635,0.227699,6364
E14001062,E12000003,York Outer,,Yorkshire and The Humber,England,County,Green Party,Green,PP63,44,,Bethan,Vincent,Female,No,No,,1094,0.019050,-0.028405,35115
E14001062,E12000003,York Outer,,Yorkshire and The Humber,England,County,Liberal Democrat,LD,PP90,17,,James,Blanchard,Male,No,No,,5910,0.102913,-0.013388,2181
E14001062,E12000003,York Outer,,Yorkshire and The Humber,England,County,Labour,Lab,PP53,15,,Luke,Charters-Reid,Male,No,No,5199,21067,0.366848,0.119218,34405
E14001062,E12000003,York Outer,,Yorkshire and The Humber,England,County,Conservative,Con,PP52,4,,Julian,Sturdy,Male,Yes,Yes,4079,29356,0.511188,0.019991,4113
