year,ec_code,ward_slug,ward_name,council_slug,council,authority_type,seats,valid_ballots,winning_pct,quota,under_par,is_below_quota
2026,local.adur.buckingham.2026-05-07,buckingham-local-adur-buckingham-2026-05-07,Buckingham,adur,Adur,,1,1643.0,0.384662,0.5,-0.115338,1
2026,local.adur.churchill.2026-05-07,churchill-local-adur-churchill-2026-05-07,Churchill,adur,Adur,,1,1545.0,0.297087,0.5,-0.202913,1
2026,local.adur.cokeham.2026-05-07,cokeham-local-adur-cokeham-2026-05-07,Cokeham,adur,Adur,,1,1521.0,0.42735,0.5,-0.07265,1
2026,local.adur.eastbrook.2026-05-07,eastbrook-local-adur-eastbrook-2026-05-07,Eastbrook,adur,Adur,,1,1388.0,0.360951,0.5,-0.139049,1
2026,local.adur.hillside.2026-05-07,hillside-local-adur-hillside-2026-05-07,Hillside,adur,Adur,,1,1359.0,0.340692,0.5,-0.159308,1
2026,local.adur.manor.2026-05-07,manor-local-adur-manor-2026-05-07,Manor,adur,Adur,,1,1565.0,0.382748,0.5,-0.117252,1
2026,local.adur.marine.2026-05-07,marine-local-adur-marine-2026-05-07,Marine,adur,Adur,,1,2047.0,0.487054,0.5,-0.012946,1
2026,local.adur.mash-barn.2026-05-07,mash-barn-local-adur-mash-barn-2026-05-07,Mash Barn,adur,Adur,,1,1639.0,0.384991,0.5,-0.115009,1
2026,local.adur.peverel.2026-05-07,peverel-local-adur-peverel-2026-05-07,Peverel,adur,Adur,,1,1424.0,0.384831,0.5,-0.115169,1
2026,local.adur.southlands.2026-05-07,southlands-local-adur-southlands-2026-05-07,Southlands,adur,Adur,,1,1271.0,0.358773,0.5,-0.141227,1
2026,local.adur.southwick-green.2026-05-07,southwick-green-local-adur-southwick-green-2026-05-07,Southwick Green,adur,Adur,,1,1575.0,0.427937,0.5,-0.072063,1
2026,local.adur.st-marys.2026-05-07,st-mary-s-local-adur-st-marys-2026-05-07,St Mary's,adur,Adur,,1,1926.0,0.435618,0.5,-0.064382,1
2026,local.adur.st-nicolas.2026-05-07,st-nicolas-local-adur-st-nicolas-2026-05-07,St Nicolas,adur,Adur,,1,1887.0,0.408055,0.5,-0.091945,1
2026,local.adur.widewater.2026-05-07,widewater-local-adur-widewater-2026-05-07,Widewater,adur,Adur,,1,2086.0,0.45302,0.5,-0.04698,1
2026,local.barking-and-dagenham.abbey.2026-05-07,abbey-local-barking-and-dagenham-abbey-2026-05-07,Abbey,barking-and-dagenham,Barking and Dagenham,,2,1205.0,0.379253,0.333333,0.04592,0
2026,local.barking-and-dagenham.alibon.2026-05-07,alibon-local-barking-and-dagenham-alibon-2026-05-07,Alibon,barking-and-dagenham,Barking and Dagenham,,2,2178.0,0.410468,0.333333,0.077135,0
2026,local.barking-and-dagenham.barking-riverside.2026-05-07,barking-riverside-local-barking-and-dagenham-barking-riverside-2026-05-07,Barking Riverside,barking-and-dagenham,Barking and Dagenham,,3,2233.333333333333,0.368507,0.25,0.118507,0
2026,local.barking-and-dagenham.beam.2026-05-07,beam-local-barking-and-dagenham-beam-2026-05-07,Beam,barking-and-dagenham,Barking and Dagenham,,3,1563.6666666666667,0.441271,0.25,0.191271,0
2026,local.barking-and-dagenham.becontree.2026-05-07,becontree-local-barking-and-dagenham-becontree-2026-05-07,Becontree,barking-and-dagenham,Barking and Dagenham,,2,2230.0,0.366368,0.333333,0.033034,0
2026,local.barking-and-dagenham.chadwell-heath.2026-05-07,chadwell-heath-local-barking-and-dagenham-chadwell-heath-2026-05-07,Chadwell Heath,barking-and-dagenham,Barking and Dagenham,,3,2782.333333333333,0.357254,0.25,0.107254,0
2026,local.barking-and-dagenham.eastbrook-rush-green.2026-05-07,eastbrook-and-rush-green-local-barking-and-dagenham-eastbrook-rush-green-2026-05-07,Eastbrook and Rush Green,barking-and-dagenham,Barking and Dagenham,,2,2496.5,0.380933,0.333333,0.0476,0
2026,local.barking-and-dagenham.eastbury.2026-05-07,eastbury-local-barking-and-dagenham-eastbury-2026-05-07,Eastbury,barking-and-dagenham,Barking and Dagenham,,3,3302.333333333333,0.311295,0.25,0.061295,0
2026,local.barking-and-dagenham.gascoigne.2026-05-07,gascoigne-local-barking-and-dagenham-gascoigne-2026-05-07,Gascoigne,barking-and-dagenham,Barking and Dagenham,,3,2331.6666666666665,0.37055,0.25,0.12055,0
2026,local.barking-and-dagenham.goresbrook.2026-05-07,goresbrook-local-barking-and-dagenham-goresbrook-2026-05-07,Goresbrook,barking-and-dagenham,Barking and Dagenham,,3,2876.6666666666665,0.399421,0.25,0.149421,0
2026,local.barking-and-dagenham.heath.2026-05-07,heath-local-barking-and-dagenham-heath-2026-05-07,Heath,barking-and-dagenham,Barking and Dagenham,,2,1874.5,0.471059,0.333333,0.137726,0
2026,local.barking-and-dagenham.longbridge.2026-05-07,longbridge-local-barking-and-dagenham-longbridge-2026-05-07,Longbridge,barking-and-dagenham,Barking and Dagenham,,3,3786.6666666666665,0.330106,0.25,0.080106,0
2026,local.barking-and-dagenham.mayesbrook.2026-05-07,mayesbrook-local-barking-and-dagenham-mayesbrook-2026-05-07,Mayesbrook,barking-and-dagenham,Barking and Dagenham,,3,3134.333333333333,0.352547,0.25,0.102547,0
2026,local.barking-and-dagenham.northbury.2026-05-07,northbury-local-barking-and-dagenham-northbury-2026-05-07,Northbury,barking-and-dagenham,Barking and Dagenham,,3,2598.333333333333,0.365619,0.25,0.115619,0
2026,local.barking-and-dagenham.parsloes.2026-05-07,parsloes-local-barking-and-dagenham-parsloes-2026-05-07,Parsloes,barking-and-dagenham,Barking and Dagenham,,3,3465.333333333333,0.33157,0.25,0.08157,0
2026,local.barking-and-dagenham.thames-view.2026-05-07,thames-view-local-barking-and-dagenham-thames-view-2026-05-07,Thames View,barking-and-dagenham,Barking and Dagenham,,2,1278.0,0.431142,0.333333,0.097809,0
2026,local.barking-and-dagenham.valence.2026-05-07,valence-local-barking-and-dagenham-valence-2026-05-07,Valence,barking-and-dagenham,Barking and Dagenham,,3,3012.0,0.393758,0.25,0.143758,0
2026,local.barking-and-dagenham.village.2026-05-07,village-local-barking-and-dagenham-village-2026-05-07,Village,barking-and-dagenham,Barking and Dagenham,,3,2958.0,0.504733,0.25,0.254733,0
2026,local.barking-and-dagenham.whalebone.2026-05-07,whalebone-local-barking-and-dagenham-whalebone-2026-05-07,Whalebone,barking-and-dagenham,Barking and Dagenham,,3,2734.6666666666665,0.411019,0.25,0.161019,0
2026,local.barnet.barnet-vale.2026-05-07,barnet-vale-local-barnet-barnet-vale-2026-05-07,Barnet Vale,barnet,Barnet,,3,5811.666666666667,0.343103,0.25,0.093103,0
2026,local.barnet.brunswick-park.2026-05-07,brunswick-park-local-barnet-brunswick-park-2026-05-07,Brunswick Park,barnet,Barnet,,3,4959.333333333333,0.31597,0.25,0.06597,0
2026,local.barnet.burnt-oak.2026-05-07,burnt-oak-local-barnet-burnt-oak-2026-05-07,Burnt Oak,barnet,Barnet,,3,3735.3333333333335,0.342406,0.25,0.092406,0
2026,local.barnet.childs-hill.2026-05-07,childs-hill-local-barnet-childs-hill-2026-05-07,Childs Hill,barnet,Barnet,,3,5257.333333333333,0.393736,0.25,0.143736,0
2026,local.barnet.colindale-north.2026-05-07,colindale-north-local-barnet-colindale-north-2026-05-07,Colindale North,barnet,Barnet,,2,1744.0,0.358945,0.333333,0.025612,0
2026,local.barnet.colindale-south.2026-05-07,colindale-south-local-barnet-colindale-south-2026-05-07,Colindale South,barnet,Barnet,,3,3673.0,0.349578,0.25,0.099578,0
2026,local.barnet.cricklewood.2026-05-07,cricklewood-local-barnet-cricklewood-2026-05-07,Cricklewood,barnet,Barnet,,2,1840.0,0.373913,0.333333,0.04058,0
2026,local.barnet.east-barnet.2026-05-07,east-barnet-local-barnet-east-barnet-2026-05-07,East Barnet,barnet,Barnet,,3,5629.0,0.324747,0.25,0.074747,0
2026,local.barnet.east-finchley.2026-05-07,east-finchley-local-barnet-east-finchley-2026-05-07,East Finchley,barnet,Barnet,,3,4984.0,0.441413,0.25,0.191413,0
2026,local.barnet.edgware.2026-05-07,edgware-local-barnet-edgware-2026-05-07,Edgware,barnet,Barnet,,3,5596.333333333333,0.533742,0.25,0.283742,0
2026,local.barnet.edgwarebury.2026-05-07,edgwarebury-local-barnet-edgwarebury-2026-05-07,Edgwarebury,barnet,Barnet,,2,3560.5,0.547957,0.333333,0.214623,0
2026,local.barnet.finchley-church-end.2026-05-07,finchley-church-end-local-barnet-finchley-church-end-2026-05-07,Finchley Church End,barnet,Barnet,,3,5831.0,0.44898,0.25,0.19898,0
2026,local.barnet.friern-barnet.2026-05-07,friern-barnet-local-barnet-friern-barnet-2026-05-07,Friern Barnet,barnet,Barnet,,3,4995.333333333333,0.346323,0.25,0.096323,0
2026,local.barnet.garden-suburb.2026-05-07,garden-suburb-local-barnet-garden-suburb-2026-05-07,Garden Suburb,barnet,Barnet,,2,4567.0,0.572148,0.333333,0.238815,0
2026,local.barnet.golders-green.2026-05-07,golders-green-local-barnet-golders-green-2026-05-07,Golders Green,barnet,Barnet,,2,3691.0,0.622596,0.333333,0.289262,0
2026,local.barnet.hendon.2026-05-07,hendon-local-barnet-hendon-2026-05-07,Hendon,barnet,Barnet,,3,4953.333333333333,0.556595,0.25,0.306595,0
2026,local.barnet.high-barnet.2026-05-07,high-barnet-local-barnet-high-barnet-2026-05-07,High Barnet,barnet,Barnet,,2,4518.0,0.318946,0.333333,-0.014387,1
2026,local.barnet.mill-hill.2026-05-07,mill-hill-local-barnet-mill-hill-2026-05-07,Mill Hill,barnet,Barnet,,3,5423.333333333333,0.41764,0.25,0.16764,0
2026,local.barnet.totteridge-woodside.2026-05-07,totteridge-and-woodside-local-barnet-totteridge-woodside-2026-05-07,Totteridge and Woodside,barnet,Barnet,,3,4933.333333333333,0.492973,0.25,0.242973,0
2026,local.barnet.underhill.2026-05-07,underhill-local-barnet-underhill-2026-05-07,Underhill,barnet,Barnet,,2,3922.0,0.287608,0.333333,-0.045725,1
2026,local.barnet.west-finchley.2026-05-07,west-finchley-local-barnet-west-finchley-2026-05-07,West Finchley,barnet,Barnet,,3,5555.0,0.358056,0.25,0.108056,0
2026,local.barnet.west-hendon.2026-05-07,west-hendon-local-barnet-west-hendon-2026-05-07,West Hendon,barnet,Barnet,,3,3848.3333333333335,0.313382,0.25,0.063382,0
2026,local.barnet.whetstone.2026-05-07,whetstone-local-barnet-whetstone-2026-05-07,Whetstone,barnet,Barnet,,2,3756.5,0.343405,0.333333,0.010071,0
2026,local.barnet.woodhouse.2026-05-07,woodhouse-local-barnet-woodhouse-2026-05-07,Woodhouse,barnet,Barnet,,2,4100.0,0.313902,0.333333,-0.019431,1
2026,local.barnsley.athersley-new-lodge.2026-05-07,athersley-and-new-lodge-local-barnsley-athersley-new-lodge-2026-05-07,Athersley and New Lodge,barnsley,Barnsley,,3,2187.6666666666665,0.512875,0.25,0.262875,0
2026,local.barnsley.central.2026-05-07,central-local-barnsley-central-2026-05-07,Central,barnsley,Barnsley,,3,2703.6666666666665,0.402786,0.25,0.152786,0
2026,local.barnsley.cudworth.2026-05-07,cudworth-local-barnsley-cudworth-2026-05-07,Cudworth,barnsley,Barnsley,,3,2796.333333333333,0.458815,0.25,0.208815,0
2026,local.barnsley.darfield-great-houghton.2026-05-07,darfield-and-great-houghton-local-barnsley-darfield-great-houghton-2026-05-07,Darfield and Great Houghton,barnsley,Barnsley,,3,3240.6666666666665,0.485394,0.25,0.235394,0
2026,local.barnsley.darton-east.2026-05-07,darton-east-local-barnsley-darton-east-2026-05-07,Darton East,barnsley,Barnsley,,3,3627.6666666666665,0.40577,0.25,0.15577,0
2026,local.barnsley.darton-west.2026-05-07,darton-west-local-barnsley-darton-west-2026-05-07,Darton West,barnsley,Barnsley,,3,3744.6666666666665,0.40324,0.25,0.15324,0
2026,local.barnsley.dearne-north.2026-05-07,dearne-north-local-barnsley-dearne-north-2026-05-07,Dearne North,barnsley,Barnsley,,3,2210.333333333333,0.516212,0.25,0.266212,0
2026,local.barnsley.dearne-south.2026-05-07,dearne-south-local-barnsley-dearne-south-2026-05-07,Dearne South,barnsley,Barnsley,,3,2552.6666666666665,0.509663,0.25,0.259663,0
2026,local.barnsley.dodworth-stainborough-tankersley.2026-05-07,dodworth-stainborough-and-tankersley-local-barnsley-dodworth-stainborough-tankersley-2026-05-07,"Dodworth, Stainborough and Tankersley",barnsley,Barnsley,,3,3339.6666666666665,0.38447,0.25,0.13447,0
2026,local.barnsley.hoyland-milton.2026-05-07,hoyland-milton-local-barnsley-hoyland-milton-2026-05-07,Hoyland Milton,barnsley,Barnsley,,3,3437.333333333333,0.473914,0.25,0.223914,0
2026,local.barnsley.kingstone.2026-05-07,kingstone-local-barnsley-kingstone-2026-05-07,Kingstone,barnsley,Barnsley,,3,3134.333333333333,0.349038,0.25,0.099038,0
2026,local.barnsley.monk-bretton.2026-05-07,monk-bretton-local-barnsley-monk-bretton-2026-05-07,Monk Bretton,barnsley,Barnsley,,3,3099.6666666666665,0.475535,0.25,0.225535,0
2026,local.barnsley.north-east.2026-05-07,north-east-local-barnsley-north-east-2026-05-07,North East,barnsley,Barnsley,,3,2475.6666666666665,0.467753,0.25,0.217753,0
2026,local.barnsley.old-town.2026-05-07,old-town-local-barnsley-old-town-2026-05-07,Old Town,barnsley,Barnsley,,3,3350.6666666666665,0.403502,0.25,0.153502,0
2026,local.barnsley.penistone-east.2026-05-07,penistone-east-local-barnsley-penistone-east-2026-05-07,Penistone East,barnsley,Barnsley,,3,4693.0,0.350522,0.25,0.100522,0
2026,local.barnsley.penistone-west.2026-05-07,penistone-west-local-barnsley-penistone-west-2026-05-07,Penistone West,barnsley,Barnsley,,3,4568.666666666667,0.306216,0.25,0.056216,0
2026,local.barnsley.rockingham.2026-05-07,rockingham-local-barnsley-rockingham-2026-05-07,Rockingham,barnsley,Barnsley,,3,2907.333333333333,0.44405,0.25,0.19405,0
2026,local.barnsley.royston.2026-05-07,royston-local-barnsley-royston-2026-05-07,Royston,barnsley,Barnsley,,3,2607.0,0.441504,0.25,0.191504,0
2026,local.barnsley.stairfoot.2026-05-07,stairfoot-local-barnsley-stairfoot-2026-05-07,Stairfoot,barnsley,Barnsley,,3,2617.0,0.502102,0.25,0.252102,0
2026,local.barnsley.wombwell.2026-05-07,wombwell-local-barnsley-wombwell-2026-05-07,Wombwell,barnsley,Barnsley,,3,3206.6666666666665,0.451559,0.25,0.201559,0
2026,local.barnsley.worsbrough.2026-05-07,worsbrough-local-barnsley-worsbrough-2026-05-07,Worsbrough,barnsley,Barnsley,,3,3209.333333333333,0.429061,0.25,0.179061,0
2026,local.basildon.billericay-east.2026-05-07,billericay-east-local-basildon-billericay-east-2026-05-07,Billericay East,basildon,Basildon,,1,5209.0,0.449414,0.5,-0.050586,1
2026,local.basildon.billericay-west.2026-05-07,billericay-west-local-basildon-billericay-west-2026-05-07,Billericay West,basildon,Basildon,,1,5001.0,0.507099,0.5,0.007099,0
2026,local.basildon.burstead.2026-05-07,burstead-local-basildon-burstead-2026-05-07,Burstead,basildon,Basildon,,1,5878.0,0.451514,0.5,-0.048486,1
2026,local.basildon.castledon-crouch.2026-05-07,castledon-and-crouch-local-basildon-castledon-crouch-2026-05-07,Castledon and Crouch,basildon,Basildon,,1,4612.0,0.504987,0.5,0.004987,0
2026,local.basildon.fryerns.2026-05-07,fryerns-local-basildon-fryerns-2026-05-07,Fryerns,basildon,Basildon,,1,3587.0,0.444382,0.5,-0.055618,1
2026,local.basildon.laindon-park.2026-05-07,laindon-park-local-basildon-laindon-park-2026-05-07,Laindon Park,basildon,Basildon,,1,3611.0,0.464968,0.5,-0.035032,1
2026,local.basildon.langdon-hills.2026-05-07,langdon-hills-local-basildon-langdon-hills-2026-05-07,Langdon Hills,basildon,Basildon,,1,4917.0,0.349807,0.5,-0.150193,1
2026,local.basildon.lee-chapel-north.2026-05-07,lee-chapel-north-local-basildon-lee-chapel-north-2026-05-07,Lee Chapel North,basildon,Basildon,,1,3285.0,0.432268,0.5,-0.067732,1
2026,local.basildon.nethermayne.2026-05-07,nethermayne-local-basildon-nethermayne-2026-05-07,Nethermayne,basildon,Basildon,,1,3307.0,0.390082,0.5,-0.109918,1
2026,local.basildon.pitsea-north-west.2026-05-07,pitsea-north-west-local-basildon-pitsea-north-west-2026-05-07,Pitsea North West,basildon,Basildon,,1,3075.0,0.477398,0.5,-0.022602,1
2026,local.basildon.pitsea-south-east.2026-05-07,pitsea-south-east-local-basildon-pitsea-south-east-2026-05-07,Pitsea South East,basildon,Basildon,,1,3685.0,0.471642,0.5,-0.028358,1
2026,local.basildon.st-martins.2026-05-07,st-martin-s-local-basildon-st-martins-2026-05-07,St Martin's,basildon,Basildon,,1,3133.0,0.408554,0.5,-0.091446,1
2026,local.basildon.wickford-north.2026-05-07,wickford-north-local-basildon-wickford-north-2026-05-07,Wickford North,basildon,Basildon,,1,4646.0,0.453293,0.5,-0.046707,1
2026,local.basildon.wickford-park.2026-05-07,wickford-park-local-basildon-wickford-park-2026-05-07,Wickford Park,basildon,Basildon,,1,3682.0,0.44541,0.5,-0.05459,1
2026,local.basingstoke-and-deane.basing-upton-grey.2026-05-07,basing-and-upton-grey-local-basingstoke-and-deane-basing-upton-grey-2026-05-07,Basing and Upton Grey,basingstoke-and-deane,Basingstoke and Deane,,1,4303.0,0.49175,0.5,-0.00825,1
2026,local.basingstoke-and-deane.bramley.2026-05-07,bramley-local-basingstoke-and-deane-bramley-2026-05-07,Bramley,basingstoke-and-deane,Basingstoke and Deane,,1,3092.0,0.384217,0.5,-0.115783,1
2026,local.basingstoke-and-deane.brighton-hill.2026-05-07,brighton-hill-local-basingstoke-and-deane-brighton-hill-2026-05-07,Brighton Hill,basingstoke-and-deane,Basingstoke and Deane,,1,2729.0,0.369,0.5,-0.131,1
2026,local.basingstoke-and-deane.brookvale-kings-furlong.2026-05-07,brookvale-and-kings-furlong-local-basingstoke-and-deane-brookvale-kings-furlong-2026-05-07,Brookvale and Kings Furlong,basingstoke-and-deane,Basingstoke and Deane,,1,3145.0,0.270906,0.5,-0.229094,1
2026,local.basingstoke-and-deane.chineham.2026-05-07,chineham-local-basingstoke-and-deane-chineham-2026-05-07,Chineham,basingstoke-and-deane,Basingstoke and Deane,,1,3570.0,0.317647,0.5,-0.182353,1
2026,local.basingstoke-and-deane.eastrop-grove.2026-05-07,eastrop-and-grove-local-basingstoke-and-deane-eastrop-grove-2026-05-07,Eastrop and Grove,basingstoke-and-deane,Basingstoke and Deane,,1,3193.0,0.478234,0.5,-0.021766,1
2026,local.basingstoke-and-deane.evingar.2026-05-07,evingar-local-basingstoke-and-deane-evingar-2026-05-07,Evingar,basingstoke-and-deane,Basingstoke and Deane,,1,3523.0,0.464661,0.5,-0.035339,1
2026,local.basingstoke-and-deane.hatch-warren-beggarwood.2026-05-07,hatch-warren-and-beggarwood-local-basingstoke-and-deane-hatch-warren-beggarwood-2026-05-07,Hatch Warren and Beggarwood,basingstoke-and-deane,Basingstoke and Deane,,1,3364.0,0.296968,0.5,-0.203032,1
2026,local.basingstoke-and-deane.kempshott-buckskin.2026-05-07,kempshott-and-buckskin-local-basingstoke-and-deane-kempshott-buckskin-2026-05-07,Kempshott and Buckskin,basingstoke-and-deane,Basingstoke and Deane,,1,3487.0,0.291368,0.5,-0.208632,1
2026,local.basingstoke-and-deane.norden.2026-05-07,norden-local-basingstoke-and-deane-norden-2026-05-07,Norden,basingstoke-and-deane,Basingstoke and Deane,,1,2615.0,0.485277,0.5,-0.014723,1
2026,local.basingstoke-and-deane.oakley-the-candovers.2026-05-07,oakley-and-the-candovers-local-basingstoke-and-deane-oakley-the-candovers-2026-05-07,Oakley and the Candovers,basingstoke-and-deane,Basingstoke and Deane,,2,4076.0,0.314033,0.333333,-0.0193,1
2026,local.basingstoke-and-deane.popley.2026-05-07,popley-local-basingstoke-and-deane-popley-2026-05-07,Popley,basingstoke-and-deane,Basingstoke and Deane,,1,2663.0,0.387533,0.5,-0.112467,1
2026,local.basingstoke-and-deane.sherborne-st-john-rooksdown.2026-05-07,sherborne-st-john-and-rooksdown-local-basingstoke-and-deane-sherborne-st-john-rooksdown-2026-05-07,Sherborne St John and Rooksdown,basingstoke-and-deane,Basingstoke and Deane,,1,3248.0,0.333744,0.5,-0.166256,1
2026,local.basingstoke-and-deane.south-ham.2026-05-07,south-ham-local-basingstoke-and-deane-south-ham-2026-05-07,South Ham,basingstoke-and-deane,Basingstoke and Deane,,1,2542.0,0.33989,0.5,-0.16011,1
2026,local.basingstoke-and-deane.tadley-north-kingsclere-baughurst.2026-05-07,tadley-north-kingsclere-and-baughurst-local-basingstoke-and-deane-tadley-north-kingsclere-baughurst-2026-05-07,"Tadley North, Kingsclere and Baughurst",basingstoke-and-deane,Basingstoke and Deane,,1,3810.0,0.369554,0.5,-0.130446,1
2026,local.basingstoke-and-deane.tadley-pamber.2026-05-07,tadley-and-pamber-local-basingstoke-and-deane-tadley-pamber-2026-05-07,Tadley and Pamber,basingstoke-and-deane,Basingstoke and Deane,,1,3912.0,0.382669,0.5,-0.117331,1
2026,local.basingstoke-and-deane.whitchurch-overton-laverstoke.2026-05-07,whitchurch-overton-and-laverstoke-local-basingstoke-and-deane-whitchurch-overton-laverstoke-2026-05-07,"Whitchurch, Overton and Laverstoke",basingstoke-and-deane,Basingstoke and Deane,,1,3996.0,0.58008,0.5,0.08008,0
2026,local.basingstoke-and-deane.winklebury-manydown.2026-05-07,winklebury-and-manydown-local-basingstoke-and-deane-winklebury-manydown-2026-05-07,Winklebury and Manydown,basingstoke-and-deane,Basingstoke and Deane,,1,2205.0,0.273016,0.5,-0.226984,1
2026,local.bexley.barnehurst.2026-05-07,barnehurst-local-bexley-barnehurst-2026-05-07,Barnehurst,bexley,Bexley,,2,3743.0,0.3751,0.333333,0.041767,0
2026,local.bexley.belvedere.2026-05-07,belvedere-local-bexley-belvedere-2026-05-07,Belvedere,bexley,Bexley,,3,4143.333333333333,0.324135,0.25,0.074135,0
2026,local.bexley.bexleyheath.2026-05-07,bexleyheath-local-bexley-bexleyheath-2026-05-07,Bexleyheath,bexley,Bexley,,3,5771.0,0.388667,0.25,0.138667,0
2026,local.bexley.blackfen-lamorbey.2026-05-07,blackfen-and-lamorbey-local-bexley-blackfen-lamorbey-2026-05-07,Blackfen and Lamorbey,bexley,Bexley,,3,5845.0,0.383576,0.25,0.133576,0
2026,local.bexley.blendon-penhill.2026-05-07,blendon-and-penhill-local-bexley-blendon-penhill-2026-05-07,Blendon and Penhill,bexley,Bexley,,3,5741.0,0.445044,0.25,0.195044,0
2026,local.bexley.crayford.2026-05-07,crayford-local-bexley-crayford-2026-05-07,Crayford,bexley,Bexley,,3,4583.333333333333,0.348873,0.25,0.098873,0
2026,local.bexley.crook-log.2026-05-07,crook-log-local-bexley-crook-log-2026-05-07,Crook Log,bexley,Bexley,,3,5607.0,0.388265,0.25,0.138265,0
2026,local.bexley.east-wickham.2026-05-07,east-wickham-local-bexley-east-wickham-2026-05-07,East Wickham,bexley,Bexley,,3,5074.666666666667,0.391553,0.25,0.141553,0
2026,local.bexley.erith.2026-05-07,erith-local-bexley-erith-2026-05-07,Erith,bexley,Bexley,,2,2710.5,0.401771,0.333333,0.068438,0
2026,local.bexley.falconwood-welling.2026-05-07,falconwood-and-welling-local-bexley-falconwood-welling-2026-05-07,Falconwood and Welling,bexley,Bexley,,3,5352.333333333333,0.360217,0.25,0.110217,0
2026,local.bexley.longlands.2026-05-07,longlands-local-bexley-longlands-2026-05-07,Longlands,bexley,Bexley,,2,3931.5,0.47005,0.333333,0.136716,0
2026,local.bexley.northumberland-heath.2026-05-07,northumberland-heath-local-bexley-northumberland-heath-2026-05-07,Northumberland Heath,bexley,Bexley,,2,3256.5,0.370643,0.333333,0.03731,0
2026,local.bexley.sidcup.2026-05-07,sidcup-local-bexley-sidcup-2026-05-07,Sidcup,bexley,Bexley,,3,5200.0,0.394615,0.25,0.144615,0
2026,local.bexley.slade-green-northend.2026-05-07,slade-green-and-northend-local-bexley-slade-green-northend-2026-05-07,Slade Green and Northend,bexley,Bexley,,2,2947.0,0.350526,0.333333,0.017193,0
2026,local.bexley.st-marys-st-james.2026-05-07,st-mary-s-and-st-james-local-bexley-st-marys-st-james-2026-05-07,St Mary's and St James,bexley,Bexley,,2,4144.0,0.55333,0.333333,0.219997,0
2026,local.bexley.thamesmead-east.2026-05-07,thamesmead-east-local-bexley-thamesmead-east-2026-05-07,Thamesmead East,bexley,Bexley,,3,2751.6666666666665,0.489158,0.25,0.239158,0
2026,local.bexley.west-heath.2026-05-07,west-heath-local-bexley-west-heath-2026-05-07,West Heath,bexley,Bexley,,3,5820.0,0.365979,0.25,0.115979,0
2026,local.birmingham.acocks-green.2026-05-07,acocks-green-local-birmingham-acocks-green-2026-05-07,Acocks Green,birmingham,Birmingham,,2,4966.5,0.299205,0.333333,-0.034129,1
2026,local.birmingham.allens-cross.2026-05-07,allens-cross-local-birmingham-allens-cross-2026-05-07,Allens Cross,birmingham,Birmingham,,1,2767.0,0.342971,0.5,-0.157029,1
2026,local.birmingham.alum-rock.2026-05-07,alum-rock-local-birmingham-alum-rock-2026-05-07,Alum Rock,birmingham,Birmingham,,2,6601.0,0.494774,0.333333,0.16144,0
2026,local.birmingham.aston.2026-05-07,aston-local-birmingham-aston-2026-05-07,Aston,birmingham,Birmingham,,2,5810.5,0.363996,0.333333,0.030663,0
2026,local.birmingham.balsall-heath-west.2026-05-07,balsall-heath-west-local-birmingham-balsall-heath-west-2026-05-07,Balsall Heath West,birmingham,Birmingham,,1,2707.0,0.345031,0.5,-0.154969,1
2026,local.birmingham.bartley-green.2026-05-07,bartley-green-local-birmingham-bartley-green-2026-05-07,Bartley Green,birmingham,Birmingham,,2,5006.5,0.322581,0.333333,-0.010753,1
2026,local.birmingham.billesley.2026-05-07,billesley-local-birmingham-billesley-2026-05-07,Billesley,birmingham,Birmingham,,2,6009.5,0.440802,0.333333,0.107469,0
2026,local.birmingham.birchfield.2026-05-07,birchfield-local-birmingham-birchfield-2026-05-07,Birchfield,birmingham,Birmingham,,1,2487.0,0.3462,0.5,-0.1538,1
2026,local.birmingham.bordesley-green.2026-05-07,bordesley-green-local-birmingham-bordesley-green-2026-05-07,Bordesley Green,birmingham,Birmingham,,1,2512.0,0.307723,0.5,-0.192277,1
2026,local.birmingham.bordesley-highgate.2026-05-07,bordesley-and-highgate-local-birmingham-bordesley-highgate-2026-05-07,Bordesley and Highgate,birmingham,Birmingham,,1,2629.0,0.250285,0.5,-0.249715,1
2026,local.birmingham.bournbrook-selly-park.2026-05-07,bournbrook-and-selly-park-local-birmingham-bournbrook-selly-park-2026-05-07,Bournbrook and Selly Park,birmingham,Birmingham,,2,3878.0,0.6377,0.333333,0.304367,0
2026,local.birmingham.bournville-cotteridge.2026-05-07,bournville-and-cotteridge-local-birmingham-bournville-cotteridge-2026-05-07,Bournville and Cotteridge,birmingham,Birmingham,,2,6815.5,0.255007,0.333333,-0.078326,1
2026,local.birmingham.brandwood-kings-heath.2026-05-07,brandwood-and-king-s-heath-local-birmingham-brandwood-kings-heath-2026-05-07,Brandwood and King's Heath,birmingham,Birmingham,,2,6787.5,0.400442,0.333333,0.067109,0
2026,local.birmingham.bromford-hodge-hill.2026-05-07,bromford-and-hodge-hill-local-birmingham-bromford-hodge-hill-2026-05-07,Bromford and Hodge Hill,birmingham,Birmingham,,2,4803.5,0.267097,0.333333,-0.066236,1
2026,local.birmingham.castle-vale.2026-05-07,castle-vale-local-birmingham-castle-vale-2026-05-07,Castle Vale,birmingham,Birmingham,,1,2026.0,0.443731,0.5,-0.056269,1
2026,local.birmingham.druids-heath-monyhull.2026-05-07,druids-heath-and-monyhull-local-birmingham-druids-heath-monyhull-2026-05-07,Druids Heath and Monyhull,birmingham,Birmingham,,1,2968.0,0.64252,0.5,0.14252,0
2026,local.birmingham.edgbaston.2026-05-07,edgbaston-local-birmingham-edgbaston-2026-05-07,Edgbaston,birmingham,Birmingham,,2,4218.5,0.417447,0.333333,0.084114,0
2026,local.birmingham.erdington.2026-05-07,erdington-local-birmingham-erdington-2026-05-07,Erdington,birmingham,Birmingham,,2,5265.5,0.379071,0.333333,0.045738,0
2026,local.birmingham.frankley-great-park.2026-05-07,frankley-great-park-local-birmingham-frankley-great-park-2026-05-07,Frankley Great Park,birmingham,Birmingham,,1,3064.0,0.389034,0.5,-0.110966,1
2026,local.birmingham.garretts-green.2026-05-07,garretts-green-local-birmingham-garretts-green-2026-05-07,Garretts Green,birmingham,Birmingham,,1,2515.0,0.392843,0.5,-0.107157,1
2026,local.birmingham.glebe-farm-tile-cross.2026-05-07,glebe-farm-and-tile-cross-local-birmingham-glebe-farm-tile-cross-2026-05-07,Glebe Farm and Tile Cross,birmingham,Birmingham,,2,4460.0,0.260762,0.333333,-0.072571,1
2026,local.birmingham.gravelly-hill.2026-05-07,gravelly-hill-local-birmingham-gravelly-hill-2026-05-07,Gravelly Hill,birmingham,Birmingham,,1,2098.0,0.29552,0.5,-0.20448,1
2026,local.birmingham.hall-green-north.2026-05-07,hall-green-north-local-birmingham-hall-green-north-2026-05-07,Hall Green North,birmingham,Birmingham,,2,6070.5,0.400132,0.333333,0.066798,0
2026,local.birmingham.hall-green-south.2026-05-07,hall-green-south-local-birmingham-hall-green-south-2026-05-07,Hall Green South,birmingham,Birmingham,,1,3741.0,0.565891,0.5,0.065891,0
2026,local.birmingham.handsworth.2026-05-07,handsworth-local-birmingham-handsworth-2026-05-07,Handsworth,birmingham,Birmingham,,1,2356.0,0.406621,0.5,-0.093379,1
2026,local.birmingham.handsworth-wood.2026-05-07,handsworth-wood-local-birmingham-handsworth-wood-2026-05-07,Handsworth Wood,birmingham,Birmingham,,2,4535.5,0.348804,0.333333,0.015471,0
2026,local.birmingham.harborne.2026-05-07,harborne-local-birmingham-harborne-2026-05-07,Harborne,birmingham,Birmingham,,2,6677.5,0.219094,0.333333,-0.114239,1
2026,local.birmingham.heartlands.2026-05-07,heartlands-local-birmingham-heartlands-2026-05-07,Heartlands,birmingham,Birmingham,,1,2621.0,0.390309,0.5,-0.109691,1
2026,local.birmingham.highters-heath.2026-05-07,highter-s-heath-local-birmingham-highters-heath-2026-05-07,Highter's Heath,birmingham,Birmingham,,1,2963.0,0.452919,0.5,-0.047081,1
2026,local.birmingham.holyhead.2026-05-07,holyhead-local-birmingham-holyhead-2026-05-07,Holyhead,birmingham,Birmingham,,1,2225.0,0.348315,0.5,-0.151685,1
2026,local.birmingham.kings-norton-north.2026-05-07,king-s-norton-north-local-birmingham-kings-norton-north-2026-05-07,King's Norton North,birmingham,Birmingham,,1,3213.0,0.336757,0.5,-0.163243,1
2026,local.birmingham.kings-norton-south.2026-05-07,king-s-norton-south-local-birmingham-kings-norton-south-2026-05-07,King's Norton South,birmingham,Birmingham,,1,2861.0,0.602936,0.5,0.102936,0
2026,local.birmingham.kingstanding.2026-05-07,kingstanding-local-birmingham-kingstanding-2026-05-07,Kingstanding,birmingham,Birmingham,,2,4420.5,0.400633,0.333333,0.0673,0
2026,local.birmingham.ladywood.2026-05-07,ladywood-local-birmingham-ladywood-2026-05-07,Ladywood,birmingham,Birmingham,,2,3940.5,0.350717,0.333333,0.017384,0
2026,local.birmingham.longbridge-west-heath.2026-05-07,longbridge-and-west-heath-local-birmingham-longbridge-west-heath-2026-05-07,Longbridge and West Heath,birmingham,Birmingham,,2,5740.5,0.377667,0.333333,0.044334,0
2026,local.birmingham.lozells.2026-05-07,lozells-local-birmingham-lozells-2026-05-07,Lozells,birmingham,Birmingham,,1,3659.0,0.384258,0.5,-0.115742,1
2026,local.birmingham.moseley.2026-05-07,moseley-local-birmingham-moseley-2026-05-07,Moseley,birmingham,Birmingham,,2,6463.5,0.330935,0.333333,-0.002398,1
2026,local.birmingham.nechells.2026-05-07,nechells-local-birmingham-nechells-2026-05-07,Nechells,birmingham,Birmingham,,1,2177.0,0.448783,0.5,-0.051217,1
2026,local.birmingham.newtown.2026-05-07,newtown-local-birmingham-newtown-2026-05-07,Newtown,birmingham,Birmingham,,1,2122.0,0.417531,0.5,-0.082469,1
2026,local.birmingham.north-edgbaston.2026-05-07,north-edgbaston-local-birmingham-north-edgbaston-2026-05-07,North Edgbaston,birmingham,Birmingham,,2,4499.5,0.369374,0.333333,0.036041,0
2026,local.birmingham.northfield.2026-05-07,northfield-local-birmingham-northfield-2026-05-07,Northfield,birmingham,Birmingham,,1,3693.0,0.356621,0.5,-0.143379,1
2026,local.birmingham.oscott.2026-05-07,oscott-local-birmingham-oscott-2026-05-07,Oscott,birmingham,Birmingham,,2,4747.5,0.379779,0.333333,0.046445,0
2026,local.birmingham.perry-barr.2026-05-07,perry-barr-local-birmingham-perry-barr-2026-05-07,Perry Barr,birmingham,Birmingham,,2,4871.5,0.337268,0.333333,0.003934,0
2026,local.birmingham.perry-common.2026-05-07,perry-common-local-birmingham-perry-common-2026-05-07,Perry Common,birmingham,Birmingham,,1,2413.0,0.42271,0.5,-0.07729,1
2026,local.birmingham.pype-hayes.2026-05-07,pype-hayes-local-birmingham-pype-hayes-2026-05-07,Pype Hayes,birmingham,Birmingham,,1,2447.0,0.438496,0.5,-0.061504,1
2026,local.birmingham.quinton.2026-05-07,quinton-local-birmingham-quinton-2026-05-07,Quinton,birmingham,Birmingham,,2,5552.0,0.255043,0.333333,-0.07829,1
2026,local.birmingham.rubery-rednal.2026-05-07,rubery-and-rednal-local-birmingham-rubery-rednal-2026-05-07,Rubery and Rednal,birmingham,Birmingham,,1,2558.0,0.368647,0.5,-0.131353,1
2026,local.birmingham.shard-end.2026-05-07,shard-end-local-birmingham-shard-end-2026-05-07,Shard End,birmingham,Birmingham,,1,2461.0,0.5128,0.5,0.0128,0
2026,local.birmingham.sheldon.2026-05-07,sheldon-local-birmingham-sheldon-2026-05-07,Sheldon,birmingham,Birmingham,,2,5101.5,0.393218,0.333333,0.059884,0
2026,local.birmingham.small-heath.2026-05-07,small-heath-local-birmingham-small-heath-2026-05-07,Small Heath,birmingham,Birmingham,,2,4781.0,0.272955,0.333333,-0.060378,1
2026,local.birmingham.soho-jewellery-quarter.2026-05-07,soho-and-jewellery-quarter-local-birmingham-soho-jewellery-quarter-2026-05-07,Soho and Jewellery Quarter,birmingham,Birmingham,,2,4449.0,0.347943,0.333333,0.01461,0
2026,local.birmingham.south-yardley.2026-05-07,south-yardley-local-birmingham-south-yardley-2026-05-07,South Yardley,birmingham,Birmingham,,1,2820.0,0.490071,0.5,-0.009929,1
2026,local.birmingham.sparkbrook-balsall-heath-east.2026-05-07,sparkbrook-and-balsall-heath-east-local-birmingham-sparkbrook-balsall-heath-east-2026-05-07,Sparkbrook and Balsall Heath East,birmingham,Birmingham,,2,5076.0,0.319543,0.333333,-0.01379,1
2026,local.birmingham.sparkhill.2026-05-07,sparkhill-local-birmingham-sparkhill-2026-05-07,Sparkhill,birmingham,Birmingham,,2,4258.0,0.347581,0.333333,0.014248,0
2026,local.birmingham.stirchley.2026-05-07,stirchley-local-birmingham-stirchley-2026-05-07,Stirchley,birmingham,Birmingham,,1,3668.0,0.393675,0.5,-0.106325,1
2026,local.birmingham.stockland-green.2026-05-07,stockland-green-local-birmingham-stockland-green-2026-05-07,Stockland Green,birmingham,Birmingham,,2,4328.5,0.236341,0.333333,-0.096993,1
2026,local.birmingham.sutton-four-oaks.2026-05-07,sutton-four-oaks-local-birmingham-sutton-four-oaks-2026-05-07,Sutton Four Oaks,birmingham,Birmingham,,1,3771.0,0.581543,0.5,0.081543,0
2026,local.birmingham.sutton-mere-green.2026-05-07,sutton-mere-green-local-birmingham-sutton-mere-green-2026-05-07,Sutton Mere Green,birmingham,Birmingham,,1,3931.0,0.460188,0.5,-0.039812,1
2026,local.birmingham.sutton-reddicap.2026-05-07,sutton-reddicap-local-birmingham-sutton-reddicap-2026-05-07,Sutton Reddicap,birmingham,Birmingham,,1,3062.0,0.528413,0.5,0.028413,0
2026,local.birmingham.sutton-roughley.2026-05-07,sutton-roughley-local-birmingham-sutton-roughley-2026-05-07,Sutton Roughley,birmingham,Birmingham,,1,4104.0,0.403752,0.5,-0.096248,1
2026,local.birmingham.sutton-trinity.2026-05-07,sutton-trinity-local-birmingham-sutton-trinity-2026-05-07,Sutton Trinity,birmingham,Birmingham,,1,3712.0,0.365571,0.5,-0.134429,1
2026,local.birmingham.sutton-vesey.2026-05-07,sutton-vesey-local-birmingham-sutton-vesey-2026-05-07,Sutton Vesey,birmingham,Birmingham,,2,7342.0,0.326069,0.333333,-0.007264,1
2026,local.birmingham.sutton-walmley-minworth.2026-05-07,sutton-walmley-and-minworth-local-birmingham-sutton-walmley-minworth-2026-05-07,Sutton Walmley and Minworth,birmingham,Birmingham,,2,5271.0,0.426105,0.333333,0.092772,0
2026,local.birmingham.sutton-wylde-green.2026-05-07,sutton-wylde-green-local-birmingham-sutton-wylde-green-2026-05-07,Sutton Wylde Green,birmingham,Birmingham,,1,3782.0,0.523797,0.5,0.023797,0
2026,local.birmingham.tyseley-hay-mills.2026-05-07,tyseley-and-hay-mills-local-birmingham-tyseley-hay-mills-2026-05-07,Tyseley and Hay Mills,birmingham,Birmingham,,1,2684.0,0.204918,0.5,-0.295082,1
2026,local.birmingham.ward-end.2026-05-07,ward-end-local-birmingham-ward-end-2026-05-07,Ward End,birmingham,Birmingham,,1,3398.0,0.611536,0.5,0.111536,0
2026,local.birmingham.weoley-selly-oak.2026-05-07,weoley-and-selly-oak-local-birmingham-weoley-selly-oak-2026-05-07,Weoley and Selly Oak,birmingham,Birmingham,,2,5828.5,0.261645,0.333333,-0.071688,1
2026,local.birmingham.yardley-east.2026-05-07,yardley-east-local-birmingham-yardley-east-2026-05-07,Yardley East,birmingham,Birmingham,,1,2832.0,0.345692,0.5,-0.154308,1
2026,local.birmingham.yardley-west-stechford.2026-05-07,yardley-west-and-stechford-local-birmingham-yardley-west-stechford-2026-05-07,Yardley West and Stechford,birmingham,Birmingham,,1,3145.0,0.607631,0.5,0.107631,0
2026,local.blackburn-with-darwen.audley-queens-park.2026-05-07,audley-and-queen-s-park-local-blackburn-with-darwen-audley-queens-park-2026-05-07,Audley and Queen's Park,blackburn-with-darwen,Blackburn with Darwen,,1,2302.0,0.384883,0.5,-0.115117,1
2026,local.blackburn-with-darwen.bastwell-daisyfield.2026-05-07,bastwell-and-daisyfield-local-blackburn-with-darwen-bastwell-daisyfield-2026-05-07,Bastwell and Daisyfield,blackburn-with-darwen,Blackburn with Darwen,,1,2855.0,0.46655,0.5,-0.03345,1
2026,local.blackburn-with-darwen.billinge-beardwood.2026-05-07,billinge-and-beardwood-local-blackburn-with-darwen-billinge-beardwood-2026-05-07,Billinge and Beardwood,blackburn-with-darwen,Blackburn with Darwen,,1,2800.0,0.418929,0.5,-0.081071,1
2026,local.blackburn-with-darwen.blackburn-central.2026-05-07,blackburn-central-local-blackburn-with-darwen-blackburn-central-2026-05-07,Blackburn Central,blackburn-with-darwen,Blackburn with Darwen,,1,2105.0,0.410926,0.5,-0.089074,1
2026,local.blackburn-with-darwen.blackburn-south-east.2026-05-07,blackburn-south-east-local-blackburn-with-darwen-blackburn-south-east-2026-05-07,Blackburn South East,blackburn-with-darwen,Blackburn with Darwen,,1,1803.0,0.46589,0.5,-0.03411,1
2026,local.blackburn-with-darwen.blackburn-south-lower-darwen.2026-05-07,blackburn-south-and-lower-darwen-local-blackburn-with-darwen-blackburn-south-lower-darwen-2026-05-07,Blackburn South and Lower Darwen,blackburn-with-darwen,Blackburn with Darwen,,1,2343.0,0.560393,0.5,0.060393,0
2026,local.blackburn-with-darwen.darwen-east.2026-05-07,darwen-east-local-blackburn-with-darwen-darwen-east-2026-05-07,Darwen East,blackburn-with-darwen,Blackburn with Darwen,,1,2033.0,0.452041,0.5,-0.047959,1
2026,local.blackburn-with-darwen.darwen-south.2026-05-07,darwen-south-local-blackburn-with-darwen-darwen-south-2026-05-07,Darwen South,blackburn-with-darwen,Blackburn with Darwen,,1,2755.0,0.509982,0.5,0.009982,0
2026,local.blackburn-with-darwen.darwen-west.2026-05-07,darwen-west-local-blackburn-with-darwen-darwen-west-2026-05-07,Darwen West,blackburn-with-darwen,Blackburn with Darwen,,1,2633.0,0.431447,0.5,-0.068553,1
2026,local.blackburn-with-darwen.ewood.2026-05-07,ewood-local-blackburn-with-darwen-ewood-2026-05-07,Ewood,blackburn-with-darwen,Blackburn with Darwen,,1,2021.0,0.511628,0.5,0.011628,0
2026,local.blackburn-with-darwen.little-harwood-whitebirk.2026-05-07,little-harwood-and-whitebirk-local-blackburn-with-darwen-little-harwood-whitebirk-2026-05-07,Little Harwood and Whitebirk,blackburn-with-darwen,Blackburn with Darwen,,1,2480.0,0.485081,0.5,-0.014919,1
2026,local.blackburn-with-darwen.livesey-with-pleasington.2026-05-07,livesey-with-pleasington-local-blackburn-with-darwen-livesey-with-pleasington-2026-05-07,Livesey with Pleasington,blackburn-with-darwen,Blackburn with Darwen,,1,3346.0,0.432756,0.5,-0.067244,1
2026,local.blackburn-with-darwen.mill-hill-moorgate.2026-05-07,mill-hill-and-moorgate-local-blackburn-with-darwen-mill-hill-moorgate-2026-05-07,Mill Hill and Moorgate,blackburn-with-darwen,Blackburn with Darwen,,1,1951.0,0.536648,0.5,0.036648,0
2026,local.blackburn-with-darwen.roe-lee.2026-05-07,roe-lee-local-blackburn-with-darwen-roe-lee-2026-05-07,Roe Lee,blackburn-with-darwen,Blackburn with Darwen,,1,2638.0,0.424185,0.5,-0.075815,1
2026,local.blackburn-with-darwen.shear-brow-corporation-park.2026-05-07,shear-brow-and-corporation-park-local-blackburn-with-darwen-shear-brow-corporation-park-2026-05-07,Shear Brow and Corporation Park,blackburn-with-darwen,Blackburn with Darwen,,1,3007.0,0.478883,0.5,-0.021117,1
2026,local.blackburn-with-darwen.wensley-fold.2026-05-07,wensley-fold-local-blackburn-with-darwen-wensley-fold-2026-05-07,Wensley Fold,blackburn-with-darwen,Blackburn with Darwen,,1,2658.0,0.413845,0.5,-0.086155,1
2026,local.blackburn-with-darwen.west-pennine.2026-05-07,west-pennine-local-blackburn-with-darwen-west-pennine-2026-05-07,West Pennine,blackburn-with-darwen,Blackburn with Darwen,,1,3230.0,0.391331,0.5,-0.108669,1
2026,local.bolton.astley-bridge.2026-05-07,astley-bridge-local-bolton-astley-bridge-2026-05-07,Astley Bridge,bolton,Bolton,,1,4996.0,0.327262,0.5,-0.172738,1
2026,local.bolton.bradshaw.2026-05-07,bradshaw-local-bolton-bradshaw-2026-05-07,Bradshaw,bolton,Bolton,,1,4811.0,0.37435,0.5,-0.12565,1
2026,local.bolton.breightmet.2026-05-07,breightmet-local-bolton-breightmet-2026-05-07,Breightmet,bolton,Bolton,,1,3995.0,0.473091,0.5,-0.026909,1
2026,local.bolton.bromley-cross.2026-05-07,bromley-cross-local-bolton-bromley-cross-2026-05-07,Bromley Cross,bolton,Bolton,,1,4942.0,0.363011,0.5,-0.136989,1
2026,local.bolton.farnworth-north.2026-05-07,farnworth-north-local-bolton-farnworth-north-2026-05-07,Farnworth North,bolton,Bolton,,1,3903.0,0.289777,0.5,-0.210223,1
2026,local.bolton.farnworth-south.2026-05-07,farnworth-south-local-bolton-farnworth-south-2026-05-07,Farnworth South,bolton,Bolton,,1,2956.0,0.41272,0.5,-0.08728,1
2026,local.bolton.great-lever.2026-05-07,great-lever-local-bolton-great-lever-2026-05-07,Great Lever,bolton,Bolton,,1,4187.0,0.458085,0.5,-0.041915,1
2026,local.bolton.halliwell.2026-05-07,halliwell-local-bolton-halliwell-2026-05-07,Halliwell,bolton,Bolton,,1,4191.0,0.418039,0.5,-0.081961,1
2026,local.bolton.heaton-lostock-chew-moor.2026-05-07,heaton-lostock-and-chew-moor-local-bolton-heaton-lostock-chew-moor-2026-05-07,"Heaton, Lostock and Chew Moor",bolton,Bolton,,1,5610.0,0.376471,0.5,-0.123529,1
2026,local.bolton.horwich-north.2026-05-07,horwich-north-local-bolton-horwich-north-2026-05-07,Horwich North,bolton,Bolton,,1,4852.0,0.392622,0.5,-0.107378,1
2026,local.bolton.horwich-south-blackrod.2026-05-07,horwich-south-and-blackrod-local-bolton-horwich-south-blackrod-2026-05-07,Horwich South and Blackrod,bolton,Bolton,,1,4009.0,0.442754,0.5,-0.057246,1
2026,local.bolton.hulton.2026-05-07,hulton-local-bolton-hulton-2026-05-07,Hulton,bolton,Bolton,,1,4495.0,0.431368,0.5,-0.068632,1
2026,local.bolton.kearsley.2026-05-07,kearsley-local-bolton-kearsley-2026-05-07,Kearsley,bolton,Bolton,,1,3373.0,0.463682,0.5,-0.036318,1
2026,local.bolton.little-lever-darcy-lever.2026-05-07,little-lever-and-darcy-lever-local-bolton-little-lever-darcy-lever-2026-05-07,Little Lever and Darcy Lever,bolton,Bolton,,1,4110.0,0.49635,0.5,-0.00365,1
2026,local.bolton.queens-park-central.2026-05-07,queens-park-and-central-local-bolton-queens-park-central-2026-05-07,Queens Park and Central,bolton,Bolton,,1,3109.0,0.350595,0.5,-0.149405,1
2026,local.bolton.rumworth.2026-05-07,rumworth-local-bolton-rumworth-2026-05-07,Rumworth,bolton,Bolton,,1,4724.0,0.496613,0.5,-0.003387,1
2026,local.bolton.smithills.2026-05-07,smithills-local-bolton-smithills-2026-05-07,Smithills,bolton,Bolton,,1,4558.0,0.375823,0.5,-0.124177,1
2026,local.bolton.tonge-with-the-haulgh.2026-05-07,tonge-with-the-haulgh-local-bolton-tonge-with-the-haulgh-2026-05-07,Tonge with the Haulgh,bolton,Bolton,,1,4435.0,0.471026,0.5,-0.028974,1
2026,local.bolton.westhoughton-north-hunger-hill.2026-05-07,westhoughton-north-and-hunger-hill-local-bolton-westhoughton-north-hunger-hill-2026-05-07,Westhoughton North and Hunger Hill,bolton,Bolton,,1,4658.0,0.382353,0.5,-0.117647,1
2026,local.bolton.westhoughton-south.2026-05-07,westhoughton-south-local-bolton-westhoughton-south-2026-05-07,Westhoughton South,bolton,Bolton,,1,4388.0,0.374658,0.5,-0.125342,1
2026,local.bradford.airedale.2026-05-07,airedale-local-bradford-airedale-2026-05-07,Airedale,bradford,Bradford,,3,5520.0,0.378442,0.25,0.128442,0
2026,local.bradford.baildon.2026-05-07,baildon-local-bradford-baildon-2026-05-07,Baildon,bradford,Bradford,,3,5806.666666666667,0.266246,0.25,0.016246,0
2026,local.bradford.bingley-east.2026-05-07,bingley-east-local-bradford-bingley-east-2026-05-07,Bingley East,bradford,Bradford,,3,6732.0,0.27956,0.25,0.02956,0
2026,local.bradford.bingley-west.2026-05-07,bingley-west-local-bradford-bingley-west-2026-05-07,Bingley West,bradford,Bradford,,3,5977.666666666667,0.318184,0.25,0.068184,0
2026,local.bradford.bolton-undercliffe.2026-05-07,bolton-and-undercliffe-local-bradford-bolton-undercliffe-2026-05-07,Bolton and Undercliffe,bradford,Bradford,,3,3837.6666666666665,0.29471,0.25,0.04471,0
2026,local.bradford.bowling-barkerend.2026-05-07,bowling-and-barkerend-local-bradford-bowling-barkerend-2026-05-07,Bowling and Barkerend,bradford,Bradford,,3,3995.6666666666665,0.323851,0.25,0.073851,0
2026,local.bradford.bradford-moor.2026-05-07,bradford-moor-local-bradford-bradford-moor-2026-05-07,Bradford Moor,bradford,Bradford,,3,4662.333333333333,0.373418,0.25,0.123418,0
2026,local.bradford.city.2026-05-07,city-local-bradford-city-2026-05-07,City,bradford,Bradford,,3,3812.0,0.386149,0.25,0.136149,0
2026,local.bradford.clayton-fairweather-green.2026-05-07,clayton-and-fairweather-green-local-bradford-clayton-fairweather-green-2026-05-07,Clayton and Fairweather Green,bradford,Bradford,,3,4212.333333333333,0.294611,0.25,0.044611,0
2026,local.bradford.eccleshill.2026-05-07,eccleshill-local-bradford-eccleshill-2026-05-07,Eccleshill,bradford,Bradford,,3,4272.0,0.361423,0.25,0.111423,0
2026,local.bradford.great-horton.2026-05-07,great-horton-local-bradford-great-horton-2026-05-07,Great Horton,bradford,Bradford,,3,4248.666666666667,0.347403,0.25,0.097403,0
2026,local.bradford.heaton-frizinghall.2026-05-07,heaton-and-frizinghall-local-bradford-heaton-frizinghall-2026-05-07,Heaton and Frizinghall,bradford,Bradford,,3,4848.666666666667,0.382992,0.25,0.132992,0
2026,local.bradford.holme-wood-bierley.2026-05-07,holme-wood-and-bierley-local-bradford-holme-wood-bierley-2026-05-07,Holme Wood and Bierley,bradford,Bradford,,3,3064.0,0.439948,0.25,0.189948,0
2026,local.bradford.ilkley-addingham.2026-05-07,ilkley-and-addingham-local-bradford-ilkley-addingham-2026-05-07,Ilkley and Addingham,bradford,Bradford,,3,8032.333333333333,0.448438,0.25,0.198438,0
2026,local.bradford.keighley-central.2026-05-07,keighley-central-local-bradford-keighley-central-2026-05-07,Keighley Central,bradford,Bradford,,3,4474.0,0.337059,0.25,0.087059,0
2026,local.bradford.keighley-east.2026-05-07,keighley-east-local-bradford-keighley-east-2026-05-07,Keighley East,bradford,Bradford,,3,5073.333333333333,0.300197,0.25,0.050197,0
2026,local.bradford.keighley-west.2026-05-07,keighley-west-local-bradford-keighley-west-2026-05-07,Keighley West,bradford,Bradford,,3,3952.3333333333335,0.338028,0.25,0.088028,0
2026,local.bradford.little-horton.2026-05-07,little-horton-local-bradford-little-horton-2026-05-07,Little Horton,bradford,Bradford,,3,4646.333333333333,0.43798,0.25,0.18798,0
2026,local.bradford.manningham.2026-05-07,manningham-local-bradford-manningham-2026-05-07,Manningham,bradford,Bradford,,3,5265.333333333333,0.569575,0.25,0.319575,0
2026,local.bradford.queensbury.2026-05-07,queensbury-local-bradford-queensbury-2026-05-07,Queensbury,bradford,Bradford,,3,4443.666666666667,0.478884,0.25,0.228884,0
2026,local.bradford.royds.2026-05-07,royds-local-bradford-royds-2026-05-07,Royds,bradford,Bradford,,3,3207.0,0.488307,0.25,0.238307,0
2026,local.bradford.shipley.2026-05-07,shipley-local-bradford-shipley-2026-05-07,Shipley,bradford,Bradford,,3,5569.333333333333,0.611922,0.25,0.361922,0
2026,local.bradford.thornton-allerton.2026-05-07,thornton-and-allerton-local-bradford-thornton-allerton-2026-05-07,Thornton and Allerton,bradford,Bradford,,3,4623.0,0.31538,0.25,0.06538,0
2026,local.bradford.toller.2026-05-07,toller-local-bradford-toller-2026-05-07,Toller,bradford,Bradford,,3,4914.333333333333,0.314997,0.25,0.064997,0
2026,local.bradford.wharfedale.2026-05-07,wharfedale-local-bradford-wharfedale-2026-05-07,Wharfedale,bradford,Bradford,,3,6594.333333333333,0.312389,0.25,0.062389,0
2026,local.bradford.wibsey-odsal.2026-05-07,wibsey-and-odsal-local-bradford-wibsey-odsal-2026-05-07,Wibsey and Odsal,bradford,Bradford,,3,3942.6666666666665,0.386794,0.25,0.136794,0
2026,local.bradford.windhill-wrose.2026-05-07,windhill-and-wrose-local-bradford-windhill-wrose-2026-05-07,Windhill and Wrose,bradford,Bradford,,3,4125.0,0.419394,0.25,0.169394,0
2026,local.bradford.worth-valley.2026-05-07,worth-valley-local-bradford-worth-valley-2026-05-07,Worth Valley,bradford,Bradford,,3,6383.666666666667,0.481698,0.25,0.231698,0
2026,local.bradford.wyke.2026-05-07,wyke-local-bradford-wyke-2026-05-07,Wyke,bradford,Bradford,,3,4124.0,0.504607,0.25,0.254607,0
2026,local.brent.alperton.2026-05-07,alperton-local-brent-alperton-2026-05-07,Alperton,brent,Brent,,3,4303.666666666667,0.466114,0.25,0.216114,0
2026,local.brent.barnhill.2026-05-07,barnhill-local-brent-barnhill-2026-05-07,Barnhill,brent,Brent,,2,2253.0,0.282734,0.333333,-0.050599,1
2026,local.brent.brondesbury-park.2026-05-07,brondesbury-park-local-brent-brondesbury-park-2026-05-07,Brondesbury Park,brent,Brent,,2,3501.0,0.387318,0.333333,0.053985,0
2026,local.brent.cricklewood-mapesbury.2026-05-07,cricklewood-and-mapesbury-local-brent-cricklewood-mapesbury-2026-05-07,Cricklewood and Mapesbury,brent,Brent,,2,2947.0,0.393621,0.333333,0.060287,0
2026,local.brent.dollis-hill.2026-05-07,dollis-hill-local-brent-dollis-hill-2026-05-07,Dollis Hill,brent,Brent,,3,3716.6666666666665,0.383408,0.25,0.133408,0
2026,local.brent.harlesden-kensal-green.2026-05-07,harlesden-and-kensal-green-local-brent-harlesden-kensal-green-2026-05-07,Harlesden and Kensal Green,brent,Brent,,3,4093.3333333333335,0.396254,0.25,0.146254,0
2026,local.brent.kenton.2026-05-07,kenton-local-brent-kenton-2026-05-07,Kenton,brent,Brent,,3,4628.666666666667,0.362739,0.25,0.112739,0
2026,local.brent.kilburn.2026-05-07,kilburn-local-brent-kilburn-2026-05-07,Kilburn,brent,Brent,,3,3535.333333333333,0.381011,0.25,0.131011,0
2026,local.brent.kingsbury.2026-05-07,kingsbury-local-brent-kingsbury-2026-05-07,Kingsbury,brent,Brent,,2,2559.5,0.33444,0.333333,0.001107,0
2026,local.brent.northwick-park.2026-05-07,northwick-park-local-brent-northwick-park-2026-05-07,Northwick Park,brent,Brent,,2,3219.5,0.283274,0.333333,-0.05006,1
2026,local.brent.preston.2026-05-07,preston-local-brent-preston-2026-05-07,Preston,brent,Brent,,2,2792.5,0.320143,0.333333,-0.01319,1
2026,local.brent.queensbury.2026-05-07,queensbury-local-brent-queensbury-2026-05-07,Queensbury,brent,Brent,,3,4246.0,0.509185,0.25,0.259185,0
2026,local.brent.queens-park.2026-05-07,queens-park-local-brent-queens-park-2026-05-07,Queens Park,brent,Brent,,3,4903.333333333333,0.389531,0.25,0.139531,0
2026,local.brent.roundwood.2026-05-07,roundwood-local-brent-roundwood-2026-05-07,Roundwood,brent,Brent,,3,3078.0,0.44282,0.25,0.19282,0
2026,local.brent.stonebridge.2026-05-07,stonebridge-local-brent-stonebridge-2026-05-07,Stonebridge,brent,Brent,,3,3456.6666666666665,0.358149,0.25,0.108149,0
2026,local.brent.sudbury.2026-05-07,sudbury-local-brent-sudbury-2026-05-07,Sudbury,brent,Brent,,2,3596.0,0.423526,0.333333,0.090193,0
2026,local.brent.tokyngton.2026-05-07,tokyngton-local-brent-tokyngton-2026-05-07,Tokyngton,brent,Brent,,2,2584.5,0.334301,0.333333,0.000967,0
2026,local.brent.welsh-harp.2026-05-07,welsh-harp-local-brent-welsh-harp-2026-05-07,Welsh Harp,brent,Brent,,3,3712.3333333333335,0.269911,0.25,0.019911,0
2026,local.brent.wembley-central.2026-05-07,wembley-central-local-brent-wembley-central-2026-05-07,Wembley Central,brent,Brent,,3,5253.333333333333,0.331599,0.25,0.081599,0
2026,local.brent.wembley-hill.2026-05-07,wembley-hill-local-brent-wembley-hill-2026-05-07,Wembley Hill,brent,Brent,,3,3577.6666666666665,0.325911,0.25,0.075911,0
2026,local.brent.wembley-park.2026-05-07,wembley-park-local-brent-wembley-park-2026-05-07,Wembley Park,brent,Brent,,2,1682.0,0.299643,0.333333,-0.03369,1
2026,local.brent.willesden-green.2026-05-07,willesden-green-local-brent-willesden-green-2026-05-07,Willesden Green,brent,Brent,,3,4289.333333333333,0.365092,0.25,0.115092,0
2026,local.brentwood.blackmore-doddinghurst.2026-05-07,blackmore-and-doddinghurst-local-brentwood-blackmore-doddinghurst-2026-05-07,Blackmore and Doddinghurst,brentwood,Brentwood,,1,2638.0,0.514784,0.5,0.014784,0
2026,local.brentwood.brentwood-north.2026-05-07,brentwood-north-local-brentwood-brentwood-north-2026-05-07,Brentwood North,brentwood,Brentwood,,1,2261.0,0.449801,0.5,-0.050199,1
2026,local.brentwood.brentwood-south.2026-05-07,brentwood-south-local-brentwood-brentwood-south-2026-05-07,Brentwood South,brentwood,Brentwood,,1,2175.0,0.272184,0.5,-0.227816,1
2026,local.brentwood.brentwood-west.2026-05-07,brentwood-west-local-brentwood-brentwood-west-2026-05-07,Brentwood West,brentwood,Brentwood,,2,2117.0,0.33727,0.333333,0.003936,0
2026,local.brentwood.brizes-stondon-massey-south-weald.2026-05-07,brizes-stondon-massey-and-south-weald-local-brentwood-brizes-stondon-massey-south-weald-2026-05-07,"Brizes, Stondon Massey and South Weald",brentwood,Brentwood,,1,2327.0,0.532875,0.5,0.032875,0
2026,local.brentwood.herongate-ingrave-west-horndon.2026-05-07,herongate-ingrave-and-west-horndon-local-brentwood-herongate-ingrave-west-horndon-2026-05-07,"Herongate, Ingrave and West Horndon",brentwood,Brentwood,,1,1799.0,0.460256,0.5,-0.039744,1
2026,local.brentwood.hutton-east.2026-05-07,hutton-east-local-brentwood-hutton-east-2026-05-07,Hutton East,brentwood,Brentwood,,1,2220.0,0.36036,0.5,-0.13964,1
2026,local.brentwood.hutton-north.2026-05-07,hutton-north-local-brentwood-hutton-north-2026-05-07,Hutton North,brentwood,Brentwood,,1,2204.0,0.40971,0.5,-0.09029,1
2026,local.brentwood.hutton-south.2026-05-07,hutton-south-local-brentwood-hutton-south-2026-05-07,Hutton South,brentwood,Brentwood,,1,2425.0,0.40701,0.5,-0.09299,1
2026,local.brentwood.ingatestone-fryerning-mountnessing.2026-05-07,ingatestone-fryerning-and-mountnessing-local-brentwood-ingatestone-fryerning-mountnessing-2026-05-07,"Ingatestone, Fryerning and Mountnessing",brentwood,Brentwood,,1,2591.0,0.358935,0.5,-0.141065,1
2026,local.brentwood.pilgrims-hatch.2026-05-07,pilgrims-hatch-local-brentwood-pilgrims-hatch-2026-05-07,Pilgrims Hatch,brentwood,Brentwood,,1,2182.0,0.455087,0.5,-0.044913,1
2026,local.brentwood.shenfield.2026-05-07,shenfield-local-brentwood-shenfield-2026-05-07,Shenfield,brentwood,Brentwood,,1,2479.0,0.365067,0.5,-0.134933,1
2026,local.brentwood.warley.2026-05-07,warley-local-brentwood-warley-2026-05-07,Warley,brentwood,Brentwood,,1,1823.0,0.388919,0.5,-0.111081,1
2026,local.bromley.beckenham-town-copers-cope.2026-05-07,beckenham-town-and-copers-cope-local-bromley-beckenham-town-copers-cope-2026-05-07,Beckenham Town and Copers Cope,bromley,Bromley,,3,6128.0,0.333225,0.25,0.083225,0
2026,local.bromley.bickley-sundridge.2026-05-07,bickley-and-sundridge-local-bromley-bickley-sundridge-2026-05-07,Bickley and Sundridge,bromley,Bromley,,3,6855.0,0.506783,0.25,0.256783,0
2026,local.bromley.biggin-hill.2026-05-07,biggin-hill-local-bromley-biggin-hill-2026-05-07,Biggin Hill,bromley,Bromley,,2,4478.5,0.473149,0.333333,0.139816,0
2026,local.bromley.bromley-common-holwood.2026-05-07,bromley-common-and-holwood-local-bromley-bromley-common-holwood-2026-05-07,Bromley Common and Holwood,bromley,Bromley,,3,6469.333333333333,0.36959,0.25,0.11959,0
2026,local.bromley.bromley-town.2026-05-07,bromley-town-local-bromley-bromley-town-2026-05-07,Bromley Town,bromley,Bromley,,3,5095.666666666667,0.343822,0.25,0.093822,0
2026,local.bromley.chelsfield.2026-05-07,chelsfield-local-bromley-chelsfield-2026-05-07,Chelsfield,bromley,Bromley,,2,5093.5,0.428782,0.333333,0.095448,0
2026,local.bromley.chislehurst.2026-05-07,chislehurst-local-bromley-chislehurst-2026-05-07,Chislehurst,bromley,Bromley,,3,5864.0,0.599591,0.25,0.349591,0
2026,local.bromley.clock-house.2026-05-07,clock-house-local-bromley-clock-house-2026-05-07,Clock House,bromley,Bromley,,3,6528.0,0.443781,0.25,0.193781,0
2026,local.bromley.crystal-palace-anerley.2026-05-07,crystal-palace-and-anerley-local-bromley-crystal-palace-anerley-2026-05-07,Crystal Palace and Anerley,bromley,Bromley,,2,3548.0,0.461669,0.333333,0.128335,0
2026,local.bromley.darwin.2026-05-07,darwin-local-bromley-darwin-2026-05-07,Darwin,bromley,Bromley,,1,2397.0,0.496454,0.5,-0.003546,1
2026,local.bromley.farnborough-crofton.2026-05-07,farnborough-and-crofton-local-bromley-farnborough-crofton-2026-05-07,Farnborough and Crofton,bromley,Bromley,,3,7207.333333333333,0.438997,0.25,0.188997,0
2026,local.bromley.hayes-coney-hall.2026-05-07,hayes-and-coney-hall-local-bromley-hayes-coney-hall-2026-05-07,Hayes and Coney Hall,bromley,Bromley,,3,6613.666666666667,0.508493,0.25,0.258493,0
2026,local.bromley.kelsey-eden-park.2026-05-07,kelsey-and-eden-park-local-bromley-kelsey-eden-park-2026-05-07,Kelsey and Eden Park,bromley,Bromley,,3,6398.0,0.345264,0.25,0.095264,0
2026,local.bromley.mottingham.2026-05-07,mottingham-local-bromley-mottingham-2026-05-07,Mottingham,bromley,Bromley,,2,3152.5,0.292784,0.333333,-0.04055,1
2026,local.bromley.orpington.2026-05-07,orpington-local-bromley-orpington-2026-05-07,Orpington,bromley,Bromley,,2,4345.5,0.388908,0.333333,0.055575,0
2026,local.bromley.penge-cator.2026-05-07,penge-and-cator-local-bromley-penge-cator-2026-05-07,Penge and Cator,bromley,Bromley,,3,6084.666666666667,0.409061,0.25,0.159061,0
2026,local.bromley.petts-wood-knoll.2026-05-07,petts-wood-and-knoll-local-bromley-petts-wood-knoll-2026-05-07,Petts Wood and Knoll,bromley,Bromley,,3,6958.666666666667,0.557434,0.25,0.307434,0
2026,local.bromley.plaistow.2026-05-07,plaistow-local-bromley-plaistow-2026-05-07,Plaistow,bromley,Bromley,,2,4174.0,0.275036,0.333333,-0.058297,1
2026,local.bromley.shortlands-park-langley.2026-05-07,shortlands-and-park-langley-local-bromley-shortlands-park-langley-2026-05-07,Shortlands and Park Langley,bromley,Bromley,,3,6607.333333333333,0.454495,0.25,0.204495,0
2026,local.bromley.st-mary-cray.2026-05-07,st-mary-cray-local-bromley-st-mary-cray-2026-05-07,St Mary Cray,bromley,Bromley,,3,5367.0,0.374697,0.25,0.124697,0
2026,local.bromley.st-pauls-cray.2026-05-07,st-paul-s-cray-local-bromley-st-pauls-cray-2026-05-07,St Paul's Cray,bromley,Bromley,,3,4062.0,0.355736,0.25,0.105736,0
2026,local.bromley.west-wickham.2026-05-07,west-wickham-local-bromley-west-wickham-2026-05-07,West Wickham,bromley,Bromley,,3,6313.333333333333,0.489916,0.25,0.239916,0
2026,local.broxbourne.broxbourne-and-hoddesdon-south.2026-05-07,broxbourne-and-hoddesdon-south-local-broxbourne-broxbourne-and-hoddesdon-south-2026-05-07,Broxbourne and Hoddesdon South,broxbourne,Broxbourne,,1,3331.0,0.50015,0.5,0.00015,0
2026,local.broxbourne.cheshunt-north.2026-05-07,cheshunt-north-local-broxbourne-cheshunt-north-2026-05-07,Cheshunt North,broxbourne,Broxbourne,,1,2594.0,0.368928,0.5,-0.131072,1
2026,local.broxbourne.cheshunt-south-and-theobalds.2026-05-07,cheshunt-south-and-theobalds-local-broxbourne-cheshunt-south-and-theobalds-2026-05-07,Cheshunt South and Theobalds,broxbourne,Broxbourne,,1,2446.0,0.402698,0.5,-0.097302,1
2026,local.broxbourne.flamstead-end.2026-05-07,flamstead-end-local-broxbourne-flamstead-end-2026-05-07,Flamstead End,broxbourne,Broxbourne,,1,2546.0,0.416732,0.5,-0.083268,1
2026,local.broxbourne.goffs-oak.2026-05-07,goffs-oak-local-broxbourne-goffs-oak-2026-05-07,Goffs Oak,broxbourne,Broxbourne,,1,3389.0,0.435232,0.5,-0.064768,1
2026,local.broxbourne.hoddesdon-north.2026-05-07,hoddesdon-north-local-broxbourne-hoddesdon-north-2026-05-07,Hoddesdon North,broxbourne,Broxbourne,,1,3172.0,0.442938,0.5,-0.057062,1
2026,local.broxbourne.hoddesdon-town-and-rye-park.2026-05-07,hoddesdon-town-and-rye-park-local-broxbourne-hoddesdon-town-and-rye-park-2026-05-07,Hoddesdon Town and Rye Park,broxbourne,Broxbourne,,1,2445.0,0.404908,0.5,-0.095092,1
2026,local.broxbourne.rosedale-and-bury-green.2026-05-07,rosedale-and-bury-green-local-broxbourne-rosedale-and-bury-green-2026-05-07,Rosedale and Bury Green,broxbourne,Broxbourne,,1,2520.0,0.361905,0.5,-0.138095,1
2026,local.broxbourne.waltham-cross.2026-05-07,waltham-cross-local-broxbourne-waltham-cross-2026-05-07,Waltham Cross,broxbourne,Broxbourne,,1,2594.0,0.287201,0.5,-0.212799,1
2026,local.broxbourne.wormley-and-turnford.2026-05-07,wormley-and-turnford-local-broxbourne-wormley-and-turnford-2026-05-07,Wormley and Turnford,broxbourne,Broxbourne,,1,2803.0,0.452016,0.5,-0.047984,1
2026,local.burnley.bank-hall.2026-05-07,bank-hall-local-burnley-bank-hall-2026-05-07,Bank Hall,burnley,Burnley,,1,1612.0,0.562035,0.5,0.062035,0
2026,local.burnley.briercliffe.2026-05-07,briercliffe-local-burnley-briercliffe-2026-05-07,Briercliffe,burnley,Burnley,,1,1967.0,0.509914,0.5,0.009914,0
2026,local.burnley.brunshaw.2026-05-07,brunshaw-local-burnley-brunshaw-2026-05-07,Brunshaw,burnley,Burnley,,1,1571.0,0.57352,0.5,0.07352,0
2026,local.burnley.cliviger-with-worsthorne.2026-05-07,cliviger-with-worsthorne-local-burnley-cliviger-with-worsthorne-2026-05-07,Cliviger with Worsthorne,burnley,Burnley,,1,2355.0,0.515924,0.5,0.015924,0
2026,local.burnley.coal-clough-with-deerplay.2026-05-07,coal-clough-with-deerplay-local-burnley-coal-clough-with-deerplay-2026-05-07,Coal Clough with Deerplay,burnley,Burnley,,1,1682.0,0.446492,0.5,-0.053508,1
2026,local.burnley.daneshouse-with-stoneyholme.2026-05-07,daneshouse-with-stoneyholme-local-burnley-daneshouse-with-stoneyholme-2026-05-07,Daneshouse with Stoneyholme,burnley,Burnley,,1,1912.0,0.57113,0.5,0.07113,0
2026,local.burnley.gannow.2026-05-07,gannow-local-burnley-gannow-2026-05-07,Gannow,burnley,Burnley,,1,1643.0,0.475959,0.5,-0.024041,1
2026,local.burnley.gawthorpe.2026-05-07,gawthorpe-local-burnley-gawthorpe-2026-05-07,Gawthorpe,burnley,Burnley,,1,1559.0,0.54907,0.5,0.04907,0
2026,local.burnley.hapton-with-park.2026-05-07,hapton-with-park-local-burnley-hapton-with-park-2026-05-07,Hapton with Park,burnley,Burnley,,1,1918.0,0.460375,0.5,-0.039625,1
2026,local.burnley.lanehead.2026-05-07,lanehead-local-burnley-lanehead-2026-05-07,Lanehead,burnley,Burnley,,1,2119.0,0.321378,0.5,-0.178622,1
2026,local.burnley.queensgate.2026-05-07,queensgate-local-burnley-queensgate-2026-05-07,Queensgate,burnley,Burnley,,1,1704.0,0.549296,0.5,0.049296,0
2026,local.burnley.rosegrove-with-lowerhouse.2026-05-07,rosegrove-with-lowerhouse-local-burnley-rosegrove-with-lowerhouse-2026-05-07,Rosegrove with Lowerhouse,burnley,Burnley,,1,1595.0,0.568652,0.5,0.068652,0
2026,local.burnley.rosehill-with-burnley-wood.2026-05-07,rosehill-with-burnley-wood-local-burnley-rosehill-with-burnley-wood-2026-05-07,Rosehill with Burnley Wood,burnley,Burnley,,1,1583.0,0.569804,0.5,0.069804,0
2026,local.burnley.trinity.2026-05-07,trinity-local-burnley-trinity-2026-05-07,Trinity,burnley,Burnley,,1,1190.0,0.512605,0.5,0.012605,0
2026,local.burnley.whittlefield-with-ightenhill.2026-05-07,whittlefield-with-ightenhill-local-burnley-whittlefield-with-ightenhill-2026-05-07,Whittlefield with Ightenhill,burnley,Burnley,,1,2129.0,0.477689,0.5,-0.022311,1
2026,local.bury.besses.2026-05-07,besses-local-bury-besses-2026-05-07,Besses,bury,Bury,,1,3234.0,0.349412,0.5,-0.150588,1
2026,local.bury.bury-east.2026-05-07,bury-east-local-bury-bury-east-2026-05-07,Bury East,bury,Bury,,1,3108.0,0.33816,0.5,-0.16184,1
2026,local.bury.bury-west.2026-05-07,bury-west-local-bury-bury-west-2026-05-07,Bury West,bury,Bury,,1,4174.0,0.347149,0.5,-0.152851,1
2026,local.bury.elton.2026-05-07,elton-local-bury-elton-2026-05-07,Elton,bury,Bury,,1,3974.0,0.407398,0.5,-0.092602,1
2026,local.bury.holyrood.2026-05-07,holyrood-local-bury-holyrood-2026-05-07,Holyrood,bury,Bury,,1,4034.0,0.368121,0.5,-0.131879,1
2026,local.bury.north-manor.2026-05-07,north-manor-local-bury-north-manor-2026-05-07,North Manor,bury,Bury,,1,4423.0,0.35338,0.5,-0.14662,1
2026,local.bury.pilkington-park.2026-05-07,pilkington-park-local-bury-pilkington-park-2026-05-07,Pilkington Park,bury,Bury,,1,3916.0,0.343463,0.5,-0.156537,1
2026,local.bury.radcliffe-east.2026-05-07,radcliffe-east-local-bury-radcliffe-east-2026-05-07,Radcliffe East,bury,Bury,,1,2821.0,0.458348,0.5,-0.041652,1
2026,local.bury.radcliffe-north-ainsworth.2026-05-07,radcliffe-north-and-ainsworth-local-bury-radcliffe-north-ainsworth-2026-05-07,Radcliffe North and Ainsworth,bury,Bury,,1,3833.0,0.357683,0.5,-0.142317,1
2026,local.bury.radcliffe-west.2026-05-07,radcliffe-west-local-bury-radcliffe-west-2026-05-07,Radcliffe West,bury,Bury,,1,2843.0,0.372142,0.5,-0.127858,1
2026,local.bury.ramsbottom.2026-05-07,ramsbottom-local-bury-ramsbottom-2026-05-07,Ramsbottom,bury,Bury,,1,4501.0,0.36303,0.5,-0.13697,1
2026,local.bury.redvales.2026-05-07,redvales-local-bury-redvales-2026-05-07,Redvales,bury,Bury,,1,3489.0,0.294927,0.5,-0.205073,1
2026,local.bury.sedgley.2026-05-07,sedgley-local-bury-sedgley-2026-05-07,Sedgley,bury,Bury,,1,3445.0,0.330624,0.5,-0.169376,1
2026,local.bury.st-marys.2026-05-07,st-mary-s-local-bury-st-marys-2026-05-07,St. Mary's,bury,Bury,,1,4135.0,0.455623,0.5,-0.044377,1
2026,local.bury.tottington.2026-05-07,tottington-local-bury-tottington-2026-05-07,Tottington,bury,Bury,,1,3834.0,0.408451,0.5,-0.091549,1
2026,local.bury.unsworth.2026-05-07,unsworth-local-bury-unsworth-2026-05-07,Unsworth,bury,Bury,,1,3930.0,0.340967,0.5,-0.159033,1
2026,local.calderdale.brighouse.2026-05-07,brighouse-local-calderdale-brighouse-2026-05-07,Brighouse,calderdale,Calderdale,,3,3778.6666666666665,0.389026,0.25,0.139026,0
2026,local.calderdale.elland.2026-05-07,elland-local-calderdale-elland-2026-05-07,Elland,calderdale,Calderdale,,3,2722.6666666666665,0.468658,0.25,0.218658,0
2026,local.calderdale.greetland.2026-05-07,greetland-local-calderdale-greetland-2026-05-07,Greetland,calderdale,Calderdale,,3,3526.0,0.4308,0.25,0.1808,0
2026,local.calderdale.halifax-town.2026-05-07,halifax-town-local-calderdale-halifax-town-2026-05-07,Halifax Town,calderdale,Calderdale,,3,2686.333333333333,0.34508,0.25,0.09508,0
2026,local.calderdale.hebden-bridge-todmorden-east.2026-05-07,hebden-bridge-and-todmorden-east-local-calderdale-hebden-bridge-todmorden-east-2026-05-07,Hebden Bridge and Todmorden East,calderdale,Calderdale,,3,5667.0,0.347803,0.25,0.097803,0
2026,local.calderdale.hipperholme-lightcliffe.2026-05-07,hipperholme-and-lightcliffe-local-calderdale-hipperholme-lightcliffe-2026-05-07,Hipperholme and Lightcliffe,calderdale,Calderdale,,3,3800.3333333333335,0.368389,0.25,0.118389,0
2026,local.calderdale.illingworth-mixenden.2026-05-07,illingworth-and-mixenden-local-calderdale-illingworth-mixenden-2026-05-07,Illingworth and Mixenden,calderdale,Calderdale,,3,2844.0,0.58263,0.25,0.33263,0
2026,local.calderdale.luddendenfoot.2026-05-07,luddendenfoot-local-calderdale-luddendenfoot-2026-05-07,Luddendenfoot,calderdale,Calderdale,,3,4349.666666666667,0.337957,0.25,0.087957,0
2026,local.calderdale.northowram-shelf.2026-05-07,northowram-and-shelf-local-calderdale-northowram-shelf-2026-05-07,Northowram and Shelf,calderdale,Calderdale,,3,3443.6666666666665,0.44865,0.25,0.19865,0
2026,local.calderdale.ovenden.2026-05-07,ovenden-local-calderdale-ovenden-2026-05-07,Ovenden,calderdale,Calderdale,,3,2560.333333333333,0.584689,0.25,0.334689,0
2026,local.calderdale.park.2026-05-07,park-local-calderdale-park-2026-05-07,Park,calderdale,Calderdale,,3,2766.0,0.325741,0.25,0.075741,0
2026,local.calderdale.rastrick.2026-05-07,rastrick-local-calderdale-rastrick-2026-05-07,Rastrick,calderdale,Calderdale,,3,3940.6666666666665,0.386483,0.25,0.136483,0
2026,local.calderdale.ryburn.2026-05-07,ryburn-local-calderdale-ryburn-2026-05-07,Ryburn,calderdale,Calderdale,,3,3887.3333333333335,0.353456,0.25,0.103456,0
2026,local.calderdale.salterhebble-southowram-skircoat-green.2026-05-07,salterhebble-southowram-and-skircoat-green-local-calderdale-salterhebble-southowram-skircoat-green-2026-05-07,"Salterhebble, Southowram and Skircoat Green",calderdale,Calderdale,,3,3625.3333333333335,0.470026,0.25,0.220026,0
2026,local.calderdale.sowerby-bridge.2026-05-07,sowerby-bridge-local-calderdale-sowerby-bridge-2026-05-07,Sowerby Bridge,calderdale,Calderdale,,3,3962.0,0.397274,0.25,0.147274,0
2026,local.calderdale.todmorden-west.2026-05-07,todmorden-west-local-calderdale-todmorden-west-2026-05-07,Todmorden West,calderdale,Calderdale,,3,4400.666666666667,0.331313,0.25,0.081313,0
2026,local.calderdale.wainhouse.2026-05-07,wainhouse-local-calderdale-wainhouse-2026-05-07,Wainhouse,calderdale,Calderdale,,3,3832.3333333333335,0.317039,0.25,0.067039,0
2026,local.calderdale.warley.2026-05-07,warley-local-calderdale-warley-2026-05-07,Warley,calderdale,Calderdale,,3,2935.333333333333,0.313423,0.25,0.063423,0
2026,local.cambridge.abbey.2026-05-07,abbey-local-cambridge-abbey-2026-05-07,Abbey,cambridge,Cambridge,,1,2674.0,0.513837,0.5,0.013837,0
2026,local.cambridge.arbury.2026-05-07,arbury-local-cambridge-arbury-2026-05-07,Arbury,cambridge,Cambridge,,1,2886.0,0.321552,0.5,-0.178448,1
2026,local.cambridge.castle.2026-05-07,castle-local-cambridge-castle-2026-05-07,Castle,cambridge,Cambridge,,1,2353.0,0.321717,0.5,-0.178283,1
2026,local.cambridge.cherry-hinton.2026-05-07,cherry-hinton-local-cambridge-cherry-hinton-2026-05-07,Cherry Hinton,cambridge,Cambridge,,1,2793.0,0.309345,0.5,-0.190655,1
2026,local.cambridge.coleridge.2026-05-07,coleridge-local-cambridge-coleridge-2026-05-07,Coleridge,cambridge,Cambridge,,1,2940.0,0.391156,0.5,-0.108844,1
2026,local.cambridge.east-chesterton.2026-05-07,east-chesterton-local-cambridge-east-chesterton-2026-05-07,East Chesterton,cambridge,Cambridge,,1,2937.0,0.318352,0.5,-0.181648,1
2026,local.cambridge.kings-hedges.2026-05-07,king-s-hedges-local-cambridge-kings-hedges-2026-05-07,King's Hedges,cambridge,Cambridge,,1,2620.0,0.272137,0.5,-0.227863,1
2026,local.cambridge.market.2026-05-07,market-local-cambridge-market-2026-05-07,Market,cambridge,Cambridge,,1,1975.0,0.432405,0.5,-0.067595,1
2026,local.cambridge.newnham.2026-05-07,newnham-local-cambridge-newnham-2026-05-07,Newnham,cambridge,Cambridge,,1,1974.0,0.529889,0.5,0.029889,0
2026,local.cambridge.petersfield.2026-05-07,petersfield-local-cambridge-petersfield-2026-05-07,Petersfield,cambridge,Cambridge,,1,3329.0,0.409432,0.5,-0.090568,1
2026,local.cambridge.queen-ediths.2026-05-07,queen-edith-s-local-cambridge-queen-ediths-2026-05-07,Queen Edith's,cambridge,Cambridge,,1,3070.0,0.489577,0.5,-0.010423,1
2026,local.cambridge.romsey.2026-05-07,romsey-local-cambridge-romsey-2026-05-07,Romsey,cambridge,Cambridge,,1,3363.0,0.452275,0.5,-0.047725,1
2026,local.cambridge.trumpington.2026-05-07,trumpington-local-cambridge-trumpington-2026-05-07,Trumpington,cambridge,Cambridge,,2,3107.5,0.369429,0.333333,0.036095,0
2026,local.cambridge.west-chesterton.2026-05-07,west-chesterton-local-cambridge-west-chesterton-2026-05-07,West Chesterton,cambridge,Cambridge,,1,3486.0,0.309811,0.5,-0.190189,1
2026,local.camden.belsize.2026-05-07,belsize-local-camden-belsize-2026-05-07,Belsize,camden,Camden,,3,3339.333333333333,0.33899,0.25,0.08899,0
2026,local.camden.bloomsbury.2026-05-07,bloomsbury-local-camden-bloomsbury-2026-05-07,Bloomsbury,camden,Camden,,3,2264.0,0.373675,0.25,0.123675,0
2026,local.camden.camden-square.2026-05-07,camden-square-local-camden-camden-square-2026-05-07,Camden Square,camden,Camden,,2,2106.0,0.402659,0.333333,0.069326,0
2026,local.camden.camden-town.2026-05-07,camden-town-local-camden-camden-town-2026-05-07,Camden Town,camden,Camden,,2,1574.0,0.393901,0.333333,0.060568,0
2026,local.camden.fortune-green.2026-05-07,fortune-green-local-camden-fortune-green-2026-05-07,Fortune Green,camden,Camden,,3,3170.6666666666665,0.363015,0.25,0.113015,0
2026,local.camden.frognal.2026-05-07,frognal-local-camden-frognal-2026-05-07,Frognal,camden,Camden,,2,2164.5,0.431046,0.333333,0.097713,0
2026,local.camden.gospel-oak.2026-05-07,gospel-oak-local-camden-gospel-oak-2026-05-07,Gospel Oak,camden,Camden,,3,3409.6666666666665,0.349594,0.25,0.099594,0
2026,local.camden.hampstead-town.2026-05-07,hampstead-town-local-camden-hampstead-town-2026-05-07,Hampstead Town,camden,Camden,,2,2893.5,0.369449,0.333333,0.036115,0
2026,local.camden.haverstock.2026-05-07,haverstock-local-camden-haverstock-2026-05-07,Haverstock,camden,Camden,,3,3227.6666666666665,0.388826,0.25,0.138826,0
2026,local.camden.highgate.2026-05-07,highgate-local-camden-highgate-2026-05-07,Highgate,camden,Camden,,3,4057.3333333333335,0.446106,0.25,0.196106,0
2026,local.camden.holborn-covent-garden.2026-05-07,holborn-and-covent-garden-local-camden-holborn-covent-garden-2026-05-07,Holborn and Covent Garden,camden,Camden,,3,2878.6666666666665,0.397406,0.25,0.147406,0
2026,local.camden.kentish-town-north.2026-05-07,kentish-town-north-local-camden-kentish-town-north-2026-05-07,Kentish Town North,camden,Camden,,2,2838.5,0.475956,0.333333,0.142622,0
2026,local.camden.kentish-town-south.2026-05-07,kentish-town-south-local-camden-kentish-town-south-2026-05-07,Kentish Town South,camden,Camden,,3,3129.333333333333,0.421815,0.25,0.171815,0
2026,local.camden.kilburn.2026-05-07,kilburn-local-camden-kilburn-2026-05-07,Kilburn,camden,Camden,,3,2429.0,0.362289,0.25,0.112289,0
2026,local.camden.kings-cross.2026-05-07,king-s-cross-local-camden-kings-cross-2026-05-07,King's Cross,camden,Camden,,3,2313.0,0.42326,0.25,0.17326,0
2026,local.camden.primrose-hill.2026-05-07,primrose-hill-local-camden-primrose-hill-2026-05-07,Primrose Hill,camden,Camden,,3,3363.333333333333,0.301189,0.25,0.051189,0
2026,local.camden.regents-park.2026-05-07,regent-s-park-local-camden-regents-park-2026-05-07,Regent's Park,camden,Camden,,3,2769.6666666666665,0.364665,0.25,0.114665,0
2026,local.camden.south-hampstead.2026-05-07,south-hampstead-local-camden-south-hampstead-2026-05-07,South Hampstead,camden,Camden,,3,3260.6666666666665,0.283684,0.25,0.033684,0
2026,local.camden.st-pancras-somers-town.2026-05-07,st-pancras-and-somers-town-local-camden-st-pancras-somers-town-2026-05-07,St Pancras and Somers Town,camden,Camden,,3,2775.0,0.36,0.25,0.11,0
2026,local.camden.west-hampstead.2026-05-07,west-hampstead-local-camden-west-hampstead-2026-05-07,West Hampstead,camden,Camden,,3,2958.333333333333,0.361014,0.25,0.111014,0
2026,local.cannock-chase.brereton-ravenhill.2026-05-07,brereton-and-ravenhill-local-cannock-chase-brereton-ravenhill-2026-05-07,Brereton and Ravenhill,cannock-chase,Cannock Chase,,1,2167.0,0.51269,0.5,0.01269,0
2026,local.cannock-chase.cannock-longford-bridgtown.2026-05-07,cannock-longford-and-bridgtown-local-cannock-chase-cannock-longford-bridgtown-2026-05-07,Cannock Longford and Bridgtown,cannock-chase,Cannock Chase,,1,2588.0,0.532457,0.5,0.032457,0
2026,local.cannock-chase.cannock-park-old-fallow.2026-05-07,cannock-park-and-old-fallow-local-cannock-chase-cannock-park-old-fallow-2026-05-07,Cannock Park and Old Fallow,cannock-chase,Cannock Chase,,1,2692.0,0.544948,0.5,0.044948,0
2026,local.cannock-chase.chadsmoor.2026-05-07,chadsmoor-local-cannock-chase-chadsmoor-2026-05-07,Chadsmoor,cannock-chase,Cannock Chase,,1,2449.0,0.610045,0.5,0.110045,0
2026,local.cannock-chase.etching-hill-the-heath.2026-05-07,etching-hill-and-the-heath-local-cannock-chase-etching-hill-the-heath-2026-05-07,Etching Hill and the Heath,cannock-chase,Cannock Chase,,1,2589.0,0.456161,0.5,-0.043839,1
2026,local.cannock-chase.hawks-green-with-rumer-hill.2026-05-07,hawks-green-with-rumer-hill-local-cannock-chase-hawks-green-with-rumer-hill-2026-05-07,Hawks Green with Rumer Hill,cannock-chase,Cannock Chase,,1,2353.0,0.500637,0.5,0.000637,0
2026,local.cannock-chase.heath-hayes-wimblebury.2026-05-07,heath-hayes-and-wimblebury-local-cannock-chase-heath-hayes-wimblebury-2026-05-07,Heath Hayes and Wimblebury,cannock-chase,Cannock Chase,,1,2487.0,0.590269,0.5,0.090269,0
2026,local.cannock-chase.hednesford-green-heath.2026-05-07,hednesford-green-heath-local-cannock-chase-hednesford-green-heath-2026-05-07,Hednesford Green Heath,cannock-chase,Cannock Chase,,1,2055.0,0.531387,0.5,0.031387,0
2026,local.cannock-chase.hednesford-hills-rawnsley.2026-05-07,hednesford-hills-and-rawnsley-local-cannock-chase-hednesford-hills-rawnsley-2026-05-07,Hednesford Hills and Rawnsley,cannock-chase,Cannock Chase,,1,2634.0,0.490888,0.5,-0.009112,1
2026,local.cannock-chase.hednesford-pye-green.2026-05-07,hednesford-pye-green-local-cannock-chase-hednesford-pye-green-2026-05-07,Hednesford Pye Green,cannock-chase,Cannock Chase,,2,2076.5,0.55478,0.333333,0.221446,0
2026,local.cannock-chase.norton-canes.2026-05-07,norton-canes-local-cannock-chase-norton-canes-2026-05-07,Norton Canes,cannock-chase,Cannock Chase,,1,2543.0,0.595753,0.5,0.095753,0
2026,local.cannock-chase.western-springs.2026-05-07,western-springs-local-cannock-chase-western-springs-2026-05-07,Western Springs,cannock-chase,Cannock Chase,,1,2007.0,0.478326,0.5,-0.021674,1
2026,local.cheltenham.all-saints.2026-05-07,all-saints-local-cheltenham-all-saints-2026-05-07,All Saints,cheltenham,Cheltenham,,1,2061.0,0.450267,0.5,-0.049733,1
2026,local.cheltenham.battledown.2026-05-07,battledown-local-cheltenham-battledown-2026-05-07,Battledown,cheltenham,Cheltenham,,1,2194.0,0.47402,0.5,-0.02598,1
2026,local.cheltenham.benhall-the-reddings-fiddlers-green.2026-05-07,benhall-the-reddings-and-fiddler-s-green-local-cheltenham-benhall-the-reddings-fiddlers-green-2026-05-07,"Benhall, the Reddings and Fiddler's Green",cheltenham,Cheltenham,,1,2368.0,0.465794,0.5,-0.034206,1
2026,local.cheltenham.charlton-kings.2026-05-07,charlton-kings-local-cheltenham-charlton-kings-2026-05-07,Charlton Kings,cheltenham,Cheltenham,,1,2339.0,0.394186,0.5,-0.105814,1
2026,local.cheltenham.charlton-park.2026-05-07,charlton-park-local-cheltenham-charlton-park-2026-05-07,Charlton Park,cheltenham,Cheltenham,,1,2356.0,0.38455,0.5,-0.11545,1
2026,local.cheltenham.college.2026-05-07,college-local-cheltenham-college-2026-05-07,College,cheltenham,Cheltenham,,1,2004.0,0.500499,0.5,0.000499,0
2026,local.cheltenham.hesters-way.2026-05-07,hesters-way-local-cheltenham-hesters-way-2026-05-07,Hesters Way,cheltenham,Cheltenham,,1,1359.0,0.317145,0.5,-0.182855,1
2026,local.cheltenham.lansdown.2026-05-07,lansdown-local-cheltenham-lansdown-2026-05-07,Lansdown,cheltenham,Cheltenham,,1,2102.0,0.415794,0.5,-0.084206,1
2026,local.cheltenham.leckhampton.2026-05-07,leckhampton-local-cheltenham-leckhampton-2026-05-07,Leckhampton,cheltenham,Cheltenham,,1,2365.0,0.538689,0.5,0.038689,0
2026,local.cheltenham.oakley.2026-05-07,oakley-local-cheltenham-oakley-2026-05-07,Oakley,cheltenham,Cheltenham,,1,1467.0,0.430811,0.5,-0.069189,1
2026,local.cheltenham.park.2026-05-07,park-local-cheltenham-park-2026-05-07,Park,cheltenham,Cheltenham,,1,2380.0,0.418908,0.5,-0.081092,1
2026,local.cheltenham.pittville.2026-05-07,pittville-local-cheltenham-pittville-2026-05-07,Pittville,cheltenham,Cheltenham,,1,2303.0,0.450282,0.5,-0.049718,1
2026,local.cheltenham.prestbury.2026-05-07,prestbury-local-cheltenham-prestbury-2026-05-07,Prestbury,cheltenham,Cheltenham,,1,2408.0,0.412375,0.5,-0.087625,1
2026,local.cheltenham.springbank.2026-05-07,springbank-local-cheltenham-springbank-2026-05-07,Springbank,cheltenham,Cheltenham,,1,1596.0,0.450501,0.5,-0.049499,1
2026,local.cheltenham.st-marks.2026-05-07,st-mark-s-local-cheltenham-st-marks-2026-05-07,St Mark's,cheltenham,Cheltenham,,1,1714.0,0.43874,0.5,-0.06126,1
2026,local.cheltenham.st-pauls.2026-05-07,st-paul-s-local-cheltenham-st-pauls-2026-05-07,St Paul's,cheltenham,Cheltenham,,1,1432.0,0.504888,0.5,0.004888,0
2026,local.cheltenham.st-peters.2026-05-07,st-peter-s-local-cheltenham-st-peters-2026-05-07,St Peter's,cheltenham,Cheltenham,,1,1971.0,0.444444,0.5,-0.055556,1
2026,local.cheltenham.swindon-village.2026-05-07,swindon-village-local-cheltenham-swindon-village-2026-05-07,Swindon Village,cheltenham,Cheltenham,,1,1602.0,0.378277,0.5,-0.121723,1
2026,local.cheltenham.up-hatherley.2026-05-07,up-hatherley-local-cheltenham-up-hatherley-2026-05-07,Up Hatherley,cheltenham,Cheltenham,,1,2298.0,0.512185,0.5,0.012185,0
2026,local.cheltenham.warden-hill.2026-05-07,warden-hill-local-cheltenham-warden-hill-2026-05-07,Warden Hill,cheltenham,Cheltenham,,1,2099.0,0.521201,0.5,0.021201,0
2026,local.cherwell.adderbury-bloxham-bodicote.2026-05-07,adderbury-bloxham-and-bodicote-local-cherwell-adderbury-bloxham-bodicote-2026-05-07,"Adderbury, Bloxham and Bodicote",cherwell,Cherwell,,1,3898.0,0.327091,0.5,-0.172909,1
2026,local.cherwell.banbury-calthorpe-easington.2026-05-07,banbury-calthorpe-and-easington-local-cherwell-banbury-calthorpe-easington-2026-05-07,Banbury Calthorpe and Easington,cherwell,Cherwell,,2,3986.5,0.309043,0.333333,-0.02429,1
2026,local.cherwell.banbury-cross-neithrop.2026-05-07,banbury-cross-and-neithrop-local-cherwell-banbury-cross-neithrop-2026-05-07,Banbury Cross and Neithrop,cherwell,Cherwell,,1,2676.0,0.266442,0.5,-0.233558,1
2026,local.cherwell.banbury-grimsbury-hightown.2026-05-07,banbury-grimsbury-and-hightown-local-cherwell-banbury-grimsbury-hightown-2026-05-07,Banbury Grimsbury and Hightown,cherwell,Cherwell,,1,2184.0,0.313645,0.5,-0.186355,1
2026,local.cherwell.banbury-hardwick.2026-05-07,banbury-hardwick-local-cherwell-banbury-hardwick-2026-05-07,Banbury Hardwick,cherwell,Cherwell,,1,2732.0,0.347731,0.5,-0.152269,1
2026,local.cherwell.banbury-ruscote.2026-05-07,banbury-ruscote-local-cherwell-banbury-ruscote-2026-05-07,Banbury Ruscote,cherwell,Cherwell,,1,2118.0,0.354108,0.5,-0.145892,1
2026,local.cherwell.bicester-east.2026-05-07,bicester-east-local-cherwell-bicester-east-2026-05-07,Bicester East,cherwell,Cherwell,,1,2610.0,0.352107,0.5,-0.147893,1
2026,local.cherwell.bicester-north-caversfield.2026-05-07,bicester-north-and-caversfield-local-cherwell-bicester-north-caversfield-2026-05-07,Bicester North and Caversfield,cherwell,Cherwell,,1,2795.0,0.359928,0.5,-0.140072,1
2026,local.cherwell.bicester-south-ambrosden.2026-05-07,bicester-south-and-ambrosden-local-cherwell-bicester-south-ambrosden-2026-05-07,Bicester South and Ambrosden,cherwell,Cherwell,,1,4076.0,0.412169,0.5,-0.087831,1
2026,local.cherwell.bicester-west.2026-05-07,bicester-west-local-cherwell-bicester-west-2026-05-07,Bicester West,cherwell,Cherwell,,2,2688.5,0.275618,0.333333,-0.057715,1
2026,local.cherwell.cropredy-sibfords-wroxton.2026-05-07,cropredy-sibfords-and-wroxton-local-cherwell-cropredy-sibfords-wroxton-2026-05-07,"Cropredy, Sibfords and Wroxton",cherwell,Cherwell,,1,3735.0,0.308166,0.5,-0.191834,1
2026,local.cherwell.deddington.2026-05-07,deddington-local-cherwell-deddington-2026-05-07,Deddington,cherwell,Cherwell,,1,3985.0,0.324718,0.5,-0.175282,1
2026,local.cherwell.fringford-heyfords.2026-05-07,fringford-and-heyfords-local-cherwell-fringford-heyfords-2026-05-07,Fringford and Heyfords,cherwell,Cherwell,,1,3476.0,0.394707,0.5,-0.105293,1
2026,local.cherwell.kidlington-east.2026-05-07,kidlington-east-local-cherwell-kidlington-east-2026-05-07,Kidlington East,cherwell,Cherwell,,1,2992.0,0.351939,0.5,-0.148061,1
2026,local.cherwell.kidlington-west.2026-05-07,kidlington-west-local-cherwell-kidlington-west-2026-05-07,Kidlington West,cherwell,Cherwell,,1,3166.0,0.450726,0.5,-0.049274,1
2026,local.cherwell.launton-otmoor.2026-05-07,launton-and-otmoor-local-cherwell-launton-otmoor-2026-05-07,Launton and Otmoor,cherwell,Cherwell,,1,3225.0,0.385736,0.5,-0.114264,1
2026,local.chorley.adlington-anderton.2026-05-07,adlington-and-anderton-local-chorley-adlington-anderton-2026-05-07,Adlington and Anderton,chorley,Chorley,,1,2731.0,0.463566,0.5,-0.036434,1
2026,local.chorley.buckshaw-whittle.2026-05-07,buckshaw-and-whittle-local-chorley-buckshaw-whittle-2026-05-07,Buckshaw and Whittle,chorley,Chorley,,1,2569.0,0.320747,0.5,-0.179253,1
2026,local.chorley.chorley-east.2026-05-07,chorley-east-local-chorley-chorley-east-2026-05-07,Chorley East,chorley,Chorley,,1,1959.0,0.397141,0.5,-0.102859,1
2026,local.chorley.chorley-north-astley.2026-05-07,chorley-north-and-astley-local-chorley-chorley-north-astley-2026-05-07,Chorley North and Astley,chorley,Chorley,,1,2401.0,0.39317,0.5,-0.10683,1
2026,local.chorley.chorley-north-east.2026-05-07,chorley-north-east-local-chorley-chorley-north-east-2026-05-07,Chorley North East,chorley,Chorley,,1,2866.0,0.51291,0.5,0.01291,0
2026,local.chorley.chorley-north-west.2026-05-07,chorley-north-west-local-chorley-chorley-north-west-2026-05-07,Chorley North West,chorley,Chorley,,1,2598.0,0.420708,0.5,-0.079292,1
2026,local.chorley.chorley-south-east-heath-charnock.2026-05-07,chorley-south-east-and-heath-charnock-local-chorley-chorley-south-east-heath-charnock-2026-05-07,Chorley South East and Heath Charnock,chorley,Chorley,,1,2801.0,0.42699,0.5,-0.07301,1
2026,local.chorley.chorley-south-west.2026-05-07,chorley-south-west-local-chorley-chorley-south-west-2026-05-07,Chorley South West,chorley,Chorley,,1,2183.0,0.396702,0.5,-0.103298,1
2026,local.chorley.clayton-east-brindle-hoghton.2026-05-07,clayton-east-brindle-and-hoghton-local-chorley-clayton-east-brindle-hoghton-2026-05-07,"Clayton East, Brindle and Hoghton",chorley,Chorley,,1,2563.0,0.396801,0.5,-0.103199,1
2026,local.chorley.clayton-west-cuerden.2026-05-07,clayton-west-and-cuerden-local-chorley-clayton-west-cuerden-2026-05-07,Clayton West and Cuerden,chorley,Chorley,,1,2967.0,0.388608,0.5,-0.111392,1
2026,local.chorley.coppull.2026-05-07,coppull-local-chorley-coppull-2026-05-07,Coppull,chorley,Chorley,,1,2231.0,0.473779,0.5,-0.026221,1
2026,local.chorley.croston-mawdesley-euxton-south.2026-05-07,croston-mawdesley-and-euxton-south-local-chorley-croston-mawdesley-euxton-south-2026-05-07,"Croston, Mawdesley and Euxton South",chorley,Chorley,,1,3078.0,0.392138,0.5,-0.107862,1
2026,local.chorley.eccleston-heskin-charnock-richard.2026-05-07,eccleston-heskin-and-charnock-richard-local-chorley-eccleston-heskin-charnock-richard-2026-05-07,"Eccleston, Heskin and Charnock Richard",chorley,Chorley,,1,2718.0,0.366814,0.5,-0.133186,1
2026,local.chorley.euxton.2026-05-07,euxton-local-chorley-euxton-2026-05-07,Euxton,chorley,Chorley,,1,2649.0,0.369196,0.5,-0.130804,1
2026,local.city-of-lincoln.abbey.2026-05-07,abbey-local-city-of-lincoln-abbey-2026-05-07,Abbey,lincoln,Lincoln,,1,2328.0,0.385309,0.5,-0.114691,1
2026,local.city-of-lincoln.birchwood.2026-05-07,birchwood-local-city-of-lincoln-birchwood-2026-05-07,Birchwood,lincoln,Lincoln,,1,1956.0,0.384458,0.5,-0.115542,1
2026,local.city-of-lincoln.boultham.2026-05-07,boultham-local-city-of-lincoln-boultham-2026-05-07,Boultham,lincoln,Lincoln,,1,2096.0,0.297233,0.5,-0.202767,1
2026,local.city-of-lincoln.carholme.2026-05-07,carholme-local-city-of-lincoln-carholme-2026-05-07,Carholme,lincoln,Lincoln,,1,2467.0,0.360357,0.5,-0.139643,1
2026,local.city-of-lincoln.castle.2026-05-07,castle-local-city-of-lincoln-castle-2026-05-07,Castle,lincoln,Lincoln,,1,2177.0,0.352779,0.5,-0.147221,1
2026,local.city-of-lincoln.glebe.2026-05-07,glebe-local-city-of-lincoln-glebe-2026-05-07,Glebe,lincoln,Lincoln,,1,2059.0,0.371054,0.5,-0.128946,1
2026,local.city-of-lincoln.hartsholme.2026-05-07,hartsholme-local-city-of-lincoln-hartsholme-2026-05-07,Hartsholme,lincoln,Lincoln,,1,2498.0,0.403122,0.5,-0.096878,1
2026,local.city-of-lincoln.minster.2026-05-07,minster-local-city-of-lincoln-minster-2026-05-07,Minster,lincoln,Lincoln,,1,2215.0,0.36614,0.5,-0.13386,1
2026,local.city-of-lincoln.moorland.2026-05-07,moorland-local-city-of-lincoln-moorland-2026-05-07,Moorland,lincoln,Lincoln,,1,1769.0,0.442058,0.5,-0.057942,1
2026,local.city-of-lincoln.park.2026-05-07,park-local-city-of-lincoln-park-2026-05-07,Park,lincoln,Lincoln,,1,1876.0,0.302772,0.5,-0.197228,1
2026,local.city-of-lincoln.witham.2026-05-07,witham-local-city-of-lincoln-witham-2026-05-07,Witham,lincoln,Lincoln,,1,2276.0,0.379174,0.5,-0.120826,1
2026,local.colchester.berechurch.2026-05-07,berechurch-local-colchester-berechurch-2026-05-07,Berechurch,colchester,Colchester,,1,2525.0,0.37703,0.5,-0.12297,1
2026,local.colchester.castle.2026-05-07,castle-local-colchester-castle-2026-05-07,Castle,colchester,Colchester,,1,3434.0,0.438847,0.5,-0.061153,1
2026,local.colchester.greenstead.2026-05-07,greenstead-local-colchester-greenstead-2026-05-07,Greenstead,colchester,Colchester,,1,2565.0,0.350487,0.5,-0.149513,1
2026,local.colchester.highwoods.2026-05-07,highwoods-local-colchester-highwoods-2026-05-07,Highwoods,colchester,Colchester,,1,2985.0,0.282077,0.5,-0.217923,1
2026,local.colchester.lexden-braiswick.2026-05-07,lexden-and-braiswick-local-colchester-lexden-braiswick-2026-05-07,Lexden and Braiswick,colchester,Colchester,,1,3790.0,0.450132,0.5,-0.049868,1
2026,local.colchester.marks-tey-layer.2026-05-07,marks-tey-and-layer-local-colchester-marks-tey-layer-2026-05-07,Marks Tey and Layer,colchester,Colchester,,1,3808.0,0.381303,0.5,-0.118697,1
2026,local.colchester.mersea-pyefleet.2026-05-07,mersea-and-pyefleet-local-colchester-mersea-pyefleet-2026-05-07,Mersea and Pyefleet,colchester,Colchester,,1,4117.0,0.382074,0.5,-0.117926,1
2026,local.colchester.mile-end.2026-05-07,mile-end-local-colchester-mile-end-2026-05-07,Mile End,colchester,Colchester,,1,3796.0,0.503688,0.5,0.003688,0
2026,local.colchester.new-town-christ-church.2026-05-07,new-town-and-christ-church-local-colchester-new-town-christ-church-2026-05-07,New Town and Christ Church,colchester,Colchester,,1,3859.0,0.323659,0.5,-0.176341,1
2026,local.colchester.old-heath-the-hythe.2026-05-07,old-heath-and-the-hythe-local-colchester-old-heath-the-hythe-2026-05-07,Old Heath and the Hythe,colchester,Colchester,,1,3355.0,0.402683,0.5,-0.097317,1
2026,local.colchester.prettygate.2026-05-07,prettygate-local-colchester-prettygate-2026-05-07,Prettygate,colchester,Colchester,,1,3698.0,0.365062,0.5,-0.134938,1
2026,local.colchester.rural-north.2026-05-07,rural-north-local-colchester-rural-north-2026-05-07,Rural North,colchester,Colchester,,1,4372.0,0.422461,0.5,-0.077539,1
2026,local.colchester.shrub-end.2026-05-07,shrub-end-local-colchester-shrub-end-2026-05-07,Shrub End,colchester,Colchester,,1,2757.0,0.339862,0.5,-0.160138,1
2026,local.colchester.st-annes-st-johns.2026-05-07,st-anne-s-and-st-john-s-local-colchester-st-annes-st-johns-2026-05-07,St Anne's and St John's,colchester,Colchester,,1,3367.0,0.468072,0.5,-0.031928,1
2026,local.colchester.stanway.2026-05-07,stanway-local-colchester-stanway-2026-05-07,Stanway,colchester,Colchester,,1,3032.0,0.328166,0.5,-0.171834,1
2026,local.colchester.tiptree.2026-05-07,tiptree-local-colchester-tiptree-2026-05-07,Tiptree,colchester,Colchester,,1,3524.0,0.38706,0.5,-0.11294,1
2026,local.colchester.wivenhoe.2026-05-07,wivenhoe-local-colchester-wivenhoe-2026-05-07,Wivenhoe,colchester,Colchester,,1,3347.0,0.462504,0.5,-0.037496,1
2026,local.coventry.bablake.2026-05-07,bablake-local-coventry-bablake-2026-05-07,Bablake,coventry,Coventry,,3,4871.666666666667,0.357373,0.25,0.107373,0
2026,local.coventry.binley-willenhall.2026-05-07,binley-and-willenhall-local-coventry-binley-willenhall-2026-05-07,Binley and Willenhall,coventry,Coventry,,3,4281.666666666667,0.384897,0.25,0.134897,0
2026,local.coventry.cheylesmore.2026-05-07,cheylesmore-local-coventry-cheylesmore-2026-05-07,Cheylesmore,coventry,Coventry,,3,5332.0,0.271193,0.25,0.021193,0
2026,local.coventry.earlsdon.2026-05-07,earlsdon-local-coventry-earlsdon-2026-05-07,Earlsdon,coventry,Coventry,,3,6396.0,0.329894,0.25,0.079894,0
2026,local.coventry.foleshill.2026-05-07,foleshill-local-coventry-foleshill-2026-05-07,Foleshill,coventry,Coventry,,3,4020.0,0.420149,0.25,0.170149,0
2026,local.coventry.henley.2026-05-07,henley-local-coventry-henley-2026-05-07,Henley,coventry,Coventry,,3,4611.0,0.341141,0.25,0.091141,0
2026,local.coventry.holbrooks.2026-05-07,holbrooks-local-coventry-holbrooks-2026-05-07,Holbrooks,coventry,Coventry,,3,4782.666666666667,0.356287,0.25,0.106287,0
2026,local.coventry.longford.2026-05-07,longford-local-coventry-longford-2026-05-07,Longford,coventry,Coventry,,3,4253.0,0.350106,0.25,0.100106,0
2026,local.coventry.lower-stoke.2026-05-07,lower-stoke-local-coventry-lower-stoke-2026-05-07,Lower Stoke,coventry,Coventry,,3,4717.0,0.354251,0.25,0.104251,0
2026,local.coventry.radford.2026-05-07,radford-local-coventry-radford-2026-05-07,Radford,coventry,Coventry,,3,4258.666666666667,0.320992,0.25,0.070992,0
2026,local.coventry.sherbourne.2026-05-07,sherbourne-local-coventry-sherbourne-2026-05-07,Sherbourne,coventry,Coventry,,3,5364.666666666667,0.340748,0.25,0.090748,0
2026,local.coventry.st-michaels.2026-05-07,st-michael-s-local-coventry-st-michaels-2026-05-07,St Michael's,coventry,Coventry,,3,4189.666666666667,0.337497,0.25,0.087497,0
2026,local.coventry.tile-hill-canley.2026-05-07,tile-hill-and-canley-local-coventry-tile-hill-canley-2026-05-07,Tile Hill and Canley,coventry,Coventry,,3,5120.333333333333,0.349391,0.25,0.099391,0
2026,local.coventry.upper-stoke.2026-05-07,upper-stoke-local-coventry-upper-stoke-2026-05-07,Upper Stoke,coventry,Coventry,,3,4213.333333333333,0.357199,0.25,0.107199,0
2026,local.coventry.wainbody.2026-05-07,wainbody-local-coventry-wainbody-2026-05-07,Wainbody,coventry,Coventry,,3,5686.333333333333,0.388299,0.25,0.138299,0
2026,local.coventry.whoberley.2026-05-07,whoberley-local-coventry-whoberley-2026-05-07,Whoberley,coventry,Coventry,,3,5382.333333333333,0.331641,0.25,0.081641,0
2026,local.coventry.woodlands.2026-05-07,woodlands-local-coventry-woodlands-2026-05-07,Woodlands,coventry,Coventry,,3,5239.666666666667,0.34735,0.25,0.09735,0
2026,local.coventry.wyken.2026-05-07,wyken-local-coventry-wyken-2026-05-07,Wyken,coventry,Coventry,,3,5310.666666666667,0.380178,0.25,0.130178,0
2026,local.crawley.bewbush-north-broadfield.2026-05-07,bewbush-and-north-broadfield-local-crawley-bewbush-north-broadfield-2026-05-07,Bewbush and North Broadfield,crawley,Crawley,,1,2640.0,0.325758,0.5,-0.174242,1
2026,local.crawley.broadfield.2026-05-07,broadfield-local-crawley-broadfield-2026-05-07,Broadfield,crawley,Crawley,,1,2710.0,0.361624,0.5,-0.138376,1
2026,local.crawley.furnace-green.2026-05-07,furnace-green-local-crawley-furnace-green-2026-05-07,Furnace Green,crawley,Crawley,,1,2246.0,0.338825,0.5,-0.161175,1
2026,local.crawley.ifield.2026-05-07,ifield-local-crawley-ifield-2026-05-07,Ifield,crawley,Crawley,,1,3026.0,0.389954,0.5,-0.110046,1
2026,local.crawley.langley-green-tushmore.2026-05-07,langley-green-and-tushmore-local-crawley-langley-green-tushmore-2026-05-07,Langley Green and Tushmore,crawley,Crawley,,1,2305.0,0.32538,0.5,-0.17462,1
2026,local.crawley.maidenbower.2026-05-07,maidenbower-local-crawley-maidenbower-2026-05-07,Maidenbower,crawley,Crawley,,1,3170.0,0.355521,0.5,-0.144479,1
2026,local.crawley.northgate-west-green.2026-05-07,northgate-and-west-green-local-crawley-northgate-west-green-2026-05-07,Northgate and West Green,crawley,Crawley,,1,3044.0,0.340999,0.5,-0.159001,1
2026,local.crawley.pound-hill-north-forge-wood.2026-05-07,pound-hill-north-and-forge-wood-local-crawley-pound-hill-north-forge-wood-2026-05-07,Pound Hill North and Forge Wood,crawley,Crawley,,1,3550.0,0.318592,0.5,-0.181408,1
2026,local.crawley.pound-hill-south-worth.2026-05-07,pound-hill-south-and-worth-local-crawley-pound-hill-south-worth-2026-05-07,Pound Hill South and Worth,crawley,Crawley,,1,3126.0,0.307102,0.5,-0.192898,1
2026,local.crawley.southgate.2026-05-07,southgate-local-crawley-southgate-2026-05-07,Southgate,crawley,Crawley,,1,2869.0,0.335657,0.5,-0.164343,1
2026,local.crawley.three-bridges.2026-05-07,three-bridges-local-crawley-three-bridges-2026-05-07,Three Bridges,crawley,Crawley,,2,2746.5,0.298926,0.333333,-0.034407,1
2026,local.crawley.tilgate.2026-05-07,tilgate-local-crawley-tilgate-2026-05-07,Tilgate,crawley,Crawley,,1,2004.0,0.430639,0.5,-0.069361,1
2026,local.croydon.addiscombe-east.2026-05-07,addiscombe-east-local-croydon-addiscombe-east-2026-05-07,Addiscombe East,croydon,Croydon,,2,3920.5,0.29282,0.333333,-0.040514,1
2026,local.croydon.addiscombe-west.2026-05-07,addiscombe-west-local-croydon-addiscombe-west-2026-05-07,Addiscombe West,croydon,Croydon,,3,4157.666666666667,0.36583,0.25,0.11583,0
2026,local.croydon.bensham-manor.2026-05-07,bensham-manor-local-croydon-bensham-manor-2026-05-07,Bensham Manor,croydon,Croydon,,3,3496.333333333333,0.352655,0.25,0.102655,0
2026,local.croydon.broad-green.2026-05-07,broad-green-local-croydon-broad-green-2026-05-07,Broad Green,croydon,Croydon,,3,3965.3333333333335,0.399462,0.25,0.149462,0
2026,local.croydon.coulsdon-town.2026-05-07,coulsdon-town-local-croydon-coulsdon-town-2026-05-07,Coulsdon Town,croydon,Croydon,,3,5350.333333333333,0.376799,0.25,0.126799,0
2026,local.croydon.crystal-palace-upper-norwood.2026-05-07,crystal-palace-and-upper-norwood-local-croydon-crystal-palace-upper-norwood-2026-05-07,Crystal Palace and Upper Norwood,croydon,Croydon,,3,5394.0,0.330738,0.25,0.080738,0
2026,local.croydon.fairfield.2026-05-07,fairfield-local-croydon-fairfield-2026-05-07,Fairfield,croydon,Croydon,,3,3420.0,0.424561,0.25,0.174561,0
2026,local.croydon.kenley.2026-05-07,kenley-local-croydon-kenley-2026-05-07,Kenley,croydon,Croydon,,2,3731.0,0.450281,0.333333,0.116948,0
2026,local.croydon.new-addington-north.2026-05-07,new-addington-north-local-croydon-new-addington-north-2026-05-07,New Addington North,croydon,Croydon,,2,2279.5,0.336039,0.333333,0.002705,0
2026,local.croydon.new-addington-south.2026-05-07,new-addington-south-local-croydon-new-addington-south-2026-05-07,New Addington South,croydon,Croydon,,2,2821.0,0.303793,0.333333,-0.02954,1
2026,local.croydon.norbury-park.2026-05-07,norbury-park-local-croydon-norbury-park-2026-05-07,Norbury Park,croydon,Croydon,,2,2843.5,0.345701,0.333333,0.012367,0
2026,local.croydon.norbury-pollards-hill.2026-05-07,norbury-and-pollards-hill-local-croydon-norbury-pollards-hill-2026-05-07,Norbury and Pollards Hill,croydon,Croydon,,2,2943.5,0.332597,0.333333,-0.000736,1
2026,local.croydon.old-coulsdon.2026-05-07,old-coulsdon-local-croydon-old-coulsdon-2026-05-07,Old Coulsdon,croydon,Croydon,,2,3808.5,0.35237,0.333333,0.019036,0
2026,local.croydon.park-hill-whitgift.2026-05-07,park-hill-and-whitgift-local-croydon-park-hill-whitgift-2026-05-07,Park Hill and Whitgift,croydon,Croydon,,1,2035.0,0.407371,0.5,-0.092629,1
2026,local.croydon.purley-oaks-riddlesdown.2026-05-07,purley-oaks-and-riddlesdown-local-croydon-purley-oaks-riddlesdown-2026-05-07,Purley Oaks and Riddlesdown,croydon,Croydon,,2,3629.0,0.38027,0.333333,0.046937,0
2026,local.croydon.purley-woodcote.2026-05-07,purley-and-woodcote-local-croydon-purley-woodcote-2026-05-07,Purley and Woodcote,croydon,Croydon,,3,5468.666666666667,0.442338,0.25,0.192338,0
2026,local.croydon.sanderstead.2026-05-07,sanderstead-local-croydon-sanderstead-2026-05-07,Sanderstead,croydon,Croydon,,3,6285.333333333333,0.53776,0.25,0.28776,0
2026,local.croydon.selhurst.2026-05-07,selhurst-local-croydon-selhurst-2026-05-07,Selhurst,croydon,Croydon,,2,2374.0,0.4246,0.333333,0.091266,0
2026,local.croydon.selsdon-addington-village.2026-05-07,selsdon-and-addington-village-local-croydon-selsdon-addington-village-2026-05-07,Selsdon and Addington Village,croydon,Croydon,,2,3562.5,0.366877,0.333333,0.033544,0
2026,local.croydon.selsdon-vale-forestdale.2026-05-07,selsdon-vale-and-forestdale-local-croydon-selsdon-vale-forestdale-2026-05-07,Selsdon Vale and Forestdale,croydon,Croydon,,2,3370.0,0.367953,0.333333,0.034619,0
2026,local.croydon.shirley-north.2026-05-07,shirley-north-local-croydon-shirley-north-2026-05-07,Shirley North,croydon,Croydon,,3,4783.333333333333,0.307317,0.25,0.057317,0
2026,local.croydon.shirley-south.2026-05-07,shirley-south-local-croydon-shirley-south-2026-05-07,Shirley South,croydon,Croydon,,2,3798.5,0.317494,0.333333,-0.01584,1
2026,local.croydon.south-croydon.2026-05-07,south-croydon-local-croydon-south-croydon-2026-05-07,South Croydon,croydon,Croydon,,3,5283.333333333333,0.297161,0.25,0.047161,0
2026,local.croydon.south-norwood.2026-05-07,south-norwood-local-croydon-south-norwood-2026-05-07,South Norwood,croydon,Croydon,,3,3916.0,0.353933,0.25,0.103933,0
2026,local.croydon.thornton-heath.2026-05-07,thornton-heath-local-croydon-thornton-heath-2026-05-07,Thornton Heath,croydon,Croydon,,3,4249.666666666667,0.355087,0.25,0.105087,0
2026,local.croydon.waddon.2026-05-07,waddon-local-croydon-waddon-2026-05-07,Waddon,croydon,Croydon,,3,4531.333333333333,0.30896,0.25,0.05896,0
2026,local.croydon.west-thornton.2026-05-07,west-thornton-local-croydon-west-thornton-2026-05-07,West Thornton,croydon,Croydon,,3,3801.3333333333335,0.343301,0.25,0.093301,0
2026,local.croydon.woodside.2026-05-07,woodside-local-croydon-woodside-2026-05-07,Woodside,croydon,Croydon,,3,4524.0,0.350354,0.25,0.100354,0
2026,local.dudley.amblecote.2026-05-07,amblecote-local-dudley-amblecote-2026-05-07,Amblecote,dudley,Dudley,,1,4200.0,0.40119,0.5,-0.09881,1
2026,local.dudley.belle-vale.2026-05-07,belle-vale-local-dudley-belle-vale-2026-05-07,Belle Vale,dudley,Dudley,,1,4038.0,0.355869,0.5,-0.144131,1
2026,local.dudley.brierley-hill-wordsley-south.2026-05-07,brierley-hill-and-wordsley-south-local-dudley-brierley-hill-wordsley-south-2026-05-07,Brierley Hill and Wordsley South,dudley,Dudley,,1,3205.0,0.425897,0.5,-0.074103,1
2026,local.dudley.brockmoor-pensnett.2026-05-07,brockmoor-and-pensnett-local-dudley-brockmoor-pensnett-2026-05-07,Brockmoor and Pensnett,dudley,Dudley,,1,3208.0,0.472257,0.5,-0.027743,1
2026,local.dudley.castle-priory.2026-05-07,castle-and-priory-local-dudley-castle-priory-2026-05-07,Castle and Priory,dudley,Dudley,,1,3241.0,0.47979,0.5,-0.02021,1
2026,local.dudley.coseley.2026-05-07,coseley-local-dudley-coseley-2026-05-07,Coseley,dudley,Dudley,,1,3440.0,0.553488,0.5,0.053488,0
2026,local.dudley.cradley-north-wollescote.2026-05-07,cradley-north-and-wollescote-local-dudley-cradley-north-wollescote-2026-05-07,Cradley North and Wollescote,dudley,Dudley,,1,3506.0,0.362521,0.5,-0.137479,1
2026,local.dudley.gornal.2026-05-07,gornal-local-dudley-gornal-2026-05-07,Gornal,dudley,Dudley,,1,4208.0,0.601711,0.5,0.101711,0
2026,local.dudley.halesowen-north.2026-05-07,halesowen-north-local-dudley-halesowen-north-2026-05-07,Halesowen North,dudley,Dudley,,1,3917.0,0.343886,0.5,-0.156114,1
2026,local.dudley.halesowen-south.2026-05-07,halesowen-south-local-dudley-halesowen-south-2026-05-07,Halesowen South,dudley,Dudley,,1,4466.0,0.377071,0.5,-0.122929,1
2026,local.dudley.hayley-green-cradley-south.2026-05-07,hayley-green-and-cradley-south-local-dudley-hayley-green-cradley-south-2026-05-07,Hayley Green and Cradley South,dudley,Dudley,,1,3991.0,0.394137,0.5,-0.105863,1
2026,local.dudley.kingswinford-north-wall-heath.2026-05-07,kingswinford-north-and-wall-heath-local-dudley-kingswinford-north-wall-heath-2026-05-07,Kingswinford North and Wall Heath,dudley,Dudley,,1,4820.0,0.411411,0.5,-0.088589,1
2026,local.dudley.kingswinford-south.2026-05-07,kingswinford-south-local-dudley-kingswinford-south-2026-05-07,Kingswinford South,dudley,Dudley,,1,4431.0,0.426089,0.5,-0.073911,1
2026,local.dudley.lye-stourbridge-north.2026-05-07,lye-and-stourbridge-north-local-dudley-lye-stourbridge-north-2026-05-07,Lye and Stourbridge North,dudley,Dudley,,1,3473.0,0.388137,0.5,-0.111863,1
2026,local.dudley.netherton-holly-hall.2026-05-07,netherton-and-holly-hall-local-dudley-netherton-holly-hall-2026-05-07,Netherton and Holly Hall,dudley,Dudley,,1,3261.0,0.497393,0.5,-0.002607,1
2026,local.dudley.norton.2026-05-07,norton-local-dudley-norton-2026-05-07,Norton,dudley,Dudley,,1,4778.0,0.353914,0.5,-0.146086,1
2026,local.dudley.pedmore-stourbridge-east.2026-05-07,pedmore-and-stourbridge-east-local-dudley-pedmore-stourbridge-east-2026-05-07,Pedmore and Stourbridge East,dudley,Dudley,,1,4546.0,0.326001,0.5,-0.173999,1
2026,local.dudley.quarry-bank-dudley-wood.2026-05-07,quarry-bank-and-dudley-wood-local-dudley-quarry-bank-dudley-wood-2026-05-07,Quarry Bank and Dudley Wood,dudley,Dudley,,1,3326.0,0.568551,0.5,0.068551,0
2026,local.dudley.sedgley.2026-05-07,sedgley-local-dudley-sedgley-2026-05-07,Sedgley,dudley,Dudley,,1,4769.0,0.558608,0.5,0.058608,0
2026,local.dudley.st-jamess.2026-05-07,st-james-s-local-dudley-st-jamess-2026-05-07,St. James's,dudley,Dudley,,1,3334.0,0.488902,0.5,-0.011098,1
2026,local.dudley.st-thomass.2026-05-07,st-thomas-s-local-dudley-st-thomass-2026-05-07,St. Thomas's,dudley,Dudley,,1,3811.0,0.371294,0.5,-0.128706,1
2026,local.dudley.upper-gornal-woodsetton.2026-05-07,upper-gornal-and-woodsetton-local-dudley-upper-gornal-woodsetton-2026-05-07,Upper Gornal and Woodsetton,dudley,Dudley,,1,3903.0,0.648988,0.5,0.148988,0
2026,local.dudley.wollaston-stourbridge-town.2026-05-07,wollaston-and-stourbridge-town-local-dudley-wollaston-stourbridge-town-2026-05-07,Wollaston and Stourbridge Town,dudley,Dudley,,2,4883.0,0.271145,0.333333,-0.062189,1
2026,local.dudley.wordsley-north.2026-05-07,wordsley-north-local-dudley-wordsley-north-2026-05-07,Wordsley North,dudley,Dudley,,1,4079.0,0.438343,0.5,-0.061657,1
2026,local.ealing.central-greenford.2026-05-07,central-greenford-local-ealing-central-greenford-2026-05-07,Central Greenford,ealing,Ealing,,3,3776.3333333333335,0.307706,0.25,0.057706,0
2026,local.ealing.dormers-wells.2026-05-07,dormers-wells-local-ealing-dormers-wells-2026-05-07,Dormers Wells,ealing,Ealing,,3,3857.0,0.328753,0.25,0.078753,0
2026,local.ealing.ealing-broadway.2026-05-07,ealing-broadway-local-ealing-ealing-broadway-2026-05-07,Ealing Broadway,ealing,Ealing,,3,4690.666666666667,0.301236,0.25,0.051236,0
2026,local.ealing.ealing-common.2026-05-07,ealing-common-local-ealing-ealing-common-2026-05-07,Ealing Common,ealing,Ealing,,3,4995.0,0.328929,0.25,0.078929,0
2026,local.ealing.east-acton.2026-05-07,east-acton-local-ealing-east-acton-2026-05-07,East Acton,ealing,Ealing,,3,3895.6666666666665,0.288269,0.25,0.038269,0
2026,local.ealing.greenford-broadway.2026-05-07,greenford-broadway-local-ealing-greenford-broadway-2026-05-07,Greenford Broadway,ealing,Ealing,,3,3935.0,0.298856,0.25,0.048856,0
2026,local.ealing.hanger-hill.2026-05-07,hanger-hill-local-ealing-hanger-hill-2026-05-07,Hanger Hill,ealing,Ealing,,3,4515.0,0.363012,0.25,0.113012,0
2026,local.ealing.hanwell-broadway.2026-05-07,hanwell-broadway-local-ealing-hanwell-broadway-2026-05-07,Hanwell Broadway,ealing,Ealing,,3,5161.333333333333,0.372772,0.25,0.122772,0
2026,local.ealing.lady-margaret.2026-05-07,lady-margaret-local-ealing-lady-margaret-2026-05-07,Lady Margaret,ealing,Ealing,,3,3904.0,0.397285,0.25,0.147285,0
2026,local.ealing.north-acton.2026-05-07,north-acton-local-ealing-north-acton-2026-05-07,North Acton,ealing,Ealing,,3,3961.6666666666665,0.327135,0.25,0.077135,0
2026,local.ealing.northfield.2026-05-07,northfield-local-ealing-northfield-2026-05-07,Northfield,ealing,Ealing,,3,5838.333333333333,0.280731,0.25,0.030731,0
2026,local.ealing.north-greenford.2026-05-07,north-greenford-local-ealing-north-greenford-2026-05-07,North Greenford,ealing,Ealing,,3,4565.333333333333,0.382886,0.25,0.132886,0
2026,local.ealing.north-hanwell.2026-05-07,north-hanwell-local-ealing-north-hanwell-2026-05-07,North Hanwell,ealing,Ealing,,3,4579.0,0.349421,0.25,0.099421,0
2026,local.ealing.northolt-mandeville.2026-05-07,northolt-mandeville-local-ealing-northolt-mandeville-2026-05-07,Northolt Mandeville,ealing,Ealing,,3,4026.3333333333335,0.344482,0.25,0.094482,0
2026,local.ealing.northolt-west-end.2026-05-07,northolt-west-end-local-ealing-northolt-west-end-2026-05-07,Northolt West End,ealing,Ealing,,3,3404.6666666666665,0.402095,0.25,0.152095,0
2026,local.ealing.norwood-green.2026-05-07,norwood-green-local-ealing-norwood-green-2026-05-07,Norwood Green,ealing,Ealing,,3,3869.0,0.324373,0.25,0.074373,0
2026,local.ealing.perivale.2026-05-07,perivale-local-ealing-perivale-2026-05-07,Perivale,ealing,Ealing,,3,4329.333333333333,0.334463,0.25,0.084463,0
2026,local.ealing.pitshanger.2026-05-07,pitshanger-local-ealing-pitshanger-2026-05-07,Pitshanger,ealing,Ealing,,3,5211.333333333333,0.300883,0.25,0.050883,0
2026,local.ealing.south-acton.2026-05-07,south-acton-local-ealing-south-acton-2026-05-07,South Acton,ealing,Ealing,,3,4301.0,0.288073,0.25,0.038073,0
2026,local.ealing.southall-broadway.2026-05-07,southall-broadway-local-ealing-southall-broadway-2026-05-07,Southall Broadway,ealing,Ealing,,2,3088.0,0.337759,0.333333,0.004426,0
2026,local.ealing.southall-green.2026-05-07,southall-green-local-ealing-southall-green-2026-05-07,Southall Green,ealing,Ealing,,3,4148.666666666667,0.384702,0.25,0.134702,0
2026,local.ealing.southall-west.2026-05-07,southall-west-local-ealing-southall-west-2026-05-07,Southall West,ealing,Ealing,,2,2235.5,0.331022,0.333333,-0.002311,1
2026,local.ealing.southfield.2026-05-07,southfield-local-ealing-southfield-2026-05-07,Southfield,ealing,Ealing,,3,5311.333333333333,0.468432,0.25,0.218432,0
2026,local.ealing.walpole.2026-05-07,walpole-local-ealing-walpole-2026-05-07,Walpole,ealing,Ealing,,3,5554.333333333333,0.346396,0.25,0.096396,0
2026,local.eastleigh.bishopstoke.2026-05-07,bishopstoke-local-eastleigh-bishopstoke-2026-05-07,Bishopstoke,eastleigh,Eastleigh,,1,3996.0,0.425425,0.5,-0.074575,1
2026,local.eastleigh.botley.2026-05-07,botley-local-eastleigh-botley-2026-05-07,Botley,eastleigh,Eastleigh,,1,2967.0,0.464442,0.5,-0.035558,1
2026,local.eastleigh.bursledon-hound-north.2026-05-07,bursledon-and-hound-north-local-eastleigh-bursledon-hound-north-2026-05-07,Bursledon and Hound North,eastleigh,Eastleigh,,1,2947.0,0.467594,0.5,-0.032406,1
2026,local.eastleigh.chandlers-ford.2026-05-07,chandler-s-ford-local-eastleigh-chandlers-ford-2026-05-07,Chandler's Ford,eastleigh,Eastleigh,,2,3427.5,0.434719,0.333333,0.101386,0
2026,local.eastleigh.eastleigh-central.2026-05-07,eastleigh-central-local-eastleigh-eastleigh-central-2026-05-07,Eastleigh Central,eastleigh,Eastleigh,,1,2734.0,0.401609,0.5,-0.098391,1
2026,local.eastleigh.eastleigh-north.2026-05-07,eastleigh-north-local-eastleigh-eastleigh-north-2026-05-07,Eastleigh North,eastleigh,Eastleigh,,1,2837.0,0.415932,0.5,-0.084068,1
2026,local.eastleigh.eastleigh-south.2026-05-07,eastleigh-south-local-eastleigh-eastleigh-south-2026-05-07,Eastleigh South,eastleigh,Eastleigh,,1,2866.0,0.405094,0.5,-0.094906,1
2026,local.eastleigh.fair-oak-horton-heath.2026-05-07,fair-oak-and-horton-heath-local-eastleigh-fair-oak-horton-heath-2026-05-07,Fair Oak and Horton Heath,eastleigh,Eastleigh,,1,4153.0,0.252348,0.5,-0.247652,1
2026,local.eastleigh.hamble-netley.2026-05-07,hamble-and-netley-local-eastleigh-hamble-netley-2026-05-07,Hamble and Netley,eastleigh,Eastleigh,,1,3608.0,0.435698,0.5,-0.064302,1
2026,local.eastleigh.hedge-end-north.2026-05-07,hedge-end-north-local-eastleigh-hedge-end-north-2026-05-07,Hedge End North,eastleigh,Eastleigh,,1,2911.0,0.445895,0.5,-0.054105,1
2026,local.eastleigh.hedge-end-south.2026-05-07,hedge-end-south-local-eastleigh-hedge-end-south-2026-05-07,Hedge End South,eastleigh,Eastleigh,,1,3769.0,0.433537,0.5,-0.066463,1
2026,local.eastleigh.hiltingbury.2026-05-07,hiltingbury-local-eastleigh-hiltingbury-2026-05-07,Hiltingbury,eastleigh,Eastleigh,,1,4198.0,0.498333,0.5,-0.001667,1
2026,local.eastleigh.west-end-north.2026-05-07,west-end-north-local-eastleigh-west-end-north-2026-05-07,West End North,eastleigh,Eastleigh,,1,1969.0,0.403758,0.5,-0.096242,1
2026,local.eastleigh.west-end-south.2026-05-07,west-end-south-local-eastleigh-west-end-south-2026-05-07,West End South,eastleigh,Eastleigh,,1,2116.0,0.431002,0.5,-0.068998,1
2026,local.east-surrey.ashtead.2026-05-07,ashtead-local-east-surrey-ashtead-2026-05-07,Ashtead,east-surrey,East Surrey,,2,5751.0,0.47157,0.333333,0.138237,0
2026,local.east-surrey.banstead-woodmansterne-chipstead.2026-05-07,banstead-woodmansterne-and-chipstead-local-east-surrey-banstead-woodmansterne-chipstead-2026-05-07,"Banstead, Woodmansterne and Chipstead",east-surrey,East Surrey,,2,5328.5,0.437647,0.333333,0.104313,0
2026,local.east-surrey.bookham-fetcham-west.2026-05-07,bookham-and-fetcham-west-local-east-surrey-bookham-fetcham-west-2026-05-07,Bookham and Fetcham West,east-surrey,East Surrey,,2,6739.5,0.468581,0.333333,0.135247,0
2026,local.east-surrey.caterham-hill.2026-05-07,caterham-hill-local-east-surrey-caterham-hill-2026-05-07,Caterham Hill,east-surrey,East Surrey,,2,4843.0,0.366508,0.333333,0.033175,0
2026,local.east-surrey.caterham-valley.2026-05-07,caterham-valley-local-east-surrey-caterham-valley-2026-05-07,Caterham Valley,east-surrey,East Surrey,,2,3907.5,0.442994,0.333333,0.109661,0
2026,local.east-surrey.cobham-oxshott-south.2026-05-07,cobham-and-oxshott-south-local-east-surrey-cobham-oxshott-south-2026-05-07,Cobham and Oxshott South,east-surrey,East Surrey,,2,5527.0,0.446716,0.333333,0.113383,0
2026,local.east-surrey.dorking.2026-05-07,dorking-local-east-surrey-dorking-2026-05-07,Dorking,east-surrey,East Surrey,,2,5731.5,0.495158,0.333333,0.161825,0
2026,local.east-surrey.dorking-hills.2026-05-07,dorking-hills-local-east-surrey-dorking-hills-2026-05-07,Dorking Hills,east-surrey,East Surrey,,2,5443.5,0.40801,0.333333,0.074676,0
2026,local.east-surrey.dorking-rural.2026-05-07,dorking-rural-local-east-surrey-dorking-rural-2026-05-07,Dorking Rural,east-surrey,East Surrey,,2,5681.0,0.346594,0.333333,0.013261,0
2026,local.east-surrey.earlswood-reigate-south.2026-05-07,earlswood-and-reigate-south-local-east-surrey-earlswood-reigate-south-2026-05-07,Earlswood and Reigate South,east-surrey,East Surrey,,2,4403.0,0.369521,0.333333,0.036187,0
2026,local.east-surrey.epsom-town-downs.2026-05-07,epsom-town-and-downs-local-east-surrey-epsom-town-downs-2026-05-07,Epsom Town and Downs,east-surrey,East Surrey,,2,6007.5,0.411985,0.333333,0.078652,0
2026,local.east-surrey.epsom-west.2026-05-07,epsom-west-local-east-surrey-epsom-west-2026-05-07,Epsom West,east-surrey,East Surrey,,2,5996.0,0.423282,0.333333,0.089949,0
2026,local.east-surrey.esher-claygate-oxshott-north.2026-05-07,esher-claygate-and-oxshott-north-local-east-surrey-esher-claygate-oxshott-north-2026-05-07,"Esher, Claygate and Oxshott North",east-surrey,East Surrey,,2,5776.0,0.387985,0.333333,0.054651,0
2026,local.east-surrey.ewell-court-auriol-cuddington.2026-05-07,ewell-court-auriol-and-cuddington-local-east-surrey-ewell-court-auriol-cuddington-2026-05-07,"Ewell Court, Auriol and Cuddington",east-surrey,East Surrey,,2,5317.0,0.416588,0.333333,0.083255,0
2026,local.east-surrey.ewell-village-stoneleigh-nonsuch.2026-05-07,ewell-village-stoneleigh-and-nonsuch-local-east-surrey-ewell-village-stoneleigh-nonsuch-2026-05-07,"Ewell Village, Stoneleigh and Nonsuch",east-surrey,East Surrey,,2,6167.5,0.309364,0.333333,-0.02397,1
2026,local.east-surrey.godstone.2026-05-07,godstone-local-east-surrey-godstone-2026-05-07,Godstone,east-surrey,East Surrey,,2,4616.5,0.31539,0.333333,-0.017943,1
2026,local.east-surrey.hersham.2026-05-07,hersham-local-east-surrey-hersham-2026-05-07,Hersham,east-surrey,East Surrey,,2,5468.0,0.356986,0.333333,0.023653,0
2026,local.east-surrey.horley-east.2026-05-07,horley-east-local-east-surrey-horley-east-2026-05-07,Horley East,east-surrey,East Surrey,,2,5567.5,0.289897,0.333333,-0.043437,1
2026,local.east-surrey.horley-west-salfords-sidlow.2026-05-07,horley-west-salfords-and-sidlow-local-east-surrey-horley-west-salfords-sidlow-2026-05-07,"Horley West, Salfords and Sidlow",east-surrey,East Surrey,,2,4854.0,0.350845,0.333333,0.017511,0
2026,local.east-surrey.leatherhead-fetcham-east.2026-05-07,leatherhead-and-fetcham-east-local-east-surrey-leatherhead-fetcham-east-2026-05-07,Leatherhead and Fetcham East,east-surrey,East Surrey,,2,5525.0,0.342624,0.333333,0.009291,0
2026,local.east-surrey.lingfield.2026-05-07,lingfield-local-east-surrey-lingfield-2026-05-07,Lingfield,east-surrey,East Surrey,,2,5382.0,0.381828,0.333333,0.048495,0
2026,local.east-surrey.long-ditton-hinchley-wood-weston-green.2026-05-07,long-ditton-hinchley-wood-and-weston-green-local-east-surrey-long-ditton-hinchley-wood-weston-green-2026-05-07,"Long Ditton, Hinchley Wood and Weston Green",east-surrey,East Surrey,,2,6167.0,0.394195,0.333333,0.060862,0
2026,local.east-surrey.merstham-banstead-south.2026-05-07,merstham-and-banstead-south-local-east-surrey-merstham-banstead-south-2026-05-07,Merstham and Banstead South,east-surrey,East Surrey,,2,4765.5,0.323995,0.333333,-0.009338,1
2026,local.east-surrey.nork-tattenhams.2026-05-07,nork-and-tattenhams-local-east-surrey-nork-tattenhams-2026-05-07,Nork and Tattenhams,east-surrey,East Surrey,,2,5508.5,0.462739,0.333333,0.129406,0
2026,local.east-surrey.oxted.2026-05-07,oxted-local-east-surrey-oxted-2026-05-07,Oxted,east-surrey,East Surrey,,2,5860.0,0.372014,0.333333,0.03868,0
2026,local.east-surrey.redhill-east-north-earlswood.2026-05-07,redhill-east-and-north-earlswood-local-east-surrey-redhill-east-north-earlswood-2026-05-07,Redhill East and North Earlswood,east-surrey,East Surrey,,2,4580.0,0.522052,0.333333,0.188719,0
2026,local.east-surrey.redhill-west-meadvale.2026-05-07,redhill-west-and-meadvale-local-east-surrey-redhill-west-meadvale-2026-05-07,Redhill West and Meadvale,east-surrey,East Surrey,,2,5046.0,0.292311,0.333333,-0.041023,1
2026,local.east-surrey.reigate.2026-05-07,reigate-local-east-surrey-reigate-2026-05-07,Reigate,east-surrey,East Surrey,,2,5929.5,0.316721,0.333333,-0.016612,1
2026,local.east-surrey.tadworth-walton-kingswood.2026-05-07,tadworth-walton-and-kingswood-local-east-surrey-tadworth-walton-kingswood-2026-05-07,"Tadworth, Walton and Kingswood",east-surrey,East Surrey,,2,5494.5,0.402766,0.333333,0.069433,0
2026,local.east-surrey.thames-ditton-east-molesey.2026-05-07,thames-ditton-and-east-molesey-local-east-surrey-thames-ditton-east-molesey-2026-05-07,Thames Ditton and East Molesey,east-surrey,East Surrey,,2,5107.0,0.365185,0.333333,0.031852,0
2026,local.east-surrey.walton.2026-05-07,walton-local-east-surrey-walton-2026-05-07,Walton,east-surrey,East Surrey,,2,5306.0,0.3513,0.333333,0.017967,0
2026,local.east-surrey.walton-south-oatlands.2026-05-07,walton-south-and-oatlands-local-east-surrey-walton-south-oatlands-2026-05-07,Walton South and Oatlands,east-surrey,East Surrey,,2,5639.5,0.410852,0.333333,0.077519,0
2026,local.east-surrey.warlingham.2026-05-07,warlingham-local-east-surrey-warlingham-2026-05-07,Warlingham,east-surrey,East Surrey,,2,4573.0,0.328887,0.333333,-0.004446,1
2026,local.east-surrey.west-ewell.2026-05-07,west-ewell-local-east-surrey-west-ewell-2026-05-07,West Ewell,east-surrey,East Surrey,,2,4938.0,0.346699,0.333333,0.013366,0
2026,local.east-surrey.west-molesey.2026-05-07,west-molesey-local-east-surrey-west-molesey-2026-05-07,West Molesey,east-surrey,East Surrey,,2,4910.0,0.287169,0.333333,-0.046164,1
2026,local.east-surrey.weybridge.2026-05-07,weybridge-local-east-surrey-weybridge-2026-05-07,Weybridge,east-surrey,East Surrey,,2,5538.0,0.361322,0.333333,0.027988,0
2026,local.east-sussex.arlington-east-hoathly-hellingly.2026-05-07,arlington-east-hoathly-and-hellingly-local-east-sussex-arlington-east-hoathly-hellingly-2026-05-07,"Arlington, East Hoathly and Hellingly",east-sussex,East Sussex,,1,4717.0,0.378206,0.5,-0.121794,1
2026,local.east-sussex.ashdown-conquest.2026-05-07,ashdown-and-conquest-local-east-sussex-ashdown-conquest-2026-05-07,Ashdown and Conquest,east-sussex,East Sussex,,1,3464.0,0.3597,0.5,-0.1403,1
2026,local.east-sussex.baird-ore.2026-05-07,baird-and-ore-local-east-sussex-baird-ore-2026-05-07,Baird and Ore,east-sussex,East Sussex,,1,3212.0,0.444894,0.5,-0.055106,1
2026,local.east-sussex.battle-crowhurst.2026-05-07,battle-and-crowhurst-local-east-sussex-battle-crowhurst-2026-05-07,Battle and Crowhurst,east-sussex,East Sussex,,1,3809.0,0.455763,0.5,-0.044237,1
2026,local.east-sussex.bexhill-east.2026-05-07,bexhill-east-local-east-sussex-bexhill-east-2026-05-07,Bexhill East,east-sussex,East Sussex,,1,3552.0,0.3567,0.5,-0.1433,1
2026,local.east-sussex.bexhill-north.2026-05-07,bexhill-north-local-east-sussex-bexhill-north-2026-05-07,Bexhill North,east-sussex,East Sussex,,1,3427.0,0.310767,0.5,-0.189233,1
2026,local.east-sussex.bexhill-south.2026-05-07,bexhill-south-local-east-sussex-bexhill-south-2026-05-07,Bexhill South,east-sussex,East Sussex,,1,4257.0,0.313131,0.5,-0.186869,1
2026,local.east-sussex.bexhill-west.2026-05-07,bexhill-west-local-east-sussex-bexhill-west-2026-05-07,Bexhill West,east-sussex,East Sussex,,1,4996.0,0.329664,0.5,-0.170336,1
2026,local.east-sussex.braybrooke-castle.2026-05-07,braybrooke-and-castle-local-east-sussex-braybrooke-castle-2026-05-07,Braybrooke and Castle,east-sussex,East Sussex,,1,4284.0,0.601541,0.5,0.101541,0
2026,local.east-sussex.brede-valley-marsham.2026-05-07,brede-valley-and-marsham-local-east-sussex-brede-valley-marsham-2026-05-07,Brede Valley and Marsham,east-sussex,East Sussex,,1,4141.0,0.358126,0.5,-0.141874,1
2026,local.east-sussex.central-st-leonards-gensing.2026-05-07,central-st-leonards-and-gensing-local-east-sussex-central-st-leonards-gensing-2026-05-07,Central St Leonards and Gensing,east-sussex,East Sussex,,1,4308.0,0.593315,0.5,0.093315,0
2026,local.east-sussex.chailey.2026-05-07,chailey-local-east-sussex-chailey-2026-05-07,Chailey,east-sussex,East Sussex,,1,4727.0,0.381214,0.5,-0.118786,1
2026,local.east-sussex.crowborough-north-jarvis-brook.2026-05-07,crowborough-north-and-jarvis-brook-local-east-sussex-crowborough-north-jarvis-brook-2026-05-07,Crowborough North and Jarvis Brook,east-sussex,East Sussex,,1,4765.0,0.378594,0.5,-0.121406,1
2026,local.east-sussex.crowborough-south-st-johns.2026-05-07,crowborough-south-and-st-johns-local-east-sussex-crowborough-south-st-johns-2026-05-07,Crowborough South and St Johns,east-sussex,East Sussex,,1,4799.0,0.362992,0.5,-0.137008,1
2026,local.east-sussex.devonshire.2026-05-07,devonshire-local-east-sussex-devonshire-2026-05-07,Devonshire,east-sussex,East Sussex,,1,3452.0,0.440324,0.5,-0.059676,1
2026,local.east-sussex.forest-row-groombridge.2026-05-07,forest-row-and-groombridge-local-east-sussex-forest-row-groombridge-2026-05-07,Forest Row and Groombridge,east-sussex,East Sussex,,1,4395.0,0.423891,0.5,-0.076109,1
2026,local.east-sussex.hailsham-market.2026-05-07,hailsham-market-local-east-sussex-hailsham-market-2026-05-07,Hailsham Market,east-sussex,East Sussex,,1,3366.0,0.432264,0.5,-0.067736,1
2026,local.east-sussex.hailsham-new-town.2026-05-07,hailsham-new-town-local-east-sussex-hailsham-new-town-2026-05-07,Hailsham New Town,east-sussex,East Sussex,,1,3508.0,0.339795,0.5,-0.160205,1
2026,local.east-sussex.hampden-park.2026-05-07,hampden-park-local-east-sussex-hampden-park-2026-05-07,Hampden Park,east-sussex,East Sussex,,1,2860.0,0.445804,0.5,-0.054196,1
2026,local.east-sussex.heathfield-mayfield.2026-05-07,heathfield-and-mayfield-local-east-sussex-heathfield-mayfield-2026-05-07,Heathfield and Mayfield,east-sussex,East Sussex,,1,4570.0,0.323851,0.5,-0.176149,1
2026,local.east-sussex.hollington-wishing-tree.2026-05-07,hollington-and-wishing-tree-local-east-sussex-hollington-wishing-tree-2026-05-07,Hollington and Wishing Tree,east-sussex,East Sussex,,1,2717.0,0.388296,0.5,-0.111704,1
2026,local.east-sussex.langney.2026-05-07,langney-local-east-sussex-langney-2026-05-07,Langney,east-sussex,East Sussex,,1,2802.0,0.498216,0.5,-0.001784,1
2026,local.east-sussex.lewes.2026-05-07,lewes-local-east-sussex-lewes-2026-05-07,Lewes,east-sussex,East Sussex,,1,5244.0,0.495805,0.5,-0.004195,1
2026,local.east-sussex.maresfield-buxted.2026-05-07,maresfield-and-buxted-local-east-sussex-maresfield-buxted-2026-05-07,Maresfield and Buxted,east-sussex,East Sussex,,1,5257.0,0.33365,0.5,-0.16635,1
2026,local.east-sussex.maze-hill-west-st-leonards.2026-05-07,maze-hill-and-west-st-leonards-local-east-sussex-maze-hill-west-st-leonards-2026-05-07,Maze Hill and West St Leonards,east-sussex,East Sussex,,1,3501.0,0.347901,0.5,-0.152099,1
2026,local.east-sussex.meads.2026-05-07,meads-local-east-sussex-meads-2026-05-07,Meads,east-sussex,East Sussex,,1,4528.0,0.342977,0.5,-0.157023,1
2026,local.east-sussex.newhaven-bishopstone.2026-05-07,newhaven-and-bishopstone-local-east-sussex-newhaven-bishopstone-2026-05-07,Newhaven and Bishopstone,east-sussex,East Sussex,,1,4169.0,0.493883,0.5,-0.006117,1
2026,local.east-sussex.northern-rother.2026-05-07,northern-rother-local-east-sussex-northern-rother-2026-05-07,Northern Rother,east-sussex,East Sussex,,1,3761.0,0.323318,0.5,-0.176682,1
2026,local.east-sussex.old-hastings-tressell.2026-05-07,old-hastings-and-tressell-local-east-sussex-old-hastings-tressell-2026-05-07,Old Hastings and Tressell,east-sussex,East Sussex,,1,3728.0,0.541041,0.5,0.041041,0
2026,local.east-sussex.old-town.2026-05-07,old-town-local-east-sussex-old-town-2026-05-07,Old Town,east-sussex,East Sussex,,1,4258.0,0.577971,0.5,0.077971,0
2026,local.east-sussex.ouse-valley-west-downs.2026-05-07,ouse-valley-west-and-downs-local-east-sussex-ouse-valley-west-downs-2026-05-07,Ouse Valley West and Downs,east-sussex,East Sussex,,1,4032.0,0.529266,0.5,0.029266,0
2026,local.east-sussex.peacehaven.2026-05-07,peacehaven-local-east-sussex-peacehaven-2026-05-07,Peacehaven,east-sussex,East Sussex,,1,3734.0,0.354044,0.5,-0.145956,1
2026,local.east-sussex.pevensey-stone-cross.2026-05-07,pevensey-and-stone-cross-local-east-sussex-pevensey-stone-cross-2026-05-07,Pevensey and Stone Cross,east-sussex,East Sussex,,1,3569.0,0.417484,0.5,-0.082516,1
2026,local.east-sussex.polegate-watermill.2026-05-07,polegate-and-watermill-local-east-sussex-polegate-watermill-2026-05-07,Polegate and Watermill,east-sussex,East Sussex,,1,4130.0,0.354964,0.5,-0.145036,1
2026,local.east-sussex.ratton.2026-05-07,ratton-local-east-sussex-ratton-2026-05-07,Ratton,east-sussex,East Sussex,,1,3626.0,0.323773,0.5,-0.176227,1
2026,local.east-sussex.ringmer-lewes-bridge.2026-05-07,ringmer-and-lewes-bridge-local-east-sussex-ringmer-lewes-bridge-2026-05-07,Ringmer and Lewes Bridge,east-sussex,East Sussex,,1,5383.0,0.420398,0.5,-0.079602,1
2026,local.east-sussex.rother-north-west.2026-05-07,rother-north-west-local-east-sussex-rother-north-west-2026-05-07,Rother North West,east-sussex,East Sussex,,1,3816.0,0.313417,0.5,-0.186583,1
2026,local.east-sussex.rye-eastern-rother.2026-05-07,rye-and-eastern-rother-local-east-sussex-rye-eastern-rother-2026-05-07,Rye and Eastern Rother,east-sussex,East Sussex,,1,4017.0,0.295245,0.5,-0.204755,1
2026,local.east-sussex.seaford-north.2026-05-07,seaford-north-local-east-sussex-seaford-north-2026-05-07,Seaford North,east-sussex,East Sussex,,1,4884.0,0.333538,0.5,-0.166462,1
2026,local.east-sussex.seaford-south.2026-05-07,seaford-south-local-east-sussex-seaford-south-2026-05-07,Seaford South,east-sussex,East Sussex,,1,4431.0,0.55044,0.5,0.05044,0
2026,local.east-sussex.sovereign.2026-05-07,sovereign-local-east-sussex-sovereign-2026-05-07,Sovereign,east-sussex,East Sussex,,1,4251.0,0.380381,0.5,-0.119619,1
2026,local.east-sussex.st-anthonys.2026-05-07,st-anthony-s-local-east-sussex-st-anthonys-2026-05-07,St. Anthony's,east-sussex,East Sussex,,1,3577.0,0.411518,0.5,-0.088482,1
2026,local.east-sussex.st-helens-silverhill.2026-05-07,st-helens-and-silverhill-local-east-sussex-st-helens-silverhill-2026-05-07,St Helens and Silverhill,east-sussex,East Sussex,,1,3906.0,0.294931,0.5,-0.205069,1
2026,local.east-sussex.telscombe.2026-05-07,telscombe-local-east-sussex-telscombe-2026-05-07,Telscombe,east-sussex,East Sussex,,1,3966.0,0.330812,0.5,-0.169188,1
2026,local.east-sussex.uckfield-north.2026-05-07,uckfield-north-local-east-sussex-uckfield-north-2026-05-07,Uckfield North,east-sussex,East Sussex,,1,3525.0,0.315745,0.5,-0.184255,1
2026,local.east-sussex.uckfield-south-with-framfield.2026-05-07,uckfield-south-with-framfield-local-east-sussex-uckfield-south-with-framfield-2026-05-07,Uckfield South with Framfield,east-sussex,East Sussex,,1,4024.0,0.328529,0.5,-0.171471,1
2026,local.east-sussex.upperton.2026-05-07,upperton-local-east-sussex-upperton-2026-05-07,Upperton,east-sussex,East Sussex,,1,3774.0,0.482247,0.5,-0.017753,1
2026,local.east-sussex.wealden-east.2026-05-07,wealden-east-local-east-sussex-wealden-east-2026-05-07,Wealden East,east-sussex,East Sussex,,1,5127.0,0.375463,0.5,-0.124537,1
2026,local.east-sussex.wealden-north-east.2026-05-07,wealden-north-east-local-east-sussex-wealden-north-east-2026-05-07,Wealden North East,east-sussex,East Sussex,,1,4177.0,0.348815,0.5,-0.151185,1
2026,local.east-sussex.willingdon-south-downs.2026-05-07,willingdon-and-south-downs-local-east-sussex-willingdon-south-downs-2026-05-07,Willingdon and South Downs,east-sussex,East Sussex,,1,4509.0,0.358838,0.5,-0.141162,1
2026,local.enfield.arnos-grove.2026-05-07,arnos-grove-local-enfield-arnos-grove-2026-05-07,Arnos Grove,enfield,Enfield,,2,3001.5,0.417458,0.333333,0.084125,0
2026,local.enfield.bowes.2026-05-07,bowes-local-enfield-bowes-2026-05-07,Bowes,enfield,Enfield,,2,2501.5,0.302618,0.333333,-0.030715,1
2026,local.enfield.brimsdown.2026-05-07,brimsdown-local-enfield-brimsdown-2026-05-07,Brimsdown,enfield,Enfield,,3,3217.0,0.34815,0.25,0.09815,0
2026,local.enfield.bullsmoor.2026-05-07,bullsmoor-local-enfield-bullsmoor-2026-05-07,Bullsmoor,enfield,Enfield,,2,2839.0,0.306798,0.333333,-0.026535,1
2026,local.enfield.bush-hill-park.2026-05-07,bush-hill-park-local-enfield-bush-hill-park-2026-05-07,Bush Hill Park,enfield,Enfield,,3,4665.666666666667,0.48096,0.25,0.23096,0
2026,local.enfield.carterhatch.2026-05-07,carterhatch-local-enfield-carterhatch-2026-05-07,Carterhatch,enfield,Enfield,,2,2394.0,0.330827,0.333333,-0.002506,1
2026,local.enfield.cockfosters.2026-05-07,cockfosters-local-enfield-cockfosters-2026-05-07,Cockfosters,enfield,Enfield,,2,3374.0,0.550682,0.333333,0.217348,0
2026,local.enfield.edmonton-green.2026-05-07,edmonton-green-local-enfield-edmonton-green-2026-05-07,Edmonton Green,enfield,Enfield,,3,3162.333333333333,0.406346,0.25,0.156346,0
2026,local.enfield.enfield-lock.2026-05-07,enfield-lock-local-enfield-enfield-lock-2026-05-07,Enfield Lock,enfield,Enfield,,3,3673.0,0.299483,0.25,0.049483,0
2026,local.enfield.grange-park.2026-05-07,grange-park-local-enfield-grange-park-2026-05-07,Grange Park,enfield,Enfield,,2,3529.5,0.522454,0.333333,0.18912,0
2026,local.enfield.haselbury.2026-05-07,haselbury-local-enfield-haselbury-2026-05-07,Haselbury,enfield,Enfield,,3,3440.0,0.297093,0.25,0.047093,0
2026,local.enfield.highfield.2026-05-07,highfield-local-enfield-highfield-2026-05-07,Highfield,enfield,Enfield,,2,2714.5,0.396758,0.333333,0.063425,0
2026,local.enfield.jubilee.2026-05-07,jubilee-local-enfield-jubilee-2026-05-07,Jubilee,enfield,Enfield,,3,3267.6666666666665,0.354075,0.25,0.104075,0
2026,local.enfield.lower-edmonton.2026-05-07,lower-edmonton-local-enfield-lower-edmonton-2026-05-07,Lower Edmonton,enfield,Enfield,,3,2982.0,0.413481,0.25,0.163481,0
2026,local.enfield.new-southgate.2026-05-07,new-southgate-local-enfield-new-southgate-2026-05-07,New Southgate,enfield,Enfield,,2,3170.0,0.361514,0.333333,0.028181,0
2026,local.enfield.oakwood.2026-05-07,oakwood-local-enfield-oakwood-2026-05-07,Oakwood,enfield,Enfield,,2,3013.0,0.501494,0.333333,0.16816,0
2026,local.enfield.palmers-green.2026-05-07,palmers-green-local-enfield-palmers-green-2026-05-07,Palmers Green,enfield,Enfield,,2,3244.0,0.31566,0.333333,-0.017674,1
2026,local.enfield.ponders-end.2026-05-07,ponders-end-local-enfield-ponders-end-2026-05-07,Ponders End,enfield,Enfield,,2,2280.0,0.386404,0.333333,0.05307,0
2026,local.enfield.ridgeway.2026-05-07,ridgeway-local-enfield-ridgeway-2026-05-07,Ridgeway,enfield,Enfield,,3,5059.333333333333,0.529516,0.25,0.279516,0
2026,local.enfield.southbury.2026-05-07,southbury-local-enfield-southbury-2026-05-07,Southbury,enfield,Enfield,,3,4331.0,0.328331,0.25,0.078331,0
2026,local.enfield.southgate.2026-05-07,southgate-local-enfield-southgate-2026-05-07,Southgate,enfield,Enfield,,3,4819.0,0.406931,0.25,0.156931,0
2026,local.enfield.town.2026-05-07,town-local-enfield-town-2026-05-07,Town,enfield,Enfield,,3,4989.333333333333,0.376403,0.25,0.126403,0
2026,local.enfield.upper-edmonton.2026-05-07,upper-edmonton-local-enfield-upper-edmonton-2026-05-07,Upper Edmonton,enfield,Enfield,,3,2963.6666666666665,0.29423,0.25,0.04423,0
2026,local.enfield.whitewebbs.2026-05-07,whitewebbs-local-enfield-whitewebbs-2026-05-07,Whitewebbs,enfield,Enfield,,3,5182.666666666667,0.447646,0.25,0.197646,0
2026,local.enfield.winchmore-hill.2026-05-07,winchmore-hill-local-enfield-winchmore-hill-2026-05-07,Winchmore Hill,enfield,Enfield,,2,3682.5,0.440462,0.333333,0.107128,0
2026,local.epping-forest.buckhurst-hill-east-whitebridge.2026-05-07,buckhurst-hill-east-and-whitebridge-local-epping-forest-buckhurst-hill-east-whitebridge-2026-05-07,Buckhurst Hill East and Whitebridge,epping-forest,Epping Forest,,1,2783.0,0.380884,0.5,-0.119116,1
2026,local.epping-forest.buckhurst-hill-west.2026-05-07,buckhurst-hill-west-local-epping-forest-buckhurst-hill-west-2026-05-07,Buckhurst Hill West,epping-forest,Epping Forest,,1,2579.0,0.345483,0.5,-0.154517,1
2026,local.epping-forest.chigwell-with-lambourne.2026-05-07,chigwell-with-lambourne-local-epping-forest-chigwell-with-lambourne-2026-05-07,Chigwell with Lambourne,epping-forest,Epping Forest,,1,2675.0,0.510654,0.5,0.010654,0
2026,local.epping-forest.epping-east.2026-05-07,epping-east-local-epping-forest-epping-east-2026-05-07,Epping East,epping-forest,Epping Forest,,1,2980.0,0.337919,0.5,-0.162081,1
2026,local.epping-forest.epping-west-rural.2026-05-07,epping-west-and-rural-local-epping-forest-epping-west-rural-2026-05-07,Epping West and Rural,epping-forest,Epping Forest,,1,2869.0,0.343674,0.5,-0.156326,1
2026,local.epping-forest.grange-hill.2026-05-07,grange-hill-local-epping-forest-grange-hill-2026-05-07,Grange Hill,epping-forest,Epping Forest,,1,2231.0,0.325863,0.5,-0.174137,1
2026,local.epping-forest.loughton-fairmead.2026-05-07,loughton-fairmead-local-epping-forest-loughton-fairmead-2026-05-07,Loughton Fairmead,epping-forest,Epping Forest,,1,2081.0,0.40221,0.5,-0.09779,1
2026,local.epping-forest.loughton-forest.2026-05-07,loughton-forest-local-epping-forest-loughton-forest-2026-05-07,Loughton Forest,epping-forest,Epping Forest,,1,2668.0,0.439655,0.5,-0.060345,1
2026,local.epping-forest.loughton-roding.2026-05-07,loughton-roding-local-epping-forest-loughton-roding-2026-05-07,Loughton Roding,epping-forest,Epping Forest,,1,2249.0,0.358382,0.5,-0.141618,1
2026,local.epping-forest.loughton-st-johns.2026-05-07,loughton-st-john-s-local-epping-forest-loughton-st-johns-2026-05-07,Loughton St John's,epping-forest,Epping Forest,,1,2611.0,0.377633,0.5,-0.122367,1
2026,local.epping-forest.north-weald-bassett.2026-05-07,north-weald-bassett-local-epping-forest-north-weald-bassett-2026-05-07,North Weald Bassett,epping-forest,Epping Forest,,1,2444.0,0.494681,0.5,-0.005319,1
2026,local.epping-forest.ongar.2026-05-07,ongar-local-epping-forest-ongar-2026-05-07,Ongar,epping-forest,Epping Forest,,1,2879.0,0.57381,0.5,0.07381,0
2026,local.epping-forest.roydon-lower-nazeing.2026-05-07,roydon-and-lower-nazeing-local-epping-forest-roydon-lower-nazeing-2026-05-07,Roydon and Lower Nazeing,epping-forest,Epping Forest,,1,2362.0,0.473328,0.5,-0.026672,1
2026,local.epping-forest.rural-east.2026-05-07,rural-east-local-epping-forest-rural-east-2026-05-07,Rural East,epping-forest,Epping Forest,,1,3060.0,0.509477,0.5,0.009477,0
2026,local.epping-forest.theydon-bois-with-passingford.2026-05-07,theydon-bois-with-passingford-local-epping-forest-theydon-bois-with-passingford-2026-05-07,Theydon Bois with Passingford,epping-forest,Epping Forest,,1,2787.0,0.448152,0.5,-0.051848,1
2026,local.epping-forest.waltham-abbey-north.2026-05-07,waltham-abbey-north-local-epping-forest-waltham-abbey-north-2026-05-07,Waltham Abbey North,epping-forest,Epping Forest,,1,2005.0,0.528678,0.5,0.028678,0
2026,local.epping-forest.waltham-abbey-south-rural.2026-05-07,waltham-abbey-south-and-rural-local-epping-forest-waltham-abbey-south-rural-2026-05-07,Waltham Abbey South and Rural,epping-forest,Epping Forest,,1,2064.0,0.502907,0.5,0.002907,0
2026,local.epping-forest.waltham-abbey-west.2026-05-07,waltham-abbey-west-local-epping-forest-waltham-abbey-west-2026-05-07,Waltham Abbey West,epping-forest,Epping Forest,,1,2177.0,0.468075,0.5,-0.031925,1
2026,local.essex.billericay-north.2026-05-07,billericay-north-local-essex-billericay-north-2026-05-07,Billericay North,essex,Essex,,1,8640.0,0.481481,0.5,-0.018519,1
2026,local.essex.bocking.2026-05-07,bocking-local-essex-bocking-2026-05-07,Bocking,essex,Essex,,1,6089.0,0.440302,0.5,-0.059698,1
2026,local.essex.braintree-eastern.2026-05-07,braintree-eastern-local-essex-braintree-eastern-2026-05-07,Braintree Eastern,essex,Essex,,1,6783.0,0.46189,0.5,-0.03811,1
2026,local.essex.braintree-town.2026-05-07,braintree-town-local-essex-braintree-town-2026-05-07,Braintree Town,essex,Essex,,1,5494.0,0.437386,0.5,-0.062614,1
2026,local.essex.brentwood-hutton.2026-05-07,brentwood-hutton-local-essex-brentwood-hutton-2026-05-07,Brentwood Hutton,essex,Essex,,1,7512.0,0.392838,0.5,-0.107162,1
2026,local.essex.brentwood-north.2026-05-07,brentwood-north-local-essex-brentwood-north-2026-05-07,Brentwood North,essex,Essex,,1,7086.0,0.362405,0.5,-0.137595,1
2026,local.essex.brentwood-rural.2026-05-07,brentwood-rural-local-essex-brentwood-rural-2026-05-07,Brentwood Rural,essex,Essex,,1,7565.0,0.454461,0.5,-0.045539,1
2026,local.essex.brentwood-south.2026-05-07,brentwood-south-local-essex-brentwood-south-2026-05-07,Brentwood South,essex,Essex,,1,7222.0,0.335641,0.5,-0.164359,1
2026,local.essex.brightlingsea.2026-05-07,brightlingsea-local-essex-brightlingsea-2026-05-07,Brightlingsea,essex,Essex,,1,6841.0,0.321298,0.5,-0.178702,1
2026,local.essex.broomfield-writtle.2026-05-07,broomfield-and-writtle-local-essex-broomfield-writtle-2026-05-07,Broomfield and Writtle,essex,Essex,,1,7967.0,0.379691,0.5,-0.120309,1
2026,local.essex.burnham-southminster.2026-05-07,burnham-and-southminster-local-essex-burnham-southminster-2026-05-07,Burnham and Southminster,essex,Essex,,1,5715.0,0.411899,0.5,-0.088101,1
2026,local.essex.burstead.2026-05-07,burstead-local-essex-burstead-2026-05-07,Burstead,essex,Essex,,1,8333.0,0.429737,0.5,-0.070263,1
2026,local.essex.canvey-island-east.2026-05-07,canvey-island-east-local-essex-canvey-island-east-2026-05-07,Canvey Island East,essex,Essex,,1,6271.0,0.582842,0.5,0.082842,0
2026,local.essex.canvey-island-west.2026-05-07,canvey-island-west-local-essex-canvey-island-west-2026-05-07,Canvey Island West,essex,Essex,,1,4992.0,0.553085,0.5,0.053085,0
2026,local.essex.castledon-crouch.2026-05-07,castledon-and-crouch-local-essex-castledon-crouch-2026-05-07,Castledon and Crouch,essex,Essex,,1,6807.0,0.486117,0.5,-0.013883,1
2026,local.essex.chelmer.2026-05-07,chelmer-local-essex-chelmer-2026-05-07,Chelmer,essex,Essex,,1,6922.0,0.344987,0.5,-0.155013,1
2026,local.essex.chelmsford-central.2026-05-07,chelmsford-central-local-essex-chelmsford-central-2026-05-07,Chelmsford Central,essex,Essex,,1,5969.0,0.48199,0.5,-0.01801,1
2026,local.essex.chelmsford-north.2026-05-07,chelmsford-north-local-essex-chelmsford-north-2026-05-07,Chelmsford North,essex,Essex,,1,6267.0,0.462103,0.5,-0.037897,1
2026,local.essex.chelmsford-west.2026-05-07,chelmsford-west-local-essex-chelmsford-west-2026-05-07,Chelmsford West,essex,Essex,,1,5651.0,0.463989,0.5,-0.036011,1
2026,local.essex.chigwell-buckhurst-hill-east.2026-05-07,chigwell-and-buckhurst-hill-east-local-essex-chigwell-buckhurst-hill-east-2026-05-07,Chigwell and Buckhurst Hill East,essex,Essex,,1,6672.0,0.327338,0.5,-0.172662,1
2026,local.essex.clacton-north.2026-05-07,clacton-north-local-essex-clacton-north-2026-05-07,Clacton North,essex,Essex,,1,6175.0,0.568907,0.5,0.068907,0
2026,local.essex.clacton-south.2026-05-07,clacton-south-local-essex-clacton-south-2026-05-07,Clacton South,essex,Essex,,1,6678.0,0.554058,0.5,0.054058,0
2026,local.essex.clacton-west-st-osyth.2026-05-07,clacton-west-and-st-osyth-local-essex-clacton-west-st-osyth-2026-05-07,Clacton West and St Osyth,essex,Essex,,1,6293.0,0.607818,0.5,0.107818,0
2026,local.essex.colchester-abbey.2026-05-07,colchester-abbey-local-essex-colchester-abbey-2026-05-07,Colchester Abbey,essex,Essex,,1,6153.0,0.359987,0.5,-0.140013,1
2026,local.essex.colchester-lexden.2026-05-07,colchester-lexden-local-essex-colchester-lexden-2026-05-07,Colchester Lexden,essex,Essex,,1,7059.0,0.377107,0.5,-0.122893,1
2026,local.essex.colchester-maypole.2026-05-07,colchester-maypole-local-essex-colchester-maypole-2026-05-07,Colchester Maypole,essex,Essex,,1,5292.0,0.342404,0.5,-0.157596,1
2026,local.essex.colchester-north.2026-05-07,colchester-north-local-essex-colchester-north-2026-05-07,Colchester North,essex,Essex,,1,6497.0,0.35247,0.5,-0.14753,1
2026,local.essex.colchester-st-johns.2026-05-07,colchester-st-johns-local-essex-colchester-st-johns-2026-05-07,Colchester St Johns,essex,Essex,,1,6224.0,0.340617,0.5,-0.159383,1
2026,local.essex.constable.2026-05-07,constable-local-essex-constable-2026-05-07,Constable,essex,Essex,,1,7672.0,0.398853,0.5,-0.101147,1
2026,local.essex.danbury-the-hanningfields.2026-05-07,danbury-and-the-hanningfields-local-essex-danbury-the-hanningfields-2026-05-07,Danbury and the Hanningfields,essex,Essex,,1,7816.0,0.431039,0.5,-0.068961,1
2026,local.essex.dunmow.2026-05-07,dunmow-local-essex-dunmow-2026-05-07,Dunmow,essex,Essex,,1,6810.0,0.433186,0.5,-0.066814,1
2026,local.essex.epping-theydon-bois.2026-05-07,epping-and-theydon-bois-local-essex-epping-theydon-bois-2026-05-07,Epping and Theydon Bois,essex,Essex,,1,8003.0,0.353992,0.5,-0.146008,1
2026,local.essex.frinton-walton.2026-05-07,frinton-and-walton-local-essex-frinton-walton-2026-05-07,Frinton and Walton,essex,Essex,,1,7273.0,0.467482,0.5,-0.032518,1
2026,local.essex.gloucester-park.2026-05-07,gloucester-park-local-essex-gloucester-park-2026-05-07,Gloucester Park,essex,Essex,,1,4980.0,0.409237,0.5,-0.090763,1
2026,local.essex.great-baddow-galleywood.2026-05-07,great-baddow-and-galleywood-local-essex-great-baddow-galleywood-2026-05-07,Great Baddow and Galleywood,essex,Essex,,1,7036.0,0.346219,0.5,-0.153781,1
2026,local.essex.hadleigh.2026-05-07,hadleigh-local-essex-hadleigh-2026-05-07,Hadleigh,essex,Essex,,1,6191.0,0.353255,0.5,-0.146745,1
2026,local.essex.halstead.2026-05-07,halstead-local-essex-halstead-2026-05-07,Halstead,essex,Essex,,1,7481.0,0.424007,0.5,-0.075993,1
2026,local.essex.harlow-common-church-langley.2026-05-07,harlow-common-and-church-langley-local-essex-harlow-common-church-langley-2026-05-07,Harlow Common and Church Langley,essex,Essex,,1,6758.0,0.548683,0.5,0.048683,0
2026,local.essex.harlow-netteswell.2026-05-07,harlow-netteswell-local-essex-harlow-netteswell-2026-05-07,Harlow Netteswell,essex,Essex,,1,5783.0,0.452533,0.5,-0.047467,1
2026,local.essex.harlow-parndon-toddbrook.2026-05-07,harlow-parndon-and-toddbrook-local-essex-harlow-parndon-toddbrook-2026-05-07,Harlow Parndon and Toddbrook,essex,Essex,,1,4169.0,0.417846,0.5,-0.082154,1
2026,local.essex.harlow-south-west.2026-05-07,harlow-south-west-local-essex-harlow-south-west-2026-05-07,Harlow South West,essex,Essex,,1,5985.0,0.613701,0.5,0.113701,0
2026,local.essex.harwich.2026-05-07,harwich-local-essex-harwich-2026-05-07,Harwich,essex,Essex,,1,5875.0,0.439489,0.5,-0.060511,1
2026,local.essex.hedingham.2026-05-07,hedingham-local-essex-hedingham-2026-05-07,Hedingham,essex,Essex,,1,7458.0,0.368195,0.5,-0.131805,1
2026,local.essex.laindon-town.2026-05-07,laindon-town-local-essex-laindon-town-2026-05-07,Laindon Town,essex,Essex,,1,5163.0,0.444509,0.5,-0.055491,1
2026,local.essex.loughton-north.2026-05-07,loughton-north-local-essex-loughton-north-2026-05-07,Loughton North,essex,Essex,,1,6351.0,0.371438,0.5,-0.128562,1
2026,local.essex.loughton-south-buckhurst-hill-west.2026-05-07,loughton-south-and-buckhurst-hill-west-local-essex-loughton-south-buckhurst-hill-west-2026-05-07,Loughton South and Buckhurst Hill West,essex,Essex,,1,6923.0,0.296692,0.5,-0.203308,1
2026,local.essex.maldon-rural-north.2026-05-07,maldon-rural-north-local-essex-maldon-rural-north-2026-05-07,Maldon Rural North,essex,Essex,,1,6282.0,0.41595,0.5,-0.08405,1
2026,local.essex.maldon-rural-south.2026-05-07,maldon-rural-south-local-essex-maldon-rural-south-2026-05-07,Maldon Rural South,essex,Essex,,1,6330.0,0.426382,0.5,-0.073618,1
2026,local.essex.maldon-town-heybridge.2026-05-07,maldon-town-and-heybridge-local-essex-maldon-town-heybridge-2026-05-07,Maldon Town and Heybridge,essex,Essex,,1,6309.0,0.330163,0.5,-0.169837,1
2026,local.essex.mersea-tiptree.2026-05-07,mersea-and-tiptree-local-essex-mersea-tiptree-2026-05-07,Mersea and Tiptree,essex,Essex,,1,8065.0,0.384997,0.5,-0.115003,1
2026,local.essex.north-weald-nazeing.2026-05-07,north-weald-and-nazeing-local-essex-north-weald-nazeing-2026-05-07,North Weald and Nazeing,essex,Essex,,1,5385.0,0.498422,0.5,-0.001578,1
2026,local.essex.old-harlow.2026-05-07,old-harlow-local-essex-old-harlow-2026-05-07,Old Harlow,essex,Essex,,1,4115.0,0.541677,0.5,0.041677,0
2026,local.essex.ongar-rural.2026-05-07,ongar-and-rural-local-essex-ongar-rural-2026-05-07,Ongar and Rural,essex,Essex,,1,6938.0,0.560969,0.5,0.060969,0
2026,local.essex.pitsea.2026-05-07,pitsea-local-essex-pitsea-2026-05-07,Pitsea,essex,Essex,,1,5201.0,0.471448,0.5,-0.028552,1
2026,local.essex.rayleigh-south.2026-05-07,rayleigh-south-local-essex-rayleigh-south-2026-05-07,Rayleigh South,essex,Essex,,1,6588.0,0.386308,0.5,-0.113692,1
2026,local.essex.rayleigh-west.2026-05-07,rayleigh-west-local-essex-rayleigh-west-2026-05-07,Rayleigh West,essex,Essex,,1,6050.0,0.397355,0.5,-0.102645,1
2026,local.essex.rochford-east.2026-05-07,rochford-east-local-essex-rochford-east-2026-05-07,Rochford East,essex,Essex,,1,6058.0,0.434137,0.5,-0.065863,1
2026,local.essex.rochford-north.2026-05-07,rochford-north-local-essex-rochford-north-2026-05-07,Rochford North,essex,Essex,,1,7147.0,0.39583,0.5,-0.10417,1
2026,local.essex.rochford-south.2026-05-07,rochford-south-local-essex-rochford-south-2026-05-07,Rochford South,essex,Essex,,1,6125.0,0.42351,0.5,-0.07649,1
2026,local.essex.saffron-walden.2026-05-07,saffron-walden-local-essex-saffron-walden-2026-05-07,Saffron Walden,essex,Essex,,1,7510.0,0.380426,0.5,-0.119574,1
2026,local.essex.south-benfleet.2026-05-07,south-benfleet-local-essex-south-benfleet-2026-05-07,South Benfleet,essex,Essex,,1,6315.0,0.346002,0.5,-0.153998,1
2026,local.essex.stansted.2026-05-07,stansted-local-essex-stansted-2026-05-07,Stansted,essex,Essex,,1,7568.0,0.300872,0.5,-0.199128,1
2026,local.essex.stanway-marks-tey.2026-05-07,stanway-and-marks-tey-local-essex-stanway-marks-tey-2026-05-07,Stanway and Marks Tey,essex,Essex,,1,6399.0,0.326926,0.5,-0.173074,1
2026,local.essex.takeley.2026-05-07,takeley-local-essex-takeley-2026-05-07,Takeley,essex,Essex,,1,5623.0,0.396052,0.5,-0.103948,1
2026,local.essex.tendring-rural-east.2026-05-07,tendring-rural-east-local-essex-tendring-rural-east-2026-05-07,Tendring Rural East,essex,Essex,,1,6910.0,0.477135,0.5,-0.022865,1
2026,local.essex.tendring-rural-west.2026-05-07,tendring-rural-west-local-essex-tendring-rural-west-2026-05-07,Tendring Rural West,essex,Essex,,1,6516.0,0.33671,0.5,-0.16329,1
2026,local.essex.thaxted.2026-05-07,thaxted-local-essex-thaxted-2026-05-07,Thaxted,essex,Essex,,1,6886.0,0.314116,0.5,-0.185884,1
2026,local.essex.three-fields-great-notley.2026-05-07,three-fields-and-great-notley-local-essex-three-fields-great-notley-2026-05-07,Three Fields and Great Notley,essex,Essex,,1,7476.0,0.379481,0.5,-0.120519,1
2026,local.essex.thundersley.2026-05-07,thundersley-local-essex-thundersley-2026-05-07,Thundersley,essex,Essex,,1,6050.0,0.402314,0.5,-0.097686,1
2026,local.essex.vange.2026-05-07,vange-local-essex-vange-2026-05-07,Vange,essex,Essex,,1,4852.0,0.426628,0.5,-0.073372,1
2026,local.essex.waltham-abbey.2026-05-07,waltham-abbey-local-essex-waltham-abbey-2026-05-07,Waltham Abbey,essex,Essex,,1,5365.0,0.495806,0.5,-0.004194,1
2026,local.essex.westley-heights.2026-05-07,westley-heights-local-essex-westley-heights-2026-05-07,Westley Heights,essex,Essex,,1,6569.0,0.383011,0.5,-0.116989,1
2026,local.essex.wickford-east-bowers-gifford.2026-05-07,wickford-east-and-bowers-gifford-local-essex-wickford-east-bowers-gifford-2026-05-07,Wickford East and Bowers Gifford,essex,Essex,,1,7034.0,0.478675,0.5,-0.021325,1
2026,local.essex.witham-town.2026-05-07,witham-town-local-essex-witham-town-2026-05-07,Witham Town,essex,Essex,,1,6094.0,0.395471,0.5,-0.104529,1
2026,local.essex.witham-west-rural.2026-05-07,witham-west-and-rural-local-essex-witham-west-rural-2026-05-07,Witham West and Rural,essex,Essex,,1,5877.0,0.431513,0.5,-0.068487,1
2026,local.essex.wivenhoe-st-andrew.2026-05-07,wivenhoe-st-andrew-local-essex-wivenhoe-st-andrew-2026-05-07,Wivenhoe St Andrew,essex,Essex,,1,4980.0,0.43253,0.5,-0.06747,1
2026,local.essex.woodham-ferrers.2026-05-07,woodham-ferrers-local-essex-woodham-ferrers-2026-05-07,Woodham Ferrers,essex,Essex,,1,6314.0,0.40624,0.5,-0.09376,1
2026,local.exeter.alphington.2026-05-07,alphington-local-exeter-alphington-2026-05-07,Alphington,exeter,Exeter,,1,3083.0,0.316575,0.5,-0.183425,1
2026,local.exeter.duryard-st-james.2026-05-07,duryard-and-st-james-local-exeter-duryard-st-james-2026-05-07,Duryard and St James,exeter,Exeter,,1,2439.0,0.403034,0.5,-0.096966,1
2026,local.exeter.exwick.2026-05-07,exwick-local-exeter-exwick-2026-05-07,Exwick,exeter,Exeter,,1,3048.0,0.345801,0.5,-0.154199,1
2026,local.exeter.heavitree.2026-05-07,heavitree-local-exeter-heavitree-2026-05-07,Heavitree,exeter,Exeter,,2,3558.5,0.52494,0.333333,0.191607,0
2026,local.exeter.mincinglake-whipton.2026-05-07,mincinglake-and-whipton-local-exeter-mincinglake-whipton-2026-05-07,Mincinglake and Whipton,exeter,Exeter,,1,2790.0,0.341219,0.5,-0.158781,1
2026,local.exeter.newtown-st-leonards.2026-05-07,newtown-and-st-leonard-s-local-exeter-newtown-st-leonards-2026-05-07,Newtown and St Leonard's,exeter,Exeter,,1,3024.0,0.472884,0.5,-0.027116,1
2026,local.exeter.pennsylvania.2026-05-07,pennsylvania-local-exeter-pennsylvania-2026-05-07,Pennsylvania,exeter,Exeter,,1,3435.0,0.385735,0.5,-0.114265,1
2026,local.exeter.pinhoe.2026-05-07,pinhoe-local-exeter-pinhoe-2026-05-07,Pinhoe,exeter,Exeter,,1,3427.0,0.338488,0.5,-0.161512,1
2026,local.exeter.priory.2026-05-07,priory-local-exeter-priory-2026-05-07,Priory,exeter,Exeter,,1,2864.0,0.288757,0.5,-0.211243,1
2026,local.exeter.st-davids.2026-05-07,st-david-s-local-exeter-st-davids-2026-05-07,St David's,exeter,Exeter,,1,2835.0,0.570723,0.5,0.070723,0
2026,local.exeter.st-loyes.2026-05-07,st-loyes-local-exeter-st-loyes-2026-05-07,St Loyes,exeter,Exeter,,1,3189.0,0.256193,0.5,-0.243807,1
2026,local.exeter.st-thomas.2026-05-07,st-thomas-local-exeter-st-thomas-2026-05-07,St Thomas,exeter,Exeter,,1,3655.0,0.370451,0.5,-0.129549,1
2026,local.exeter.topsham.2026-05-07,topsham-local-exeter-topsham-2026-05-07,Topsham,exeter,Exeter,,1,3951.0,0.300936,0.5,-0.199064,1
2026,local.fareham.avenue.2026-05-07,avenue-local-fareham-avenue-2026-05-07,Avenue,fareham,Fareham,,1,3044.0,0.40276,0.5,-0.09724,1
2026,local.fareham.fareham-park.2026-05-07,fareham-park-local-fareham-fareham-park-2026-05-07,Fareham Park,fareham,Fareham,,1,2301.0,0.369405,0.5,-0.130595,1
2026,local.fareham.fareham-town.2026-05-07,fareham-town-local-fareham-fareham-town-2026-05-07,Fareham Town,fareham,Fareham,,1,2285.0,0.333479,0.5,-0.166521,1
2026,local.fareham.fort-fareham.2026-05-07,fort-fareham-local-fareham-fort-fareham-2026-05-07,Fort Fareham,fareham,Fareham,,1,2530.0,0.290119,0.5,-0.209881,1
2026,local.fareham.hill-head.2026-05-07,hill-head-local-fareham-hill-head-2026-05-07,Hill Head,fareham,Fareham,,1,3079.0,0.492368,0.5,-0.007632,1
2026,local.fareham.hook-with-warsash.2026-05-07,hook-with-warsash-local-fareham-hook-with-warsash-2026-05-07,Hook-with-Warsash,fareham,Fareham,,1,2611.0,0.518958,0.5,0.018958,0
2026,local.fareham.locks-heath.2026-05-07,locks-heath-local-fareham-locks-heath-2026-05-07,Locks Heath,fareham,Fareham,,1,2919.0,0.440562,0.5,-0.059438,1
2026,local.fareham.park-gate.2026-05-07,park-gate-local-fareham-park-gate-2026-05-07,Park Gate,fareham,Fareham,,1,2830.0,0.472792,0.5,-0.027208,1
2026,local.fareham.portchester-castle.2026-05-07,portchester-castle-local-fareham-portchester-castle-2026-05-07,Portchester Castle,fareham,Fareham,,1,2974.0,0.370208,0.5,-0.129792,1
2026,local.fareham.portchester-wicor.2026-05-07,portchester-wicor-local-fareham-portchester-wicor-2026-05-07,Portchester Wicor,fareham,Fareham,,1,2589.0,0.331402,0.5,-0.168598,1
2026,local.fareham.sarisbury-whiteley.2026-05-07,sarisbury-and-whiteley-local-fareham-sarisbury-whiteley-2026-05-07,Sarisbury and Whiteley,fareham,Fareham,,1,3044.0,0.529895,0.5,0.029895,0
2026,local.fareham.stubbington.2026-05-07,stubbington-local-fareham-stubbington-2026-05-07,Stubbington,fareham,Fareham,,1,2871.0,0.478579,0.5,-0.021421,1
2026,local.fareham.titchfield.2026-05-07,titchfield-local-fareham-titchfield-2026-05-07,Titchfield,fareham,Fareham,,1,2602.0,0.397387,0.5,-0.102613,1
2026,local.fareham.titchfield-common.2026-05-07,titchfield-common-local-fareham-titchfield-common-2026-05-07,Titchfield Common,fareham,Fareham,,1,2855.0,0.447285,0.5,-0.052715,1
2026,local.fareham.uplands-funtley.2026-05-07,uplands-and-funtley-local-fareham-uplands-funtley-2026-05-07,Uplands and Funtley,fareham,Fareham,,1,2032.0,0.376476,0.5,-0.123524,1
2026,local.fareham.wallington-downend.2026-05-07,wallington-and-downend-local-fareham-wallington-downend-2026-05-07,Wallington and Downend,fareham,Fareham,,1,2910.0,0.360825,0.5,-0.139175,1
2026,local.gateshead.birtley-north-lamesley.2026-05-07,birtley-north-and-lamesley-local-gateshead-birtley-north-lamesley-2026-05-07,Birtley North and Lamesley,gateshead,Gateshead,,3,2726.333333333333,0.461426,0.25,0.211426,0
2026,local.gateshead.birtley-south.2026-05-07,birtley-south-local-gateshead-birtley-south-2026-05-07,Birtley South,gateshead,Gateshead,,3,2507.0,0.390905,0.25,0.140905,0
2026,local.gateshead.blaydon.2026-05-07,blaydon-local-gateshead-blaydon-2026-05-07,Blaydon,gateshead,Gateshead,,3,2541.333333333333,0.400577,0.25,0.150577,0
2026,local.gateshead.bridges.2026-05-07,bridges-local-gateshead-bridges-2026-05-07,Bridges,gateshead,Gateshead,,3,2160.333333333333,0.342077,0.25,0.092077,0
2026,local.gateshead.chopwell-rowlands-gill.2026-05-07,chopwell-and-rowlands-gill-local-gateshead-chopwell-rowlands-gill-2026-05-07,Chopwell and Rowlands Gill,gateshead,Gateshead,,3,3077.6666666666665,0.453265,0.25,0.203265,0
2026,local.gateshead.chowdene.2026-05-07,chowdene-local-gateshead-chowdene-2026-05-07,Chowdene,gateshead,Gateshead,,3,2695.0,0.379221,0.25,0.129221,0
2026,local.gateshead.crawcrook-greenside.2026-05-07,crawcrook-and-greenside-local-gateshead-crawcrook-greenside-2026-05-07,Crawcrook and Greenside,gateshead,Gateshead,,3,3317.0,0.382273,0.25,0.132273,0
2026,local.gateshead.deckham.2026-05-07,deckham-local-gateshead-deckham-2026-05-07,Deckham,gateshead,Gateshead,,3,2492.6666666666665,0.357047,0.25,0.107047,0
2026,local.gateshead.dunston-hill-whickham-east.2026-05-07,dunston-hill-and-whickham-east-local-gateshead-dunston-hill-whickham-east-2026-05-07,Dunston Hill and Whickham East,gateshead,Gateshead,,3,3028.6666666666665,0.378384,0.25,0.128384,0
2026,local.gateshead.dunston-teams-riverside.2026-05-07,dunston-teams-and-riverside-local-gateshead-dunston-teams-riverside-2026-05-07,"Dunston, Teams and Riverside",gateshead,Gateshead,,3,2213.333333333333,0.365512,0.25,0.115512,0
2026,local.gateshead.felling.2026-05-07,felling-local-gateshead-felling-2026-05-07,Felling,gateshead,Gateshead,,3,1960.6666666666667,0.423835,0.25,0.173835,0
2026,local.gateshead.high-fell.2026-05-07,high-fell-local-gateshead-high-fell-2026-05-07,High Fell,gateshead,Gateshead,,3,2335.6666666666665,0.458541,0.25,0.208541,0
2026,local.gateshead.lobley-hill-bensham.2026-05-07,lobley-hill-and-bensham-local-gateshead-lobley-hill-bensham-2026-05-07,Lobley Hill and Bensham,gateshead,Gateshead,,3,2809.6666666666665,0.411081,0.25,0.161081,0
2026,local.gateshead.low-fell.2026-05-07,low-fell-local-gateshead-low-fell-2026-05-07,Low Fell,gateshead,Gateshead,,3,3710.3333333333335,0.45225,0.25,0.20225,0
2026,local.gateshead.pelaw-heworth-bill-quay.2026-05-07,pelaw-heworth-and-bill-quay-local-gateshead-pelaw-heworth-bill-quay-2026-05-07,"Pelaw, Heworth and Bill Quay",gateshead,Gateshead,,3,2743.0,0.368575,0.25,0.118575,0
2026,local.gateshead.ryton-crookhill-stella.2026-05-07,ryton-crookhill-and-stella-local-gateshead-ryton-crookhill-stella-2026-05-07,"Ryton, Crookhill and Stella",gateshead,Gateshead,,3,3557.333333333333,0.357852,0.25,0.107852,0
2026,local.gateshead.saltwell.2026-05-07,saltwell-local-gateshead-saltwell-2026-05-07,Saltwell,gateshead,Gateshead,,3,2779.0,0.357323,0.25,0.107323,0
2026,local.gateshead.wardley-leam-lane.2026-05-07,wardley-and-leam-lane-local-gateshead-wardley-leam-lane-2026-05-07,Wardley and Leam Lane,gateshead,Gateshead,,3,2479.0,0.473981,0.25,0.223981,0
2026,local.gateshead.whickham-north-swalwell.2026-05-07,whickham-north-and-swalwell-local-gateshead-whickham-north-swalwell-2026-05-07,Whickham North and Swalwell,gateshead,Gateshead,,3,2864.6666666666665,0.44054,0.25,0.19054,0
2026,local.gateshead.whickham-south-sunniside.2026-05-07,whickham-south-and-sunniside-local-gateshead-whickham-south-sunniside-2026-05-07,Whickham South and Sunniside,gateshead,Gateshead,,3,3226.6666666666665,0.48719,0.25,0.23719,0
2026,local.gateshead.windy-nook-whitehills.2026-05-07,windy-nook-and-whitehills-local-gateshead-windy-nook-whitehills-2026-05-07,Windy Nook and Whitehills,gateshead,Gateshead,,3,2305.333333333333,0.514893,0.25,0.264893,0
2026,local.gateshead.winlaton-high-spen.2026-05-07,winlaton-and-high-spen-local-gateshead-winlaton-high-spen-2026-05-07,Winlaton and High Spen,gateshead,Gateshead,,3,3145.0,0.448331,0.25,0.198331,0
2026,local.gosport.alverstoke.2026-05-07,alverstoke-local-gosport-alverstoke-2026-05-07,Alverstoke,gosport,Gosport,,1,2628.0,0.430365,0.5,-0.069635,1
2026,local.gosport.anglesey.2026-05-07,anglesey-local-gosport-anglesey-2026-05-07,Anglesey,gosport,Gosport,,1,2018.0,0.500991,0.5,0.000991,0
2026,local.gosport.bridgemary.2026-05-07,bridgemary-local-gosport-bridgemary-2026-05-07,Bridgemary,gosport,Gosport,,1,1809.0,0.456053,0.5,-0.043947,1
2026,local.gosport.brockhurst-privett.2026-05-07,brockhurst-and-privett-local-gosport-brockhurst-privett-2026-05-07,Brockhurst and Privett,gosport,Gosport,,1,1755.0,0.350997,0.5,-0.149003,1
2026,local.gosport.elson.2026-05-07,elson-local-gosport-elson-2026-05-07,Elson,gosport,Gosport,,1,1992.0,0.393574,0.5,-0.106426,1
2026,local.gosport.forton.2026-05-07,forton-local-gosport-forton-2026-05-07,Forton,gosport,Gosport,,1,1504.0,0.357713,0.5,-0.142287,1
2026,local.gosport.grange-alver-valley.2026-05-07,grange-and-alver-valley-local-gosport-grange-alver-valley-2026-05-07,Grange and Alver Valley,gosport,Gosport,,1,1326.0,0.435143,0.5,-0.064857,1
2026,local.gosport.harbourside-town.2026-05-07,harbourside-and-town-local-gosport-harbourside-town-2026-05-07,Harbourside and Town,gosport,Gosport,,1,1474.0,0.326323,0.5,-0.173677,1
2026,local.gosport.hardway.2026-05-07,hardway-local-gosport-hardway-2026-05-07,Hardway,gosport,Gosport,,1,2000.0,0.385,0.5,-0.115,1
2026,local.gosport.lee-east.2026-05-07,lee-east-local-gosport-lee-east-2026-05-07,Lee East,gosport,Gosport,,1,1904.0,0.53729,0.5,0.03729,0
2026,local.gosport.leesland-newtown.2026-05-07,leesland-and-newtown-local-gosport-leesland-newtown-2026-05-07,Leesland and Newtown,gosport,Gosport,,1,2222.0,0.331683,0.5,-0.168317,1
2026,local.gosport.lee-west.2026-05-07,lee-west-local-gosport-lee-west-2026-05-07,Lee West,gosport,Gosport,,1,2383.0,0.53504,0.5,0.03504,0
2026,local.gosport.peel-common.2026-05-07,peel-common-local-gosport-peel-common-2026-05-07,Peel Common,gosport,Gosport,,1,1916.0,0.385177,0.5,-0.114823,1
2026,local.gosport.rowner-holbrook.2026-05-07,rowner-and-holbrook-local-gosport-rowner-holbrook-2026-05-07,Rowner and Holbrook,gosport,Gosport,,1,1654.0,0.486699,0.5,-0.013301,1
2026,local.greenwich.abbey-wood.2026-05-07,abbey-wood-local-greenwich-abbey-wood-2026-05-07,Abbey Wood,greenwich,Greenwich,,3,3972.0,0.325277,0.25,0.075277,0
2026,local.greenwich.blackheath-westcombe.2026-05-07,blackheath-westcombe-local-greenwich-blackheath-westcombe-2026-05-07,Blackheath Westcombe,greenwich,Greenwich,,3,5778.333333333333,0.296798,0.25,0.046798,0
2026,local.greenwich.charlton-hornfair.2026-05-07,charlton-hornfair-local-greenwich-charlton-hornfair-2026-05-07,Charlton Hornfair,greenwich,Greenwich,,2,3466.0,0.34824,0.333333,0.014907,0
2026,local.greenwich.charlton-village-riverside.2026-05-07,charlton-village-and-riverside-local-greenwich-charlton-village-riverside-2026-05-07,Charlton Village and Riverside,greenwich,Greenwich,,2,2858.5,0.372573,0.333333,0.03924,0
2026,local.greenwich.east-greenwich.2026-05-07,east-greenwich-local-greenwich-east-greenwich-2026-05-07,East Greenwich,greenwich,Greenwich,,3,4404.333333333333,0.418906,0.25,0.168906,0
2026,local.greenwich.eltham-page.2026-05-07,eltham-page-local-greenwich-eltham-page-2026-05-07,Eltham Page,greenwich,Greenwich,,2,2604.5,0.350163,0.333333,0.01683,0
2026,local.greenwich.eltham-park-progress.2026-05-07,eltham-park-and-progress-local-greenwich-eltham-park-progress-2026-05-07,Eltham Park and Progress,greenwich,Greenwich,,2,4379.5,0.288389,0.333333,-0.044944,1
2026,local.greenwich.eltham-town-avery-hill.2026-05-07,eltham-town-and-avery-hill-local-greenwich-eltham-town-avery-hill-2026-05-07,Eltham Town and Avery Hill,greenwich,Greenwich,,3,5334.666666666667,0.304236,0.25,0.054236,0
2026,local.greenwich.greenwich-creekside.2026-05-07,greenwich-creekside-local-greenwich-greenwich-creekside-2026-05-07,Greenwich Creekside,greenwich,Greenwich,,2,2665.5,0.474583,0.333333,0.141249,0
2026,local.greenwich.greenwich-park.2026-05-07,greenwich-park-local-greenwich-greenwich-park-2026-05-07,Greenwich Park,greenwich,Greenwich,,2,3584.0,0.371094,0.333333,0.03776,0
2026,local.greenwich.greenwich-peninsula.2026-05-07,greenwich-peninsula-local-greenwich-greenwich-peninsula-2026-05-07,Greenwich Peninsula,greenwich,Greenwich,,3,2721.6666666666665,0.339498,0.25,0.089498,0
2026,local.greenwich.kidbrooke-park.2026-05-07,kidbrooke-park-local-greenwich-kidbrooke-park-2026-05-07,Kidbrooke Park,greenwich,Greenwich,,2,2940.0,0.323469,0.333333,-0.009864,1
2026,local.greenwich.kidbrooke-village-sutcliffe.2026-05-07,kidbrooke-village-and-sutcliffe-local-greenwich-kidbrooke-village-sutcliffe-2026-05-07,Kidbrooke Village and Sutcliffe,greenwich,Greenwich,,2,1868.0,0.342612,0.333333,0.009279,0
2026,local.greenwich.middle-park-horn-park.2026-05-07,middle-park-and-horn-park-local-greenwich-middle-park-horn-park-2026-05-07,Middle Park and Horn Park,greenwich,Greenwich,,2,2586.0,0.351121,0.333333,0.017788,0
2026,local.greenwich.mottingham-coldharbour-new-eltham.2026-05-07,mottingham-coldharbour-and-new-eltham-local-greenwich-mottingham-coldharbour-new-eltham-2026-05-07,"Mottingham, Coldharbour and New Eltham",greenwich,Greenwich,,3,4703.666666666667,0.36057,0.25,0.11057,0
2026,local.greenwich.plumstead-common.2026-05-07,plumstead-common-local-greenwich-plumstead-common-2026-05-07,Plumstead Common,greenwich,Greenwich,,3,4404.0,0.335377,0.25,0.085377,0
2026,local.greenwich.plumstead-glyndon.2026-05-07,plumstead-and-glyndon-local-greenwich-plumstead-glyndon-2026-05-07,Plumstead and Glyndon,greenwich,Greenwich,,3,4202.666666666667,0.378569,0.25,0.128569,0
2026,local.greenwich.shooters-hill.2026-05-07,shooters-hill-local-greenwich-shooters-hill-2026-05-07,Shooters Hill,greenwich,Greenwich,,2,3270.0,0.453517,0.333333,0.120183,0
2026,local.greenwich.thamesmead-moorings.2026-05-07,thamesmead-moorings-local-greenwich-thamesmead-moorings-2026-05-07,Thamesmead Moorings,greenwich,Greenwich,,2,2410.0,0.492116,0.333333,0.158783,0
2026,local.greenwich.west-thamesmead.2026-05-07,west-thamesmead-local-greenwich-west-thamesmead-2026-05-07,West Thamesmead,greenwich,Greenwich,,2,2002.5,0.294132,0.333333,-0.039201,1
2026,local.greenwich.woolwich-arsenal.2026-05-07,woolwich-arsenal-local-greenwich-woolwich-arsenal-2026-05-07,Woolwich Arsenal,greenwich,Greenwich,,3,3152.6666666666665,0.34003,0.25,0.09003,0
2026,local.greenwich.woolwich-common.2026-05-07,woolwich-common-local-greenwich-woolwich-common-2026-05-07,Woolwich Common,greenwich,Greenwich,,2,2453.5,0.420624,0.333333,0.08729,0
2026,local.greenwich.woolwich-dockyard.2026-05-07,woolwich-dockyard-local-greenwich-woolwich-dockyard-2026-05-07,Woolwich Dockyard,greenwich,Greenwich,,2,2644.0,0.367625,0.333333,0.034291,0
2026,local.hackney.brownswood.2026-05-07,brownswood-local-hackney-brownswood-2026-05-07,Brownswood,hackney,Hackney,,2,2777.0,0.493338,0.333333,0.160005,0
2026,local.hackney.cazenove.2026-05-07,cazenove-local-hackney-cazenove-2026-05-07,Cazenove,hackney,Hackney,,3,3698.0,0.379935,0.25,0.129935,0
2026,local.hackney.clissold.2026-05-07,clissold-local-hackney-clissold-2026-05-07,Clissold,hackney,Hackney,,3,4024.3333333333335,0.434109,0.25,0.184109,0
2026,local.hackney.dalston.2026-05-07,dalston-local-hackney-dalston-2026-05-07,Dalston,hackney,Hackney,,2,2594.5,0.53729,0.333333,0.203957,0
2026,local.hackney.de-beauvoir.2026-05-07,de-beauvoir-local-hackney-de-beauvoir-2026-05-07,De Beauvoir,hackney,Hackney,,2,2561.5,0.451688,0.333333,0.118355,0
2026,local.hackney.hackney-central.2026-05-07,hackney-central-local-hackney-hackney-central-2026-05-07,Hackney Central,hackney,Hackney,,3,3653.0,0.46017,0.25,0.21017,0
2026,local.hackney.hackney-downs.2026-05-07,hackney-downs-local-hackney-hackney-downs-2026-05-07,Hackney Downs,hackney,Hackney,,3,3996.6666666666665,0.625271,0.25,0.375271,0
2026,local.hackney.hackney-wick.2026-05-07,hackney-wick-local-hackney-hackney-wick-2026-05-07,Hackney Wick,hackney,Hackney,,3,3469.0,0.471606,0.25,0.221606,0
2026,local.hackney.haggerston.2026-05-07,haggerston-local-hackney-haggerston-2026-05-07,Haggerston,hackney,Hackney,,3,3540.333333333333,0.456172,0.25,0.206172,0
2026,local.hackney.homerton.2026-05-07,homerton-local-hackney-homerton-2026-05-07,Homerton,hackney,Hackney,,3,3161.0,0.465675,0.25,0.215675,0
2026,local.hackney.hoxton-east-shoreditch.2026-05-07,hoxton-east-and-shoreditch-local-hackney-hoxton-east-shoreditch-2026-05-07,Hoxton East and Shoreditch,hackney,Hackney,,3,2594.6666666666665,0.430884,0.25,0.180884,0
2026,local.hackney.hoxton-west.2026-05-07,hoxton-west-local-hackney-hoxton-west-2026-05-07,Hoxton West,hackney,Hackney,,3,2883.6666666666665,0.411629,0.25,0.161629,0
2026,local.hackney.kings-park.2026-05-07,king-s-park-local-hackney-kings-park-2026-05-07,King's Park,hackney,Hackney,,3,3858.3333333333335,0.503067,0.25,0.253067,0
2026,local.hackney.lea-bridge.2026-05-07,lea-bridge-local-hackney-lea-bridge-2026-05-07,Lea Bridge,hackney,Hackney,,3,4214.0,0.555766,0.25,0.305766,0
2026,local.hackney.london-fields.2026-05-07,london-fields-local-hackney-london-fields-2026-05-07,London Fields,hackney,Hackney,,3,3578.333333333333,0.490731,0.25,0.240731,0
2026,local.hackney.shacklewell.2026-05-07,shacklewell-local-hackney-shacklewell-2026-05-07,Shacklewell,hackney,Hackney,,2,2605.0,0.522457,0.333333,0.189123,0
2026,local.hackney.springfield.2026-05-07,springfield-local-hackney-springfield-2026-05-07,Springfield,hackney,Hackney,,3,3595.0,0.516829,0.25,0.266829,0
2026,local.hackney.stamford-hill-west.2026-05-07,stamford-hill-west-local-hackney-stamford-hill-west-2026-05-07,Stamford Hill West,hackney,Hackney,,2,2839.5,0.502905,0.333333,0.169572,0
2026,local.hackney.stoke-newington.2026-05-07,stoke-newington-local-hackney-stoke-newington-2026-05-07,Stoke Newington,hackney,Hackney,,3,4648.333333333333,0.491789,0.25,0.241789,0
2026,local.hackney.victoria.2026-05-07,victoria-local-hackney-victoria-2026-05-07,Victoria,hackney,Hackney,,3,3424.6666666666665,0.435955,0.25,0.185955,0
2026,local.hackney.woodberry-down.2026-05-07,woodberry-down-local-hackney-woodberry-down-2026-05-07,Woodberry Down,hackney,Hackney,,2,2782.0,0.405464,0.333333,0.07213,0
2026,local.halton.appleton.2026-05-07,appleton-local-halton-appleton-2026-05-07,Appleton,halton,Halton,,1,1635.0,0.422018,0.5,-0.077982,1
2026,local.halton.bankfield.2026-05-07,bankfield-local-halton-bankfield-2026-05-07,Bankfield,halton,Halton,,1,1610.0,0.423602,0.5,-0.076398,1
2026,local.halton.beechwood-heath.2026-05-07,beechwood-and-heath-local-halton-beechwood-heath-2026-05-07,Beechwood and Heath,halton,Halton,,1,2689.0,0.446634,0.5,-0.053366,1
2026,local.halton.birchfield.2026-05-07,birchfield-local-halton-birchfield-2026-05-07,Birchfield,halton,Halton,,1,2351.0,0.356019,0.5,-0.143981,1
2026,local.halton.bridgewater.2026-05-07,bridgewater-local-halton-bridgewater-2026-05-07,Bridgewater,halton,Halton,,1,1939.0,0.451779,0.5,-0.048221,1
2026,local.halton.central-west-bank.2026-05-07,central-and-west-bank-local-halton-central-west-bank-2026-05-07,Central and West Bank,halton,Halton,,1,1284.0,0.515576,0.5,0.015576,0
2026,local.halton.daresbury-moore-sandymoor.2026-05-07,daresbury-moore-and-sandymoor-local-halton-daresbury-moore-sandymoor-2026-05-07,"Daresbury, Moore and Sandymoor",halton,Halton,,2,1981.5,0.365884,0.333333,0.032551,0
2026,local.halton.ditton-hale-village-halebank.2026-05-07,ditton-hale-village-and-halebank-local-halton-ditton-hale-village-halebank-2026-05-07,"Ditton, Hale Village and Halebank",halton,Halton,,1,1742.0,0.529851,0.5,0.029851,0
2026,local.halton.farnworth.2026-05-07,farnworth-local-halton-farnworth-2026-05-07,Farnworth,halton,Halton,,1,2296.0,0.364547,0.5,-0.135453,1
2026,local.halton.grange.2026-05-07,grange-local-halton-grange-2026-05-07,Grange,halton,Halton,,1,1717.0,0.404776,0.5,-0.095224,1
2026,local.halton.halton-castle.2026-05-07,halton-castle-local-halton-halton-castle-2026-05-07,Halton Castle,halton,Halton,,1,1490.0,0.398658,0.5,-0.101342,1
2026,local.halton.halton-lea.2026-05-07,halton-lea-local-halton-halton-lea-2026-05-07,Halton Lea,halton,Halton,,1,1532.0,0.453655,0.5,-0.046345,1
2026,local.halton.halton-view.2026-05-07,halton-view-local-halton-halton-view-2026-05-07,Halton View,halton,Halton,,1,1878.0,0.478168,0.5,-0.021832,1
2026,local.halton.highfield.2026-05-07,highfield-local-halton-highfield-2026-05-07,Highfield,halton,Halton,,1,1963.0,0.41569,0.5,-0.08431,1
2026,local.halton.hough-green.2026-05-07,hough-green-local-halton-hough-green-2026-05-07,Hough Green,halton,Halton,,1,1768.0,0.429864,0.5,-0.070136,1
2026,local.halton.mersey-weston.2026-05-07,mersey-and-weston-local-halton-mersey-weston-2026-05-07,Mersey and Weston,halton,Halton,,1,2085.0,0.376019,0.5,-0.123981,1
2026,local.halton.norton-north.2026-05-07,norton-north-local-halton-norton-north-2026-05-07,Norton North,halton,Halton,,1,2120.0,0.399057,0.5,-0.100943,1
2026,local.halton.norton-south-preston-brook.2026-05-07,norton-south-and-preston-brook-local-halton-norton-south-preston-brook-2026-05-07,Norton South and Preston Brook,halton,Halton,,1,1486.0,0.415882,0.5,-0.084118,1
2026,local.hammersmith-and-fulham.addison.2026-05-07,addison-local-hammersmith-and-fulham-addison-2026-05-07,Addison,hammersmith-and-fulham,Hammersmith and Fulham,,2,1735.0,0.465706,0.333333,0.132373,0
2026,local.hammersmith-and-fulham.avonmore.2026-05-07,avonmore-local-hammersmith-and-fulham-avonmore-2026-05-07,Avonmore,hammersmith-and-fulham,Hammersmith and Fulham,,2,1930.5,0.411292,0.333333,0.077959,0
2026,local.hammersmith-and-fulham.brook-green.2026-05-07,brook-green-local-hammersmith-and-fulham-brook-green-2026-05-07,Brook Green,hammersmith-and-fulham,Hammersmith and Fulham,,2,2386.5,0.42489,0.333333,0.091557,0
2026,local.hammersmith-and-fulham.college-park-old-oak.2026-05-07,college-park-and-old-oak-local-hammersmith-and-fulham-college-park-old-oak-2026-05-07,College Park and Old Oak,hammersmith-and-fulham,Hammersmith and Fulham,,3,2014.6666666666667,0.513236,0.25,0.263236,0
2026,local.hammersmith-and-fulham.coningham.2026-05-07,coningham-local-hammersmith-and-fulham-coningham-2026-05-07,Coningham,hammersmith-and-fulham,Hammersmith and Fulham,,3,2850.6666666666665,0.431127,0.25,0.181127,0
2026,local.hammersmith-and-fulham.fulham-reach.2026-05-07,fulham-reach-local-hammersmith-and-fulham-fulham-reach-2026-05-07,Fulham Reach,hammersmith-and-fulham,Hammersmith and Fulham,,3,3120.6666666666665,0.446379,0.25,0.196379,0
2026,local.hammersmith-and-fulham.fulham-town.2026-05-07,fulham-town-local-hammersmith-and-fulham-fulham-town-2026-05-07,Fulham Town,hammersmith-and-fulham,Hammersmith and Fulham,,2,2008.5,0.451083,0.333333,0.11775,0
2026,local.hammersmith-and-fulham.grove.2026-05-07,grove-local-hammersmith-and-fulham-grove-2026-05-07,Grove,hammersmith-and-fulham,Hammersmith and Fulham,,2,2164.0,0.535582,0.333333,0.202249,0
2026,local.hammersmith-and-fulham.hammersmith-broadway.2026-05-07,hammersmith-broadway-local-hammersmith-and-fulham-hammersmith-broadway-2026-05-07,Hammersmith Broadway,hammersmith-and-fulham,Hammersmith and Fulham,,2,1974.0,0.41844,0.333333,0.085106,0
2026,local.hammersmith-and-fulham.lillie.2026-05-07,lillie-local-hammersmith-and-fulham-lillie-2026-05-07,Lillie,hammersmith-and-fulham,Hammersmith and Fulham,,2,1657.5,0.401207,0.333333,0.067873,0
2026,local.hammersmith-and-fulham.munster.2026-05-07,munster-local-hammersmith-and-fulham-munster-2026-05-07,Munster,hammersmith-and-fulham,Hammersmith and Fulham,,3,3033.333333333333,0.409121,0.25,0.159121,0
2026,local.hammersmith-and-fulham.palace-hurlingham.2026-05-07,palace-and-hurlingham-local-hammersmith-and-fulham-palace-hurlingham-2026-05-07,Palace and Hurlingham,hammersmith-and-fulham,Hammersmith and Fulham,,3,3524.6666666666665,0.553811,0.25,0.303811,0
2026,local.hammersmith-and-fulham.parsons-green-sandford.2026-05-07,parsons-green-and-sandford-local-hammersmith-and-fulham-parsons-green-sandford-2026-05-07,Parsons Green and Sandford,hammersmith-and-fulham,Hammersmith and Fulham,,2,2203.5,0.478784,0.333333,0.14545,0
2026,local.hammersmith-and-fulham.ravenscourt.2026-05-07,ravenscourt-local-hammersmith-and-fulham-ravenscourt-2026-05-07,Ravenscourt,hammersmith-and-fulham,Hammersmith and Fulham,,2,2182.5,0.508133,0.333333,0.1748,0
2026,local.hammersmith-and-fulham.sands-end.2026-05-07,sands-end-local-hammersmith-and-fulham-sands-end-2026-05-07,Sands End,hammersmith-and-fulham,Hammersmith and Fulham,,3,2582.0,0.364446,0.25,0.114446,0
2026,local.hammersmith-and-fulham.shepherds-bush-green.2026-05-07,shepherd-s-bush-green-local-hammersmith-and-fulham-shepherds-bush-green-2026-05-07,Shepherd's Bush Green,hammersmith-and-fulham,Hammersmith and Fulham,,2,1396.0,0.418338,0.333333,0.085005,0
2026,local.hammersmith-and-fulham.walham-green.2026-05-07,walham-green-local-hammersmith-and-fulham-walham-green-2026-05-07,Walham Green,hammersmith-and-fulham,Hammersmith and Fulham,,2,1887.0,0.386857,0.333333,0.053524,0
2026,local.hammersmith-and-fulham.wendell-park.2026-05-07,wendell-park-local-hammersmith-and-fulham-wendell-park-2026-05-07,Wendell Park,hammersmith-and-fulham,Hammersmith and Fulham,,2,2315.5,0.475923,0.333333,0.14259,0
2026,local.hammersmith-and-fulham.west-kensington.2026-05-07,west-kensington-local-hammersmith-and-fulham-west-kensington-2026-05-07,West Kensington,hammersmith-and-fulham,Hammersmith and Fulham,,3,2054.0,0.430867,0.25,0.180867,0
2026,local.hammersmith-and-fulham.white-city.2026-05-07,white-city-local-hammersmith-and-fulham-white-city-2026-05-07,White City,hammersmith-and-fulham,Hammersmith and Fulham,,3,2535.0,0.502959,0.25,0.252959,0
2026,local.hammersmith-and-fulham.wormholt.2026-05-07,wormholt-local-hammersmith-and-fulham-wormholt-2026-05-07,Wormholt,hammersmith-and-fulham,Hammersmith and Fulham,,2,1803.0,0.511925,0.333333,0.178591,0
2026,local.hampshire.aldershot-north.2026-05-07,aldershot-north-local-hampshire-aldershot-north-2026-05-07,Aldershot North,hampshire,Hampshire,,1,4978.0,0.317999,0.5,-0.182001,1
2026,local.hampshire.aldershot-south.2026-05-07,aldershot-south-local-hampshire-aldershot-south-2026-05-07,Aldershot South,hampshire,Hampshire,,1,5272.0,0.301593,0.5,-0.198407,1
2026,local.hampshire.alton-rural.2026-05-07,alton-rural-local-hampshire-alton-rural-2026-05-07,Alton Rural,hampshire,Hampshire,,1,7260.0,0.372039,0.5,-0.127961,1
2026,local.hampshire.alton-town.2026-05-07,alton-town-local-hampshire-alton-town-2026-05-07,Alton Town,hampshire,Hampshire,,1,7339.0,0.467775,0.5,-0.032225,1
2026,local.hampshire.andover-north.2026-05-07,andover-north-local-hampshire-andover-north-2026-05-07,Andover North,hampshire,Hampshire,,1,5139.0,0.355711,0.5,-0.144289,1
2026,local.hampshire.andover-south.2026-05-07,andover-south-local-hampshire-andover-south-2026-05-07,Andover South,hampshire,Hampshire,,1,5938.0,0.3129,0.5,-0.1871,1
2026,local.hampshire.andover-west.2026-05-07,andover-west-local-hampshire-andover-west-2026-05-07,Andover West,hampshire,Hampshire,,1,5965.0,0.372171,0.5,-0.127829,1
2026,local.hampshire.baddesley.2026-05-07,baddesley-local-hampshire-baddesley-2026-05-07,Baddesley,hampshire,Hampshire,,1,6394.0,0.489052,0.5,-0.010948,1
2026,local.hampshire.basingstoke-central.2026-05-07,basingstoke-central-local-hampshire-basingstoke-central-2026-05-07,Basingstoke Central,hampshire,Hampshire,,1,5565.0,0.275831,0.5,-0.224169,1
2026,local.hampshire.basingstoke-north.2026-05-07,basingstoke-north-local-hampshire-basingstoke-north-2026-05-07,Basingstoke North,hampshire,Hampshire,,1,4417.0,0.342993,0.5,-0.157007,1
2026,local.hampshire.basingstoke-north-west.2026-05-07,basingstoke-north-west-local-hampshire-basingstoke-north-west-2026-05-07,Basingstoke North West,hampshire,Hampshire,,1,5045.0,0.308226,0.5,-0.191774,1
2026,local.hampshire.basingstoke-south-east.2026-05-07,basingstoke-south-east-local-hampshire-basingstoke-south-east-2026-05-07,Basingstoke South East,hampshire,Hampshire,,1,6387.0,0.352435,0.5,-0.147565,1
2026,local.hampshire.basingstoke-south-west.2026-05-07,basingstoke-south-west-local-hampshire-basingstoke-south-west-2026-05-07,Basingstoke South West,hampshire,Hampshire,,1,6910.0,0.286541,0.5,-0.213459,1
2026,local.hampshire.bishopstoke-fair-oak.2026-05-07,bishopstoke-and-fair-oak-local-hampshire-bishopstoke-fair-oak-2026-05-07,Bishopstoke and Fair Oak,hampshire,Hampshire,,1,6029.0,0.316139,0.5,-0.183861,1
2026,local.hampshire.bishops-waltham.2026-05-07,bishops-waltham-local-hampshire-bishops-waltham-2026-05-07,Bishops Waltham,hampshire,Hampshire,,1,7491.0,0.37525,0.5,-0.12475,1
2026,local.hampshire.botley-hedge-end-north.2026-05-07,botley-and-hedge-end-north-local-hampshire-botley-hedge-end-north-2026-05-07,Botley and Hedge End North,hampshire,Hampshire,,1,5875.0,0.420766,0.5,-0.079234,1
2026,local.hampshire.bridgemary.2026-05-07,bridgemary-local-hampshire-bridgemary-2026-05-07,Bridgemary,hampshire,Hampshire,,1,5441.0,0.449366,0.5,-0.050634,1
2026,local.hampshire.brockenhurst.2026-05-07,brockenhurst-local-hampshire-brockenhurst-2026-05-07,Brockenhurst,hampshire,Hampshire,,1,7058.0,0.371918,0.5,-0.128082,1
2026,local.hampshire.calleva.2026-05-07,calleva-local-hampshire-calleva-2026-05-07,Calleva,hampshire,Hampshire,,1,5535.0,0.360253,0.5,-0.139747,1
2026,local.hampshire.candovers-oakley-overton.2026-05-07,candovers-oakley-and-overton-local-hampshire-candovers-oakley-overton-2026-05-07,"Candovers, Oakley and Overton",hampshire,Hampshire,,1,6993.0,0.363792,0.5,-0.136208,1
2026,local.hampshire.catherington.2026-05-07,catherington-local-hampshire-catherington-2026-05-07,Catherington,hampshire,Hampshire,,1,6306.0,0.34269,0.5,-0.15731,1
2026,local.hampshire.chandlers-ford.2026-05-07,chandler-s-ford-local-hampshire-chandlers-ford-2026-05-07,Chandler's Ford,hampshire,Hampshire,,1,5861.0,0.475346,0.5,-0.024654,1
2026,local.hampshire.church-crookham-ewshot.2026-05-07,church-crookham-and-ewshot-local-hampshire-church-crookham-ewshot-2026-05-07,Church Crookham and Ewshot,hampshire,Hampshire,,1,6882.0,0.376925,0.5,-0.123075,1
2026,local.hampshire.cowplain-hart-plain.2026-05-07,cowplain-and-hart-plain-local-hampshire-cowplain-hart-plain-2026-05-07,Cowplain and Hart Plain,hampshire,Hampshire,,1,5261.0,0.486029,0.5,-0.013971,1
2026,local.hampshire.dibden-hythe.2026-05-07,dibden-and-hythe-local-hampshire-dibden-hythe-2026-05-07,Dibden and Hythe,hampshire,Hampshire,,1,6715.0,0.507669,0.5,0.007669,0
2026,local.hampshire.eastleigh-north.2026-05-07,eastleigh-north-local-hampshire-eastleigh-north-2026-05-07,Eastleigh North,hampshire,Hampshire,,1,4621.0,0.403592,0.5,-0.096408,1
2026,local.hampshire.eastleigh-south.2026-05-07,eastleigh-south-local-hampshire-eastleigh-south-2026-05-07,Eastleigh South,hampshire,Hampshire,,1,5900.0,0.411695,0.5,-0.088305,1
2026,local.hampshire.emsworth-st-faiths.2026-05-07,emsworth-and-st-faiths-local-hampshire-emsworth-st-faiths-2026-05-07,Emsworth and St Faiths,hampshire,Hampshire,,1,7273.0,0.336587,0.5,-0.163413,1
2026,local.hampshire.fareham-crofton.2026-05-07,fareham-crofton-local-hampshire-fareham-crofton-2026-05-07,Fareham Crofton,hampshire,Hampshire,,1,6861.0,0.492494,0.5,-0.007506,1
2026,local.hampshire.fareham-portchester.2026-05-07,fareham-portchester-local-hampshire-fareham-portchester-2026-05-07,Fareham Portchester,hampshire,Hampshire,,1,7174.0,0.357681,0.5,-0.142319,1
2026,local.hampshire.fareham-sarisbury.2026-05-07,fareham-sarisbury-local-hampshire-fareham-sarisbury-2026-05-07,Fareham Sarisbury,hampshire,Hampshire,,1,6184.0,0.497251,0.5,-0.002749,1
2026,local.hampshire.fareham-titchfield.2026-05-07,fareham-titchfield-local-hampshire-fareham-titchfield-2026-05-07,Fareham Titchfield,hampshire,Hampshire,,1,6083.0,0.380898,0.5,-0.119102,1
2026,local.hampshire.fareham-town.2026-05-07,fareham-town-local-hampshire-fareham-town-2026-05-07,Fareham Town,hampshire,Hampshire,,2,9687.5,0.2816,0.333333,-0.051733,1
2026,local.hampshire.fareham-warsash.2026-05-07,fareham-warsash-local-hampshire-fareham-warsash-2026-05-07,Fareham Warsash,hampshire,Hampshire,,1,6939.0,0.505404,0.5,0.005404,0
2026,local.hampshire.farnborough-north.2026-05-07,farnborough-north-local-hampshire-farnborough-north-2026-05-07,Farnborough North,hampshire,Hampshire,,1,5130.0,0.322807,0.5,-0.177193,1
2026,local.hampshire.farnborough-south.2026-05-07,farnborough-south-local-hampshire-farnborough-south-2026-05-07,Farnborough South,hampshire,Hampshire,,1,6785.0,0.271039,0.5,-0.228961,1
2026,local.hampshire.farnborough-west.2026-05-07,farnborough-west-local-hampshire-farnborough-west-2026-05-07,Farnborough West,hampshire,Hampshire,,1,5959.0,0.312972,0.5,-0.187028,1
2026,local.hampshire.fleet-town.2026-05-07,fleet-town-local-hampshire-fleet-town-2026-05-07,Fleet Town,hampshire,Hampshire,,1,7419.0,0.406119,0.5,-0.093881,1
2026,local.hampshire.hamble.2026-05-07,hamble-local-hampshire-hamble-2026-05-07,Hamble,hampshire,Hampshire,,1,6329.0,0.422658,0.5,-0.077342,1
2026,local.hampshire.hardway.2026-05-07,hardway-local-hampshire-hardway-2026-05-07,Hardway,hampshire,Hampshire,,1,5035.0,0.387488,0.5,-0.112512,1
2026,local.hampshire.hartley-wintney-yateley-west.2026-05-07,hartley-wintney-and-yateley-west-local-hampshire-hartley-wintney-yateley-west-2026-05-07,Hartley Wintney and Yateley West,hampshire,Hampshire,,1,6950.0,0.348489,0.5,-0.151511,1
2026,local.hampshire.hayling-island.2026-05-07,hayling-island-local-hampshire-hayling-island-2026-05-07,Hayling Island,hampshire,Hampshire,,1,6945.0,0.404176,0.5,-0.095824,1
2026,local.hampshire.hedge-end-west-end-south.2026-05-07,hedge-end-and-west-end-south-local-hampshire-hedge-end-west-end-south-2026-05-07,Hedge End and West End South,hampshire,Hampshire,,1,5311.0,0.388063,0.5,-0.111937,1
2026,local.hampshire.itchen-valley.2026-05-07,itchen-valley-local-hampshire-itchen-valley-2026-05-07,Itchen Valley,hampshire,Hampshire,,1,6835.0,0.583029,0.5,0.083029,0
2026,local.hampshire.lee.2026-05-07,lee-local-hampshire-lee-2026-05-07,Lee,hampshire,Hampshire,,1,5859.0,0.449565,0.5,-0.050435,1
2026,local.hampshire.leesland-town.2026-05-07,leesland-and-town-local-hampshire-leesland-town-2026-05-07,Leesland and Town,hampshire,Hampshire,,2,10002.5,0.353312,0.333333,0.019978,0
2026,local.hampshire.liphook-headley-grayshott.2026-05-07,liphook-headley-and-grayshott-local-hampshire-liphook-headley-grayshott-2026-05-07,"Liphook, Headley and Grayshott",hampshire,Hampshire,,1,6727.0,0.374461,0.5,-0.125539,1
2026,local.hampshire.loddon.2026-05-07,loddon-local-hampshire-loddon-2026-05-07,Loddon,hampshire,Hampshire,,1,6820.0,0.285191,0.5,-0.214809,1
2026,local.hampshire.lymington-boldre.2026-05-07,lymington-and-boldre-local-hampshire-lymington-boldre-2026-05-07,Lymington and Boldre,hampshire,Hampshire,,1,6651.0,0.452413,0.5,-0.047587,1
2026,local.hampshire.lyndhurst-fordingbridge.2026-05-07,lyndhurst-and-fordingbridge-local-hampshire-lyndhurst-fordingbridge-2026-05-07,Lyndhurst and Fordingbridge,hampshire,Hampshire,,1,7325.0,0.347304,0.5,-0.152696,1
2026,local.hampshire.meon-valley.2026-05-07,meon-valley-local-hampshire-meon-valley-2026-05-07,Meon Valley,hampshire,Hampshire,,1,7578.0,0.295856,0.5,-0.204144,1
2026,local.hampshire.new-milton.2026-05-07,new-milton-local-hampshire-new-milton-2026-05-07,New Milton,hampshire,Hampshire,,1,6085.0,0.345933,0.5,-0.154067,1
2026,local.hampshire.new-milton-north-milford-hordle.2026-05-07,new-milton-north-milford-and-hordle-local-hampshire-new-milton-north-milford-hordle-2026-05-07,"New Milton North, Milford and Hordle",hampshire,Hampshire,,1,7212.0,0.395313,0.5,-0.104687,1
2026,local.hampshire.north-east-havant.2026-05-07,north-east-havant-local-hampshire-north-east-havant-2026-05-07,North East Havant,hampshire,Hampshire,,1,4384.0,0.486998,0.5,-0.013002,1
2026,local.hampshire.north-west-havant.2026-05-07,north-west-havant-local-hampshire-north-west-havant-2026-05-07,North West Havant,hampshire,Hampshire,,1,4611.0,0.423336,0.5,-0.076664,1
2026,local.hampshire.odiham-hook.2026-05-07,odiham-and-hook-local-hampshire-odiham-hook-2026-05-07,Odiham and Hook,hampshire,Hampshire,,1,6582.0,0.388028,0.5,-0.111972,1
2026,local.hampshire.petersfield-butser.2026-05-07,petersfield-butser-local-hampshire-petersfield-butser-2026-05-07,Petersfield Butser,hampshire,Hampshire,,1,6843.0,0.39924,0.5,-0.10076,1
2026,local.hampshire.petersfield-hangers.2026-05-07,petersfield-hangers-local-hampshire-petersfield-hangers-2026-05-07,Petersfield Hangers,hampshire,Hampshire,,1,7305.0,0.378234,0.5,-0.121766,1
2026,local.hampshire.purbrook-stakes-south.2026-05-07,purbrook-and-stakes-south-local-hampshire-purbrook-stakes-south-2026-05-07,Purbrook and Stakes South,hampshire,Hampshire,,1,5152.0,0.422554,0.5,-0.077446,1
2026,local.hampshire.ringwood.2026-05-07,ringwood-local-hampshire-ringwood-2026-05-07,Ringwood,hampshire,Hampshire,,1,5311.0,0.304839,0.5,-0.195161,1
2026,local.hampshire.romsey-rural.2026-05-07,romsey-rural-local-hampshire-romsey-rural-2026-05-07,Romsey Rural,hampshire,Hampshire,,1,8064.0,0.495908,0.5,-0.004092,1
2026,local.hampshire.romsey-town.2026-05-07,romsey-town-local-hampshire-romsey-town-2026-05-07,Romsey Town,hampshire,Hampshire,,1,6887.0,0.470597,0.5,-0.029403,1
2026,local.hampshire.south-waterside.2026-05-07,south-waterside-local-hampshire-south-waterside-2026-05-07,South Waterside,hampshire,Hampshire,,1,5080.0,0.361614,0.5,-0.138386,1
2026,local.hampshire.tadley-baughurst.2026-05-07,tadley-and-baughurst-local-hampshire-tadley-baughurst-2026-05-07,Tadley and Baughurst,hampshire,Hampshire,,1,5466.0,0.334431,0.5,-0.165569,1
2026,local.hampshire.test-valley-central.2026-05-07,test-valley-central-local-hampshire-test-valley-central-2026-05-07,Test Valley Central,hampshire,Hampshire,,1,6771.0,0.46389,0.5,-0.03611,1
2026,local.hampshire.totton-north-netley-marsh.2026-05-07,totton-north-and-netley-marsh-local-hampshire-totton-north-netley-marsh-2026-05-07,Totton North and Netley Marsh,hampshire,Hampshire,,1,5727.0,0.351144,0.5,-0.148856,1
2026,local.hampshire.totton-south-marchwood.2026-05-07,totton-south-and-marchwood-local-hampshire-totton-south-marchwood-2026-05-07,Totton South and Marchwood,hampshire,Hampshire,,1,5628.0,0.464641,0.5,-0.035359,1
2026,local.hampshire.waterloo-stakes-north.2026-05-07,waterloo-and-stakes-north-local-hampshire-waterloo-stakes-north-2026-05-07,Waterloo and Stakes North,hampshire,Hampshire,,1,5543.0,0.432798,0.5,-0.067202,1
2026,local.hampshire.west-end-horton-heath.2026-05-07,west-end-and-horton-heath-local-hampshire-west-end-horton-heath-2026-05-07,West End and Horton Heath,hampshire,Hampshire,,1,4918.0,0.317202,0.5,-0.182798,1
2026,local.hampshire.whitchurch-the-cleres.2026-05-07,whitchurch-and-the-cleres-local-hampshire-whitchurch-the-cleres-2026-05-07,Whitchurch and the Cleres,hampshire,Hampshire,,1,6520.0,0.37316,0.5,-0.12684,1
2026,local.hampshire.whitehill-bordon-lindford.2026-05-07,whitehill-bordon-and-lindford-local-hampshire-whitehill-bordon-lindford-2026-05-07,"Whitehill, Bordon and Lindford",hampshire,Hampshire,,1,5448.0,0.655103,0.5,0.155103,0
2026,local.hampshire.winchester-downlands.2026-05-07,winchester-downlands-local-hampshire-winchester-downlands-2026-05-07,Winchester Downlands,hampshire,Hampshire,,1,8106.0,0.416975,0.5,-0.083025,1
2026,local.hampshire.winchester-eastgate.2026-05-07,winchester-eastgate-local-hampshire-winchester-eastgate-2026-05-07,Winchester Eastgate,hampshire,Hampshire,,1,6168.0,0.462062,0.5,-0.037938,1
2026,local.hampshire.winchester-southern-parishes.2026-05-07,winchester-southern-parishes-local-hampshire-winchester-southern-parishes-2026-05-07,Winchester Southern Parishes,hampshire,Hampshire,,1,6671.0,0.336981,0.5,-0.163019,1
2026,local.hampshire.winchester-westgate.2026-05-07,winchester-westgate-local-hampshire-winchester-westgate-2026-05-07,Winchester Westgate,hampshire,Hampshire,,1,6378.0,0.512073,0.5,0.012073,0
2026,local.hampshire.yateley-east-blackwater.2026-05-07,yateley-east-and-blackwater-local-hampshire-yateley-east-blackwater-2026-05-07,Yateley East and Blackwater,hampshire,Hampshire,,1,6695.0,0.429425,0.5,-0.070575,1
2026,local.haringey.alexandra-park.2026-05-07,alexandra-park-local-haringey-alexandra-park-2026-05-07,Alexandra Park,haringey,Haringey,,2,3879.5,0.294883,0.333333,-0.03845,1
2026,local.haringey.bounds-green.2026-05-07,bounds-green-local-haringey-bounds-green-2026-05-07,Bounds Green,haringey,Haringey,,2,3075.5,0.323199,0.333333,-0.010134,1
2026,local.haringey.bruce-castle.2026-05-07,bruce-castle-local-haringey-bruce-castle-2026-05-07,Bruce Castle,haringey,Haringey,,3,2431.6666666666665,0.439205,0.25,0.189205,0
2026,local.haringey.crouch-end.2026-05-07,crouch-end-local-haringey-crouch-end-2026-05-07,Crouch End,haringey,Haringey,,3,5483.333333333333,0.336657,0.25,0.086657,0
2026,local.haringey.fortis-green.2026-05-07,fortis-green-local-haringey-fortis-green-2026-05-07,Fortis Green,haringey,Haringey,,3,4948.666666666667,0.334231,0.25,0.084231,0
2026,local.haringey.harringay.2026-05-07,harringay-local-haringey-harringay-2026-05-07,Harringay,haringey,Haringey,,3,4656.666666666667,0.517108,0.25,0.267108,0
2026,local.haringey.hermitage-gardens.2026-05-07,hermitage-and-gardens-local-haringey-hermitage-gardens-2026-05-07,Hermitage and Gardens,haringey,Haringey,,2,2826.5,0.592959,0.333333,0.259626,0
2026,local.haringey.highgate.2026-05-07,highgate-local-haringey-highgate-2026-05-07,Highgate,haringey,Haringey,,3,4816.666666666667,0.300623,0.25,0.050623,0
2026,local.haringey.hornsey.2026-05-07,hornsey-local-haringey-hornsey-2026-05-07,Hornsey,haringey,Haringey,,3,5439.333333333333,0.392327,0.25,0.142327,0
2026,local.haringey.muswell-hill.2026-05-07,muswell-hill-local-haringey-muswell-hill-2026-05-07,Muswell Hill,haringey,Haringey,,2,3617.0,0.351949,0.333333,0.018616,0
2026,local.haringey.noel-park.2026-05-07,noel-park-local-haringey-noel-park-2026-05-07,Noel Park,haringey,Haringey,,3,3464.6666666666665,0.436983,0.25,0.186983,0
2026,local.haringey.northumberland-park.2026-05-07,northumberland-park-local-haringey-northumberland-park-2026-05-07,Northumberland Park,haringey,Haringey,,3,2507.6666666666665,0.452612,0.25,0.202612,0
2026,local.haringey.seven-sisters.2026-05-07,seven-sisters-local-haringey-seven-sisters-2026-05-07,Seven Sisters,haringey,Haringey,,2,2316.5,0.464494,0.333333,0.131161,0
2026,local.haringey.south-tottenham.2026-05-07,south-tottenham-local-haringey-south-tottenham-2026-05-07,South Tottenham,haringey,Haringey,,3,3097.333333333333,0.46653,0.25,0.21653,0
2026,local.haringey.st-anns.2026-05-07,st-ann-s-local-haringey-st-anns-2026-05-07,St Ann's,haringey,Haringey,,2,2722.5,0.559045,0.333333,0.225712,0
2026,local.haringey.stroud-green.2026-05-07,stroud-green-local-haringey-stroud-green-2026-05-07,Stroud Green,haringey,Haringey,,3,4653.666666666667,0.385932,0.25,0.135932,0
2026,local.haringey.tottenham-central.2026-05-07,tottenham-central-local-haringey-tottenham-central-2026-05-07,Tottenham Central,haringey,Haringey,,3,3814.3333333333335,0.506248,0.25,0.256248,0
2026,local.haringey.tottenham-hale.2026-05-07,tottenham-hale-local-haringey-tottenham-hale-2026-05-07,Tottenham Hale,haringey,Haringey,,3,2995.333333333333,0.500445,0.25,0.250445,0
2026,local.haringey.west-green.2026-05-07,west-green-local-haringey-west-green-2026-05-07,West Green,haringey,Haringey,,3,3454.0,0.435437,0.25,0.185437,0
2026,local.haringey.white-hart-lane.2026-05-07,white-hart-lane-local-haringey-white-hart-lane-2026-05-07,White Hart Lane,haringey,Haringey,,3,3082.333333333333,0.380556,0.25,0.130556,0
2026,local.haringey.woodside.2026-05-07,woodside-local-haringey-woodside-2026-05-07,Woodside,haringey,Haringey,,3,3458.6666666666665,0.386565,0.25,0.136565,0
2026,local.harlow.bush-fair.2026-05-07,bush-fair-local-harlow-bush-fair-2026-05-07,Bush Fair,harlow,Harlow,,1,2541.0,0.522235,0.5,0.022235,0
2026,local.harlow.church-langley-north-newhall.2026-05-07,church-langley-north-and-newhall-local-harlow-church-langley-north-newhall-2026-05-07,Church Langley North and Newhall,harlow,Harlow,,1,2500.0,0.6544,0.5,0.1544,0
2026,local.harlow.church-langley-south-potter-street.2026-05-07,church-langley-south-and-potter-street-local-harlow-church-langley-south-potter-street-2026-05-07,Church Langley South and Potter Street,harlow,Harlow,,1,2863.0,0.587496,0.5,0.087496,0
2026,local.harlow.great-parndon.2026-05-07,great-parndon-local-harlow-great-parndon-2026-05-07,Great Parndon,harlow,Harlow,,1,2477.0,0.651595,0.5,0.151595,0
2026,local.harlow.latton-bush-stewards.2026-05-07,latton-bush-and-stewards-local-harlow-latton-bush-stewards-2026-05-07,Latton Bush and Stewards,harlow,Harlow,,1,2682.0,0.598061,0.5,0.098061,0
2026,local.harlow.little-parndon-town-centre.2026-05-07,little-parndon-and-town-centre-local-harlow-little-parndon-town-centre-2026-05-07,Little Parndon and Town Centre,harlow,Harlow,,1,1890.0,0.458201,0.5,-0.041799,1
2026,local.harlow.mark-hall.2026-05-07,mark-hall-local-harlow-mark-hall-2026-05-07,Mark Hall,harlow,Harlow,,1,2310.0,0.505195,0.5,0.005195,0
2026,local.harlow.netteswell.2026-05-07,netteswell-local-harlow-netteswell-2026-05-07,Netteswell,harlow,Harlow,,1,2079.0,0.494949,0.5,-0.005051,1
2026,local.harlow.old-harlow.2026-05-07,old-harlow-local-harlow-old-harlow-2026-05-07,Old Harlow,harlow,Harlow,,1,2866.0,0.612352,0.5,0.112352,0
2026,local.harlow.passmores.2026-05-07,passmores-local-harlow-passmores-2026-05-07,Passmores,harlow,Harlow,,1,2070.0,0.464734,0.5,-0.035266,1
2026,local.harlow.sumners-kingsmoor.2026-05-07,sumners-and-kingsmoor-local-harlow-sumners-kingsmoor-2026-05-07,Sumners and Kingsmoor,harlow,Harlow,,1,2532.0,0.620458,0.5,0.120458,0
2026,local.harrow.belmont.2026-05-07,belmont-local-harrow-belmont-2026-05-07,Belmont,harrow,Harrow,,2,2833.5,0.592553,0.333333,0.25922,0
2026,local.harrow.canons.2026-05-07,canons-local-harrow-canons-2026-05-07,Canons,harrow,Harrow,,2,2838.0,0.540874,0.333333,0.207541,0
2026,local.harrow.centenary.2026-05-07,centenary-local-harrow-centenary-2026-05-07,Centenary,harrow,Harrow,,3,3749.0,0.485196,0.25,0.235196,0
2026,local.harrow.edgware.2026-05-07,edgware-local-harrow-edgware-2026-05-07,Edgware,harrow,Harrow,,3,3986.6666666666665,0.475334,0.25,0.225334,0
2026,local.harrow.greenhill.2026-05-07,greenhill-local-harrow-greenhill-2026-05-07,Greenhill,harrow,Harrow,,3,2709.0,0.322259,0.25,0.072259,0
2026,local.harrow.harrow-on-the-hill.2026-05-07,harrow-on-the-hill-local-harrow-harrow-on-the-hill-2026-05-07,Harrow on the Hill,harrow,Harrow,,2,2693.0,0.356851,0.333333,0.023518,0
2026,local.harrow.harrow-weald.2026-05-07,harrow-weald-local-harrow-harrow-weald-2026-05-07,Harrow Weald,harrow,Harrow,,3,3780.0,0.510053,0.25,0.260053,0
2026,local.harrow.hatch-end.2026-05-07,hatch-end-local-harrow-hatch-end-2026-05-07,Hatch End,harrow,Harrow,,2,3095.0,0.606139,0.333333,0.272806,0
2026,local.harrow.headstone.2026-05-07,headstone-local-harrow-headstone-2026-05-07,Headstone,harrow,Harrow,,3,4642.0,0.32249,0.25,0.07249,0
2026,local.harrow.kenton-east.2026-05-07,kenton-east-local-harrow-kenton-east-2026-05-07,Kenton East,harrow,Harrow,,3,3925.6666666666665,0.556084,0.25,0.306084,0
2026,local.harrow.kenton-west.2026-05-07,kenton-west-local-harrow-kenton-west-2026-05-07,Kenton West,harrow,Harrow,,2,3012.5,0.634357,0.333333,0.301024,0
2026,local.harrow.marlborough.2026-05-07,marlborough-local-harrow-marlborough-2026-05-07,Marlborough,harrow,Harrow,,3,2944.6666666666665,0.287978,0.25,0.037978,0
2026,local.harrow.north-harrow.2026-05-07,north-harrow-local-harrow-north-harrow-2026-05-07,North Harrow,harrow,Harrow,,2,3008.5,0.408842,0.333333,0.075508,0
2026,local.harrow.pinner.2026-05-07,pinner-local-harrow-pinner-2026-05-07,Pinner,harrow,Harrow,,3,4364.333333333333,0.489422,0.25,0.239422,0
2026,local.harrow.pinner-south.2026-05-07,pinner-south-local-harrow-pinner-south-2026-05-07,Pinner South,harrow,Harrow,,3,5127.0,0.503998,0.25,0.253998,0
2026,local.harrow.roxbourne.2026-05-07,roxbourne-local-harrow-roxbourne-2026-05-07,Roxbourne,harrow,Harrow,,2,2503.0,0.378346,0.333333,0.045013,0
2026,local.harrow.roxeth.2026-05-07,roxeth-local-harrow-roxeth-2026-05-07,Roxeth,harrow,Harrow,,3,4083.6666666666665,0.348216,0.25,0.098216,0
2026,local.harrow.stanmore.2026-05-07,stanmore-local-harrow-stanmore-2026-05-07,Stanmore,harrow,Harrow,,3,3857.6666666666665,0.588439,0.25,0.338439,0
2026,local.harrow.wealdstone-north.2026-05-07,wealdstone-north-local-harrow-wealdstone-north-2026-05-07,Wealdstone North,harrow,Harrow,,2,2386.5,0.292898,0.333333,-0.040436,1
2026,local.harrow.wealdstone-south.2026-05-07,wealdstone-south-local-harrow-wealdstone-south-2026-05-07,Wealdstone South,harrow,Harrow,,2,1961.0,0.246303,0.333333,-0.08703,1
2026,local.harrow.west-harrow.2026-05-07,west-harrow-local-harrow-west-harrow-2026-05-07,West Harrow,harrow,Harrow,,2,2911.0,0.355204,0.333333,0.021871,0
2026,local.hart.blackwater-and-hawley.2026-05-07,blackwater-and-hawley-local-hart-blackwater-and-hawley-2026-05-07,Blackwater and Hawley,hart,Hart,,1,2557.0,0.430583,0.5,-0.069417,1
2026,local.hart.crookham-east.2026-05-07,crookham-east-local-hart-crookham-east-2026-05-07,Crookham East,hart,Hart,,1,2828.0,0.502122,0.5,0.002122,0
2026,local.hart.crookham-west-and-ewshot.2026-05-07,crookham-west-and-ewshot-local-hart-crookham-west-and-ewshot-2026-05-07,Crookham West and Ewshot,hart,Hart,,1,3534.0,0.370119,0.5,-0.129881,1
2026,local.hart.fleet-central.2026-05-07,fleet-central-local-hart-fleet-central-2026-05-07,Fleet Central,hart,Hart,,1,3111.0,0.405657,0.5,-0.094343,1
2026,local.hart.fleet-east.2026-05-07,fleet-east-local-hart-fleet-east-2026-05-07,Fleet East,hart,Hart,,1,3185.0,0.437049,0.5,-0.062951,1
2026,local.hart.fleet-west.2026-05-07,fleet-west-local-hart-fleet-west-2026-05-07,Fleet West,hart,Hart,,1,3295.0,0.290744,0.5,-0.209256,1
2026,local.hart.hartley-wintney.2026-05-07,hartley-wintney-local-hart-hartley-wintney-2026-05-07,Hartley Wintney,hart,Hart,,1,3419.0,0.44165,0.5,-0.05835,1
2026,local.hart.hook.2026-05-07,hook-local-hart-hook-2026-05-07,Hook,hart,Hart,,1,3565.0,0.358205,0.5,-0.141795,1
2026,local.hartlepool.burn-valley.2026-05-07,burn-valley-local-hartlepool-burn-valley-2026-05-07,Burn Valley,hartlepool,Hartlepool,,1,2061.0,0.410966,0.5,-0.089034,1
2026,local.hartlepool.de-bruce.2026-05-07,de-bruce-local-hartlepool-de-bruce-2026-05-07,De Bruce,hartlepool,Hartlepool,,1,1799.0,0.600334,0.5,0.100334,0
2026,local.hartlepool.fens-greatham.2026-05-07,fens-and-greatham-local-hartlepool-fens-greatham-2026-05-07,Fens and Greatham,hartlepool,Hartlepool,,1,2629.0,0.466337,0.5,-0.033663,1
2026,local.hartlepool.foggy-furze.2026-05-07,foggy-furze-local-hartlepool-foggy-furze-2026-05-07,Foggy Furze,hartlepool,Hartlepool,,1,2112.0,0.473958,0.5,-0.026042,1
2026,local.hartlepool.hart.2026-05-07,hart-local-hartlepool-hart-2026-05-07,Hart,hartlepool,Hartlepool,,1,2489.0,0.453194,0.5,-0.046806,1
2026,local.hartlepool.headland-harbour.2026-05-07,headland-and-harbour-local-hartlepool-headland-harbour-2026-05-07,Headland and Harbour,hartlepool,Hartlepool,,1,2170.0,0.529954,0.5,0.029954,0
2026,local.hartlepool.manor-house.2026-05-07,manor-house-local-hartlepool-manor-house-2026-05-07,Manor House,hartlepool,Hartlepool,,1,1569.0,0.66348,0.5,0.16348,0
2026,local.hartlepool.rossmere.2026-05-07,rossmere-local-hartlepool-rossmere-2026-05-07,Rossmere,hartlepool,Hartlepool,,1,1578.0,0.644487,0.5,0.144487,0
2026,local.hartlepool.rural-west.2026-05-07,rural-west-local-hartlepool-rural-west-2026-05-07,Rural West,hartlepool,Hartlepool,,1,3031.0,0.431871,0.5,-0.068129,1
2026,local.hartlepool.seaton.2026-05-07,seaton-local-hartlepool-seaton-2026-05-07,Seaton,hartlepool,Hartlepool,,1,2338.0,0.454234,0.5,-0.045766,1
2026,local.hartlepool.throston.2026-05-07,throston-local-hartlepool-throston-2026-05-07,Throston,hartlepool,Hartlepool,,1,1896.0,0.533755,0.5,0.033755,0
2026,local.hartlepool.victoria.2026-05-07,victoria-local-hartlepool-victoria-2026-05-07,Victoria,hartlepool,Hartlepool,,1,1761.0,0.43498,0.5,-0.06502,1
2026,local.hart.odiham.2026-05-07,odiham-local-hart-odiham-2026-05-07,Odiham,hart,Hart,,1,3142.0,0.486633,0.5,-0.013367,1
2026,local.hart.yateley-east.2026-05-07,yateley-east-local-hart-yateley-east-2026-05-07,Yateley East,hart,Hart,,1,2959.0,0.473471,0.5,-0.026529,1
2026,local.hart.yateley-west.2026-05-07,yateley-west-local-hart-yateley-west-2026-05-07,Yateley West,hart,Hart,,1,2943.0,0.509344,0.5,0.009344,0
2026,local.hastings.ashdown.2026-05-07,ashdown-local-hastings-ashdown-2026-05-07,Ashdown,hastings,Hastings,,1,1695.0,0.370501,0.5,-0.129499,1
2026,local.hastings.baird.2026-05-07,baird-local-hastings-baird-2026-05-07,Baird,hastings,Hastings,,1,1544.0,0.318653,0.5,-0.181347,1
2026,local.hastings.braybrooke.2026-05-07,braybrooke-local-hastings-braybrooke-2026-05-07,Braybrooke,hastings,Hastings,,1,2087.0,0.590321,0.5,0.090321,0
2026,local.hastings.castle.2026-05-07,castle-local-hastings-castle-2026-05-07,Castle,hastings,Hastings,,1,2198.0,0.638763,0.5,0.138763,0
2026,local.hastings.central-st-leonards.2026-05-07,central-st-leonards-local-hastings-central-st-leonards-2026-05-07,Central St Leonards,hastings,Hastings,,1,2132.0,0.611163,0.5,0.111163,0
2026,local.hastings.conquest.2026-05-07,conquest-local-hastings-conquest-2026-05-07,Conquest,hastings,Hastings,,1,1771.0,0.342744,0.5,-0.157256,1
2026,local.hastings.gensing.2026-05-07,gensing-local-hastings-gensing-2026-05-07,Gensing,hastings,Hastings,,1,2170.0,0.661751,0.5,0.161751,0
2026,local.hastings.hollington.2026-05-07,hollington-local-hastings-hollington-2026-05-07,Hollington,hastings,Hastings,,1,1273.0,0.380204,0.5,-0.119796,1
2026,local.hastings.maze-hill.2026-05-07,maze-hill-local-hastings-maze-hill-2026-05-07,Maze Hill,hastings,Hastings,,1,2003.0,0.483774,0.5,-0.016226,1
2026,local.hastings.old-hastings.2026-05-07,old-hastings-local-hastings-old-hastings-2026-05-07,Old Hastings,hastings,Hastings,,1,2215.0,0.480361,0.5,-0.019639,1
2026,local.hastings.ore.2026-05-07,ore-local-hastings-ore-2026-05-07,Ore,hastings,Hastings,,1,1695.0,0.515634,0.5,0.015634,0
2026,local.hastings.silverhill.2026-05-07,silverhill-local-hastings-silverhill-2026-05-07,Silverhill,hastings,Hastings,,1,1907.0,0.319874,0.5,-0.180126,1
2026,local.hastings.st-helens.2026-05-07,st-helens-local-hastings-st-helens-2026-05-07,St Helens,hastings,Hastings,,2,1900.5,0.28624,0.333333,-0.047093,1
2026,local.hastings.tressell.2026-05-07,tressell-local-hastings-tressell-2026-05-07,Tressell,hastings,Hastings,,1,1510.0,0.609934,0.5,0.109934,0
2026,local.hastings.west-st-leonards.2026-05-07,west-st-leonards-local-hastings-west-st-leonards-2026-05-07,West St Leonards,hastings,Hastings,,1,1492.0,0.339142,0.5,-0.160858,1
2026,local.hastings.wishing-tree.2026-05-07,wishing-tree-local-hastings-wishing-tree-2026-05-07,Wishing Tree,hastings,Hastings,,1,1452.0,0.355372,0.5,-0.144628,1
2026,local.havant.bedhampton.2026-05-07,bedhampton-local-havant-bedhampton-2026-05-07,Bedhampton,havant,Havant,,1,3561.0,0.418422,0.5,-0.081578,1
2026,local.havant.cowplain.2026-05-07,cowplain-local-havant-cowplain-2026-05-07,Cowplain,havant,Havant,,1,3443.0,0.455707,0.5,-0.044293,1
2026,local.havant.emsworth.2026-05-07,emsworth-local-havant-emsworth-2026-05-07,Emsworth,havant,Havant,,1,4438.0,0.492339,0.5,-0.007661,1
2026,local.havant.hart-plain.2026-05-07,hart-plain-local-havant-hart-plain-2026-05-07,Hart Plain,havant,Havant,,1,3110.0,0.523473,0.5,0.023473,0
2026,local.havant.havant-st-faiths.2026-05-07,havant-st-faith-s-local-havant-havant-st-faiths-2026-05-07,Havant St Faith's,havant,Havant,,1,4234.0,0.370808,0.5,-0.129192,1
2026,local.havant.hayling-east.2026-05-07,hayling-east-local-havant-hayling-east-2026-05-07,Hayling East,havant,Havant,,1,3467.0,0.428613,0.5,-0.071387,1
2026,local.havant.hayling-west.2026-05-07,hayling-west-local-havant-hayling-west-2026-05-07,Hayling West,havant,Havant,,1,3454.0,0.365953,0.5,-0.134047,1
2026,local.havant.leigh-park-central-west-leigh.2026-05-07,leigh-park-central-and-west-leigh-local-havant-leigh-park-central-west-leigh-2026-05-07,Leigh Park Central and West Leigh,havant,Havant,,1,2449.0,0.579012,0.5,0.079012,0
2026,local.havant.leigh-park-hermitage.2026-05-07,leigh-park-hermitage-local-havant-leigh-park-hermitage-2026-05-07,Leigh Park Hermitage,havant,Havant,,1,2219.0,0.578188,0.5,0.078188,0
2026,local.havant.purbrook.2026-05-07,purbrook-local-havant-purbrook-2026-05-07,Purbrook,havant,Havant,,1,3202.0,0.435041,0.5,-0.064959,1
2026,local.havant.stakes.2026-05-07,stakes-local-havant-stakes-2026-05-07,Stakes,havant,Havant,,1,2766.0,0.458062,0.5,-0.041938,1
2026,local.havant.waterloo.2026-05-07,waterloo-local-havant-waterloo-2026-05-07,Waterloo,havant,Havant,,1,3313.0,0.448536,0.5,-0.051464,1
2026,local.havering.beam-park.2026-05-07,beam-park-local-havering-beam-park-2026-05-07,Beam Park,havering,Havering,,2,1586.0,0.298235,0.333333,-0.035099,1
2026,local.havering.cranham.2026-05-07,cranham-local-havering-cranham-2026-05-07,Cranham,havering,Havering,,3,5241.666666666667,0.416661,0.25,0.166661,0
2026,local.havering.elm-park.2026-05-07,elm-park-local-havering-elm-park-2026-05-07,Elm Park,havering,Havering,,3,5600.0,0.371429,0.25,0.121429,0
2026,local.havering.emerson-park.2026-05-07,emerson-park-local-havering-emerson-park-2026-05-07,Emerson Park,havering,Havering,,2,3697.5,0.339419,0.333333,0.006085,0
2026,local.havering.gooshays.2026-05-07,gooshays-local-havering-gooshays-2026-05-07,Gooshays,havering,Havering,,3,3917.0,0.393669,0.25,0.143669,0
2026,local.havering.hacton.2026-05-07,hacton-local-havering-hacton-2026-05-07,Hacton,havering,Havering,,2,3734.5,0.410497,0.333333,0.077163,0
2026,local.havering.harold-wood.2026-05-07,harold-wood-local-havering-harold-wood-2026-05-07,Harold Wood,havering,Havering,,3,4839.666666666667,0.456436,0.25,0.206436,0
2026,local.havering.havering-atte-bower.2026-05-07,havering-atte-bower-local-havering-havering-atte-bower-2026-05-07,Havering-atte-Bower,havering,Havering,,3,4724.666666666667,0.486172,0.25,0.236172,0
2026,local.havering.heaton.2026-05-07,heaton-local-havering-heaton-2026-05-07,Heaton,havering,Havering,,3,3776.3333333333335,0.420514,0.25,0.170514,0
2026,local.havering.hylands-harrow-lodge.2026-05-07,hylands-and-harrow-lodge-local-havering-hylands-harrow-lodge-2026-05-07,Hylands and Harrow Lodge,havering,Havering,,3,5384.333333333333,0.403578,0.25,0.153578,0
2026,local.havering.marshalls-rise-park.2026-05-07,marshalls-and-rise-park-local-havering-marshalls-rise-park-2026-05-07,Marshalls and Rise Park,havering,Havering,,3,4981.333333333333,0.423782,0.25,0.173782,0
2026,local.havering.mawneys.2026-05-07,mawneys-local-havering-mawneys-2026-05-07,Mawneys,havering,Havering,,3,4520.666666666667,0.37959,0.25,0.12959,0
2026,local.havering.rainham-wennington.2026-05-07,rainham-and-wennington-local-havering-rainham-wennington-2026-05-07,Rainham and Wennington,havering,Havering,,3,4256.666666666667,0.3935,0.25,0.1435,0
2026,local.havering.rush-green-crowlands.2026-05-07,rush-green-and-crowlands-local-havering-rush-green-crowlands-2026-05-07,Rush Green and Crowlands,havering,Havering,,3,4085.3333333333335,0.312582,0.25,0.062582,0
2026,local.havering.south-hornchurch.2026-05-07,south-hornchurch-local-havering-south-hornchurch-2026-05-07,South Hornchurch,havering,Havering,,2,3067.5,0.375224,0.333333,0.041891,0
2026,local.havering.squirrels-heath.2026-05-07,squirrels-heath-local-havering-squirrels-heath-2026-05-07,Squirrels Heath,havering,Havering,,3,5672.0,0.380642,0.25,0.130642,0
2026,local.havering.st-albans.2026-05-07,st-alban-s-local-havering-st-albans-2026-05-07,St Alban's,havering,Havering,,2,2385.5,0.313561,0.333333,-0.019772,1
2026,local.havering.st-andrews.2026-05-07,st-andrew-s-local-havering-st-andrews-2026-05-07,St Andrew's,havering,Havering,,3,5475.666666666667,0.38315,0.25,0.13315,0
2026,local.havering.st-edwards.2026-05-07,st-edward-s-local-havering-st-edwards-2026-05-07,St Edward's,havering,Havering,,3,3086.333333333333,0.312669,0.25,0.062669,0
2026,local.havering.upminster.2026-05-07,upminster-local-havering-upminster-2026-05-07,Upminster,havering,Havering,,3,5766.333333333333,0.440661,0.25,0.190661,0
2026,local.hillingdon.belmore.2026-05-07,belmore-local-hillingdon-belmore-2026-05-07,Belmore,hillingdon,Hillingdon,,3,3548.333333333333,0.370878,0.25,0.120878,0
2026,local.hillingdon.charville.2026-05-07,charville-local-hillingdon-charville-2026-05-07,Charville,hillingdon,Hillingdon,,2,3209.0,0.373013,0.333333,0.03968,0
2026,local.hillingdon.colham-cowley.2026-05-07,colham-and-cowley-local-hillingdon-colham-cowley-2026-05-07,Colham and Cowley,hillingdon,Hillingdon,,3,4396.666666666667,0.359363,0.25,0.109363,0
2026,local.hillingdon.eastcote.2026-05-07,eastcote-local-hillingdon-eastcote-2026-05-07,Eastcote,hillingdon,Hillingdon,,3,6132.0,0.507502,0.25,0.257502,0
2026,local.hillingdon.harefield-village.2026-05-07,harefield-village-local-hillingdon-harefield-village-2026-05-07,Harefield Village,hillingdon,Hillingdon,,1,2161.0,0.453494,0.5,-0.046506,1
2026,local.hillingdon.hayes-town.2026-05-07,hayes-town-local-hillingdon-hayes-town-2026-05-07,Hayes Town,hillingdon,Hillingdon,,3,3036.6666666666665,0.277936,0.25,0.027936,0
2026,local.hillingdon.heathrow-villages.2026-05-07,heathrow-villages-local-hillingdon-heathrow-villages-2026-05-07,Heathrow Villages,hillingdon,Hillingdon,,2,2916.0,0.273663,0.333333,-0.059671,1
2026,local.hillingdon.hillingdon-east.2026-05-07,hillingdon-east-local-hillingdon-hillingdon-east-2026-05-07,Hillingdon East,hillingdon,Hillingdon,,3,4285.666666666667,0.433538,0.25,0.183538,0
2026,local.hillingdon.ickenham-south-harefield.2026-05-07,ickenham-and-south-harefield-local-hillingdon-ickenham-south-harefield-2026-05-07,Ickenham and South Harefield,hillingdon,Hillingdon,,3,5370.0,0.462197,0.25,0.212197,0
2026,local.hillingdon.northwood.2026-05-07,northwood-local-hillingdon-northwood-2026-05-07,Northwood,hillingdon,Hillingdon,,2,3427.5,0.594311,0.333333,0.260977,0
2026,local.hillingdon.northwood-hills.2026-05-07,northwood-hills-local-hillingdon-northwood-hills-2026-05-07,Northwood Hills,hillingdon,Hillingdon,,2,3818.0,0.498167,0.333333,0.164833,0
2026,local.hillingdon.pinkwell.2026-05-07,pinkwell-local-hillingdon-pinkwell-2026-05-07,Pinkwell,hillingdon,Hillingdon,,3,3470.0,0.388473,0.25,0.138473,0
2026,local.hillingdon.ruislip.2026-05-07,ruislip-local-hillingdon-ruislip-2026-05-07,Ruislip,hillingdon,Hillingdon,,3,5819.333333333333,0.577729,0.25,0.327729,0
2026,local.hillingdon.ruislip-manor.2026-05-07,ruislip-manor-local-hillingdon-ruislip-manor-2026-05-07,Ruislip Manor,hillingdon,Hillingdon,,2,4042.0,0.512618,0.333333,0.179284,0
2026,local.hillingdon.south-ruislip.2026-05-07,south-ruislip-local-hillingdon-south-ruislip-2026-05-07,South Ruislip,hillingdon,Hillingdon,,3,5037.666666666667,0.502614,0.25,0.252614,0
2026,local.hillingdon.uxbridge.2026-05-07,uxbridge-local-hillingdon-uxbridge-2026-05-07,Uxbridge,hillingdon,Hillingdon,,3,4479.333333333333,0.350275,0.25,0.100275,0
2026,local.hillingdon.west-drayton.2026-05-07,west-drayton-local-hillingdon-west-drayton-2026-05-07,West Drayton,hillingdon,Hillingdon,,3,4347.333333333333,0.26821,0.25,0.01821,0
2026,local.hillingdon.wood-end.2026-05-07,wood-end-local-hillingdon-wood-end-2026-05-07,Wood End,hillingdon,Hillingdon,,3,3874.6666666666665,0.310478,0.25,0.060478,0
2026,local.hillingdon.yeading.2026-05-07,yeading-local-hillingdon-yeading-2026-05-07,Yeading,hillingdon,Hillingdon,,2,2597.0,0.313439,0.333333,-0.019895,1
2026,local.hillingdon.yiewsley.2026-05-07,yiewsley-local-hillingdon-yiewsley-2026-05-07,Yiewsley,hillingdon,Hillingdon,,2,2537.5,0.284138,0.333333,-0.049195,1
2026,local.hounslow.bedfont.2026-05-07,bedfont-local-hounslow-bedfont-2026-05-07,Bedfont,hounslow,Hounslow,,3,3844.0,0.325963,0.25,0.075963,0
2026,local.hounslow.brentford-east.2026-05-07,brentford-east-local-hounslow-brentford-east-2026-05-07,Brentford East,hounslow,Hounslow,,2,1751.5,0.422495,0.333333,0.089162,0
2026,local.hounslow.brentford-west.2026-05-07,brentford-west-local-hounslow-brentford-west-2026-05-07,Brentford West,hounslow,Hounslow,,2,2608.0,0.320552,0.333333,-0.012781,1
2026,local.hounslow.chiswick-gunnersbury.2026-05-07,chiswick-gunnersbury-local-hounslow-chiswick-gunnersbury-2026-05-07,Chiswick Gunnersbury,hounslow,Hounslow,,3,3983.3333333333335,0.346946,0.25,0.096946,0
2026,local.hounslow.chiswick-homefields.2026-05-07,chiswick-homefields-local-hounslow-chiswick-homefields-2026-05-07,Chiswick Homefields,hounslow,Hounslow,,3,4835.666666666667,0.364583,0.25,0.114583,0
2026,local.hounslow.chiswick-riverside.2026-05-07,chiswick-riverside-local-hounslow-chiswick-riverside-2026-05-07,Chiswick Riverside,hounslow,Hounslow,,3,3605.0,0.328433,0.25,0.078433,0
2026,local.hounslow.cranford.2026-05-07,cranford-local-hounslow-cranford-2026-05-07,Cranford,hounslow,Hounslow,,3,3573.0,0.388189,0.25,0.138189,0
2026,local.hounslow.feltham-north.2026-05-07,feltham-north-local-hounslow-feltham-north-2026-05-07,Feltham North,hounslow,Hounslow,,3,3518.6666666666665,0.310913,0.25,0.060913,0
2026,local.hounslow.feltham-west.2026-05-07,feltham-west-local-hounslow-feltham-west-2026-05-07,Feltham West,hounslow,Hounslow,,3,4056.3333333333335,0.329115,0.25,0.079115,0
2026,local.hounslow.hanworth-park.2026-05-07,hanworth-park-local-hounslow-hanworth-park-2026-05-07,Hanworth Park,hounslow,Hounslow,,2,2919.5,0.331564,0.333333,-0.00177,1
2026,local.hounslow.hanworth-village.2026-05-07,hanworth-village-local-hounslow-hanworth-village-2026-05-07,Hanworth Village,hounslow,Hounslow,,3,3850.0,0.312727,0.25,0.062727,0
2026,local.hounslow.heston-central.2026-05-07,heston-central-local-hounslow-heston-central-2026-05-07,Heston Central,hounslow,Hounslow,,3,3274.333333333333,0.356408,0.25,0.106408,0
2026,local.hounslow.heston-east.2026-05-07,heston-east-local-hounslow-heston-east-2026-05-07,Heston East,hounslow,Hounslow,,3,2695.6666666666665,0.362434,0.25,0.112434,0
2026,local.hounslow.heston-west.2026-05-07,heston-west-local-hounslow-heston-west-2026-05-07,Heston West,hounslow,Hounslow,,3,3252.0,0.339791,0.25,0.089791,0
2026,local.hounslow.hounslow-central.2026-05-07,hounslow-central-local-hounslow-hounslow-central-2026-05-07,Hounslow Central,hounslow,Hounslow,,3,2811.6666666666665,0.388737,0.25,0.138737,0
2026,local.hounslow.hounslow-east.2026-05-07,hounslow-east-local-hounslow-hounslow-east-2026-05-07,Hounslow East,hounslow,Hounslow,,2,2404.0,0.306572,0.333333,-0.026761,1
2026,local.hounslow.hounslow-heath.2026-05-07,hounslow-heath-local-hounslow-hounslow-heath-2026-05-07,Hounslow Heath,hounslow,Hounslow,,3,3949.0,0.343885,0.25,0.093885,0
2026,local.hounslow.hounslow-south.2026-05-07,hounslow-south-local-hounslow-hounslow-south-2026-05-07,Hounslow South,hounslow,Hounslow,,3,4084.6666666666665,0.327811,0.25,0.077811,0
2026,local.hounslow.hounslow-west.2026-05-07,hounslow-west-local-hounslow-hounslow-west-2026-05-07,Hounslow West,hounslow,Hounslow,,3,4103.333333333333,0.38749,0.25,0.13749,0
2026,local.hounslow.isleworth.2026-05-07,isleworth-local-hounslow-isleworth-2026-05-07,Isleworth,hounslow,Hounslow,,3,4045.3333333333335,0.337179,0.25,0.087179,0
2026,local.hounslow.osterley-spring-grove.2026-05-07,osterley-and-spring-grove-local-hounslow-osterley-spring-grove-2026-05-07,Osterley and Spring Grove,hounslow,Hounslow,,3,3907.3333333333335,0.364699,0.25,0.114699,0
2026,local.hounslow.syon-brentford-lock.2026-05-07,syon-and-brentford-lock-local-hounslow-syon-brentford-lock-2026-05-07,Syon and Brentford Lock,hounslow,Hounslow,,3,3342.6666666666665,0.32848,0.25,0.07848,0
2026,local.huntingdonshire.alconbury.2026-05-07,alconbury-local-huntingdonshire-alconbury-2026-05-07,Alconbury,huntingdonshire,Huntingdonshire,,1,1390.0,0.461151,0.5,-0.038849,1
2026,local.huntingdonshire.brampton.2026-05-07,brampton-local-huntingdonshire-brampton-2026-05-07,Brampton,huntingdonshire,Huntingdonshire,,2,2537.5,0.389754,0.333333,0.05642,0
2026,local.huntingdonshire.buckden.2026-05-07,buckden-local-huntingdonshire-buckden-2026-05-07,Buckden,huntingdonshire,Huntingdonshire,,1,1327.0,0.38734,0.5,-0.11266,1
2026,local.huntingdonshire.fenstanton.2026-05-07,fenstanton-local-huntingdonshire-fenstanton-2026-05-07,Fenstanton,huntingdonshire,Huntingdonshire,,1,1418.0,0.382228,0.5,-0.117772,1
2026,local.huntingdonshire.godmanchester-hemingford-abbots.2026-05-07,godmanchester-and-hemingford-abbots-local-huntingdonshire-godmanchester-hemingford-abbots-2026-05-07,Godmanchester and Hemingford Abbots,huntingdonshire,Huntingdonshire,,3,3247.0,0.432707,0.25,0.182707,0
2026,local.huntingdonshire.great-paxton.2026-05-07,great-paxton-local-huntingdonshire-great-paxton-2026-05-07,Great Paxton,huntingdonshire,Huntingdonshire,,1,1363.0,0.482025,0.5,-0.017975,1
2026,local.huntingdonshire.great-staughton.2026-05-07,great-staughton-local-huntingdonshire-great-staughton-2026-05-07,Great Staughton,huntingdonshire,Huntingdonshire,,1,1313.0,0.431074,0.5,-0.068926,1
2026,local.huntingdonshire.hemingford-grey-houghton.2026-05-07,hemingford-grey-and-houghton-local-huntingdonshire-hemingford-grey-houghton-2026-05-07,Hemingford Grey and Houghton,huntingdonshire,Huntingdonshire,,2,2076.5,0.316879,0.333333,-0.016454,1
2026,local.huntingdonshire.holywell-cum-needingworth.2026-05-07,holywell-cum-needingworth-local-huntingdonshire-holywell-cum-needingworth-2026-05-07,Holywell-cum-Needingworth,huntingdonshire,Huntingdonshire,,2,2368.0,0.363598,0.333333,0.030265,0
2026,local.huntingdonshire.huntingdon-east.2026-05-07,huntingdon-east-local-huntingdonshire-huntingdon-east-2026-05-07,Huntingdon East,huntingdonshire,Huntingdonshire,,2,2040.0,0.397549,0.333333,0.064216,0
2026,local.huntingdonshire.huntingdon-north.2026-05-07,huntingdon-north-local-huntingdonshire-huntingdon-north-2026-05-07,Huntingdon North,huntingdonshire,Huntingdonshire,,3,2156.0,0.274583,0.25,0.024583,0
2026,local.huntingdonshire.kimbolton.2026-05-07,kimbolton-local-huntingdonshire-kimbolton-2026-05-07,Kimbolton,huntingdonshire,Huntingdonshire,,1,1487.0,0.613315,0.5,0.113315,0
2026,local.huntingdonshire.ramsey.2026-05-07,ramsey-local-huntingdonshire-ramsey-2026-05-07,Ramsey,huntingdonshire,Huntingdonshire,,3,3156.0,0.325412,0.25,0.075412,0
2026,local.huntingdonshire.sawtry.2026-05-07,sawtry-local-huntingdonshire-sawtry-2026-05-07,Sawtry,huntingdonshire,Huntingdonshire,,2,2056.0,0.529183,0.333333,0.19585,0
2026,local.huntingdonshire.somersham.2026-05-07,somersham-local-huntingdonshire-somersham-2026-05-07,Somersham,huntingdonshire,Huntingdonshire,,1,1211.0,0.336912,0.5,-0.163088,1
2026,local.huntingdonshire.stilton-folksworth-washingley.2026-05-07,stilton-folksworth-and-washingley-local-huntingdonshire-stilton-folksworth-washingley-2026-05-07,"Stilton, Folksworth and Washingley",huntingdonshire,Huntingdonshire,,2,2342.0,0.472246,0.333333,0.138913,0
2026,local.huntingdonshire.st-ives-east.2026-05-07,st-ives-east-local-huntingdonshire-st-ives-east-2026-05-07,St Ives East,huntingdonshire,Huntingdonshire,,2,1829.0,0.282121,0.333333,-0.051212,1
2026,local.huntingdonshire.st-ives-south.2026-05-07,st-ives-south-local-huntingdonshire-st-ives-south-2026-05-07,St Ives South,huntingdonshire,Huntingdonshire,,2,2478.0,0.258676,0.333333,-0.074657,1
2026,local.huntingdonshire.st-ives-west.2026-05-07,st-ives-west-local-huntingdonshire-st-ives-west-2026-05-07,St Ives West,huntingdonshire,Huntingdonshire,,1,1028.0,0.536965,0.5,0.036965,0
2026,local.huntingdonshire.st-neots-east.2026-05-07,st-neots-east-local-huntingdonshire-st-neots-east-2026-05-07,St Neots East,huntingdonshire,Huntingdonshire,,2,1463.0,0.570062,0.333333,0.236728,0
2026,local.huntingdonshire.st-neots-eatons.2026-05-07,st-neots-eatons-local-huntingdonshire-st-neots-eatons-2026-05-07,St Neots Eatons,huntingdonshire,Huntingdonshire,,3,3232.6666666666665,0.35265,0.25,0.10265,0
2026,local.huntingdonshire.st-neots-eynesbury.2026-05-07,st-neots-eynesbury-local-huntingdonshire-st-neots-eynesbury-2026-05-07,St Neots Eynesbury,huntingdonshire,Huntingdonshire,,3,2827.333333333333,0.331761,0.25,0.081761,0
2026,local.huntingdonshire.st-neots-priory-park-little-paxton.2026-05-07,st-neots-priory-park-and-little-paxton-local-huntingdonshire-st-neots-priory-park-little-paxton-2026-05-07,St Neots Priory Park and Little Paxton,huntingdonshire,Huntingdonshire,,3,3244.333333333333,0.321792,0.25,0.071792,0
2026,local.huntingdonshire.the-stukeleys.2026-05-07,the-stukeleys-local-huntingdonshire-the-stukeleys-2026-05-07,The Stukeleys,huntingdonshire,Huntingdonshire,,3,1915.3333333333333,0.337278,0.25,0.087278,0
2026,local.huntingdonshire.warboys.2026-05-07,warboys-local-huntingdonshire-warboys-2026-05-07,Warboys,huntingdonshire,Huntingdonshire,,2,2263.0,0.361467,0.333333,0.028134,0
2026,local.huntingdonshire.yaxley.2026-05-07,yaxley-local-huntingdonshire-yaxley-2026-05-07,Yaxley,huntingdonshire,Huntingdonshire,,3,2903.6666666666665,0.380553,0.25,0.130553,0
2026,local.hyndburn.clayton-le-moors.2026-05-07,clayton-le-moors-local-hyndburn-clayton-le-moors-2026-05-07,Clayton-le-Moors,hyndburn,Hyndburn,,1,1403.0,0.476123,0.5,-0.023877,1
2026,local.hyndburn.huncoat.2026-05-07,huncoat-local-hyndburn-huncoat-2026-05-07,Huncoat,hyndburn,Hyndburn,,1,1418.0,0.491537,0.5,-0.008463,1
2026,local.hyndburn.immanuel.2026-05-07,immanuel-local-hyndburn-immanuel-2026-05-07,Immanuel,hyndburn,Hyndburn,,1,1404.0,0.462963,0.5,-0.037037,1
2026,local.hyndburn.milnshaw.2026-05-07,milnshaw-local-hyndburn-milnshaw-2026-05-07,Milnshaw,hyndburn,Hyndburn,,1,1219.0,0.49959,0.5,-0.00041,1
2026,local.hyndburn.netherton.2026-05-07,netherton-local-hyndburn-netherton-2026-05-07,Netherton,hyndburn,Hyndburn,,1,1485.0,0.414815,0.5,-0.085185,1
2026,local.hyndburn.overton.2026-05-07,overton-local-hyndburn-overton-2026-05-07,Overton,hyndburn,Hyndburn,,1,1960.0,0.445918,0.5,-0.054082,1
2026,local.hyndburn.peel.2026-05-07,peel-local-hyndburn-peel-2026-05-07,Peel,hyndburn,Hyndburn,,1,898.0,0.419822,0.5,-0.080178,1
2026,local.hyndburn.rishton.2026-05-07,rishton-local-hyndburn-rishton-2026-05-07,Rishton,hyndburn,Hyndburn,,1,1812.0,0.498344,0.5,-0.001656,1
2026,local.hyndburn.spring-hill.2026-05-07,spring-hill-local-hyndburn-spring-hill-2026-05-07,Spring Hill,hyndburn,Hyndburn,,1,1463.0,0.29255,0.5,-0.20745,1
2026,local.hyndburn.st-andrews.2026-05-07,st-andrew-s-local-hyndburn-st-andrews-2026-05-07,St Andrew's,hyndburn,Hyndburn,,1,1228.0,0.400651,0.5,-0.099349,1
2026,local.hyndburn.st-oswalds.2026-05-07,st-oswald-s-local-hyndburn-st-oswalds-2026-05-07,St Oswald's,hyndburn,Hyndburn,,1,2139.0,0.444133,0.5,-0.055867,1
2026,local.ipswich.alexandra.2026-05-07,alexandra-local-ipswich-alexandra-2026-05-07,Alexandra,ipswich,Ipswich,,1,3042.0,0.344181,0.5,-0.155819,1
2026,local.ipswich.bixley.2026-05-07,bixley-local-ipswich-bixley-2026-05-07,Bixley,ipswich,Ipswich,,1,3004.0,0.310919,0.5,-0.189081,1
2026,local.ipswich.bridge.2026-05-07,bridge-local-ipswich-bridge-2026-05-07,Bridge,ipswich,Ipswich,,1,2327.0,0.335196,0.5,-0.164804,1
2026,local.ipswich.castle-hill.2026-05-07,castle-hill-local-ipswich-castle-hill-2026-05-07,Castle Hill,ipswich,Ipswich,,1,2659.0,0.356525,0.5,-0.143475,1
2026,local.ipswich.gainsborough.2026-05-07,gainsborough-local-ipswich-gainsborough-2026-05-07,Gainsborough,ipswich,Ipswich,,1,2257.0,0.421799,0.5,-0.078201,1
2026,local.ipswich.gipping.2026-05-07,gipping-local-ipswich-gipping-2026-05-07,Gipping,ipswich,Ipswich,,1,2228.0,0.338869,0.5,-0.161131,1
2026,local.ipswich.holywells.2026-05-07,holywells-local-ipswich-holywells-2026-05-07,Holywells,ipswich,Ipswich,,1,2683.0,0.36899,0.5,-0.13101,1
2026,local.ipswich.priory-heath.2026-05-07,priory-heath-local-ipswich-priory-heath-2026-05-07,Priory Heath,ipswich,Ipswich,,1,2542.0,0.344611,0.5,-0.155389,1
2026,local.ipswich.rushmere.2026-05-07,rushmere-local-ipswich-rushmere-2026-05-07,Rushmere,ipswich,Ipswich,,1,3038.0,0.339368,0.5,-0.160632,1
2026,local.ipswich.sprites.2026-05-07,sprites-local-ipswich-sprites-2026-05-07,Sprites,ipswich,Ipswich,,1,1964.0,0.455193,0.5,-0.044807,1
2026,local.ipswich.st-johns.2026-05-07,st-john-s-local-ipswich-st-johns-2026-05-07,St John's,ipswich,Ipswich,,1,3107.0,0.316382,0.5,-0.183618,1
2026,local.ipswich.st-margarets.2026-05-07,st-margaret-s-local-ipswich-st-margarets-2026-05-07,St Margaret's,ipswich,Ipswich,,1,3321.0,0.491719,0.5,-0.008281,1
2026,local.ipswich.stoke-park.2026-05-07,stoke-park-local-ipswich-stoke-park-2026-05-07,Stoke Park,ipswich,Ipswich,,1,2033.0,0.414166,0.5,-0.085834,1
2026,local.ipswich.westgate.2026-05-07,westgate-local-ipswich-westgate-2026-05-07,Westgate,ipswich,Ipswich,,1,2222.0,0.362286,0.5,-0.137714,1
2026,local.ipswich.whitehouse.2026-05-07,whitehouse-local-ipswich-whitehouse-2026-05-07,Whitehouse,ipswich,Ipswich,,1,2219.0,0.396575,0.5,-0.103425,1
2026,local.ipswich.whitton.2026-05-07,whitton-local-ipswich-whitton-2026-05-07,Whitton,ipswich,Ipswich,,1,2231.0,0.498879,0.5,-0.001121,1
2026,local.isle-of-wight.bembridge.2026-05-07,bembridge-local-isle-of-wight-bembridge-2026-05-07,Bembridge,isle-of-wight,Isle of Wight,,1,1695.0,0.379351,0.5,-0.120649,1
2026,local.isle-of-wight.binstead-fishbourne.2026-05-07,binstead-and-fishbourne-local-isle-of-wight-binstead-fishbourne-2026-05-07,Binstead and Fishbourne,isle-of-wight,Isle of Wight,,1,1543.0,0.579391,0.5,0.079391,0
2026,local.isle-of-wight.brading-st-helens.2026-05-07,brading-and-st-helens-local-isle-of-wight-brading-st-helens-2026-05-07,Brading and St Helens,isle-of-wight,Isle of Wight,,1,1232.0,0.633117,0.5,0.133117,0
2026,local.isle-of-wight.brighstone-calbourne-shalfleet.2026-05-07,brighstone-calbourne-and-shalfleet-local-isle-of-wight-brighstone-calbourne-shalfleet-2026-05-07,"Brighstone, Calbourne and Shalfleet",isle-of-wight,Isle of Wight,,1,1463.0,0.544771,0.5,0.044771,0
2026,local.isle-of-wight.carisbrooke-gunville.2026-05-07,carisbrooke-and-gunville-local-isle-of-wight-carisbrooke-gunville-2026-05-07,Carisbrooke and Gunville,isle-of-wight,Isle of Wight,,1,1216.0,0.464638,0.5,-0.035362,1
2026,local.isle-of-wight.central-rural.2026-05-07,central-rural-local-isle-of-wight-central-rural-2026-05-07,Central Rural,isle-of-wight,Isle of Wight,,1,1449.0,0.42305,0.5,-0.07695,1
2026,local.isle-of-wight.chale-niton-shorwell.2026-05-07,chale-niton-and-shorwell-local-isle-of-wight-chale-niton-shorwell-2026-05-07,"Chale, Niton and Shorwell",isle-of-wight,Isle of Wight,,1,1589.0,0.517306,0.5,0.017306,0
2026,local.isle-of-wight.cowes-medina.2026-05-07,cowes-medina-local-isle-of-wight-cowes-medina-2026-05-07,Cowes Medina,isle-of-wight,Isle of Wight,,1,1117.0,0.446732,0.5,-0.053268,1
2026,local.isle-of-wight.cowes-north.2026-05-07,cowes-north-local-isle-of-wight-cowes-north-2026-05-07,Cowes North,isle-of-wight,Isle of Wight,,1,1232.0,0.356331,0.5,-0.143669,1
2026,local.isle-of-wight.cowes-south-northwood.2026-05-07,cowes-south-and-northwood-local-isle-of-wight-cowes-south-northwood-2026-05-07,Cowes South and Northwood,isle-of-wight,Isle of Wight,,1,1275.0,0.308235,0.5,-0.191765,1
2026,local.isle-of-wight.cowes-west-gurnard.2026-05-07,cowes-west-and-gurnard-local-isle-of-wight-cowes-west-gurnard-2026-05-07,Cowes West and Gurnard,isle-of-wight,Isle of Wight,,1,1554.0,0.754826,0.5,0.254826,0
2026,local.isle-of-wight.east-cowes.2026-05-07,east-cowes-local-isle-of-wight-east-cowes-2026-05-07,East Cowes,isle-of-wight,Isle of Wight,,1,1528.0,0.573298,0.5,0.073298,0
2026,local.isle-of-wight.fairlee-whippingham.2026-05-07,fairlee-and-whippingham-local-isle-of-wight-fairlee-whippingham-2026-05-07,Fairlee and Whippingham,isle-of-wight,Isle of Wight,,1,1229.0,0.489829,0.5,-0.010171,1
2026,local.isle-of-wight.freshwater-north-yarmouth.2026-05-07,freshwater-north-and-yarmouth-local-isle-of-wight-freshwater-north-yarmouth-2026-05-07,Freshwater North and Yarmouth,isle-of-wight,Isle of Wight,,1,1245.0,0.338956,0.5,-0.161044,1
2026,local.isle-of-wight.freshwater-south.2026-05-07,freshwater-south-local-isle-of-wight-freshwater-south-2026-05-07,Freshwater South,isle-of-wight,Isle of Wight,,1,1430.0,0.638462,0.5,0.138462,0
2026,local.isle-of-wight.haylands-swanmore.2026-05-07,haylands-and-swanmore-local-isle-of-wight-haylands-swanmore-2026-05-07,Haylands and Swanmore,isle-of-wight,Isle of Wight,,1,1072.0,0.407649,0.5,-0.092351,1
2026,local.isle-of-wight.lake-north.2026-05-07,lake-north-local-isle-of-wight-lake-north-2026-05-07,Lake North,isle-of-wight,Isle of Wight,,1,1076.0,0.391264,0.5,-0.108736,1
2026,local.isle-of-wight.lake-south.2026-05-07,lake-south-local-isle-of-wight-lake-south-2026-05-07,Lake South,isle-of-wight,Isle of Wight,,1,1245.0,0.415261,0.5,-0.084739,1
2026,local.isle-of-wight.mountjoy-shide.2026-05-07,mountjoy-and-shide-local-isle-of-wight-mountjoy-shide-2026-05-07,Mountjoy and Shide,isle-of-wight,Isle of Wight,,1,1022.0,0.360078,0.5,-0.139922,1
2026,local.isle-of-wight.nettlestone-seaview.2026-05-07,nettlestone-and-seaview-local-isle-of-wight-nettlestone-seaview-2026-05-07,Nettlestone and Seaview,isle-of-wight,Isle of Wight,,1,1225.0,0.442449,0.5,-0.057551,1
2026,local.isle-of-wight.newchurch-havenstreet-ashey.2026-05-07,newchurch-havenstreet-and-ashey-local-isle-of-wight-newchurch-havenstreet-ashey-2026-05-07,"Newchurch, Havenstreet and Ashey",isle-of-wight,Isle of Wight,,1,1412.0,0.451841,0.5,-0.048159,1
2026,local.isle-of-wight.newport-central.2026-05-07,newport-central-local-isle-of-wight-newport-central-2026-05-07,Newport Central,isle-of-wight,Isle of Wight,,1,911.0,0.482986,0.5,-0.017014,1
2026,local.isle-of-wight.newport-west.2026-05-07,newport-west-local-isle-of-wight-newport-west-2026-05-07,Newport West,isle-of-wight,Isle of Wight,,1,1116.0,0.396057,0.5,-0.103943,1
2026,local.isle-of-wight.osborne.2026-05-07,osborne-local-isle-of-wight-osborne-2026-05-07,Osborne,isle-of-wight,Isle of Wight,,1,1136.0,0.34243,0.5,-0.15757,1
2026,local.isle-of-wight.pan-barton.2026-05-07,pan-and-barton-local-isle-of-wight-pan-barton-2026-05-07,Pan and Barton,isle-of-wight,Isle of Wight,,1,860.0,0.461628,0.5,-0.038372,1
2026,local.isle-of-wight.parkhurst-hunnyhill.2026-05-07,parkhurst-and-hunnyhill-local-isle-of-wight-parkhurst-hunnyhill-2026-05-07,Parkhurst and Hunnyhill,isle-of-wight,Isle of Wight,,1,900.0,0.612222,0.5,0.112222,0
2026,local.isle-of-wight.ryde-appley-elmfield.2026-05-07,ryde-appley-and-elmfield-local-isle-of-wight-ryde-appley-elmfield-2026-05-07,Ryde Appley and Elmfield,isle-of-wight,Isle of Wight,,1,1294.0,0.603555,0.5,0.103555,0
2026,local.isle-of-wight.ryde-monktonmead.2026-05-07,ryde-monktonmead-local-isle-of-wight-ryde-monktonmead-2026-05-07,Ryde Monktonmead,isle-of-wight,Isle of Wight,,1,1123.0,0.359751,0.5,-0.140249,1
2026,local.isle-of-wight.ryde-north-west.2026-05-07,ryde-north-west-local-isle-of-wight-ryde-north-west-2026-05-07,Ryde North West,isle-of-wight,Isle of Wight,,1,1167.0,0.343616,0.5,-0.156384,1
2026,local.isle-of-wight.ryde-south-east.2026-05-07,ryde-south-east-local-isle-of-wight-ryde-south-east-2026-05-07,Ryde South East,isle-of-wight,Isle of Wight,,1,540.0,0.412963,0.5,-0.087037,1
2026,local.isle-of-wight.ryde-west.2026-05-07,ryde-west-local-isle-of-wight-ryde-west-2026-05-07,Ryde West,isle-of-wight,Isle of Wight,,1,960.0,0.369792,0.5,-0.130208,1
2026,local.isle-of-wight.sandown-north.2026-05-07,sandown-north-local-isle-of-wight-sandown-north-2026-05-07,Sandown North,isle-of-wight,Isle of Wight,,1,1088.0,0.38511,0.5,-0.11489,1
2026,local.isle-of-wight.sandown-south.2026-05-07,sandown-south-local-isle-of-wight-sandown-south-2026-05-07,Sandown South,isle-of-wight,Isle of Wight,,1,981.0,0.364934,0.5,-0.135066,1
2026,local.isle-of-wight.shanklin-central.2026-05-07,shanklin-central-local-isle-of-wight-shanklin-central-2026-05-07,Shanklin Central,isle-of-wight,Isle of Wight,,1,1203.0,0.295927,0.5,-0.204073,1
2026,local.isle-of-wight.shanklin-south.2026-05-07,shanklin-south-local-isle-of-wight-shanklin-south-2026-05-07,Shanklin South,isle-of-wight,Isle of Wight,,1,1414.0,0.371994,0.5,-0.128006,1
2026,local.isle-of-wight.totland-colwell.2026-05-07,totland-and-colwell-local-isle-of-wight-totland-colwell-2026-05-07,Totland and Colwell,isle-of-wight,Isle of Wight,,1,1546.0,0.515524,0.5,0.015524,0
2026,local.isle-of-wight.ventnor-st-lawrence.2026-05-07,ventnor-and-st-lawrence-local-isle-of-wight-ventnor-st-lawrence-2026-05-07,Ventnor and St Lawrence,isle-of-wight,Isle of Wight,,1,1374.0,0.456332,0.5,-0.043668,1
2026,local.isle-of-wight.wootton-bridge.2026-05-07,wootton-bridge-local-isle-of-wight-wootton-bridge-2026-05-07,Wootton Bridge,isle-of-wight,Isle of Wight,,1,1273.0,0.38099,0.5,-0.11901,1
2026,local.isle-of-wight.wroxall-lowtherville-bonchurch.2026-05-07,wroxall-lowtherville-and-bonchurch-local-isle-of-wight-wroxall-lowtherville-bonchurch-2026-05-07,"Wroxall, Lowtherville and Bonchurch",isle-of-wight,Isle of Wight,,1,1357.0,0.457627,0.5,-0.042373,1
2026,local.islington.arsenal.2026-05-07,arsenal-local-islington-arsenal-2026-05-07,Arsenal,islington,Islington,,3,3817.0,0.418915,0.25,0.168915,0
2026,local.islington.barnsbury.2026-05-07,barnsbury-local-islington-barnsbury-2026-05-07,Barnsbury,islington,Islington,,3,3459.6666666666665,0.391656,0.25,0.141656,0
2026,local.islington.bunhill.2026-05-07,bunhill-local-islington-bunhill-2026-05-07,Bunhill,islington,Islington,,3,2403.333333333333,0.378225,0.25,0.128225,0
2026,local.islington.caledonian.2026-05-07,caledonian-local-islington-caledonian-2026-05-07,Caledonian,islington,Islington,,3,2750.0,0.382909,0.25,0.132909,0
2026,local.islington.canonbury.2026-05-07,canonbury-local-islington-canonbury-2026-05-07,Canonbury,islington,Islington,,3,3394.6666666666665,0.355558,0.25,0.105558,0
2026,local.islington.clerkenwell.2026-05-07,clerkenwell-local-islington-clerkenwell-2026-05-07,Clerkenwell,islington,Islington,,3,2960.333333333333,0.362459,0.25,0.112459,0
2026,local.islington.finsbury-park.2026-05-07,finsbury-park-local-islington-finsbury-park-2026-05-07,Finsbury Park,islington,Islington,,3,3540.6666666666665,0.337225,0.25,0.087225,0
2026,local.islington.highbury.2026-05-07,highbury-local-islington-highbury-2026-05-07,Highbury,islington,Islington,,3,4359.333333333333,0.425983,0.25,0.175983,0
2026,local.islington.hillrise.2026-05-07,hillrise-local-islington-hillrise-2026-05-07,Hillrise,islington,Islington,,3,4176.333333333333,0.365392,0.25,0.115392,0
2026,local.islington.holloway.2026-05-07,holloway-local-islington-holloway-2026-05-07,Holloway,islington,Islington,,3,3105.6666666666665,0.428249,0.25,0.178249,0
2026,local.islington.junction.2026-05-07,junction-local-islington-junction-2026-05-07,Junction,islington,Islington,,3,3495.6666666666665,0.377324,0.25,0.127324,0
2026,local.islington.laycock.2026-05-07,laycock-local-islington-laycock-2026-05-07,Laycock,islington,Islington,,3,3006.333333333333,0.382193,0.25,0.132193,0
2026,local.islington.mildmay.2026-05-07,mildmay-local-islington-mildmay-2026-05-07,Mildmay,islington,Islington,,3,3782.6666666666665,0.421131,0.25,0.171131,0
2026,local.islington.st-marys-st-james.2026-05-07,st-mary-s-and-st-james-local-islington-st-marys-st-james-2026-05-07,St Mary's and St James',islington,Islington,,3,3320.0,0.358133,0.25,0.108133,0
2026,local.islington.st-peters-canalside.2026-05-07,st-peter-s-and-canalside-local-islington-st-peters-canalside-2026-05-07,St Peter's and Canalside,islington,Islington,,3,2672.333333333333,0.429213,0.25,0.179213,0
2026,local.islington.tollington.2026-05-07,tollington-local-islington-tollington-2026-05-07,Tollington,islington,Islington,,3,4409.333333333333,0.483747,0.25,0.233747,0
2026,local.islington.tufnell-park.2026-05-07,tufnell-park-local-islington-tufnell-park-2026-05-07,Tufnell Park,islington,Islington,,3,4155.0,0.484717,0.25,0.234717,0
2026,local.kensington-and-chelsea.abingdon.2026-05-07,abingdon-local-kensington-and-chelsea-abingdon-2026-05-07,Abingdon,kensington-and-chelsea,Kensington and Chelsea,,3,1794.0,0.652174,0.25,0.402174,0
2026,local.kensington-and-chelsea.brompton-hans-town.2026-05-07,brompton-and-hans-town-local-kensington-and-chelsea-brompton-hans-town-2026-05-07,Brompton and Hans Town,kensington-and-chelsea,Kensington and Chelsea,,3,1638.3333333333333,0.654323,0.25,0.404323,0
2026,local.kensington-and-chelsea.campden.2026-05-07,campden-local-kensington-and-chelsea-campden-2026-05-07,Campden,kensington-and-chelsea,Kensington and Chelsea,,3,2089.0,0.613691,0.25,0.363691,0
2026,local.kensington-and-chelsea.chelsea-riverside.2026-05-07,chelsea-riverside-local-kensington-and-chelsea-chelsea-riverside-2026-05-07,Chelsea Riverside,kensington-and-chelsea,Kensington and Chelsea,,3,2195.0,0.441458,0.25,0.191458,0
2026,local.kensington-and-chelsea.colville.2026-05-07,colville-local-kensington-and-chelsea-colville-2026-05-07,Colville,kensington-and-chelsea,Kensington and Chelsea,,3,2044.3333333333333,0.361487,0.25,0.111487,0
2026,local.kensington-and-chelsea.courtfield.2026-05-07,courtfield-local-kensington-and-chelsea-courtfield-2026-05-07,Courtfield,kensington-and-chelsea,Kensington and Chelsea,,3,1721.3333333333333,0.703524,0.25,0.453524,0
2026,local.kensington-and-chelsea.dalgarno.2026-05-07,dalgarno-local-kensington-and-chelsea-dalgarno-2026-05-07,Dalgarno,kensington-and-chelsea,Kensington and Chelsea,,2,1587.0,0.363579,0.333333,0.030246,0
2026,local.kensington-and-chelsea.earls-court.2026-05-07,earl-s-court-local-kensington-and-chelsea-earls-court-2026-05-07,Earl's Court,kensington-and-chelsea,Kensington and Chelsea,,3,2242.0,0.431311,0.25,0.181311,0
2026,local.kensington-and-chelsea.golborne.2026-05-07,golborne-local-kensington-and-chelsea-golborne-2026-05-07,Golborne,kensington-and-chelsea,Kensington and Chelsea,,3,1652.3333333333333,0.398225,0.25,0.148225,0
2026,local.kensington-and-chelsea.holland.2026-05-07,holland-local-kensington-and-chelsea-holland-2026-05-07,Holland,kensington-and-chelsea,Kensington and Chelsea,,3,2091.333333333333,0.650303,0.25,0.400303,0
2026,local.kensington-and-chelsea.norland.2026-05-07,norland-local-kensington-and-chelsea-norland-2026-05-07,Norland,kensington-and-chelsea,Kensington and Chelsea,,2,1528.5,0.612365,0.333333,0.279032,0
2026,local.kensington-and-chelsea.notting-dale.2026-05-07,notting-dale-local-kensington-and-chelsea-notting-dale-2026-05-07,Notting Dale,kensington-and-chelsea,Kensington and Chelsea,,3,1867.6666666666667,0.427271,0.25,0.177271,0
2026,local.kensington-and-chelsea.pembridge.2026-05-07,pembridge-local-kensington-and-chelsea-pembridge-2026-05-07,Pembridge,kensington-and-chelsea,Kensington and Chelsea,,2,1423.0,0.498946,0.333333,0.165613,0
2026,local.kensington-and-chelsea.queens-gate.2026-05-07,queen-s-gate-local-kensington-and-chelsea-queens-gate-2026-05-07,Queen's Gate,kensington-and-chelsea,Kensington and Chelsea,,3,1510.3333333333333,0.658133,0.25,0.408133,0
2026,local.kensington-and-chelsea.redcliffe.2026-05-07,redcliffe-local-kensington-and-chelsea-redcliffe-2026-05-07,Redcliffe,kensington-and-chelsea,Kensington and Chelsea,,3,1938.3333333333333,0.609286,0.25,0.359286,0
2026,local.kensington-and-chelsea.royal-hospital.2026-05-07,royal-hospital-local-kensington-and-chelsea-royal-hospital-2026-05-07,Royal Hospital,kensington-and-chelsea,Kensington and Chelsea,,3,2297.6666666666665,0.665893,0.25,0.415893,0
2026,local.kensington-and-chelsea.stanley.2026-05-07,stanley-local-kensington-and-chelsea-stanley-2026-05-07,Stanley,kensington-and-chelsea,Kensington and Chelsea,,3,2171.0,0.616306,0.25,0.366306,0
2026,local.kensington-and-chelsea.st-helens.2026-05-07,st-helen-s-local-kensington-and-chelsea-st-helens-2026-05-07,St Helen's,kensington-and-chelsea,Kensington and Chelsea,,2,1746.5,0.352133,0.333333,0.0188,0
2026,local.kingston-upon-hull.avenue.2026-05-07,avenue-local-kingston-upon-hull-avenue-2026-05-07,Avenue,kingston-upon-hull-city-of,Kingston upon Hull,,1,4115.0,0.44836,0.5,-0.05164,1
2026,local.kingston-upon-hull.beverley-newland.2026-05-07,beverley-and-newland-local-kingston-upon-hull-beverley-newland-2026-05-07,Beverley and Newland,kingston-upon-hull-city-of,Kingston upon Hull,,1,3560.0,0.508989,0.5,0.008989,0
2026,local.kingston-upon-hull.boothferry.2026-05-07,boothferry-local-kingston-upon-hull-boothferry-2026-05-07,Boothferry,kingston-upon-hull-city-of,Kingston upon Hull,,1,3141.0,0.439987,0.5,-0.060013,1
2026,local.kingston-upon-hull.bricknell.2026-05-07,bricknell-local-kingston-upon-hull-bricknell-2026-05-07,Bricknell,kingston-upon-hull-city-of,Kingston upon Hull,,1,2679.0,0.324748,0.5,-0.175252,1
2026,local.kingston-upon-hull.central.2026-05-07,central-local-kingston-upon-hull-central-2026-05-07,Central,kingston-upon-hull-city-of,Kingston upon Hull,,1,1811.0,0.313087,0.5,-0.186913,1
2026,local.kingston-upon-hull.derringham.2026-05-07,derringham-local-kingston-upon-hull-derringham-2026-05-07,Derringham,kingston-upon-hull-city-of,Kingston upon Hull,,1,2846.0,0.406535,0.5,-0.093465,1
2026,local.kingston-upon-hull.drypool.2026-05-07,drypool-local-kingston-upon-hull-drypool-2026-05-07,Drypool,kingston-upon-hull-city-of,Kingston upon Hull,,1,2929.0,0.457153,0.5,-0.042847,1
2026,local.kingston-upon-hull.holderness.2026-05-07,holderness-local-kingston-upon-hull-holderness-2026-05-07,Holderness,kingston-upon-hull-city-of,Kingston upon Hull,,1,3218.0,0.455252,0.5,-0.044748,1
2026,local.kingston-upon-hull.longhill-bilton-grange.2026-05-07,longhill-and-bilton-grange-local-kingston-upon-hull-longhill-bilton-grange-2026-05-07,Longhill and Bilton Grange,kingston-upon-hull-city-of,Kingston upon Hull,,1,2217.0,0.496166,0.5,-0.003834,1
2026,local.kingston-upon-hull.marfleet.2026-05-07,marfleet-local-kingston-upon-hull-marfleet-2026-05-07,Marfleet,kingston-upon-hull-city-of,Kingston upon Hull,,1,1953.0,0.522785,0.5,0.022785,0
2026,local.kingston-upon-hull.newington-gipsyville.2026-05-07,newington-and-gipsyville-local-kingston-upon-hull-newington-gipsyville-2026-05-07,Newington and Gipsyville,kingston-upon-hull-city-of,Kingston upon Hull,,1,2578.0,0.407292,0.5,-0.092708,1
2026,local.kingston-upon-hull.north-carr.2026-05-07,north-carr-local-kingston-upon-hull-north-carr-2026-05-07,North Carr,kingston-upon-hull-city-of,Kingston upon Hull,,1,2124.0,0.516949,0.5,0.016949,0
2026,local.kingston-upon-hull.orchard-park.2026-05-07,orchard-park-local-kingston-upon-hull-orchard-park-2026-05-07,Orchard Park,kingston-upon-hull-city-of,Kingston upon Hull,,1,2103.0,0.453638,0.5,-0.046362,1
2026,local.kingston-upon-hull.pickering.2026-05-07,pickering-local-kingston-upon-hull-pickering-2026-05-07,Pickering,kingston-upon-hull-city-of,Kingston upon Hull,,1,2027.0,0.410459,0.5,-0.089541,1
2026,local.kingston-upon-hull.southcoates.2026-05-07,southcoates-local-kingston-upon-hull-southcoates-2026-05-07,Southcoates,kingston-upon-hull-city-of,Kingston upon Hull,,1,2736.0,0.430921,0.5,-0.069079,1
2026,local.kingston-upon-hull.st-andrews-docklands.2026-05-07,st-andrew-s-and-docklands-local-kingston-upon-hull-st-andrews-docklands-2026-05-07,St Andrew's and Docklands,kingston-upon-hull-city-of,Kingston upon Hull,,1,2513.0,0.33267,0.5,-0.16733,1
2026,local.kingston-upon-hull.sutton.2026-05-07,sutton-local-kingston-upon-hull-sutton-2026-05-07,Sutton,kingston-upon-hull-city-of,Kingston upon Hull,,1,3307.0,0.391594,0.5,-0.108406,1
2026,local.kingston-upon-hull.university.2026-05-07,university-local-kingston-upon-hull-university-2026-05-07,University,kingston-upon-hull-city-of,Kingston upon Hull,,1,1820.0,0.391209,0.5,-0.108791,1
2026,local.kingston-upon-hull.west-carr.2026-05-07,west-carr-local-kingston-upon-hull-west-carr-2026-05-07,West Carr,kingston-upon-hull-city-of,Kingston upon Hull,,1,2457.0,0.444851,0.5,-0.055149,1
2026,local.kingston-upon-thames.alexandra.2026-05-07,alexandra-local-kingston-upon-thames-alexandra-2026-05-07,Alexandra,kingston-upon-thames,Kingston upon Thames,,2,2382.5,0.399161,0.333333,0.065827,0
2026,local.kingston-upon-thames.berrylands.2026-05-07,berrylands-local-kingston-upon-thames-berrylands-2026-05-07,Berrylands,kingston-upon-thames,Kingston upon Thames,,2,2744.5,0.438331,0.333333,0.104998,0
2026,local.kingston-upon-thames.canbury-gardens.2026-05-07,canbury-gardens-local-kingston-upon-thames-canbury-gardens-2026-05-07,Canbury Gardens,kingston-upon-thames,Kingston upon Thames,,2,2640.5,0.496497,0.333333,0.163164,0
2026,local.kingston-upon-thames.chessington-south-malden-rushett.2026-05-07,chessington-south-and-malden-rushett-local-kingston-upon-thames-chessington-south-malden-rushett-2026-05-07,Chessington South and Malden Rushett,kingston-upon-thames,Kingston upon Thames,,3,3247.6666666666665,0.467413,0.25,0.217413,0
2026,local.kingston-upon-thames.coombe-hill.2026-05-07,coombe-hill-local-kingston-upon-thames-coombe-hill-2026-05-07,Coombe Hill,kingston-upon-thames,Kingston upon Thames,,2,2244.0,0.338681,0.333333,0.005348,0
2026,local.kingston-upon-thames.coombe-vale.2026-05-07,coombe-vale-local-kingston-upon-thames-coombe-vale-2026-05-07,Coombe Vale,kingston-upon-thames,Kingston upon Thames,,3,3665.6666666666665,0.375921,0.25,0.125921,0
2026,local.kingston-upon-thames.green-lane-st-james.2026-05-07,green-lane-and-st-james-local-kingston-upon-thames-green-lane-st-james-2026-05-07,Green Lane and St James,kingston-upon-thames,Kingston upon Thames,,2,2300.0,0.435217,0.333333,0.101884,0
2026,local.kingston-upon-thames.hook-chessington-north.2026-05-07,hook-and-chessington-north-local-kingston-upon-thames-hook-chessington-north-2026-05-07,Hook and Chessington North,kingston-upon-thames,Kingston upon Thames,,3,3272.6666666666665,0.446119,0.25,0.196119,0
2026,local.kingston-upon-thames.king-georges-sunray.2026-05-07,king-george-s-and-sunray-local-kingston-upon-thames-king-georges-sunray-2026-05-07,King George's and Sunray,kingston-upon-thames,Kingston upon Thames,,2,1879.0,0.480043,0.333333,0.146709,0
2026,local.kingston-upon-thames.kingston-gate.2026-05-07,kingston-gate-local-kingston-upon-thames-kingston-gate-2026-05-07,Kingston Gate,kingston-upon-thames,Kingston upon Thames,,3,3695.6666666666665,0.451339,0.25,0.201339,0
2026,local.kingston-upon-thames.kingston-town.2026-05-07,kingston-town-local-kingston-upon-thames-kingston-town-2026-05-07,Kingston Town,kingston-upon-thames,Kingston upon Thames,,3,3015.6666666666665,0.389632,0.25,0.139632,0
2026,local.kingston-upon-thames.motspur-park-old-malden-east.2026-05-07,motspur-park-and-old-malden-east-local-kingston-upon-thames-motspur-park-old-malden-east-2026-05-07,Motspur Park and Old Malden East,kingston-upon-thames,Kingston upon Thames,,2,2534.0,0.396606,0.333333,0.063273,0
2026,local.kingston-upon-thames.new-malden-village.2026-05-07,new-malden-village-local-kingston-upon-thames-new-malden-village-2026-05-07,New Malden Village,kingston-upon-thames,Kingston upon Thames,,3,3459.0,0.381613,0.25,0.131613,0
2026,local.kingston-upon-thames.norbiton.2026-05-07,norbiton-local-kingston-upon-thames-norbiton-2026-05-07,Norbiton,kingston-upon-thames,Kingston upon Thames,,3,2897.6666666666665,0.387898,0.25,0.137898,0
2026,local.kingston-upon-thames.old-malden.2026-05-07,old-malden-local-kingston-upon-thames-old-malden-2026-05-07,Old Malden,kingston-upon-thames,Kingston upon Thames,,2,2523.0,0.486722,0.333333,0.153389,0
2026,local.kingston-upon-thames.st-marks-seething-wells.2026-05-07,st-mark-s-and-seething-wells-local-kingston-upon-thames-st-marks-seething-wells-2026-05-07,St Mark's and Seething Wells,kingston-upon-thames,Kingston upon Thames,,3,4152.0,0.455684,0.25,0.205684,0
2026,local.kingston-upon-thames.surbiton-hill.2026-05-07,surbiton-hill-local-kingston-upon-thames-surbiton-hill-2026-05-07,Surbiton Hill,kingston-upon-thames,Kingston upon Thames,,3,3549.0,0.456185,0.25,0.206185,0
2026,local.kingston-upon-thames.tolworth.2026-05-07,tolworth-local-kingston-upon-thames-tolworth-2026-05-07,Tolworth,kingston-upon-thames,Kingston upon Thames,,3,3604.3333333333335,0.486636,0.25,0.236636,0
2026,local.kingston-upon-thames.tudor.2026-05-07,tudor-local-kingston-upon-thames-tudor-2026-05-07,Tudor,kingston-upon-thames,Kingston upon Thames,,2,2808.0,0.452279,0.333333,0.118946,0
2026,local.kirklees.almondbury.2026-05-07,almondbury-local-kirklees-almondbury-2026-05-07,Almondbury,kirklees,Kirklees,,3,5378.666666666667,0.382995,0.25,0.132995,0
2026,local.kirklees.ashbrow.2026-05-07,ashbrow-local-kirklees-ashbrow-2026-05-07,Ashbrow,kirklees,Kirklees,,3,4849.666666666667,0.294453,0.25,0.044453,0
2026,local.kirklees.batley-east.2026-05-07,batley-east-local-kirklees-batley-east-2026-05-07,Batley East,kirklees,Kirklees,,3,4841.666666666667,0.456248,0.25,0.206248,0
2026,local.kirklees.batley-west.2026-05-07,batley-west-local-kirklees-batley-west-2026-05-07,Batley West,kirklees,Kirklees,,3,4766.666666666667,0.303776,0.25,0.053776,0
2026,local.kirklees.birstall-birkenshaw.2026-05-07,birstall-and-birkenshaw-local-kirklees-birstall-birkenshaw-2026-05-07,Birstall and Birkenshaw,kirklees,Kirklees,,3,5852.666666666667,0.376239,0.25,0.126239,0
2026,local.kirklees.cleckheaton.2026-05-07,cleckheaton-local-kirklees-cleckheaton-2026-05-07,Cleckheaton,kirklees,Kirklees,,3,5813.666666666667,0.398888,0.25,0.148888,0
2026,local.kirklees.colne-valley-east.2026-05-07,colne-valley-east-local-kirklees-colne-valley-east-2026-05-07,Colne Valley East,kirklees,Kirklees,,3,5433.333333333333,0.346748,0.25,0.096748,0
2026,local.kirklees.colne-valley-west.2026-05-07,colne-valley-west-local-kirklees-colne-valley-west-2026-05-07,Colne Valley West,kirklees,Kirklees,,3,6718.666666666667,0.326255,0.25,0.076255,0
2026,local.kirklees.crosland-moor.2026-05-07,crosland-moor-local-kirklees-crosland-moor-2026-05-07,Crosland Moor,kirklees,Kirklees,,3,4782.666666666667,0.449122,0.25,0.199122,0
2026,local.kirklees.dalton.2026-05-07,dalton-local-kirklees-dalton-2026-05-07,Dalton,kirklees,Kirklees,,3,4461.666666666667,0.394696,0.25,0.144696,0
2026,local.kirklees.denby-dale.2026-05-07,denby-dale-local-kirklees-denby-dale-2026-05-07,Denby Dale,kirklees,Kirklees,,3,6573.666666666667,0.299833,0.25,0.049833,0
2026,local.kirklees.dewsbury-east.2026-05-07,dewsbury-east-local-kirklees-dewsbury-east-2026-05-07,Dewsbury East,kirklees,Kirklees,,3,4985.666666666667,0.367654,0.25,0.117654,0
2026,local.kirklees.dewsbury-south.2026-05-07,dewsbury-south-local-kirklees-dewsbury-south-2026-05-07,Dewsbury South,kirklees,Kirklees,,3,5222.0,0.251053,0.25,0.001053,0
2026,local.kirklees.dewsbury-west.2026-05-07,dewsbury-west-local-kirklees-dewsbury-west-2026-05-07,Dewsbury West,kirklees,Kirklees,,3,5891.666666666667,0.346421,0.25,0.096421,0
2026,local.kirklees.greenhead.2026-05-07,greenhead-local-kirklees-greenhead-2026-05-07,Greenhead,kirklees,Kirklees,,3,5713.666666666667,0.432297,0.25,0.182297,0
2026,local.kirklees.heckmondwike.2026-05-07,heckmondwike-local-kirklees-heckmondwike-2026-05-07,Heckmondwike,kirklees,Kirklees,,3,5186.0,0.354416,0.25,0.104416,0
2026,local.kirklees.holme-valley-north.2026-05-07,holme-valley-north-local-kirklees-holme-valley-north-2026-05-07,Holme Valley North,kirklees,Kirklees,,3,6670.0,0.309295,0.25,0.059295,0
2026,local.kirklees.holme-valley-south.2026-05-07,holme-valley-south-local-kirklees-holme-valley-south-2026-05-07,Holme Valley South,kirklees,Kirklees,,3,7866.333333333333,0.28247,0.25,0.03247,0
2026,local.kirklees.kirkburton.2026-05-07,kirkburton-local-kirklees-kirkburton-2026-05-07,Kirkburton,kirklees,Kirklees,,3,6006.333333333333,0.344803,0.25,0.094803,0
2026,local.kirklees.lindley.2026-05-07,lindley-local-kirklees-lindley-2026-05-07,Lindley,kirklees,Kirklees,,3,6309.333333333333,0.300349,0.25,0.050349,0
2026,local.kirklees.liversedge-gomersal.2026-05-07,liversedge-and-gomersal-local-kirklees-liversedge-gomersal-2026-05-07,Liversedge and Gomersal,kirklees,Kirklees,,3,5521.0,0.422025,0.25,0.172025,0
2026,local.kirklees.mirfield.2026-05-07,mirfield-local-kirklees-mirfield-2026-05-07,Mirfield,kirklees,Kirklees,,3,7014.666666666667,0.357822,0.25,0.107822,0
2026,local.kirklees.netherton-newsome.2026-05-07,netherton-and-newsome-local-kirklees-netherton-newsome-2026-05-07,Netherton and Newsome,kirklees,Kirklees,,3,4912.0,0.501629,0.25,0.251629,0
2026,local.knowsley.cherryfield.2026-05-07,cherryfield-local-knowsley-cherryfield-2026-05-07,Cherryfield,knowsley,Knowsley,,1,2032.0,0.309055,0.5,-0.190945,1
2026,local.knowsley.halewood-north.2026-05-07,halewood-north-local-knowsley-halewood-north-2026-05-07,Halewood North,knowsley,Knowsley,,1,2689.0,0.284492,0.5,-0.215508,1
2026,local.knowsley.halewood-south.2026-05-07,halewood-south-local-knowsley-halewood-south-2026-05-07,Halewood South,knowsley,Knowsley,,1,2571.0,0.4683,0.5,-0.0317,1
2026,local.knowsley.northwood.2026-05-07,northwood-local-knowsley-northwood-2026-05-07,Northwood,knowsley,Knowsley,,1,2112.0,0.401989,0.5,-0.098011,1
2026,local.knowsley.page-moss.2026-05-07,page-moss-local-knowsley-page-moss-2026-05-07,Page Moss,knowsley,Knowsley,,1,1870.0,0.375936,0.5,-0.124064,1
2026,local.knowsley.prescot-north.2026-05-07,prescot-north-local-knowsley-prescot-north-2026-05-07,Prescot North,knowsley,Knowsley,,1,2922.0,0.362423,0.5,-0.137577,1
2026,local.knowsley.prescot-south.2026-05-07,prescot-south-local-knowsley-prescot-south-2026-05-07,Prescot South,knowsley,Knowsley,,1,2400.0,0.505,0.5,0.005,0
2026,local.knowsley.roby.2026-05-07,roby-local-knowsley-roby-2026-05-07,Roby,knowsley,Knowsley,,2,2714.0,0.353353,0.333333,0.02002,0
2026,local.knowsley.shevington.2026-05-07,shevington-local-knowsley-shevington-2026-05-07,Shevington,knowsley,Knowsley,,1,2259.0,0.385126,0.5,-0.114874,1
2026,local.knowsley.st-gabriels.2026-05-07,st-gabriels-local-knowsley-st-gabriels-2026-05-07,St Gabriels,knowsley,Knowsley,,1,2186.0,0.438243,0.5,-0.061757,1
2026,local.knowsley.st-michaels.2026-05-07,st-michaels-local-knowsley-st-michaels-2026-05-07,St Michaels,knowsley,Knowsley,,1,1832.0,0.470524,0.5,-0.029476,1
2026,local.knowsley.stockbridge.2026-05-07,stockbridge-local-knowsley-stockbridge-2026-05-07,Stockbridge,knowsley,Knowsley,,1,2050.0,0.39122,0.5,-0.10878,1
2026,local.knowsley.swanside.2026-05-07,swanside-local-knowsley-swanside-2026-05-07,Swanside,knowsley,Knowsley,,1,2299.0,0.516311,0.5,0.016311,0
2026,local.knowsley.whiston-cronton.2026-05-07,whiston-and-cronton-local-knowsley-whiston-cronton-2026-05-07,Whiston and Cronton,knowsley,Knowsley,,1,2537.0,0.362633,0.5,-0.137367,1
2026,local.knowsley.whitefield.2026-05-07,whitefield-local-knowsley-whitefield-2026-05-07,Whitefield,knowsley,Knowsley,,1,2247.0,0.447708,0.5,-0.052292,1
2026,local.lambeth.brixton-acre-lane.2026-05-07,brixton-acre-lane-local-lambeth-brixton-acre-lane-2026-05-07,Brixton Acre Lane,lambeth,Lambeth,,3,4356.333333333333,0.386564,0.25,0.136564,0
2026,local.lambeth.brixton-north.2026-05-07,brixton-north-local-lambeth-brixton-north-2026-05-07,Brixton North,lambeth,Lambeth,,3,3267.333333333333,0.417772,0.25,0.167772,0
2026,local.lambeth.brixton-rush-common.2026-05-07,brixton-rush-common-local-lambeth-brixton-rush-common-2026-05-07,Brixton Rush Common,lambeth,Lambeth,,3,4373.333333333333,0.453201,0.25,0.203201,0
2026,local.lambeth.brixton-windrush.2026-05-07,brixton-windrush-local-lambeth-brixton-windrush-2026-05-07,Brixton Windrush,lambeth,Lambeth,,2,2655.5,0.458294,0.333333,0.124961,0
2026,local.lambeth.clapham-common-abbeville.2026-05-07,clapham-common-and-abbeville-local-lambeth-clapham-common-abbeville-2026-05-07,Clapham Common and Abbeville,lambeth,Lambeth,,2,3177.0,0.376141,0.333333,0.042808,0
2026,local.lambeth.clapham-east.2026-05-07,clapham-east-local-lambeth-clapham-east-2026-05-07,Clapham East,lambeth,Lambeth,,2,2179.0,0.368518,0.333333,0.035184,0
2026,local.lambeth.clapham-park.2026-05-07,clapham-park-local-lambeth-clapham-park-2026-05-07,Clapham Park,lambeth,Lambeth,,3,2956.6666666666665,0.390304,0.25,0.140304,0
2026,local.lambeth.clapham-town.2026-05-07,clapham-town-local-lambeth-clapham-town-2026-05-07,Clapham Town,lambeth,Lambeth,,3,4302.666666666667,0.337233,0.25,0.087233,0
2026,local.lambeth.gipsy-hill.2026-05-07,gipsy-hill-local-lambeth-gipsy-hill-2026-05-07,Gipsy Hill,lambeth,Lambeth,,2,3209.0,0.496416,0.333333,0.163083,0
2026,local.lambeth.herne-hill-loughborough-junction.2026-05-07,herne-hill-and-loughborough-junction-local-lambeth-herne-hill-loughborough-junction-2026-05-07,Herne Hill and Loughborough Junction,lambeth,Lambeth,,3,5218.0,0.513798,0.25,0.263798,0
2026,local.lambeth.kennington.2026-05-07,kennington-local-lambeth-kennington-2026-05-07,Kennington,lambeth,Lambeth,,3,4423.0,0.376894,0.25,0.126894,0
2026,local.lambeth.knights-hill.2026-05-07,knight-s-hill-local-lambeth-knights-hill-2026-05-07,Knight's Hill,lambeth,Lambeth,,3,4794.666666666667,0.421301,0.25,0.171301,0
2026,local.lambeth.myatts-fields.2026-05-07,myatt-s-fields-local-lambeth-myatts-fields-2026-05-07,Myatt's Fields,lambeth,Lambeth,,2,2932.5,0.402046,0.333333,0.068713,0
2026,local.lambeth.oval.2026-05-07,oval-local-lambeth-oval-2026-05-07,Oval,lambeth,Lambeth,,3,3526.0,0.346001,0.25,0.096001,0
2026,local.lambeth.st-martins.2026-05-07,st-martin-s-local-lambeth-st-martins-2026-05-07,St Martin's,lambeth,Lambeth,,2,2588.0,0.468702,0.333333,0.135368,0
2026,local.lambeth.stockwell-east.2026-05-07,stockwell-east-local-lambeth-stockwell-east-2026-05-07,Stockwell East,lambeth,Lambeth,,2,2615.5,0.324986,0.333333,-0.008348,1
2026,local.lambeth.stockwell-west-larkhall.2026-05-07,stockwell-west-and-larkhall-local-lambeth-stockwell-west-larkhall-2026-05-07,Stockwell West and Larkhall,lambeth,Lambeth,,3,3477.333333333333,0.357745,0.25,0.107745,0
2026,local.lambeth.streatham-common-vale.2026-05-07,streatham-common-and-vale-local-lambeth-streatham-common-vale-2026-05-07,Streatham Common and Vale,lambeth,Lambeth,,3,4382.333333333333,0.300981,0.25,0.050981,0
2026,local.lambeth.streatham-hill-east.2026-05-07,streatham-hill-east-local-lambeth-streatham-hill-east-2026-05-07,Streatham Hill East,lambeth,Lambeth,,2,3052.5,0.416052,0.333333,0.082719,0
2026,local.lambeth.streatham-hill-west-thornton.2026-05-07,streatham-hill-west-and-thornton-local-lambeth-streatham-hill-west-thornton-2026-05-07,Streatham Hill West and Thornton,lambeth,Lambeth,,2,3386.0,0.414649,0.333333,0.081315,0
2026,local.lambeth.streatham-st-leonards.2026-05-07,streatham-st-leonard-s-local-lambeth-streatham-st-leonards-2026-05-07,Streatham St Leonard's,lambeth,Lambeth,,3,4038.0,0.355869,0.25,0.105869,0
2026,local.lambeth.streatham-wells.2026-05-07,streatham-wells-local-lambeth-streatham-wells-2026-05-07,Streatham Wells,lambeth,Lambeth,,2,2946.0,0.366938,0.333333,0.033605,0
2026,local.lambeth.vauxhall.2026-05-07,vauxhall-local-lambeth-vauxhall-2026-05-07,Vauxhall,lambeth,Lambeth,,3,1808.3333333333333,0.316313,0.25,0.066313,0
2026,local.lambeth.waterloo-south-bank.2026-05-07,waterloo-and-south-bank-local-lambeth-waterloo-south-bank-2026-05-07,Waterloo and South Bank,lambeth,Lambeth,,2,2095.5,0.298735,0.333333,-0.034598,1
2026,local.lambeth.west-dulwich.2026-05-07,west-dulwich-local-lambeth-west-dulwich-2026-05-07,West Dulwich,lambeth,Lambeth,,2,3963.0,0.37194,0.333333,0.038607,0
2026,local.leeds.adel-wharfedale.2026-05-07,adel-and-wharfedale-local-leeds-adel-wharfedale-2026-05-07,Adel and Wharfedale,leeds,Leeds,,2,8228.0,0.298007,0.333333,-0.035327,1
2026,local.leeds.alwoodley.2026-05-07,alwoodley-local-leeds-alwoodley-2026-05-07,Alwoodley,leeds,Leeds,,1,8079.0,0.573462,0.5,0.073462,0
2026,local.leeds.ardsley-robin-hood.2026-05-07,ardsley-and-robin-hood-local-leeds-ardsley-robin-hood-2026-05-07,Ardsley and Robin Hood,leeds,Leeds,,1,7264.0,0.416162,0.5,-0.083838,1
2026,local.leeds.armley.2026-05-07,armley-local-leeds-armley-2026-05-07,Armley,leeds,Leeds,,1,5308.0,0.417295,0.5,-0.082705,1
2026,local.leeds.beeston-holbeck.2026-05-07,beeston-and-holbeck-local-leeds-beeston-holbeck-2026-05-07,Beeston and Holbeck,leeds,Leeds,,1,5714.0,0.346167,0.5,-0.153833,1
2026,local.leeds.bramley-stanningley.2026-05-07,bramley-and-stanningley-local-leeds-bramley-stanningley-2026-05-07,Bramley and Stanningley,leeds,Leeds,,1,6213.0,0.438436,0.5,-0.061564,1
2026,local.leeds.burmantofts-richmond-hill.2026-05-07,burmantofts-and-richmond-hill-local-leeds-burmantofts-richmond-hill-2026-05-07,Burmantofts and Richmond Hill,leeds,Leeds,,1,4961.0,0.394477,0.5,-0.105523,1
2026,local.leeds.calverley-farsley.2026-05-07,calverley-and-farsley-local-leeds-calverley-farsley-2026-05-07,Calverley and Farsley,leeds,Leeds,,1,8471.0,0.366191,0.5,-0.133809,1
2026,local.leeds.chapel-allerton.2026-05-07,chapel-allerton-local-leeds-chapel-allerton-2026-05-07,Chapel Allerton,leeds,Leeds,,1,7809.0,0.450762,0.5,-0.049238,1
2026,local.leeds.cross-gates-whinmoor.2026-05-07,cross-gates-and-whinmoor-local-leeds-cross-gates-whinmoor-2026-05-07,Cross Gates and Whinmoor,leeds,Leeds,,1,7337.0,0.410658,0.5,-0.089342,1
2026,local.leeds.farnley-wortley.2026-05-07,farnley-and-wortley-local-leeds-farnley-wortley-2026-05-07,Farnley and Wortley,leeds,Leeds,,1,6438.0,0.372321,0.5,-0.127679,1
2026,local.leeds.garforth-swillington.2026-05-07,garforth-and-swillington-local-leeds-garforth-swillington-2026-05-07,Garforth and Swillington,leeds,Leeds,,1,8018.0,0.62447,0.5,0.12447,0
2026,local.leeds.gipton-harehills.2026-05-07,gipton-and-harehills-local-leeds-gipton-harehills-2026-05-07,Gipton and Harehills,leeds,Leeds,,1,6355.0,0.369001,0.5,-0.130999,1
2026,local.leeds.guiseley-rawdon.2026-05-07,guiseley-and-rawdon-local-leeds-guiseley-rawdon-2026-05-07,Guiseley and Rawdon,leeds,Leeds,,1,9202.0,0.376983,0.5,-0.123017,1
2026,local.leeds.harewood.2026-05-07,harewood-local-leeds-harewood-2026-05-07,Harewood,leeds,Leeds,,1,7664.0,0.441023,0.5,-0.058977,1
2026,local.leeds.headingley-hyde-park.2026-05-07,headingley-and-hyde-park-local-leeds-headingley-hyde-park-2026-05-07,Headingley and Hyde Park,leeds,Leeds,,1,6135.0,0.706438,0.5,0.206438,0
2026,local.leeds.horsforth.2026-05-07,horsforth-local-leeds-horsforth-2026-05-07,Horsforth,leeds,Leeds,,1,8845.0,0.34121,0.5,-0.15879,1
2026,local.leeds.hunslet-riverside.2026-05-07,hunslet-and-riverside-local-leeds-hunslet-riverside-2026-05-07,Hunslet and Riverside,leeds,Leeds,,1,5692.0,0.562544,0.5,0.062544,0
2026,local.leeds.killingbeck-seacroft.2026-05-07,killingbeck-and-seacroft-local-leeds-killingbeck-seacroft-2026-05-07,Killingbeck and Seacroft,leeds,Leeds,,1,5774.0,0.410634,0.5,-0.089366,1
2026,local.leeds.kippax-methley.2026-05-07,kippax-and-methley-local-leeds-kippax-methley-2026-05-07,Kippax and Methley,leeds,Leeds,,1,7973.0,0.418412,0.5,-0.081588,1
2026,local.leeds.kirkstall.2026-05-07,kirkstall-local-leeds-kirkstall-2026-05-07,Kirkstall,leeds,Leeds,,1,6471.0,0.451553,0.5,-0.048447,1
2026,local.leeds.little-london-woodhouse.2026-05-07,little-london-and-woodhouse-local-leeds-little-london-woodhouse-2026-05-07,Little London and Woodhouse,leeds,Leeds,,1,4350.0,0.601609,0.5,0.101609,0
2026,local.leeds.middleton-park.2026-05-07,middleton-park-local-leeds-middleton-park-2026-05-07,Middleton Park,leeds,Leeds,,1,5771.0,0.381736,0.5,-0.118264,1
2026,local.leeds.moortown.2026-05-07,moortown-local-leeds-moortown-2026-05-07,Moortown,leeds,Leeds,,1,8374.0,0.329353,0.5,-0.170647,1
2026,local.leeds.morley-north.2026-05-07,morley-north-local-leeds-morley-north-2026-05-07,Morley North,leeds,Leeds,,2,7624.5,0.35504,0.333333,0.021706,0
2026,local.leeds.morley-south.2026-05-07,morley-south-local-leeds-morley-south-2026-05-07,Morley South,leeds,Leeds,,1,7314.0,0.350561,0.5,-0.149439,1
2026,local.leeds.otley-yeadon.2026-05-07,otley-and-yeadon-local-leeds-otley-yeadon-2026-05-07,Otley and Yeadon,leeds,Leeds,,1,8768.0,0.363709,0.5,-0.136291,1
2026,local.leeds.pudsey.2026-05-07,pudsey-local-leeds-pudsey-2026-05-07,Pudsey,leeds,Leeds,,1,8531.0,0.517524,0.5,0.017524,0
2026,local.leeds.rothwell.2026-05-07,rothwell-local-leeds-rothwell-2026-05-07,Rothwell,leeds,Leeds,,1,7179.0,0.525421,0.5,0.025421,0
2026,local.leeds.roundhay.2026-05-07,roundhay-local-leeds-roundhay-2026-05-07,Roundhay,leeds,Leeds,,1,8699.0,0.381193,0.5,-0.118807,1
2026,local.leeds.temple-newsam.2026-05-07,temple-newsam-local-leeds-temple-newsam-2026-05-07,Temple Newsam,leeds,Leeds,,2,6517.0,0.345711,0.333333,0.012378,0
2026,local.leeds.weetwood.2026-05-07,weetwood-local-leeds-weetwood-2026-05-07,Weetwood,leeds,Leeds,,1,7919.0,0.338932,0.5,-0.161068,1
2026,local.leeds.wetherby.2026-05-07,wetherby-local-leeds-wetherby-2026-05-07,Wetherby,leeds,Leeds,,1,8465.0,0.435204,0.5,-0.064796,1
2026,local.lewisham.bellingham.2026-05-07,bellingham-local-lewisham-bellingham-2026-05-07,Bellingham,lewisham,Lewisham,,2,2034.0,0.338741,0.333333,0.005408,0
2026,local.lewisham.blackheath.2026-05-07,blackheath-local-lewisham-blackheath-2026-05-07,Blackheath,lewisham,Lewisham,,3,5109.666666666667,0.317829,0.25,0.067829,0
2026,local.lewisham.brockley.2026-05-07,brockley-local-lewisham-brockley-2026-05-07,Brockley,lewisham,Lewisham,,3,5016.333333333333,0.542428,0.25,0.292428,0
2026,local.lewisham.catford-south.2026-05-07,catford-south-local-lewisham-catford-south-2026-05-07,Catford South,lewisham,Lewisham,,3,4541.0,0.335609,0.25,0.085609,0
2026,local.lewisham.crofton-park.2026-05-07,crofton-park-local-lewisham-crofton-park-2026-05-07,Crofton Park,lewisham,Lewisham,,3,5454.333333333333,0.532971,0.25,0.282971,0
2026,local.lewisham.deptford.2026-05-07,deptford-local-lewisham-deptford-2026-05-07,Deptford,lewisham,Lewisham,,3,4027.3333333333335,0.516967,0.25,0.266967,0
2026,local.lewisham.downham.2026-05-07,downham-local-lewisham-downham-2026-05-07,Downham,lewisham,Lewisham,,3,3564.6666666666665,0.320086,0.25,0.070086,0
2026,local.lewisham.evelyn.2026-05-07,evelyn-local-lewisham-evelyn-2026-05-07,Evelyn,lewisham,Lewisham,,3,3266.0,0.421923,0.25,0.171923,0
2026,local.lewisham.forest-hill.2026-05-07,forest-hill-local-lewisham-forest-hill-2026-05-07,Forest Hill,lewisham,Lewisham,,3,4683.333333333333,0.42726,0.25,0.17726,0
2026,local.lewisham.grove-park.2026-05-07,grove-park-local-lewisham-grove-park-2026-05-07,Grove Park,lewisham,Lewisham,,3,3761.6666666666665,0.333363,0.25,0.083363,0
2026,local.lewisham.hither-green.2026-05-07,hither-green-local-lewisham-hither-green-2026-05-07,Hither Green,lewisham,Lewisham,,3,5021.0,0.380203,0.25,0.130203,0
2026,local.lewisham.ladywell.2026-05-07,ladywell-local-lewisham-ladywell-2026-05-07,Ladywell,lewisham,Lewisham,,3,5029.666666666667,0.547154,0.25,0.297154,0
2026,local.lewisham.lee-green.2026-05-07,lee-green-local-lewisham-lee-green-2026-05-07,Lee Green,lewisham,Lewisham,,3,4725.0,0.356614,0.25,0.106614,0
2026,local.lewisham.lewisham-central.2026-05-07,lewisham-central-local-lewisham-lewisham-central-2026-05-07,Lewisham Central,lewisham,Lewisham,,2,1999.0,0.424212,0.333333,0.090879,0
2026,local.lewisham.new-cross-gate.2026-05-07,new-cross-gate-local-lewisham-new-cross-gate-2026-05-07,New Cross Gate,lewisham,Lewisham,,2,2317.5,0.484574,0.333333,0.151241,0
2026,local.lewisham.perry-vale.2026-05-07,perry-vale-local-lewisham-perry-vale-2026-05-07,Perry Vale,lewisham,Lewisham,,3,5848.0,0.448187,0.25,0.198187,0
2026,local.lewisham.rushey-green.2026-05-07,rushey-green-local-lewisham-rushey-green-2026-05-07,Rushey Green,lewisham,Lewisham,,3,4626.0,0.4853,0.25,0.2353,0
2026,local.lewisham.sydenham.2026-05-07,sydenham-local-lewisham-sydenham-2026-05-07,Sydenham,lewisham,Lewisham,,3,4849.0,0.40462,0.25,0.15462,0
2026,local.lewisham.telegraph-hill.2026-05-07,telegraph-hill-local-lewisham-telegraph-hill-2026-05-07,Telegraph Hill,lewisham,Lewisham,,3,5249.333333333333,0.513018,0.25,0.263018,0
2026,local.manchester.ancoats-beswick.2026-05-07,ancoats-and-beswick-local-manchester-ancoats-beswick-2026-05-07,Ancoats and Beswick,manchester,Manchester,,1,4232.0,0.41966,0.5,-0.08034,1
2026,local.manchester.ardwick.2026-05-07,ardwick-local-manchester-ardwick-2026-05-07,Ardwick,manchester,Manchester,,1,3510.0,0.457835,0.5,-0.042165,1
2026,local.manchester.baguley.2026-05-07,baguley-local-manchester-baguley-2026-05-07,Baguley,manchester,Manchester,,1,3252.0,0.408672,0.5,-0.091328,1
2026,local.manchester.brooklands.2026-05-07,brooklands-local-manchester-brooklands-2026-05-07,Brooklands,manchester,Manchester,,1,3714.0,0.322563,0.5,-0.177437,1
2026,local.manchester.burnage.2026-05-07,burnage-local-manchester-burnage-2026-05-07,Burnage,manchester,Manchester,,1,4933.0,0.457531,0.5,-0.042469,1
2026,local.manchester.charlestown.2026-05-07,charlestown-local-manchester-charlestown-2026-05-07,Charlestown,manchester,Manchester,,1,3592.0,0.435969,0.5,-0.064031,1
2026,local.manchester.cheetham.2026-05-07,cheetham-local-manchester-cheetham-2026-05-07,Cheetham,manchester,Manchester,,1,4145.0,0.337274,0.5,-0.162726,1
2026,local.manchester.chorlton.2026-05-07,chorlton-local-manchester-chorlton-2026-05-07,Chorlton,manchester,Manchester,,1,5612.0,0.454205,0.5,-0.045795,1
2026,local.manchester.chorlton-park.2026-05-07,chorlton-park-local-manchester-chorlton-park-2026-05-07,Chorlton Park,manchester,Manchester,,1,6102.0,0.405441,0.5,-0.094559,1
2026,local.manchester.clayton-openshaw.2026-05-07,clayton-and-openshaw-local-manchester-clayton-openshaw-2026-05-07,Clayton and Openshaw,manchester,Manchester,,1,3648.0,0.358553,0.5,-0.141447,1
2026,local.manchester.crumpsall.2026-05-07,crumpsall-local-manchester-crumpsall-2026-05-07,Crumpsall,manchester,Manchester,,1,3454.0,0.412565,0.5,-0.087435,1
2026,local.manchester.deansgate.2026-05-07,deansgate-local-manchester-deansgate-2026-05-07,Deansgate,manchester,Manchester,,1,2912.0,0.473901,0.5,-0.026099,1
2026,local.manchester.didsbury-east.2026-05-07,didsbury-east-local-manchester-didsbury-east-2026-05-07,Didsbury East,manchester,Manchester,,1,5653.0,0.372192,0.5,-0.127808,1
2026,local.manchester.didsbury-west.2026-05-07,didsbury-west-local-manchester-didsbury-west-2026-05-07,Didsbury West,manchester,Manchester,,1,5667.0,0.441856,0.5,-0.058144,1
2026,local.manchester.fallowfield.2026-05-07,fallowfield-local-manchester-fallowfield-2026-05-07,Fallowfield,manchester,Manchester,,1,2552.0,0.520376,0.5,0.020376,0
2026,local.manchester.gorton-abbey-hey.2026-05-07,gorton-and-abbey-hey-local-manchester-gorton-abbey-hey-2026-05-07,Gorton and Abbey Hey,manchester,Manchester,,1,4058.0,0.36693,0.5,-0.13307,1
2026,local.manchester.harpurhey.2026-05-07,harpurhey-local-manchester-harpurhey-2026-05-07,Harpurhey,manchester,Manchester,,1,3000.0,0.378333,0.5,-0.121667,1
2026,local.manchester.higher-blackley.2026-05-07,higher-blackley-local-manchester-higher-blackley-2026-05-07,Higher Blackley,manchester,Manchester,,1,3503.0,0.309449,0.5,-0.190551,1
2026,local.manchester.hulme.2026-05-07,hulme-local-manchester-hulme-2026-05-07,Hulme,manchester,Manchester,,1,3757.0,0.548044,0.5,0.048044,0
2026,local.manchester.levenshulme.2026-05-07,levenshulme-local-manchester-levenshulme-2026-05-07,Levenshulme,manchester,Manchester,,1,5539.0,0.554793,0.5,0.054793,0
2026,local.manchester.longsight.2026-05-07,longsight-local-manchester-longsight-2026-05-07,Longsight,manchester,Manchester,,1,4863.0,0.474399,0.5,-0.025601,1
2026,local.manchester.miles-platting-newton-heath.2026-05-07,miles-platting-and-newton-heath-local-manchester-miles-platting-newton-heath-2026-05-07,Miles Platting and Newton Heath,manchester,Manchester,,1,3626.0,0.342802,0.5,-0.157198,1
2026,local.manchester.moss-side.2026-05-07,moss-side-local-manchester-moss-side-2026-05-07,Moss Side,manchester,Manchester,,1,4199.0,0.564658,0.5,0.064658,0
2026,local.manchester.moston.2026-05-07,moston-local-manchester-moston-2026-05-07,Moston,manchester,Manchester,,1,4122.0,0.408297,0.5,-0.091703,1
2026,local.manchester.northenden.2026-05-07,northenden-local-manchester-northenden-2026-05-07,Northenden,manchester,Manchester,,1,3841.0,0.381411,0.5,-0.118589,1
2026,local.manchester.old-moat.2026-05-07,old-moat-local-manchester-old-moat-2026-05-07,Old Moat,manchester,Manchester,,1,3764.0,0.485919,0.5,-0.014081,1
2026,local.manchester.piccadilly.2026-05-07,piccadilly-local-manchester-piccadilly-2026-05-07,Piccadilly,manchester,Manchester,,1,3307.0,0.509223,0.5,0.009223,0
2026,local.manchester.rusholme.2026-05-07,rusholme-local-manchester-rusholme-2026-05-07,Rusholme,manchester,Manchester,,1,3961.0,0.484474,0.5,-0.015526,1
2026,local.manchester.sharston.2026-05-07,sharston-local-manchester-sharston-2026-05-07,Sharston,manchester,Manchester,,1,3147.0,0.382269,0.5,-0.117731,1
2026,local.manchester.whalley-range.2026-05-07,whalley-range-local-manchester-whalley-range-2026-05-07,Whalley Range,manchester,Manchester,,1,4636.0,0.538827,0.5,0.038827,0
2026,local.manchester.withington.2026-05-07,withington-local-manchester-withington-2026-05-07,Withington,manchester,Manchester,,1,3929.0,0.408246,0.5,-0.091754,1
2026,local.manchester.woodhouse-park.2026-05-07,woodhouse-park-local-manchester-woodhouse-park-2026-05-07,Woodhouse Park,manchester,Manchester,,1,3040.0,0.464145,0.5,-0.035855,1
2026,local.merton.abbey.2026-05-07,abbey-local-merton-abbey-2026-05-07,Abbey,merton,Merton,,3,3425.6666666666665,0.399922,0.25,0.149922,0
2026,local.merton.cannon-hill.2026-05-07,cannon-hill-local-merton-cannon-hill-2026-05-07,Cannon Hill,merton,Merton,,3,3791.3333333333335,0.337085,0.25,0.087085,0
2026,local.merton.colliers-wood.2026-05-07,colliers-wood-local-merton-colliers-wood-2026-05-07,Colliers Wood,merton,Merton,,3,3825.6666666666665,0.39052,0.25,0.14052,0
2026,local.merton.cricket-green.2026-05-07,cricket-green-local-merton-cricket-green-2026-05-07,Cricket Green,merton,Merton,,3,2900.333333333333,0.514424,0.25,0.264424,0
2026,local.merton.figges-marsh.2026-05-07,figge-s-marsh-local-merton-figges-marsh-2026-05-07,Figge's Marsh,merton,Merton,,3,2545.0,0.519843,0.25,0.269843,0
2026,local.merton.graveney.2026-05-07,graveney-local-merton-graveney-2026-05-07,Graveney,merton,Merton,,3,3129.6666666666665,0.499095,0.25,0.249095,0
2026,local.merton.hillside.2026-05-07,hillside-local-merton-hillside-2026-05-07,Hillside,merton,Merton,,2,2968.5,0.366852,0.333333,0.033519,0
2026,local.merton.lavender-fields.2026-05-07,lavender-fields-local-merton-lavender-fields-2026-05-07,Lavender Fields,merton,Merton,,3,2761.0,0.407823,0.25,0.157823,0
2026,local.merton.longthornton.2026-05-07,longthornton-local-merton-longthornton-2026-05-07,Longthornton,merton,Merton,,3,2794.333333333333,0.52678,0.25,0.27678,0
2026,local.merton.lower-morden.2026-05-07,lower-morden-local-merton-lower-morden-2026-05-07,Lower Morden,merton,Merton,,3,4229.0,0.326082,0.25,0.076082,0
2026,local.merton.merton-park.2026-05-07,merton-park-local-merton-merton-park-2026-05-07,Merton Park,merton,Merton,,2,3147.0,0.571338,0.333333,0.238004,0
2026,local.merton.pollards-hill.2026-05-07,pollards-hill-local-merton-pollards-hill-2026-05-07,Pollards Hill,merton,Merton,,3,2663.0,0.584303,0.25,0.334303,0
2026,local.merton.ravensbury.2026-05-07,ravensbury-local-merton-ravensbury-2026-05-07,Ravensbury,merton,Merton,,3,2788.333333333333,0.415302,0.25,0.165302,0
2026,local.merton.raynes-park.2026-05-07,raynes-park-local-merton-raynes-park-2026-05-07,Raynes Park,merton,Merton,,3,4117.666666666667,0.503198,0.25,0.253198,0
2026,local.merton.st-helier.2026-05-07,st-helier-local-merton-st-helier-2026-05-07,St Helier,merton,Merton,,3,3042.333333333333,0.373069,0.25,0.123069,0
2026,local.merton.village.2026-05-07,village-local-merton-village-2026-05-07,Village,merton,Merton,,3,4481.0,0.432716,0.25,0.182716,0
2026,local.merton.wandle.2026-05-07,wandle-local-merton-wandle-2026-05-07,Wandle,merton,Merton,,2,2676.0,0.402093,0.333333,0.068759,0
2026,local.merton.west-barnes.2026-05-07,west-barnes-local-merton-west-barnes-2026-05-07,West Barnes,merton,Merton,,3,3643.6666666666665,0.422651,0.25,0.172651,0
2026,local.merton.wimbledon-park.2026-05-07,wimbledon-park-local-merton-wimbledon-park-2026-05-07,Wimbledon Park,merton,Merton,,3,3642.0,0.487919,0.25,0.237919,0
2026,local.merton.wimbledon-town-dundonald.2026-05-07,wimbledon-town-and-dundonald-local-merton-wimbledon-town-dundonald-2026-05-07,Wimbledon Town and Dundonald,merton,Merton,,3,4371.0,0.523221,0.25,0.273221,0
2026,local.milton-keynes.bletchley-park-fenny-stratford.2026-05-07,bletchley-park-and-fenny-stratford-local-milton-keynes-bletchley-park-fenny-stratford-2026-05-07,Bletchley Park and Fenny Stratford,milton-keynes,Milton Keynes,,3,4183.666666666667,0.324596,0.25,0.074596,0
2026,local.milton-keynes.bletchley-south.2026-05-07,bletchley-south-local-milton-keynes-bletchley-south-2026-05-07,Bletchley South,milton-keynes,Milton Keynes,,3,3167.6666666666665,0.349784,0.25,0.099784,0
2026,local.milton-keynes.bletchley-west.2026-05-07,bletchley-west-local-milton-keynes-bletchley-west-2026-05-07,Bletchley West,milton-keynes,Milton Keynes,,3,3984.3333333333335,0.340584,0.25,0.090584,0
2026,local.milton-keynes.bradwell.2026-05-07,bradwell-local-milton-keynes-bradwell-2026-05-07,Bradwell,milton-keynes,Milton Keynes,,3,4625.333333333333,0.395215,0.25,0.145215,0
2026,local.milton-keynes.broughton-moulsoe.2026-05-07,broughton-and-moulsoe-local-milton-keynes-broughton-moulsoe-2026-05-07,Broughton and Moulsoe,milton-keynes,Milton Keynes,,3,2741.0,0.402408,0.25,0.152408,0
2026,local.milton-keynes.campbell-park-willen.2026-05-07,campbell-park-and-willen-local-milton-keynes-campbell-park-willen-2026-05-07,Campbell Park and Willen,milton-keynes,Milton Keynes,,3,4265.0,0.343728,0.25,0.093728,0
2026,local.milton-keynes.central-milton-keynes.2026-05-07,central-milton-keynes-local-milton-keynes-central-milton-keynes-2026-05-07,Central Milton Keynes,milton-keynes,Milton Keynes,,3,2785.333333333333,0.326711,0.25,0.076711,0
2026,local.milton-keynes.danesborough.2026-05-07,danesborough-local-milton-keynes-danesborough-2026-05-07,Danesborough,milton-keynes,Milton Keynes,,3,3875.3333333333335,0.381387,0.25,0.131387,0
2026,local.milton-keynes.furzton.2026-05-07,furzton-local-milton-keynes-furzton-2026-05-07,Furzton,milton-keynes,Milton Keynes,,3,4984.666666666667,0.281263,0.25,0.031263,0
2026,local.milton-keynes.great-linford.2026-05-07,great-linford-local-milton-keynes-great-linford-2026-05-07,Great Linford,milton-keynes,Milton Keynes,,3,4250.0,0.298118,0.25,0.048118,0
2026,local.milton-keynes.hanslope.2026-05-07,hanslope-local-milton-keynes-hanslope-2026-05-07,Hanslope,milton-keynes,Milton Keynes,,1,2084.0,0.485125,0.5,-0.014875,1
2026,local.milton-keynes.new-bradwell.2026-05-07,new-bradwell-local-milton-keynes-new-bradwell-2026-05-07,New Bradwell,milton-keynes,Milton Keynes,,2,2606.0,0.321182,0.333333,-0.012151,1
2026,local.milton-keynes.newport-pagnell.2026-05-07,newport-pagnell-local-milton-keynes-newport-pagnell-2026-05-07,Newport Pagnell,milton-keynes,Milton Keynes,,3,5197.0,0.409275,0.25,0.159275,0
2026,local.milton-keynes.olney-rural.2026-05-07,olney-and-rural-local-milton-keynes-olney-rural-2026-05-07,Olney and Rural,milton-keynes,Milton Keynes,,3,5166.0,0.387921,0.25,0.137921,0
2026,local.milton-keynes.ouzel-valley.2026-05-07,ouzel-valley-local-milton-keynes-ouzel-valley-2026-05-07,Ouzel Valley,milton-keynes,Milton Keynes,,3,3517.6666666666665,0.305885,0.25,0.055885,0
2026,local.milton-keynes.stony-stratford.2026-05-07,stony-stratford-local-milton-keynes-stony-stratford-2026-05-07,Stony Stratford,milton-keynes,Milton Keynes,,3,3797.3333333333335,0.361306,0.25,0.111306,0
2026,local.milton-keynes.tattenhoe.2026-05-07,tattenhoe-local-milton-keynes-tattenhoe-2026-05-07,Tattenhoe,milton-keynes,Milton Keynes,,3,4139.0,0.38246,0.25,0.13246,0
2026,local.milton-keynes.walton.2026-05-07,walton-local-milton-keynes-walton-2026-05-07,Walton,milton-keynes,Milton Keynes,,3,4237.333333333333,0.292873,0.25,0.042873,0
2026,local.milton-keynes.watling.2026-05-07,watling-local-milton-keynes-watling-2026-05-07,Watling,milton-keynes,Milton Keynes,,3,5590.0,0.278712,0.25,0.028712,0
2026,local.milton-keynes.wolverton.2026-05-07,wolverton-local-milton-keynes-wolverton-2026-05-07,Wolverton,milton-keynes,Milton Keynes,,3,3969.0,0.368103,0.25,0.118103,0
2026,local.milton-keynes.woughton-fishermead.2026-05-07,woughton-and-fishermead-local-milton-keynes-woughton-fishermead-2026-05-07,Woughton and Fishermead,milton-keynes,Milton Keynes,,3,2785.333333333333,0.352561,0.25,0.102561,0
2026,local.newcastle-under-lyme.audley.2026-05-07,audley-local-newcastle-under-lyme-audley-2026-05-07,Audley,newcastle-under-lyme,Newcastle-under-Lyme,,3,2315.6666666666665,0.37052,0.25,0.12052,0
2026,local.newcastle-under-lyme.bradwell.2026-05-07,bradwell-local-newcastle-under-lyme-bradwell-2026-05-07,Bradwell,newcastle-under-lyme,Newcastle-under-Lyme,,3,2161.333333333333,0.473782,0.25,0.223782,0
2026,local.newcastle-under-lyme.clayton.2026-05-07,clayton-local-newcastle-under-lyme-clayton-2026-05-07,Clayton,newcastle-under-lyme,Newcastle-under-Lyme,,1,896.0,0.359375,0.5,-0.140625,1
2026,local.newcastle-under-lyme.crackley-red-street.2026-05-07,crackley-and-red-street-local-newcastle-under-lyme-crackley-red-street-2026-05-07,Crackley and Red Street,newcastle-under-lyme,Newcastle-under-Lyme,,2,1532.0,0.512402,0.333333,0.179069,0
2026,local.newcastle-under-lyme.cross-heath.2026-05-07,cross-heath-local-newcastle-under-lyme-cross-heath-2026-05-07,Cross Heath,newcastle-under-lyme,Newcastle-under-Lyme,,2,1375.5,0.428208,0.333333,0.094875,0
2026,local.newcastle-under-lyme.holditch-chesterton.2026-05-07,holditch-and-chesterton-local-newcastle-under-lyme-holditch-chesterton-2026-05-07,Holditch and Chesterton,newcastle-under-lyme,Newcastle-under-Lyme,,2,1038.5,0.533462,0.333333,0.200128,0
2026,local.newcastle-under-lyme.keele.2026-05-07,keele-local-newcastle-under-lyme-keele-2026-05-07,Keele,newcastle-under-lyme,Newcastle-under-Lyme,,1,474.0,0.301688,0.5,-0.198312,1
2026,local.newcastle-under-lyme.kidsgrove-ravenscliffe.2026-05-07,kidsgrove-and-ravenscliffe-local-newcastle-under-lyme-kidsgrove-ravenscliffe-2026-05-07,Kidsgrove and Ravenscliffe,newcastle-under-lyme,Newcastle-under-Lyme,,3,2171.6666666666665,0.518496,0.25,0.268496,0
2026,local.newcastle-under-lyme.knutton.2026-05-07,knutton-local-newcastle-under-lyme-knutton-2026-05-07,Knutton,newcastle-under-lyme,Newcastle-under-Lyme,,1,542.0,0.662362,0.5,0.162362,0
2026,local.newcastle-under-lyme.loggerheads.2026-05-07,loggerheads-local-newcastle-under-lyme-loggerheads-2026-05-07,Loggerheads,newcastle-under-lyme,Newcastle-under-Lyme,,2,1700.0,0.429412,0.333333,0.096078,0
2026,local.newcastle-under-lyme.madeley-betley.2026-05-07,madeley-and-betley-local-newcastle-under-lyme-madeley-betley-2026-05-07,Madeley and Betley,newcastle-under-lyme,Newcastle-under-Lyme,,2,1849.0,0.449973,0.333333,0.11664,0
2026,local.newcastle-under-lyme.maer-whitmore.2026-05-07,maer-and-whitmore-local-newcastle-under-lyme-maer-whitmore-2026-05-07,Maer and Whitmore,newcastle-under-lyme,Newcastle-under-Lyme,,1,1122.0,0.500891,0.5,0.000891,0
2026,local.newcastle-under-lyme.may-bank.2026-05-07,may-bank-local-newcastle-under-lyme-may-bank-2026-05-07,May Bank,newcastle-under-lyme,Newcastle-under-Lyme,,3,2469.6666666666665,0.337697,0.25,0.087697,0
2026,local.newcastle-under-lyme.newchapel-mow-cop.2026-05-07,newchapel-and-mow-cop-local-newcastle-under-lyme-newchapel-mow-cop-2026-05-07,Newchapel and Mow Cop,newcastle-under-lyme,Newcastle-under-Lyme,,2,1769.0,0.51498,0.333333,0.181647,0
2026,local.newcastle-under-lyme.silverdale.2026-05-07,silverdale-local-newcastle-under-lyme-silverdale-2026-05-07,Silverdale,newcastle-under-lyme,Newcastle-under-Lyme,,2,1311.0,0.51106,0.333333,0.177727,0
2026,local.newcastle-under-lyme.talke-butt-lane.2026-05-07,talke-and-butt-lane-local-newcastle-under-lyme-talke-butt-lane-2026-05-07,Talke and Butt Lane,newcastle-under-lyme,Newcastle-under-Lyme,,3,2258.333333333333,0.541993,0.25,0.291993,0
2026,local.newcastle-under-lyme.thistleberry.2026-05-07,thistleberry-local-newcastle-under-lyme-thistleberry-2026-05-07,Thistleberry,newcastle-under-lyme,Newcastle-under-Lyme,,2,1500.0,0.369333,0.333333,0.036,0
2026,local.newcastle-under-lyme.town.2026-05-07,town-local-newcastle-under-lyme-town-2026-05-07,Town,newcastle-under-lyme,Newcastle-under-Lyme,,2,1145.0,0.289083,0.333333,-0.04425,1
2026,local.newcastle-under-lyme.westbury-park-northwood.2026-05-07,westbury-park-and-northwood-local-newcastle-under-lyme-westbury-park-northwood-2026-05-07,Westbury Park and Northwood,newcastle-under-lyme,Newcastle-under-Lyme,,2,1698.0,0.397527,0.333333,0.064193,0
2026,local.newcastle-under-lyme.westlands.2026-05-07,westlands-local-newcastle-under-lyme-westlands-2026-05-07,Westlands,newcastle-under-lyme,Newcastle-under-Lyme,,3,3004.6666666666665,0.42667,0.25,0.17667,0
2026,local.newcastle-under-lyme.wolstanton.2026-05-07,wolstanton-local-newcastle-under-lyme-wolstanton-2026-05-07,Wolstanton,newcastle-under-lyme,Newcastle-under-Lyme,,2,1598.0,0.402378,0.333333,0.069045,0
2026,local.newcastle-upon-tyne.arthurs-hill.2026-05-07,arthur-s-hill-local-newcastle-upon-tyne-arthurs-hill-2026-05-07,Arthur's Hill,newcastle-upon-tyne,Newcastle upon Tyne,,3,2588.333333333333,0.471346,0.25,0.221346,0
2026,local.newcastle-upon-tyne.benwell-scotswood-denton-burn.2026-05-07,benwell-scotswood-and-denton-burn-local-newcastle-upon-tyne-benwell-scotswood-denton-burn-2026-05-07,"Benwell, Scotswood and Denton Burn",newcastle-upon-tyne,Newcastle upon Tyne,,3,2341.6666666666665,0.338221,0.25,0.088221,0
2026,local.newcastle-upon-tyne.blakelaw-cowgate.2026-05-07,blakelaw-and-cowgate-local-newcastle-upon-tyne-blakelaw-cowgate-2026-05-07,Blakelaw and Cowgate,newcastle-upon-tyne,Newcastle upon Tyne,,3,2244.6666666666665,0.371547,0.25,0.121547,0
2026,local.newcastle-upon-tyne.byker.2026-05-07,byker-local-newcastle-upon-tyne-byker-2026-05-07,Byker,newcastle-upon-tyne,Newcastle upon Tyne,,3,2476.333333333333,0.56616,0.25,0.31616,0
2026,local.newcastle-upon-tyne.castle.2026-05-07,castle-local-newcastle-upon-tyne-castle-2026-05-07,Castle,newcastle-upon-tyne,Newcastle upon Tyne,,3,3115.333333333333,0.338327,0.25,0.088327,0
2026,local.newcastle-upon-tyne.chapel.2026-05-07,chapel-local-newcastle-upon-tyne-chapel-2026-05-07,Chapel,newcastle-upon-tyne,Newcastle upon Tyne,,3,3815.3333333333335,0.498777,0.25,0.248777,0
2026,local.newcastle-upon-tyne.dene-south-gosforth.2026-05-07,dene-and-south-gosforth-local-newcastle-upon-tyne-dene-south-gosforth-2026-05-07,Dene and South Gosforth,newcastle-upon-tyne,Newcastle upon Tyne,,3,4246.666666666667,0.444113,0.25,0.194113,0
2026,local.newcastle-upon-tyne.denton-westerhope.2026-05-07,denton-and-westerhope-local-newcastle-upon-tyne-denton-westerhope-2026-05-07,Denton and Westerhope,newcastle-upon-tyne,Newcastle upon Tyne,,3,2625.0,0.384381,0.25,0.134381,0
2026,local.newcastle-upon-tyne.elswick.2026-05-07,elswick-local-newcastle-upon-tyne-elswick-2026-05-07,Elswick,newcastle-upon-tyne,Newcastle upon Tyne,,3,2537.0,0.447379,0.25,0.197379,0
2026,local.newcastle-upon-tyne.fawdon-west-gosforth.2026-05-07,fawdon-and-west-gosforth-local-newcastle-upon-tyne-fawdon-west-gosforth-2026-05-07,Fawdon and West Gosforth,newcastle-upon-tyne,Newcastle upon Tyne,,3,3736.0,0.480728,0.25,0.230728,0
2026,local.newcastle-upon-tyne.gosforth.2026-05-07,gosforth-local-newcastle-upon-tyne-gosforth-2026-05-07,Gosforth,newcastle-upon-tyne,Newcastle upon Tyne,,3,4692.0,0.405797,0.25,0.155797,0
2026,local.newcastle-upon-tyne.heaton.2026-05-07,heaton-local-newcastle-upon-tyne-heaton-2026-05-07,Heaton,newcastle-upon-tyne,Newcastle upon Tyne,,3,4247.0,0.533553,0.25,0.283553,0
2026,local.newcastle-upon-tyne.jesmond.2026-05-07,jesmond-local-newcastle-upon-tyne-jesmond-2026-05-07,Jesmond,newcastle-upon-tyne,Newcastle upon Tyne,,3,3412.0,0.425264,0.25,0.175264,0
2026,local.newcastle-upon-tyne.kenton.2026-05-07,kenton-local-newcastle-upon-tyne-kenton-2026-05-07,Kenton,newcastle-upon-tyne,Newcastle upon Tyne,,3,2898.6666666666665,0.337397,0.25,0.087397,0
2026,local.newcastle-upon-tyne.kingston-park-dinnington.2026-05-07,kingston-park-and-dinnington-local-newcastle-upon-tyne-kingston-park-dinnington-2026-05-07,Kingston Park and Dinnington,newcastle-upon-tyne,Newcastle upon Tyne,,3,3767.6666666666665,0.411926,0.25,0.161926,0
2026,local.newcastle-upon-tyne.lemington.2026-05-07,lemington-local-newcastle-upon-tyne-lemington-2026-05-07,Lemington,newcastle-upon-tyne,Newcastle upon Tyne,,3,2685.6666666666665,0.486658,0.25,0.236658,0
2026,local.newcastle-upon-tyne.manor-park.2026-05-07,manor-park-local-newcastle-upon-tyne-manor-park-2026-05-07,Manor Park,newcastle-upon-tyne,Newcastle upon Tyne,,3,3468.6666666666665,0.465885,0.25,0.215885,0
2026,local.newcastle-upon-tyne.monument.2026-05-07,monument-local-newcastle-upon-tyne-monument-2026-05-07,Monument,newcastle-upon-tyne,Newcastle upon Tyne,,3,2018.3333333333333,0.475145,0.25,0.225145,0
2026,local.newcastle-upon-tyne.newbiggin-hall-callerton.2026-05-07,newbiggin-hall-and-callerton-local-newcastle-upon-tyne-newbiggin-hall-callerton-2026-05-07,Newbiggin Hall and Callerton,newcastle-upon-tyne,Newcastle upon Tyne,,3,2711.0,0.448543,0.25,0.198543,0
2026,local.newcastle-upon-tyne.ouseburn.2026-05-07,ouseburn-local-newcastle-upon-tyne-ouseburn-2026-05-07,Ouseburn,newcastle-upon-tyne,Newcastle upon Tyne,,3,3350.6666666666665,0.565858,0.25,0.315858,0
2026,local.newcastle-upon-tyne.parklands-north-gosforth.2026-05-07,parklands-and-north-gosforth-local-newcastle-upon-tyne-parklands-north-gosforth-2026-05-07,Parklands and North Gosforth,newcastle-upon-tyne,Newcastle upon Tyne,,3,3832.3333333333335,0.513003,0.25,0.263003,0
2026,local.newcastle-upon-tyne.throckley-walbottle-newburn.2026-05-07,throckley-walbottle-and-newburn-local-newcastle-upon-tyne-throckley-walbottle-newburn-2026-05-07,"Throckley, Walbottle and Newburn",newcastle-upon-tyne,Newcastle upon Tyne,,3,3010.333333333333,0.430849,0.25,0.180849,0
2026,local.newcastle-upon-tyne.walker.2026-05-07,walker-local-newcastle-upon-tyne-walker-2026-05-07,Walker,newcastle-upon-tyne,Newcastle upon Tyne,,3,2494.0,0.415397,0.25,0.165397,0
2026,local.newcastle-upon-tyne.walkergate.2026-05-07,walkergate-local-newcastle-upon-tyne-walkergate-2026-05-07,Walkergate,newcastle-upon-tyne,Newcastle upon Tyne,,3,2998.0,0.474983,0.25,0.224983,0
2026,local.newcastle-upon-tyne.west-fenham.2026-05-07,west-fenham-local-newcastle-upon-tyne-west-fenham-2026-05-07,West Fenham,newcastle-upon-tyne,Newcastle upon Tyne,,3,2820.333333333333,0.359887,0.25,0.109887,0
2026,local.newcastle-upon-tyne.wingrove.2026-05-07,wingrove-local-newcastle-upon-tyne-wingrove-2026-05-07,Wingrove,newcastle-upon-tyne,Newcastle upon Tyne,,3,3013.0,0.420179,0.25,0.170179,0
2026,local.newham.beckton.2026-05-07,beckton-local-newham-beckton-2026-05-07,Beckton,newham,Newham,,3,2891.6666666666665,0.287378,0.25,0.037378,0
2026,local.newham.boleyn.2026-05-07,boleyn-local-newham-boleyn-2026-05-07,Boleyn,newham,Newham,,3,4294.333333333333,0.362105,0.25,0.112105,0
2026,local.newham.canning-town-north.2026-05-07,canning-town-north-local-newham-canning-town-north-2026-05-07,Canning Town North,newham,Newham,,3,1998.3333333333333,0.316264,0.25,0.066264,0
2026,local.newham.canning-town-south.2026-05-07,canning-town-south-local-newham-canning-town-south-2026-05-07,Canning Town South,newham,Newham,,3,1713.3333333333333,0.266732,0.25,0.016732,0
2026,local.newham.custom-house.2026-05-07,custom-house-local-newham-custom-house-2026-05-07,Custom House,newham,Newham,,3,3177.333333333333,0.26689,0.25,0.01689,0
2026,local.newham.east-ham.2026-05-07,east-ham-local-newham-east-ham-2026-05-07,East Ham,newham,Newham,,3,3957.3333333333335,0.347709,0.25,0.097709,0
2026,local.newham.east-ham-south.2026-05-07,east-ham-south-local-newham-east-ham-south-2026-05-07,East Ham South,newham,Newham,,3,4385.333333333333,0.25152,0.25,0.00152,0
2026,local.newham.forest-gate-north.2026-05-07,forest-gate-north-local-newham-forest-gate-north-2026-05-07,Forest Gate North,newham,Newham,,2,3063.5,0.356455,0.333333,0.023122,0
2026,local.newham.forest-gate-south.2026-05-07,forest-gate-south-local-newham-forest-gate-south-2026-05-07,Forest Gate South,newham,Newham,,3,4188.666666666667,0.341159,0.25,0.091159,0
2026,local.newham.green-street-east.2026-05-07,green-street-east-local-newham-green-street-east-2026-05-07,Green Street East,newham,Newham,,3,3926.3333333333335,0.358859,0.25,0.108859,0
2026,local.newham.green-street-west.2026-05-07,green-street-west-local-newham-green-street-west-2026-05-07,Green Street West,newham,Newham,,3,3607.0,0.381758,0.25,0.131758,0
2026,local.newham.little-ilford.2026-05-07,little-ilford-local-newham-little-ilford-2026-05-07,Little Ilford,newham,Newham,,3,4229.666666666667,0.37568,0.25,0.12568,0
2026,local.newham.manor-park.2026-05-07,manor-park-local-newham-manor-park-2026-05-07,Manor Park,newham,Newham,,3,3943.0,0.335785,0.25,0.085785,0
2026,local.newham.maryland.2026-05-07,maryland-local-newham-maryland-2026-05-07,Maryland,newham,Newham,,2,2676.5,0.297777,0.333333,-0.035556,1
2026,local.newham.plaistow-north.2026-05-07,plaistow-north-local-newham-plaistow-north-2026-05-07,Plaistow North,newham,Newham,,3,3596.6666666666665,0.321965,0.25,0.071965,0
2026,local.newham.plaistow-south.2026-05-07,plaistow-south-local-newham-plaistow-south-2026-05-07,Plaistow South,newham,Newham,,3,2871.333333333333,0.321453,0.25,0.071453,0
2026,local.newham.plaistow-west-canning-town-east.2026-05-07,plaistow-west-and-canning-town-east-local-newham-plaistow-west-canning-town-east-2026-05-07,Plaistow West and Canning Town East,newham,Newham,,3,3199.6666666666665,0.294406,0.25,0.044406,0
2026,local.newham.plashet.2026-05-07,plashet-local-newham-plashet-2026-05-07,Plashet,newham,Newham,,2,3021.0,0.481298,0.333333,0.147964,0
2026,local.newham.royal-albert.2026-05-07,royal-albert-local-newham-royal-albert-2026-05-07,Royal Albert,newham,Newham,,2,1847.0,0.287493,0.333333,-0.04584,1
2026,local.newham.royal-victoria.2026-05-07,royal-victoria-local-newham-royal-victoria-2026-05-07,Royal Victoria,newham,Newham,,2,2744.0,0.38484,0.333333,0.051506,0
2026,local.newham.stratford.2026-05-07,stratford-local-newham-stratford-2026-05-07,Stratford,newham,Newham,,3,2950.0,0.46,0.25,0.21,0
2026,local.newham.stratford-olympic-park.2026-05-07,stratford-olympic-park-local-newham-stratford-olympic-park-2026-05-07,Stratford Olympic Park,newham,Newham,,2,2525.5,0.58721,0.333333,0.253877,0
2026,local.newham.wall-end.2026-05-07,wall-end-local-newham-wall-end-2026-05-07,Wall End,newham,Newham,,3,4173.333333333333,0.303834,0.25,0.053834,0
2026,local.newham.west-ham.2026-05-07,west-ham-local-newham-west-ham-2026-05-07,West Ham,newham,Newham,,3,3049.6666666666665,0.326593,0.25,0.076593,0
2026,local.norfolk.acle.2026-05-07,acle-local-norfolk-acle-2026-05-07,Acle,norfolk,Norfolk,,1,4204.0,0.392959,0.5,-0.107041,1
2026,local.norfolk.attleborough.2026-05-07,attleborough-local-norfolk-attleborough-2026-05-07,Attleborough,norfolk,Norfolk,,1,2926.0,0.489747,0.5,-0.010253,1
2026,local.norfolk.aylsham.2026-05-07,aylsham-local-norfolk-aylsham-2026-05-07,Aylsham,norfolk,Norfolk,,1,4300.0,0.45,0.5,-0.05,1
2026,local.norfolk.blofield-brundall.2026-05-07,blofield-and-brundall-local-norfolk-blofield-brundall-2026-05-07,Blofield and Brundall,norfolk,Norfolk,,1,4927.0,0.361275,0.5,-0.138725,1
2026,local.norfolk.bowthorpe.2026-05-07,bowthorpe-local-norfolk-bowthorpe-2026-05-07,Bowthorpe,norfolk,Norfolk,,1,3132.0,0.347701,0.5,-0.152299,1
2026,local.norfolk.breydon.2026-05-07,breydon-local-norfolk-breydon-2026-05-07,Breydon,norfolk,Norfolk,,1,3961.0,0.46049,0.5,-0.03951,1
2026,local.norfolk.catton-grove.2026-05-07,catton-grove-local-norfolk-catton-grove-2026-05-07,Catton Grove,norfolk,Norfolk,,1,3224.0,0.306452,0.5,-0.193548,1
2026,local.norfolk.clenchwarton-kings-lynn-south.2026-05-07,clenchwarton-and-king-s-lynn-south-local-norfolk-clenchwarton-kings-lynn-south-2026-05-07,Clenchwarton and King's Lynn South,norfolk,Norfolk,,1,2752.0,0.390988,0.5,-0.109012,1
2026,local.norfolk.coltishall-spixworth.2026-05-07,coltishall-and-spixworth-local-norfolk-coltishall-spixworth-2026-05-07,Coltishall and Spixworth,norfolk,Norfolk,,1,4063.0,0.444253,0.5,-0.055747,1
2026,local.norfolk.costessey.2026-05-07,costessey-local-norfolk-costessey-2026-05-07,Costessey,norfolk,Norfolk,,1,4246.0,0.325954,0.5,-0.174046,1
2026,local.norfolk.crome.2026-05-07,crome-local-norfolk-crome-2026-05-07,Crome,norfolk,Norfolk,,1,3356.0,0.350119,0.5,-0.149881,1
2026,local.norfolk.cromer.2026-05-07,cromer-local-norfolk-cromer-2026-05-07,Cromer,norfolk,Norfolk,,1,4261.0,0.588125,0.5,0.088125,0
2026,local.norfolk.dereham-north-scarning.2026-05-07,dereham-north-and-scarning-local-norfolk-dereham-north-scarning-2026-05-07,Dereham North and Scarning,norfolk,Norfolk,,1,3237.0,0.372258,0.5,-0.127742,1
2026,local.norfolk.dereham-south.2026-05-07,dereham-south-local-norfolk-dereham-south-2026-05-07,Dereham South,norfolk,Norfolk,,1,3305.0,0.421483,0.5,-0.078517,1
2026,local.norfolk.dersingham.2026-05-07,dersingham-local-norfolk-dersingham-2026-05-07,Dersingham,norfolk,Norfolk,,1,4033.0,0.359782,0.5,-0.140218,1
2026,local.norfolk.diss-roydon.2026-05-07,diss-and-roydon-local-norfolk-diss-roydon-2026-05-07,Diss and Roydon,norfolk,Norfolk,,1,3624.0,0.343267,0.5,-0.156733,1
2026,local.norfolk.docking.2026-05-07,docking-local-norfolk-docking-2026-05-07,Docking,norfolk,Norfolk,,1,3998.0,0.377189,0.5,-0.122811,1
2026,local.norfolk.downham-market.2026-05-07,downham-market-local-norfolk-downham-market-2026-05-07,Downham Market,norfolk,Norfolk,,1,3598.0,0.394108,0.5,-0.105892,1
2026,local.norfolk.drayton-horsford.2026-05-07,drayton-and-horsford-local-norfolk-drayton-horsford-2026-05-07,Drayton and Horsford,norfolk,Norfolk,,1,4140.0,0.365217,0.5,-0.134783,1
2026,local.norfolk.east-depwade.2026-05-07,east-depwade-local-norfolk-east-depwade-2026-05-07,East Depwade,norfolk,Norfolk,,1,4505.0,0.288568,0.5,-0.211432,1
2026,local.norfolk.eaton.2026-05-07,eaton-local-norfolk-eaton-2026-05-07,Eaton,norfolk,Norfolk,,1,4700.0,0.418511,0.5,-0.081489,1
2026,local.norfolk.elmham-mattishall.2026-05-07,elmham-and-mattishall-local-norfolk-elmham-mattishall-2026-05-07,Elmham and Mattishall,norfolk,Norfolk,,1,4043.0,0.35073,0.5,-0.14927,1
2026,local.norfolk.erpingham.2026-05-07,erpingham-local-norfolk-erpingham-2026-05-07,Erpingham,norfolk,Norfolk,,1,4277.0,0.47884,0.5,-0.02116,1
2026,local.norfolk.fakenham-the-raynhams.2026-05-07,fakenham-and-the-raynhams-local-norfolk-fakenham-the-raynhams-2026-05-07,Fakenham and the Raynhams,norfolk,Norfolk,,1,3496.0,0.376716,0.5,-0.123284,1
2026,local.norfolk.feltwell.2026-05-07,feltwell-local-norfolk-feltwell-2026-05-07,Feltwell,norfolk,Norfolk,,1,3632.0,0.459526,0.5,-0.040474,1
2026,local.norfolk.forehoe.2026-05-07,forehoe-local-norfolk-forehoe-2026-05-07,Forehoe,norfolk,Norfolk,,1,4183.0,0.28305,0.5,-0.21695,1
2026,local.norfolk.freebridge-lynn.2026-05-07,freebridge-lynn-local-norfolk-freebridge-lynn-2026-05-07,Freebridge Lynn,norfolk,Norfolk,,1,3942.0,0.325977,0.5,-0.174023,1
2026,local.norfolk.gaywood-north-central.2026-05-07,gaywood-north-and-central-local-norfolk-gaywood-north-central-2026-05-07,Gaywood North and Central,norfolk,Norfolk,,1,3491.0,0.457462,0.5,-0.042538,1
2026,local.norfolk.gaywood-south.2026-05-07,gaywood-south-local-norfolk-gaywood-south-2026-05-07,Gaywood South,norfolk,Norfolk,,1,2223.0,0.355825,0.5,-0.144175,1
2026,local.norfolk.gorleston.2026-05-07,gorleston-local-norfolk-gorleston-2026-05-07,Gorleston,norfolk,Norfolk,,1,3822.0,0.413658,0.5,-0.086342,1
2026,local.norfolk.guiltcross.2026-05-07,guiltcross-local-norfolk-guiltcross-2026-05-07,Guiltcross,norfolk,Norfolk,,1,5011.0,0.358611,0.5,-0.141389,1
2026,local.norfolk.hellesdon.2026-05-07,hellesdon-local-norfolk-hellesdon-2026-05-07,Hellesdon,norfolk,Norfolk,,1,4148.0,0.347637,0.5,-0.152363,1
2026,local.norfolk.henstead.2026-05-07,henstead-local-norfolk-henstead-2026-05-07,Henstead,norfolk,Norfolk,,1,4560.0,0.296491,0.5,-0.203509,1
2026,local.norfolk.hethersett.2026-05-07,hethersett-local-norfolk-hethersett-2026-05-07,Hethersett,norfolk,Norfolk,,1,4395.0,0.263481,0.5,-0.236519,1
2026,local.norfolk.hingham.2026-05-07,hingham-local-norfolk-hingham-2026-05-07,Hingham,norfolk,Norfolk,,1,3885.0,0.304247,0.5,-0.195753,1
2026,local.norfolk.holt.2026-05-07,holt-local-norfolk-holt-2026-05-07,Holt,norfolk,Norfolk,,1,4286.0,0.416006,0.5,-0.083994,1
2026,local.norfolk.hoveton.2026-05-07,hoveton-local-norfolk-hoveton-2026-05-07,Hoveton,norfolk,Norfolk,,1,4624.0,0.39641,0.5,-0.10359,1
2026,local.norfolk.kings-lynn-north-central.2026-05-07,king-s-lynn-north-and-central-local-norfolk-kings-lynn-north-central-2026-05-07,King's Lynn North and Central,norfolk,Norfolk,,1,1969.0,0.375825,0.5,-0.124175,1
2026,local.norfolk.lakenham.2026-05-07,lakenham-local-norfolk-lakenham-2026-05-07,Lakenham,norfolk,Norfolk,,1,3330.0,0.381982,0.5,-0.118018,1
2026,local.norfolk.launditch.2026-05-07,launditch-local-norfolk-launditch-2026-05-07,Launditch,norfolk,Norfolk,,1,4535.0,0.396472,0.5,-0.103528,1
2026,local.norfolk.loddon.2026-05-07,loddon-local-norfolk-loddon-2026-05-07,Loddon,norfolk,Norfolk,,1,5130.0,0.289084,0.5,-0.210916,1
2026,local.norfolk.long-stratton.2026-05-07,long-stratton-local-norfolk-long-stratton-2026-05-07,Long Stratton,norfolk,Norfolk,,1,4380.0,0.346347,0.5,-0.153653,1
2026,local.norfolk.lothingland.2026-05-07,lothingland-local-norfolk-lothingland-2026-05-07,Lothingland,norfolk,Norfolk,,1,3962.0,0.431095,0.5,-0.068905,1
2026,local.norfolk.magdalen.2026-05-07,magdalen-local-norfolk-magdalen-2026-05-07,Magdalen,norfolk,Norfolk,,1,3606.0,0.49584,0.5,-0.00416,1
2026,local.norfolk.mancroft.2026-05-07,mancroft-local-norfolk-mancroft-2026-05-07,Mancroft,norfolk,Norfolk,,1,3061.0,0.561254,0.5,0.061254,0
2026,local.norfolk.marshland-north.2026-05-07,marshland-north-local-norfolk-marshland-north-2026-05-07,Marshland North,norfolk,Norfolk,,1,3165.0,0.566193,0.5,0.066193,0
2026,local.norfolk.marshland-south.2026-05-07,marshland-south-local-norfolk-marshland-south-2026-05-07,Marshland South,norfolk,Norfolk,,1,3321.0,0.44053,0.5,-0.05947,1
2026,local.norfolk.mile-cross.2026-05-07,mile-cross-local-norfolk-mile-cross-2026-05-07,Mile Cross,norfolk,Norfolk,,1,3001.0,0.481839,0.5,-0.018161,1
2026,local.norfolk.nar-wissey-valleys.2026-05-07,nar-and-wissey-valleys-local-norfolk-nar-wissey-valleys-2026-05-07,Nar and Wissey Valleys,norfolk,Norfolk,,1,3731.0,0.427499,0.5,-0.072501,1
2026,local.norfolk.nelson.2026-05-07,nelson-local-norfolk-nelson-2026-05-07,Nelson,norfolk,Norfolk,,1,4760.0,0.607143,0.5,0.107143,0
2026,local.norfolk.north-caister-ormesby.2026-05-07,north-caister-and-ormesby-local-norfolk-north-caister-ormesby-2026-05-07,North Caister and Ormesby,norfolk,Norfolk,,1,4324.0,0.479186,0.5,-0.020814,1
2026,local.norfolk.north-coast.2026-05-07,north-coast-local-norfolk-north-coast-2026-05-07,North Coast,norfolk,Norfolk,,1,3866.0,0.331868,0.5,-0.168132,1
2026,local.norfolk.north-walsham-east.2026-05-07,north-walsham-east-local-norfolk-north-walsham-east-2026-05-07,North Walsham East,norfolk,Norfolk,,1,3701.0,0.498244,0.5,-0.001756,1
2026,local.norfolk.north-walsham-west-mundesley.2026-05-07,north-walsham-west-and-mundesley-local-norfolk-north-walsham-west-mundesley-2026-05-07,North Walsham West and Mundesley,norfolk,Norfolk,,1,3737.0,0.409687,0.5,-0.090313,1
2026,local.norfolk.old-catton.2026-05-07,old-catton-local-norfolk-old-catton-2026-05-07,Old Catton,norfolk,Norfolk,,1,3348.0,0.300478,0.5,-0.199522,1
2026,local.norfolk.reepham.2026-05-07,reepham-local-norfolk-reepham-2026-05-07,Reepham,norfolk,Norfolk,,1,4154.0,0.323544,0.5,-0.176456,1
2026,local.norfolk.sewell.2026-05-07,sewell-local-norfolk-sewell-2026-05-07,Sewell,norfolk,Norfolk,,1,3827.0,0.613013,0.5,0.113013,0
2026,local.norfolk.sheringham.2026-05-07,sheringham-local-norfolk-sheringham-2026-05-07,Sheringham,norfolk,Norfolk,,1,4584.0,0.460297,0.5,-0.039703,1
2026,local.norfolk.south-caister-bure.2026-05-07,south-caister-and-bure-local-norfolk-south-caister-bure-2026-05-07,South Caister and Bure,norfolk,Norfolk,,1,3937.0,0.470409,0.5,-0.029591,1
2026,local.norfolk.sprowston.2026-05-07,sprowston-local-norfolk-sprowston-2026-05-07,Sprowston,norfolk,Norfolk,,1,4321.0,0.375607,0.5,-0.124393,1
2026,local.norfolk.stalham.2026-05-07,stalham-local-norfolk-stalham-2026-05-07,Stalham,norfolk,Norfolk,,1,4523.0,0.376078,0.5,-0.123922,1
2026,local.norfolk.swaffham.2026-05-07,swaffham-local-norfolk-swaffham-2026-05-07,Swaffham,norfolk,Norfolk,,1,4063.0,0.460005,0.5,-0.039995,1
2026,local.norfolk.taverham.2026-05-07,taverham-local-norfolk-taverham-2026-05-07,Taverham,norfolk,Norfolk,,1,3998.0,0.404452,0.5,-0.095548,1
2026,local.norfolk.the-brecks.2026-05-07,the-brecks-local-norfolk-the-brecks-2026-05-07,The Brecks,norfolk,Norfolk,,1,4893.0,0.446148,0.5,-0.053852,1
2026,local.norfolk.the-fleggs.2026-05-07,the-fleggs-local-norfolk-the-fleggs-2026-05-07,The Fleggs,norfolk,Norfolk,,1,4532.0,0.418138,0.5,-0.081862,1
2026,local.norfolk.thetford-east.2026-05-07,thetford-east-local-norfolk-thetford-east-2026-05-07,Thetford East,norfolk,Norfolk,,1,3233.0,0.428395,0.5,-0.071605,1
2026,local.norfolk.thetford-west.2026-05-07,thetford-west-local-norfolk-thetford-west-2026-05-07,Thetford West,norfolk,Norfolk,,1,2317.0,0.479068,0.5,-0.020932,1
2026,local.norfolk.thorpe-hamlet.2026-05-07,thorpe-hamlet-local-norfolk-thorpe-hamlet-2026-05-07,Thorpe Hamlet,norfolk,Norfolk,,1,3767.0,0.434032,0.5,-0.065968,1
2026,local.norfolk.thorpe-st-andrew.2026-05-07,thorpe-st-andrew-local-norfolk-thorpe-st-andrew-2026-05-07,Thorpe St Andrew,norfolk,Norfolk,,1,4212.0,0.340456,0.5,-0.159544,1
2026,local.norfolk.town-close.2026-05-07,town-close-local-norfolk-town-close-2026-05-07,Town Close,norfolk,Norfolk,,1,4309.0,0.442562,0.5,-0.057438,1
2026,local.norfolk.university.2026-05-07,university-local-norfolk-university-2026-05-07,University,norfolk,Norfolk,,1,2809.0,0.42435,0.5,-0.07565,1
2026,local.norfolk.watlington-the-fens.2026-05-07,watlington-and-the-fens-local-norfolk-watlington-the-fens-2026-05-07,Watlington and the Fens,norfolk,Norfolk,,1,3777.0,0.477363,0.5,-0.022637,1
2026,local.norfolk.watton.2026-05-07,watton-local-norfolk-watton-2026-05-07,Watton,norfolk,Norfolk,,1,3771.0,0.468311,0.5,-0.031689,1
2026,local.norfolk.waveney-valley.2026-05-07,waveney-valley-local-norfolk-waveney-valley-2026-05-07,Waveney Valley,norfolk,Norfolk,,1,4519.0,0.345652,0.5,-0.154348,1
2026,local.norfolk.wells.2026-05-07,wells-local-norfolk-wells-2026-05-07,Wells,norfolk,Norfolk,,1,4408.0,0.323956,0.5,-0.176044,1
2026,local.norfolk.wensum.2026-05-07,wensum-local-norfolk-wensum-2026-05-07,Wensum,norfolk,Norfolk,,1,3495.0,0.497854,0.5,-0.002146,1
2026,local.norfolk.west-depwade.2026-05-07,west-depwade-local-norfolk-west-depwade-2026-05-07,West Depwade,norfolk,Norfolk,,1,4697.0,0.342985,0.5,-0.157015,1
2026,local.norfolk.woodside.2026-05-07,woodside-local-norfolk-woodside-2026-05-07,Woodside,norfolk,Norfolk,,1,3064.0,0.328655,0.5,-0.171345,1
2026,local.norfolk.wroxham.2026-05-07,wroxham-local-norfolk-wroxham-2026-05-07,Wroxham,norfolk,Norfolk,,1,3929.0,0.337999,0.5,-0.162001,1
2026,local.norfolk.wymondham.2026-05-07,wymondham-local-norfolk-wymondham-2026-05-07,Wymondham,norfolk,Norfolk,,1,4075.0,0.351656,0.5,-0.148344,1
2026,local.norfolk.yare-necton.2026-05-07,yare-and-necton-local-norfolk-yare-necton-2026-05-07,Yare and Necton,norfolk,Norfolk,,1,4729.0,0.445126,0.5,-0.054874,1
2026,local.norfolk.yare-valley.2026-05-07,yare-valley-local-norfolk-yare-valley-2026-05-07,Yare Valley,norfolk,Norfolk,,1,4148.0,0.27676,0.5,-0.22324,1
2026,local.norfolk.yarmouth-nelson-southtown.2026-05-07,yarmouth-nelson-and-southtown-local-norfolk-yarmouth-nelson-southtown-2026-05-07,Yarmouth Nelson and Southtown,norfolk,Norfolk,,1,2810.0,0.482918,0.5,-0.017082,1
2026,local.norfolk.yarmouth-north-central.2026-05-07,yarmouth-north-and-central-local-norfolk-yarmouth-north-central-2026-05-07,Yarmouth North and Central,norfolk,Norfolk,,1,2997.0,0.511512,0.5,0.011512,0
2026,local.north-east-lincolnshire.croft-baker.2026-05-07,croft-baker-local-north-east-lincolnshire-croft-baker-2026-05-07,Croft Baker,north-east-lincolnshire,North East Lincolnshire,,1,2994.0,0.514028,0.5,0.014028,0
2026,local.north-east-lincolnshire.east-marsh.2026-05-07,east-marsh-local-north-east-lincolnshire-east-marsh-2026-05-07,East Marsh,north-east-lincolnshire,North East Lincolnshire,,1,1491.0,0.452716,0.5,-0.047284,1
2026,local.north-east-lincolnshire.freshney.2026-05-07,freshney-local-north-east-lincolnshire-freshney-2026-05-07,Freshney,north-east-lincolnshire,North East Lincolnshire,,1,2369.0,0.39637,0.5,-0.10363,1
2026,local.north-east-lincolnshire.haverstoe.2026-05-07,haverstoe-local-north-east-lincolnshire-haverstoe-2026-05-07,Haverstoe,north-east-lincolnshire,North East Lincolnshire,,1,3534.0,0.496887,0.5,-0.003113,1
2026,local.north-east-lincolnshire.heneage.2026-05-07,heneage-local-north-east-lincolnshire-heneage-2026-05-07,Heneage,north-east-lincolnshire,North East Lincolnshire,,1,2392.0,0.444816,0.5,-0.055184,1
2026,local.north-east-lincolnshire.humberston-and-new-waltham.2026-05-07,humberston-and-new-waltham-local-north-east-lincolnshire-humberston-and-new-waltham-2026-05-07,Humberston and New Waltham,north-east-lincolnshire,North East Lincolnshire,,1,4122.0,0.492965,0.5,-0.007035,1
2026,local.north-east-lincolnshire.immingham.2026-05-07,immingham-local-north-east-lincolnshire-immingham-2026-05-07,Immingham,north-east-lincolnshire,North East Lincolnshire,,1,2875.0,0.51513,0.5,0.01513,0
2026,local.north-east-lincolnshire.park.2026-05-07,park-local-north-east-lincolnshire-park-2026-05-07,Park,north-east-lincolnshire,North East Lincolnshire,,1,3243.0,0.374345,0.5,-0.125655,1
2026,local.north-east-lincolnshire.scartho.2026-05-07,scartho-local-north-east-lincolnshire-scartho-2026-05-07,Scartho,north-east-lincolnshire,North East Lincolnshire,,1,3565.0,0.442917,0.5,-0.057083,1
2026,local.north-east-lincolnshire.sidney-sussex.2026-05-07,sidney-sussex-local-north-east-lincolnshire-sidney-sussex-2026-05-07,Sidney Sussex,north-east-lincolnshire,North East Lincolnshire,,1,2121.0,0.547383,0.5,0.047383,0
2026,local.north-east-lincolnshire.south.2026-05-07,south-local-north-east-lincolnshire-south-2026-05-07,South,north-east-lincolnshire,North East Lincolnshire,,1,1901.0,0.568648,0.5,0.068648,0
2026,local.north-east-lincolnshire.waltham.2026-05-07,waltham-local-north-east-lincolnshire-waltham-2026-05-07,Waltham,north-east-lincolnshire,North East Lincolnshire,,1,2470.0,0.419838,0.5,-0.080162,1
2026,local.north-east-lincolnshire.west-marsh.2026-05-07,west-marsh-local-north-east-lincolnshire-west-marsh-2026-05-07,West Marsh,north-east-lincolnshire,North East Lincolnshire,,1,1155.0,0.49697,0.5,-0.00303,1
2026,local.north-east-lincolnshire.wolds.2026-05-07,wolds-local-north-east-lincolnshire-wolds-2026-05-07,Wolds,north-east-lincolnshire,North East Lincolnshire,,1,2823.0,0.337584,0.5,-0.162416,1
2026,local.north-east-lincolnshire.yarborough.2026-05-07,yarborough-local-north-east-lincolnshire-yarborough-2026-05-07,Yarborough,north-east-lincolnshire,North East Lincolnshire,,1,2619.0,0.485682,0.5,-0.014318,1
2026,local.north-tyneside.backworth-holystone.2026-05-07,backworth-and-holystone-local-north-tyneside-backworth-holystone-2026-05-07,Backworth and Holystone,north-tyneside,North Tyneside,,1,2652.0,0.392911,0.5,-0.107089,1
2026,local.north-tyneside.battle-hill.2026-05-07,battle-hill-local-north-tyneside-battle-hill-2026-05-07,Battle Hill,north-tyneside,North Tyneside,,1,3001.0,0.432856,0.5,-0.067144,1
2026,local.north-tyneside.camperdown.2026-05-07,camperdown-local-north-tyneside-camperdown-2026-05-07,Camperdown,north-tyneside,North Tyneside,,1,2478.0,0.407587,0.5,-0.092413,1
2026,local.north-tyneside.chirton-percy-main.2026-05-07,chirton-and-percy-main-local-north-tyneside-chirton-percy-main-2026-05-07,Chirton and Percy Main,north-tyneside,North Tyneside,,1,2819.0,0.479957,0.5,-0.020043,1
2026,local.north-tyneside.cullercoats-whitley-bay-south.2026-05-07,cullercoats-and-whitley-bay-south-local-north-tyneside-cullercoats-whitley-bay-south-2026-05-07,Cullercoats and Whitley Bay South,north-tyneside,North Tyneside,,1,4632.0,0.318005,0.5,-0.181995,1
2026,local.north-tyneside.forest-hall.2026-05-07,forest-hall-local-north-tyneside-forest-hall-2026-05-07,Forest Hall,north-tyneside,North Tyneside,,1,3422.0,0.351841,0.5,-0.148159,1
2026,local.north-tyneside.howdon.2026-05-07,howdon-local-north-tyneside-howdon-2026-05-07,Howdon,north-tyneside,North Tyneside,,1,2720.0,0.475735,0.5,-0.024265,1
2026,local.north-tyneside.killingworth.2026-05-07,killingworth-local-north-tyneside-killingworth-2026-05-07,Killingworth,north-tyneside,North Tyneside,,1,2669.0,0.424878,0.5,-0.075122,1
2026,local.north-tyneside.longbenton-benton.2026-05-07,longbenton-and-benton-local-north-tyneside-longbenton-benton-2026-05-07,Longbenton and Benton,north-tyneside,North Tyneside,,1,2828.0,0.360325,0.5,-0.139675,1
2026,local.north-tyneside.monkseaton.2026-05-07,monkseaton-local-north-tyneside-monkseaton-2026-05-07,Monkseaton,north-tyneside,North Tyneside,,1,4360.0,0.337156,0.5,-0.162844,1
2026,local.north-tyneside.new-york-murton.2026-05-07,new-york-and-murton-local-north-tyneside-new-york-murton-2026-05-07,New York and Murton,north-tyneside,North Tyneside,,1,2141.0,0.373657,0.5,-0.126343,1
2026,local.north-tyneside.north-shields.2026-05-07,north-shields-local-north-tyneside-north-shields-2026-05-07,North Shields,north-tyneside,North Tyneside,,1,3456.0,0.334491,0.5,-0.165509,1
2026,local.north-tyneside.preston-with-preston-grange.2026-05-07,preston-with-preston-grange-local-north-tyneside-preston-with-preston-grange-2026-05-07,Preston with Preston Grange,north-tyneside,North Tyneside,,1,3805.0,0.352957,0.5,-0.147043,1
2026,local.north-tyneside.shiremoor.2026-05-07,shiremoor-local-north-tyneside-shiremoor-2026-05-07,Shiremoor,north-tyneside,North Tyneside,,1,2901.0,0.370907,0.5,-0.129093,1
2026,local.north-tyneside.st-marys.2026-05-07,st-mary-s-local-north-tyneside-st-marys-2026-05-07,St Mary's,north-tyneside,North Tyneside,,1,4772.0,0.315801,0.5,-0.184199,1
2026,local.north-tyneside.tynemouth.2026-05-07,tynemouth-local-north-tyneside-tynemouth-2026-05-07,Tynemouth,north-tyneside,North Tyneside,,1,4326.0,0.38835,0.5,-0.11165,1
2026,local.north-tyneside.wallsend-central.2026-05-07,wallsend-central-local-north-tyneside-wallsend-central-2026-05-07,Wallsend Central,north-tyneside,North Tyneside,,1,2854.0,0.358094,0.5,-0.141906,1
2026,local.north-tyneside.wallsend-north.2026-05-07,wallsend-north-local-north-tyneside-wallsend-north-2026-05-07,Wallsend North,north-tyneside,North Tyneside,,1,3341.0,0.437893,0.5,-0.062107,1
2026,local.north-tyneside.weetslade.2026-05-07,weetslade-local-north-tyneside-weetslade-2026-05-07,Weetslade,north-tyneside,North Tyneside,,1,3463.0,0.442102,0.5,-0.057898,1
2026,local.north-tyneside.whitley-bay-north.2026-05-07,whitley-bay-north-local-north-tyneside-whitley-bay-north-2026-05-07,Whitley Bay North,north-tyneside,North Tyneside,,1,4702.0,0.397278,0.5,-0.102722,1
2026,local.norwich.bowthorpe.2026-05-07,bowthorpe-local-norwich-bowthorpe-2026-05-07,Bowthorpe,norwich,Norwich,,1,2831.0,0.346167,0.5,-0.153833,1
2026,local.norwich.catton-grove.2026-05-07,catton-grove-local-norwich-catton-grove-2026-05-07,Catton Grove,norwich,Norwich,,1,3177.0,0.305005,0.5,-0.194995,1
2026,local.norwich.crome.2026-05-07,crome-local-norwich-crome-2026-05-07,Crome,norwich,Norwich,,1,3367.0,0.339471,0.5,-0.160529,1
2026,local.norwich.eaton.2026-05-07,eaton-local-norwich-eaton-2026-05-07,Eaton,norwich,Norwich,,1,4723.0,0.459242,0.5,-0.040758,1
2026,local.norwich.lakenham.2026-05-07,lakenham-local-norwich-lakenham-2026-05-07,Lakenham,norwich,Norwich,,1,3330.0,0.391592,0.5,-0.108408,1
2026,local.norwich.mancroft.2026-05-07,mancroft-local-norwich-mancroft-2026-05-07,Mancroft,norwich,Norwich,,1,3059.0,0.583197,0.5,0.083197,0
2026,local.norwich.mile-cross.2026-05-07,mile-cross-local-norwich-mile-cross-2026-05-07,Mile Cross,norwich,Norwich,,1,2998.0,0.501334,0.5,0.001334,0
2026,local.norwich.nelson.2026-05-07,nelson-local-norwich-nelson-2026-05-07,Nelson,norwich,Norwich,,1,4775.0,0.657173,0.5,0.157173,0
2026,local.norwich.sewell.2026-05-07,sewell-local-norwich-sewell-2026-05-07,Sewell,norwich,Norwich,,1,3796.0,0.633562,0.5,0.133562,0
2026,local.norwich.thorpe-hamlet.2026-05-07,thorpe-hamlet-local-norwich-thorpe-hamlet-2026-05-07,Thorpe Hamlet,norwich,Norwich,,1,3759.0,0.431498,0.5,-0.068502,1
2026,local.norwich.town-close.2026-05-07,town-close-local-norwich-town-close-2026-05-07,Town Close,norwich,Norwich,,1,4306.0,0.458198,0.5,-0.041802,1
2026,local.norwich.university.2026-05-07,university-local-norwich-university-2026-05-07,University,norwich,Norwich,,1,3221.0,0.42968,0.5,-0.07032,1
2026,local.norwich.wensum.2026-05-07,wensum-local-norwich-wensum-2026-05-07,Wensum,norwich,Norwich,,2,3312.0,0.495471,0.333333,0.162138,0
2026,local.nuneaton-and-bedworth.arbury.2026-05-07,arbury-local-nuneaton-and-bedworth-arbury-2026-05-07,Arbury,nuneaton-and-bedworth,Nuneaton and Bedworth,,1,2061.0,0.464823,0.5,-0.035177,1
2026,local.nuneaton-and-bedworth.attleborough.2026-05-07,attleborough-local-nuneaton-and-bedworth-attleborough-2026-05-07,Attleborough,nuneaton-and-bedworth,Nuneaton and Bedworth,,1,1936.0,0.464876,0.5,-0.035124,1
2026,local.nuneaton-and-bedworth.bede.2026-05-07,bede-local-nuneaton-and-bedworth-bede-2026-05-07,Bede,nuneaton-and-bedworth,Nuneaton and Bedworth,,1,2302.0,0.573414,0.5,0.073414,0
2026,local.nuneaton-and-bedworth.bulkington.2026-05-07,bulkington-local-nuneaton-and-bedworth-bulkington-2026-05-07,Bulkington,nuneaton-and-bedworth,Nuneaton and Bedworth,,1,2251.0,0.4247,0.5,-0.0753,1
2026,local.nuneaton-and-bedworth.camp-hill.2026-05-07,camp-hill-local-nuneaton-and-bedworth-camp-hill-2026-05-07,Camp Hill,nuneaton-and-bedworth,Nuneaton and Bedworth,,1,1604.0,0.461347,0.5,-0.038653,1
2026,local.nuneaton-and-bedworth.chilvers-coton.2026-05-07,chilvers-coton-local-nuneaton-and-bedworth-chilvers-coton-2026-05-07,Chilvers Coton,nuneaton-and-bedworth,Nuneaton and Bedworth,,1,1768.0,0.354638,0.5,-0.145362,1
2026,local.nuneaton-and-bedworth.eastboro.2026-05-07,eastboro-local-nuneaton-and-bedworth-eastboro-2026-05-07,Eastboro,nuneaton-and-bedworth,Nuneaton and Bedworth,,1,1764.0,0.36678,0.5,-0.13322,1
2026,local.nuneaton-and-bedworth.exhall.2026-05-07,exhall-local-nuneaton-and-bedworth-exhall-2026-05-07,Exhall,nuneaton-and-bedworth,Nuneaton and Bedworth,,1,1927.0,0.435911,0.5,-0.064089,1
2026,local.nuneaton-and-bedworth.galley-common.2026-05-07,galley-common-local-nuneaton-and-bedworth-galley-common-2026-05-07,Galley Common,nuneaton-and-bedworth,Nuneaton and Bedworth,,1,2171.0,0.533855,0.5,0.033855,0
2026,local.nuneaton-and-bedworth.heath.2026-05-07,heath-local-nuneaton-and-bedworth-heath-2026-05-07,Heath,nuneaton-and-bedworth,Nuneaton and Bedworth,,1,2239.0,0.50067,0.5,0.00067,0
2026,local.nuneaton-and-bedworth.milby.2026-05-07,milby-local-nuneaton-and-bedworth-milby-2026-05-07,Milby,nuneaton-and-bedworth,Nuneaton and Bedworth,,1,1427.0,0.447793,0.5,-0.052207,1
2026,local.nuneaton-and-bedworth.poplar.2026-05-07,poplar-local-nuneaton-and-bedworth-poplar-2026-05-07,Poplar,nuneaton-and-bedworth,Nuneaton and Bedworth,,1,1879.0,0.39702,0.5,-0.10298,1
2026,local.nuneaton-and-bedworth.slough.2026-05-07,slough-local-nuneaton-and-bedworth-slough-2026-05-07,Slough,nuneaton-and-bedworth,Nuneaton and Bedworth,,1,2320.0,0.45819,0.5,-0.04181,1
2026,local.nuneaton-and-bedworth.st-marys.2026-05-07,st-mary-s-local-nuneaton-and-bedworth-st-marys-2026-05-07,St Mary's,nuneaton-and-bedworth,Nuneaton and Bedworth,,1,1964.0,0.392057,0.5,-0.107943,1
2026,local.nuneaton-and-bedworth.st-nicolas.2026-05-07,st-nicolas-local-nuneaton-and-bedworth-st-nicolas-2026-05-07,St Nicolas,nuneaton-and-bedworth,Nuneaton and Bedworth,,1,2388.0,0.353434,0.5,-0.146566,1
2026,local.nuneaton-and-bedworth.stockingford-east.2026-05-07,stockingford-east-local-nuneaton-and-bedworth-stockingford-east-2026-05-07,Stockingford East,nuneaton-and-bedworth,Nuneaton and Bedworth,,1,1857.0,0.460959,0.5,-0.039041,1
2026,local.nuneaton-and-bedworth.stockingford-west.2026-05-07,stockingford-west-local-nuneaton-and-bedworth-stockingford-west-2026-05-07,Stockingford West,nuneaton-and-bedworth,Nuneaton and Bedworth,,1,1901.0,0.571278,0.5,0.071278,0
2026,local.nuneaton-and-bedworth.weddington.2026-05-07,weddington-local-nuneaton-and-bedworth-weddington-2026-05-07,Weddington,nuneaton-and-bedworth,Nuneaton and Bedworth,,1,2186.0,0.443275,0.5,-0.056725,1
2026,local.nuneaton-and-bedworth.whitestone.2026-05-07,whitestone-local-nuneaton-and-bedworth-whitestone-2026-05-07,Whitestone,nuneaton-and-bedworth,Nuneaton and Bedworth,,1,2671.0,0.39386,0.5,-0.10614,1
2026,local.oldham.alexandra.2026-05-07,alexandra-local-oldham-alexandra-2026-05-07,Alexandra,oldham,Oldham,,1,3618.0,0.428966,0.5,-0.071034,1
2026,local.oldham.chadderton-central.2026-05-07,chadderton-central-local-oldham-chadderton-central-2026-05-07,Chadderton Central,oldham,Oldham,,1,3815.0,0.31848,0.5,-0.18152,1
2026,local.oldham.chadderton-north.2026-05-07,chadderton-north-local-oldham-chadderton-north-2026-05-07,Chadderton North,oldham,Oldham,,1,3983.0,0.528998,0.5,0.028998,0
2026,local.oldham.chadderton-south.2026-05-07,chadderton-south-local-oldham-chadderton-south-2026-05-07,Chadderton South,oldham,Oldham,,1,3791.0,0.483514,0.5,-0.016486,1
2026,local.oldham.coldhurst.2026-05-07,coldhurst-local-oldham-coldhurst-2026-05-07,Coldhurst,oldham,Oldham,,1,4561.0,0.414821,0.5,-0.085179,1
2026,local.oldham.crompton.2026-05-07,crompton-local-oldham-crompton-2026-05-07,Crompton,oldham,Oldham,,1,3750.0,0.4728,0.5,-0.0272,1
2026,local.oldham.failsworth-east.2026-05-07,failsworth-east-local-oldham-failsworth-east-2026-05-07,Failsworth East,oldham,Oldham,,1,3484.0,0.588404,0.5,0.088404,0
2026,local.oldham.failsworth-west.2026-05-07,failsworth-west-local-oldham-failsworth-west-2026-05-07,Failsworth West,oldham,Oldham,,1,3357.0,0.559428,0.5,0.059428,0
2026,local.oldham.hollinwood.2026-05-07,hollinwood-local-oldham-hollinwood-2026-05-07,Hollinwood,oldham,Oldham,,1,3691.0,0.398808,0.5,-0.101192,1
2026,local.oldham.medlock-vale.2026-05-07,medlock-vale-local-oldham-medlock-vale-2026-05-07,Medlock Vale,oldham,Oldham,,1,3673.0,0.349306,0.5,-0.150694,1
2026,local.oldham.royton-north.2026-05-07,royton-north-local-oldham-royton-north-2026-05-07,Royton North,oldham,Oldham,,1,4238.0,0.590373,0.5,0.090373,0
2026,local.oldham.royton-south.2026-05-07,royton-south-local-oldham-royton-south-2026-05-07,Royton South,oldham,Oldham,,1,3489.0,0.550874,0.5,0.050874,0
2026,local.oldham.saddleworth-north.2026-05-07,saddleworth-north-local-oldham-saddleworth-north-2026-05-07,Saddleworth North,oldham,Oldham,,1,4291.0,0.408296,0.5,-0.091704,1
2026,local.oldham.saddleworth-south.2026-05-07,saddleworth-south-local-oldham-saddleworth-south-2026-05-07,Saddleworth South,oldham,Oldham,,1,4549.0,0.350407,0.5,-0.149593,1
2026,local.oldham.saddleworth-west-lees.2026-05-07,saddleworth-west-and-lees-local-oldham-saddleworth-west-lees-2026-05-07,Saddleworth West and Lees,oldham,Oldham,,1,4104.0,0.440546,0.5,-0.059454,1
2026,local.oldham.shaw.2026-05-07,shaw-local-oldham-shaw-2026-05-07,Shaw,oldham,Oldham,,1,3504.0,0.443779,0.5,-0.056221,1
2026,local.oldham.st-james.2026-05-07,st-james-local-oldham-st-james-2026-05-07,St James',oldham,Oldham,,1,3187.0,0.608095,0.5,0.108095,0
2026,local.oldham.st-marys.2026-05-07,st-mary-s-local-oldham-st-marys-2026-05-07,St Mary's,oldham,Oldham,,1,4818.0,0.530095,0.5,0.030095,0
2026,local.oldham.waterhead.2026-05-07,waterhead-local-oldham-waterhead-2026-05-07,Waterhead,oldham,Oldham,,1,4239.0,0.344185,0.5,-0.155815,1
2026,local.oldham.werneth.2026-05-07,werneth-local-oldham-werneth-2026-05-07,Werneth,oldham,Oldham,,1,4927.0,0.35478,0.5,-0.14522,1
2026,local.oxford.barton-sandhills.2026-05-07,barton-and-sandhills-local-oxford-barton-sandhills-2026-05-07,Barton and Sandhills,oxford,Oxford,,1,1565.0,0.369329,0.5,-0.130671,1
2026,local.oxford.blackbird-leys.2026-05-07,blackbird-leys-local-oxford-blackbird-leys-2026-05-07,Blackbird Leys,oxford,Oxford,,1,1213.0,0.484749,0.5,-0.015251,1
2026,local.oxford.carfax-jericho.2026-05-07,carfax-and-jericho-local-oxford-carfax-jericho-2026-05-07,Carfax and Jericho,oxford,Oxford,,1,1616.0,0.501856,0.5,0.001856,0
2026,local.oxford.churchill.2026-05-07,churchill-local-oxford-churchill-2026-05-07,Churchill,oxford,Oxford,,1,1406.0,0.405405,0.5,-0.094595,1
2026,local.oxford.cowley.2026-05-07,cowley-local-oxford-cowley-2026-05-07,Cowley,oxford,Oxford,,1,2233.0,0.461711,0.5,-0.038289,1
2026,local.oxford.cutteslowe-sunnymead.2026-05-07,cutteslowe-and-sunnymead-local-oxford-cutteslowe-sunnymead-2026-05-07,Cutteslowe and Sunnymead,oxford,Oxford,,1,2344.0,0.445392,0.5,-0.054608,1
2026,local.oxford.donnington.2026-05-07,donnington-local-oxford-donnington-2026-05-07,Donnington,oxford,Oxford,,1,1929.0,0.511146,0.5,0.011146,0
2026,local.oxford.headington.2026-05-07,headington-local-oxford-headington-2026-05-07,Headington,oxford,Oxford,,1,2226.0,0.416442,0.5,-0.083558,1
2026,local.oxford.headington-hill-northway.2026-05-07,headington-hill-and-northway-local-oxford-headington-hill-northway-2026-05-07,Headington Hill and Northway,oxford,Oxford,,1,1593.0,0.408035,0.5,-0.091965,1
2026,local.oxford.hinksey-park.2026-05-07,hinksey-park-local-oxford-hinksey-park-2026-05-07,Hinksey Park,oxford,Oxford,,1,2033.0,0.497787,0.5,-0.002213,1
2026,local.oxford.holywell.2026-05-07,holywell-local-oxford-holywell-2026-05-07,Holywell,oxford,Oxford,,1,1189.0,0.679563,0.5,0.179563,0
2026,local.oxford.littlemore.2026-05-07,littlemore-local-oxford-littlemore-2026-05-07,Littlemore,oxford,Oxford,,1,1703.0,0.426307,0.5,-0.073693,1
2026,local.oxford.lye-valley.2026-05-07,lye-valley-local-oxford-lye-valley-2026-05-07,Lye Valley,oxford,Oxford,,1,1422.0,0.351617,0.5,-0.148383,1
2026,local.oxford.marston.2026-05-07,marston-local-oxford-marston-2026-05-07,Marston,oxford,Oxford,,1,2346.0,0.413043,0.5,-0.086957,1
2026,local.oxford.northfield-brook.2026-05-07,northfield-brook-local-oxford-northfield-brook-2026-05-07,Northfield Brook,oxford,Oxford,,1,1206.0,0.404643,0.5,-0.095357,1
2026,local.oxford.osney-st-thomas.2026-05-07,osney-and-st-thomas-local-oxford-osney-st-thomas-2026-05-07,Osney and St Thomas,oxford,Oxford,,1,1805.0,0.505263,0.5,0.005263,0
2026,local.oxford.quarry-risinghurst.2026-05-07,quarry-and-risinghurst-local-oxford-quarry-risinghurst-2026-05-07,Quarry and Risinghurst,oxford,Oxford,,1,2523.0,0.373761,0.5,-0.126239,1
2026,local.oxford.rose-hill-iffley.2026-05-07,rose-hill-and-iffley-local-oxford-rose-hill-iffley-2026-05-07,Rose Hill and Iffley,oxford,Oxford,,1,2031.0,0.468735,0.5,-0.031265,1
2026,local.oxford.st-clements.2026-05-07,st-clement-s-local-oxford-st-clements-2026-05-07,St Clement's,oxford,Oxford,,1,1503.0,0.582169,0.5,0.082169,0
2026,local.oxford.st-marys.2026-05-07,st-mary-s-local-oxford-st-marys-2026-05-07,St Mary's,oxford,Oxford,,1,1900.0,0.607368,0.5,0.107368,0
2026,local.oxford.summertown.2026-05-07,summertown-local-oxford-summertown-2026-05-07,Summertown,oxford,Oxford,,1,1990.0,0.420101,0.5,-0.079899,1
2026,local.oxford.temple-cowley.2026-05-07,temple-cowley-local-oxford-temple-cowley-2026-05-07,Temple Cowley,oxford,Oxford,,1,1783.0,0.392597,0.5,-0.107403,1
2026,local.oxford.walton-manor.2026-05-07,walton-manor-local-oxford-walton-manor-2026-05-07,Walton Manor,oxford,Oxford,,1,1723.0,0.385374,0.5,-0.114626,1
2026,local.oxford.wolvercote.2026-05-07,wolvercote-local-oxford-wolvercote-2026-05-07,Wolvercote,oxford,Oxford,,1,2113.0,0.429721,0.5,-0.070279,1
2026,local.pendle.barnoldswick.2026-05-07,barnoldswick-local-pendle-barnoldswick-2026-05-07,Barnoldswick,pendle,Pendle,,1,2427.0,0.39967,0.5,-0.10033,1
2026,local.pendle.barrowford-pendleside.2026-05-07,barrowford-and-pendleside-local-pendle-barrowford-pendleside-2026-05-07,Barrowford and Pendleside,pendle,Pendle,,1,3054.0,0.365095,0.5,-0.134905,1
2026,local.pendle.boulsworth-foulridge.2026-05-07,boulsworth-and-foulridge-local-pendle-boulsworth-foulridge-2026-05-07,Boulsworth and Foulridge,pendle,Pendle,,1,2931.0,0.392699,0.5,-0.107301,1
2026,local.pendle.bradley.2026-05-07,bradley-local-pendle-bradley-2026-05-07,Bradley,pendle,Pendle,,1,1972.0,0.502028,0.5,0.002028,0
2026,local.pendle.brierfield-east-clover-hill.2026-05-07,brierfield-east-and-clover-hill-local-pendle-brierfield-east-clover-hill-2026-05-07,Brierfield East and Clover Hill,pendle,Pendle,,1,2334.0,0.536847,0.5,0.036847,0
2026,local.pendle.earby-coates.2026-05-07,earby-and-coates-local-pendle-earby-coates-2026-05-07,Earby and Coates,pendle,Pendle,,1,2743.0,0.38899,0.5,-0.11101,1
2026,local.pendle.marsden-southfield.2026-05-07,marsden-and-southfield-local-pendle-marsden-southfield-2026-05-07,Marsden and Southfield,pendle,Pendle,,1,2005.0,0.387531,0.5,-0.112469,1
2026,local.pendle.vivary-bridge.2026-05-07,vivary-bridge-local-pendle-vivary-bridge-2026-05-07,Vivary Bridge,pendle,Pendle,,1,1730.0,0.413873,0.5,-0.086127,1
2026,local.pendle.waterside-horsfield.2026-05-07,waterside-and-horsfield-local-pendle-waterside-horsfield-2026-05-07,Waterside and Horsfield,pendle,Pendle,,1,1999.0,0.3992,0.5,-0.1008,1
2026,local.pendle.whitefield-walverden.2026-05-07,whitefield-and-walverden-local-pendle-whitefield-walverden-2026-05-07,Whitefield and Walverden,pendle,Pendle,,1,2081.0,0.471889,0.5,-0.028111,1
2026,local.peterborough.bretton.2026-05-07,bretton-local-peterborough-bretton-2026-05-07,Bretton,peterborough,Peterborough,,1,2084.0,0.329655,0.5,-0.170345,1
2026,local.peterborough.central.2026-05-07,central-local-peterborough-central-2026-05-07,Central,peterborough,Peterborough,,1,3195.0,0.346166,0.5,-0.153834,1
2026,local.peterborough.dogsthorpe.2026-05-07,dogsthorpe-local-peterborough-dogsthorpe-2026-05-07,Dogsthorpe,peterborough,Peterborough,,1,2231.0,0.310175,0.5,-0.189825,1
2026,local.peterborough.east.2026-05-07,east-local-peterborough-east-2026-05-07,East,peterborough,Peterborough,,1,2662.0,0.352742,0.5,-0.147258,1
2026,local.peterborough.eye-thorney-newborough.2026-05-07,eye-thorney-and-newborough-local-peterborough-eye-thorney-newborough-2026-05-07,"Eye, Thorney and Newborough",peterborough,Peterborough,,1,3113.0,0.435271,0.5,-0.064729,1
2026,local.peterborough.fletton-stanground.2026-05-07,fletton-and-stanground-local-peterborough-fletton-stanground-2026-05-07,Fletton and Stanground,peterborough,Peterborough,,1,2364.0,0.388748,0.5,-0.111252,1
2026,local.peterborough.fletton-woodston.2026-05-07,fletton-and-woodston-local-peterborough-fletton-woodston-2026-05-07,Fletton and Woodston,peterborough,Peterborough,,1,2661.0,0.378429,0.5,-0.121571,1
2026,local.peterborough.gunthorpe.2026-05-07,gunthorpe-local-peterborough-gunthorpe-2026-05-07,Gunthorpe,peterborough,Peterborough,,1,2705.0,0.454713,0.5,-0.045287,1
2026,local.peterborough.hampton-vale.2026-05-07,hampton-vale-local-peterborough-hampton-vale-2026-05-07,Hampton Vale,peterborough,Peterborough,,1,1771.0,0.315076,0.5,-0.184924,1
2026,local.peterborough.hargate-hempsted.2026-05-07,hargate-and-hempsted-local-peterborough-hargate-hempsted-2026-05-07,Hargate and Hempsted,peterborough,Peterborough,,1,2286.0,0.294838,0.5,-0.205162,1
2026,local.peterborough.north.2026-05-07,north-local-peterborough-north-2026-05-07,North,peterborough,Peterborough,,1,2334.0,0.347901,0.5,-0.152099,1
2026,local.peterborough.orton-longueville.2026-05-07,orton-longueville-local-peterborough-orton-longueville-2026-05-07,Orton Longueville,peterborough,Peterborough,,1,2545.0,0.304519,0.5,-0.195481,1
2026,local.peterborough.orton-waterville.2026-05-07,orton-waterville-local-peterborough-orton-waterville-2026-05-07,Orton Waterville,peterborough,Peterborough,,1,3127.0,0.379597,0.5,-0.120403,1
2026,local.peterborough.park.2026-05-07,park-local-peterborough-park-2026-05-07,Park,peterborough,Peterborough,,1,2866.0,0.352059,0.5,-0.147941,1
2026,local.peterborough.paston-walton.2026-05-07,paston-and-walton-local-peterborough-paston-walton-2026-05-07,Paston and Walton,peterborough,Peterborough,,1,2644.0,0.378215,0.5,-0.121785,1
2026,local.peterborough.ravensthorpe.2026-05-07,ravensthorpe-local-peterborough-ravensthorpe-2026-05-07,Ravensthorpe,peterborough,Peterborough,,1,2994.0,0.405478,0.5,-0.094522,1
2026,local.peterborough.stanground-south.2026-05-07,stanground-south-local-peterborough-stanground-south-2026-05-07,Stanground South,peterborough,Peterborough,,1,2354.0,0.383178,0.5,-0.116822,1
2026,local.peterborough.werrington.2026-05-07,werrington-local-peterborough-werrington-2026-05-07,Werrington,peterborough,Peterborough,,1,3085.0,0.469368,0.5,-0.030632,1
2026,local.plymouth.budshead.2026-05-07,budshead-local-plymouth-budshead-2026-05-07,Budshead,plymouth,Plymouth,,1,3803.0,0.405995,0.5,-0.094005,1
2026,local.plymouth.compton.2026-05-07,compton-local-plymouth-compton-2026-05-07,Compton,plymouth,Plymouth,,1,4472.0,0.317084,0.5,-0.182916,1
2026,local.plymouth.devonport.2026-05-07,devonport-local-plymouth-devonport-2026-05-07,Devonport,plymouth,Plymouth,,1,3751.0,0.402293,0.5,-0.097707,1
2026,local.plymouth.drake.2026-05-07,drake-local-plymouth-drake-2026-05-07,Drake,plymouth,Plymouth,,1,2649.0,0.384673,0.5,-0.115327,1
2026,local.plymouth.efford-and-lipson.2026-05-07,efford-and-lipson-local-plymouth-efford-and-lipson-2026-05-07,Efford and Lipson,plymouth,Plymouth,,1,3835.0,0.402347,0.5,-0.097653,1
2026,local.plymouth.eggbuckland.2026-05-07,eggbuckland-local-plymouth-eggbuckland-2026-05-07,Eggbuckland,plymouth,Plymouth,,1,4155.0,0.414681,0.5,-0.085319,1
2026,local.plymouth.ham.2026-05-07,ham-local-plymouth-ham-2026-05-07,Ham,plymouth,Plymouth,,1,3718.0,0.443518,0.5,-0.056482,1
2026,local.plymouth.honicknowle.2026-05-07,honicknowle-local-plymouth-honicknowle-2026-05-07,Honicknowle,plymouth,Plymouth,,1,3533.0,0.528729,0.5,0.028729,0
2026,local.plymouth.moor-view.2026-05-07,moor-view-local-plymouth-moor-view-2026-05-07,Moor View,plymouth,Plymouth,,1,4102.0,0.506095,0.5,0.006095,0
2026,local.plymouth.peverell.2026-05-07,peverell-local-plymouth-peverell-2026-05-07,Peverell,plymouth,Plymouth,,1,5139.0,0.371862,0.5,-0.128138,1
2026,local.plymouth.plympton-chaddlewood.2026-05-07,plympton-chaddlewood-local-plymouth-plympton-chaddlewood-2026-05-07,Plympton Chaddlewood,plymouth,Plymouth,,1,2497.0,0.405687,0.5,-0.094313,1
2026,local.plymouth.plympton-st-mary.2026-05-07,plympton-st-mary-local-plymouth-plympton-st-mary-2026-05-07,Plympton St Mary,plymouth,Plymouth,,1,4418.0,0.32775,0.5,-0.17225,1
2026,local.plymouth.plymstock-dunstone.2026-05-07,plymstock-dunstone-local-plymouth-plymstock-dunstone-2026-05-07,Plymstock Dunstone,plymouth,Plymouth,,1,4859.0,0.368594,0.5,-0.131406,1
2026,local.plymouth.plymstock-radford.2026-05-07,plymstock-radford-local-plymouth-plymstock-radford-2026-05-07,Plymstock Radford,plymouth,Plymouth,,1,5203.0,0.345762,0.5,-0.154238,1
2026,local.plymouth.southway.2026-05-07,southway-local-plymouth-southway-2026-05-07,Southway,plymouth,Plymouth,,1,3748.0,0.46238,0.5,-0.03762,1
2026,local.plymouth.st-budeaux.2026-05-07,st-budeaux-local-plymouth-st-budeaux-2026-05-07,St Budeaux,plymouth,Plymouth,,1,3261.0,0.498927,0.5,-0.001073,1
2026,local.plymouth.stoke.2026-05-07,stoke-local-plymouth-stoke-2026-05-07,Stoke,plymouth,Plymouth,,1,4365.0,0.381443,0.5,-0.118557,1
2026,local.plymouth.st-peter-and-the-waterfront.2026-05-07,st-peter-and-the-waterfront-local-plymouth-st-peter-and-the-waterfront-2026-05-07,St Peter and the Waterfront,plymouth,Plymouth,,1,4406.0,0.294371,0.5,-0.205629,1
2026,local.plymouth.sutton-and-mount-gould.2026-05-07,sutton-and-mount-gould-local-plymouth-sutton-and-mount-gould-2026-05-07,Sutton and Mount Gould,plymouth,Plymouth,,1,4263.0,0.404645,0.5,-0.095355,1
2026,local.portsmouth.baffins.2026-05-07,baffins-local-portsmouth-baffins-2026-05-07,Baffins,portsmouth,Portsmouth,,1,5270.0,0.398482,0.5,-0.101518,1
2026,local.portsmouth.central-southsea.2026-05-07,central-southsea-local-portsmouth-central-southsea-2026-05-07,Central Southsea,portsmouth,Portsmouth,,1,4686.0,0.42595,0.5,-0.07405,1
2026,local.portsmouth.charles-dickens.2026-05-07,charles-dickens-local-portsmouth-charles-dickens-2026-05-07,Charles Dickens,portsmouth,Portsmouth,,1,3312.0,0.299819,0.5,-0.200181,1
2026,local.portsmouth.copnor.2026-05-07,copnor-local-portsmouth-copnor-2026-05-07,Copnor,portsmouth,Portsmouth,,1,4209.0,0.383939,0.5,-0.116061,1
2026,local.portsmouth.cosham.2026-05-07,cosham-local-portsmouth-cosham-2026-05-07,Cosham,portsmouth,Portsmouth,,1,4427.0,0.424893,0.5,-0.075107,1
2026,local.portsmouth.drayton-and-farlington.2026-05-07,drayton-and-farlington-local-portsmouth-drayton-and-farlington-2026-05-07,Drayton and Farlington,portsmouth,Portsmouth,,1,5141.0,0.358102,0.5,-0.141898,1
2026,local.portsmouth.eastney-and-craneswater.2026-05-07,eastney-and-craneswater-local-portsmouth-eastney-and-craneswater-2026-05-07,Eastney and Craneswater,portsmouth,Portsmouth,,1,4682.0,0.405809,0.5,-0.094191,1
2026,local.portsmouth.fratton.2026-05-07,fratton-local-portsmouth-fratton-2026-05-07,Fratton,portsmouth,Portsmouth,,1,3862.0,0.393061,0.5,-0.106939,1
2026,local.portsmouth.hilsea.2026-05-07,hilsea-local-portsmouth-hilsea-2026-05-07,Hilsea,portsmouth,Portsmouth,,1,4199.0,0.49226,0.5,-0.00774,1
2026,local.portsmouth.milton.2026-05-07,milton-local-portsmouth-milton-2026-05-07,Milton,portsmouth,Portsmouth,,1,4889.0,0.45674,0.5,-0.04326,1
2026,local.portsmouth.nelson.2026-05-07,nelson-local-portsmouth-nelson-2026-05-07,Nelson,portsmouth,Portsmouth,,1,3645.0,0.411248,0.5,-0.088752,1
2026,local.portsmouth.paulsgrove.2026-05-07,paulsgrove-local-portsmouth-paulsgrove-2026-05-07,Paulsgrove,portsmouth,Portsmouth,,1,3411.0,0.575491,0.5,0.075491,0
2026,local.portsmouth.st-jude.2026-05-07,st-jude-local-portsmouth-st-jude-2026-05-07,St Jude,portsmouth,Portsmouth,,1,3973.0,0.41631,0.5,-0.08369,1
2026,local.portsmouth.st-thomas.2026-05-07,st-thomas-local-portsmouth-st-thomas-2026-05-07,St Thomas,portsmouth,Portsmouth,,1,3805.0,0.432589,0.5,-0.067411,1
2026,local.preston.ashton.2026-05-07,ashton-local-preston-ashton-2026-05-07,Ashton,preston,Preston,,1,2496.0,0.334936,0.5,-0.165064,1
2026,local.preston.brookfield.2026-05-07,brookfield-local-preston-brookfield-2026-05-07,Brookfield,preston,Preston,,1,1563.0,0.425464,0.5,-0.074536,1
2026,local.preston.cadley.2026-05-07,cadley-local-preston-cadley-2026-05-07,Cadley,preston,Preston,,1,2577.0,0.402406,0.5,-0.097594,1
2026,local.preston.city-centre.2026-05-07,city-centre-local-preston-city-centre-2026-05-07,City Centre,preston,Preston,,1,2068.0,0.397002,0.5,-0.102998,1
2026,local.preston.deepdale.2026-05-07,deepdale-local-preston-deepdale-2026-05-07,Deepdale,preston,Preston,,1,2255.0,0.540576,0.5,0.040576,0
2026,local.preston.fishwick-frenchwood.2026-05-07,fishwick-and-frenchwood-local-preston-fishwick-frenchwood-2026-05-07,Fishwick and Frenchwood,preston,Preston,,1,1926.0,0.439252,0.5,-0.060748,1
2026,local.preston.garrison.2026-05-07,garrison-local-preston-garrison-2026-05-07,Garrison,preston,Preston,,1,2670.0,0.368165,0.5,-0.131835,1
2026,local.preston.greyfriars.2026-05-07,greyfriars-local-preston-greyfriars-2026-05-07,Greyfriars,preston,Preston,,1,2792.0,0.450573,0.5,-0.049427,1
2026,local.preston.ingol-cottam.2026-05-07,ingol-and-cottam-local-preston-ingol-cottam-2026-05-07,Ingol and Cottam,preston,Preston,,1,2752.0,0.453488,0.5,-0.046512,1
2026,local.preston.lea-larches.2026-05-07,lea-and-larches-local-preston-lea-larches-2026-05-07,Lea and Larches,preston,Preston,,1,2115.0,0.391962,0.5,-0.108038,1
2026,local.preston.plungington.2026-05-07,plungington-local-preston-plungington-2026-05-07,Plungington,preston,Preston,,1,1828.0,0.350656,0.5,-0.149344,1
2026,local.preston.preston-rural-east.2026-05-07,preston-rural-east-local-preston-preston-rural-east-2026-05-07,Preston Rural East,preston,Preston,,1,3630.0,0.322865,0.5,-0.177135,1
2026,local.preston.preston-rural-north.2026-05-07,preston-rural-north-local-preston-preston-rural-north-2026-05-07,Preston Rural North,preston,Preston,,1,2886.0,0.34061,0.5,-0.15939,1
2026,local.preston.ribbleton.2026-05-07,ribbleton-local-preston-ribbleton-2026-05-07,Ribbleton,preston,Preston,,1,1326.0,0.471342,0.5,-0.028658,1
2026,local.preston.sharoe-green.2026-05-07,sharoe-green-local-preston-sharoe-green-2026-05-07,Sharoe Green,preston,Preston,,1,2839.0,0.343431,0.5,-0.156569,1
2026,local.preston.st-matthews.2026-05-07,st-matthew-s-local-preston-st-matthews-2026-05-07,St Matthew's,preston,Preston,,1,1711.0,0.361192,0.5,-0.138808,1
2026,local.reading.abbey.2026-05-07,abbey-local-reading-abbey-2026-05-07,Abbey,reading,Reading,,1,2104.0,0.376426,0.5,-0.123574,1
2026,local.reading.battle.2026-05-07,battle-local-reading-battle-2026-05-07,Battle,reading,Reading,,1,2838.0,0.415786,0.5,-0.084214,1
2026,local.reading.caversham.2026-05-07,caversham-local-reading-caversham-2026-05-07,Caversham,reading,Reading,,1,3748.0,0.383671,0.5,-0.116329,1
2026,local.reading.caversham-heights.2026-05-07,caversham-heights-local-reading-caversham-heights-2026-05-07,Caversham Heights,reading,Reading,,2,4327.0,0.281488,0.333333,-0.051845,1
2026,local.reading.church.2026-05-07,church-local-reading-church-2026-05-07,Church,reading,Reading,,1,2768.0,0.395592,0.5,-0.104408,1
2026,local.reading.coley.2026-05-07,coley-local-reading-coley-2026-05-07,Coley,reading,Reading,,1,2915.0,0.333791,0.5,-0.166209,1
2026,local.reading.emmer-green.2026-05-07,emmer-green-local-reading-emmer-green-2026-05-07,Emmer Green,reading,Reading,,1,4111.0,0.278035,0.5,-0.221965,1
2026,local.reading.katesgrove.2026-05-07,katesgrove-local-reading-katesgrove-2026-05-07,Katesgrove,reading,Reading,,1,2640.0,0.507576,0.5,0.007576,0
2026,local.reading.kentwood.2026-05-07,kentwood-local-reading-kentwood-2026-05-07,Kentwood,reading,Reading,,1,3128.0,0.324169,0.5,-0.175831,1
2026,local.reading.norcot.2026-05-07,norcot-local-reading-norcot-2026-05-07,Norcot,reading,Reading,,1,2731.0,0.354083,0.5,-0.145917,1
2026,local.reading.park.2026-05-07,park-local-reading-park-2026-05-07,Park,reading,Reading,,1,2873.0,0.651584,0.5,0.151584,0
2026,local.reading.redlands.2026-05-07,redlands-local-reading-redlands-2026-05-07,Redlands,reading,Reading,,1,2828.0,0.547737,0.5,0.047737,0
2026,local.reading.southcote.2026-05-07,southcote-local-reading-southcote-2026-05-07,Southcote,reading,Reading,,1,2865.0,0.360209,0.5,-0.139791,1
2026,local.reading.thames.2026-05-07,thames-local-reading-thames-2026-05-07,Thames,reading,Reading,,1,2636.0,0.391123,0.5,-0.108877,1
2026,local.reading.tilehurst.2026-05-07,tilehurst-local-reading-tilehurst-2026-05-07,Tilehurst,reading,Reading,,1,2977.0,0.384279,0.5,-0.115721,1
2026,local.reading.whitley.2026-05-07,whitley-local-reading-whitley-2026-05-07,Whitley,reading,Reading,,1,2658.0,0.345749,0.5,-0.154251,1
2026,local.redbridge.aldborough.2026-05-07,aldborough-local-redbridge-aldborough-2026-05-07,Aldborough,redbridge,Redbridge,,3,4386.333333333333,0.375256,0.25,0.125256,0
2026,local.redbridge.barkingside.2026-05-07,barkingside-local-redbridge-barkingside-2026-05-07,Barkingside,redbridge,Redbridge,,3,4793.333333333333,0.340056,0.25,0.090056,0
2026,local.redbridge.bridge.2026-05-07,bridge-local-redbridge-bridge-2026-05-07,Bridge,redbridge,Redbridge,,3,4207.666666666667,0.280916,0.25,0.030916,0
2026,local.redbridge.chadwell.2026-05-07,chadwell-local-redbridge-chadwell-2026-05-07,Chadwell,redbridge,Redbridge,,3,4071.0,0.232375,0.25,-0.017625,1
2026,local.redbridge.churchfields.2026-05-07,churchfields-local-redbridge-churchfields-2026-05-07,Churchfields,redbridge,Redbridge,,3,5104.666666666667,0.312851,0.25,0.062851,0
2026,local.redbridge.clayhall.2026-05-07,clayhall-local-redbridge-clayhall-2026-05-07,Clayhall,redbridge,Redbridge,,3,4136.333333333333,0.31042,0.25,0.06042,0
2026,local.redbridge.clementswood.2026-05-07,clementswood-local-redbridge-clementswood-2026-05-07,Clementswood,redbridge,Redbridge,,3,3138.0,0.291587,0.25,0.041587,0
2026,local.redbridge.cranbrook.2026-05-07,cranbrook-local-redbridge-cranbrook-2026-05-07,Cranbrook,redbridge,Redbridge,,3,3485.0,0.312195,0.25,0.062195,0
2026,local.redbridge.fairlop.2026-05-07,fairlop-local-redbridge-fairlop-2026-05-07,Fairlop,redbridge,Redbridge,,3,3982.0,0.310397,0.25,0.060397,0
2026,local.redbridge.fullwell.2026-05-07,fullwell-local-redbridge-fullwell-2026-05-07,Fullwell,redbridge,Redbridge,,3,4709.0,0.376088,0.25,0.126088,0
2026,local.redbridge.goodmayes.2026-05-07,goodmayes-local-redbridge-goodmayes-2026-05-07,Goodmayes,redbridge,Redbridge,,3,3486.6666666666665,0.314914,0.25,0.064914,0
2026,local.redbridge.hainault.2026-05-07,hainault-local-redbridge-hainault-2026-05-07,Hainault,redbridge,Redbridge,,3,3867.3333333333335,0.356318,0.25,0.106318,0
2026,local.redbridge.ilford-town.2026-05-07,ilford-town-local-redbridge-ilford-town-2026-05-07,Ilford Town,redbridge,Redbridge,,2,2588.5,0.349623,0.333333,0.01629,0
2026,local.redbridge.loxford.2026-05-07,loxford-local-redbridge-loxford-2026-05-07,Loxford,redbridge,Redbridge,,3,3006.0,0.33167,0.25,0.08167,0
2026,local.redbridge.mayfield.2026-05-07,mayfield-local-redbridge-mayfield-2026-05-07,Mayfield,redbridge,Redbridge,,3,3768.0,0.341295,0.25,0.091295,0
2026,local.redbridge.monkhams.2026-05-07,monkhams-local-redbridge-monkhams-2026-05-07,Monkhams,redbridge,Redbridge,,2,3755.5,0.525097,0.333333,0.191763,0
2026,local.redbridge.newbury.2026-05-07,newbury-local-redbridge-newbury-2026-05-07,Newbury,redbridge,Redbridge,,3,3955.0,0.400253,0.25,0.150253,0
2026,local.redbridge.seven-kings.2026-05-07,seven-kings-local-redbridge-seven-kings-2026-05-07,Seven Kings,redbridge,Redbridge,,3,3740.0,0.285027,0.25,0.035027,0
2026,local.redbridge.south-woodford.2026-05-07,south-woodford-local-redbridge-south-woodford-2026-05-07,South Woodford,redbridge,Redbridge,,3,4330.333333333333,0.299977,0.25,0.049977,0
2026,local.redbridge.valentines.2026-05-07,valentines-local-redbridge-valentines-2026-05-07,Valentines,redbridge,Redbridge,,3,3970.3333333333335,0.361431,0.25,0.111431,0
2026,local.redbridge.wanstead-park.2026-05-07,wanstead-park-local-redbridge-wanstead-park-2026-05-07,Wanstead Park,redbridge,Redbridge,,2,3117.0,0.370869,0.333333,0.037536,0
2026,local.redbridge.wanstead-village.2026-05-07,wanstead-village-local-redbridge-wanstead-village-2026-05-07,Wanstead Village,redbridge,Redbridge,,3,4725.0,0.299471,0.25,0.049471,0
2026,local.redditch.astwood-bank-feckenham.2026-05-07,astwood-bank-and-feckenham-local-redditch-astwood-bank-feckenham-2026-05-07,Astwood Bank and Feckenham,redditch,Redditch,,1,3100.0,0.367742,0.5,-0.132258,1
2026,local.redditch.batchley-brockhill.2026-05-07,batchley-and-brockhill-local-redditch-batchley-brockhill-2026-05-07,Batchley and Brockhill,redditch,Redditch,,1,2608.0,0.398006,0.5,-0.101994,1
2026,local.redditch.central.2026-05-07,central-local-redditch-central-2026-05-07,Central,redditch,Redditch,,1,2132.0,0.305816,0.5,-0.194184,1
2026,local.redditch.greenlands-lakeside.2026-05-07,greenlands-and-lakeside-local-redditch-greenlands-lakeside-2026-05-07,Greenlands and Lakeside,redditch,Redditch,,1,2662.0,0.407964,0.5,-0.092036,1
2026,local.redditch.headless-cross-oakenshaw.2026-05-07,headless-cross-and-oakenshaw-local-redditch-headless-cross-oakenshaw-2026-05-07,Headless Cross and Oakenshaw,redditch,Redditch,,1,3027.0,0.393129,0.5,-0.106871,1
2026,local.redditch.matchborough-woodrow.2026-05-07,matchborough-and-woodrow-local-redditch-matchborough-woodrow-2026-05-07,Matchborough and Woodrow,redditch,Redditch,,1,2224.0,0.425809,0.5,-0.074191,1
2026,local.redditch.north.2026-05-07,north-local-redditch-north-2026-05-07,North,redditch,Redditch,,1,2726.0,0.431768,0.5,-0.068232,1
2026,local.redditch.webheath-callow-hill.2026-05-07,webheath-and-callow-hill-local-redditch-webheath-callow-hill-2026-05-07,Webheath and Callow Hill,redditch,Redditch,,1,3323.0,0.354198,0.5,-0.145802,1
2026,local.redditch.winyates.2026-05-07,winyates-local-redditch-winyates-2026-05-07,Winyates,redditch,Redditch,,1,2657.0,0.456154,0.5,-0.043846,1
2026,local.richmond-upon-thames.barnes.2026-05-07,barnes-local-richmond-upon-thames-barnes-2026-05-07,Barnes,richmond-upon-thames,Richmond upon Thames,,3,3864.0,0.410455,0.25,0.160455,0
2026,local.richmond-upon-thames.east-sheen.2026-05-07,east-sheen-local-richmond-upon-thames-east-sheen-2026-05-07,East Sheen,richmond-upon-thames,Richmond upon Thames,,3,3792.3333333333335,0.46805,0.25,0.21805,0
2026,local.richmond-upon-thames.fulwell-hampton-hill.2026-05-07,fulwell-and-hampton-hill-local-richmond-upon-thames-fulwell-hampton-hill-2026-05-07,Fulwell and Hampton Hill,richmond-upon-thames,Richmond upon Thames,,3,3974.6666666666665,0.471989,0.25,0.221989,0
2026,local.richmond-upon-thames.ham-petersham-richmond-riverside.2026-05-07,ham-petersham-and-richmond-riverside-local-richmond-upon-thames-ham-petersham-richmond-riverside-2026-05-07,"Ham, Petersham and Richmond Riverside",richmond-upon-thames,Richmond upon Thames,,3,3849.3333333333335,0.429685,0.25,0.179685,0
2026,local.richmond-upon-thames.hampton.2026-05-07,hampton-local-richmond-upon-thames-hampton-2026-05-07,Hampton,richmond-upon-thames,Richmond upon Thames,,3,3808.3333333333335,0.516499,0.25,0.266499,0
2026,local.richmond-upon-thames.hampton-north.2026-05-07,hampton-north-local-richmond-upon-thames-hampton-north-2026-05-07,Hampton North,richmond-upon-thames,Richmond upon Thames,,3,3230.6666666666665,0.502992,0.25,0.252992,0
2026,local.richmond-upon-thames.hampton-wick-south-teddington.2026-05-07,hampton-wick-and-south-teddington-local-richmond-upon-thames-hampton-wick-south-teddington-2026-05-07,Hampton Wick and South Teddington,richmond-upon-thames,Richmond upon Thames,,3,3928.0,0.535642,0.25,0.285642,0
2026,local.richmond-upon-thames.heathfield.2026-05-07,heathfield-local-richmond-upon-thames-heathfield-2026-05-07,Heathfield,richmond-upon-thames,Richmond upon Thames,,3,3172.6666666666665,0.469006,0.25,0.219006,0
2026,local.richmond-upon-thames.kew.2026-05-07,kew-local-richmond-upon-thames-kew-2026-05-07,Kew,richmond-upon-thames,Richmond upon Thames,,3,4170.0,0.505516,0.25,0.255516,0
2026,local.richmond-upon-thames.mortlake-barnes-common.2026-05-07,mortlake-and-barnes-common-local-richmond-upon-thames-mortlake-barnes-common-2026-05-07,Mortlake and Barnes Common,richmond-upon-thames,Richmond upon Thames,,3,3875.6666666666665,0.372323,0.25,0.122323,0
2026,local.richmond-upon-thames.south-richmond.2026-05-07,south-richmond-local-richmond-upon-thames-south-richmond-2026-05-07,South Richmond,richmond-upon-thames,Richmond upon Thames,,3,3815.0,0.439581,0.25,0.189581,0
2026,local.richmond-upon-thames.south-twickenham.2026-05-07,south-twickenham-local-richmond-upon-thames-south-twickenham-2026-05-07,South Twickenham,richmond-upon-thames,Richmond upon Thames,,3,4215.666666666667,0.468253,0.25,0.218253,0
2026,local.richmond-upon-thames.st-margarets-north-twickenham.2026-05-07,st-margarets-and-north-twickenham-local-richmond-upon-thames-st-margarets-north-twickenham-2026-05-07,St Margarets and North Twickenham,richmond-upon-thames,Richmond upon Thames,,3,4133.666666666667,0.547698,0.25,0.297698,0
2026,local.richmond-upon-thames.teddington.2026-05-07,teddington-local-richmond-upon-thames-teddington-2026-05-07,Teddington,richmond-upon-thames,Richmond upon Thames,,3,4285.0,0.568261,0.25,0.318261,0
2026,local.richmond-upon-thames.twickenham-riverside.2026-05-07,twickenham-riverside-local-richmond-upon-thames-twickenham-riverside-2026-05-07,Twickenham Riverside,richmond-upon-thames,Richmond upon Thames,,3,3925.3333333333335,0.522503,0.25,0.272503,0
2026,local.richmond-upon-thames.west-twickenham.2026-05-07,west-twickenham-local-richmond-upon-thames-west-twickenham-2026-05-07,West Twickenham,richmond-upon-thames,Richmond upon Thames,,3,3809.6666666666665,0.531805,0.25,0.281805,0
2026,local.richmond-upon-thames.whitton.2026-05-07,whitton-local-richmond-upon-thames-whitton-2026-05-07,Whitton,richmond-upon-thames,Richmond upon Thames,,3,3720.0,0.46828,0.25,0.21828,0
2026,local.rochdale.balderstone-kirkholt.2026-05-07,balderstone-and-kirkholt-local-rochdale-balderstone-kirkholt-2026-05-07,Balderstone and Kirkholt,rochdale,Rochdale,,1,2840.0,0.424296,0.5,-0.075704,1
2026,local.rochdale.bamford.2026-05-07,bamford-local-rochdale-bamford-2026-05-07,Bamford,rochdale,Rochdale,,1,3564.0,0.345118,0.5,-0.154882,1
2026,local.rochdale.castleton.2026-05-07,castleton-local-rochdale-castleton-2026-05-07,Castleton,rochdale,Rochdale,,1,3083.0,0.447292,0.5,-0.052708,1
2026,local.rochdale.central-rochdale.2026-05-07,central-rochdale-local-rochdale-central-rochdale-2026-05-07,Central Rochdale,rochdale,Rochdale,,1,4109.0,0.473108,0.5,-0.026892,1
2026,local.rochdale.east-middleton.2026-05-07,east-middleton-local-rochdale-east-middleton-2026-05-07,East Middleton,rochdale,Rochdale,,1,3281.0,0.400792,0.5,-0.099208,1
2026,local.rochdale.healey.2026-05-07,healey-local-rochdale-healey-2026-05-07,Healey,rochdale,Rochdale,,1,3468.0,0.374856,0.5,-0.125144,1
2026,local.rochdale.hopwood-hall.2026-05-07,hopwood-hall-local-rochdale-hopwood-hall-2026-05-07,Hopwood Hall,rochdale,Rochdale,,1,3210.0,0.478505,0.5,-0.021495,1
2026,local.rochdale.kingsway.2026-05-07,kingsway-local-rochdale-kingsway-2026-05-07,Kingsway,rochdale,Rochdale,,1,3421.0,0.343759,0.5,-0.156241,1
2026,local.rochdale.littleborough-lakeside.2026-05-07,littleborough-lakeside-local-rochdale-littleborough-lakeside-2026-05-07,Littleborough Lakeside,rochdale,Rochdale,,1,3414.0,0.40744,0.5,-0.09256,1
2026,local.rochdale.milkstone-deeplish.2026-05-07,milkstone-and-deeplish-local-rochdale-milkstone-deeplish-2026-05-07,Milkstone and Deeplish,rochdale,Rochdale,,1,3136.0,0.497449,0.5,-0.002551,1
2026,local.rochdale.milnrow-newhey.2026-05-07,milnrow-and-newhey-local-rochdale-milnrow-newhey-2026-05-07,Milnrow and Newhey,rochdale,Rochdale,,1,3583.0,0.390734,0.5,-0.109266,1
2026,local.rochdale.norden.2026-05-07,norden-local-rochdale-norden-2026-05-07,Norden,rochdale,Rochdale,,1,3935.0,0.422363,0.5,-0.077637,1
2026,local.rochdale.north-heywood.2026-05-07,north-heywood-local-rochdale-north-heywood-2026-05-07,North Heywood,rochdale,Rochdale,,1,2539.0,0.537613,0.5,0.037613,0
2026,local.rochdale.north-middleton.2026-05-07,north-middleton-local-rochdale-north-middleton-2026-05-07,North Middleton,rochdale,Rochdale,,1,3235.0,0.448223,0.5,-0.051777,1
2026,local.rochdale.smallbridge-firgrove.2026-05-07,smallbridge-and-firgrove-local-rochdale-smallbridge-firgrove-2026-05-07,Smallbridge and Firgrove,rochdale,Rochdale,,1,3068.0,0.298892,0.5,-0.201108,1
2026,local.rochdale.south-middleton.2026-05-07,south-middleton-local-rochdale-south-middleton-2026-05-07,South Middleton,rochdale,Rochdale,,1,3788.0,0.441922,0.5,-0.058078,1
2026,local.rochdale.spotland-falinge.2026-05-07,spotland-and-falinge-local-rochdale-spotland-falinge-2026-05-07,Spotland and Falinge,rochdale,Rochdale,,1,3343.0,0.304517,0.5,-0.195483,1
2026,local.rochdale.wardle-shore-west-littleborough.2026-05-07,wardle-shore-and-west-littleborough-local-rochdale-wardle-shore-west-littleborough-2026-05-07,"Wardle, Shore and West Littleborough",rochdale,Rochdale,,1,3662.0,0.400328,0.5,-0.099672,1
2026,local.rochdale.west-heywood.2026-05-07,west-heywood-local-rochdale-west-heywood-2026-05-07,West Heywood,rochdale,Rochdale,,1,2974.0,0.495629,0.5,-0.004371,1
2026,local.rochdale.west-middleton.2026-05-07,west-middleton-local-rochdale-west-middleton-2026-05-07,West Middleton,rochdale,Rochdale,,1,2344.0,0.399317,0.5,-0.100683,1
2026,local.rochford.downhall-rawreth.2026-05-07,downhall-and-rawreth-local-rochford-downhall-rawreth-2026-05-07,Downhall and Rawreth,rochford,Rochford,,2,2286.0,0.326334,0.333333,-0.006999,1
2026,local.rochford.foulness-the-wakerings.2026-05-07,foulness-and-the-wakerings-local-rochford-foulness-the-wakerings-2026-05-07,Foulness and the Wakerings,rochford,Rochford,,1,2534.0,0.437253,0.5,-0.062747,1
2026,local.rochford.hawkwell-east.2026-05-07,hawkwell-east-local-rochford-hawkwell-east-2026-05-07,Hawkwell East,rochford,Rochford,,2,2112.0,0.421402,0.333333,0.088068,0
2026,local.rochford.hawkwell-west.2026-05-07,hawkwell-west-local-rochford-hawkwell-west-2026-05-07,Hawkwell West,rochford,Rochford,,1,2393.0,0.435855,0.5,-0.064145,1
2026,local.rochford.hockley.2026-05-07,hockley-local-rochford-hockley-2026-05-07,Hockley,rochford,Rochford,,1,2403.0,0.374948,0.5,-0.125052,1
2026,local.rochford.hockley-ashingdon.2026-05-07,hockley-and-ashingdon-local-rochford-hockley-ashingdon-2026-05-07,Hockley and Ashingdon,rochford,Rochford,,1,2735.0,0.34808,0.5,-0.15192,1
2026,local.rochford.hullbridge.2026-05-07,hullbridge-local-rochford-hullbridge-2026-05-07,Hullbridge,rochford,Rochford,,1,2896.0,0.542472,0.5,0.042472,0
2026,local.rochford.lodge.2026-05-07,lodge-local-rochford-lodge-2026-05-07,Lodge,rochford,Rochford,,1,2499.0,0.441377,0.5,-0.058623,1
2026,local.rochford.roche-north-rural.2026-05-07,roche-north-and-rural-local-rochford-roche-north-rural-2026-05-07,Roche North and Rural,rochford,Rochford,,1,2193.0,0.485636,0.5,-0.014364,1
2026,local.rochford.roche-south.2026-05-07,roche-south-local-rochford-roche-south-2026-05-07,Roche South,rochford,Rochford,,1,2019.0,0.402675,0.5,-0.097325,1
2026,local.rochford.sweyne-park-grange.2026-05-07,sweyne-park-and-grange-local-rochford-sweyne-park-grange-2026-05-07,Sweyne Park and Grange,rochford,Rochford,,1,2294.0,0.397123,0.5,-0.102877,1
2026,local.rochford.trinity.2026-05-07,trinity-local-rochford-trinity-2026-05-07,Trinity,rochford,Rochford,,1,2790.0,0.363082,0.5,-0.136918,1
2026,local.rochford.wheatley.2026-05-07,wheatley-local-rochford-wheatley-2026-05-07,Wheatley,rochford,Rochford,,1,2579.0,0.362544,0.5,-0.137456,1
2026,local.rugby.admirals-and-cawston.2026-05-07,admirals-and-cawston-local-rugby-admirals-and-cawston-2026-05-07,Admirals and Cawston,rugby,Rugby,,1,2853.0,0.300035,0.5,-0.199965,1
2026,local.rugby.benn.2026-05-07,benn-local-rugby-benn-2026-05-07,Benn,rugby,Rugby,,1,1955.0,0.402046,0.5,-0.097954,1
2026,local.rugby.bilton.2026-05-07,bilton-local-rugby-bilton-2026-05-07,Bilton,rugby,Rugby,,2,2515.0,0.318887,0.333333,-0.014447,1
2026,local.rugby.coton-and-boughton.2026-05-07,coton-and-boughton-local-rugby-coton-and-boughton-2026-05-07,Coton and Boughton,rugby,Rugby,,1,2399.0,0.305544,0.5,-0.194456,1
2026,local.rugby.dunsmore.2026-05-07,dunsmore-local-rugby-dunsmore-2026-05-07,Dunsmore,rugby,Rugby,,1,3787.0,0.302878,0.5,-0.197122,1
2026,local.rugby.eastlands.2026-05-07,eastlands-local-rugby-eastlands-2026-05-07,Eastlands,rugby,Rugby,,1,2368.0,0.392736,0.5,-0.107264,1
2026,local.rugby.hillmorton.2026-05-07,hillmorton-local-rugby-hillmorton-2026-05-07,Hillmorton,rugby,Rugby,,1,2944.0,0.380435,0.5,-0.119565,1
2026,local.rugby.new-bilton.2026-05-07,new-bilton-local-rugby-new-bilton-2026-05-07,New Bilton,rugby,Rugby,,1,1640.0,0.348171,0.5,-0.151829,1
2026,local.rugby.newbold-and-brownsover.2026-05-07,newbold-and-brownsover-local-rugby-newbold-and-brownsover-2026-05-07,Newbold and Brownsover,rugby,Rugby,,1,2127.0,0.302774,0.5,-0.197226,1
2026,local.rugby.paddox.2026-05-07,paddox-local-rugby-paddox-2026-05-07,Paddox,rugby,Rugby,,1,2569.0,0.406773,0.5,-0.093227,1
2026,local.rugby.revel-and-binley-woods.2026-05-07,revel-and-binley-woods-local-rugby-revel-and-binley-woods-2026-05-07,Revel and Binley Woods,rugby,Rugby,,1,2738.0,0.391527,0.5,-0.108473,1
2026,local.rugby.rokeby-and-overslade.2026-05-07,rokeby-and-overslade-local-rugby-rokeby-and-overslade-2026-05-07,Rokeby and Overslade,rugby,Rugby,,1,2409.0,0.440432,0.5,-0.059568,1
2026,local.rugby.wolston-and-the-lawfords.2026-05-07,wolston-and-the-lawfords-local-rugby-wolston-and-the-lawfords-2026-05-07,Wolston and the Lawfords,rugby,Rugby,,1,2745.0,0.48561,0.5,-0.01439,1
2026,local.rugby.wolvey-and-shilton.2026-05-07,wolvey-and-shilton-local-rugby-wolvey-and-shilton-2026-05-07,Wolvey and Shilton,rugby,Rugby,,1,1091.0,0.492209,0.5,-0.007791,1
2026,local.rushmoor.aldershot-park.2026-05-07,aldershot-park-local-rushmoor-aldershot-park-2026-05-07,Aldershot Park,rushmoor,Rushmoor,,1,1767.0,0.383701,0.5,-0.116299,1
2026,local.rushmoor.cherrywood.2026-05-07,cherrywood-local-rushmoor-cherrywood-2026-05-07,Cherrywood,rushmoor,Rushmoor,,1,1773.0,0.314157,0.5,-0.185843,1
2026,local.rushmoor.cove-and-southwood.2026-05-07,cove-and-southwood-local-rushmoor-cove-and-southwood-2026-05-07,Cove and Southwood,rushmoor,Rushmoor,,1,2371.0,0.303248,0.5,-0.196752,1
2026,local.rushmoor.empress.2026-05-07,empress-local-rushmoor-empress-2026-05-07,Empress,rushmoor,Rushmoor,,1,2349.0,0.309919,0.5,-0.190081,1
2026,local.rushmoor.fernhill.2026-05-07,fernhill-local-rushmoor-fernhill-2026-05-07,Fernhill,rushmoor,Rushmoor,,2,1829.5,0.39519,0.333333,0.061857,0
2026,local.rushmoor.knellwood.2026-05-07,knellwood-local-rushmoor-knellwood-2026-05-07,Knellwood,rushmoor,Rushmoor,,1,2887.0,0.317977,0.5,-0.182023,1
2026,local.rushmoor.manor-park.2026-05-07,manor-park-local-rushmoor-manor-park-2026-05-07,Manor Park,rushmoor,Rushmoor,,1,2551.0,0.349275,0.5,-0.150725,1
2026,local.rushmoor.north-town.2026-05-07,north-town-local-rushmoor-north-town-2026-05-07,North Town,rushmoor,Rushmoor,,1,1972.0,0.457911,0.5,-0.042089,1
2026,local.rushmoor.rowhill.2026-05-07,rowhill-local-rushmoor-rowhill-2026-05-07,Rowhill,rushmoor,Rushmoor,,1,2282.0,0.336547,0.5,-0.163453,1
2026,local.rushmoor.st-johns.2026-05-07,st-john-s-local-rushmoor-st-johns-2026-05-07,St John's,rushmoor,Rushmoor,,1,2197.0,0.327264,0.5,-0.172736,1
2026,local.rushmoor.st-marks.2026-05-07,st-mark-s-local-rushmoor-st-marks-2026-05-07,St Mark's,rushmoor,Rushmoor,,1,2131.0,0.282966,0.5,-0.217034,1
2026,local.rushmoor.wellington.2026-05-07,wellington-local-rushmoor-wellington-2026-05-07,Wellington,rushmoor,Rushmoor,,1,1655.0,0.332931,0.5,-0.167069,1
2026,local.rushmoor.west-heath.2026-05-07,west-heath-local-rushmoor-west-heath-2026-05-07,West Heath,rushmoor,Rushmoor,,1,2121.0,0.311645,0.5,-0.188355,1
2026,local.salford.barton-winton.2026-05-07,barton-and-winton-local-salford-barton-winton-2026-05-07,Barton and Winton,salford,Salford,,1,3624.0,0.371965,0.5,-0.128035,1
2026,local.salford.blackfriars-trinity.2026-05-07,blackfriars-and-trinity-local-salford-blackfriars-trinity-2026-05-07,Blackfriars and Trinity,salford,Salford,,1,3061.0,0.526299,0.5,0.026299,0
2026,local.salford.boothstown-ellenbrook.2026-05-07,boothstown-and-ellenbrook-local-salford-boothstown-ellenbrook-2026-05-07,Boothstown and Ellenbrook,salford,Salford,,1,4667.0,0.346261,0.5,-0.153739,1
2026,local.salford.broughton.2026-05-07,broughton-local-salford-broughton-2026-05-07,Broughton,salford,Salford,,1,2453.0,0.327354,0.5,-0.172646,1
2026,local.salford.cadishead-lower-irlam.2026-05-07,cadishead-and-lower-irlam-local-salford-cadishead-lower-irlam-2026-05-07,Cadishead and Lower Irlam,salford,Salford,,2,3297.0,0.453139,0.333333,0.119806,0
2026,local.salford.claremont.2026-05-07,claremont-local-salford-claremont-2026-05-07,Claremont,salford,Salford,,1,3934.0,0.380529,0.5,-0.119471,1
2026,local.salford.eccles.2026-05-07,eccles-local-salford-eccles-2026-05-07,Eccles,salford,Salford,,1,3764.0,0.441817,0.5,-0.058183,1
2026,local.salford.higher-irlam-peel-green.2026-05-07,higher-irlam-and-peel-green-local-salford-higher-irlam-peel-green-2026-05-07,Higher Irlam and Peel Green,salford,Salford,,1,3028.0,0.463342,0.5,-0.036658,1
2026,local.salford.kersal-broughton-park.2026-05-07,kersal-and-broughton-park-local-salford-kersal-broughton-park-2026-05-07,Kersal and Broughton Park,salford,Salford,,1,3036.0,0.334651,0.5,-0.165349,1
2026,local.salford.little-hulton.2026-05-07,little-hulton-local-salford-little-hulton-2026-05-07,Little Hulton,salford,Salford,,1,2580.0,0.434496,0.5,-0.065504,1
2026,local.salford.ordsall.2026-05-07,ordsall-local-salford-ordsall-2026-05-07,Ordsall,salford,Salford,,1,2804.0,0.401213,0.5,-0.098787,1
2026,local.salford.pendlebury-clifton.2026-05-07,pendlebury-and-clifton-local-salford-pendlebury-clifton-2026-05-07,Pendlebury and Clifton,salford,Salford,,1,3274.0,0.496946,0.5,-0.003054,1
2026,local.salford.pendleton-charlestown.2026-05-07,pendleton-and-charlestown-local-salford-pendleton-charlestown-2026-05-07,Pendleton and Charlestown,salford,Salford,,1,2946.0,0.326884,0.5,-0.173116,1
2026,local.salford.quays.2026-05-07,quays-local-salford-quays-2026-05-07,Quays,salford,Salford,,1,2503.0,0.424291,0.5,-0.075709,1
2026,local.salford.swinton-park.2026-05-07,swinton-park-local-salford-swinton-park-2026-05-07,Swinton Park,salford,Salford,,1,3765.0,0.385126,0.5,-0.114874,1
2026,local.salford.swinton-wardley.2026-05-07,swinton-and-wardley-local-salford-swinton-wardley-2026-05-07,Swinton and Wardley,salford,Salford,,1,3678.0,0.419521,0.5,-0.080479,1
2026,local.salford.walkden-north.2026-05-07,walkden-north-local-salford-walkden-north-2026-05-07,Walkden North,salford,Salford,,1,3046.0,0.396914,0.5,-0.103086,1
2026,local.salford.walkden-south.2026-05-07,walkden-south-local-salford-walkden-south-2026-05-07,Walkden South,salford,Salford,,1,3948.0,0.360182,0.5,-0.139818,1
2026,local.salford.weaste-seedley.2026-05-07,weaste-and-seedley-local-salford-weaste-seedley-2026-05-07,Weaste and Seedley,salford,Salford,,1,3518.0,0.333428,0.5,-0.166572,1
2026,local.salford.worsley-westwood-park.2026-05-07,worsley-and-westwood-park-local-salford-worsley-westwood-park-2026-05-07,Worsley and Westwood Park,salford,Salford,,1,3837.0,0.349752,0.5,-0.150248,1
2026,local.sandwell.bearwood.2026-05-07,bearwood-local-sandwell-bearwood-2026-05-07,Bearwood,sandwell,Sandwell,,3,4019.6666666666665,0.381872,0.25,0.131872,0
2026,local.sandwell.blackheath.2026-05-07,blackheath-local-sandwell-blackheath-2026-05-07,Blackheath,sandwell,Sandwell,,3,3689.0,0.452155,0.25,0.202155,0
2026,local.sandwell.bristnall.2026-05-07,bristnall-local-sandwell-bristnall-2026-05-07,Bristnall,sandwell,Sandwell,,3,3353.333333333333,0.342346,0.25,0.092346,0
2026,local.sandwell.charlemont-grove-vale.2026-05-07,charlemont-and-grove-vale-local-sandwell-charlemont-grove-vale-2026-05-07,Charlemont and Grove Vale,sandwell,Sandwell,,3,3702.6666666666665,0.389719,0.25,0.139719,0
2026,local.sandwell.cradley-heath-old-hill.2026-05-07,cradley-heath-and-old-hill-local-sandwell-cradley-heath-old-hill-2026-05-07,Cradley Heath and Old Hill,sandwell,Sandwell,,3,3199.333333333333,0.435091,0.25,0.185091,0
2026,local.sandwell.friar-park-stone-cross.2026-05-07,friar-park-and-stone-cross-local-sandwell-friar-park-stone-cross-2026-05-07,Friar Park and Stone Cross,sandwell,Sandwell,,3,2977.6666666666665,0.528602,0.25,0.278602,0
2026,local.sandwell.great-barr-tamebridge-yew-tree.2026-05-07,great-barr-tamebridge-and-yew-tree-local-sandwell-great-barr-tamebridge-yew-tree-2026-05-07,"Great Barr, Tamebridge and Yew Tree",sandwell,Sandwell,,3,3723.3333333333335,0.342704,0.25,0.092704,0
2026,local.sandwell.great-bridge.2026-05-07,great-bridge-local-sandwell-great-bridge-2026-05-07,Great Bridge,sandwell,Sandwell,,3,3144.333333333333,0.438885,0.25,0.188885,0
2026,local.sandwell.greets-green-lyng.2026-05-07,greets-green-and-lyng-local-sandwell-greets-green-lyng-2026-05-07,Greets Green and Lyng,sandwell,Sandwell,,3,2988.6666666666665,0.453714,0.25,0.203714,0
2026,local.sandwell.hateley-heath.2026-05-07,hateley-heath-local-sandwell-hateley-heath-2026-05-07,Hateley Heath,sandwell,Sandwell,,3,2826.6666666666665,0.398703,0.25,0.148703,0
2026,local.sandwell.hill-top.2026-05-07,hill-top-local-sandwell-hill-top-2026-05-07,Hill Top,sandwell,Sandwell,,3,2981.0,0.396847,0.25,0.146847,0
2026,local.sandwell.langley.2026-05-07,langley-local-sandwell-langley-2026-05-07,Langley,sandwell,Sandwell,,3,3328.333333333333,0.374362,0.25,0.124362,0
2026,local.sandwell.newton-valley.2026-05-07,newton-and-valley-local-sandwell-newton-valley-2026-05-07,Newton and Valley,sandwell,Sandwell,,3,3273.6666666666665,0.32624,0.25,0.07624,0
2026,local.sandwell.oldbury.2026-05-07,oldbury-local-sandwell-oldbury-2026-05-07,Oldbury,sandwell,Sandwell,,3,2636.333333333333,0.413074,0.25,0.163074,0
2026,local.sandwell.old-warley.2026-05-07,old-warley-local-sandwell-old-warley-2026-05-07,Old Warley,sandwell,Sandwell,,3,3504.0,0.36758,0.25,0.11758,0
2026,local.sandwell.princes-end.2026-05-07,princes-end-local-sandwell-princes-end-2026-05-07,Princes End,sandwell,Sandwell,,3,2723.6666666666665,0.51181,0.25,0.26181,0
2026,local.sandwell.rowley.2026-05-07,rowley-local-sandwell-rowley-2026-05-07,Rowley,sandwell,Sandwell,,3,3173.6666666666665,0.44176,0.25,0.19176,0
2026,local.sandwell.smethwick.2026-05-07,smethwick-local-sandwell-smethwick-2026-05-07,Smethwick,sandwell,Sandwell,,3,2707.0,0.436646,0.25,0.186646,0
2026,local.sandwell.soho-victoria.2026-05-07,soho-and-victoria-local-sandwell-soho-victoria-2026-05-07,Soho and Victoria,sandwell,Sandwell,,3,2358.6666666666665,0.522329,0.25,0.272329,0
2026,local.sandwell.st-pauls.2026-05-07,st-pauls-local-sandwell-st-pauls-2026-05-07,St Pauls,sandwell,Sandwell,,3,2878.6666666666665,0.562761,0.25,0.312761,0
2026,local.sandwell.tipton-green.2026-05-07,tipton-green-local-sandwell-tipton-green-2026-05-07,Tipton Green,sandwell,Sandwell,,3,3458.6666666666665,0.388878,0.25,0.138878,0
2026,local.sandwell.tividale.2026-05-07,tividale-local-sandwell-tividale-2026-05-07,Tividale,sandwell,Sandwell,,3,3108.6666666666665,0.411752,0.25,0.161752,0
2026,local.sandwell.wednesbury.2026-05-07,wednesbury-local-sandwell-wednesbury-2026-05-07,Wednesbury,sandwell,Sandwell,,3,3464.333333333333,0.47888,0.25,0.22888,0
2026,local.sandwell.west-bromwich-central.2026-05-07,west-bromwich-central-local-sandwell-west-bromwich-central-2026-05-07,West Bromwich Central,sandwell,Sandwell,,3,2632.333333333333,0.45473,0.25,0.20473,0
2026,local.sefton.ainsdale.2026-05-07,ainsdale-local-sefton-ainsdale-2026-05-07,Ainsdale,sefton,Sefton,,3,4536.666666666667,0.28942,0.25,0.03942,0
2026,local.sefton.aintree-maghull-south.2026-05-07,aintree-and-maghull-south-local-sefton-aintree-maghull-south-2026-05-07,Aintree and Maghull South,sefton,Sefton,,3,4015.0,0.378331,0.25,0.128331,0
2026,local.sefton.birkdale.2026-05-07,birkdale-local-sefton-birkdale-2026-05-07,Birkdale,sefton,Sefton,,3,4547.0,0.301737,0.25,0.051737,0
2026,local.sefton.blundellsands.2026-05-07,blundellsands-local-sefton-blundellsands-2026-05-07,Blundellsands,sefton,Sefton,,3,4034.6666666666665,0.39111,0.25,0.14111,0
2026,local.sefton.bootle-east.2026-05-07,bootle-east-local-sefton-bootle-east-2026-05-07,Bootle East,sefton,Sefton,,3,2188.0,0.384369,0.25,0.134369,0
2026,local.sefton.bootle-west.2026-05-07,bootle-west-local-sefton-bootle-west-2026-05-07,Bootle West,sefton,Sefton,,3,2004.0,0.351796,0.25,0.101796,0
2026,local.sefton.cambridge.2026-05-07,cambridge-local-sefton-cambridge-2026-05-07,Cambridge,sefton,Sefton,,3,4127.333333333333,0.346471,0.25,0.096471,0
2026,local.sefton.dukes.2026-05-07,duke-s-local-sefton-dukes-2026-05-07,Duke's,sefton,Sefton,,3,4037.0,0.332673,0.25,0.082673,0
2026,local.sefton.ford.2026-05-07,ford-local-sefton-ford-2026-05-07,Ford,sefton,Sefton,,3,2631.0,0.40935,0.25,0.15935,0
2026,local.sefton.formby-east.2026-05-07,formby-east-local-sefton-formby-east-2026-05-07,Formby East,sefton,Sefton,,3,4425.0,0.378757,0.25,0.128757,0
2026,local.sefton.formby-west.2026-05-07,formby-west-local-sefton-formby-west-2026-05-07,Formby West,sefton,Sefton,,3,4703.0,0.358282,0.25,0.108282,0
2026,local.sefton.great-crosby.2026-05-07,great-crosby-local-sefton-great-crosby-2026-05-07,Great Crosby,sefton,Sefton,,3,3822.6666666666665,0.388734,0.25,0.138734,0
2026,local.sefton.kew.2026-05-07,kew-local-sefton-kew-2026-05-07,Kew,sefton,Sefton,,3,3869.0,0.349444,0.25,0.099444,0
2026,local.sefton.litherland.2026-05-07,litherland-local-sefton-litherland-2026-05-07,Litherland,sefton,Sefton,,3,2498.0,0.335468,0.25,0.085468,0
2026,local.sefton.lydiate-maghull-west.2026-05-07,lydiate-and-maghull-west-local-sefton-lydiate-maghull-west-2026-05-07,Lydiate and Maghull West,sefton,Sefton,,3,4642.666666666667,0.366169,0.25,0.116169,0
2026,local.sefton.maghull-east.2026-05-07,maghull-east-local-sefton-maghull-east-2026-05-07,Maghull East,sefton,Sefton,,3,3703.6666666666665,0.376924,0.25,0.126924,0
2026,local.sefton.meols.2026-05-07,meols-local-sefton-meols-2026-05-07,Meols,sefton,Sefton,,3,4301.0,0.420135,0.25,0.170135,0
2026,local.sefton.netherton-north.2026-05-07,netherton-north-local-sefton-netherton-north-2026-05-07,Netherton North,sefton,Sefton,,3,2189.333333333333,0.466352,0.25,0.216352,0
2026,local.sefton.netherton-south-orrell.2026-05-07,netherton-south-and-orrell-local-sefton-netherton-south-orrell-2026-05-07,Netherton South and Orrell,sefton,Sefton,,3,2293.6666666666665,0.407644,0.25,0.157644,0
2026,local.sefton.norwood.2026-05-07,norwood-local-sefton-norwood-2026-05-07,Norwood,sefton,Sefton,,3,3963.3333333333335,0.322204,0.25,0.072204,0
2026,local.sefton.thornton-hightown.2026-05-07,thornton-and-hightown-local-sefton-thornton-hightown-2026-05-07,Thornton and Hightown,sefton,Sefton,,3,3620.3333333333335,0.380352,0.25,0.130352,0
2026,local.sefton.waterloo.2026-05-07,waterloo-local-sefton-waterloo-2026-05-07,Waterloo,sefton,Sefton,,3,3646.0,0.46407,0.25,0.21407,0
2026,local.sheffield.beauchief-greenhill.2026-05-07,beauchief-and-greenhill-local-sheffield-beauchief-greenhill-2026-05-07,Beauchief and Greenhill,sheffield,Sheffield,,1,5743.0,0.316733,0.5,-0.183267,1
2026,local.sheffield.beighton.2026-05-07,beighton-local-sheffield-beighton-2026-05-07,Beighton,sheffield,Sheffield,,2,5108.5,0.389351,0.333333,0.056018,0
2026,local.sheffield.birley.2026-05-07,birley-local-sheffield-birley-2026-05-07,Birley,sheffield,Sheffield,,1,4862.0,0.442822,0.5,-0.057178,1
2026,local.sheffield.broomhill-sharrow-vale.2026-05-07,broomhill-and-sharrow-vale-local-sheffield-broomhill-sharrow-vale-2026-05-07,Broomhill and Sharrow Vale,sheffield,Sheffield,,1,6229.0,0.648258,0.5,0.148258,0
2026,local.sheffield.burngreave.2026-05-07,burngreave-local-sheffield-burngreave-2026-05-07,Burngreave,sheffield,Sheffield,,1,5212.0,0.348427,0.5,-0.151573,1
2026,local.sheffield.city.2026-05-07,city-local-sheffield-city-2026-05-07,City,sheffield,Sheffield,,1,3549.0,0.711186,0.5,0.211186,0
2026,local.sheffield.crookes-crosspool.2026-05-07,crookes-and-crosspool-local-sheffield-crookes-crosspool-2026-05-07,Crookes and Crosspool,sheffield,Sheffield,,1,7586.0,0.350119,0.5,-0.149881,1
2026,local.sheffield.darnall.2026-05-07,darnall-local-sheffield-darnall-2026-05-07,Darnall,sheffield,Sheffield,,1,5096.0,0.252943,0.5,-0.247057,1
2026,local.sheffield.dore-totley.2026-05-07,dore-and-totley-local-sheffield-dore-totley-2026-05-07,Dore and Totley,sheffield,Sheffield,,1,8035.0,0.391039,0.5,-0.108961,1
2026,local.sheffield.east-ecclesfield.2026-05-07,east-ecclesfield-local-sheffield-east-ecclesfield-2026-05-07,East Ecclesfield,sheffield,Sheffield,,1,6108.0,0.387197,0.5,-0.112803,1
2026,local.sheffield.ecclesall.2026-05-07,ecclesall-local-sheffield-ecclesall-2026-05-07,Ecclesall,sheffield,Sheffield,,1,9633.0,0.449289,0.5,-0.050711,1
2026,local.sheffield.firth-park.2026-05-07,firth-park-local-sheffield-firth-park-2026-05-07,Firth Park,sheffield,Sheffield,,2,3770.0,0.358621,0.333333,0.025287,0
2026,local.sheffield.fulwood.2026-05-07,fulwood-local-sheffield-fulwood-2026-05-07,Fulwood,sheffield,Sheffield,,1,8124.0,0.3758,0.5,-0.1242,1
2026,local.sheffield.gleadless-valley.2026-05-07,gleadless-valley-local-sheffield-gleadless-valley-2026-05-07,Gleadless Valley,sheffield,Sheffield,,1,5798.0,0.606588,0.5,0.106588,0
2026,local.sheffield.graves-park.2026-05-07,graves-park-local-sheffield-graves-park-2026-05-07,Graves Park,sheffield,Sheffield,,1,6945.0,0.32455,0.5,-0.17545,1
2026,local.sheffield.hillsborough.2026-05-07,hillsborough-local-sheffield-hillsborough-2026-05-07,Hillsborough,sheffield,Sheffield,,1,6824.0,0.504836,0.5,0.004836,0
2026,local.sheffield.manor-castle.2026-05-07,manor-castle-local-sheffield-manor-castle-2026-05-07,Manor Castle,sheffield,Sheffield,,1,4737.0,0.424741,0.5,-0.075259,1
2026,local.sheffield.mosborough.2026-05-07,mosborough-local-sheffield-mosborough-2026-05-07,Mosborough,sheffield,Sheffield,,1,5216.0,0.405291,0.5,-0.094709,1
2026,local.sheffield.nether-edge-sharrow.2026-05-07,nether-edge-and-sharrow-local-sheffield-nether-edge-sharrow-2026-05-07,Nether Edge and Sharrow,sheffield,Sheffield,,1,7471.0,0.504618,0.5,0.004618,0
2026,local.sheffield.park-arbourthorne.2026-05-07,park-and-arbourthorne-local-sheffield-park-arbourthorne-2026-05-07,Park and Arbourthorne,sheffield,Sheffield,,1,4580.0,0.379913,0.5,-0.120087,1
2026,local.sheffield.richmond.2026-05-07,richmond-local-sheffield-richmond-2026-05-07,Richmond,sheffield,Sheffield,,1,4894.0,0.505108,0.5,0.005108,0
2026,local.sheffield.shiregreen-brightside.2026-05-07,shiregreen-and-brightside-local-sheffield-shiregreen-brightside-2026-05-07,Shiregreen and Brightside,sheffield,Sheffield,,1,3941.0,0.424004,0.5,-0.075996,1
2026,local.sheffield.southey.2026-05-07,southey-local-sheffield-southey-2026-05-07,Southey,sheffield,Sheffield,,1,4320.0,0.499306,0.5,-0.000694,1
2026,local.sheffield.stannington.2026-05-07,stannington-local-sheffield-stannington-2026-05-07,Stannington,sheffield,Sheffield,,1,7098.0,0.338123,0.5,-0.161877,1
2026,local.sheffield.stocksbridge-upper-don.2026-05-07,stocksbridge-and-upper-don-local-sheffield-stocksbridge-upper-don-2026-05-07,Stocksbridge and Upper Don,sheffield,Sheffield,,1,6839.0,0.373446,0.5,-0.126554,1
2026,local.sheffield.walkley.2026-05-07,walkley-local-sheffield-walkley-2026-05-07,Walkley,sheffield,Sheffield,,1,6974.0,0.400631,0.5,-0.099369,1
2026,local.sheffield.west-ecclesfield.2026-05-07,west-ecclesfield-local-sheffield-west-ecclesfield-2026-05-07,West Ecclesfield,sheffield,Sheffield,,1,5901.0,0.388917,0.5,-0.111083,1
2026,local.sheffield.woodhouse.2026-05-07,woodhouse-local-sheffield-woodhouse-2026-05-07,Woodhouse,sheffield,Sheffield,,1,4454.0,0.446116,0.5,-0.053884,1
2026,local.solihull.balsall-berkswell.2026-05-07,balsall-and-berkswell-local-solihull-balsall-berkswell-2026-05-07,Balsall and Berkswell,solihull,Solihull,,3,3428.333333333333,0.524161,0.25,0.274161,0
2026,local.solihull.blythe.2026-05-07,blythe-local-solihull-blythe-2026-05-07,Blythe,solihull,Solihull,,3,3509.0,0.424337,0.25,0.174337,0
2026,local.solihull.castle-bromwich.2026-05-07,castle-bromwich-local-solihull-castle-bromwich-2026-05-07,Castle Bromwich,solihull,Solihull,,3,3878.0,0.53868,0.25,0.28868,0
2026,local.solihull.chelmsley-wood.2026-05-07,chelmsley-wood-local-solihull-chelmsley-wood-2026-05-07,Chelmsley Wood,solihull,Solihull,,3,2436.6666666666665,0.518741,0.25,0.268741,0
2026,local.solihull.dorridge-hockley-heath.2026-05-07,dorridge-and-hockley-heath-local-solihull-dorridge-hockley-heath-2026-05-07,Dorridge and Hockley Heath,solihull,Solihull,,3,5059.0,0.494762,0.25,0.244762,0
2026,local.solihull.elmdon.2026-05-07,elmdon-local-solihull-elmdon-2026-05-07,Elmdon,solihull,Solihull,,3,4063.6666666666665,0.362973,0.25,0.112973,0
2026,local.solihull.fordbridge.2026-05-07,fordbridge-local-solihull-fordbridge-2026-05-07,Fordbridge,solihull,Solihull,,3,2347.333333333333,0.564896,0.25,0.314896,0
2026,local.solihull.kingshurst-smiths-wood.2026-05-07,kingshurst-and-smith-s-wood-local-solihull-kingshurst-smiths-wood-2026-05-07,Kingshurst and Smith's Wood,solihull,Solihull,,3,3091.6666666666665,0.496173,0.25,0.246173,0
2026,local.solihull.knowle.2026-05-07,knowle-local-solihull-knowle-2026-05-07,Knowle,solihull,Solihull,,3,4454.0,0.563089,0.25,0.313089,0
2026,local.solihull.lyndon.2026-05-07,lyndon-local-solihull-lyndon-2026-05-07,Lyndon,solihull,Solihull,,3,4025.6666666666665,0.352985,0.25,0.102985,0
2026,local.solihull.meriden-arden.2026-05-07,meriden-and-arden-local-solihull-meriden-arden-2026-05-07,Meriden and Arden,solihull,Solihull,,3,3683.3333333333335,0.384977,0.25,0.134977,0
2026,local.solihull.olton.2026-05-07,olton-local-solihull-olton-2026-05-07,Olton,solihull,Solihull,,3,5051.333333333333,0.330408,0.25,0.080408,0
2026,local.solihull.shirley-east-sharmans-cross.2026-05-07,shirley-east-and-sharmans-cross-local-solihull-shirley-east-sharmans-cross-2026-05-07,Shirley East and Sharmans Cross,solihull,Solihull,,3,5210.333333333333,0.476937,0.25,0.226937,0
2026,local.solihull.shirley-south.2026-05-07,shirley-south-local-solihull-shirley-south-2026-05-07,Shirley South,solihull,Solihull,,3,4739.333333333333,0.356379,0.25,0.106379,0
2026,local.solihull.shirley-west.2026-05-07,shirley-west-local-solihull-shirley-west-2026-05-07,Shirley West,solihull,Solihull,,3,4995.666666666667,0.338493,0.25,0.088493,0
2026,local.solihull.silhill.2026-05-07,silhill-local-solihull-silhill-2026-05-07,Silhill,solihull,Solihull,,3,5056.666666666667,0.3882,0.25,0.1382,0
2026,local.solihull.st-alphege-with-monkspath-hillfield.2026-05-07,st-alphege-with-monkspath-and-hillfield-local-solihull-st-alphege-with-monkspath-hillfield-2026-05-07,St Alphege with Monkspath and Hillfield,solihull,Solihull,,3,5065.666666666667,0.472198,0.25,0.222198,0
2026,local.southampton.banister-polygon.2026-05-07,banister-and-polygon-local-southampton-banister-polygon-2026-05-07,Banister and Polygon,southampton,Southampton,,1,3059.0,0.386728,0.5,-0.113272,1
2026,local.southampton.bargate.2026-05-07,bargate-local-southampton-bargate-2026-05-07,Bargate,southampton,Southampton,,1,2513.0,0.279347,0.5,-0.220653,1
2026,local.southampton.bassett.2026-05-07,bassett-local-southampton-bassett-2026-05-07,Bassett,southampton,Southampton,,1,4085.0,0.390698,0.5,-0.109302,1
2026,local.southampton.bevois.2026-05-07,bevois-local-southampton-bevois-2026-05-07,Bevois,southampton,Southampton,,1,3102.0,0.313346,0.5,-0.186654,1
2026,local.southampton.bitterne-park.2026-05-07,bitterne-park-local-southampton-bitterne-park-2026-05-07,Bitterne Park,southampton,Southampton,,1,4765.0,0.270724,0.5,-0.229276,1
2026,local.southampton.coxford.2026-05-07,coxford-local-southampton-coxford-2026-05-07,Coxford,southampton,Southampton,,1,3559.0,0.397865,0.5,-0.102135,1
2026,local.southampton.freemantle.2026-05-07,freemantle-local-southampton-freemantle-2026-05-07,Freemantle,southampton,Southampton,,1,3655.0,0.310807,0.5,-0.189193,1
2026,local.southampton.harefield.2026-05-07,harefield-local-southampton-harefield-2026-05-07,Harefield,southampton,Southampton,,1,3553.0,0.333521,0.5,-0.166479,1
2026,local.southampton.millbrook.2026-05-07,millbrook-local-southampton-millbrook-2026-05-07,Millbrook,southampton,Southampton,,1,3039.0,0.285949,0.5,-0.214051,1
2026,local.southampton.peartree.2026-05-07,peartree-local-southampton-peartree-2026-05-07,Peartree,southampton,Southampton,,1,4309.0,0.314226,0.5,-0.185774,1
2026,local.southampton.portswood.2026-05-07,portswood-local-southampton-portswood-2026-05-07,Portswood,southampton,Southampton,,1,3707.0,0.386296,0.5,-0.113704,1
2026,local.southampton.redbridge.2026-05-07,redbridge-local-southampton-redbridge-2026-05-07,Redbridge,southampton,Southampton,,1,2850.0,0.401404,0.5,-0.098596,1
2026,local.southampton.shirley.2026-05-07,shirley-local-southampton-shirley-2026-05-07,Shirley,southampton,Southampton,,1,4297.0,0.286013,0.5,-0.213987,1
2026,local.southampton.sholing.2026-05-07,sholing-local-southampton-sholing-2026-05-07,Sholing,southampton,Southampton,,1,3862.0,0.37131,0.5,-0.12869,1
2026,local.southampton.swaythling.2026-05-07,swaythling-local-southampton-swaythling-2026-05-07,Swaythling,southampton,Southampton,,1,3078.0,0.334308,0.5,-0.165692,1
2026,local.southampton.thornhill.2026-05-07,thornhill-local-southampton-thornhill-2026-05-07,Thornhill,southampton,Southampton,,1,2922.0,0.415811,0.5,-0.084189,1
2026,local.southampton.woolston.2026-05-07,woolston-local-southampton-woolston-2026-05-07,Woolston,southampton,Southampton,,1,3434.0,0.355271,0.5,-0.144729,1
2026,local.south-cambridgeshire.balsham.2026-05-07,balsham-local-south-cambridgeshire-balsham-2026-05-07,Balsham,south-cambridgeshire,South Cambridgeshire,,1,1493.0,0.422639,0.5,-0.077361,1
2026,local.south-cambridgeshire.bar-hill.2026-05-07,bar-hill-local-south-cambridgeshire-bar-hill-2026-05-07,Bar Hill,south-cambridgeshire,South Cambridgeshire,,1,1388.0,0.382565,0.5,-0.117435,1
2026,local.south-cambridgeshire.barrington.2026-05-07,barrington-local-south-cambridgeshire-barrington-2026-05-07,Barrington,south-cambridgeshire,South Cambridgeshire,,1,1538.0,0.429779,0.5,-0.070221,1
2026,local.south-cambridgeshire.bassingbourn.2026-05-07,bassingbourn-local-south-cambridgeshire-bassingbourn-2026-05-07,Bassingbourn,south-cambridgeshire,South Cambridgeshire,,1,1372.0,0.447522,0.5,-0.052478,1
2026,local.south-cambridgeshire.caldecote.2026-05-07,caldecote-local-south-cambridgeshire-caldecote-2026-05-07,Caldecote,south-cambridgeshire,South Cambridgeshire,,1,1510.0,0.438411,0.5,-0.061589,1
2026,local.south-cambridgeshire.cambourne.2026-05-07,cambourne-local-south-cambridgeshire-cambourne-2026-05-07,Cambourne,south-cambridgeshire,South Cambridgeshire,,3,3553.333333333333,0.375985,0.25,0.125985,0
2026,local.south-cambridgeshire.caxton-papworth.2026-05-07,caxton-and-papworth-local-south-cambridgeshire-caxton-papworth-2026-05-07,Caxton and Papworth,south-cambridgeshire,South Cambridgeshire,,2,2194.5,0.450672,0.333333,0.117339,0
2026,local.south-cambridgeshire.cottenham.2026-05-07,cottenham-local-south-cambridgeshire-cottenham-2026-05-07,Cottenham,south-cambridgeshire,South Cambridgeshire,,2,2627.5,0.378306,0.333333,0.044973,0
2026,local.south-cambridgeshire.duxford.2026-05-07,duxford-local-south-cambridgeshire-duxford-2026-05-07,Duxford,south-cambridgeshire,South Cambridgeshire,,1,1361.0,0.497428,0.5,-0.002572,1
2026,local.south-cambridgeshire.fen-ditton-fulbourn.2026-05-07,fen-ditton-and-fulbourn-local-south-cambridgeshire-fen-ditton-fulbourn-2026-05-07,Fen Ditton and Fulbourn,south-cambridgeshire,South Cambridgeshire,,3,3918.6666666666665,0.342719,0.25,0.092719,0
2026,local.south-cambridgeshire.foxton.2026-05-07,foxton-local-south-cambridgeshire-foxton-2026-05-07,Foxton,south-cambridgeshire,South Cambridgeshire,,1,1537.0,0.483409,0.5,-0.016591,1
2026,local.south-cambridgeshire.gamlingay.2026-05-07,gamlingay-local-south-cambridgeshire-gamlingay-2026-05-07,Gamlingay,south-cambridgeshire,South Cambridgeshire,,1,1538.0,0.53381,0.5,0.03381,0
2026,local.south-cambridgeshire.girton.2026-05-07,girton-local-south-cambridgeshire-girton-2026-05-07,Girton,south-cambridgeshire,South Cambridgeshire,,2,2046.5,0.486196,0.333333,0.152863,0
2026,local.south-cambridgeshire.hardwick.2026-05-07,hardwick-local-south-cambridgeshire-hardwick-2026-05-07,Hardwick,south-cambridgeshire,South Cambridgeshire,,1,1402.0,0.416548,0.5,-0.083452,1
2026,local.south-cambridgeshire.harston-comberton.2026-05-07,harston-and-comberton-local-south-cambridgeshire-harston-comberton-2026-05-07,Harston and Comberton,south-cambridgeshire,South Cambridgeshire,,3,3850.3333333333335,0.416847,0.25,0.166847,0
2026,local.south-cambridgeshire.histon-impington.2026-05-07,histon-and-impington-local-south-cambridgeshire-histon-impington-2026-05-07,Histon and Impington,south-cambridgeshire,South Cambridgeshire,,3,3967.6666666666665,0.42065,0.25,0.17065,0
2026,local.south-cambridgeshire.linton.2026-05-07,linton-local-south-cambridgeshire-linton-2026-05-07,Linton,south-cambridgeshire,South Cambridgeshire,,2,2808.5,0.487449,0.333333,0.154115,0
2026,local.south-cambridgeshire.longstanton.2026-05-07,longstanton-local-south-cambridgeshire-longstanton-2026-05-07,Longstanton,south-cambridgeshire,South Cambridgeshire,,2,2579.0,0.395502,0.333333,0.062169,0
2026,local.south-cambridgeshire.melbourn.2026-05-07,melbourn-local-south-cambridgeshire-melbourn-2026-05-07,Melbourn,south-cambridgeshire,South Cambridgeshire,,2,3100.5,0.499597,0.333333,0.166264,0
2026,local.south-cambridgeshire.milton-waterbeach.2026-05-07,milton-and-waterbeach-local-south-cambridgeshire-milton-waterbeach-2026-05-07,Milton and Waterbeach,south-cambridgeshire,South Cambridgeshire,,3,3477.333333333333,0.382765,0.25,0.132765,0
2026,local.south-cambridgeshire.over-willingham.2026-05-07,over-and-willingham-local-south-cambridgeshire-over-willingham-2026-05-07,Over and Willingham,south-cambridgeshire,South Cambridgeshire,,2,2523.0,0.433214,0.333333,0.099881,0
2026,local.south-cambridgeshire.sawston.2026-05-07,sawston-local-south-cambridgeshire-sawston-2026-05-07,Sawston,south-cambridgeshire,South Cambridgeshire,,2,2434.0,0.419474,0.333333,0.086141,0
2026,local.south-cambridgeshire.shelford.2026-05-07,shelford-local-south-cambridgeshire-shelford-2026-05-07,Shelford,south-cambridgeshire,South Cambridgeshire,,2,3192.5,0.363352,0.333333,0.030018,0
2026,local.south-cambridgeshire.swavesey.2026-05-07,swavesey-local-south-cambridgeshire-swavesey-2026-05-07,Swavesey,south-cambridgeshire,South Cambridgeshire,,1,1314.0,0.366819,0.5,-0.133181,1
2026,local.south-cambridgeshire.the-mordens.2026-05-07,the-mordens-local-south-cambridgeshire-the-mordens-2026-05-07,The Mordens,south-cambridgeshire,South Cambridgeshire,,1,1577.0,0.60241,0.5,0.10241,0
2026,local.south-cambridgeshire.whittlesford.2026-05-07,whittlesford-local-south-cambridgeshire-whittlesford-2026-05-07,Whittlesford,south-cambridgeshire,South Cambridgeshire,,1,1428.0,0.52591,0.5,0.02591,0
2026,local.southend-on-sea.belfairs.2026-05-07,belfairs-local-southend-on-sea-belfairs-2026-05-07,Belfairs,southend-on-sea,Southend-on-Sea,,1,3531.0,0.362504,0.5,-0.137496,1
2026,local.southend-on-sea.blenheim-park.2026-05-07,blenheim-park-local-southend-on-sea-blenheim-park-2026-05-07,Blenheim Park,southend-on-sea,Southend-on-Sea,,1,3458.0,0.310584,0.5,-0.189416,1
2026,local.southend-on-sea.chalkwell.2026-05-07,chalkwell-local-southend-on-sea-chalkwell-2026-05-07,Chalkwell,southend-on-sea,Southend-on-Sea,,1,3246.0,0.315465,0.5,-0.184535,1
2026,local.southend-on-sea.eastwood-park.2026-05-07,eastwood-park-local-southend-on-sea-eastwood-park-2026-05-07,Eastwood Park,southend-on-sea,Southend-on-Sea,,1,3538.0,0.485302,0.5,-0.014698,1
2026,local.southend-on-sea.kursaal.2026-05-07,kursaal-local-southend-on-sea-kursaal-2026-05-07,Kursaal,southend-on-sea,Southend-on-Sea,,1,2582.0,0.328815,0.5,-0.171185,1
2026,local.southend-on-sea.leigh.2026-05-07,leigh-local-southend-on-sea-leigh-2026-05-07,Leigh,southend-on-sea,Southend-on-Sea,,1,3633.0,0.358106,0.5,-0.141894,1
2026,local.southend-on-sea.milton.2026-05-07,milton-local-southend-on-sea-milton-2026-05-07,Milton,southend-on-sea,Southend-on-Sea,,1,3102.0,0.302386,0.5,-0.197614,1
2026,local.southend-on-sea.prittlewell.2026-05-07,prittlewell-local-southend-on-sea-prittlewell-2026-05-07,Prittlewell,southend-on-sea,Southend-on-Sea,,1,3433.0,0.317798,0.5,-0.182202,1
2026,local.southend-on-sea.shoeburyness.2026-05-07,shoeburyness-local-southend-on-sea-shoeburyness-2026-05-07,Shoeburyness,southend-on-sea,Southend-on-Sea,,1,3286.0,0.4014,0.5,-0.0986,1
2026,local.southend-on-sea.southchurch.2026-05-07,southchurch-local-southend-on-sea-southchurch-2026-05-07,Southchurch,southend-on-sea,Southend-on-Sea,,1,3338.0,0.438886,0.5,-0.061114,1
2026,local.southend-on-sea.st-laurence.2026-05-07,st-laurence-local-southend-on-sea-st-laurence-2026-05-07,St Laurence,southend-on-sea,Southend-on-Sea,,1,3460.0,0.409827,0.5,-0.090173,1
2026,local.southend-on-sea.st-lukes.2026-05-07,st-luke-s-local-southend-on-sea-st-lukes-2026-05-07,St Luke's,southend-on-sea,Southend-on-Sea,,1,3179.0,0.381252,0.5,-0.118748,1
2026,local.southend-on-sea.thorpe.2026-05-07,thorpe-local-southend-on-sea-thorpe-2026-05-07,Thorpe,southend-on-sea,Southend-on-Sea,,1,3744.0,0.331464,0.5,-0.168536,1
2026,local.southend-on-sea.victoria.2026-05-07,victoria-local-southend-on-sea-victoria-2026-05-07,Victoria,southend-on-sea,Southend-on-Sea,,1,2714.0,0.344878,0.5,-0.155122,1
2026,local.southend-on-sea.westborough.2026-05-07,westborough-local-southend-on-sea-westborough-2026-05-07,Westborough,southend-on-sea,Southend-on-Sea,,1,3015.0,0.32869,0.5,-0.17131,1
2026,local.southend-on-sea.west-leigh.2026-05-07,west-leigh-local-southend-on-sea-west-leigh-2026-05-07,West Leigh,southend-on-sea,Southend-on-Sea,,1,4030.0,0.37469,0.5,-0.12531,1
2026,local.southend-on-sea.west-shoebury.2026-05-07,west-shoebury-local-southend-on-sea-west-shoebury-2026-05-07,West Shoebury,southend-on-sea,Southend-on-Sea,,1,3214.0,0.373678,0.5,-0.126322,1
2026,local.south-tyneside.beacon-bents.2026-05-07,beacon-and-bents-local-south-tyneside-beacon-bents-2026-05-07,Beacon and Bents,south-tyneside,South Tyneside,,3,3065.0,0.415987,0.25,0.165987,0
2026,local.south-tyneside.bede.2026-05-07,bede-local-south-tyneside-bede-2026-05-07,Bede,south-tyneside,South Tyneside,,3,2151.6666666666665,0.414562,0.25,0.164562,0
2026,local.south-tyneside.biddick-all-saints.2026-05-07,biddick-and-all-saints-local-south-tyneside-biddick-all-saints-2026-05-07,Biddick and All Saints,south-tyneside,South Tyneside,,3,1920.3333333333333,0.429613,0.25,0.179613,0
2026,local.south-tyneside.boldon-colliery.2026-05-07,boldon-colliery-local-south-tyneside-boldon-colliery-2026-05-07,Boldon Colliery,south-tyneside,South Tyneside,,3,2702.6666666666665,0.350395,0.25,0.100395,0
2026,local.south-tyneside.cleadon-park-harton-moor.2026-05-07,cleadon-park-and-harton-moor-local-south-tyneside-cleadon-park-harton-moor-2026-05-07,Cleadon Park and Harton Moor,south-tyneside,South Tyneside,,3,2177.6666666666665,0.405021,0.25,0.155021,0
2026,local.south-tyneside.cleadon-village-east-boldon.2026-05-07,cleadon-village-and-east-boldon-local-south-tyneside-cleadon-village-east-boldon-2026-05-07,Cleadon Village and East Boldon,south-tyneside,South Tyneside,,3,3686.6666666666665,0.346655,0.25,0.096655,0
2026,local.south-tyneside.fellgate-hedworth.2026-05-07,fellgate-and-hedworth-local-south-tyneside-fellgate-hedworth-2026-05-07,Fellgate and Hedworth,south-tyneside,South Tyneside,,3,2303.0,0.383413,0.25,0.133413,0
2026,local.south-tyneside.harton.2026-05-07,harton-local-south-tyneside-harton-2026-05-07,Harton,south-tyneside,South Tyneside,,3,2645.333333333333,0.428301,0.25,0.178301,0
2026,local.south-tyneside.hebburn-north.2026-05-07,hebburn-north-local-south-tyneside-hebburn-north-2026-05-07,Hebburn North,south-tyneside,South Tyneside,,3,2479.6666666666665,0.4057,0.25,0.1557,0
2026,local.south-tyneside.hebburn-south.2026-05-07,hebburn-south-local-south-tyneside-hebburn-south-2026-05-07,Hebburn South,south-tyneside,South Tyneside,,3,2991.0,0.442661,0.25,0.192661,0
2026,local.south-tyneside.horsley-hill-westoe-crown.2026-05-07,horsley-hill-and-westoe-crown-local-south-tyneside-horsley-hill-westoe-crown-2026-05-07,Horsley Hill and Westoe Crown,south-tyneside,South Tyneside,,3,3121.333333333333,0.414246,0.25,0.164246,0
2026,local.south-tyneside.monkton.2026-05-07,monkton-local-south-tyneside-monkton-2026-05-07,Monkton,south-tyneside,South Tyneside,,3,2612.0,0.405054,0.25,0.155054,0
2026,local.south-tyneside.primrose.2026-05-07,primrose-local-south-tyneside-primrose-2026-05-07,Primrose,south-tyneside,South Tyneside,,3,2460.333333333333,0.334508,0.25,0.084508,0
2026,local.south-tyneside.simonside-rekendyke.2026-05-07,simonside-and-rekendyke-local-south-tyneside-simonside-rekendyke-2026-05-07,Simonside and Rekendyke,south-tyneside,South Tyneside,,3,2431.0,0.389963,0.25,0.139963,0
2026,local.south-tyneside.westoe.2026-05-07,westoe-local-south-tyneside-westoe-2026-05-07,Westoe,south-tyneside,South Tyneside,,3,2666.6666666666665,0.334125,0.25,0.084125,0
2026,local.south-tyneside.west-park.2026-05-07,west-park-local-south-tyneside-west-park-2026-05-07,West Park,south-tyneside,South Tyneside,,3,2447.0,0.446669,0.25,0.196669,0
2026,local.south-tyneside.whitburn-marsden.2026-05-07,whitburn-and-marsden-local-south-tyneside-whitburn-marsden-2026-05-07,Whitburn and Marsden,south-tyneside,South Tyneside,,3,2823.333333333333,0.446989,0.25,0.196989,0
2026,local.south-tyneside.whiteleas.2026-05-07,whiteleas-local-south-tyneside-whiteleas-2026-05-07,Whiteleas,south-tyneside,South Tyneside,,3,2106.0,0.530864,0.25,0.280864,0
2026,local.southwark.borough-bankside.2026-05-07,borough-and-bankside-local-southwark-borough-bankside-2026-05-07,Borough and Bankside,southwark,Southwark,,3,2181.333333333333,0.368582,0.25,0.118582,0
2026,local.southwark.camberwell-green.2026-05-07,camberwell-green-local-southwark-camberwell-green-2026-05-07,Camberwell Green,southwark,Southwark,,3,4061.3333333333335,0.43434,0.25,0.18434,0
2026,local.southwark.champion-hill.2026-05-07,champion-hill-local-southwark-champion-hill-2026-05-07,Champion Hill,southwark,Southwark,,2,3015.0,0.391708,0.333333,0.058375,0
2026,local.southwark.chaucer.2026-05-07,chaucer-local-southwark-chaucer-2026-05-07,Chaucer,southwark,Southwark,,3,3770.3333333333335,0.367342,0.25,0.117342,0
2026,local.southwark.dulwich-hill.2026-05-07,dulwich-hill-local-southwark-dulwich-hill-2026-05-07,Dulwich Hill,southwark,Southwark,,2,3327.0,0.392546,0.333333,0.059213,0
2026,local.southwark.dulwich-village.2026-05-07,dulwich-village-local-southwark-dulwich-village-2026-05-07,Dulwich Village,southwark,Southwark,,2,4749.0,0.34302,0.333333,0.009686,0
2026,local.southwark.dulwich-wood.2026-05-07,dulwich-wood-local-southwark-dulwich-wood-2026-05-07,Dulwich Wood,southwark,Southwark,,2,3416.0,0.372951,0.333333,0.039617,0
2026,local.southwark.faraday.2026-05-07,faraday-local-southwark-faraday-2026-05-07,Faraday,southwark,Southwark,,3,2820.0,0.415248,0.25,0.165248,0
2026,local.southwark.goose-green.2026-05-07,goose-green-local-southwark-goose-green-2026-05-07,Goose Green,southwark,Southwark,,3,5324.333333333333,0.372629,0.25,0.122629,0
2026,local.southwark.london-bridge-west-bermondsey.2026-05-07,london-bridge-and-west-bermondsey-local-southwark-london-bridge-west-bermondsey-2026-05-07,London Bridge and West Bermondsey,southwark,Southwark,,3,3667.0,0.371148,0.25,0.121148,0
2026,local.southwark.newington.2026-05-07,newington-local-southwark-newington-2026-05-07,Newington,southwark,Southwark,,3,3863.3333333333335,0.382571,0.25,0.132571,0
2026,local.southwark.north-bermondsey.2026-05-07,north-bermondsey-local-southwark-north-bermondsey-2026-05-07,North Bermondsey,southwark,Southwark,,3,3951.0,0.298405,0.25,0.048405,0
2026,local.southwark.north-walworth.2026-05-07,north-walworth-local-southwark-north-walworth-2026-05-07,North Walworth,southwark,Southwark,,3,3888.3333333333335,0.391942,0.25,0.141942,0
2026,local.southwark.nunhead-queens-road.2026-05-07,nunhead-and-queen-s-road-local-southwark-nunhead-queens-road-2026-05-07,Nunhead and Queen's Road,southwark,Southwark,,3,4650.333333333333,0.500609,0.25,0.250609,0
2026,local.southwark.old-kent-road.2026-05-07,old-kent-road-local-southwark-old-kent-road-2026-05-07,Old Kent Road,southwark,Southwark,,3,3603.3333333333335,0.423219,0.25,0.173219,0
2026,local.southwark.peckham.2026-05-07,peckham-local-southwark-peckham-2026-05-07,Peckham,southwark,Southwark,,3,3460.0,0.444509,0.25,0.194509,0
2026,local.southwark.peckham-rye.2026-05-07,peckham-rye-local-southwark-peckham-rye-2026-05-07,Peckham Rye,southwark,Southwark,,2,3731.0,0.452694,0.333333,0.11936,0
2026,local.southwark.rotherhithe.2026-05-07,rotherhithe-local-southwark-rotherhithe-2026-05-07,Rotherhithe,southwark,Southwark,,3,4215.666666666667,0.29675,0.25,0.04675,0
2026,local.southwark.rye-lane.2026-05-07,rye-lane-local-southwark-rye-lane-2026-05-07,Rye Lane,southwark,Southwark,,3,4925.333333333333,0.431037,0.25,0.181037,0
2026,local.southwark.south-bermondsey.2026-05-07,south-bermondsey-local-southwark-south-bermondsey-2026-05-07,South Bermondsey,southwark,Southwark,,3,4029.0,0.322909,0.25,0.072909,0
2026,local.southwark.st-georges.2026-05-07,st-george-s-local-southwark-st-georges-2026-05-07,St George's,southwark,Southwark,,2,2017.5,0.290458,0.333333,-0.042875,1
2026,local.southwark.st-giles.2026-05-07,st-giles-local-southwark-st-giles-2026-05-07,St Giles,southwark,Southwark,,3,4948.333333333333,0.447423,0.25,0.197423,0
2026,local.southwark.surrey-docks.2026-05-07,surrey-docks-local-southwark-surrey-docks-2026-05-07,Surrey Docks,southwark,Southwark,,3,3694.3333333333335,0.339168,0.25,0.089168,0
2026,local.st-albans.batchwood.2026-05-07,batchwood-local-st-albans-batchwood-2026-05-07,Batchwood,st-albans,St Albans,,1,2605.0,0.41881,0.5,-0.08119,1
2026,local.st-albans.bernards-heath.2026-05-07,bernards-heath-local-st-albans-bernards-heath-2026-05-07,Bernards Heath,st-albans,St Albans,,1,2674.0,0.541137,0.5,0.041137,0
2026,local.st-albans.clarence.2026-05-07,clarence-local-st-albans-clarence-2026-05-07,Clarence,st-albans,St Albans,,1,3298.0,0.472104,0.5,-0.027896,1
2026,local.st-albans.colney-heath.2026-05-07,colney-heath-local-st-albans-colney-heath-2026-05-07,Colney Heath,st-albans,St Albans,,1,971.0,0.425335,0.5,-0.074665,1
2026,local.st-albans.cunningham.2026-05-07,cunningham-local-st-albans-cunningham-2026-05-07,Cunningham,st-albans,St Albans,,1,2334.0,0.540703,0.5,0.040703,0
2026,local.st-albans.harpenden-east.2026-05-07,harpenden-east-local-st-albans-harpenden-east-2026-05-07,Harpenden East,st-albans,St Albans,,1,2467.0,0.448723,0.5,-0.051277,1
2026,local.st-albans.harpenden-north-rural.2026-05-07,harpenden-north-and-rural-local-st-albans-harpenden-north-rural-2026-05-07,Harpenden North and Rural,st-albans,St Albans,,1,2674.0,0.406881,0.5,-0.093119,1
2026,local.st-albans.harpenden-south.2026-05-07,harpenden-south-local-st-albans-harpenden-south-2026-05-07,Harpenden South,st-albans,St Albans,,1,2775.0,0.427027,0.5,-0.072973,1
2026,local.st-albans.harpenden-west.2026-05-07,harpenden-west-local-st-albans-harpenden-west-2026-05-07,Harpenden West,st-albans,St Albans,,1,3193.0,0.404009,0.5,-0.095991,1
2026,local.st-albans.hill-end.2026-05-07,hill-end-local-st-albans-hill-end-2026-05-07,Hill End,st-albans,St Albans,,1,2582.0,0.625484,0.5,0.125484,0
2026,local.st-albans.london-colney.2026-05-07,london-colney-local-st-albans-london-colney-2026-05-07,London Colney,st-albans,St Albans,,1,2496.0,0.349359,0.5,-0.150641,1
2026,local.st-albans.marshalswick-east-jersey-farm.2026-05-07,marshalswick-east-and-jersey-farm-local-st-albans-marshalswick-east-jersey-farm-2026-05-07,Marshalswick East and Jersey Farm,st-albans,St Albans,,1,2823.0,0.49203,0.5,-0.00797,1
2026,local.st-albans.marshalswick-west.2026-05-07,marshalswick-west-local-st-albans-marshalswick-west-2026-05-07,Marshalswick West,st-albans,St Albans,,1,1948.0,0.575462,0.5,0.075462,0
2026,local.st-albans.park-street.2026-05-07,park-street-local-st-albans-park-street-2026-05-07,Park Street,st-albans,St Albans,,1,2810.0,0.421708,0.5,-0.078292,1
2026,local.st-albans.redbourn.2026-05-07,redbourn-local-st-albans-redbourn-2026-05-07,Redbourn,st-albans,St Albans,,1,1942.0,0.397013,0.5,-0.102987,1
2026,local.st-albans.sandridge-wheathampstead.2026-05-07,sandridge-and-wheathampstead-local-st-albans-sandridge-wheathampstead-2026-05-07,Sandridge and Wheathampstead,st-albans,St Albans,,2,2789.5,0.380355,0.333333,0.047022,0
2026,local.st-albans.sopwell.2026-05-07,sopwell-local-st-albans-sopwell-2026-05-07,Sopwell,st-albans,St Albans,,1,2310.0,0.530736,0.5,0.030736,0
2026,local.st-albans.st-peters.2026-05-07,st-peters-local-st-albans-st-peters-2026-05-07,St Peters,st-albans,St Albans,,1,2729.0,0.493587,0.5,-0.006413,1
2026,local.st-albans.st-stephen.2026-05-07,st-stephen-local-st-albans-st-stephen-2026-05-07,St Stephen,st-albans,St Albans,,2,3008.5,0.39056,0.333333,0.057227,0
2026,local.st-albans.verulam.2026-05-07,verulam-local-st-albans-verulam-2026-05-07,Verulam,st-albans,St Albans,,1,2931.0,0.572842,0.5,0.072842,0
2026,local.stevenage.almond-hill.2026-05-07,almond-hill-local-stevenage-almond-hill-2026-05-07,Almond Hill,stevenage,Stevenage,,1,2084.0,0.34405,0.5,-0.15595,1
2026,local.stevenage.bandley-hill-poplars.2026-05-07,bandley-hill-and-poplars-local-stevenage-bandley-hill-poplars-2026-05-07,Bandley Hill and Poplars,stevenage,Stevenage,,1,2087.0,0.40345,0.5,-0.09655,1
2026,local.stevenage.bedwell.2026-05-07,bedwell-local-stevenage-bedwell-2026-05-07,Bedwell,stevenage,Stevenage,,1,1810.0,0.345856,0.5,-0.154144,1
2026,local.stevenage.chells.2026-05-07,chells-local-stevenage-chells-2026-05-07,Chells,stevenage,Stevenage,,1,1986.0,0.352971,0.5,-0.147029,1
2026,local.stevenage.longmeadow.2026-05-07,longmeadow-local-stevenage-longmeadow-2026-05-07,Longmeadow,stevenage,Stevenage,,1,2037.0,0.372607,0.5,-0.127393,1
2026,local.stevenage.manor.2026-05-07,manor-local-stevenage-manor-2026-05-07,Manor,stevenage,Stevenage,,1,2272.0,0.420335,0.5,-0.079665,1
2026,local.stevenage.martins-wood.2026-05-07,martins-wood-local-stevenage-martins-wood-2026-05-07,Martins Wood,stevenage,Stevenage,,1,1909.0,0.418544,0.5,-0.081456,1
2026,local.stevenage.old-town.2026-05-07,old-town-local-stevenage-old-town-2026-05-07,Old Town,stevenage,Stevenage,,1,1781.0,0.304323,0.5,-0.195677,1
2026,local.stevenage.roebuck.2026-05-07,roebuck-local-stevenage-roebuck-2026-05-07,Roebuck,stevenage,Stevenage,,1,1754.0,0.380274,0.5,-0.119726,1
2026,local.stevenage.shephall.2026-05-07,shephall-local-stevenage-shephall-2026-05-07,Shephall,stevenage,Stevenage,,1,1699.0,0.39435,0.5,-0.10565,1
2026,local.stevenage.st-nicholas.2026-05-07,st-nicholas-local-stevenage-st-nicholas-2026-05-07,St Nicholas,stevenage,Stevenage,,2,1991.5,0.334421,0.333333,0.001088,0
2026,local.stevenage.symonds-green.2026-05-07,symonds-green-local-stevenage-symonds-green-2026-05-07,Symonds Green,stevenage,Stevenage,,1,1938.0,0.392673,0.5,-0.107327,1
2026,local.stevenage.woodfield.2026-05-07,woodfield-local-stevenage-woodfield-2026-05-07,Woodfield,stevenage,Stevenage,,1,1983.0,0.319213,0.5,-0.180787,1
2026,local.st-helens.billinge-seneley-green.2026-05-07,billinge-and-seneley-green-local-st-helens-billinge-seneley-green-2026-05-07,Billinge and Seneley Green,st-helens,St Helens,,3,3299.333333333333,0.415235,0.25,0.165235,0
2026,local.st-helens.blackbrook.2026-05-07,blackbrook-local-st-helens-blackbrook-2026-05-07,Blackbrook,st-helens,St Helens,,3,2765.0,0.463291,0.25,0.213291,0
2026,local.st-helens.bold-lea-green.2026-05-07,bold-and-lea-green-local-st-helens-bold-lea-green-2026-05-07,Bold and Lea Green,st-helens,St Helens,,3,3002.6666666666665,0.44627,0.25,0.19627,0
2026,local.st-helens.eccleston.2026-05-07,eccleston-local-st-helens-eccleston-2026-05-07,Eccleston,st-helens,St Helens,,3,3494.333333333333,0.502528,0.25,0.252528,0
2026,local.st-helens.haydock.2026-05-07,haydock-local-st-helens-haydock-2026-05-07,Haydock,st-helens,St Helens,,3,2882.0,0.430257,0.25,0.180257,0
2026,local.st-helens.moss-bank.2026-05-07,moss-bank-local-st-helens-moss-bank-2026-05-07,Moss Bank,st-helens,St Helens,,3,3071.333333333333,0.525179,0.25,0.275179,0
2026,local.st-helens.newton-le-willows-east.2026-05-07,newton-le-willows-east-local-st-helens-newton-le-willows-east-2026-05-07,Newton-le-Willows East,st-helens,St Helens,,3,3296.6666666666665,0.358847,0.25,0.108847,0
2026,local.st-helens.newton-le-willows-west.2026-05-07,newton-le-willows-west-local-st-helens-newton-le-willows-west-2026-05-07,Newton-le-Willows West,st-helens,St Helens,,3,3025.333333333333,0.379462,0.25,0.129462,0
2026,local.st-helens.parr.2026-05-07,parr-local-st-helens-parr-2026-05-07,Parr,st-helens,St Helens,,3,2103.6666666666665,0.524798,0.25,0.274798,0
2026,local.st-helens.peasley-cross-fingerpost.2026-05-07,peasley-cross-and-fingerpost-local-st-helens-peasley-cross-fingerpost-2026-05-07,Peasley Cross and Fingerpost,st-helens,St Helens,,1,808.0,0.485149,0.5,-0.014851,1
2026,local.st-helens.rainford.2026-05-07,rainford-local-st-helens-rainford-2026-05-07,Rainford,st-helens,St Helens,,2,3171.5,0.323191,0.333333,-0.010142,1
2026,local.st-helens.rainhill.2026-05-07,rainhill-local-st-helens-rainhill-2026-05-07,Rainhill,st-helens,St Helens,,3,3682.3333333333335,0.568933,0.25,0.318933,0
2026,local.st-helens.sutton-north-west.2026-05-07,sutton-north-west-local-st-helens-sutton-north-west-2026-05-07,Sutton North West,st-helens,St Helens,,2,1765.5,0.514868,0.333333,0.181535,0
2026,local.st-helens.sutton-south-east.2026-05-07,sutton-south-east-local-st-helens-sutton-south-east-2026-05-07,Sutton South East,st-helens,St Helens,,2,1695.0,0.503835,0.333333,0.170501,0
2026,local.st-helens.thatto-heath.2026-05-07,thatto-heath-local-st-helens-thatto-heath-2026-05-07,Thatto Heath,st-helens,St Helens,,3,2848.333333333333,0.439555,0.25,0.189555,0
2026,local.st-helens.west-park.2026-05-07,west-park-local-st-helens-west-park-2026-05-07,West Park,st-helens,St Helens,,3,3197.0,0.428527,0.25,0.178527,0
2026,local.st-helens.windle.2026-05-07,windle-local-st-helens-windle-2026-05-07,Windle,st-helens,St Helens,,3,3229.333333333333,0.383051,0.25,0.133051,0
2026,local.stockport.bramhall-north.2026-05-07,bramhall-north-local-stockport-bramhall-north-2026-05-07,Bramhall North,stockport,Stockport,,1,4820.0,0.453942,0.5,-0.046058,1
2026,local.stockport.bramhall-south-woodford.2026-05-07,bramhall-south-and-woodford-local-stockport-bramhall-south-woodford-2026-05-07,Bramhall South and Woodford,stockport,Stockport,,1,5834.0,0.414296,0.5,-0.085704,1
2026,local.stockport.bredbury-green-romiley.2026-05-07,bredbury-green-and-romiley-local-stockport-bredbury-green-romiley-2026-05-07,Bredbury Green and Romiley,stockport,Stockport,,1,4603.0,0.455572,0.5,-0.044428,1
2026,local.stockport.bredbury-woodley.2026-05-07,bredbury-and-woodley-local-stockport-bredbury-woodley-2026-05-07,Bredbury and Woodley,stockport,Stockport,,1,4653.0,0.432624,0.5,-0.067376,1
2026,local.stockport.brinnington-stockport-central.2026-05-07,brinnington-and-stockport-central-local-stockport-brinnington-stockport-central-2026-05-07,Brinnington and Stockport Central,stockport,Stockport,,1,2738.0,0.307889,0.5,-0.192111,1
2026,local.stockport.cheadle-east-cheadle-hulme-north.2026-05-07,cheadle-east-and-cheadle-hulme-north-local-stockport-cheadle-east-cheadle-hulme-north-2026-05-07,Cheadle East and Cheadle Hulme North,stockport,Stockport,,1,4779.0,0.440469,0.5,-0.059531,1
2026,local.stockport.cheadle-hulme-south.2026-05-07,cheadle-hulme-south-local-stockport-cheadle-hulme-south-2026-05-07,Cheadle Hulme South,stockport,Stockport,,1,5407.0,0.559645,0.5,0.059645,0
2026,local.stockport.cheadle-west-gatley.2026-05-07,cheadle-west-and-gatley-local-stockport-cheadle-west-gatley-2026-05-07,Cheadle West and Gatley,stockport,Stockport,,1,4978.0,0.461832,0.5,-0.038168,1
2026,local.stockport.davenport-cale-green.2026-05-07,davenport-and-cale-green-local-stockport-davenport-cale-green-2026-05-07,Davenport and Cale Green,stockport,Stockport,,1,4713.0,0.280713,0.5,-0.219287,1
2026,local.stockport.edgeley.2026-05-07,edgeley-local-stockport-edgeley-2026-05-07,Edgeley,stockport,Stockport,,1,3825.0,0.462745,0.5,-0.037255,1
2026,local.stockport.hazel-grove.2026-05-07,hazel-grove-local-stockport-hazel-grove-2026-05-07,Hazel Grove,stockport,Stockport,,1,4659.0,0.3739,0.5,-0.1261,1
2026,local.stockport.heald-green.2026-05-07,heald-green-local-stockport-heald-green-2026-05-07,Heald Green,stockport,Stockport,,1,4976.0,0.357717,0.5,-0.142283,1
2026,local.stockport.heatons-north.2026-05-07,heatons-north-local-stockport-heatons-north-2026-05-07,Heatons North,stockport,Stockport,,1,5189.0,0.335903,0.5,-0.164097,1
2026,local.stockport.heatons-south.2026-05-07,heatons-south-local-stockport-heatons-south-2026-05-07,Heatons South,stockport,Stockport,,1,5247.0,0.407471,0.5,-0.092529,1
2026,local.stockport.manor.2026-05-07,manor-local-stockport-manor-2026-05-07,Manor,stockport,Stockport,,1,4197.0,0.362402,0.5,-0.137598,1
2026,local.stockport.marple-north.2026-05-07,marple-north-local-stockport-marple-north-2026-05-07,Marple North,stockport,Stockport,,1,5272.0,0.522382,0.5,0.022382,0
2026,local.stockport.marple-south-high-lane.2026-05-07,marple-south-and-high-lane-local-stockport-marple-south-high-lane-2026-05-07,Marple South and High Lane,stockport,Stockport,,1,4795.0,0.472784,0.5,-0.027216,1
2026,local.stockport.norbury-woodsmoor.2026-05-07,norbury-and-woodsmoor-local-stockport-norbury-woodsmoor-2026-05-07,Norbury and Woodsmoor,stockport,Stockport,,1,4919.0,0.452734,0.5,-0.047266,1
2026,local.stockport.offerton.2026-05-07,offerton-local-stockport-offerton-2026-05-07,Offerton,stockport,Stockport,,1,4859.0,0.357275,0.5,-0.142725,1
2026,local.stockport.reddish-north.2026-05-07,reddish-north-local-stockport-reddish-north-2026-05-07,Reddish North,stockport,Stockport,,1,4357.0,0.364471,0.5,-0.135529,1
2026,local.stockport.reddish-south.2026-05-07,reddish-south-local-stockport-reddish-south-2026-05-07,Reddish South,stockport,Stockport,,1,4937.0,0.509419,0.5,0.009419,0
2026,local.suffolk.abbeygate-minden.2026-05-07,abbeygate-and-minden-local-suffolk-abbeygate-minden-2026-05-07,Abbeygate and Minden,suffolk,Suffolk,,1,3930.0,0.317812,0.5,-0.182188,1
2026,local.suffolk.aldeburgh-leiston.2026-05-07,aldeburgh-and-leiston-local-suffolk-aldeburgh-leiston-2026-05-07,Aldeburgh and Leiston,suffolk,Suffolk,,1,3555.0,0.325176,0.5,-0.174824,1
2026,local.suffolk.barrow-thingoe.2026-05-07,barrow-and-thingoe-local-suffolk-barrow-thingoe-2026-05-07,Barrow and Thingoe,suffolk,Suffolk,,1,4527.0,0.4186,0.5,-0.0814,1
2026,local.suffolk.beccles-kessingland.2026-05-07,beccles-and-kessingland-local-suffolk-beccles-kessingland-2026-05-07,Beccles and Kessingland,suffolk,Suffolk,,2,7063.5,0.378849,0.333333,0.045516,0
2026,local.suffolk.belstead-hills.2026-05-07,belstead-hills-local-suffolk-belstead-hills-2026-05-07,Belstead Hills,suffolk,Suffolk,,1,3260.0,0.401534,0.5,-0.098466,1
2026,local.suffolk.bixley.2026-05-07,bixley-local-suffolk-bixley-2026-05-07,Bixley,suffolk,Suffolk,,1,4164.0,0.308117,0.5,-0.191883,1
2026,local.suffolk.blackbourn.2026-05-07,blackbourn-local-suffolk-blackbourn-2026-05-07,Blackbourn,suffolk,Suffolk,,1,4288.0,0.380597,0.5,-0.119403,1
2026,local.suffolk.blyth-estuary.2026-05-07,blyth-estuary-local-suffolk-blyth-estuary-2026-05-07,Blyth Estuary,suffolk,Suffolk,,1,4113.0,0.26939,0.5,-0.23061,1
2026,local.suffolk.bosmere.2026-05-07,bosmere-local-suffolk-bosmere-2026-05-07,Bosmere,suffolk,Suffolk,,1,3710.0,0.334501,0.5,-0.165499,1
2026,local.suffolk.brandon.2026-05-07,brandon-local-suffolk-brandon-2026-05-07,Brandon,suffolk,Suffolk,,1,3335.0,0.427886,0.5,-0.072114,1
2026,local.suffolk.bridge.2026-05-07,bridge-local-suffolk-bridge-2026-05-07,Bridge,suffolk,Suffolk,,1,2971.0,0.302255,0.5,-0.197745,1
2026,local.suffolk.brook.2026-05-07,brook-local-suffolk-brook-2026-05-07,Brook,suffolk,Suffolk,,1,3465.0,0.387302,0.5,-0.112698,1
2026,local.suffolk.bungay.2026-05-07,bungay-local-suffolk-bungay-2026-05-07,Bungay,suffolk,Suffolk,,1,3862.0,0.435267,0.5,-0.064733,1
2026,local.suffolk.carlford.2026-05-07,carlford-local-suffolk-carlford-2026-05-07,Carlford,suffolk,Suffolk,,1,4758.0,0.401219,0.5,-0.098781,1
2026,local.suffolk.carlton-colville.2026-05-07,carlton-colville-local-suffolk-carlton-colville-2026-05-07,Carlton Colville,suffolk,Suffolk,,1,2635.0,0.510816,0.5,0.010816,0
2026,local.suffolk.carlton-whitton.2026-05-07,carlton-and-whitton-local-suffolk-carlton-whitton-2026-05-07,Carlton and Whitton,suffolk,Suffolk,,1,2946.0,0.46979,0.5,-0.03021,1
2026,local.suffolk.clare.2026-05-07,clare-local-suffolk-clare-2026-05-07,Clare,suffolk,Suffolk,,1,4171.0,0.363462,0.5,-0.136538,1
2026,local.suffolk.constable.2026-05-07,constable-local-suffolk-constable-2026-05-07,Constable,suffolk,Suffolk,,1,4842.0,0.301322,0.5,-0.198678,1
2026,local.suffolk.cornard-sudbury-east.2026-05-07,cornard-and-sudbury-east-local-suffolk-cornard-sudbury-east-2026-05-07,Cornard and Sudbury East,suffolk,Suffolk,,1,3089.0,0.393655,0.5,-0.106345,1
2026,local.suffolk.cosford.2026-05-07,cosford-local-suffolk-cosford-2026-05-07,Cosford,suffolk,Suffolk,,1,4640.0,0.357328,0.5,-0.142672,1
2026,local.suffolk.eastgate-moreton-hall.2026-05-07,eastgate-and-moreton-hall-local-suffolk-eastgate-moreton-hall-2026-05-07,Eastgate and Moreton Hall,suffolk,Suffolk,,1,3788.0,0.282471,0.5,-0.217529,1
2026,local.suffolk.exning-newmarket.2026-05-07,exning-and-newmarket-local-suffolk-exning-newmarket-2026-05-07,Exning and Newmarket,suffolk,Suffolk,,1,3632.0,0.303139,0.5,-0.196861,1
2026,local.suffolk.felixstowe-clifflands.2026-05-07,felixstowe-clifflands-local-suffolk-felixstowe-clifflands-2026-05-07,Felixstowe Clifflands,suffolk,Suffolk,,1,4590.0,0.32854,0.5,-0.17146,1
2026,local.suffolk.felixstowe-maritime.2026-05-07,felixstowe-maritime-local-suffolk-felixstowe-maritime-2026-05-07,Felixstowe Maritime,suffolk,Suffolk,,1,3264.0,0.434436,0.5,-0.065564,1
2026,local.suffolk.framlingham-wickham-market.2026-05-07,framlingham-and-wickham-market-local-suffolk-framlingham-wickham-market-2026-05-07,Framlingham and Wickham Market,suffolk,Suffolk,,1,4334.0,0.344024,0.5,-0.155976,1
2026,local.suffolk.gainsborough.2026-05-07,gainsborough-local-suffolk-gainsborough-2026-05-07,Gainsborough,suffolk,Suffolk,,1,3106.0,0.335802,0.5,-0.164198,1
2026,local.suffolk.gipping.2026-05-07,gipping-local-suffolk-gipping-2026-05-07,Gipping,suffolk,Suffolk,,1,2966.0,0.372218,0.5,-0.127782,1
2026,local.suffolk.gipping-valley.2026-05-07,gipping-valley-local-suffolk-gipping-valley-2026-05-07,Gipping Valley,suffolk,Suffolk,,1,3642.0,0.359143,0.5,-0.140857,1
2026,local.suffolk.gunton.2026-05-07,gunton-local-suffolk-gunton-2026-05-07,Gunton,suffolk,Suffolk,,1,2853.0,0.454609,0.5,-0.045391,1
2026,local.suffolk.hadleigh.2026-05-07,hadleigh-local-suffolk-hadleigh-2026-05-07,Hadleigh,suffolk,Suffolk,,1,3778.0,0.350715,0.5,-0.149285,1
2026,local.suffolk.halesworth.2026-05-07,halesworth-local-suffolk-halesworth-2026-05-07,Halesworth,suffolk,Suffolk,,1,3857.0,0.456572,0.5,-0.043428,1
2026,local.suffolk.harbour.2026-05-07,harbour-local-suffolk-harbour-2026-05-07,Harbour,suffolk,Suffolk,,1,2095.0,0.431504,0.5,-0.068496,1
2026,local.suffolk.hardwick.2026-05-07,hardwick-local-suffolk-hardwick-2026-05-07,Hardwick,suffolk,Suffolk,,1,3559.0,0.477943,0.5,-0.022057,1
2026,local.suffolk.hartismere.2026-05-07,hartismere-local-suffolk-hartismere-2026-05-07,Hartismere,suffolk,Suffolk,,1,4752.0,0.352273,0.5,-0.147727,1
2026,local.suffolk.haverhill-east-rural.2026-05-07,haverhill-east-and-rural-local-suffolk-haverhill-east-rural-2026-05-07,Haverhill East and Rural,suffolk,Suffolk,,1,3612.0,0.351052,0.5,-0.148948,1
2026,local.suffolk.haverhill-north-west-withersfield.2026-05-07,haverhill-north-west-and-withersfield-local-suffolk-haverhill-north-west-withersfield-2026-05-07,Haverhill North West and Withersfield,suffolk,Suffolk,,1,3056.0,0.498364,0.5,-0.001636,1
2026,local.suffolk.haverhill-south.2026-05-07,haverhill-south-local-suffolk-haverhill-south-2026-05-07,Haverhill South,suffolk,Suffolk,,1,2543.0,0.389304,0.5,-0.110696,1
2026,local.suffolk.hoxne-eye.2026-05-07,hoxne-and-eye-local-suffolk-hoxne-eye-2026-05-07,Hoxne and Eye,suffolk,Suffolk,,1,4440.0,0.343694,0.5,-0.156306,1
2026,local.suffolk.kesgrave.2026-05-07,kesgrave-local-suffolk-kesgrave-2026-05-07,Kesgrave,suffolk,Suffolk,,1,3893.0,0.335988,0.5,-0.164012,1
2026,local.suffolk.kirkley-pakefield.2026-05-07,kirkley-and-pakefield-local-suffolk-kirkley-pakefield-2026-05-07,Kirkley and Pakefield,suffolk,Suffolk,,1,3247.0,0.407145,0.5,-0.092855,1
2026,local.suffolk.martlesham.2026-05-07,martlesham-local-suffolk-martlesham-2026-05-07,Martlesham,suffolk,Suffolk,,1,3914.0,0.328564,0.5,-0.171436,1
2026,local.suffolk.melford.2026-05-07,melford-local-suffolk-melford-2026-05-07,Melford,suffolk,Suffolk,,1,4154.0,0.318007,0.5,-0.181993,1
2026,local.suffolk.mildenhall.2026-05-07,mildenhall-local-suffolk-mildenhall-2026-05-07,Mildenhall,suffolk,Suffolk,,1,3392.0,0.350531,0.5,-0.149469,1
2026,local.suffolk.newmarket-red-lodge.2026-05-07,newmarket-and-red-lodge-local-suffolk-newmarket-red-lodge-2026-05-07,Newmarket and Red Lodge,suffolk,Suffolk,,1,3485.0,0.364993,0.5,-0.135007,1
2026,local.suffolk.oulton.2026-05-07,oulton-local-suffolk-oulton-2026-05-07,Oulton,suffolk,Suffolk,,1,3305.0,0.473525,0.5,-0.026475,1
2026,local.suffolk.oulton-broad-normanston.2026-05-07,oulton-broad-and-normanston-local-suffolk-oulton-broad-normanston-2026-05-07,Oulton Broad and Normanston,suffolk,Suffolk,,1,3177.0,0.448222,0.5,-0.051778,1
2026,local.suffolk.peninsula.2026-05-07,peninsula-local-suffolk-peninsula-2026-05-07,Peninsula,suffolk,Suffolk,,1,4375.0,0.317486,0.5,-0.182514,1
2026,local.suffolk.priory-heath.2026-05-07,priory-heath-local-suffolk-priory-heath-2026-05-07,Priory Heath,suffolk,Suffolk,,1,3220.0,0.354037,0.5,-0.145963,1
2026,local.suffolk.row-heath.2026-05-07,row-heath-local-suffolk-row-heath-2026-05-07,Row Heath,suffolk,Suffolk,,1,3368.0,0.436164,0.5,-0.063836,1
2026,local.suffolk.rushmere.2026-05-07,rushmere-local-suffolk-rushmere-2026-05-07,Rushmere,suffolk,Suffolk,,1,3996.0,0.328078,0.5,-0.171922,1
2026,local.suffolk.rushmere-st-andrew.2026-05-07,rushmere-st-andrew-local-suffolk-rushmere-st-andrew-2026-05-07,Rushmere St Andrew,suffolk,Suffolk,,1,3788.0,0.369588,0.5,-0.130412,1
2026,local.suffolk.saxmundham-district.2026-05-07,saxmundham-and-district-local-suffolk-saxmundham-district-2026-05-07,Saxmundham and District,suffolk,Suffolk,,1,3928.0,0.282077,0.5,-0.217923,1
2026,local.suffolk.st-clements.2026-05-07,st-clement-s-local-suffolk-st-clements-2026-05-07,St Clement's,suffolk,Suffolk,,1,3743.0,0.326743,0.5,-0.173257,1
2026,local.suffolk.st-margarets.2026-05-07,st-margaret-s-local-suffolk-st-margarets-2026-05-07,St Margaret's,suffolk,Suffolk,,1,4338.0,0.382665,0.5,-0.117335,1
2026,local.suffolk.st-olaves-tollgate.2026-05-07,st-olaves-and-tollgate-local-suffolk-st-olaves-tollgate-2026-05-07,St Olaves and Tollgate,suffolk,Suffolk,,1,3052.0,0.323067,0.5,-0.176933,1
2026,local.suffolk.stour-valley.2026-05-07,stour-valley-local-suffolk-stour-valley-2026-05-07,Stour Valley,suffolk,Suffolk,,1,4013.0,0.410167,0.5,-0.089833,1
2026,local.suffolk.stowmarket-east.2026-05-07,stowmarket-east-local-suffolk-stowmarket-east-2026-05-07,Stowmarket East,suffolk,Suffolk,,1,3320.0,0.378012,0.5,-0.121988,1
2026,local.suffolk.stowmarket-west.2026-05-07,stowmarket-west-local-suffolk-stowmarket-west-2026-05-07,Stowmarket West,suffolk,Suffolk,,1,3301.0,0.441078,0.5,-0.058922,1
2026,local.suffolk.sudbury-west.2026-05-07,sudbury-west-local-suffolk-sudbury-west-2026-05-07,Sudbury West,suffolk,Suffolk,,1,3495.0,0.393133,0.5,-0.106867,1
2026,local.suffolk.thedwastre-north.2026-05-07,thedwastre-north-local-suffolk-thedwastre-north-2026-05-07,Thedwastre North,suffolk,Suffolk,,1,4140.0,0.356522,0.5,-0.143478,1
2026,local.suffolk.thedwastre-south.2026-05-07,thedwastre-south-local-suffolk-thedwastre-south-2026-05-07,Thedwastre South,suffolk,Suffolk,,1,4875.0,0.311385,0.5,-0.188615,1
2026,local.suffolk.thredling.2026-05-07,thredling-local-suffolk-thredling-2026-05-07,Thredling,suffolk,Suffolk,,1,4691.0,0.365594,0.5,-0.134406,1
2026,local.suffolk.upper-gipping.2026-05-07,upper-gipping-local-suffolk-upper-gipping-2026-05-07,Upper Gipping,suffolk,Suffolk,,1,5566.0,0.577075,0.5,0.077075,0
2026,local.suffolk.walton-trimleys.2026-05-07,walton-and-trimleys-local-suffolk-walton-trimleys-2026-05-07,Walton and Trimleys,suffolk,Suffolk,,1,3351.0,0.389436,0.5,-0.110564,1
2026,local.suffolk.westbourne.2026-05-07,westbourne-local-suffolk-westbourne-2026-05-07,Westbourne,suffolk,Suffolk,,1,2963.0,0.399258,0.5,-0.100742,1
2026,local.suffolk.westgate.2026-05-07,westgate-local-suffolk-westgate-2026-05-07,Westgate,suffolk,Suffolk,,1,3219.0,0.291705,0.5,-0.208295,1
2026,local.suffolk.whitton.2026-05-07,whitton-local-suffolk-whitton-2026-05-07,Whitton,suffolk,Suffolk,,1,2900.0,0.473793,0.5,-0.026207,1
2026,local.suffolk.wilford.2026-05-07,wilford-local-suffolk-wilford-2026-05-07,Wilford,suffolk,Suffolk,,1,3998.0,0.318409,0.5,-0.181591,1
2026,local.suffolk.woodbridge.2026-05-07,woodbridge-local-suffolk-woodbridge-2026-05-07,Woodbridge,suffolk,Suffolk,,1,4232.0,0.455104,0.5,-0.044896,1
2026,local.sunderland.barnes-thornhill.2026-05-07,barnes-and-thornhill-local-sunderland-barnes-thornhill-2026-05-07,Barnes and Thornhill,sunderland,Sunderland,,3,4036.6666666666665,0.347069,0.25,0.097069,0
2026,local.sunderland.deptford-hendon.2026-05-07,deptford-and-hendon-local-sunderland-deptford-hendon-2026-05-07,Deptford and Hendon,sunderland,Sunderland,,3,2671.6666666666665,0.360823,0.25,0.110823,0
2026,local.sunderland.doxford-park.2026-05-07,doxford-park-local-sunderland-doxford-park-2026-05-07,Doxford Park,sunderland,Sunderland,,3,3697.0,0.425751,0.25,0.175751,0
2026,local.sunderland.farringdon-silksworth.2026-05-07,farringdon-and-silksworth-local-sunderland-farringdon-silksworth-2026-05-07,Farringdon and Silksworth,sunderland,Sunderland,,3,3426.0,0.47986,0.25,0.22986,0
2026,local.sunderland.fulwell.2026-05-07,fulwell-local-sunderland-fulwell-2026-05-07,Fulwell,sunderland,Sunderland,,3,4677.333333333333,0.352551,0.25,0.102551,0
2026,local.sunderland.grangetown.2026-05-07,grangetown-local-sunderland-grangetown-2026-05-07,Grangetown,sunderland,Sunderland,,3,3662.3333333333335,0.364249,0.25,0.114249,0
2026,local.sunderland.grindon-thorney-close.2026-05-07,grindon-and-thorney-close-local-sunderland-grindon-thorney-close-2026-05-07,Grindon and Thorney Close,sunderland,Sunderland,,3,3193.6666666666665,0.523849,0.25,0.273849,0
2026,local.sunderland.herrington-newbottle.2026-05-07,herrington-and-newbottle-local-sunderland-herrington-newbottle-2026-05-07,Herrington and Newbottle,sunderland,Sunderland,,3,3869.0,0.365986,0.25,0.115986,0
2026,local.sunderland.hetton.2026-05-07,hetton-local-sunderland-hetton-2026-05-07,Hetton,sunderland,Sunderland,,3,2389.6666666666665,0.519319,0.25,0.269319,0
2026,local.sunderland.houghton-north.2026-05-07,houghton-north-local-sunderland-houghton-north-2026-05-07,Houghton North,sunderland,Sunderland,,3,3102.6666666666665,0.461538,0.25,0.211538,0
2026,local.sunderland.houghton-south-hetton-downs.2026-05-07,houghton-south-and-hetton-downs-local-sunderland-houghton-south-hetton-downs-2026-05-07,Houghton South and Hetton Downs,sunderland,Sunderland,,3,2997.6666666666665,0.442678,0.25,0.192678,0
2026,local.sunderland.hylton-castle.2026-05-07,hylton-castle-local-sunderland-hylton-castle-2026-05-07,Hylton Castle,sunderland,Sunderland,,3,2397.6666666666665,0.535938,0.25,0.285938,0
2026,local.sunderland.pallion-ford.2026-05-07,pallion-and-ford-local-sunderland-pallion-ford-2026-05-07,Pallion and Ford,sunderland,Sunderland,,3,3587.6666666666665,0.433987,0.25,0.183987,0
2026,local.sunderland.pennywell-south-hylton.2026-05-07,pennywell-and-south-hylton-local-sunderland-pennywell-south-hylton-2026-05-07,Pennywell and South Hylton,sunderland,Sunderland,,3,2700.333333333333,0.532897,0.25,0.282897,0
2026,local.sunderland.penshaw-shiney-row.2026-05-07,penshaw-and-shiney-row-local-sunderland-penshaw-shiney-row-2026-05-07,Penshaw and Shiney Row,sunderland,Sunderland,,3,3346.0,0.47639,0.25,0.22639,0
2026,local.sunderland.redhouse.2026-05-07,redhouse-local-sunderland-redhouse-2026-05-07,Redhouse,sunderland,Sunderland,,3,2334.333333333333,0.539769,0.25,0.289769,0
2026,local.sunderland.roker.2026-05-07,roker-local-sunderland-roker-2026-05-07,Roker,sunderland,Sunderland,,3,4037.6666666666665,0.382399,0.25,0.132399,0
2026,local.sunderland.ryhope.2026-05-07,ryhope-local-sunderland-ryhope-2026-05-07,Ryhope,sunderland,Sunderland,,3,3242.333333333333,0.477742,0.25,0.227742,0
2026,local.sunderland.southwick.2026-05-07,southwick-local-sunderland-southwick-2026-05-07,Southwick,sunderland,Sunderland,,3,2666.333333333333,0.456432,0.25,0.206432,0
2026,local.sunderland.tunstall-humbledon.2026-05-07,tunstall-and-humbledon-local-sunderland-tunstall-humbledon-2026-05-07,Tunstall and Humbledon,sunderland,Sunderland,,3,3848.3333333333335,0.309485,0.25,0.059485,0
2026,local.sunderland.washington-central.2026-05-07,washington-central-local-sunderland-washington-central-2026-05-07,Washington Central,sunderland,Sunderland,,3,2989.6666666666665,0.371948,0.25,0.121948,0
2026,local.sunderland.washington-east.2026-05-07,washington-east-local-sunderland-washington-east-2026-05-07,Washington East,sunderland,Sunderland,,3,2752.333333333333,0.404384,0.25,0.154384,0
2026,local.sunderland.washington-north.2026-05-07,washington-north-local-sunderland-washington-north-2026-05-07,Washington North,sunderland,Sunderland,,3,2781.6666666666665,0.443978,0.25,0.193978,0
2026,local.sunderland.washington-south.2026-05-07,washington-south-local-sunderland-washington-south-2026-05-07,Washington South,sunderland,Sunderland,,3,4072.6666666666665,0.372729,0.25,0.122729,0
2026,local.sunderland.washington-west.2026-05-07,washington-west-local-sunderland-washington-west-2026-05-07,Washington West,sunderland,Sunderland,,3,3620.3333333333335,0.416536,0.25,0.166536,0
2026,local.sutton.beddington.2026-05-07,beddington-local-sutton-beddington-2026-05-07,Beddington,sutton,Sutton,,3,3873.0,0.310354,0.25,0.060354,0
2026,local.sutton.belmont.2026-05-07,belmont-local-sutton-belmont-2026-05-07,Belmont,sutton,Sutton,,3,4416.0,0.411911,0.25,0.161911,0
2026,local.sutton.carshalton-central.2026-05-07,carshalton-central-local-sutton-carshalton-central-2026-05-07,Carshalton Central,sutton,Sutton,,3,4531.0,0.527919,0.25,0.277919,0
2026,local.sutton.carshalton-south-clockhouse.2026-05-07,carshalton-south-and-clockhouse-local-sutton-carshalton-south-clockhouse-2026-05-07,Carshalton South and Clockhouse,sutton,Sutton,,3,4064.0,0.417569,0.25,0.167569,0
2026,local.sutton.cheam.2026-05-07,cheam-local-sutton-cheam-2026-05-07,Cheam,sutton,Sutton,,3,4371.333333333333,0.402852,0.25,0.152852,0
2026,local.sutton.hackbridge.2026-05-07,hackbridge-local-sutton-hackbridge-2026-05-07,Hackbridge,sutton,Sutton,,2,2204.5,0.329326,0.333333,-0.004007,1
2026,local.sutton.north-cheam.2026-05-07,north-cheam-local-sutton-north-cheam-2026-05-07,North Cheam,sutton,Sutton,,3,4357.333333333333,0.389458,0.25,0.139458,0
2026,local.sutton.south-beddington-roundshaw.2026-05-07,south-beddington-and-roundshaw-local-sutton-south-beddington-roundshaw-2026-05-07,South Beddington and Roundshaw,sutton,Sutton,,3,3428.6666666666665,0.445363,0.25,0.195363,0
2026,local.sutton.st-helier-east.2026-05-07,st-helier-east-local-sutton-st-helier-east-2026-05-07,St Helier East,sutton,Sutton,,2,2169.0,0.412172,0.333333,0.078838,0
2026,local.sutton.st-helier-west.2026-05-07,st-helier-west-local-sutton-st-helier-west-2026-05-07,St Helier West,sutton,Sutton,,3,3254.0,0.312846,0.25,0.062846,0
2026,local.sutton.stonecot.2026-05-07,stonecot-local-sutton-stonecot-2026-05-07,Stonecot,sutton,Sutton,,2,2725.5,0.448358,0.333333,0.115025,0
2026,local.sutton.sutton-central.2026-05-07,sutton-central-local-sutton-sutton-central-2026-05-07,Sutton Central,sutton,Sutton,,3,3416.6666666666665,0.430537,0.25,0.180537,0
2026,local.sutton.sutton-north.2026-05-07,sutton-north-local-sutton-sutton-north-2026-05-07,Sutton North,sutton,Sutton,,3,3800.0,0.431579,0.25,0.181579,0
2026,local.sutton.sutton-south.2026-05-07,sutton-south-local-sutton-sutton-south-2026-05-07,Sutton South,sutton,Sutton,,3,3811.6666666666665,0.435767,0.25,0.185767,0
2026,local.sutton.sutton-west-east-cheam.2026-05-07,sutton-west-and-east-cheam-local-sutton-sutton-west-east-cheam-2026-05-07,Sutton West and East Cheam,sutton,Sutton,,3,3856.0,0.489367,0.25,0.239367,0
2026,local.sutton.the-wrythe.2026-05-07,the-wrythe-local-sutton-the-wrythe-2026-05-07,The Wrythe,sutton,Sutton,,3,3622.0,0.439812,0.25,0.189812,0
2026,local.sutton.wallington-north.2026-05-07,wallington-north-local-sutton-wallington-north-2026-05-07,Wallington North,sutton,Sutton,,3,3974.0,0.463513,0.25,0.213513,0
2026,local.sutton.wallington-south.2026-05-07,wallington-south-local-sutton-wallington-south-2026-05-07,Wallington South,sutton,Sutton,,3,3783.0,0.471848,0.25,0.221848,0
2026,local.sutton.worcester-park-north.2026-05-07,worcester-park-north-local-sutton-worcester-park-north-2026-05-07,Worcester Park North,sutton,Sutton,,2,2815.0,0.376199,0.333333,0.042866,0
2026,local.sutton.worcester-park-south.2026-05-07,worcester-park-south-local-sutton-worcester-park-south-2026-05-07,Worcester Park South,sutton,Sutton,,2,3002.0,0.439041,0.333333,0.105707,0
2026,local.swindon.badbury-park-eldene-liden.2026-05-07,badbury-park-eldene-and-liden-local-swindon-badbury-park-eldene-liden-2026-05-07,"Badbury Park, Eldene and Liden",swindon,Swindon,,3,3421.333333333333,0.298422,0.25,0.048422,0
2026,local.swindon.blunsdon.2026-05-07,blunsdon-local-swindon-blunsdon-2026-05-07,Blunsdon,swindon,Swindon,,1,1302.0,0.428571,0.5,-0.071429,1
2026,local.swindon.broadgreen.2026-05-07,broadgreen-local-swindon-broadgreen-2026-05-07,Broadgreen,swindon,Swindon,,2,2833.5,0.430563,0.333333,0.09723,0
2026,local.swindon.chiseldon-ridgeway.2026-05-07,chiseldon-and-ridgeway-local-swindon-chiseldon-ridgeway-2026-05-07,Chiseldon and Ridgeway,swindon,Swindon,,2,2329.0,0.44869,0.333333,0.115357,0
2026,local.swindon.covingham-nythe.2026-05-07,covingham-and-nythe-local-swindon-covingham-nythe-2026-05-07,Covingham and Nythe,swindon,Swindon,,2,3080.5,0.503165,0.333333,0.169832,0
2026,local.swindon.gorse-hill.2026-05-07,gorse-hill-local-swindon-gorse-hill-2026-05-07,Gorse Hill,swindon,Swindon,,1,1348.0,0.451039,0.5,-0.048961,1
2026,local.swindon.haydon-wick.2026-05-07,haydon-wick-local-swindon-haydon-wick-2026-05-07,Haydon Wick,swindon,Swindon,,3,3596.333333333333,0.330893,0.25,0.080893,0
2026,local.swindon.highworth.2026-05-07,highworth-local-swindon-highworth-2026-05-07,Highworth,swindon,Swindon,,2,3068.0,0.451108,0.333333,0.117775,0
2026,local.swindon.kingshill.2026-05-07,kingshill-local-swindon-kingshill-2026-05-07,Kingshill,swindon,Swindon,,2,2463.5,0.377106,0.333333,0.043772,0
2026,local.swindon.lower-stratton.2026-05-07,lower-stratton-local-swindon-lower-stratton-2026-05-07,Lower Stratton,swindon,Swindon,,3,3389.333333333333,0.343725,0.25,0.093725,0
2026,local.swindon.lydiard-freshbrook-toothill.2026-05-07,lydiard-freshbrook-and-toothill-local-swindon-lydiard-freshbrook-toothill-2026-05-07,"Lydiard, Freshbrook and Toothill",swindon,Swindon,,3,3927.3333333333335,0.320574,0.25,0.070574,0
2026,local.swindon.old-town-lawn.2026-05-07,old-town-and-lawn-local-swindon-old-town-lawn-2026-05-07,Old Town and Lawn,swindon,Swindon,,3,4607.333333333333,0.395022,0.25,0.145022,0
2026,local.swindon.parks.2026-05-07,parks-local-swindon-parks-2026-05-07,Parks,swindon,Swindon,,2,2021.0,0.366155,0.333333,0.032822,0
2026,local.swindon.penhill-pinehurst.2026-05-07,penhill-and-pinehurst-local-swindon-penhill-pinehurst-2026-05-07,Penhill and Pinehurst,swindon,Swindon,,2,1971.0,0.374429,0.333333,0.041096,0
2026,local.swindon.priory-vale.2026-05-07,priory-vale-local-swindon-priory-vale-2026-05-07,Priory Vale,swindon,Swindon,,3,3211.333333333333,0.310774,0.25,0.060774,0
2026,local.swindon.queens-park.2026-05-07,queen-s-park-local-swindon-queens-park-2026-05-07,Queen's Park,swindon,Swindon,,3,3261.6666666666665,0.361472,0.25,0.111472,0
2026,local.swindon.rodbourne-cheney.2026-05-07,rodbourne-cheney-local-swindon-rodbourne-cheney-2026-05-07,Rodbourne Cheney,swindon,Swindon,,2,1732.0,0.44746,0.333333,0.114126,0
2026,local.swindon.rodbourne-ferndale-western.2026-05-07,rodbourne-ferndale-and-western-local-swindon-rodbourne-ferndale-western-2026-05-07,Rodbourne Ferndale and Western,swindon,Swindon,,3,3696.0,0.36553,0.25,0.11553,0
2026,local.swindon.shaw-westlea.2026-05-07,shaw-and-westlea-local-swindon-shaw-westlea-2026-05-07,Shaw and Westlea,swindon,Swindon,,3,4254.333333333333,0.342239,0.25,0.092239,0
2026,local.swindon.south-marston.2026-05-07,south-marston-local-swindon-south-marston-2026-05-07,South Marston,swindon,Swindon,,1,458.0,0.78821,0.5,0.28821,0
2026,local.swindon.st-andrews-east.2026-05-07,st-andrews-east-local-swindon-st-andrews-east-2026-05-07,St Andrews East,swindon,Swindon,,2,2489.5,0.514561,0.333333,0.181228,0
2026,local.swindon.st-andrews-west-tadpole.2026-05-07,st-andrews-west-and-tadpole-local-swindon-st-andrews-west-tadpole-2026-05-07,St Andrews West and Tadpole,swindon,Swindon,,2,2496.5,0.352894,0.333333,0.019561,0
2026,local.swindon.upper-stratton.2026-05-07,upper-stratton-local-swindon-upper-stratton-2026-05-07,Upper Stratton,swindon,Swindon,,2,2506.0,0.341181,0.333333,0.007848,0
2026,local.swindon.walcot.2026-05-07,walcot-local-swindon-walcot-2026-05-07,Walcot,swindon,Swindon,,2,2205.5,0.452052,0.333333,0.118718,0
2026,local.swindon.wroughton-wichelstowe.2026-05-07,wroughton-and-wichelstowe-local-swindon-wroughton-wichelstowe-2026-05-07,Wroughton and Wichelstowe,swindon,Swindon,,3,3552.6666666666665,0.311597,0.25,0.061597,0
2026,local.tameside.ashton-hurst.2026-05-07,ashton-hurst-local-tameside-ashton-hurst-2026-05-07,Ashton Hurst,tameside,Tameside,,1,3744.0,0.376603,0.5,-0.123397,1
2026,local.tameside.ashton-st-michaels.2026-05-07,ashton-st-michael-s-local-tameside-ashton-st-michaels-2026-05-07,Ashton St Michael's,tameside,Tameside,,1,3417.0,0.370208,0.5,-0.129792,1
2026,local.tameside.ashton-waterloo.2026-05-07,ashton-waterloo-local-tameside-ashton-waterloo-2026-05-07,Ashton Waterloo,tameside,Tameside,,1,4164.0,0.401537,0.5,-0.098463,1
2026,local.tameside.audenshaw.2026-05-07,audenshaw-local-tameside-audenshaw-2026-05-07,Audenshaw,tameside,Tameside,,1,4417.0,0.431515,0.5,-0.068485,1
2026,local.tameside.denton-north-east.2026-05-07,denton-north-east-local-tameside-denton-north-east-2026-05-07,Denton North East,tameside,Tameside,,1,3342.0,0.499102,0.5,-0.000898,1
2026,local.tameside.denton-south.2026-05-07,denton-south-local-tameside-denton-south-2026-05-07,Denton South,tameside,Tameside,,1,3295.0,0.525645,0.5,0.025645,0
2026,local.tameside.denton-west.2026-05-07,denton-west-local-tameside-denton-west-2026-05-07,Denton West,tameside,Tameside,,1,3996.0,0.495746,0.5,-0.004254,1
2026,local.tameside.droylsden-east.2026-05-07,droylsden-east-local-tameside-droylsden-east-2026-05-07,Droylsden East,tameside,Tameside,,1,3444.0,0.488676,0.5,-0.011324,1
2026,local.tameside.droylsden-west.2026-05-07,droylsden-west-local-tameside-droylsden-west-2026-05-07,Droylsden West,tameside,Tameside,,1,3538.0,0.459864,0.5,-0.040136,1
2026,local.tameside.dukinfield.2026-05-07,dukinfield-local-tameside-dukinfield-2026-05-07,Dukinfield,tameside,Tameside,,1,3196.0,0.491552,0.5,-0.008448,1
2026,local.tameside.dukinfield-stalybridge.2026-05-07,dukinfield-stalybridge-local-tameside-dukinfield-stalybridge-2026-05-07,Dukinfield Stalybridge,tameside,Tameside,,1,3583.0,0.479486,0.5,-0.020514,1
2026,local.tameside.hyde-godley.2026-05-07,hyde-godley-local-tameside-hyde-godley-2026-05-07,Hyde Godley,tameside,Tameside,,1,3591.0,0.358396,0.5,-0.141604,1
2026,local.tameside.hyde-newton.2026-05-07,hyde-newton-local-tameside-hyde-newton-2026-05-07,Hyde Newton,tameside,Tameside,,1,3287.0,0.450867,0.5,-0.049133,1
2026,local.tameside.hyde-werneth.2026-05-07,hyde-werneth-local-tameside-hyde-werneth-2026-05-07,Hyde Werneth,tameside,Tameside,,1,4299.0,0.299372,0.5,-0.200628,1
2026,local.tameside.longdendale.2026-05-07,longdendale-local-tameside-longdendale-2026-05-07,Longdendale,tameside,Tameside,,1,3474.0,0.455095,0.5,-0.044905,1
2026,local.tameside.mossley.2026-05-07,mossley-local-tameside-mossley-2026-05-07,Mossley,tameside,Tameside,,1,4132.0,0.393272,0.5,-0.106728,1
2026,local.tameside.stalybridge-north.2026-05-07,stalybridge-north-local-tameside-stalybridge-north-2026-05-07,Stalybridge North,tameside,Tameside,,1,3664.0,0.477074,0.5,-0.022926,1
2026,local.tameside.stalybridge-south.2026-05-07,stalybridge-south-local-tameside-stalybridge-south-2026-05-07,Stalybridge South,tameside,Tameside,,1,3888.0,0.337191,0.5,-0.162809,1
2026,local.tameside.st-peters.2026-05-07,st-peter-s-local-tameside-st-peters-2026-05-07,St Peter's,tameside,Tameside,,1,3682.0,0.367192,0.5,-0.132808,1
2026,local.tamworth.amington.2026-05-07,amington-local-tamworth-amington-2026-05-07,Amington,tamworth,Tamworth,,1,2634.0,0.53227,0.5,0.03227,0
2026,local.tamworth.belgrave.2026-05-07,belgrave-local-tamworth-belgrave-2026-05-07,Belgrave,tamworth,Tamworth,,1,1873.0,0.5622,0.5,0.0622,0
2026,local.tamworth.bolehall.2026-05-07,bolehall-local-tamworth-bolehall-2026-05-07,Bolehall,tamworth,Tamworth,,1,2077.0,0.51324,0.5,0.01324,0
2026,local.tamworth.castle.2026-05-07,castle-local-tamworth-castle-2026-05-07,Castle,tamworth,Tamworth,,1,2587.0,0.492462,0.5,-0.007538,1
2026,local.tamworth.glascote.2026-05-07,glascote-local-tamworth-glascote-2026-05-07,Glascote,tamworth,Tamworth,,1,1718.0,0.590221,0.5,0.090221,0
2026,local.tamworth.mercian.2026-05-07,mercian-local-tamworth-mercian-2026-05-07,Mercian,tamworth,Tamworth,,1,2133.0,0.451946,0.5,-0.048054,1
2026,local.tamworth.spital.2026-05-07,spital-local-tamworth-spital-2026-05-07,Spital,tamworth,Tamworth,,1,2483.0,0.445832,0.5,-0.054168,1
2026,local.tamworth.stonydelph.2026-05-07,stonydelph-local-tamworth-stonydelph-2026-05-07,Stonydelph,tamworth,Tamworth,,1,1867.0,0.55008,0.5,0.05008,0
2026,local.tamworth.trinity.2026-05-07,trinity-local-tamworth-trinity-2026-05-07,Trinity,tamworth,Tamworth,,1,2417.0,0.552338,0.5,0.052338,0
2026,local.three-rivers.abbots-langley-bedmond.2026-05-07,abbots-langley-and-bedmond-local-three-rivers-abbots-langley-bedmond-2026-05-07,Abbots Langley and Bedmond,three-rivers,Three Rivers,,1,2421.0,0.382487,0.5,-0.117513,1
2026,local.three-rivers.carpenders-park.2026-05-07,carpenders-park-local-three-rivers-carpenders-park-2026-05-07,Carpenders Park,three-rivers,Three Rivers,,1,2535.0,0.382643,0.5,-0.117357,1
2026,local.three-rivers.chorleywood-north-sarratt.2026-05-07,chorleywood-north-and-sarratt-local-three-rivers-chorleywood-north-sarratt-2026-05-07,Chorleywood North and Sarratt,three-rivers,Three Rivers,,1,2551.0,0.47158,0.5,-0.02842,1
2026,local.three-rivers.chorleywood-south-maple-cross.2026-05-07,chorleywood-south-and-maple-cross-local-three-rivers-chorleywood-south-maple-cross-2026-05-07,Chorleywood South and Maple Cross,three-rivers,Three Rivers,,1,2693.0,0.371333,0.5,-0.128667,1
2026,local.three-rivers.dickinsons.2026-05-07,dickinsons-local-three-rivers-dickinsons-2026-05-07,Dickinsons,three-rivers,Three Rivers,,1,2428.0,0.508237,0.5,0.008237,0
2026,local.three-rivers.durrants.2026-05-07,durrants-local-three-rivers-durrants-2026-05-07,Durrants,three-rivers,Three Rivers,,1,2369.0,0.524272,0.5,0.024272,0
2026,local.three-rivers.gade-valley.2026-05-07,gade-valley-local-three-rivers-gade-valley-2026-05-07,Gade Valley,three-rivers,Three Rivers,,1,2183.0,0.327989,0.5,-0.172011,1
2026,local.three-rivers.leavesden.2026-05-07,leavesden-local-three-rivers-leavesden-2026-05-07,Leavesden,three-rivers,Three Rivers,,1,2190.0,0.405479,0.5,-0.094521,1
2026,local.three-rivers.moor-park-eastbury.2026-05-07,moor-park-and-eastbury-local-three-rivers-moor-park-eastbury-2026-05-07,Moor Park and Eastbury,three-rivers,Three Rivers,,1,1767.0,0.580079,0.5,0.080079,0
2026,local.three-rivers.oxhey-hall-hayling.2026-05-07,oxhey-hall-and-hayling-local-three-rivers-oxhey-hall-hayling-2026-05-07,Oxhey Hall and Hayling,three-rivers,Three Rivers,,1,2355.0,0.367728,0.5,-0.132272,1
2026,local.three-rivers.penn-mill-end.2026-05-07,penn-and-mill-end-local-three-rivers-penn-mill-end-2026-05-07,Penn and Mill End,three-rivers,Three Rivers,,1,2379.0,0.374947,0.5,-0.125053,1
2026,local.three-rivers.rickmansworth-town.2026-05-07,rickmansworth-town-local-three-rivers-rickmansworth-town-2026-05-07,Rickmansworth Town,three-rivers,Three Rivers,,1,2787.0,0.495156,0.5,-0.004844,1
2026,local.three-rivers.south-oxhey.2026-05-07,south-oxhey-local-three-rivers-south-oxhey-2026-05-07,South Oxhey,three-rivers,Three Rivers,,1,2258.0,0.352081,0.5,-0.147919,1
2026,local.thurrock.aveley.2026-05-07,aveley-local-thurrock-aveley-2026-05-07,Aveley,thurrock,Thurrock,,3,2230.6666666666665,0.497609,0.25,0.247609,0
2026,local.thurrock.belhus.2026-05-07,belhus-local-thurrock-belhus-2026-05-07,Belhus,thurrock,Thurrock,,3,2239.0,0.531487,0.25,0.281487,0
2026,local.thurrock.chadwell-st-mary.2026-05-07,chadwell-st-mary-local-thurrock-chadwell-st-mary-2026-05-07,Chadwell St Mary,thurrock,Thurrock,,3,2306.6666666666665,0.562717,0.25,0.312717,0
2026,local.thurrock.chafford-hundred-east.2026-05-07,chafford-hundred-east-local-thurrock-chafford-hundred-east-2026-05-07,Chafford Hundred East,thurrock,Thurrock,,2,1860.5,0.390218,0.333333,0.056884,0
2026,local.thurrock.chafford-hundred-west.2026-05-07,chafford-hundred-west-local-thurrock-chafford-hundred-west-2026-05-07,Chafford Hundred West,thurrock,Thurrock,,2,1479.0,0.348884,0.333333,0.015551,0
2026,local.thurrock.corringham-fobbing.2026-05-07,corringham-and-fobbing-local-thurrock-corringham-fobbing-2026-05-07,Corringham and Fobbing,thurrock,Thurrock,,3,3214.6666666666665,0.633347,0.25,0.383347,0
2026,local.thurrock.east-tilbury-linford-west-tilbury.2026-05-07,east-tilbury-linford-and-west-tilbury-local-thurrock-east-tilbury-linford-west-tilbury-2026-05-07,"East Tilbury, Linford and West Tilbury",thurrock,Thurrock,,2,1701.5,0.571848,0.333333,0.238515,0
2026,local.thurrock.grays-riverside.2026-05-07,grays-riverside-local-thurrock-grays-riverside-2026-05-07,Grays Riverside,thurrock,Thurrock,,3,1967.6666666666667,0.330341,0.25,0.080341,0
2026,local.thurrock.grays-town.2026-05-07,grays-town-local-thurrock-grays-town-2026-05-07,Grays Town,thurrock,Thurrock,,3,2475.0,0.391919,0.25,0.141919,0
2026,local.thurrock.little-thurrock-blackshots.2026-05-07,little-thurrock-blackshots-local-thurrock-little-thurrock-blackshots-2026-05-07,Little Thurrock Blackshots,thurrock,Thurrock,,2,2371.0,0.508224,0.333333,0.174891,0
2026,local.thurrock.little-thurrock-rectory.2026-05-07,little-thurrock-rectory-local-thurrock-little-thurrock-rectory-2026-05-07,Little Thurrock Rectory,thurrock,Thurrock,,2,1913.0,0.505489,0.333333,0.172155,0
2026,local.thurrock.ockendon.2026-05-07,ockendon-local-thurrock-ockendon-2026-05-07,Ockendon,thurrock,Thurrock,,3,2603.333333333333,0.508579,0.25,0.258579,0
2026,local.thurrock.orsett-horndon-bulphan.2026-05-07,orsett-horndon-and-bulphan-local-thurrock-orsett-horndon-bulphan-2026-05-07,"Orsett, Horndon and Bulphan",thurrock,Thurrock,,2,2512.5,0.561592,0.333333,0.228259,0
2026,local.thurrock.purfleet-on-thames.2026-05-07,purfleet-on-thames-local-thurrock-purfleet-on-thames-2026-05-07,Purfleet-on-Thames,thurrock,Thurrock,,2,1267.0,0.374901,0.333333,0.041568,0
2026,local.thurrock.stanford-le-hope-south.2026-05-07,stanford-le-hope-south-local-thurrock-stanford-le-hope-south-2026-05-07,Stanford-le-Hope South,thurrock,Thurrock,,3,3142.6666666666665,0.506894,0.25,0.256894,0
2026,local.thurrock.stifford.2026-05-07,stifford-local-thurrock-stifford-2026-05-07,Stifford,thurrock,Thurrock,,2,1977.0,0.562468,0.333333,0.229135,0
2026,local.thurrock.the-homesteads-stanford-le-hope-north.2026-05-07,the-homesteads-and-stanford-le-hope-north-local-thurrock-the-homesteads-stanford-le-hope-north-2026-05-07,The Homesteads and Stanford-le-Hope North,thurrock,Thurrock,,3,2787.0,0.515967,0.25,0.265967,0
2026,local.thurrock.tilbury-riverside.2026-05-07,tilbury-riverside-local-thurrock-tilbury-riverside-2026-05-07,Tilbury Riverside,thurrock,Thurrock,,2,1212.5,0.444536,0.333333,0.111203,0
2026,local.thurrock.tilbury-st-chads.2026-05-07,tilbury-st-chads-local-thurrock-tilbury-st-chads-2026-05-07,Tilbury St Chads,thurrock,Thurrock,,2,1261.0,0.535289,0.333333,0.201956,0
2026,local.thurrock.west-thurrock-south-stifford.2026-05-07,west-thurrock-and-south-stifford-local-thurrock-west-thurrock-south-stifford-2026-05-07,West Thurrock and South Stifford,thurrock,Thurrock,,2,1493.0,0.334226,0.333333,0.000893,0
2026,local.tower-hamlets.bethnal-green-east.2026-05-07,bethnal-green-east-local-tower-hamlets-bethnal-green-east-2026-05-07,Bethnal Green East,tower-hamlets,Tower Hamlets,,3,6166.0,0.344307,0.25,0.094307,0
2026,local.tower-hamlets.bethnal-green-west.2026-05-07,bethnal-green-west-local-tower-hamlets-bethnal-green-west-2026-05-07,Bethnal Green West,tower-hamlets,Tower Hamlets,,3,6080.333333333333,0.374157,0.25,0.124157,0
2026,local.tower-hamlets.blackwall-cubitt-town.2026-05-07,blackwall-and-cubitt-town-local-tower-hamlets-blackwall-cubitt-town-2026-05-07,Blackwall and Cubitt Town,tower-hamlets,Tower Hamlets,,3,4900.666666666667,0.282819,0.25,0.032819,0
2026,local.tower-hamlets.bow-east.2026-05-07,bow-east-local-tower-hamlets-bow-east-2026-05-07,Bow East,tower-hamlets,Tower Hamlets,,3,6433.666666666667,0.396353,0.25,0.146353,0
2026,local.tower-hamlets.bow-west.2026-05-07,bow-west-local-tower-hamlets-bow-west-2026-05-07,Bow West,tower-hamlets,Tower Hamlets,,2,4594.5,0.327783,0.333333,-0.00555,1
2026,local.tower-hamlets.bromley-north.2026-05-07,bromley-north-local-tower-hamlets-bromley-north-2026-05-07,Bromley North,tower-hamlets,Tower Hamlets,,2,3563.0,0.338198,0.333333,0.004865,0
2026,local.tower-hamlets.bromley-south.2026-05-07,bromley-south-local-tower-hamlets-bromley-south-2026-05-07,Bromley South,tower-hamlets,Tower Hamlets,,2,3758.0,0.381586,0.333333,0.048253,0
2026,local.tower-hamlets.canary-wharf.2026-05-07,canary-wharf-local-tower-hamlets-canary-wharf-2026-05-07,Canary Wharf,tower-hamlets,Tower Hamlets,,2,3834.0,0.324465,0.333333,-0.008868,1
2026,local.tower-hamlets.island-gardens.2026-05-07,island-gardens-local-tower-hamlets-island-gardens-2026-05-07,Island Gardens,tower-hamlets,Tower Hamlets,,2,4256.5,0.26853,0.333333,-0.064803,1
2026,local.tower-hamlets.lansbury.2026-05-07,lansbury-local-tower-hamlets-lansbury-2026-05-07,Lansbury,tower-hamlets,Tower Hamlets,,3,5397.666666666667,0.348669,0.25,0.098669,0
2026,local.tower-hamlets.limehouse.2026-05-07,limehouse-local-tower-hamlets-limehouse-2026-05-07,Limehouse,tower-hamlets,Tower Hamlets,,1,2050.0,0.313659,0.5,-0.186341,1
2026,local.tower-hamlets.mile-end.2026-05-07,mile-end-local-tower-hamlets-mile-end-2026-05-07,Mile End,tower-hamlets,Tower Hamlets,,3,5826.333333333333,0.304651,0.25,0.054651,0
2026,local.tower-hamlets.poplar.2026-05-07,poplar-local-tower-hamlets-poplar-2026-05-07,Poplar,tower-hamlets,Tower Hamlets,,1,2326.0,0.422184,0.5,-0.077816,1
2026,local.tower-hamlets.shadwell.2026-05-07,shadwell-local-tower-hamlets-shadwell-2026-05-07,Shadwell,tower-hamlets,Tower Hamlets,,2,4049.0,0.344036,0.333333,0.010702,0
2026,local.tower-hamlets.spitalfields-banglatown.2026-05-07,spitalfields-and-banglatown-local-tower-hamlets-spitalfields-banglatown-2026-05-07,Spitalfields and Banglatown,tower-hamlets,Tower Hamlets,,2,3720.0,0.308602,0.333333,-0.024731,1
2026,local.tower-hamlets.st-dunstans.2026-05-07,st-dunstan-s-local-tower-hamlets-st-dunstans-2026-05-07,St Dunstan's,tower-hamlets,Tower Hamlets,,2,4172.0,0.3907,0.333333,0.057367,0
2026,local.tower-hamlets.stepney-green.2026-05-07,stepney-green-local-tower-hamlets-stepney-green-2026-05-07,Stepney Green,tower-hamlets,Tower Hamlets,,2,3912.0,0.456033,0.333333,0.122699,0
2026,local.tower-hamlets.st-katharines-wapping.2026-05-07,st-katharine-s-and-wapping-local-tower-hamlets-st-katharines-wapping-2026-05-07,St Katharine's and Wapping,tower-hamlets,Tower Hamlets,,2,3922.0,0.307241,0.333333,-0.026092,1
2026,local.tower-hamlets.weavers.2026-05-07,weavers-local-tower-hamlets-weavers-2026-05-07,Weavers,tower-hamlets,Tower Hamlets,,2,3788.5,0.305134,0.333333,-0.028199,1
2026,local.tower-hamlets.whitechapel.2026-05-07,whitechapel-local-tower-hamlets-whitechapel-2026-05-07,Whitechapel,tower-hamlets,Tower Hamlets,,3,4649.0,0.38761,0.25,0.13761,0
2026,local.trafford.altrincham.2026-05-07,altrincham-local-trafford-altrincham-2026-05-07,Altrincham,trafford,Trafford,,1,3942.0,0.442415,0.5,-0.057585,1
2026,local.trafford.ashton-upon-mersey.2026-05-07,ashton-upon-mersey-local-trafford-ashton-upon-mersey-2026-05-07,Ashton upon Mersey,trafford,Trafford,,1,4281.0,0.344779,0.5,-0.155221,1
2026,local.trafford.bowdon.2026-05-07,bowdon-local-trafford-bowdon-2026-05-07,Bowdon,trafford,Trafford,,1,4804.0,0.544546,0.5,0.044546,0
2026,local.trafford.broadheath.2026-05-07,broadheath-local-trafford-broadheath-2026-05-07,Broadheath,trafford,Trafford,,1,4822.0,0.356906,0.5,-0.143094,1
2026,local.trafford.brooklands.2026-05-07,brooklands-local-trafford-brooklands-2026-05-07,Brooklands,trafford,Trafford,,1,4422.0,0.320443,0.5,-0.179557,1
2026,local.trafford.bucklow-st-martins.2026-05-07,bucklow-st-martins-local-trafford-bucklow-st-martins-2026-05-07,Bucklow-St Martins,trafford,Trafford,,1,2812.0,0.435989,0.5,-0.064011,1
2026,local.trafford.davyhulme.2026-05-07,davyhulme-local-trafford-davyhulme-2026-05-07,Davyhulme,trafford,Trafford,,1,4303.0,0.30072,0.5,-0.19928,1
2026,local.trafford.flixton.2026-05-07,flixton-local-trafford-flixton-2026-05-07,Flixton,trafford,Trafford,,1,4436.0,0.296213,0.5,-0.203787,1
2026,local.trafford.gorse-hill-cornbrook.2026-05-07,gorse-hill-and-cornbrook-local-trafford-gorse-hill-cornbrook-2026-05-07,Gorse Hill and Cornbrook,trafford,Trafford,,1,3199.0,0.442951,0.5,-0.057049,1
2026,local.trafford.hale.2026-05-07,hale-local-trafford-hale-2026-05-07,Hale,trafford,Trafford,,1,4291.0,0.452342,0.5,-0.047658,1
2026,local.trafford.hale-barns-timperley-south.2026-05-07,hale-barns-and-timperley-south-local-trafford-hale-barns-timperley-south-2026-05-07,Hale Barns and Timperley South,trafford,Trafford,,1,4135.0,0.51705,0.5,0.01705,0
2026,local.trafford.longford.2026-05-07,longford-local-trafford-longford-2026-05-07,Longford,trafford,Trafford,,1,3683.0,0.466739,0.5,-0.033261,1
2026,local.trafford.lostock-barton.2026-05-07,lostock-and-barton-local-trafford-lostock-barton-2026-05-07,Lostock and Barton,trafford,Trafford,,1,3451.0,0.309476,0.5,-0.190524,1
2026,local.trafford.manor.2026-05-07,manor-local-trafford-manor-2026-05-07,Manor,trafford,Trafford,,1,4340.0,0.469355,0.5,-0.030645,1
2026,local.trafford.old-trafford.2026-05-07,old-trafford-local-trafford-old-trafford-2026-05-07,Old Trafford,trafford,Trafford,,1,3710.0,0.526146,0.5,0.026146,0
2026,local.trafford.sale-central.2026-05-07,sale-central-local-trafford-sale-central-2026-05-07,Sale Central,trafford,Trafford,,1,3864.0,0.363613,0.5,-0.136387,1
2026,local.trafford.sale-moor.2026-05-07,sale-moor-local-trafford-sale-moor-2026-05-07,Sale Moor,trafford,Trafford,,1,3983.0,0.36932,0.5,-0.13068,1
2026,local.trafford.stretford-humphrey-park.2026-05-07,stretford-and-humphrey-park-local-trafford-stretford-humphrey-park-2026-05-07,Stretford and Humphrey Park,trafford,Trafford,,1,4274.0,0.322883,0.5,-0.177117,1
2026,local.trafford.timperley-central.2026-05-07,timperley-central-local-trafford-timperley-central-2026-05-07,Timperley Central,trafford,Trafford,,1,4339.0,0.390182,0.5,-0.109818,1
2026,local.trafford.timperley-north.2026-05-07,timperley-north-local-trafford-timperley-north-2026-05-07,Timperley North,trafford,Trafford,,1,4684.0,0.485909,0.5,-0.014091,1
2026,local.trafford.urmston.2026-05-07,urmston-local-trafford-urmston-2026-05-07,Urmston,trafford,Trafford,,1,4313.0,0.360538,0.5,-0.139462,1
2026,local.tunbridge-wells.cranbrook-sissinghurst-frittenden.2026-05-07,cranbrook-sissinghurst-and-frittenden-local-tunbridge-wells-cranbrook-sissinghurst-frittenden-2026-05-07,"Cranbrook, Sissinghurst and Frittenden",tunbridge-wells,Tunbridge Wells,,1,2655.0,0.462147,0.5,-0.037853,1
2026,local.tunbridge-wells.culverden.2026-05-07,culverden-local-tunbridge-wells-culverden-2026-05-07,Culverden,tunbridge-wells,Tunbridge Wells,,1,2835.0,0.494533,0.5,-0.005467,1
2026,local.tunbridge-wells.hawkhurst-sandhurst-benenden.2026-05-07,hawkhurst-sandhurst-and-benenden-local-tunbridge-wells-hawkhurst-sandhurst-benenden-2026-05-07,"Hawkhurst, Sandhurst and Benenden",tunbridge-wells,Tunbridge Wells,,1,2977.0,0.316762,0.5,-0.183238,1
2026,local.tunbridge-wells.paddock-wood.2026-05-07,paddock-wood-local-tunbridge-wells-paddock-wood-2026-05-07,Paddock Wood,tunbridge-wells,Tunbridge Wells,,1,3033.0,0.393999,0.5,-0.106001,1
2026,local.tunbridge-wells.pantiles.2026-05-07,pantiles-local-tunbridge-wells-pantiles-2026-05-07,Pantiles,tunbridge-wells,Tunbridge Wells,,1,3040.0,0.409868,0.5,-0.090132,1
2026,local.tunbridge-wells.park.2026-05-07,park-local-tunbridge-wells-park-2026-05-07,Park,tunbridge-wells,Tunbridge Wells,,1,3144.0,0.48187,0.5,-0.01813,1
2026,local.tunbridge-wells.pembury-capel.2026-05-07,pembury-and-capel-local-tunbridge-wells-pembury-capel-2026-05-07,Pembury and Capel,tunbridge-wells,Tunbridge Wells,,1,3142.0,0.297263,0.5,-0.202737,1
2026,local.tunbridge-wells.rural-tunbridge-wells.2026-05-07,rural-tunbridge-wells-local-tunbridge-wells-rural-tunbridge-wells-2026-05-07,Rural Tunbridge Wells,tunbridge-wells,Tunbridge Wells,,1,3939.0,0.374207,0.5,-0.125793,1
2026,local.tunbridge-wells.rusthall-speldhurst.2026-05-07,rusthall-and-speldhurst-local-tunbridge-wells-rusthall-speldhurst-2026-05-07,Rusthall and Speldhurst,tunbridge-wells,Tunbridge Wells,,1,3497.0,0.340864,0.5,-0.159136,1
2026,local.tunbridge-wells.sherwood.2026-05-07,sherwood-local-tunbridge-wells-sherwood-2026-05-07,Sherwood,tunbridge-wells,Tunbridge Wells,,2,2326.5,0.338276,0.333333,0.004943,0
2026,local.tunbridge-wells.southborough-bidborough.2026-05-07,southborough-and-bidborough-local-tunbridge-wells-southborough-bidborough-2026-05-07,Southborough and Bidborough,tunbridge-wells,Tunbridge Wells,,2,3291.5,0.465137,0.333333,0.131804,0
2026,local.tunbridge-wells.st-james.2026-05-07,st-james-local-tunbridge-wells-st-james-2026-05-07,St James',tunbridge-wells,Tunbridge Wells,,1,2560.0,0.577344,0.5,0.077344,0
2026,local.tunbridge-wells.st-johns.2026-05-07,st-john-s-local-tunbridge-wells-st-johns-2026-05-07,St John's,tunbridge-wells,Tunbridge Wells,,1,1885.0,0.555438,0.5,0.055438,0
2026,local.wakefield.ackworth-north-elmsall-upton.2026-05-07,ackworth-north-elmsall-and-upton-local-wakefield-ackworth-north-elmsall-upton-2026-05-07,"Ackworth, North Elmsall and Upton",wakefield,Wakefield,,3,4606.666666666667,0.442836,0.25,0.192836,0
2026,local.wakefield.airedale-ferry-fryston.2026-05-07,airedale-and-ferry-fryston-local-wakefield-airedale-ferry-fryston-2026-05-07,Airedale and Ferry Fryston,wakefield,Wakefield,,3,3266.0,0.545315,0.25,0.295315,0
2026,local.wakefield.altofts-whitwood.2026-05-07,altofts-and-whitwood-local-wakefield-altofts-whitwood-2026-05-07,Altofts and Whitwood,wakefield,Wakefield,,3,4711.333333333333,0.514716,0.25,0.264716,0
2026,local.wakefield.castleford-central-glasshoughton.2026-05-07,castleford-central-and-glasshoughton-local-wakefield-castleford-central-glasshoughton-2026-05-07,Castleford Central and Glasshoughton,wakefield,Wakefield,,3,3909.6666666666665,0.491858,0.25,0.241858,0
2026,local.wakefield.crofton-ryhill-walton.2026-05-07,crofton-ryhill-and-walton-local-wakefield-crofton-ryhill-walton-2026-05-07,"Crofton, Ryhill and Walton",wakefield,Wakefield,,3,4852.666666666667,0.45171,0.25,0.20171,0
2026,local.wakefield.featherstone.2026-05-07,featherstone-local-wakefield-featherstone-2026-05-07,Featherstone,wakefield,Wakefield,,3,3843.3333333333335,0.479011,0.25,0.229011,0
2026,local.wakefield.hemsworth.2026-05-07,hemsworth-local-wakefield-hemsworth-2026-05-07,Hemsworth,wakefield,Wakefield,,3,3248.0,0.444273,0.25,0.194273,0
2026,local.wakefield.horbury-south-ossett.2026-05-07,horbury-and-south-ossett-local-wakefield-horbury-south-ossett-2026-05-07,Horbury and South Ossett,wakefield,Wakefield,,3,4950.0,0.402626,0.25,0.152626,0
2026,local.wakefield.knottingley-ferrybridge.2026-05-07,knottingley-and-ferrybridge-local-wakefield-knottingley-ferrybridge-2026-05-07,Knottingley and Ferrybridge,wakefield,Wakefield,,3,3336.0,0.427158,0.25,0.177158,0
2026,local.wakefield.normanton.2026-05-07,normanton-local-wakefield-normanton-2026-05-07,Normanton,wakefield,Wakefield,,3,4046.3333333333335,0.399127,0.25,0.149127,0
2026,local.wakefield.ossett.2026-05-07,ossett-local-wakefield-ossett-2026-05-07,Ossett,wakefield,Wakefield,,3,4890.0,0.426585,0.25,0.176585,0
2026,local.wakefield.pontefract-north.2026-05-07,pontefract-north-local-wakefield-pontefract-north-2026-05-07,Pontefract North,wakefield,Wakefield,,3,4047.3333333333335,0.465739,0.25,0.215739,0
2026,local.wakefield.pontefract-south.2026-05-07,pontefract-south-local-wakefield-pontefract-south-2026-05-07,Pontefract South,wakefield,Wakefield,,3,4945.666666666667,0.420772,0.25,0.170772,0
2026,local.wakefield.south-elmsall-south-kirkby.2026-05-07,south-elmsall-and-south-kirkby-local-wakefield-south-elmsall-south-kirkby-2026-05-07,South Elmsall and South Kirkby,wakefield,Wakefield,,3,3764.3333333333335,0.479766,0.25,0.229766,0
2026,local.wakefield.stanley-outwood-east.2026-05-07,stanley-and-outwood-east-local-wakefield-stanley-outwood-east-2026-05-07,Stanley and Outwood East,wakefield,Wakefield,,3,5510.333333333333,0.407598,0.25,0.157598,0
2026,local.wakefield.wakefield-east.2026-05-07,wakefield-east-local-wakefield-wakefield-east-2026-05-07,Wakefield East,wakefield,Wakefield,,3,4029.6666666666665,0.288113,0.25,0.038113,0
2026,local.wakefield.wakefield-north.2026-05-07,wakefield-north-local-wakefield-wakefield-north-2026-05-07,Wakefield North,wakefield,Wakefield,,3,4014.3333333333335,0.35174,0.25,0.10174,0
2026,local.wakefield.wakefield-rural.2026-05-07,wakefield-rural-local-wakefield-wakefield-rural-2026-05-07,Wakefield Rural,wakefield,Wakefield,,3,6028.0,0.409257,0.25,0.159257,0
2026,local.wakefield.wakefield-south.2026-05-07,wakefield-south-local-wakefield-wakefield-south-2026-05-07,Wakefield South,wakefield,Wakefield,,3,4914.333333333333,0.322729,0.25,0.072729,0
2026,local.wakefield.wakefield-west.2026-05-07,wakefield-west-local-wakefield-wakefield-west-2026-05-07,Wakefield West,wakefield,Wakefield,,3,4032.3333333333335,0.429776,0.25,0.179776,0
2026,local.wakefield.wrenthorpe-outwood-west.2026-05-07,wrenthorpe-and-outwood-west-local-wakefield-wrenthorpe-outwood-west-2026-05-07,Wrenthorpe and Outwood West,wakefield,Wakefield,,3,5344.666666666667,0.398902,0.25,0.148902,0
2026,local.walsall.aldridge-central-south.2026-05-07,aldridge-central-and-south-local-walsall-aldridge-central-south-2026-05-07,Aldridge Central and South,walsall,Walsall,,3,4469.666666666667,0.384592,0.25,0.134592,0
2026,local.walsall.aldridge-north-walsall-wood.2026-05-07,aldridge-north-and-walsall-wood-local-walsall-aldridge-north-walsall-wood-2026-05-07,Aldridge North and Walsall Wood,walsall,Walsall,,3,3869.3333333333335,0.393866,0.25,0.143866,0
2026,local.walsall.beechdale-leamore-reedswood.2026-05-07,beechdale-leamore-and-reedswood-local-walsall-beechdale-leamore-reedswood-2026-05-07,"Beechdale, Leamore and Reedswood",walsall,Walsall,,3,2489.6666666666665,0.531396,0.25,0.281396,0
2026,local.walsall.bentley-darlaston-north.2026-05-07,bentley-and-darlaston-north-local-walsall-bentley-darlaston-north-2026-05-07,Bentley and Darlaston North,walsall,Walsall,,3,2995.6666666666665,0.338155,0.25,0.088155,0
2026,local.walsall.bloxwich-east-blakenall-heath.2026-05-07,bloxwich-east-and-blakenall-heath-local-walsall-bloxwich-east-blakenall-heath-2026-05-07,Bloxwich East and Blakenall Heath,walsall,Walsall,,3,3007.0,0.500499,0.25,0.250499,0
2026,local.walsall.bloxwich-west.2026-05-07,bloxwich-west-local-walsall-bloxwich-west-2026-05-07,Bloxwich West,walsall,Walsall,,3,3376.0,0.547986,0.25,0.297986,0
2026,local.walsall.brownhills.2026-05-07,brownhills-local-walsall-brownhills-2026-05-07,Brownhills,walsall,Walsall,,3,3389.6666666666665,0.41479,0.25,0.16479,0
2026,local.walsall.darlaston-south.2026-05-07,darlaston-south-local-walsall-darlaston-south-2026-05-07,Darlaston South,walsall,Walsall,,3,2926.0,0.433698,0.25,0.183698,0
2026,local.walsall.harden-goscote-ryecroft.2026-05-07,harden-goscote-and-ryecroft-local-walsall-harden-goscote-ryecroft-2026-05-07,"Harden, Goscote and Ryecroft",walsall,Walsall,,3,2216.6666666666665,0.419098,0.25,0.169098,0
2026,local.walsall.new-invention.2026-05-07,new-invention-local-walsall-new-invention-2026-05-07,New Invention,walsall,Walsall,,3,3203.333333333333,0.441415,0.25,0.191415,0
2026,local.walsall.paddock.2026-05-07,paddock-local-walsall-paddock-2026-05-07,Paddock,walsall,Walsall,,3,4513.333333333333,0.254579,0.25,0.004579,0
2026,local.walsall.palfrey-the-delves.2026-05-07,palfrey-and-the-delves-local-walsall-palfrey-the-delves-2026-05-07,Palfrey and the Delves,walsall,Walsall,,3,4677.0,0.298054,0.25,0.048054,0
2026,local.walsall.pelsall.2026-05-07,pelsall-local-walsall-pelsall-2026-05-07,Pelsall,walsall,Walsall,,3,4285.333333333333,0.346764,0.25,0.096764,0
2026,local.walsall.pheasey-park-farm.2026-05-07,pheasey-park-farm-local-walsall-pheasey-park-farm-2026-05-07,Pheasey Park Farm,walsall,Walsall,,3,4306.0,0.372039,0.25,0.122039,0
2026,local.walsall.pleck.2026-05-07,pleck-local-walsall-pleck-2026-05-07,Pleck,walsall,Walsall,,3,3962.6666666666665,0.398974,0.25,0.148974,0
2026,local.walsall.rushall-shelfield.2026-05-07,rushall-shelfield-local-walsall-rushall-shelfield-2026-05-07,Rushall-Shelfield,walsall,Walsall,,3,3784.0,0.397992,0.25,0.147992,0
2026,local.walsall.short-heath.2026-05-07,short-heath-local-walsall-short-heath-2026-05-07,Short Heath,walsall,Walsall,,3,3584.333333333333,0.481819,0.25,0.231819,0
2026,local.walsall.st-matthews.2026-05-07,st-matthew-s-local-walsall-st-matthews-2026-05-07,St Matthew's,walsall,Walsall,,3,3125.0,0.34016,0.25,0.09016,0
2026,local.walsall.streetly.2026-05-07,streetly-local-walsall-streetly-2026-05-07,Streetly,walsall,Walsall,,3,4510.333333333333,0.382012,0.25,0.132012,0
2026,local.walsall.willenhall.2026-05-07,willenhall-local-walsall-willenhall-2026-05-07,Willenhall,walsall,Walsall,,3,2967.6666666666665,0.423565,0.25,0.173565,0
2026,local.waltham-forest.cann-hall.2026-05-07,cann-hall-local-waltham-forest-cann-hall-2026-05-07,Cann Hall,waltham-forest,Waltham Forest,,3,3768.3333333333335,0.504202,0.25,0.254202,0
2026,local.waltham-forest.cathall.2026-05-07,cathall-local-waltham-forest-cathall-2026-05-07,Cathall,waltham-forest,Waltham Forest,,2,2121.0,0.392268,0.333333,0.058934,0
2026,local.waltham-forest.chapel-end.2026-05-07,chapel-end-local-waltham-forest-chapel-end-2026-05-07,Chapel End,waltham-forest,Waltham Forest,,3,3901.0,0.447065,0.25,0.197065,0
2026,local.waltham-forest.chingford-green.2026-05-07,chingford-green-local-waltham-forest-chingford-green-2026-05-07,Chingford Green,waltham-forest,Waltham Forest,,3,4292.666666666667,0.563519,0.25,0.313519,0
2026,local.waltham-forest.endlebury.2026-05-07,endlebury-local-waltham-forest-endlebury-2026-05-07,Endlebury,waltham-forest,Waltham Forest,,2,2974.5,0.569844,0.333333,0.23651,0
2026,local.waltham-forest.forest.2026-05-07,forest-local-waltham-forest-forest-2026-05-07,Forest,waltham-forest,Waltham Forest,,3,4240.666666666667,0.549914,0.25,0.299914,0
2026,local.waltham-forest.grove-green.2026-05-07,grove-green-local-waltham-forest-grove-green-2026-05-07,Grove Green,waltham-forest,Waltham Forest,,3,4062.0,0.450025,0.25,0.200025,0
2026,local.waltham-forest.hale-end-highams-park-south.2026-05-07,hale-end-and-highams-park-south-local-waltham-forest-hale-end-highams-park-south-2026-05-07,Hale End and Highams Park South,waltham-forest,Waltham Forest,,2,3131.0,0.435963,0.333333,0.10263,0
2026,local.waltham-forest.hatch-lane-highams-park-north.2026-05-07,hatch-lane-and-highams-park-north-local-waltham-forest-hatch-lane-highams-park-north-2026-05-07,Hatch Lane and Highams Park North,waltham-forest,Waltham Forest,,3,4467.666666666667,0.378945,0.25,0.128945,0
2026,local.waltham-forest.higham-hill.2026-05-07,higham-hill-local-waltham-forest-higham-hill-2026-05-07,Higham Hill,waltham-forest,Waltham Forest,,3,3306.0,0.378403,0.25,0.128403,0
2026,local.waltham-forest.high-street.2026-05-07,high-street-local-waltham-forest-high-street-2026-05-07,High Street,waltham-forest,Waltham Forest,,3,3374.6666666666665,0.506124,0.25,0.256124,0
2026,local.waltham-forest.hoe-street.2026-05-07,hoe-street-local-waltham-forest-hoe-street-2026-05-07,Hoe Street,waltham-forest,Waltham Forest,,3,3974.3333333333335,0.448629,0.25,0.198629,0
2026,local.waltham-forest.larkswood.2026-05-07,larkswood-local-waltham-forest-larkswood-2026-05-07,Larkswood,waltham-forest,Waltham Forest,,3,3852.3333333333335,0.395604,0.25,0.145604,0
2026,local.waltham-forest.lea-bridge.2026-05-07,lea-bridge-local-waltham-forest-lea-bridge-2026-05-07,Lea Bridge,waltham-forest,Waltham Forest,,3,3710.6666666666665,0.620643,0.25,0.370643,0
2026,local.waltham-forest.leyton.2026-05-07,leyton-local-waltham-forest-leyton-2026-05-07,Leyton,waltham-forest,Waltham Forest,,3,3255.333333333333,0.509011,0.25,0.259011,0
2026,local.waltham-forest.leytonstone.2026-05-07,leytonstone-local-waltham-forest-leytonstone-2026-05-07,Leytonstone,waltham-forest,Waltham Forest,,3,3621.6666666666665,0.47133,0.25,0.22133,0
2026,local.waltham-forest.markhouse.2026-05-07,markhouse-local-waltham-forest-markhouse-2026-05-07,Markhouse,waltham-forest,Waltham Forest,,2,2658.0,0.440181,0.333333,0.106847,0
2026,local.waltham-forest.st-james.2026-05-07,st-james-local-waltham-forest-st-james-2026-05-07,St James,waltham-forest,Waltham Forest,,3,4132.333333333333,0.518835,0.25,0.268835,0
2026,local.waltham-forest.upper-walthamstow.2026-05-07,upper-walthamstow-local-waltham-forest-upper-walthamstow-2026-05-07,Upper Walthamstow,waltham-forest,Waltham Forest,,2,2507.5,0.46341,0.333333,0.130076,0
2026,local.waltham-forest.valley.2026-05-07,valley-local-waltham-forest-valley-2026-05-07,Valley,waltham-forest,Waltham Forest,,3,3886.0,0.399382,0.25,0.149382,0
2026,local.waltham-forest.william-morris.2026-05-07,william-morris-local-waltham-forest-william-morris-2026-05-07,William Morris,waltham-forest,Waltham Forest,,3,4306.333333333333,0.428903,0.25,0.178903,0
2026,local.waltham-forest.wood-street.2026-05-07,wood-street-local-waltham-forest-wood-street-2026-05-07,Wood Street,waltham-forest,Waltham Forest,,2,2995.0,0.42404,0.333333,0.090707,0
2026,local.wandsworth.balham.2026-05-07,balham-local-wandsworth-balham-2026-05-07,Balham,wandsworth,Wandsworth,,3,6481.666666666667,0.379223,0.25,0.129223,0
2026,local.wandsworth.battersea-park.2026-05-07,battersea-park-local-wandsworth-battersea-park-2026-05-07,Battersea Park,wandsworth,Wandsworth,,3,4866.666666666667,0.343767,0.25,0.093767,0
2026,local.wandsworth.east-putney.2026-05-07,east-putney-local-wandsworth-east-putney-2026-05-07,East Putney,wandsworth,Wandsworth,,3,6347.666666666667,0.355564,0.25,0.105564,0
2026,local.wandsworth.falconbrook.2026-05-07,falconbrook-local-wandsworth-falconbrook-2026-05-07,Falconbrook,wandsworth,Wandsworth,,2,2660.5,0.42586,0.333333,0.092526,0
2026,local.wandsworth.furzedown.2026-05-07,furzedown-local-wandsworth-furzedown-2026-05-07,Furzedown,wandsworth,Wandsworth,,3,5745.666666666667,0.429367,0.25,0.179367,0
2026,local.wandsworth.lavender.2026-05-07,lavender-local-wandsworth-lavender-2026-05-07,Lavender,wandsworth,Wandsworth,,2,3898.0,0.441252,0.333333,0.107919,0
2026,local.wandsworth.nine-elms.2026-05-07,nine-elms-local-wandsworth-nine-elms-2026-05-07,Nine Elms,wandsworth,Wandsworth,,2,1581.0,0.371284,0.333333,0.037951,0
2026,local.wandsworth.northcote.2026-05-07,northcote-local-wandsworth-northcote-2026-05-07,Northcote,wandsworth,Wandsworth,,2,4959.5,0.514366,0.333333,0.181033,0
2026,local.wandsworth.roehampton.2026-05-07,roehampton-local-wandsworth-roehampton-2026-05-07,Roehampton,wandsworth,Wandsworth,,3,4499.333333333333,0.392947,0.25,0.142947,0
2026,local.wandsworth.shaftesbury-queenstown.2026-05-07,shaftesbury-and-queenstown-local-wandsworth-shaftesbury-queenstown-2026-05-07,Shaftesbury and Queenstown,wandsworth,Wandsworth,,3,3657.6666666666665,0.387405,0.25,0.137405,0
2026,local.wandsworth.south-balham.2026-05-07,south-balham-local-wandsworth-south-balham-2026-05-07,South Balham,wandsworth,Wandsworth,,2,3999.0,0.404351,0.333333,0.071018,0
2026,local.wandsworth.southfields.2026-05-07,southfields-local-wandsworth-southfields-2026-05-07,Southfields,wandsworth,Wandsworth,,2,5086.5,0.346604,0.333333,0.01327,0
2026,local.wandsworth.st-marys.2026-05-07,st-mary-s-local-wandsworth-st-marys-2026-05-07,St Mary's,wandsworth,Wandsworth,,3,4987.666666666667,0.337031,0.25,0.087031,0
2026,local.wandsworth.thamesfield.2026-05-07,thamesfield-local-wandsworth-thamesfield-2026-05-07,Thamesfield,wandsworth,Wandsworth,,3,6499.666666666667,0.320478,0.25,0.070478,0
2026,local.wandsworth.tooting-bec.2026-05-07,tooting-bec-local-wandsworth-tooting-bec-2026-05-07,Tooting Bec,wandsworth,Wandsworth,,3,5492.0,0.366897,0.25,0.116897,0
2026,local.wandsworth.tooting-broadway.2026-05-07,tooting-broadway-local-wandsworth-tooting-broadway-2026-05-07,Tooting Broadway,wandsworth,Wandsworth,,3,5118.0,0.382181,0.25,0.132181,0
2026,local.wandsworth.trinity.2026-05-07,trinity-local-wandsworth-trinity-2026-05-07,Trinity,wandsworth,Wandsworth,,2,4396.0,0.374659,0.333333,0.041325,0
2026,local.wandsworth.wandle.2026-05-07,wandle-local-wandsworth-wandle-2026-05-07,Wandle,wandsworth,Wandsworth,,2,3836.0,0.373306,0.333333,0.039972,0
2026,local.wandsworth.wandsworth-common.2026-05-07,wandsworth-common-local-wandsworth-wandsworth-common-2026-05-07,Wandsworth Common,wandsworth,Wandsworth,,3,5818.666666666667,0.397514,0.25,0.147514,0
2026,local.wandsworth.wandsworth-town.2026-05-07,wandsworth-town-local-wandsworth-wandsworth-town-2026-05-07,Wandsworth Town,wandsworth,Wandsworth,,3,6171.0,0.355534,0.25,0.105534,0
2026,local.wandsworth.west-hill.2026-05-07,west-hill-local-wandsworth-west-hill-2026-05-07,West Hill,wandsworth,Wandsworth,,3,5244.666666666667,0.25054,0.25,0.00054,0
2026,local.wandsworth.west-putney.2026-05-07,west-putney-local-wandsworth-west-putney-2026-05-07,West Putney,wandsworth,Wandsworth,,3,5947.333333333333,0.395303,0.25,0.145303,0
2026,local.watford.callowland.2026-05-07,callowland-local-watford-callowland-2026-05-07,Callowland,watford,Watford,,1,2051.0,0.502194,0.5,0.002194,0
2026,local.watford.central.2026-05-07,central-local-watford-central-2026-05-07,Central,watford,Watford,,1,2285.0,0.478775,0.5,-0.021225,1
2026,local.watford.holywell.2026-05-07,holywell-local-watford-holywell-2026-05-07,Holywell,watford,Watford,,1,2486.0,0.29284,0.5,-0.20716,1
2026,local.watford.leggatts.2026-05-07,leggatts-local-watford-leggatts-2026-05-07,Leggatts,watford,Watford,,1,2138.0,0.362956,0.5,-0.137044,1
2026,local.watford.meriden.2026-05-07,meriden-local-watford-meriden-2026-05-07,Meriden,watford,Watford,,1,2018.0,0.41328,0.5,-0.08672,1
2026,local.watford.nascot.2026-05-07,nascot-local-watford-nascot-2026-05-07,Nascot,watford,Watford,,1,2708.0,0.490768,0.5,-0.009232,1
2026,local.watford.oxhey.2026-05-07,oxhey-local-watford-oxhey-2026-05-07,Oxhey,watford,Watford,,1,2418.0,0.560794,0.5,0.060794,0
2026,local.watford.park.2026-05-07,park-local-watford-park-2026-05-07,Park,watford,Watford,,1,2829.0,0.533758,0.5,0.033758,0
2026,local.watford.stanborough.2026-05-07,stanborough-local-watford-stanborough-2026-05-07,Stanborough,watford,Watford,,1,2167.0,0.436087,0.5,-0.063913,1
2026,local.watford.tudor.2026-05-07,tudor-local-watford-tudor-2026-05-07,Tudor,watford,Watford,,1,2071.0,0.458233,0.5,-0.041767,1
2026,local.watford.vicarage.2026-05-07,vicarage-local-watford-vicarage-2026-05-07,Vicarage,watford,Watford,,1,2316.0,0.385147,0.5,-0.114853,1
2026,local.watford.woodside.2026-05-07,woodside-local-watford-woodside-2026-05-07,Woodside,watford,Watford,,1,2167.0,0.438856,0.5,-0.061144,1
2026,local.welwyn-hatfield.brookmans-park-little-heath.2026-05-07,brookmans-park-and-little-heath-local-welwyn-hatfield-brookmans-park-little-heath-2026-05-07,Brookmans Park and Little Heath,welwyn-hatfield,Welwyn Hatfield,,1,2438.0,0.458983,0.5,-0.041017,1
2026,local.welwyn-hatfield.haldens.2026-05-07,haldens-local-welwyn-hatfield-haldens-2026-05-07,Haldens,welwyn-hatfield,Welwyn Hatfield,,1,2186.0,0.289113,0.5,-0.210887,1
2026,local.welwyn-hatfield.handside.2026-05-07,handside-local-welwyn-hatfield-handside-2026-05-07,Handside,welwyn-hatfield,Welwyn Hatfield,,1,2783.0,0.477902,0.5,-0.022098,1
2026,local.welwyn-hatfield.hatfield-central.2026-05-07,hatfield-central-local-welwyn-hatfield-hatfield-central-2026-05-07,Hatfield Central,welwyn-hatfield,Welwyn Hatfield,,1,1695.0,0.333333,0.5,-0.166667,1
2026,local.welwyn-hatfield.hatfield-east.2026-05-07,hatfield-east-local-welwyn-hatfield-hatfield-east-2026-05-07,Hatfield East,welwyn-hatfield,Welwyn Hatfield,,1,2208.0,0.247736,0.5,-0.252264,1
2026,local.welwyn-hatfield.hatfield-south-west.2026-05-07,hatfield-south-west-local-welwyn-hatfield-hatfield-south-west-2026-05-07,Hatfield South West,welwyn-hatfield,Welwyn Hatfield,,1,1832.0,0.325328,0.5,-0.174672,1
2026,local.welwyn-hatfield.hatfield-villages.2026-05-07,hatfield-villages-local-welwyn-hatfield-hatfield-villages-2026-05-07,Hatfield Villages,welwyn-hatfield,Welwyn Hatfield,,1,2061.0,0.301795,0.5,-0.198205,1
2026,local.welwyn-hatfield.hollybush.2026-05-07,hollybush-local-welwyn-hatfield-hollybush-2026-05-07,Hollybush,welwyn-hatfield,Welwyn Hatfield,,1,1737.0,0.331031,0.5,-0.168969,1
2026,local.welwyn-hatfield.howlands.2026-05-07,howlands-local-welwyn-hatfield-howlands-2026-05-07,Howlands,welwyn-hatfield,Welwyn Hatfield,,1,2148.0,0.35568,0.5,-0.14432,1
2026,local.welwyn-hatfield.northaw-cuffley.2026-05-07,northaw-and-cuffley-local-welwyn-hatfield-northaw-cuffley-2026-05-07,Northaw and Cuffley,welwyn-hatfield,Welwyn Hatfield,,1,2237.0,0.525257,0.5,0.025257,0
2026,local.welwyn-hatfield.panshanger.2026-05-07,panshanger-local-welwyn-hatfield-panshanger-2026-05-07,Panshanger,welwyn-hatfield,Welwyn Hatfield,,1,1916.0,0.341858,0.5,-0.158142,1
2026,local.welwyn-hatfield.peartree.2026-05-07,peartree-local-welwyn-hatfield-peartree-2026-05-07,Peartree,welwyn-hatfield,Welwyn Hatfield,,1,1755.0,0.39943,0.5,-0.10057,1
2026,local.welwyn-hatfield.sherrards.2026-05-07,sherrards-local-welwyn-hatfield-sherrards-2026-05-07,Sherrards,welwyn-hatfield,Welwyn Hatfield,,1,2244.0,0.442959,0.5,-0.057041,1
2026,local.welwyn-hatfield.welham-green-hatfield-south.2026-05-07,welham-green-and-hatfield-south-local-welwyn-hatfield-welham-green-hatfield-south-2026-05-07,Welham Green and Hatfield South,welwyn-hatfield,Welwyn Hatfield,,1,2055.0,0.33674,0.5,-0.16326,1
2026,local.welwyn-hatfield.welwyn-east.2026-05-07,welwyn-east-local-welwyn-hatfield-welwyn-east-2026-05-07,Welwyn East,welwyn-hatfield,Welwyn Hatfield,,2,2348.0,0.335605,0.333333,0.002271,0
2026,local.welwyn-hatfield.welwyn-west.2026-05-07,welwyn-west-local-welwyn-hatfield-welwyn-west-2026-05-07,Welwyn West,welwyn-hatfield,Welwyn Hatfield,,1,2401.0,0.411079,0.5,-0.088921,1
2026,local.west-lancashire.aughton-holborn.2026-05-07,aughton-and-holborn-local-west-lancashire-aughton-holborn-2026-05-07,Aughton and Holborn,west-lancashire,West Lancashire,,1,2946.0,0.394433,0.5,-0.105567,1
2026,local.west-lancashire.burscough-bridge-rufford.2026-05-07,burscough-bridge-and-rufford-local-west-lancashire-burscough-bridge-rufford-2026-05-07,Burscough Bridge and Rufford,west-lancashire,West Lancashire,,1,2872.0,0.287953,0.5,-0.212047,1
2026,local.west-lancashire.burscough-town.2026-05-07,burscough-town-local-west-lancashire-burscough-town-2026-05-07,Burscough Town,west-lancashire,West Lancashire,,1,2328.0,0.402921,0.5,-0.097079,1
2026,local.west-lancashire.north-meols-hesketh-bank.2026-05-07,north-meols-and-hesketh-bank-local-west-lancashire-north-meols-hesketh-bank-2026-05-07,North Meols and Hesketh Bank,west-lancashire,West Lancashire,,1,2517.0,0.518077,0.5,0.018077,0
2026,local.west-lancashire.old-skelmersdale.2026-05-07,old-skelmersdale-local-west-lancashire-old-skelmersdale-2026-05-07,Old Skelmersdale,west-lancashire,West Lancashire,,1,2061.0,0.428433,0.5,-0.071567,1
2026,local.west-lancashire.ormskirk-east.2026-05-07,ormskirk-east-local-west-lancashire-ormskirk-east-2026-05-07,Ormskirk East,west-lancashire,West Lancashire,,1,2679.0,0.429638,0.5,-0.070362,1
2026,local.west-lancashire.ormskirk-west.2026-05-07,ormskirk-west-local-west-lancashire-ormskirk-west-2026-05-07,Ormskirk West,west-lancashire,West Lancashire,,1,2601.0,0.424837,0.5,-0.075163,1
2026,local.west-lancashire.rural-north-east.2026-05-07,rural-north-east-local-west-lancashire-rural-north-east-2026-05-07,Rural North East,west-lancashire,West Lancashire,,1,3053.0,0.358009,0.5,-0.141991,1
2026,local.west-lancashire.rural-south.2026-05-07,rural-south-local-west-lancashire-rural-south-2026-05-07,Rural South,west-lancashire,West Lancashire,,1,2073.0,0.406175,0.5,-0.093825,1
2026,local.west-lancashire.rural-west.2026-05-07,rural-west-local-west-lancashire-rural-west-2026-05-07,Rural West,west-lancashire,West Lancashire,,1,2551.0,0.466876,0.5,-0.033124,1
2026,local.west-lancashire.skelmersdale-north.2026-05-07,skelmersdale-north-local-west-lancashire-skelmersdale-north-2026-05-07,Skelmersdale North,west-lancashire,West Lancashire,,1,2012.0,0.387674,0.5,-0.112326,1
2026,local.west-lancashire.skelmersdale-south.2026-05-07,skelmersdale-south-local-west-lancashire-skelmersdale-south-2026-05-07,Skelmersdale South,west-lancashire,West Lancashire,,1,1705.0,0.340762,0.5,-0.159238,1
2026,local.west-lancashire.tanhouse-skelmersdale-town-centre.2026-05-07,tanhouse-and-skelmersdale-town-centre-local-west-lancashire-tanhouse-skelmersdale-town-centre-2026-05-07,Tanhouse and Skelmersdale Town Centre,west-lancashire,West Lancashire,,1,1703.0,0.418673,0.5,-0.081327,1
2026,local.west-lancashire.tarleton-village.2026-05-07,tarleton-village-local-west-lancashire-tarleton-village-2026-05-07,Tarleton Village,west-lancashire,West Lancashire,,1,2712.0,0.455752,0.5,-0.044248,1
2026,local.west-lancashire.up-holland.2026-05-07,up-holland-local-west-lancashire-up-holland-2026-05-07,Up Holland,west-lancashire,West Lancashire,,1,2567.0,0.400467,0.5,-0.099533,1
2026,local.westminster.abbey-road.2026-05-07,abbey-road-local-westminster-abbey-road-2026-05-07,Abbey Road,westminster,Westminster,,3,2851.6666666666665,0.449562,0.25,0.199562,0
2026,local.westminster.bayswater.2026-05-07,bayswater-local-westminster-bayswater-2026-05-07,Bayswater,westminster,Westminster,,3,2596.333333333333,0.362819,0.25,0.112819,0
2026,local.westminster.church-street.2026-05-07,church-street-local-westminster-church-street-2026-05-07,Church Street,westminster,Westminster,,3,2002.6666666666667,0.413948,0.25,0.163948,0
2026,local.westminster.harrow-road.2026-05-07,harrow-road-local-westminster-harrow-road-2026-05-07,Harrow Road,westminster,Westminster,,3,2440.6666666666665,0.372439,0.25,0.122439,0
2026,local.westminster.hyde-park.2026-05-07,hyde-park-local-westminster-hyde-park-2026-05-07,Hyde Park,westminster,Westminster,,3,2006.6666666666667,0.398671,0.25,0.148671,0
2026,local.westminster.knightsbridge-belgravia.2026-05-07,knightsbridge-and-belgravia-local-westminster-knightsbridge-belgravia-2026-05-07,Knightsbridge and Belgravia,westminster,Westminster,,3,2106.333333333333,0.517962,0.25,0.267962,0
2026,local.westminster.lancaster-gate.2026-05-07,lancaster-gate-local-westminster-lancaster-gate-2026-05-07,Lancaster Gate,westminster,Westminster,,3,2464.6666666666665,0.349743,0.25,0.099743,0
2026,local.westminster.little-venice.2026-05-07,little-venice-local-westminster-little-venice-2026-05-07,Little Venice,westminster,Westminster,,3,2687.0,0.398586,0.25,0.148586,0
2026,local.westminster.maida-vale.2026-05-07,maida-vale-local-westminster-maida-vale-2026-05-07,Maida Vale,westminster,Westminster,,3,2415.6666666666665,0.366358,0.25,0.116358,0
2026,local.westminster.marylebone.2026-05-07,marylebone-local-westminster-marylebone-2026-05-07,Marylebone,westminster,Westminster,,3,2709.0,0.432263,0.25,0.182263,0
2026,local.westminster.pimlico-north.2026-05-07,pimlico-north-local-westminster-pimlico-north-2026-05-07,Pimlico North,westminster,Westminster,,3,2886.6666666666665,0.413279,0.25,0.163279,0
2026,local.westminster.pimlico-south.2026-05-07,pimlico-south-local-westminster-pimlico-south-2026-05-07,Pimlico South,westminster,Westminster,,3,3058.6666666666665,0.35146,0.25,0.10146,0
2026,local.westminster.queens-park.2026-05-07,queen-s-park-local-westminster-queens-park-2026-05-07,Queen's Park,westminster,Westminster,,3,2648.6666666666665,0.390385,0.25,0.140385,0
2026,local.westminster.regents-park.2026-05-07,regent-s-park-local-westminster-regents-park-2026-05-07,Regent's Park,westminster,Westminster,,3,2549.333333333333,0.473849,0.25,0.223849,0
2026,local.westminster.st-jamess.2026-05-07,st-james-s-local-westminster-st-jamess-2026-05-07,St James's,westminster,Westminster,,3,2236.6666666666665,0.435469,0.25,0.185469,0
2026,local.westminster.vincent-square.2026-05-07,vincent-square-local-westminster-vincent-square-2026-05-07,Vincent Square,westminster,Westminster,,3,2895.0,0.458031,0.25,0.208031,0
2026,local.westminster.westbourne.2026-05-07,westbourne-local-westminster-westbourne-2026-05-07,Westbourne,westminster,Westminster,,3,2428.333333333333,0.424983,0.25,0.174983,0
2026,local.westminster.west-end.2026-05-07,west-end-local-westminster-west-end-2026-05-07,West End,westminster,Westminster,,3,2289.333333333333,0.374345,0.25,0.124345,0
2026,local.west-oxfordshire.ascott-and-shipton.2026-05-07,ascott-and-shipton-local-west-oxfordshire-ascott-and-shipton-2026-05-07,Ascott and Shipton,west-oxfordshire,West Oxfordshire,,1,967.0,0.459152,0.5,-0.040848,1
2026,local.west-oxfordshire.bampton-and-clanfield.2026-05-07,bampton-and-clanfield-local-west-oxfordshire-bampton-and-clanfield-2026-05-07,Bampton and Clanfield,west-oxfordshire,West Oxfordshire,,1,1762.0,0.400681,0.5,-0.099319,1
2026,local.west-oxfordshire.brize-norton-and-shilton.2026-05-07,brize-norton-and-shilton-local-west-oxfordshire-brize-norton-and-shilton-2026-05-07,Brize Norton and Shilton,west-oxfordshire,West Oxfordshire,,1,1124.0,0.298043,0.5,-0.201957,1
2026,local.west-oxfordshire.burford.2026-05-07,burford-local-west-oxfordshire-burford-2026-05-07,Burford,west-oxfordshire,West Oxfordshire,,1,936.0,0.395299,0.5,-0.104701,1
2026,local.west-oxfordshire.carterton-north-east.2026-05-07,carterton-north-east-local-west-oxfordshire-carterton-north-east-2026-05-07,Carterton North East,west-oxfordshire,West Oxfordshire,,1,1500.0,0.412667,0.5,-0.087333,1
2026,local.west-oxfordshire.carterton-north-west.2026-05-07,carterton-north-west-local-west-oxfordshire-carterton-north-west-2026-05-07,Carterton North West,west-oxfordshire,West Oxfordshire,,1,1565.0,0.383387,0.5,-0.116613,1
2026,local.west-oxfordshire.carterton-south.2026-05-07,carterton-south-local-west-oxfordshire-carterton-south-2026-05-07,Carterton South,west-oxfordshire,West Oxfordshire,,1,1382.0,0.374819,0.5,-0.125181,1
2026,local.west-oxfordshire.chipping-norton.2026-05-07,chipping-norton-local-west-oxfordshire-chipping-norton-2026-05-07,Chipping Norton,west-oxfordshire,West Oxfordshire,,1,2478.0,0.300646,0.5,-0.199354,1
2026,local.west-oxfordshire.ducklington.2026-05-07,ducklington-local-west-oxfordshire-ducklington-2026-05-07,Ducklington,west-oxfordshire,West Oxfordshire,,1,1121.0,0.419269,0.5,-0.080731,1
2026,local.west-oxfordshire.eynsham-and-cassington.2026-05-07,eynsham-and-cassington-local-west-oxfordshire-eynsham-and-cassington-2026-05-07,Eynsham and Cassington,west-oxfordshire,West Oxfordshire,,1,2488.0,0.46463,0.5,-0.03537,1
2026,local.west-oxfordshire.freeland-and-hanborough.2026-05-07,freeland-and-hanborough-local-west-oxfordshire-freeland-and-hanborough-2026-05-07,Freeland and Hanborough,west-oxfordshire,West Oxfordshire,,1,2035.0,0.397052,0.5,-0.102948,1
2026,local.west-oxfordshire.standlake-aston-and-stanton-harcourt.2026-05-07,standlake-aston-and-stanton-harcourt-local-west-oxfordshire-standlake-aston-and-stanton-harcourt-2026-05-07,"Standlake, Aston and Stanton Harcourt",west-oxfordshire,West Oxfordshire,,1,1971.0,0.497717,0.5,-0.002283,1
2026,local.west-oxfordshire.the-bartons.2026-05-07,the-bartons-local-west-oxfordshire-the-bartons-2026-05-07,The Bartons,west-oxfordshire,West Oxfordshire,,1,830.0,0.524096,0.5,0.024096,0
2026,local.west-oxfordshire.witney-east.2026-05-07,witney-east-local-west-oxfordshire-witney-east-2026-05-07,Witney East,west-oxfordshire,West Oxfordshire,,1,2806.0,0.348539,0.5,-0.151461,1
2026,local.west-oxfordshire.witney-south.2026-05-07,witney-south-local-west-oxfordshire-witney-south-2026-05-07,Witney South,west-oxfordshire,West Oxfordshire,,1,2042.0,0.322233,0.5,-0.177767,1
2026,local.west-oxfordshire.woodstock-and-bladon.2026-05-07,woodstock-and-bladon-local-west-oxfordshire-woodstock-and-bladon-2026-05-07,Woodstock and Bladon,west-oxfordshire,West Oxfordshire,,1,1843.0,0.418882,0.5,-0.081118,1
2026,local.west-surrey.addlestone.2026-05-07,addlestone-local-west-surrey-addlestone-2026-05-07,Addlestone,west-surrey,West Surrey,,2,3749.0,0.318752,0.333333,-0.014582,1
2026,local.west-surrey.ash.2026-05-07,ash-local-west-surrey-ash-2026-05-07,Ash,west-surrey,West Surrey,,2,4968.0,0.363325,0.333333,0.029992,0
2026,local.west-surrey.ashford.2026-05-07,ashford-local-west-surrey-ashford-2026-05-07,Ashford,west-surrey,West Surrey,,2,5012.0,0.292298,0.333333,-0.041035,1
2026,local.west-surrey.bagshot-windlesham-chobham.2026-05-07,bagshot-windlesham-and-chobham-local-west-surrey-bagshot-windlesham-chobham-2026-05-07,"Bagshot, Windlesham and Chobham",west-surrey,West Surrey,,2,5020.0,0.417729,0.333333,0.084396,0
2026,local.west-surrey.camberley-east.2026-05-07,camberley-east-local-west-surrey-camberley-east-2026-05-07,Camberley East,west-surrey,West Surrey,,2,4870.5,0.32933,0.333333,-0.004004,1
2026,local.west-surrey.camberley-west-frimley.2026-05-07,camberley-west-and-frimley-local-west-surrey-camberley-west-frimley-2026-05-07,Camberley West and Frimley,west-surrey,West Surrey,,2,3697.0,0.432513,0.333333,0.09918,0
2026,local.west-surrey.chertsey.2026-05-07,chertsey-local-west-surrey-chertsey-2026-05-07,Chertsey,west-surrey,West Surrey,,2,4116.0,0.316569,0.333333,-0.016764,1
2026,local.west-surrey.cranleigh-ewhurst.2026-05-07,cranleigh-and-ewhurst-local-west-surrey-cranleigh-ewhurst-2026-05-07,Cranleigh and Ewhurst,west-surrey,West Surrey,,2,6309.5,0.424915,0.333333,0.091581,0
2026,local.west-surrey.egham.2026-05-07,egham-local-west-surrey-egham-2026-05-07,Egham,west-surrey,West Surrey,,2,3980.0,0.254774,0.333333,-0.078559,1
2026,local.west-surrey.englefield-green-virginia-water.2026-05-07,englefield-green-and-virginia-water-local-west-surrey-englefield-green-virginia-water-2026-05-07,Englefield Green and Virginia Water,west-surrey,West Surrey,,2,3894.0,0.432203,0.333333,0.09887,0
2026,local.west-surrey.farnham-central.2026-05-07,farnham-central-local-west-surrey-farnham-central-2026-05-07,Farnham Central,west-surrey,West Surrey,,2,4841.0,0.311712,0.333333,-0.021621,1
2026,local.west-surrey.farnham-north.2026-05-07,farnham-north-local-west-surrey-farnham-north-2026-05-07,Farnham North,west-surrey,West Surrey,,2,4623.0,0.365563,0.333333,0.03223,0
2026,local.west-surrey.farnham-south.2026-05-07,farnham-south-local-west-surrey-farnham-south-2026-05-07,Farnham South,west-surrey,West Surrey,,2,4755.5,0.274419,0.333333,-0.058914,1
2026,local.west-surrey.frimley-green-mytchett.2026-05-07,frimley-green-and-mytchett-local-west-surrey-frimley-green-mytchett-2026-05-07,Frimley Green and Mytchett,west-surrey,West Surrey,,2,5178.0,0.369061,0.333333,0.035728,0
2026,local.west-surrey.godalming-north.2026-05-07,godalming-north-local-west-surrey-godalming-north-2026-05-07,Godalming North,west-surrey,West Surrey,,2,5822.5,0.393474,0.333333,0.06014,0
2026,local.west-surrey.godalming-south-milford-witley.2026-05-07,godalming-south-milford-and-witley-local-west-surrey-godalming-south-milford-witley-2026-05-07,"Godalming South, Milford and Witley",west-surrey,West Surrey,,2,5803.0,0.394106,0.333333,0.060773,0
2026,local.west-surrey.goldsworth-east-horsell-village.2026-05-07,goldsworth-east-and-horsell-village-local-west-surrey-goldsworth-east-horsell-village-2026-05-07,Goldsworth East and Horsell Village,west-surrey,West Surrey,,2,4821.0,0.569591,0.333333,0.236258,0
2026,local.west-surrey.guildford-east.2026-05-07,guildford-east-local-west-surrey-guildford-east-2026-05-07,Guildford East,west-surrey,West Surrey,,2,5262.5,0.48285,0.333333,0.149517,0
2026,local.west-surrey.guildford-north.2026-05-07,guildford-north-local-west-surrey-guildford-north-2026-05-07,Guildford North,west-surrey,West Surrey,,2,3905.5,0.407118,0.333333,0.073785,0
2026,local.west-surrey.guildford-south-east.2026-05-07,guildford-south-east-local-west-surrey-guildford-south-east-2026-05-07,Guildford South East,west-surrey,West Surrey,,2,4825.5,0.463372,0.333333,0.130038,0
2026,local.west-surrey.guildford-south-west.2026-05-07,guildford-south-west-local-west-surrey-guildford-south-west-2026-05-07,Guildford South West,west-surrey,West Surrey,,2,4555.5,0.436615,0.333333,0.103282,0
2026,local.west-surrey.guildford-west.2026-05-07,guildford-west-local-west-surrey-guildford-west-2026-05-07,Guildford West,west-surrey,West Surrey,,2,3521.5,0.348431,0.333333,0.015098,0
2026,local.west-surrey.haslemere.2026-05-07,haslemere-local-west-surrey-haslemere-2026-05-07,Haslemere,west-surrey,West Surrey,,2,4897.0,0.370431,0.333333,0.037098,0
2026,local.west-surrey.heatherside-parkside.2026-05-07,heatherside-and-parkside-local-west-surrey-heatherside-parkside-2026-05-07,Heatherside and Parkside,west-surrey,West Surrey,,2,5618.5,0.496752,0.333333,0.163418,0
2026,local.west-surrey.horsleys.2026-05-07,horsleys-local-west-surrey-horsleys-2026-05-07,Horsleys,west-surrey,West Surrey,,2,5272.0,0.274279,0.333333,-0.059054,1
2026,local.west-surrey.knaphill-goldsworth-west.2026-05-07,knaphill-and-goldsworth-west-local-west-surrey-knaphill-goldsworth-west-2026-05-07,Knaphill and Goldsworth West,west-surrey,West Surrey,,2,4854.5,0.451128,0.333333,0.117794,0
2026,local.west-surrey.laleham-shepperton.2026-05-07,laleham-and-shepperton-local-west-surrey-laleham-shepperton-2026-05-07,Laleham and Shepperton,west-surrey,West Surrey,,2,5365.5,0.381325,0.333333,0.047992,0
2026,local.west-surrey.lightwater-west-end-bisley.2026-05-07,lightwater-west-end-and-bisley-local-west-surrey-lightwater-west-end-bisley-2026-05-07,"Lightwater, West End and Bisley",west-surrey,West Surrey,,2,5673.0,0.400141,0.333333,0.066808,0
2026,local.west-surrey.lower-sunbury-halliford.2026-05-07,lower-sunbury-and-halliford-local-west-surrey-lower-sunbury-halliford-2026-05-07,Lower Sunbury and Halliford,west-surrey,West Surrey,,2,5061.5,0.332313,0.333333,-0.001021,1
2026,local.west-surrey.shalford.2026-05-07,shalford-local-west-surrey-shalford-2026-05-07,Shalford,west-surrey,West Surrey,,2,4743.0,0.398271,0.333333,0.064938,0
2026,local.west-surrey.shere.2026-05-07,shere-local-west-surrey-shere-2026-05-07,Shere,west-surrey,West Surrey,,2,5032.0,0.423291,0.333333,0.089958,0
2026,local.west-surrey.staines.2026-05-07,staines-local-west-surrey-staines-2026-05-07,Staines,west-surrey,West Surrey,,2,4914.0,0.333944,0.333333,0.000611,0
2026,local.west-surrey.staines-south-ashford-west.2026-05-07,staines-south-and-ashford-west-local-west-surrey-staines-south-ashford-west-2026-05-07,Staines South and Ashford West,west-surrey,West Surrey,,2,4810.5,0.301008,0.333333,-0.032325,1
2026,local.west-surrey.stanwell-stanwell-moor-ashford-north.2026-05-07,stanwell-stanwell-moor-and-ashford-north-local-west-surrey-stanwell-stanwell-moor-ashford-north-2026-05-07,"Stanwell, Stanwell Moor and Ashford North",west-surrey,West Surrey,,2,3656.5,0.390264,0.333333,0.056931,0
2026,local.west-surrey.sunbury-common-ashford-common.2026-05-07,sunbury-common-and-ashford-common-local-west-surrey-sunbury-common-ashford-common-2026-05-07,Sunbury Common and Ashford Common,west-surrey,West Surrey,,2,4452.0,0.320755,0.333333,-0.012579,1
2026,local.west-surrey.the-byfleets.2026-05-07,the-byfleets-local-west-surrey-the-byfleets-2026-05-07,The Byfleets,west-surrey,West Surrey,,2,4562.5,0.318466,0.333333,-0.014868,1
2026,local.west-surrey.thorpe-longcross-ottershaw.2026-05-07,thorpe-longcross-and-ottershaw-local-west-surrey-thorpe-longcross-ottershaw-2026-05-07,"Thorpe, Longcross and Ottershaw",west-surrey,West Surrey,,2,5187.0,0.312898,0.333333,-0.020436,1
2026,local.west-surrey.waverley-eastern-villages.2026-05-07,waverley-eastern-villages-local-west-surrey-waverley-eastern-villages-2026-05-07,Waverley Eastern Villages,west-surrey,West Surrey,,2,5786.0,0.5,0.333333,0.166667,0
2026,local.west-surrey.waverley-western-villages.2026-05-07,waverley-western-villages-local-west-surrey-waverley-western-villages-2026-05-07,Waverley Western Villages,west-surrey,West Surrey,,2,5390.0,0.360111,0.333333,0.026778,0
2026,local.west-surrey.woking-north.2026-05-07,woking-north-local-west-surrey-woking-north-2026-05-07,Woking North,west-surrey,West Surrey,,2,4817.0,0.461283,0.333333,0.12795,0
2026,local.west-surrey.woking-south.2026-05-07,woking-south-local-west-surrey-woking-south-2026-05-07,Woking South,west-surrey,West Surrey,,2,4302.5,0.576409,0.333333,0.243076,0
2026,local.west-surrey.woking-south-east.2026-05-07,woking-south-east-local-west-surrey-woking-south-east-2026-05-07,Woking South East,west-surrey,West Surrey,,2,4817.0,0.563214,0.333333,0.22988,0
2026,local.west-surrey.woking-south-west.2026-05-07,woking-south-west-local-west-surrey-woking-south-west-2026-05-07,Woking South West,west-surrey,West Surrey,,2,5424.5,0.477095,0.333333,0.143761,0
2026,local.west-surrey.woodham-new-haw.2026-05-07,woodham-and-new-haw-local-west-surrey-woodham-new-haw-2026-05-07,Woodham and New Haw,west-surrey,West Surrey,,2,5056.5,0.354395,0.333333,0.021062,0
2026,local.west-surrey.worplesdon.2026-05-07,worplesdon-local-west-surrey-worplesdon-2026-05-07,Worplesdon,west-surrey,West Surrey,,2,4687.0,0.363772,0.333333,0.030439,0
2026,local.west-sussex.angmering-findon.2026-05-07,angmering-and-findon-local-west-sussex-angmering-findon-2026-05-07,Angmering and Findon,west-sussex,West Sussex,,1,4860.0,0.340123,0.5,-0.159877,1
2026,local.west-sussex.arundel-courtwick.2026-05-07,arundel-and-courtwick-local-west-sussex-arundel-courtwick-2026-05-07,Arundel and Courtwick,west-sussex,West Sussex,,1,3623.0,0.313552,0.5,-0.186448,1
2026,local.west-sussex.bersted.2026-05-07,bersted-local-west-sussex-bersted-2026-05-07,Bersted,west-sussex,West Sussex,,1,3934.0,0.457804,0.5,-0.042196,1
2026,local.west-sussex.bewbush-ifield-west.2026-05-07,bewbush-and-ifield-west-local-west-sussex-bewbush-ifield-west-2026-05-07,Bewbush and Ifield West,west-sussex,West Sussex,,1,3438.0,0.361257,0.5,-0.138743,1
2026,local.west-sussex.billingshurst.2026-05-07,billingshurst-local-west-sussex-billingshurst-2026-05-07,Billingshurst,west-sussex,West Sussex,,1,5159.0,0.334367,0.5,-0.165633,1
2026,local.west-sussex.bognor-regis-east.2026-05-07,bognor-regis-east-local-west-sussex-bognor-regis-east-2026-05-07,Bognor Regis East,west-sussex,West Sussex,,1,3198.0,0.401501,0.5,-0.098499,1
2026,local.west-sussex.bognor-regis-west-aldwick.2026-05-07,bognor-regis-west-and-aldwick-local-west-sussex-bognor-regis-west-aldwick-2026-05-07,Bognor Regis West and Aldwick,west-sussex,West Sussex,,1,4251.0,0.369795,0.5,-0.130205,1
2026,local.west-sussex.bourne.2026-05-07,bourne-local-west-sussex-bourne-2026-05-07,Bourne,west-sussex,West Sussex,,1,5052.0,0.491884,0.5,-0.008116,1
2026,local.west-sussex.bramber-castle.2026-05-07,bramber-castle-local-west-sussex-bramber-castle-2026-05-07,Bramber Castle,west-sussex,West Sussex,,1,4855.0,0.36828,0.5,-0.13172,1
2026,local.west-sussex.broadbridge.2026-05-07,broadbridge-local-west-sussex-broadbridge-2026-05-07,Broadbridge,west-sussex,West Sussex,,1,4934.0,0.390961,0.5,-0.109039,1
2026,local.west-sussex.broadfield.2026-05-07,broadfield-local-west-sussex-broadfield-2026-05-07,Broadfield,west-sussex,West Sussex,,1,3407.0,0.335486,0.5,-0.164514,1
2026,local.west-sussex.broadwater.2026-05-07,broadwater-local-west-sussex-broadwater-2026-05-07,Broadwater,west-sussex,West Sussex,,1,4642.0,0.350495,0.5,-0.149505,1
2026,local.west-sussex.burgess-hill-east.2026-05-07,burgess-hill-east-local-west-sussex-burgess-hill-east-2026-05-07,Burgess Hill East,west-sussex,West Sussex,,1,4971.0,0.386039,0.5,-0.113961,1
2026,local.west-sussex.burgess-hill-north.2026-05-07,burgess-hill-north-local-west-sussex-burgess-hill-north-2026-05-07,Burgess Hill North,west-sussex,West Sussex,,1,4656.0,0.344287,0.5,-0.155713,1
2026,local.west-sussex.chichester-east.2026-05-07,chichester-east-local-west-sussex-chichester-east-2026-05-07,Chichester East,west-sussex,West Sussex,,1,4224.0,0.454072,0.5,-0.045928,1
2026,local.west-sussex.chichester-north.2026-05-07,chichester-north-local-west-sussex-chichester-north-2026-05-07,Chichester North,west-sussex,West Sussex,,1,5356.0,0.454817,0.5,-0.045183,1
2026,local.west-sussex.chichester-south.2026-05-07,chichester-south-local-west-sussex-chichester-south-2026-05-07,Chichester South,west-sussex,West Sussex,,1,4643.0,0.445617,0.5,-0.054383,1
2026,local.west-sussex.chichester-west.2026-05-07,chichester-west-local-west-sussex-chichester-west-2026-05-07,Chichester West,west-sussex,West Sussex,,1,5415.0,0.573592,0.5,0.073592,0
2026,local.west-sussex.cissbury.2026-05-07,cissbury-local-west-sussex-cissbury-2026-05-07,Cissbury,west-sussex,West Sussex,,1,4820.0,0.327178,0.5,-0.172822,1
2026,local.west-sussex.cuckfield-lucastes.2026-05-07,cuckfield-and-lucastes-local-west-sussex-cuckfield-lucastes-2026-05-07,Cuckfield and Lucastes,west-sussex,West Sussex,,1,5164.0,0.452169,0.5,-0.047831,1
2026,local.west-sussex.durrington-salvington.2026-05-07,durrington-and-salvington-local-west-sussex-durrington-salvington-2026-05-07,Durrington and Salvington,west-sussex,West Sussex,,1,4388.0,0.382862,0.5,-0.117138,1
2026,local.west-sussex.east-grinstead-meridian.2026-05-07,east-grinstead-meridian-local-west-sussex-east-grinstead-meridian-2026-05-07,East Grinstead Meridian,west-sussex,West Sussex,,1,3975.0,0.313962,0.5,-0.186038,1
2026,local.west-sussex.east-grinstead-south-ashurst-wood.2026-05-07,east-grinstead-south-and-ashurst-wood-local-west-sussex-east-grinstead-south-ashurst-wood-2026-05-07,East Grinstead South and Ashurst Wood,west-sussex,West Sussex,,1,4485.0,0.426087,0.5,-0.073913,1
2026,local.west-sussex.east-preston-ferring.2026-05-07,east-preston-and-ferring-local-west-sussex-east-preston-ferring-2026-05-07,East Preston and Ferring,west-sussex,West Sussex,,1,5760.0,0.390799,0.5,-0.109201,1
2026,local.west-sussex.felpham.2026-05-07,felpham-local-west-sussex-felpham-2026-05-07,Felpham,west-sussex,West Sussex,,1,4292.0,0.372321,0.5,-0.127679,1
2026,local.west-sussex.fontwell.2026-05-07,fontwell-local-west-sussex-fontwell-2026-05-07,Fontwell,west-sussex,West Sussex,,1,5570.0,0.337702,0.5,-0.162298,1
2026,local.west-sussex.goring.2026-05-07,goring-local-west-sussex-goring-2026-05-07,Goring,west-sussex,West Sussex,,1,4976.0,0.345257,0.5,-0.154743,1
2026,local.west-sussex.hassocks-burgess-hill-south.2026-05-07,hassocks-and-burgess-hill-south-local-west-sussex-hassocks-burgess-hill-south-2026-05-07,Hassocks and Burgess Hill South,west-sussex,West Sussex,,1,5406.0,0.556604,0.5,0.056604,0
2026,local.west-sussex.haywards-heath-east.2026-05-07,haywards-heath-east-local-west-sussex-haywards-heath-east-2026-05-07,Haywards Heath East,west-sussex,West Sussex,,1,3953.0,0.442702,0.5,-0.057298,1
2026,local.west-sussex.haywards-heath-town.2026-05-07,haywards-heath-town-local-west-sussex-haywards-heath-town-2026-05-07,Haywards Heath Town,west-sussex,West Sussex,,1,4447.0,0.424781,0.5,-0.075219,1
2026,local.west-sussex.henfield.2026-05-07,henfield-local-west-sussex-henfield-2026-05-07,Henfield,west-sussex,West Sussex,,1,4632.0,0.287781,0.5,-0.212219,1
2026,local.west-sussex.holbrook.2026-05-07,holbrook-local-west-sussex-holbrook-2026-05-07,Holbrook,west-sussex,West Sussex,,1,4582.0,0.469664,0.5,-0.030336,1
2026,local.west-sussex.horsham-east.2026-05-07,horsham-east-local-west-sussex-horsham-east-2026-05-07,Horsham East,west-sussex,West Sussex,,1,4214.0,0.491457,0.5,-0.008543,1
2026,local.west-sussex.horsham-hurst.2026-05-07,horsham-hurst-local-west-sussex-horsham-hurst-2026-05-07,Horsham Hurst,west-sussex,West Sussex,,1,4580.0,0.591266,0.5,0.091266,0
2026,local.west-sussex.horsham-riverside.2026-05-07,horsham-riverside-local-west-sussex-horsham-riverside-2026-05-07,Horsham Riverside,west-sussex,West Sussex,,1,4143.0,0.488535,0.5,-0.011465,1
2026,local.west-sussex.hurstpierpoint-bolney.2026-05-07,hurstpierpoint-and-bolney-local-west-sussex-hurstpierpoint-bolney-2026-05-07,Hurstpierpoint and Bolney,west-sussex,West Sussex,,1,5190.0,0.358767,0.5,-0.141233,1
2026,local.west-sussex.imberdown.2026-05-07,imberdown-local-west-sussex-imberdown-2026-05-07,Imberdown,west-sussex,West Sussex,,1,4556.0,0.312774,0.5,-0.187226,1
2026,local.west-sussex.lancing.2026-05-07,lancing-local-west-sussex-lancing-2026-05-07,Lancing,west-sussex,West Sussex,,1,4546.0,0.367576,0.5,-0.132424,1
2026,local.west-sussex.langley-green-ifield-east.2026-05-07,langley-green-and-ifield-east-local-west-sussex-langley-green-ifield-east-2026-05-07,Langley Green and Ifield East,west-sussex,West Sussex,,1,3999.0,0.341085,0.5,-0.158915,1
2026,local.west-sussex.lindfield-high-weald.2026-05-07,lindfield-and-high-weald-local-west-sussex-lindfield-high-weald-2026-05-07,Lindfield and High Weald,west-sussex,West Sussex,,1,5657.0,0.393141,0.5,-0.106859,1
2026,local.west-sussex.littlehampton-east.2026-05-07,littlehampton-east-local-west-sussex-littlehampton-east-2026-05-07,Littlehampton East,west-sussex,West Sussex,,1,4297.0,0.336979,0.5,-0.163021,1
2026,local.west-sussex.littlehampton-town.2026-05-07,littlehampton-town-local-west-sussex-littlehampton-town-2026-05-07,Littlehampton Town,west-sussex,West Sussex,,1,3830.0,0.339164,0.5,-0.160836,1
2026,local.west-sussex.maidenbower-worth.2026-05-07,maidenbower-and-worth-local-west-sussex-maidenbower-worth-2026-05-07,Maidenbower and Worth,west-sussex,West Sussex,,1,4411.0,0.326683,0.5,-0.173317,1
2026,local.west-sussex.middleton.2026-05-07,middleton-local-west-sussex-middleton-2026-05-07,Middleton,west-sussex,West Sussex,,1,4617.0,0.373186,0.5,-0.126814,1
2026,local.west-sussex.midhurst.2026-05-07,midhurst-local-west-sussex-midhurst-2026-05-07,Midhurst,west-sussex,West Sussex,,1,4356.0,0.403811,0.5,-0.096189,1
2026,local.west-sussex.northbrook.2026-05-07,northbrook-local-west-sussex-northbrook-2026-05-07,Northbrook,west-sussex,West Sussex,,1,4424.0,0.322785,0.5,-0.177215,1
2026,local.west-sussex.northgate-west-green.2026-05-07,northgate-and-west-green-local-west-sussex-northgate-west-green-2026-05-07,Northgate and West Green,west-sussex,West Sussex,,1,3641.0,0.329305,0.5,-0.170695,1
2026,local.west-sussex.nyetimber.2026-05-07,nyetimber-local-west-sussex-nyetimber-2026-05-07,Nyetimber,west-sussex,West Sussex,,1,4741.0,0.4556,0.5,-0.0444,1
2026,local.west-sussex.petworth.2026-05-07,petworth-local-west-sussex-petworth-2026-05-07,Petworth,west-sussex,West Sussex,,1,5197.0,0.39696,0.5,-0.10304,1
2026,local.west-sussex.pound-hill.2026-05-07,pound-hill-local-west-sussex-pound-hill-2026-05-07,Pound Hill,west-sussex,West Sussex,,1,4111.0,0.320603,0.5,-0.179397,1
2026,local.west-sussex.pulborough.2026-05-07,pulborough-local-west-sussex-pulborough-2026-05-07,Pulborough,west-sussex,West Sussex,,1,5294.0,0.353608,0.5,-0.146392,1
2026,local.west-sussex.rother-valley.2026-05-07,rother-valley-local-west-sussex-rother-valley-2026-05-07,Rother Valley,west-sussex,West Sussex,,1,4626.0,0.433852,0.5,-0.066148,1
2026,local.west-sussex.rustington.2026-05-07,rustington-local-west-sussex-rustington-2026-05-07,Rustington,west-sussex,West Sussex,,1,5153.0,0.432369,0.5,-0.067631,1
2026,local.west-sussex.selsey.2026-05-07,selsey-local-west-sussex-selsey-2026-05-07,Selsey,west-sussex,West Sussex,,1,3966.0,0.396621,0.5,-0.103379,1
2026,local.west-sussex.shoreham-north.2026-05-07,shoreham-north-local-west-sussex-shoreham-north-2026-05-07,Shoreham North,west-sussex,West Sussex,,1,4668.0,0.344259,0.5,-0.155741,1
2026,local.west-sussex.shoreham-south.2026-05-07,shoreham-south-local-west-sussex-shoreham-south-2026-05-07,Shoreham South,west-sussex,West Sussex,,1,5314.0,0.314829,0.5,-0.185171,1
2026,local.west-sussex.sompting-north-lancing.2026-05-07,sompting-and-north-lancing-local-west-sussex-sompting-north-lancing-2026-05-07,Sompting and North Lancing,west-sussex,West Sussex,,1,4521.0,0.365627,0.5,-0.134373,1
2026,local.west-sussex.southgate-gossops-green.2026-05-07,southgate-and-gossops-green-local-west-sussex-southgate-gossops-green-2026-05-07,Southgate and Gossops Green,west-sussex,West Sussex,,1,4453.0,0.354817,0.5,-0.145183,1
2026,local.west-sussex.southwater-nuthurst.2026-05-07,southwater-and-nuthurst-local-west-sussex-southwater-nuthurst-2026-05-07,Southwater and Nuthurst,west-sussex,West Sussex,,1,5069.0,0.432235,0.5,-0.067765,1
2026,local.west-sussex.southwick.2026-05-07,southwick-local-west-sussex-southwick-2026-05-07,Southwick,west-sussex,West Sussex,,1,3867.0,0.320921,0.5,-0.179079,1
2026,local.west-sussex.st-leonards-forest.2026-05-07,st-leonard-s-forest-local-west-sussex-st-leonards-forest-2026-05-07,St Leonard's Forest,west-sussex,West Sussex,,1,3801.0,0.373849,0.5,-0.126151,1
2026,local.west-sussex.storrington.2026-05-07,storrington-local-west-sussex-storrington-2026-05-07,Storrington,west-sussex,West Sussex,,1,5361.0,0.32009,0.5,-0.17991,1
2026,local.west-sussex.tarring.2026-05-07,tarring-local-west-sussex-tarring-2026-05-07,Tarring,west-sussex,West Sussex,,1,5040.0,0.25119,0.5,-0.24881,1
2026,local.west-sussex.the-witterings.2026-05-07,the-witterings-local-west-sussex-the-witterings-2026-05-07,The Witterings,west-sussex,West Sussex,,1,4669.0,0.401157,0.5,-0.098843,1
2026,local.west-sussex.three-bridges.2026-05-07,three-bridges-local-west-sussex-three-bridges-2026-05-07,Three Bridges,west-sussex,West Sussex,,1,3976.0,0.279427,0.5,-0.220573,1
2026,local.west-sussex.tilgate-furnace-green.2026-05-07,tilgate-and-furnace-green-local-west-sussex-tilgate-furnace-green-2026-05-07,Tilgate and Furnace Green,west-sussex,West Sussex,,1,4256.0,0.364427,0.5,-0.135573,1
2026,local.west-sussex.worth-forest.2026-05-07,worth-forest-local-west-sussex-worth-forest-2026-05-07,Worth Forest,west-sussex,West Sussex,,1,5607.0,0.355984,0.5,-0.144016,1
2026,local.west-sussex.worthing-east.2026-05-07,worthing-east-local-west-sussex-worthing-east-2026-05-07,Worthing East,west-sussex,West Sussex,,1,4462.0,0.323622,0.5,-0.176378,1
2026,local.west-sussex.worthing-pier.2026-05-07,worthing-pier-local-west-sussex-worthing-pier-2026-05-07,Worthing Pier,west-sussex,West Sussex,,1,4217.0,0.36424,0.5,-0.13576,1
2026,local.west-sussex.worthing-west.2026-05-07,worthing-west-local-west-sussex-worthing-west-2026-05-07,Worthing West,west-sussex,West Sussex,,1,4755.0,0.329758,0.5,-0.170242,1
2026,local.wigan.abram.2026-05-07,abram-local-wigan-abram-2026-05-07,Abram,wigan,Wigan,,1,3492.0,0.56071,0.5,0.06071,0
2026,local.wigan.ashton-in-makerfield-south.2026-05-07,ashton-in-makerfield-south-local-wigan-ashton-in-makerfield-south-2026-05-07,Ashton-in-Makerfield South,wigan,Wigan,,1,3389.0,0.463854,0.5,-0.036146,1
2026,local.wigan.aspull-new-springs-whelley.2026-05-07,aspull-new-springs-and-whelley-local-wigan-aspull-new-springs-whelley-2026-05-07,"Aspull, New Springs and Whelley",wigan,Wigan,,1,4135.0,0.495768,0.5,-0.004232,1
2026,local.wigan.astley.2026-05-07,astley-local-wigan-astley-2026-05-07,Astley,wigan,Wigan,,1,4641.0,0.452489,0.5,-0.047511,1
2026,local.wigan.atherton-north.2026-05-07,atherton-north-local-wigan-atherton-north-2026-05-07,Atherton North,wigan,Wigan,,1,3442.0,0.475015,0.5,-0.024985,1
2026,local.wigan.atherton-south-lilford.2026-05-07,atherton-south-and-lilford-local-wigan-atherton-south-lilford-2026-05-07,Atherton South and Lilford,wigan,Wigan,,1,3980.0,0.509296,0.5,0.009296,0
2026,local.wigan.bryn-with-ashton-in-makerfield-north.2026-05-07,bryn-with-ashton-in-makerfield-north-local-wigan-bryn-with-ashton-in-makerfield-north-2026-05-07,Bryn with Ashton-in-Makerfield North,wigan,Wigan,,1,3392.0,0.521816,0.5,0.021816,0
2026,local.wigan.douglas.2026-05-07,douglas-local-wigan-douglas-2026-05-07,Douglas,wigan,Wigan,,1,2927.0,0.441749,0.5,-0.058251,1
2026,local.wigan.golborne-lowton-west.2026-05-07,golborne-and-lowton-west-local-wigan-golborne-lowton-west-2026-05-07,Golborne and Lowton West,wigan,Wigan,,1,3422.0,0.431911,0.5,-0.068089,1
2026,local.wigan.hindley.2026-05-07,hindley-local-wigan-hindley-2026-05-07,Hindley,wigan,Wigan,,1,3503.0,0.52298,0.5,0.02298,0
2026,local.wigan.hindley-green.2026-05-07,hindley-green-local-wigan-hindley-green-2026-05-07,Hindley Green,wigan,Wigan,,1,3588.0,0.523411,0.5,0.023411,0
2026,local.wigan.ince.2026-05-07,ince-local-wigan-ince-2026-05-07,Ince,wigan,Wigan,,1,3105.0,0.582609,0.5,0.082609,0
2026,local.wigan.leigh-central-higher-folds.2026-05-07,leigh-central-and-higher-folds-local-wigan-leigh-central-higher-folds-2026-05-07,Leigh Central and Higher Folds,wigan,Wigan,,1,3510.0,0.483191,0.5,-0.016809,1
2026,local.wigan.leigh-south.2026-05-07,leigh-south-local-wigan-leigh-south-2026-05-07,Leigh South,wigan,Wigan,,1,3849.0,0.474669,0.5,-0.025331,1
2026,local.wigan.leigh-west.2026-05-07,leigh-west-local-wigan-leigh-west-2026-05-07,Leigh West,wigan,Wigan,,1,3755.0,0.517976,0.5,0.017976,0
2026,local.wigan.lowton-east.2026-05-07,lowton-east-local-wigan-lowton-east-2026-05-07,Lowton East,wigan,Wigan,,1,5069.0,0.358453,0.5,-0.141547,1
2026,local.wigan.orrell.2026-05-07,orrell-local-wigan-orrell-2026-05-07,Orrell,wigan,Wigan,,1,4060.0,0.399261,0.5,-0.100739,1
2026,local.wigan.pemberton.2026-05-07,pemberton-local-wigan-pemberton-2026-05-07,Pemberton,wigan,Wigan,,1,2993.0,0.542265,0.5,0.042265,0
2026,local.wigan.shevington-with-lower-ground-moor.2026-05-07,shevington-with-lower-ground-and-moor-local-wigan-shevington-with-lower-ground-moor-2026-05-07,Shevington with Lower Ground and Moor,wigan,Wigan,,1,4447.0,0.430852,0.5,-0.069148,1
2026,local.wigan.standish-with-langtree.2026-05-07,standish-with-langtree-local-wigan-standish-with-langtree-2026-05-07,Standish with Langtree,wigan,Wigan,,1,5101.0,0.329151,0.5,-0.170849,1
2026,local.wigan.tyldesley-mosley-common.2026-05-07,tyldesley-and-mosley-common-local-wigan-tyldesley-mosley-common-2026-05-07,Tyldesley and Mosley Common,wigan,Wigan,,1,3955.0,0.447029,0.5,-0.052971,1
2026,local.wigan.wigan-central.2026-05-07,wigan-central-local-wigan-wigan-central-2026-05-07,Wigan Central,wigan,Wigan,,1,4013.0,0.441316,0.5,-0.058684,1
2026,local.wigan.wigan-west.2026-05-07,wigan-west-local-wigan-wigan-west-2026-05-07,Wigan West,wigan,Wigan,,1,3693.0,0.472786,0.5,-0.027214,1
2026,local.wigan.winstanley.2026-05-07,winstanley-local-wigan-winstanley-2026-05-07,Winstanley,wigan,Wigan,,1,3786.0,0.49683,0.5,-0.00317,1
2026,local.wigan.worsley-mesnes.2026-05-07,worsley-mesnes-local-wigan-worsley-mesnes-2026-05-07,Worsley Mesnes,wigan,Wigan,,1,3359.0,0.509378,0.5,0.009378,0
2026,local.winchester.alresford-itchen-valley.2026-05-07,alresford-and-itchen-valley-local-winchester-alresford-itchen-valley-2026-05-07,Alresford and Itchen Valley,winchester,Winchester,,1,3745.0,0.52737,0.5,0.02737,0
2026,local.winchester.badger-farm-olivers-battery.2026-05-07,badger-farm-and-oliver-s-battery-local-winchester-badger-farm-olivers-battery-2026-05-07,Badger Farm and Oliver's Battery,winchester,Winchester,,1,3831.0,0.452884,0.5,-0.047116,1
2026,local.winchester.bishops-waltham.2026-05-07,bishop-s-waltham-local-winchester-bishops-waltham-2026-05-07,Bishop's Waltham,winchester,Winchester,,1,3414.0,0.437317,0.5,-0.062683,1
2026,local.winchester.central-meon-valley.2026-05-07,central-meon-valley-local-winchester-central-meon-valley-2026-05-07,Central Meon Valley,winchester,Winchester,,1,4061.0,0.386604,0.5,-0.113396,1
2026,local.winchester.colden-common-twyford.2026-05-07,colden-common-and-twyford-local-winchester-colden-common-twyford-2026-05-07,Colden Common and Twyford,winchester,Winchester,,1,2373.0,0.490518,0.5,-0.009482,1
2026,local.winchester.denmead.2026-05-07,denmead-local-winchester-denmead-2026-05-07,Denmead,winchester,Winchester,,1,3254.0,0.364474,0.5,-0.135526,1
2026,local.winchester.southwick-wickham.2026-05-07,southwick-and-wickham-local-winchester-southwick-wickham-2026-05-07,Southwick and Wickham,winchester,Winchester,,1,2681.0,0.393883,0.5,-0.106117,1
2026,local.winchester.st-barnabas.2026-05-07,st-barnabas-local-winchester-st-barnabas-2026-05-07,St Barnabas,winchester,Winchester,,1,3725.0,0.531812,0.5,0.031812,0
2026,local.winchester.st-bartholomew.2026-05-07,st-bartholomew-local-winchester-st-bartholomew-2026-05-07,St Bartholomew,winchester,Winchester,,1,3024.0,0.481151,0.5,-0.018849,1
2026,local.winchester.st-michael.2026-05-07,st-michael-local-winchester-st-michael-2026-05-07,St Michael,winchester,Winchester,,1,3267.0,0.425467,0.5,-0.074533,1
2026,local.winchester.st-paul.2026-05-07,st-paul-local-winchester-st-paul-2026-05-07,St Paul,winchester,Winchester,,1,3345.0,0.483109,0.5,-0.016891,1
2026,local.winchester.the-worthys.2026-05-07,the-worthys-local-winchester-the-worthys-2026-05-07,The Worthys,winchester,Winchester,,1,2900.0,0.531724,0.5,0.031724,0
2026,local.winchester.upper-meon-valley.2026-05-07,upper-meon-valley-local-winchester-upper-meon-valley-2026-05-07,Upper Meon Valley,winchester,Winchester,,1,2525.0,0.369505,0.5,-0.130495,1
2026,local.winchester.whiteley-shedfield.2026-05-07,whiteley-and-shedfield-local-winchester-whiteley-shedfield-2026-05-07,Whiteley and Shedfield,winchester,Winchester,,1,3275.0,0.397252,0.5,-0.102748,1
2026,local.winchester.wonston-micheldever.2026-05-07,wonston-and-micheldever-local-winchester-wonston-micheldever-2026-05-07,Wonston and Micheldever,winchester,Winchester,,1,3227.0,0.412767,0.5,-0.087233,1
2026,local.wokingham.barkham-arborfield.2026-05-07,barkham-and-arborfield-local-wokingham-barkham-arborfield-2026-05-07,Barkham and Arborfield,wokingham,Wokingham,,1,3353.0,0.396063,0.5,-0.103937,1
2026,local.wokingham.bulmershe-coronation.2026-05-07,bulmershe-and-coronation-local-wokingham-bulmershe-coronation-2026-05-07,Bulmershe and Coronation,wokingham,Wokingham,,1,3464.0,0.35739,0.5,-0.14261,1
2026,local.wokingham.emmbrook.2026-05-07,emmbrook-local-wokingham-emmbrook-2026-05-07,Emmbrook,wokingham,Wokingham,,1,4102.0,0.451975,0.5,-0.048025,1
2026,local.wokingham.evendons.2026-05-07,evendons-local-wokingham-evendons-2026-05-07,Evendons,wokingham,Wokingham,,1,3491.0,0.395875,0.5,-0.104125,1
2026,local.wokingham.finchampstead.2026-05-07,finchampstead-local-wokingham-finchampstead-2026-05-07,Finchampstead,wokingham,Wokingham,,1,4219.0,0.386347,0.5,-0.113653,1
2026,local.wokingham.hawkedon.2026-05-07,hawkedon-local-wokingham-hawkedon-2026-05-07,Hawkedon,wokingham,Wokingham,,1,3538.0,0.35896,0.5,-0.14104,1
2026,local.wokingham.hillside.2026-05-07,hillside-local-wokingham-hillside-2026-05-07,Hillside,wokingham,Wokingham,,1,3966.0,0.374433,0.5,-0.125567,1
2026,local.wokingham.loddon.2026-05-07,loddon-local-wokingham-loddon-2026-05-07,Loddon,wokingham,Wokingham,,1,3066.0,0.296151,0.5,-0.203849,1
2026,local.wokingham.maiden-erlegh-whitegates.2026-05-07,maiden-erlegh-and-whitegates-local-wokingham-maiden-erlegh-whitegates-2026-05-07,Maiden Erlegh and Whitegates,wokingham,Wokingham,,1,4015.0,0.371357,0.5,-0.128643,1
2026,local.wokingham.norreys.2026-05-07,norreys-local-wokingham-norreys-2026-05-07,Norreys,wokingham,Wokingham,,1,3165.0,0.283096,0.5,-0.216904,1
2026,local.wokingham.shinfield.2026-05-07,shinfield-local-wokingham-shinfield-2026-05-07,Shinfield,wokingham,Wokingham,,1,2694.0,0.317001,0.5,-0.182999,1
2026,local.wokingham.south-lake.2026-05-07,south-lake-local-wokingham-south-lake-2026-05-07,South Lake,wokingham,Wokingham,,1,3622.0,0.32413,0.5,-0.17587,1
2026,local.wokingham.spencers-wood-swallowfield.2026-05-07,spencers-wood-and-swallowfield-local-wokingham-spencers-wood-swallowfield-2026-05-07,Spencers Wood and Swallowfield,wokingham,Wokingham,,1,3455.0,0.310275,0.5,-0.189725,1
2026,local.wokingham.thames.2026-05-07,thames-local-wokingham-thames-2026-05-07,Thames,wokingham,Wokingham,,1,3820.0,0.405759,0.5,-0.094241,1
2026,local.wokingham.twyford-ruscombe-hurst.2026-05-07,twyford-ruscombe-and-hurst-local-wokingham-twyford-ruscombe-hurst-2026-05-07,"Twyford, Ruscombe and Hurst",wokingham,Wokingham,,1,4284.0,0.591737,0.5,0.091737,0
2026,local.wokingham.wescott.2026-05-07,wescott-local-wokingham-wescott-2026-05-07,Wescott,wokingham,Wokingham,,1,3489.0,0.400688,0.5,-0.099312,1
2026,local.wokingham.winnersh.2026-05-07,winnersh-local-wokingham-winnersh-2026-05-07,Winnersh,wokingham,Wokingham,,1,3270.0,0.447706,0.5,-0.052294,1
2026,local.wokingham.wokingham-without.2026-05-07,wokingham-without-local-wokingham-wokingham-without-2026-05-07,Wokingham Without,wokingham,Wokingham,,2,3114.0,0.372511,0.333333,0.039178,0
2026,local.wolverhampton.bilston-north.2026-05-07,bilston-north-local-wolverhampton-bilston-north-2026-05-07,Bilston North,wolverhampton,Wolverhampton,,1,3392.0,0.424233,0.5,-0.075767,1
2026,local.wolverhampton.bilston-south.2026-05-07,bilston-south-local-wolverhampton-bilston-south-2026-05-07,Bilston South,wolverhampton,Wolverhampton,,1,2989.0,0.458013,0.5,-0.041987,1
2026,local.wolverhampton.blakenhall.2026-05-07,blakenhall-local-wolverhampton-blakenhall-2026-05-07,Blakenhall,wolverhampton,Wolverhampton,,1,2750.0,0.464727,0.5,-0.035273,1
2026,local.wolverhampton.bushbury-north.2026-05-07,bushbury-north-local-wolverhampton-bushbury-north-2026-05-07,Bushbury North,wolverhampton,Wolverhampton,,1,3317.0,0.411516,0.5,-0.088484,1
2026,local.wolverhampton.bushbury-south-low-hill.2026-05-07,bushbury-south-and-low-hill-local-wolverhampton-bushbury-south-low-hill-2026-05-07,Bushbury South and Low Hill,wolverhampton,Wolverhampton,,1,2339.0,0.393758,0.5,-0.106242,1
2026,local.wolverhampton.east-park.2026-05-07,east-park-local-wolverhampton-east-park-2026-05-07,East Park,wolverhampton,Wolverhampton,,1,2587.0,0.397758,0.5,-0.102242,1
2026,local.wolverhampton.ettingshall-north.2026-05-07,ettingshall-north-local-wolverhampton-ettingshall-north-2026-05-07,Ettingshall North,wolverhampton,Wolverhampton,,1,2651.0,0.389287,0.5,-0.110713,1
2026,local.wolverhampton.ettingshall-south-spring-vale.2026-05-07,ettingshall-south-and-spring-vale-local-wolverhampton-ettingshall-south-spring-vale-2026-05-07,Ettingshall South and Spring Vale,wolverhampton,Wolverhampton,,1,3457.0,0.472086,0.5,-0.027914,1
2026,local.wolverhampton.fallings-park.2026-05-07,fallings-park-local-wolverhampton-fallings-park-2026-05-07,Fallings Park,wolverhampton,Wolverhampton,,1,2940.0,0.418367,0.5,-0.081633,1
2026,local.wolverhampton.graiseley.2026-05-07,graiseley-local-wolverhampton-graiseley-2026-05-07,Graiseley,wolverhampton,Wolverhampton,,1,2997.0,0.375709,0.5,-0.124291,1
2026,local.wolverhampton.heath-town.2026-05-07,heath-town-local-wolverhampton-heath-town-2026-05-07,Heath Town,wolverhampton,Wolverhampton,,1,2239.0,0.332291,0.5,-0.167709,1
2026,local.wolverhampton.merry-hill.2026-05-07,merry-hill-local-wolverhampton-merry-hill-2026-05-07,Merry Hill,wolverhampton,Wolverhampton,,1,3872.0,0.34375,0.5,-0.15625,1
2026,local.wolverhampton.oxley.2026-05-07,oxley-local-wolverhampton-oxley-2026-05-07,Oxley,wolverhampton,Wolverhampton,,1,3540.0,0.333898,0.5,-0.166102,1
2026,local.wolverhampton.park.2026-05-07,park-local-wolverhampton-park-2026-05-07,Park,wolverhampton,Wolverhampton,,1,3474.0,0.313472,0.5,-0.186528,1
2026,local.wolverhampton.penn.2026-05-07,penn-local-wolverhampton-penn-2026-05-07,Penn,wolverhampton,Wolverhampton,,1,4417.0,0.356803,0.5,-0.143197,1
2026,local.wolverhampton.st-peters.2026-05-07,st-peters-local-wolverhampton-st-peters-2026-05-07,St Peters,wolverhampton,Wolverhampton,,1,2370.0,0.478059,0.5,-0.021941,1
2026,local.wolverhampton.tettenhall-regis.2026-05-07,tettenhall-regis-local-wolverhampton-tettenhall-regis-2026-05-07,Tettenhall Regis,wolverhampton,Wolverhampton,,1,3991.0,0.328239,0.5,-0.171761,1
2026,local.wolverhampton.tettenhall-wightwick.2026-05-07,tettenhall-wightwick-local-wolverhampton-tettenhall-wightwick-2026-05-07,Tettenhall Wightwick,wolverhampton,Wolverhampton,,1,4226.0,0.36867,0.5,-0.13133,1
2026,local.wolverhampton.wednesfield-north.2026-05-07,wednesfield-north-local-wolverhampton-wednesfield-north-2026-05-07,Wednesfield North,wolverhampton,Wolverhampton,,1,3047.0,0.527404,0.5,0.027404,0
2026,local.wolverhampton.wednesfield-south.2026-05-07,wednesfield-south-local-wolverhampton-wednesfield-south-2026-05-07,Wednesfield South,wolverhampton,Wolverhampton,,2,2975.5,0.433877,0.333333,0.100543,0
2026,local.worthing.broadwater.2026-05-07,broadwater-local-worthing-broadwater-2026-05-07,Broadwater,worthing,Worthing,,1,3175.0,0.335433,0.5,-0.164567,1
2026,local.worthing.castle.2026-05-07,castle-local-worthing-castle-2026-05-07,Castle,worthing,Worthing,,1,3037.0,0.313797,0.5,-0.186203,1
2026,local.worthing.central.2026-05-07,central-local-worthing-central-2026-05-07,Central,worthing,Worthing,,1,3433.0,0.365861,0.5,-0.134139,1
2026,local.worthing.durrington.2026-05-07,durrington-local-worthing-durrington-2026-05-07,Durrington,worthing,Worthing,,1,2032.0,0.390256,0.5,-0.109744,1
2026,local.worthing.gaisford.2026-05-07,gaisford-local-worthing-gaisford-2026-05-07,Gaisford,worthing,Worthing,,1,3587.0,0.278784,0.5,-0.221216,1
2026,local.worthing.goring.2026-05-07,goring-local-worthing-goring-2026-05-07,Goring,worthing,Worthing,,1,4234.0,0.373642,0.5,-0.126358,1
2026,local.worthing.heene.2026-05-07,heene-local-worthing-heene-2026-05-07,Heene,worthing,Worthing,,1,3099.0,0.327202,0.5,-0.172798,1
2026,local.worthing.marine.2026-05-07,marine-local-worthing-marine-2026-05-07,Marine,worthing,Worthing,,1,3713.0,0.348775,0.5,-0.151225,1
2026,local.worthing.northbrook.2026-05-07,northbrook-local-worthing-northbrook-2026-05-07,Northbrook,worthing,Worthing,,1,2131.0,0.3374,0.5,-0.1626,1
2026,local.worthing.offington.2026-05-07,offington-local-worthing-offington-2026-05-07,Offington,worthing,Worthing,,1,3510.0,0.323077,0.5,-0.176923,1
2026,local.worthing.salvington.2026-05-07,salvington-local-worthing-salvington-2026-05-07,Salvington,worthing,Worthing,,1,3495.0,0.37196,0.5,-0.12804,1
2026,local.worthing.selden.2026-05-07,selden-local-worthing-selden-2026-05-07,Selden,worthing,Worthing,,1,3045.0,0.316913,0.5,-0.183087,1
2026,local.worthing.tarring.2026-05-07,tarring-local-worthing-tarring-2026-05-07,Tarring,worthing,Worthing,,1,3243.0,0.273512,0.5,-0.226488,1
