{"type":"FeatureCollection","crs":{"type":"name","properties":{"name":"EPSG:27700"}},"features":[{"type":"Feature","geometry":{"type":"Polygon","coordinates":[[[448964.1052,536757.1845],[448986.0254,536729.6745],[453194.6,533938.4],[453341.0788,533293.422800001],[453329.4751,533294.0342],[451898.9208,534023.2414],[452435,533448.25],[452384.1041,533343.8477],[452176.06,533354.810000001],[452035.6314,532629.0287],[451738,532018.5],[453270.8,529013],[454454.98,528446.73],[453471.9133,526822.3913],[452499.69,526687.43],[452243.5362,526335.188100001],[451148.5004,525456.799000001],[449537.399,526239.404999999],[448090.9019,525608.795499999],[445354.8031,526096.096000001],[444216.0036,528004.899599999],[443410.7002,527859.9011],[443024.0975,526445.396],[440056.1201,527806.952400001],[442604.5971,528543.395500001],[442165.01,529898.91],[443235.97,532104.92],[442350.28,533093.68],[443972.74,533128.67],[445116.93,535008.859999999],[444844.1,536065.91],[447097.001,537152.0013],[448290.1026,536324.7981],[448964.1052,536757.1845]]]},"properties":{"LAD24CD":"E06000001"}},{"type":"Feature","geometry":{"type":"Polygon","coordinates":[[[451894.2992,521145.303099999],[453997.6967,517983.2983],[451913.304,516875.4954],[454380.8035,514732.198899999],[454495.2037,513716.0997],[455944.603,513640.001499999],[455389.496,512278.5012],[449638.4999,513046.4014],[446561.5008,513911.503799999],[446335.2976,515897.6953],[447271.4006,518107.8026],[446483.8983,519130.1],[447775.6026,519700.896600001],[448410.2002,522046.994999999],[451894.2992,521145.303099999]]]},"properties":{"LAD24CD":"E06000002"}},{"type":"Feature","geometry":{"type":"Polygon","coordinates":[[[478232.9466,518788.8025],[477689.3026,517966.802999999],[475969.46,517660.42],[474608.2964,515577.297],[474692.2971,510900.795600001],[472584.2988,511876.6963],[467951.4979,510800.304400001],[464636.299,512421.2004],[462483.8022,511393.204700001],[458716.39,512751.18],[457197.2998,511786.302100001],[455389.496,512278.5012],[455944.603,513640.001499999],[454495.2037,513716.0997],[454380.8035,514732.198899999],[451913.304,516875.4954],[453997.6967,517983.2983],[451894.2992,521145.303099999],[452589.1184,521918.2114],[451965.6361,521061.7556],[454348.4,523581.4],[455224,522988.949999999],[454518.7,523685.449999999],[454878.39,524704.140000001],[456145,524056.6],[454937.95,524772.130000001],[454695.72,526167.800000001],[455915.9,526404.380000001],[455798.865,527894.882999999],[456561.5589,527307.989600001],[457378.216,526201.554],[460000.0169,525395.5514],[461281.59,525001.566],[462076.9126,524407.2761],[462317.983,524132.275],[462940.8282,523761.7314],[464678.651,522463.176000001],[467216.133,521573.385],[468150.0445,521867.245200001],[468837.4557,521955.368799999],[471325.4675,520116.999700001],[474222.72,520220.59],[474821.0943,519999.9651],[478074.077,518800.567],[478232.9466,518788.8025]]]},"properties":{"LAD24CD":"E06000003"}},{"type":"Feature","geometry":{"type":"Polygon","coordinates":[[[452243.5362,526335.188100001],[451711.3,525603.300000001],[453500,525467.9],[453813.5,526338.9],[454353.15,524341.4],[452725.1512,522105.074999999],[452589.1184,521918.2114],[451894.2992,521145.303099999],[448410.2002,522046.994999999],[447775.6026,519700.896600001],[446483.8983,519130.1],[447271.4006,518107.8026],[446335.2976,515897.6953],[446561.5008,513911.503799999],[449638.4999,513046.4014],[448237.3012,512006.698999999],[448206.2998,510472.1983],[446667.93,510817.439999999],[445431.6,509164.140000001],[442644.396,507839.102],[442552.4965,508756.599400001],[441295.1,508026.6983],[440760.9025,508729.097200001],[440192.1004,511141.196799999],[439290.7009,510204.305],[438503.3965,511071.096899999],[438149.502,509250.498],[436894.8015,509491.598999999],[436707.0038,510384.603399999],[437547.0024,513968.397500001],[435714.9993,515437.097100001],[435879.7026,517964.503599999],[438161.3006,519001.2969],[438396.4003,522220.295399999],[437351.7016,523257.498500001],[436388.0024,522354.1971],[435564.2,524070.199999999],[438036.11,524784.83],[440056.1201,527806.952400001],[443024.0975,526445.396],[443410.7002,527859.9011],[444216.0036,528004.899599999],[445354.8031,526096.096000001],[448090.9019,525608.795499999],[449537.399,526239.404999999],[451148.5004,525456.799000001],[452243.5362,526335.188100001]]]},"properties":{"LAD24CD":"E06000004"}},{"type":"Feature","geometry":{"type":"Polygon","coordinates":[[[436388.0024,522354.1971],[437351.7016,523257.498500001],[438396.4003,522220.295399999],[438161.3006,519001.2969],[435879.7026,517964.503599999],[435714.9993,515437.097100001],[437547.0024,513968.397500001],[436707.0038,510384.603399999],[435163.8994,512200.3036],[434109.0015,511803.6972],[435181.7994,510932.196599999],[434962.2994,506335.5024],[434090.6975,508852.6019],[432578.0009,509001.2993],[433023.8031,510212.7026],[431764.8977,508958.8015],[431577.2978,509932.602700001],[430623.7977,510041.7015],[431226.56,508521.449999999],[429542.796,508523.995999999],[428915.9982,510048.899499999],[427107.8975,511386.796499999],[427346.4024,512288.0985],[426526.8021,512184.598099999],[427221.3001,513139.504799999],[425835.38,512869.199999999],[425247.6963,513924.4001],[423829.63,513261.560000001],[423801.8012,514513.501499999],[422449.3968,514427.1962],[422232.898,515532.0999],[419709.2991,515678.2981],[419162.9979,517140.999399999],[420069.5011,517931.903000001],[418897.3008,518698.603499999],[418911.4988,519918.5043],[419872.1968,521341.596999999],[420823.7016,521243.395099999],[420606.6998,524780.8025],[425492.6983,524779.8028],[425536.7022,523211.001800001],[426954.9022,524003.1951],[426369.5028,522285.096899999],[427487.0961,520635.9989],[429000.7987,520883.898],[428617.7991,521969.1973],[430674.6038,522465.1953],[434412.71,522945.1],[435529.0979,521874.304500001],[436388.0024,522354.1971]]]},"properties":{"LAD24CD":"E06000005"}},{"type":"Feature","geometry":{"type":"MultiPolygon","coordinates":[[[[358131.9013,385425.8024],[358057.9019,383421.995999999],[359710.0967,383069.696799999],[358865.1016,381750.204500001],[360448.9036,380778.1028],[359515.6039,379630.801200001],[358798.95,380548.619999999],[358511.1988,379342.103800001],[357116.8023,379436.4968],[357345.1988,378866.9998],[354451.3967,380052.8004],[353398.43,378988.4],[351890.11,379819.24],[350858.7,379122.050000001],[349966.7855,380023.963199999],[349253.504,381465.495999999],[349874.8024,383181.604800001],[352229.5011,383343.998299999],[353550.3022,384651.804],[354923.5112,384424.0868],[355191.8032,384297.195499999],[358131.9013,385425.8024]]],[[[354161.5003,387836.602299999],[354118.5361,385101.9823],[353953.4032,385216.002499999],[351213.5035,383681.1018],[349213.2022,384537.896600001],[349563.0978,383902.2985],[348271.8965,382026.895300001],[347872.4975,382454.6029],[348303.1041,381654.301999999],[347566.2018,380912.4044],[345044.7961,381955.2958],[344964.3962,381935.7072],[344673.95,382585.949999999],[345583.25,382855.5],[345588.6981,383767.497099999],[347696.2016,384666.0999],[348433.6976,387413.803400001],[349698.3004,387364.497500001],[350553.1978,389731.799799999],[352540.9006,389370.903100001],[352692.7004,388433.8014],[354161.5003,387836.602299999]]]]},"properties":{"LAD24CD":"E06000006"}},{"type":"Feature","geometry":{"type":"Polygon","coordinates":[[[367582.2007,396058.198899999],[370229.2033,391101.897600001],[368308.66,388868.4],[371724.8986,387929.695699999],[370826.6982,385621.1965],[367700.3029,385779.6011],[365410.3032,383570.3035],[365582.6992,382955.999399999],[362670.997,380858.899700001],[361050.2984,381545.5031],[360448.9036,380778.1028],[358865.1016,381750.204500001],[359710.0967,383069.696799999],[358057.9019,383421.995999999],[358131.9013,385425.8024],[355191.8032,384297.195499999],[354923.5112,384424.0868],[355156.201,384385.5002],[354118.5361,385101.9823],[354161.5003,387836.602299999],[355115.9981,388075.7039],[356007.2974,392639.497500001],[355233.4985,393119.800000001],[355690.4975,393999.098300001],[354787.4984,393784.4998],[355126.8,395325.4],[357645.4014,394368.8025],[358410.9966,393251.802200001],[360493.6001,394152.204500001],[360337.8014,395015.497400001],[361217.3021,393828.0973],[361796.31,394521.880000001],[362228.79,395903.43],[363640.9987,396223.6691],[363410.8016,396926.600299999],[367158.6024,398358.3005],[367582.2007,396058.198899999]]]},"properties":{"LAD24CD":"E06000007"}},{"type":"Feature","geometry":{"type":"Polygon","coordinates":[[[372965.9295,423270.851500001],[373792.4961,421751.204399999],[375369.8011,421263.604],[375568.5977,419017.9968],[376129.6,417773.35],[375623.51,415108.85],[375025.7601,414990.104],[372205.998,414225.298599999],[371097.81,416706.039999999],[369689.696,413818.904999999],[368398.53,413490.060000001],[366280.6023,414615.696900001],[364920.19,418840.42],[366046.76,421894.810000001],[364462.06,422994.880000001],[363060.7988,427981.201099999],[363750.86,429028.93],[369402.9987,431708.6041],[370677.3966,430117.7995],[370319.8,428993.9],[371077.4964,428204.6971],[371477.62,424841.66],[372965.9295,423270.851500001]]]},"properties":{"LAD24CD":"E06000008"}},{"type":"Feature","geometry":{"type":"Polygon","coordinates":[[[333572.7995,437130.702099999],[334590.8007,436258.9016],[335319.5981,433501.900800001],[333963.401,433247.003699999],[334425.1986,431366.801899999],[332292.8032,431242.7974],[332040.2982,432108.299699999],[330433.1035,431650.3226],[331023.9516,440000.0308],[331204.7223,442554.6346],[333041.8011,441857.199100001],[333572.7995,437130.702099999]]]},"properties":{"LAD24CD":"E06000009"}},{"type":"Feature","geometry":{"type":"Polygon","coordinates":[[[515453.2132,427773.127],[513098.15,428711.550000001],[510169.58,428170.779999999],[504418.8155,425956.9658],[504178.8041,427276.3028],[505475.8017,429362.295700001],[504132.4009,429442.8027],[504376.9989,430522.503599999],[506338.804,431536.4034],[506013.0993,433954.101299999],[508168.8035,434256.2049],[507946.0962,435533.7992],[510966.6001,436533.0031],[513544.8967,433120.799900001],[515254.9965,433081.101199999],[515176.3,431091.300000001],[516044.4,430142.699999999],[515453.2132,427773.127]]]},"properties":{"LAD24CD":"E06000010"}},{"type":"Feature","geometry":{"type":"Polygon","coordinates":[[[516811.8537,475020.0583],[516822.1356,475015.658],[519999.9861,473779.4407],[524448.8549,472048.784],[525614.2629,470903.727600001],[525840.388,470651.074999999],[524035.229,469242.515000001],[519999.9768,468551.7119],[519975.321,468547.491],[519378.7423,467548.125299999],[518372.04,466404.220000001],[518068.4616,465353.193399999],[517121.268,463766.491],[517146.322,462160.629899999],[517104.68,462016.460000001],[517156.3273,461519.3324],[517180.0316,459999.98],[517206.531,458301.477],[519999.9899,450238.5677],[521252.799,446622.517999999],[522753.5005,444354.0624],[523170.929,443298.086999999],[525815.1062,439726.148700001],[529410.044,434292.051999999],[539948.47,420591.5],[539999.974,420442.5425],[540152.9821,420000.019400001],[542056.927,414493.515000001],[542111.5712,414019.037799999],[542051.9134,413501.990599999],[541855.983,413145.546],[539999.9883,410795.452500001],[539734.9639,410459.8739],[539736.6191,410467.022299999],[539999.9877,410817.721999999],[541882.6924,413324.717700001],[542004.2497,414140.1458],[541834.536,414672.7335],[540000.0174,416151.1193],[537702.9,418002.300000001],[534438.1,418898.800000001],[528792,416484.699999999],[525498.2,417086.699999999],[522759.5937,420000.018300001],[519999.9879,422935.6757],[517981.42,425083.02],[517116.1,425020],[516843.5,427802.4],[516007.15,427326.550000001],[515902.9359,428182.3838],[515921.218,428222.430500001],[515695.9514,428621.971899999],[515851.8343,428112.4025],[515529.3632,427742.783500001],[515453.2132,427773.127],[516044.4,430142.699999999],[515176.3,431091.300000001],[515254.9965,433081.101199999],[513544.8967,433120.799900001],[510966.6001,436533.0031],[507946.0962,435533.7992],[508168.8035,434256.2049],[506013.0993,433954.101299999],[506338.804,431536.4034],[504376.9989,430522.503599999],[504132.4009,429442.8027],[505475.8017,429362.295700001],[504178.8041,427276.3028],[504418.8155,425956.9658],[504412.3559,425954.4791],[503962.3331,425876.1019],[503429.21,425867.949999999],[503403.3698,425778.751399999],[500000.0242,425186.0155],[496298.1994,424541.295700001],[493566.8003,426506.803099999],[490458.0989,427268.595000001],[490005.1977,426692.300000001],[491236.3008,426896.001700001],[487752.9026,425864.9968],[486180.7014,423890.502],[483098.2029,424126.5045],[485094.8021,423645.102299999],[486026.0983,423150.004000001],[485273.8024,422928.2974],[485951.1012,422921.599400001],[486001.6951,422321.949899999],[485812.7499,420892.969799999],[484528.3994,421078.197000001],[481089.9039,418441.3018],[481231.0016,419319.1006],[480142.9009,418759.0009],[476256.7975,415781.903100001],[475119.4985,416283.499500001],[469695.3036,418585.2006],[462971.3986,418147.296],[459337.7289,419595.885199999],[460789.4,421286.439999999],[461167.2,423451.859999999],[462038.0989,423777.4044],[463558.0017,422364.0989],[467422.82,422758.720000001],[467395,423652.77],[468583.2015,423203.998500001],[468886.1004,424770.700099999],[472442.2034,425216.3025],[471941.9014,426801.0989],[468646.39,427122.630000001],[467781.95,428651.699999999],[470745.3039,430447.0952],[470273.2989,434465.9048],[471197.0013,436072.9048],[469834.7029,436878.7042],[469273.07,441106.15],[470870.9,443259.699999999],[471022.41,444371.57],[469132.3968,444702.004799999],[470925.05,447788.27],[470880.1024,452129.398700001],[470020.7032,453010.4965],[470559.7983,455585.0995],[472603.9963,456508.6952],[473587.3,458490],[478666.6969,459343.2038],[478775.3998,458781.5046],[483007.4,460102.0966],[483289.1997,458153.104499999],[486376.2001,457775.502499999],[486099.1,460215.0042],[487890.3973,460961.1007],[488823.4002,462975.903899999],[487781.2986,463844.995200001],[490696.8017,464724.003599999],[494071.5959,467407.4954],[496610.8027,466510.902100001],[500394.9971,469057.7031],[501130.5967,470089.897600001],[500834.5001,471108.696],[502860.996,472429.8978],[502398.4975,475383.802200001],[503336.1011,476512.4991],[505136.5009,476830.898],[506226.3001,474361.604800001],[508108.2023,473599.302999999],[509572.3025,474014.904100001],[510890.1024,472484.0023],[513414.196,473023.4979],[515766.9983,472178.0998],[516811.8537,475020.0583]]]},"properties":{"LAD24CD":"E06000011"}},{"type":"Feature","geometry":{"type":"Polygon","coordinates":[[[533699.5488,405362.6219],[531729.7994,403907.202199999],[528388.2988,404190.601],[527799.2963,400901.502499999],[526467.3974,400493.1994],[526869.3029,399579.301000001],[525696.7975,398677.599099999],[527452.5998,396641.6019],[524971.9989,394618.0012],[524201.12,394860.52],[523015.3965,396028.897299999],[522665.0968,398132.2952],[520789.7989,398414.904300001],[520296.2,400170.901699999],[518828.9997,400328.6965],[519190.1004,403173.802100001],[518703.1965,405381.000299999],[518084.8005,405465.6961],[520014.6972,409222.8006],[519611.5961,409846.702],[517809.1021,409400.399800001],[516956.9008,411408.8049],[515854.0992,411203.8035],[516022.7024,412210.895300001],[513082.3982,414321.5011],[516988.4959,415611.8018],[519048.0373,417446.3709],[519052.7445,417440.3894],[520000.0144,416608.5648],[526293.28,411082.27],[527270.46,410641.050000001],[528186.3215,411370.3879],[528397.4834,411285.519300001],[531602.014,407926.879000001],[532379.913,407415.429],[532019.433,408401.639],[533699.5488,405362.6219]]]},"properties":{"LAD24CD":"E06000012"}},{"type":"Feature","geometry":{"type":"MultiPolygon","coordinates":[[[[497790.3988,421987.3968],[496810.3991,421526.0988],[495603.0995,422511.4968],[497790.3988,421987.3968]]],[[[512678.73,425539.880000001],[515524.2323,421924.0866],[516530.34,420007.42],[518874.4825,417666.9077],[519048.0373,417446.3709],[516988.4959,415611.8018],[513082.3982,414321.5011],[511992.0961,414413.604699999],[512559.3975,412307.297700001],[510325.4971,408174.500700001],[504947.4994,408562.5996],[504122.4985,409803.104499999],[501666.501,406904.404200001],[500089.7979,406527.302200001],[499424.9987,405576.904200001],[504081.3969,406665.002800001],[505608.8027,405115.296399999],[505848.396,403507.6965],[500355.0993,401968.1972],[500529.0041,399257.403200001],[501529.7979,398655.795399999],[496252.497,396836.995999999],[491079.1005,396589.9967],[491311.1989,402672.9955],[483665.0014,403321.399900001],[482872.6015,401148.002],[481814.7025,400950.998400001],[481623.1037,398752.797599999],[480777.1027,398456.5024],[480803.8992,396978.0956],[479948.5978,396038.3046],[474986.2006,397208.6996],[472053.5972,396493.904200001],[471779.3995,397069.6994],[473075.6962,398163.0964],[470701.1021,401171.5952],[470917.6999,402082.304500001],[469724.7962,402396.804500001],[470114.1033,404292.6018],[473510.5985,405103.499700001],[472898.1966,406255.899900001],[473546.3985,408341.3029],[472872.2988,408571.7969],[473058.596,410194.102600001],[475119.4985,416283.499500001],[476256.7975,415781.903100001],[480142.9009,418759.0009],[481231.0016,419319.1006],[481089.9039,418441.3018],[484528.3994,421078.197000001],[485812.7499,420892.969799999],[486001.6951,422321.949899999],[486054.9972,421690.2018],[486513.0727,421046.687100001],[486975.8963,420396.5022],[486271.496,422797.205],[489896.297,424606.3971],[491791.0038,425120.4],[493447.9972,422802.703400001],[497628.3009,421068.5998],[500000.0032,422745.263900001],[501074.024,423504.538000001],[502869.163,423446.535],[502926.57,422549.25],[502925.026,423445.215],[506062.48,423817.23],[506383.33,422622.23],[506541.6,424066.300000001],[512678.73,425539.880000001]]]]},"properties":{"LAD24CD":"E06000013"}},{"type":"Feature","geometry":{"type":"Polygon","coordinates":[[[470559.7983,455585.0995],[470020.7032,453010.4965],[470880.1024,452129.398700001],[470925.05,447788.27],[469132.3968,444702.004799999],[471022.41,444371.57],[470870.9,443259.699999999],[469506.05,444055.85],[466317.59,442577.720000001],[465283.36,444203.890000001],[461572.7768,442448.2457],[459835.47,443669.52],[458923.38,442530.560000001],[452665.6988,447985.504899999],[451014.7985,453464.4966],[451468.6,454677.699999999],[453730.8041,454673.500499999],[453269.4022,456574.896199999],[455720.1971,455116.4037],[456680.6973,455346.897700001],[455871.997,456657.4026],[456379.2991,459658.203600001],[457731.1572,459582.170499999],[459719.497,461720.303400001],[461728.1011,461727.701199999],[461650.6964,462732.4036],[464629.9998,461931.502900001],[465425.4998,462603.8005],[467783.5254,459043.548800001],[466647.09,456754.77],[467255.82,457006.609999999],[467494.67,456117.41],[466013.9003,454577.597899999],[470559.7983,455585.0995]]]},"properties":{"LAD24CD":"E06000014"}},{"type":"Feature","geometry":{"type":"Polygon","coordinates":[[[441238.9643,333954.5451],[440270.1976,333833.9004],[439198.8014,332054.4998],[438902.9027,329886.3004],[437380.6995,329455.103800001],[436168.9971,330697.498199999],[434178.2448,330370.7722],[433532.8037,332045.3024],[430933.4987,332550.297800001],[429897.3,335336.699999999],[430748.999,336405.804199999],[433161.8996,337895.097899999],[433988.0959,341063.301000001],[435379.49,341076.59],[435804.2026,339383.5019],[439786.8969,339376.8038],[438813.4025,337736.703299999],[441570.8973,336678.2962],[441238.9643,333954.5451]]]},"properties":{"LAD24CD":"E06000015"}},{"type":"Feature","geometry":{"type":"Polygon","coordinates":[[[464453.3988,306785.7029],[464594.9995,304520.701199999],[463026.5003,302658.6042],[461260.1032,302460.900800001],[460812.0995,300165.797800001],[459690.9031,300333.5998],[458115.2967,299255.6983],[457726.303,298472.2026],[456948.8019,298630.6972],[457144.8035,299555.4025],[456035.6037,299776.699200001],[456600.75,302027.800000001],[453156.7994,304373.303400001],[453737.6969,305275.6951],[454863.4034,305044.101399999],[455201.0963,307300.695499999],[455664.89,309237.939999999],[457057.1998,310757.296],[458008.4984,310282.8018],[458986.6018,307872.901699999],[459680.2011,308748.700999999],[462642.297,308389.7037],[464453.3988,306785.7029]]]},"properties":{"LAD24CD":"E06000016"}},{"type":"Feature","geometry":{"type":"Polygon","coordinates":[[[501933.204,305782.100199999],[500427.59,305996.289999999],[498904.6034,304131.9025],[498101.32,301383.5],[498713.9,300444.9],[497768.35,300608.76],[496851.2039,299621.8035],[496180.5,300730.17],[495708.21,299709.460000001],[494740.5,299897.390000001],[490855.7995,297631.103399999],[487368.1963,292674.102299999],[485403.2993,294255.1997],[485611.7015,295304.3994],[484155.2032,297061.896299999],[483756.9,299012.4],[481888.7019,300662.5956],[479959.4977,300501.7017],[480939.3985,303213.995300001],[480693.969,306039.656400001],[482457.7018,308668.204],[482140.2,311474.41],[479688.4991,313761.796],[480225.6978,315267.605],[482692.9004,316956.101600001],[484379.9966,316181.5034],[490252.7969,318512.0962],[493877.5979,318926.897500001],[494224.5995,317895.602700001],[496433.0968,318229.997],[498670.6003,316638.3026],[498538.5969,314953.105],[501805.3973,313503.799799999],[506145.1027,313125.598099999],[505953.6029,310704.801100001],[504488.9998,309191.904100001],[501100.6012,307911.2007],[499943.8026,308522.4957],[501933.204,305782.100199999]]]},"properties":{"LAD24CD":"E06000017"}},{"type":"Feature","geometry":{"type":"Polygon","coordinates":[[[461502.104,339409.104499999],[460600.1025,338663.9978],[458442.9967,338730.998600001],[457777.1008,337518.4957],[457071.1009,338070.4977],[456697.5,333950.699999999],[455502.52,332712.17],[452968.5976,334395.6996],[453162.2989,335258.7026],[453965.2029,334970.0952],[455078.8963,335856.8014],[450694.1975,339798.403100001],[451678.8969,341416.1],[450661.2008,343285.604900001],[452052.2993,342921.999],[453575.8943,343647.0878],[452514.05,344073.199999999],[452086.14,345925.76],[453090.65,347047],[454920.7972,347117.797900001],[457567.6789,345806.986500001],[456900.2962,344761.602399999],[457937.0962,344513.4034],[457664.3001,343558.296800001],[458990.7985,343260.402100001],[459192.0027,341522.5996],[461502.104,339409.104499999]]]},"properties":{"LAD24CD":"E06000018"}},{"type":"Feature","geometry":{"type":"Polygon","coordinates":[[[357953.97,267826.390000001],[354875.21,267520.49],[356448.42,265544.050000001],[359305.5033,264997.5046],[357214.3002,262740.1008],[357148.2985,260427.9026],[360898.5975,261771.3981],[363802.4998,261809.8971],[364192.72,261238.68],[366264.07,262196.35],[365770.802,264484.701400001],[369304.0992,265310.494999999],[370891.2982,263690.998600001],[368144.2995,262087.0977],[367682.8976,260457.304199999],[368341.85,259677.060000001],[371205.68,259977.91],[373853.18,258625.880000001],[372503.71,258217.07],[373263.897,256781.6964],[372220.5,256134.1],[371231.96,252759.01],[370332.5564,252305.152899999],[371698.11,249732.76],[374141.18,250819.550000001],[376049.9032,249649.697899999],[375976.5963,245074.297599999],[376941.1036,243556.901900001],[375985.097,235939.5024],[373131.4978,235019.795600001],[372700.8006,233152.100299999],[371726.1024,232928.904100001],[370073.6025,233280.803400001],[370135.9,235242.1],[368295.05,235168.83],[368255.83,236192.970000001],[367233.4016,236119.800799999],[366326.6015,234472.102399999],[367758.1997,233024.8967],[366105.502,231516.398499999],[366276.0016,229630.2984],[365678.2017,229242.8993],[368099.657,228236.3453],[368050.5037,225597.2028],[369272.1002,224554.4013],[369870.61,222183.17],[366519.4041,220317.6041],[365089.2982,220855.9],[363486.4996,218153.703500001],[360103.26,218270.49],[359951.1987,216935.702099999],[358689.9023,217684.3978],[357003.3008,215779.703],[356232.7009,216245.899599999],[355272.7037,214366.797499999],[354193.6973,215433.102299999],[352324.6986,215252.304],[352060.296,216474.804099999],[350827.2966,215978.995999999],[350524.1984,216941.425000001],[349189.0029,215591.8968],[346471.1999,218872.897600001],[347210.72,220487.42],[342576.61,223387.050000001],[342189.96,224690.08],[340814.57,224289.210000001],[341985.75,225177.359999999],[339743.1971,226508.402000001],[333237.0029,223383.896400001],[332939.1006,225891.6985],[330775.4976,225881.2015],[329598.5,229250.5],[326792.584,232168.288699999],[324673.6989,236599.603399999],[325588.8018,238533.5998],[325311.0009,239685.699999999],[322937.8002,242814.304500001],[323200.9,245573.35],[324391.73,245807.49],[324440.13,247066.52],[321926.2961,248343.1019],[322357.7025,249453.404100001],[325255.2973,250120.6031],[326721.5,251374.404200001],[326049.0988,252193.5997],[324916.5984,251285.7995],[323321.5006,252276.495999999],[325255.6023,254507.7973],[324779.5985,256626.300799999],[326846.0994,257748.5996],[326818.998,260284.3037],[328790.4992,260483.5967],[328530.1036,261856.3038],[329390.8963,262569.6996],[331456.0037,263375.198999999],[333400.6014,262839.802200001],[335295.0031,263902.798],[331012.03,265044.220000001],[331879.3959,269766.6993],[334212.5997,270589.7039],[335069.5007,272770.499600001],[336535.3984,272851.1965],[336160.2975,274080.4047],[337036.6981,274729.5988],[338762.2987,274738.396299999],[337309.1973,275633.0002],[337639.7996,276868.196699999],[339296.45,275489.970000001],[339630.32,276718.970000001],[341915.63,277838.99],[344415.3022,277336.602600001],[345281.9983,276995.600199999],[345137.6025,275624.4027],[346145.9982,275543.3959],[346129.302,273494.5024],[350192.19,273301.68],[349098.67,271020.09],[347835.69,271172.699999999],[351401.26,268096.779999999],[353751.4982,268428.8024],[353121.1962,268944.504799999],[354783.15,271785.439999999],[357569.8,269436.130000001],[357953.97,267826.390000001]]]},"properties":{"LAD24CD":"E06000019"}},{"type":"Feature","geometry":{"type":"Polygon","coordinates":[[[379018.7577,315956.315099999],[378783.41,315078.789999999],[375937.6,314903.720000001],[374674.2972,315839.101399999],[371756.502,307322.3993],[371787.2973,304083.1965],[370541.6005,303347.3971],[370433.94,301954.68],[366133.898,303590.1976],[363000.61,306462.560000001],[362523.5011,308297.700099999],[358023.26,311441.17],[359742.4008,313565.5022],[355515.5,315101.23],[355321.04,318293.48],[356707.78,319023.34],[357425.03,318182.43],[358204.89,320054.77],[360144.05,320077.76],[359767.89,322436.73],[360810.35,323273.82],[362897.85,322914.5],[364109.08,321957.970000001],[363848.66,320965.25],[364905.45,322498.289999999],[366185.79,322233.970000001],[367299.7991,323186.3982],[367928.1964,322529.496300001],[367067.4038,320710.297],[368204.9996,320418.9004],[369324.2996,320830.4026],[368228.8031,324910.9046],[372043.6032,325577.3038],[374641.6962,323853.8971],[375058.77,322034.18],[374131.08,321403.27],[379018.7577,315956.315099999]]]},"properties":{"LAD24CD":"E06000020"}},{"type":"Feature","geometry":{"type":"Polygon","coordinates":[[[387965.24,354750.300000001],[388597.8968,354704.5963],[389302.9,352548.85],[391695.7042,351935.6634],[392281.6994,350089.997199999],[391262.8984,350013.9989],[391795.25,347149.1],[393154.9997,345953.101299999],[393048.9,344484.85],[394156.11,344417.460000001],[393920.95,343138.65],[394776.1024,341906.299699999],[394178.8665,341834.4945],[394641.36,341061.17],[391924.2018,339862.004899999],[391339.7011,341541.7041],[390312.8035,342092.5964],[389173.3031,339564.800000001],[388218.08,339603.58],[387897.05,338766.119999999],[385828.5012,342600.4246],[386377.5018,342690.395300001],[385637.5487,346462.070599999],[386512.1024,346979.797499999],[384100.6034,352925.5955],[386799.81,355074.84],[387965.24,354750.300000001]]]},"properties":{"LAD24CD":"E06000021"}},{"type":"Feature","geometry":{"type":"Polygon","coordinates":[[[379612.0649,170019.151000001],[380726.14,168570.25],[379868.73,167450.470000001],[380483.63,166502.060000001],[379453.11,166243.210000001],[379766.59,163430.4],[376113.5963,160776.897399999],[379450.4962,160439.604],[379131.503,159391.1041],[379952.6039,158503.598099999],[373099.8038,155128.904100001],[372148.2001,156263.599300001],[368585.6988,152886.7959],[367050.342,153310.1513],[366751.7993,152769.999399999],[364778.4017,153438.797900001],[365424.5012,154752.301899999],[361208.6035,156097.197000001],[356336.83,153930.25],[355568.1156,155268.8462],[351670.55,157893.01],[352219.5988,159253.803400001],[350784.7026,160095.502499999],[352008.4016,161387.9025],[351783.3491,164760.969699999],[352772.31,162554.93],[353536.13,162606.67],[352970.83,160534.949999999],[354196.0966,160475.703600001],[355243.5987,164206.2958],[356244.6975,164206.3957],[356469.697,165530.296800001],[357361.5982,164827.098099999],[356767.5003,165780.7951],[358129.8977,165704.297],[359041.1007,166666.8015],[360390.8007,166858.996400001],[361088.5967,168227.4047],[362817.6025,168149.497],[363512.2983,170773.695900001],[364607.9021,170099.198899999],[365911.3968,170118.4034],[365833.0027,168908.5997],[366653.9964,169284.202199999],[367449.8015,168647.704399999],[376235.5984,171227.1961],[377503.5981,170938.5987],[378359.5014,169317.3028],[379612.0649,170019.151000001]]]},"properties":{"LAD24CD":"E06000022"}},{"type":"Feature","geometry":{"type":"MultiPolygon","coordinates":[[[[342402.8836,174492.4877],[340495.344,172489.7929],[340841.4,172998.5],[342402.8836,174492.4877]]],[[[352551.7346,175951.1647],[352538.15,175945.550000001],[349612.345,178356.888],[350363.3965,178207.198100001],[352551.7346,175951.1647]]],[[[349490.9547,178381.082],[349237.8531,177312.351600001],[348491.0122,177389.537900001],[349236.1977,177315.0034],[349390.504,178401.102600001],[349490.9547,178381.082]]],[[[353370.0982,183052.801000001],[354814.0969,179554.702299999],[359783.0984,179992.1971],[359271.6985,178197.400900001],[361783.6966,177178.4025],[364283.3023,177340.1962],[364510.0002,173831.400599999],[363838.5966,172475.5987],[362615.25,172010.949999999],[364607.9021,170099.198899999],[363512.2983,170773.695900001],[362817.6025,168149.497],[361088.5967,168227.4047],[360390.8007,166858.996400001],[359041.1007,166666.8015],[356044.796,167351.4955],[356338.7984,171118.8971],[355607.8984,171469.096799999],[356608.4036,172382.5953],[355996.4964,174437.797],[354148.05,176610.949999999],[352551.9919,175951.2711],[350892.4985,177889.598999999],[350251.2966,179057.104800001],[350987.2531,179999.9857],[353370.0982,183052.801000001]]]]},"properties":{"LAD24CD":"E06000023"}},{"type":"Feature","geometry":{"type":"MultiPolygon","coordinates":[[[[331349.36,157501.59],[331306.2288,157390.3883],[331329.4674,157537.1677],[331349.36,157501.59]]],[[[330810.372,158465.566],[331093.6541,157958.918099999],[330403.5144,158589.4449],[330810.372,158465.566]]],[[[349612.345,178356.888],[352538.15,175945.550000001],[352551.7346,175951.1647],[352554.7028,175948.104699999],[352551.9919,175951.2711],[354148.05,176610.949999999],[355996.4964,174437.797],[356608.4036,172382.5953],[355607.8984,171469.096799999],[356338.7984,171118.8971],[356044.796,167351.4955],[359041.1007,166666.8015],[358129.8977,165704.297],[356767.5003,165780.7951],[357361.5982,164827.098099999],[356469.697,165530.296800001],[356244.6975,164206.3957],[355243.5987,164206.2958],[354196.0966,160475.703600001],[352970.83,160534.949999999],[353536.13,162606.67],[352772.31,162554.93],[351783.3491,164760.969699999],[352008.4016,161387.9025],[350784.7026,160095.502499999],[352219.5988,159253.803400001],[351670.55,157893.01],[343329.78,158974.029999999],[343610.8975,156123.599400001],[338941.68,156030.390000001],[338410.3478,156766.0372],[337540.3971,154991.9034],[334784.5019,156412.696699999],[333033.1025,156625.795700001],[332282.2001,155625.901900001],[331087.903,156011.4015],[331218.6828,156837.431399999],[331584.3298,157448.5538],[331129.9937,158063.851500001],[331418.0123,159999.9848],[331652.75,161577.949999999],[330842.95,162409.189999999],[332738.9,163178.050000001],[333123.82,164407.65],[333076.575,165316.84],[331847.96,165944.34],[332533.1374,166193.7903],[334724.7227,166795.0876],[334742.38,166194.960000001],[336277.5,166714.16],[338134.46,165760.76],[336592.14,166752.029999999],[340000.0127,171761.6492],[340495.344,172489.7929],[342402.8836,174492.4877],[344556.8,176553.300000001],[347630.101,177475.647500001],[348491.0122,177389.537900001],[349237.8531,177312.351600001],[349490.9547,178381.082],[349612.345,178356.888]]]]},"properties":{"LAD24CD":"E06000024"}},{"type":"Feature","geometry":{"type":"Polygon","coordinates":[[[379893.998,188356.7028],[380503.3987,186666.0967],[381203.9633,186556.7541],[382056.3,185699.800000001],[381610.45,181963.18],[382585.71,180916.699999999],[377585.66,177669.68],[378465.58,176524.93],[379927.9017,176451.400599999],[379548.901,173332.103499999],[380288.42,173250.74],[379612.0649,170019.151000001],[378359.5014,169317.3028],[377503.5981,170938.5987],[376235.5984,171227.1961],[367449.8015,168647.704399999],[366653.9964,169284.202199999],[365833.0027,168908.5997],[365911.3968,170118.4034],[364607.9021,170099.198899999],[362615.25,172010.949999999],[363838.5966,172475.5987],[364510.0002,173831.400599999],[364283.3023,177340.1962],[361783.6966,177178.4025],[359271.6985,178197.400900001],[359783.0984,179992.1971],[354814.0969,179554.702299999],[353370.0982,183052.801000001],[354118.48,186292.83],[356620.13,189832.210000001],[360000.0088,192458.0878],[360266.36,192665.02],[360727.172,195348.596999999],[363118.8061,197748.1316],[362599.2244,198225.396400001],[362706.5003,198319.900900001],[366230.18,196244.939999999],[366144.699,194117.8037],[369449.6174,194947.8126],[373385.3962,193530.401799999],[372380.0017,193002.0031],[373175.8975,192152.0964],[372759.9012,188798.6963],[374438.15,188812.67],[374773.24,189496.939999999],[377161.8981,188135.496099999],[379893.998,188356.7028]]]},"properties":{"LAD24CD":"E06000025"}},{"type":"Feature","geometry":{"type":"MultiPolygon","coordinates":[[[[245726.7164,60484.5413000006],[245476.8,60344.8499999996],[244877.6532,60791.4134999998],[245726.7164,60484.5413000006]]],[[[250032.7026,62615.0958999991],[250274.9012,61266.4020000007],[252160.1015,60385.6041000001],[252881.8989,57827.8961999994],[255144.5992,57717.4978],[256428.7015,56609.5050000008],[255971.2985,55203.8972999994],[254321.503,55075.4041000009],[254062.0969,52751.4992999993],[251333.6001,51089.0952000003],[249040.1282,51807.2215],[249018.5118,51844.6280000005],[248530.9921,53182.7462000009],[250331.9,52854.3000000007],[249839.8,53194],[250802.02,55374.0800000001],[250695.1,55757.5],[249614.8,53462.0500000007],[248404.7627,53529.2139999997],[248355.4015,53664.6978999991],[247837.9631,53560.6745999996],[246976.5128,53608.4900000002],[246882.6,54181.5],[246164.7,53242.0999999996],[246227.5,54412.0500000007],[245459.1626,54137.3213],[244881.4797,54189.1754000001],[244216.2,56766.3499999996],[245171.21,57467.2699999996],[244107.1998,56993.1952],[243991.0011,57126.2940999996],[243644.6173,58613.5545000006],[244148.9632,59999.9773999993],[244371.86,60612.7100000009],[246262.55,60005.3499999996],[246426.5295,60875.7032999992],[246273.0899,60789.9378999993],[246999.897,61842.4970999993],[248422.4998,61412.1002999991],[250032.7026,62615.0958999991]]]]},"properties":{"LAD24CD":"E06000026"}},{"type":"Feature","geometry":{"type":"Polygon","coordinates":[[[293106.3796,69626.2543000001],[293104.4736,69621.7028999999],[292620.9,65758.3499999996],[295010.2,63681.3000000007],[292479.9,62647.1999999993],[290740.86,63495.7200000007],[289543.5866,60000.0132999998],[289313.8,59329.0999999996],[290309.25,56945.9800000004],[292110.2,57027.8000000007],[292634.35,56207.75],[293122.07,56654.5299999993],[292580.2,57291],[294742.0662,56624.4495999999],[292900.1152,54341.2631000001],[292897.2679,54328.3813000005],[290289.41,53758.0399999991],[288164.8,56104.25],[287839.8036,57898.7959000003],[286474.47,57831.3900000006],[284460.44,59723.0700000003],[284698.36,61422.5600000005],[287439.8027,62581.8954000007],[287687.303,65412.4952000007],[288744.3033,66833.8982999995],[289090.802,66410.9993999992],[291601.79,68314.7799999993],[292277.97,69763.1300000008],[293106.3796,69626.2543000001]]]},"properties":{"LAD24CD":"E06000027"}},{"type":"Feature","geometry":{"type":"Polygon","coordinates":[[[421999.24,199088.359999999],[420827.56,196943.220000001],[421412.12,194863.5],[423632.17,192966.4],[422682.8,191607.5],[423152.7,190873.699999999],[421523.4,189664.5],[421498.34,187228.09],[422513.98,185662.65],[424000.74,186459.359999999],[424512.96,185954.789999999],[427654.42,180006.73],[419595.4019,178011.604],[419832.9008,176642.096100001],[415766.7005,175968.5988],[414136.6025,176185.296800001],[413043.2991,178695.3983],[411369.7991,178001.397],[410730.14,180624.98],[411408.8,179116.300000001],[411886.02,179622.470000001],[410226.85,183048.699999999],[410551.3,183838.9],[409446.43,184531.439999999],[409793.75,185158.49],[410832.4,184774.300000001],[410967.97,186660.619999999],[412309.398,187053.3959],[411348.3,187608.449999999],[411746.62,188667.75],[411016.67,190421.279999999],[412009.55,191848.109999999],[414724.52,192676.9333],[413986.66,195986.470000001],[414716.448,196490.7687],[417123.52,195960.710000001],[418942.84,196527.18],[420081.87,197041.220000001],[421066.75,199303.880000001],[421999.24,199088.359999999]]]},"properties":{"LAD24CD":"E06000030"}},{"type":"Feature","geometry":{"type":"Polygon","coordinates":[[[533246.0991,308906.795700001],[534704.6999,301457.597999999],[522976.2984,298283.796499999],[522287.2009,296296.5954],[522991.7002,295318.995200001],[522131.5012,295670.604499999],[520980.804,294830.494999999],[519803.1974,295440.774599999],[519182.1027,293125.5031],[517524.7959,292843.503799999],[515933.4991,291254.798599999],[513154.6991,295603.003900001],[513631.7996,296319.9987],[512042.0034,297561.0034],[509528.9995,297817.899900001],[508718.0977,299559.001499999],[507472.302,299057.904899999],[503186.1977,298398.4037],[502228.5008,299296.896500001],[503603.4967,303961.5013],[501955.9474,305785.7883],[504754.59,307403.99],[507958.27,306781.779999999],[511686.09,308380.68],[512669.2959,309871.7995],[515777.6015,309433.8049],[517754.2972,307382.402100001],[520976.096,309159.703299999],[522343.3992,307608.8972],[523189.5981,308534.202400001],[525850.1969,307594.501399999],[528418.5004,309965.2028],[529410.9997,309388.197899999],[531011.2011,310371.0966],[533246.0991,308906.795700001]]]},"properties":{"LAD24CD":"E06000031"}},{"type":"Feature","geometry":{"type":"Polygon","coordinates":[[[511131.3034,225358.101299999],[511733.0033,223452.3968],[513685.36,221297.880000001],[513353.1001,220771.7041],[512340.5983,220092.498500001],[510537.2963,220326.8015],[508723.0035,218503.703299999],[506419.3005,221540.2041],[502891.5027,223505.601500001],[504501.6972,224338.0033],[504231.5972,225990.9001],[507629.997,226615.201400001],[508626.6023,226415.7985],[508838.8961,224932.0032],[511131.3034,225358.101299999]]]},"properties":{"LAD24CD":"E06000032"}},{"type":"Feature","geometry":{"type":"MultiPolygon","coordinates":[[[[582308.8903,184789.5902],[582283.7283,184738.5889],[582229.4055,184749.8507],[582260.5581,185236.094599999],[583581.9,185575.25],[582330.4931,184847.4662],[582308.8903,184789.5902]]],[[[593290.6,187463.5984],[593494.5993,186302.300899999],[595587.8966,186356.0955],[595709.6685,186210.4933],[593105.86,183937.15],[585227.17,185551.689999999],[583736.2978,185484.1031],[583620.9877,185613.187000001],[582272.3826,185420.656300001],[582503.1001,189021.8024],[582954.2039,189736.297900001],[585490.7969,189390.596799999],[593290.6,187463.5984]]]]},"properties":{"LAD24CD":"E06000033"}},{"type":"Feature","geometry":{"type":"MultiPolygon","coordinates":[[[[576891.6282,182723.8727],[576944.1443,182389.5855],[576554.5358,182717.7699],[576891.6282,182723.8727]]],[[[567765,186970.1],[568431.56,185704.09],[570760.06,186738.15],[571136.43,185972.32],[572185.17,186219.380000001],[574117.705,184686.429199999],[575062.2,182715.5],[576433.47,182355.550000001],[569576.2181,180814.039799999],[568247.4,182295.6],[569163.492,180721.259],[569848.85,180510.07],[569764.7359,179999.9595],[569174.37,176419.68],[567215.83,175521.98],[562744.4,175193],[561107.75,177570.289999999],[560000.0114,177366.1855],[559682.05,177307.6],[558585.2,176070.199999999],[553651.631,179075.199899999],[553794.5971,179779.198100001],[554880.6035,180182.4027],[554622.5002,180975.5956],[555681.0011,181163.401900001],[555313.1972,182418.102700001],[556099.0999,183481.6982],[556473.7967,182292.4987],[557157.0979,182311.803099999],[557223.3964,183903.297599999],[561956.6964,184981.898800001],[560412.2975,187750.496300001],[565233.498,187905.901799999],[565862.4698,188078.5699],[566018.1,187028.5],[567765,186970.1]]]]},"properties":{"LAD24CD":"E06000034"}},{"type":"Feature","geometry":{"type":"MultiPolygon","coordinates":[[[[581512.2004,170173.0978],[582038.1034,169506.0987],[580761.8009,169538.1995],[581512.2004,170173.0978]]],[[[579729.6017,170287.0952],[578268.9974,170135.5985],[578449.4982,170778.804400001],[579729.6017,170287.0952]]],[[[580000.0095,178783.821699999],[581715.9,178370.5],[584810.09,178766.779999999],[586990.7,176810],[585622.4,178194.6],[587633.71,178305.25],[589088.45,176930.289999999],[589357.76,175242.34],[588484.6,174132],[586232.88,173865.18],[585766.9,175499.15],[584860.8073,175394.928400001],[583275.4,175212.57],[582126.44,174193.609999999],[581235.2,172279],[582047.82,173185.41],[582509.83,172721.609999999],[581641.57,171943.140000001],[580000.0011,171445.157400001],[578381.59,170954.199999999],[576207.619,171226.373],[575086.4,169816.25],[575626.54,168136.609999999],[576570.88,170972.390000001],[578259.6,169306.65],[579999.9984,168693.193600001],[580626.54,168472.35],[581136.84,168945.34],[580779.09,168508.609999999],[581876.23,167659.08],[582364.88,168713.550000001],[583249.5045,168831.5461],[582855.1972,167690.398499999],[582696.4962,166617.095699999],[583516.3027,166328.8982],[581314.7971,162568.804500001],[578650.6035,163080.797900001],[577337.6023,161827.5967],[576032.3019,162541.802200001],[574622.2975,163408.5041],[574382.1601,164710.9429],[571071.1992,166163.195599999],[570984.7002,163026.5035],[568528.0018,163757.7042],[567240.1975,163330.796399999],[567304.2039,164278.795],[569251.4977,168247.598999999],[570784.403,168671.0977],[570656.3984,169439.5978],[571757.7984,169474.3978],[572221.2038,171120.396600001],[573192.2989,171418.101399999],[572998.004,174523.8024],[570829.5667,176121.590700001],[570587.1,176683.859999999],[571513.45,176812.48],[570836.27,177086.02],[571495.47,178855.939999999],[576866.74,179538.560000001],[580000.0095,178783.821699999]]]]},"properties":{"LAD24CD":"E06000035"}},{"type":"Feature","geometry":{"type":"Polygon","coordinates":[[[492812.7977,165900.300899999],[488139.2992,163641.497400001],[485406.9024,159918.6031],[481057.176,162175.727700001],[482683.3032,164140.9045],[484402.2005,164328.300799999],[483458.5038,168044.897],[484079.1013,168449.801100001],[483496.3195,172036.535],[484659.8999,175115.902899999],[485922.598,174139.5024],[488715.497,173788.8028],[489396.3,175024.899],[491171.5029,175035.8958],[492309.6016,174042.9001],[493413.1041,174468.498199999],[493084.9012,172551.8969],[495273.5032,172355.703],[495278.4997,169270.0963],[492118.2008,171117.497500001],[490749.298,168793.3028],[492812.7977,165900.300899999]]]},"properties":{"LAD24CD":"E06000036"}},{"type":"Feature","geometry":{"type":"Polygon","coordinates":[[[453725.7004,182088.9969],[455258.9025,182377.404300001],[455269.5963,181353.1975],[459709.3968,183018.001],[459627.8037,180045.501800001],[461651.56,179323.619999999],[462430.704,177129.0967],[463428.8016,176705.4979],[465956.5972,177416.704299999],[467007.9002,175580.300000001],[465889.1031,173913.1972],[466165.2961,172920.3014],[467219.6993,173080.4956],[469533.4143,170176.5219],[468844.8998,166443.795299999],[470969.7015,164568.801999999],[470683.4,163129.903899999],[466237.5,162543.33],[463656.2047,165380.4945],[461663.8968,164277.5954],[461659.0982,162748.303099999],[460075.997,162365.2028],[457408.7032,162349.397299999],[452222.2959,163930.704700001],[445361,163318.1],[441086.33,163920.33],[439891.8,162113.73],[438804.29,161906.779999999],[439823.5962,159871.5341],[435051.6509,159037.911699999],[435920.04,161077.970000001],[434867.75,162035],[435223.83,163520.710000001],[431014.16,166371.85],[431190.37,167985.41],[429931.76,168562.560000001],[430334.1982,169315.5033],[433015.57,169546.609999999],[433173.25,172161.279999999],[429086.82,177339.32],[428908.1929,180749.1116],[429143.8999,182093.195699999],[430948.4965,183925.201300001],[432621.0978,183123.6008],[433867.1986,183653.3991],[436810.603,181209.998500001],[437241.1024,182315.302100001],[438393.4981,182091.396199999],[439858.7031,183122.801000001],[440132.3979,182031.203400001],[441364.3008,183316.795399999],[442832.3009,182571.5988],[443962.0969,183920.4027],[445698.4985,182959.0978],[446626.9006,185194.8978],[451374.0028,182357.4001],[453725.7004,182088.9969]]]},"properties":{"LAD24CD":"E06000037"}},{"type":"Feature","geometry":{"type":"Polygon","coordinates":[[[473102.2041,173916.2963],[474557.4796,172329.3204],[473398.2018,172436.300000001],[473551.5022,170563.0962],[472290.0986,168658.001499999],[471468.99,168358.220000001],[470925.01,169560.189999999],[469889.59,169431.130000001],[469533.4143,170176.5219],[467219.6993,173080.4956],[466165.2961,172920.3014],[465889.1031,173913.1972],[467007.9002,175580.300000001],[468618.2018,174607.8983],[469644.2007,176625.400800001],[472471.1024,177641.0001],[473635.2968,175644.1018],[472675.0027,174557.602700001],[473102.2041,173916.2963]]]},"properties":{"LAD24CD":"E06000038"}},{"type":"Feature","geometry":{"type":"Polygon","coordinates":[[[504919.2023,178392.095100001],[503603.77,175523.73],[502587.903,175761.3982],[501859.6992,177444.0965],[500018.1978,178567.504899999],[499682.698,177907.9037],[497229.0998,179079.998199999],[496744.1995,178508.6018],[495423.2995,179280.400900001],[494342.7018,178838.997199999],[493149.897,179292.5974],[493055.2025,181910.098099999],[495073.5028,183109.8047],[497928.6025,181359.795600001],[499474.7988,182536.198899999],[498939.1007,182116.199100001],[499421.2966,180119.7006],[502320.796,179981.000299999],[502020.9974,178182.595100001],[504919.2023,178392.095100001]]]},"properties":{"LAD24CD":"E06000039"}},{"type":"Feature","geometry":{"type":"Polygon","coordinates":[[[494342.7018,178838.997199999],[495423.2995,179280.400900001],[496744.1995,178508.6018],[497229.0998,179079.998199999],[499682.698,177907.9037],[500018.1978,178567.504899999],[501859.6992,177444.0965],[502587.903,175761.3982],[501489.2981,174217.9],[502778.9,171735.25],[499346.2006,173414.199999999],[497813.86,172346.32],[496215.7983,166832.903899999],[496383.9975,165851.7048],[492812.7977,165900.300899999],[490749.298,168793.3028],[492118.2008,171117.497500001],[495278.4997,169270.0963],[495273.5032,172355.703],[493084.9012,172551.8969],[493413.1041,174468.498199999],[492309.6016,174042.9001],[491171.5029,175035.8958],[489396.3,175024.899],[488715.497,173788.8028],[485922.598,174139.5024],[484659.8999,175115.902899999],[483496.3195,172036.535],[482238.3997,172239.7962],[481112.3964,174547.4956],[481928.6987,175506.5011],[481375.7024,177106.903000001],[482171.5982,179363.1972],[479604.4984,181417.599099999],[480348.51,183509.279999999],[483785.8987,184297.604699999],[485048.4,186049.9],[486248.97,185834],[488925.2019,187298.595699999],[489387.34,185885.109999999],[490448.4028,185952.0011],[490830.3964,185026.0962],[490091.3009,179927.695599999],[493685.6034,177143.3026],[494938.0034,177932.796599999],[494342.7018,178838.997199999]]]},"properties":{"LAD24CD":"E06000040"}},{"type":"Feature","geometry":{"type":"Polygon","coordinates":[[[480348.51,183509.279999999],[479604.4984,181417.599099999],[482171.5982,179363.1972],[481375.7024,177106.903000001],[481928.6987,175506.5011],[481112.3964,174547.4956],[482238.3997,172239.7962],[483496.3195,172036.535],[484079.1013,168449.801100001],[483458.5038,168044.897],[484402.2005,164328.300799999],[482683.3032,164140.9045],[481057.176,162175.727700001],[478224.53,162103.029999999],[475024.5978,163543.4955],[470645.1017,162796.499299999],[470683.4,163129.903899999],[470969.7015,164568.801999999],[468844.8998,166443.795299999],[469533.4143,170176.5219],[469889.59,169431.130000001],[470925.01,169560.189999999],[471468.99,168358.220000001],[472290.0986,168658.001499999],[473551.5022,170563.0962],[473398.2018,172436.300000001],[474557.4796,172329.3204],[473102.2041,173916.2963],[474996.9027,174880.200300001],[476883.0017,178101.998199999],[478505.56,178899.890000001],[477902.0005,181103.399],[476379.8962,182545.8961],[476591.7036,183461.404100001],[477752.1958,185399.499399999],[480348.51,183509.279999999]]]},"properties":{"LAD24CD":"E06000041"}},{"type":"Feature","geometry":{"type":"Polygon","coordinates":[[[496530.3968,246752.0973],[491372.402,239759.5989],[493174.2035,238517.104499999],[493396.9026,237054.5032],[492670.05,236426.960000001],[493200.55,235586.130000001],[491972.2962,234321.295600001],[493128.196,231282.295499999],[492630.4,230941.6313],[488461.6976,233153.5998],[488428.2968,231824.700200001],[486627.897,230902.304300001],[485113.1969,232622.5019],[482252.3008,232570.696699999],[481094.4964,235529.0998],[477514.9,238579.699999999],[478787.8004,239766.096999999],[478068.4023,240892.704500001],[479645.8,241236.050000001],[480198.81,242158.32],[479109.0032,244310.496200001],[477530.9974,245234.501700001],[477377.7,246538.4],[476308,246792.800000001],[476716.96,248142.65],[480303.2014,248902.2018],[480025.9035,250129.600500001],[481256.22,250015.07],[481669.8037,251635.499399999],[482740.3013,251024.704299999],[483673.502,252976.4956],[485608.4035,252803.0952],[488587.7975,255602.6039],[491131.704,256034.000399999],[493941.1013,254585.705],[493775.14,251631.92],[493090.28,251373.560000001],[493482.1977,249871.804300001],[495423.7035,249309.495300001],[496530.3968,246752.0973]]]},"properties":{"LAD24CD":"E06000042"}},{"type":"Feature","geometry":{"type":"Polygon","coordinates":[[[531278.1321,111341.6851],[531282.82,110390.27],[532244.2995,109895.0022],[533939.5995,110440.9959],[534839.3005,109927.302999999],[535739.15,106400.75],[538315.46,106463.970000001],[537731.0991,104295.595000001],[539529.8993,104344.1011],[539862.3979,103579.100099999],[538325.977,101777.971100001],[538319.7471,101780.125600001],[538015.8961,101849.023],[534487.623,102981.82],[534533.9792,102638.538699999],[533293.8278,102919.739800001],[533318.842,103184.916999999],[527460.765,104242.3717],[525737.5455,104633.1073],[525682.2505,104638.105699999],[523604.0031,108612.2994],[523996.6,109075.196900001],[524849.9968,110241.0032],[527618.6965,109239],[527938.9681,111438.7348],[528901,111919.6],[528964.89,110629.470000001],[531278.1321,111341.6851]]]},"properties":{"LAD24CD":"E06000043"}},{"type":"Feature","geometry":{"type":"MultiPolygon","coordinates":[[[[464020.65,102122.5],[463398.181,101946.029999999],[463739.337,102733.824999999],[464020.65,102122.5]]],[[[467404.9,104009.529999999],[467455.7255,100000.0019],[467462.945,99430.466],[468189.5113,100000.0383],[468357.035,100131.364],[468387.9658,100000.042300001],[468549.029,99316.2229999993],[464359.9185,97969.1988999993],[463824.7086,98454.8951999992],[462904.45,99365],[462833.2331,100000.0063],[462699.379,101193.517999999],[464129.72,101451.91],[463876.9319,101752.5353],[464158.0523,102278.3957],[463910.0049,102999.386700001],[463468.651,103403.137],[464580.8,103209.199999999],[465173.5,104571.949999999],[467404.9,104009.529999999]]],[[[459460.064,104647.916999999],[459460.0946,104561.263800001],[459152.3899,104623.096000001],[459460.064,104647.916999999]]],[[[459623.65,105400.6],[462172.4165,104566.0055],[462140.85,104367.550000001],[459999.9794,105234.9099],[459634.689,105382.904999999],[458454.157,104822.511],[458450.4507,104920.0277],[459623.65,105400.6]]],[[[468895.6976,106298.6017],[468833.1375,104016.182399999],[468768.703,103443.189999999],[467957.247,104431.679],[465018.572,104604.647],[464281.2,103609.6],[463025.052,104644.229],[463267.412,105557.380000001],[462480.4651,105264.4989],[462330.629,106902.389599999],[466675.8,106762.35],[468895.6976,106298.6017]]]]},"properties":{"LAD24CD":"E06000044"}},{"type":"Feature","geometry":{"type":"Polygon","coordinates":[[[443658.5962,116637.4022],[445435.2997,115930.204600001],[445217.3992,114783.902799999],[446955.4004,113592.8037],[447774.5967,111495.1042],[444919.9586,109000.437100001],[444760.2506,109141.077299999],[443399.7,110411.25],[443348.95,111794.699999999],[444267.35,112707.1],[443947.3,112544.1],[443129,112116.35],[442778.9,109458.199999999],[442362.78,110738.029999999],[439999.9691,112138.578199999],[439283.1,112563.5],[438976.9,111737.4],[437701.1911,112456.6061],[437029.8966,114002.197899999],[436847.4608,114488.347999999],[438763.5034,116864.6971],[440583.9964,116580.7984],[441807.0028,117579.602499999],[443658.5962,116637.4022]]]},"properties":{"LAD24CD":"E06000045"}},{"type":"Feature","geometry":{"type":"Polygon","coordinates":[[[448601.8205,96625.9679000005],[449740.9001,96038.4200999998],[449825.7955,96061.9284000006],[450702.75,92514.5700000003],[450073.1461,96130.4218000006],[451254.4828,96457.5436000004],[453160.446,94966.9149999991],[453546.982,93488.6659999993],[454078.335,94021.1209999993],[454569.1538,93833.6981000006],[455390.398,93133.5983000007],[455376.4898,93107.8546999991],[455422.2564,93106.4395000003],[455525.529,93018.4010000005],[457196.044,93051.5895000007],[459759.08,92972.3340000007],[460000.0331,92871.5291000009],[463013.726,91610.7239999995],[463939.563,88695.4489999991],[463451.98,89300.0299999993],[463079,88586.5],[464652.5485,88697.1278000008],[465775.0623,87951.8307000007],[463805.998,85421.9079999998],[463754.7458,85414.8659000006],[462044.808,85261.8790000007],[461877.0099,85156.8617000002],[461464.63,85100.1999999993],[460000.0349,84035.5001999997],[459456.95,83640.6999999993],[458389.5743,80000.0151000004],[457750.42,77819.9399999995],[449560.6482,75322.6539999992],[445397.468,79082.1512000002],[444390.9303,80000.0182000007],[443315.4,80980.8000000007],[439999.9987,82440.8852999993],[439120.3,82828.3000000007],[436736.7041,85161.4889000002],[436554.978,85346.3809999991],[436548.2345,85345.9728999995],[436533.7,85360.1999999993],[429321.4948,84910.9182999991],[429508.0985,85030.4449000005],[432016.19,86611.8000000007],[433839.2847,89818.9456999991],[433968.6149,89831.4077000003],[435291.32,89805.0099999998],[434719.95,89690.8699999992],[435420.34,88821.3399999999],[435647.63,89154.3900000006],[435125.41,89675.6099999994],[437556.084,90126.4069999997],[439999.9931,91670.0693999995],[440463.3707,91962.7556999996],[441248.5621,91897.3013000004],[441617.832,91805.2650000006],[440893.61,91826.1899999995],[441535.9,91165],[441450.49,90794.9900000002],[441544.2,89486.6999999993],[441615.99,90704.3900000006],[442619.32,90264.4499999993],[441879.007,91218.5399999991],[443520.51,91609.5199999996],[442193.6744,92052.4412999991],[442777.7413,92309.1557],[445729.71,93475.9499999993],[448601.8205,96625.9679000005]]]},"properties":{"LAD24CD":"E06000046"}},{"type":"Feature","geometry":{"type":"Polygon","coordinates":[[[428364.9765,554226.32],[428209.8,553523.4],[430141.5029,553813.602],[431767.297,553033.707900001],[431943.0982,548600.204299999],[433401.3032,546209.398600001],[432839.5012,545053.7994],[437218.7995,545517.9965],[437816.6983,547802.502599999],[437248.01,549557.91],[441989.6758,551938.351500001],[443719.2717,549405.2608],[443171.22,549458.356000001],[445003.8,541727.4],[446380.2238,539999.9769],[448964.1052,536757.1845],[448290.1026,536324.7981],[447097.001,537152.0013],[444844.1,536065.91],[445116.93,535008.859999999],[443972.74,533128.67],[442350.28,533093.68],[443235.97,532104.92],[442165.01,529898.91],[442604.5971,528543.395500001],[440056.1201,527806.952400001],[438036.11,524784.83],[435564.2,524070.199999999],[436388.0024,522354.1971],[435529.0979,521874.304500001],[434412.71,522945.1],[430674.6038,522465.1953],[428617.7991,521969.1973],[429000.7987,520883.898],[427487.0961,520635.9989],[426369.5028,522285.096899999],[426954.9022,524003.1951],[425536.7022,523211.001800001],[425492.6983,524779.8028],[420606.6998,524780.8025],[420823.7016,521243.395099999],[419872.1968,521341.596999999],[418911.4988,519918.5043],[418897.3008,518698.603499999],[420069.5011,517931.903000001],[419162.9979,517140.999399999],[419709.2991,515678.2981],[418128.6962,516372.2994],[417372.6983,514748.6042],[414354.9977,515198.4954],[414594.5002,512401.2961],[413511.0002,509923.6953],[410495.0971,512580.3048],[409306.9013,512032.8016],[409225.5968,509620.0022],[403823.5976,506445.301000001],[402039.5973,506235.700999999],[400308.0025,507946.9011],[397199.6969,508869.497099999],[397299.5034,509805.599099999],[392540.0996,507436.8971],[389063.3964,506991.704600001],[389793.9995,508529.0045],[388941.9961,515253.5996],[387315.6991,515286.800100001],[386548.1993,517404.304],[380423.199,522376.8006],[379121.8975,526327.6997],[381516.4034,528412.6029],[381206.7024,529905.5955],[378990.496,530676.8048],[377420.1004,532376.1983],[377170.4977,533681.8046],[379118.7974,536896.904300001],[380030.2971,544057.604599999],[381924.7978,544854.896400001],[386019.1962,543073.6962],[387332.8983,545780.4014],[389204.5024,545427.602399999],[391121.0009,549681.004899999],[394794.9,549263.23],[397552.22,550381.57],[400036.5009,552765.202099999],[401366.9982,552600.1993],[403353.33,550909.220000001],[404424.82,551041.65],[405647.16,548800.26],[405643.09,549430.84],[408438.9025,550680.5988],[409435.5985,555169.3039],[411599.4961,556797.513699999],[413274.707,556557.616],[414098.2,557448.4],[414926.5041,556913.5046],[417013.45,558237.550000001],[417735.4,557159.4],[419430.6,557188.74],[419869.2038,556473.1007],[420950.0984,557252.797499999],[420904.8,555976.9027],[422591.5993,555416.403200001],[422519.6035,553895.498500001],[426119.75,556438.449999999],[427053.7027,553747.5009],[428364.9765,554226.32]]]},"properties":{"LAD24CD":"E06000047"}},{"type":"Feature","geometry":{"type":"Polygon","coordinates":[[[379197.65,384549.85],[380325.05,383567.9],[380031.6988,382620.4954],[383030.3038,384895.7041],[384071.9024,384769.4003],[387753.7743,383988.192500001],[388048.2975,383029.7983],[387168.7968,382432.099300001],[389393.35,381152.689999999],[390503.2974,382893.6972],[390032.3972,383480.099400001],[390846.3991,385612.698899999],[391893.9999,385008.9999],[393767.75,385469.609999999],[395555.56,384498.58],[397398.6008,386357.795600001],[398030.7991,385931.897500001],[399645.7015,384185.897299999],[399468.5,373733],[401774,370433.5],[400748.16,369550.699999999],[400939.8642,368502.888699999],[399980.22,366205.73],[397016.4,366186.890000001],[395403.36,363838.210000001],[392618.65,363506.18],[390717.17,365202.01],[390640.38,362172.060000001],[389696.76,362512.33],[385953.4007,357646.1043],[383526.65,354766.550000001],[383138.0998,355224.7974],[380443.8034,353494.002699999],[378792.01,353843.83],[376800.3027,351045.503599999],[374526.29,350646],[374326.504,347720.395400001],[375245.78,346420.84],[374394.8968,345675.2009],[374540.3974,344631.399700001],[370775.9993,343300.7006],[370905.17,341442.220000001],[367776.62,340269.57],[365086.9,342013.300000001],[364516.9013,338994.1033],[362399.1986,340989.0023],[360701.2025,339937.6033],[359950.4979,340792.298599999],[360154.2004,342637.500399999],[357635.4991,344557.500800001],[354804.3018,343358.704],[353161.3992,344461.998199999],[355251.7035,349249.697699999],[353016.3026,351014.102600001],[351942.4988,349900.3015],[349647.7004,352706.598200001],[351093.1998,355204.1033],[352459.7032,355394.298800001],[352842.4967,358157.097999999],[355176.0963,357840.998500001],[355955.3041,359485.4977],[357188.6003,359218.903999999],[358282.33,361703.779999999],[360499.37,360980.99],[360211.7014,362580.6018],[361072.7991,362198.101299999],[361827.4036,363079.199100001],[363786.7022,361539.6997],[366685.8966,363118.3978],[368741.7036,361834.495300001],[370425.6996,362618.800799999],[370452.1003,363837.402000001],[369527.3013,364494.7039],[369600.3031,367377.798599999],[371326.8024,366849.999700001],[372934.9026,364184.1028],[373891.4039,364827.0987],[374808.4031,363943.001800001],[375458.59,365152.710000001],[375207.3981,366563.1018],[372701.4025,367701.9958],[372441.6006,369216.9022],[373311.8008,369485.495300001],[373645.6021,370885.804400001],[375808.1003,369673.701400001],[376806.32,372499.359999999],[375765.589,372467.342],[373810.6023,374488.6031],[372454.9988,374670.4011],[371582.8033,373880.0973],[369884.2959,376491.799699999],[366899.3035,377107.803400001],[365972.7977,380611.9004],[367209.5981,383045.503799999],[365582.6992,382955.999399999],[365410.3032,383570.3035],[367700.3029,385779.6011],[370826.6982,385621.1965],[371724.8986,387929.695699999],[375502.296,385257.706],[377475.1,385671.85],[379197.65,384549.85]]]},"properties":{"LAD24CD":"E06000049"}},{"type":"Feature","geometry":{"type":"Polygon","coordinates":[[[353161.3992,344461.998199999],[351298.6997,343127.000299999],[349080.2011,343500.0035],[348530.7008,344444.903100001],[346172.5969,343884.803300001],[343988.3977,344750.3956],[343473.8976,347039.2004],[342341.6034,347629.001599999],[342718.1965,349227.404100001],[341763.402,350140.602700001],[342504.501,351121.301999999],[341618.0003,351617.1],[342363.2961,351835.5975],[341030.4985,353379.5955],[341436.8975,354167.899900001],[339686.5041,355359.798699999],[341131.5994,358631.202299999],[339169.2996,357658.300799999],[335612.9986,359943.296700001],[334590.8007,361944.8038],[333553.7039,362356.7958],[338075.6005,364211.504899999],[338471.5036,366195.8969],[333460.4028,371444.3046],[330973.5028,373253.9965],[327646.6533,373859.0573],[327642.6132,373862.543199999],[326246.0142,375545.829500001],[326256.5298,375568.8619],[327479.032,375107.991],[327703.863,375577.878],[326077.121,376108.089],[328249.602,376384.538000001],[326210.343,376277.846000001],[326560.6121,376510.510199999],[326844.459,376444.833000001],[327483.529,377123.551999999],[326603.9893,376539.3232],[326260.062,376674.466],[326970.675,377491.149],[326116.969,376751.214],[325417.06,377429.391000001],[326426.297,377754.135],[325235.9429,377513.161900001],[325853.5611,378067.392000001],[327022.832,378002.445],[326179.5986,378359.974400001],[328536.7986,380475.2995],[331706.398,378355.496300001],[333947.0016,379365.2972],[335584.2976,378691.5001],[337491.95,379682.199999999],[338012.4,379191.15],[338206.2577,379450.5063],[338219.8616,379429.442199999],[339999.973,377984.002499999],[340803.8005,377331.2994],[340076.6026,378160.402100001],[343066.8967,377568.7015],[342945.9004,377001.104],[344139.9996,378303.101299999],[343698.7981,379221.498400001],[345725.3022,379111],[347521.901,377894.2983],[349944.2722,380000.011499999],[349968.3014,380020.899499999],[349966.7855,380023.963199999],[350858.7,379122.050000001],[351890.11,379819.24],[353398.43,378988.4],[354451.3967,380052.8004],[357345.1988,378866.9998],[357116.8023,379436.4968],[358511.1988,379342.103800001],[358798.95,380548.619999999],[359515.6039,379630.801200001],[360448.9036,380778.1028],[361050.2984,381545.5031],[362670.997,380858.899700001],[365582.6992,382955.999399999],[367209.5981,383045.503799999],[365972.7977,380611.9004],[366899.3035,377107.803400001],[369884.2959,376491.799699999],[371582.8033,373880.0973],[372454.9988,374670.4011],[373810.6023,374488.6031],[375765.589,372467.342],[376806.32,372499.359999999],[375808.1003,369673.701400001],[373645.6021,370885.804400001],[373311.8008,369485.495300001],[372441.6006,369216.9022],[372701.4025,367701.9958],[375207.3981,366563.1018],[375458.59,365152.710000001],[374808.4031,363943.001800001],[373891.4039,364827.0987],[372934.9026,364184.1028],[371326.8024,366849.999700001],[369600.3031,367377.798599999],[369527.3013,364494.7039],[370452.1003,363837.402000001],[370425.6996,362618.800799999],[368741.7036,361834.495300001],[366685.8966,363118.3978],[363786.7022,361539.6997],[361827.4036,363079.199100001],[361072.7991,362198.101299999],[360211.7014,362580.6018],[360499.37,360980.99],[358282.33,361703.779999999],[357188.6003,359218.903999999],[355955.3041,359485.4977],[355176.0963,357840.998500001],[352842.4967,358157.097999999],[352459.7032,355394.298800001],[351093.1998,355204.1033],[349647.7004,352706.598200001],[351942.4988,349900.3015],[353016.3026,351014.102600001],[355251.7035,349249.697699999],[353161.3992,344461.998199999]]]},"properties":{"LAD24CD":"E06000050"}},{"type":"Feature","geometry":{"type":"Polygon","coordinates":[[[374602.2024,332762.2972],[373571.6027,326638.200200001],[372043.6032,325577.3038],[368228.8031,324910.9046],[369324.2996,320830.4026],[368204.9996,320418.9004],[367067.4038,320710.297],[367928.1964,322529.496300001],[367299.7991,323186.3982],[366185.79,322233.970000001],[364905.45,322498.289999999],[363848.66,320965.25],[364109.08,321957.970000001],[362897.85,322914.5],[360810.35,323273.82],[359767.89,322436.73],[360144.05,320077.76],[358204.89,320054.77],[357425.03,318182.43],[356707.78,319023.34],[355321.04,318293.48],[355515.5,315101.23],[359742.4008,313565.5022],[358023.26,311441.17],[362523.5011,308297.700099999],[363000.61,306462.560000001],[366133.898,303590.1976],[370433.94,301954.68],[370541.6005,303347.3971],[371787.2973,304083.1965],[371756.502,307322.3993],[374674.2972,315839.101399999],[375937.6,314903.720000001],[378783.41,315078.789999999],[379252.4993,313720.297900001],[378148.5021,312010.8972],[378476.3999,310903.904100001],[379610.4998,309514.6017],[383351.98,309510.310000001],[383951.9038,307356.6994],[383342.4041,306575.503],[384220.0002,306482.899599999],[384339.8009,305574.7995],[382749.9965,301364.704600001],[381027.3971,300934.5977],[378172.0994,301734.0989],[378282.6987,299584.804099999],[379754.4998,299510.6953],[382343.0038,296834.501399999],[380944.0972,295097.398600001],[382705.72,293794.390000001],[381833.797,292568.102600001],[382392.301,291833.402899999],[380321.0015,290459.496200001],[378860.6033,287966],[380567.9988,284188.9011],[378903.6013,282217.395500001],[375384.7988,282444.600400001],[374722.3,278277.539999999],[377258.44,276418.98],[375095.8012,276732.695499999],[373504.7023,276014.1011],[372160.5017,276647.299900001],[371861.08,274546.07],[367771.5,274452.48],[366834.3,273148.5],[367264.8977,270439.8967],[365123.103,270247.301899999],[365202.6018,271125.1006],[363367.3996,271920.302999999],[361786.302,270705.300799999],[361743,268256.4],[360923.89,268989.050000001],[357953.97,267826.390000001],[357569.8,269436.130000001],[354783.15,271785.439999999],[353121.1962,268944.504799999],[353751.4982,268428.8024],[351401.26,268096.779999999],[347835.69,271172.699999999],[349098.67,271020.09],[350192.19,273301.68],[346129.302,273494.5024],[346145.9982,275543.3959],[345137.6025,275624.4027],[345281.9983,276995.600199999],[344415.3022,277336.602600001],[341915.63,277838.99],[339630.32,276718.970000001],[339296.45,275489.970000001],[337639.7996,276868.196699999],[337309.1973,275633.0002],[338762.2987,274738.396299999],[337036.6981,274729.5988],[336160.2975,274080.4047],[336535.3984,272851.1965],[335069.5007,272770.499600001],[333725.597,273405.3979],[329236.4003,272313.8003],[327847.0003,272769.300000001],[324494.6986,276040.703500001],[321529.1975,277257.7951],[319907.74,279701.550000001],[317162.14,281060.08],[316113.8,283443.76],[318779.6016,287123.6011],[319932.2034,286876.002],[324674.9027,289582.1973],[330232.4037,289759.396600001],[330052.4964,292261.100500001],[331980.3979,291800.202400001],[332689.9019,295470.401799999],[331364.6979,298001.5973],[326374.3005,295385.7961],[326472.4992,293512.0024],[323227.15,292779.68],[322969.6014,293515.001599999],[324715.0974,294302.0963],[322893.7963,299265.4955],[324390.2007,299246.900800001],[326300.4989,300746.7015],[326041.8019,301844.5973],[327457.9983,304006.5984],[328365.56,304187.609999999],[326776.0988,305388.6028],[328981.11,306032.140000001],[329874.6999,309134.7005],[329327.904,310910.802100001],[331012.304,312600.1985],[331185.2029,314648.702099999],[332515.0983,314093.0012],[334075.5998,314774.2962],[334024.1012,313525.103700001],[335175.6971,313632.902899999],[334930.0025,315394.298699999],[333159.5983,315590.8024],[333129.3966,316696.8958],[331129.4993,317635.497199999],[331881.79,318351.76],[331468.83,319375.33],[330234.2,318993.630000001],[329999.91,319704.84],[329082.49,319517.199999999],[329409.45,319962.720000001],[327267.3973,319869.5977],[326472.2023,321567.1018],[326827.8036,322555.298900001],[324672.7013,321252.0019],[321823.6039,322650.401699999],[322359.401,323823.7958],[321349.0017,323946.9005],[321391.9997,325274.500499999],[322554.0009,327848.003900001],[321771.1983,328408.703400001],[324182.7962,330552.399700001],[322540.7016,331874.101399999],[323688.4966,332552.997099999],[322891.6032,333139.2992],[325141.3011,333527.698100001],[326423.11,337552.960000001],[327726.5977,336993.1961],[330515.41,337395.34],[332269.6016,340345.0966],[334130.0997,340652.898499999],[334614.5959,341735.0987],[335609.9974,339739.5999],[337669.6961,338322.795499999],[340474.8968,339828.304500001],[340728.3005,339169.802999999],[343580.3991,338688.8007],[346355.901,333443.202299999],[349317.5022,336623.0021],[351125.8008,336679.2959],[351448.1002,340216.103499999],[350715.9965,341650.302999999],[351298.6997,343127.000299999],[353161.3992,344461.998199999],[354804.3018,343358.704],[357635.4991,344557.500800001],[360154.2004,342637.500399999],[359950.4979,340792.298599999],[360701.2025,339937.6033],[362399.1986,340989.0023],[364516.9013,338994.1033],[365086.9,342013.300000001],[367776.62,340269.57],[370905.17,341442.220000001],[370775.9993,343300.7006],[374540.3974,344631.399700001],[375339.0965,342507.797499999],[374599.399,342145.201300001],[374149.903,339605.8982],[372360.98,340567.4],[372849.92,338956.77],[371531.48,339264.220000001],[370749.79,338585.560000001],[368432.8,334372.1],[370071.51,330817.32],[370459.1004,331618.604499999],[374602.2024,332762.2972]]]},"properties":{"LAD24CD":"E06000051"}},{"type":"Feature","geometry":{"type":"MultiPolygon","coordinates":[[[[207459.685,90573.1254999992],[207477.4688,90538.6870000008],[207443.7855,90541.3328000009],[207459.685,90573.1254999992]]],[[[184141.4982,39443.8138999995],[184384.4,40211.4600000009],[185698.8184,40726.4221999999],[185094.32,40693.3000000007],[184666.3529,42670.7118999995],[184924.85,40617.5999999996],[184020.1889,40263.4991999995],[183981.9414,39476.8256000001],[183816.6516,38917.1308999993],[183279.15,39160.8499999996],[182948.54,38243.0099999998],[182613.52,38782.9199999999],[182883.89,38135.4499999993],[181764.32,37060.4199999999],[181459.34,37400.5700000003],[182035.01,35611.1600000001],[180414.82,36111.3000000007],[182246.2254,35246.7419000007],[182469.8322,34622.4159999993],[182063.7732,33741.7561000008],[181945.0625,33617.3661000002],[180730.6644,33961.9624000005],[180319.8766,34177.0039000008],[180379.3817,34061.6420000009],[180000.0193,34169.2895],[178566.9,34575.9499999993],[180000.0286,33437.0923999995],[181249.35,32444.3000000007],[182234.7376,32850.3657000009],[182286.6069,32866.9624000005],[182753.2824,31528.7532000002],[182609.9534,31604.8050999995],[181838.45,32051.3499999996],[180269.05,31246.5500000007],[180486.4,30538.3000000007],[179999.9984,30266.8191],[178976.55,29695.5899999999],[179752.14,27806.7259999998],[178786.8969,27054.3973999992],[176837.163,26879.1988999993],[175924.0548,26931.5570999999],[175736.0972,27260.9867000002],[176283.742,28040.1260000002],[175749.778,28232.9360000007],[175540.4939,27603.8165000007],[175529.1768,27623.6517999992],[175160.2199,26806.7116999999],[174065.1366,26666.7218999993],[173861.8866,27050.8604000006],[173824.492,28411.807],[173461.51,26999.8900000006],[173843.6296,26610.3021000009],[173848.829,26549.8350000009],[173898.6011,26554.2562000006],[174121.5781,26326.9210999999],[173192.3273,26032.2294999994],[174481.1007,26172.8860999998],[174930.615,25329.6850000005],[174755.4197,26202.8252000008],[175599.0635,26294.9003999997],[175810.24,25964.3100000005],[177852.5746,26183.3704000004],[178368.9425,25926.9240000006],[178726.3854,25591.8890000004],[178049.1,25348.7899999991],[178394.3076,25329.7884999998],[177043.15,24900.0700000003],[180000.0074,25138.0831000004],[180055.5,25142.5500000007],[180000.0014,24834.3379999995],[179721.38,23287.0099999998],[180000.0073,23232.5514000002],[180564.6,23122.1999999993],[181206.58,21442.8499999996],[180556.9632,19999.9997000005],[180336.8,19511],[179999.9961,19364.3673999999],[178294.56,18621.8800000008],[178649.63,17420.8300000001],[177869.8,16176.5],[176368.62,16794.8000000007],[173187.99,16319.9499999993],[171460.1,13064.3000000007],[171616.24,11844.5800000001],[169864.0275,11609.3476],[169266.0056,12731.3267999999],[169241.96,12888.6300000008],[168312.2606,13160.5490000006],[167391.7082,13495.4145],[167550.6,14371],[167468.7158,14487.6293000001],[167477.1,14522.9000000004],[166595.5872,15731.2446999997],[165900.6721,16721.0266999993],[166011.1728,16958.5689000003],[166876.344,18578.443],[166837.3166,18734.5211999994],[166846.309,18753.852],[166826.2432,18778.8059999999],[166520.8778,20000.0239000004],[166519.557,20005.3059999999],[165248.19,20904.0800000001],[165363.8,22515.3000000007],[162866.77,25838.7200000007],[161268.9,26661.6600000001],[160949.0237,26614.9436000008],[160755.6,26705.5600000005],[159593.6198,26416.9935999997],[159532.45,26408.0600000005],[157561.3,28113],[154840.79,27502.8000000007],[154899.19,28452.4000000004],[154510.0021,28722.5902999993],[152536.63,30485.8440000005],[152267.9816,30279.0936999992],[151100.115,31089.875],[147778.25,30818.3499999996],[147662.3,29771.6999999993],[146311.28,28968.4900000002],[146372.5118,28849.2932999991],[146342.65,28830.8000000007],[146944.7825,27735.284],[147365.4,26916.4900000002],[146635.52,24952.2899999991],[144027.9854,22983.0098000001],[143420.8698,22996.1465000007],[141025.19,23065.6300000008],[139999.9659,22121.1336000003],[139788.8061,21926.6008000001],[139735.156,21877.5351],[138888.86,22346.1699999999],[138506.2343,22149.5922999997],[136817.7493,21537.2652000003],[136526.6812,21679.0203000009],[135920.5458,23117.0888999999],[135785,23633.75],[135645.2029,23690.9494000003],[134359.6561,24631.1013999991],[134302.147,24807.8268999998],[135971.4823,27337.0712000001],[136269.87,27652.2100000009],[134930.91,31848.4000000004],[137795.9,36039],[139999.9794,36046.9104999993],[140944.4,36050.3000000007],[141053.018,36188.1338],[141169.49,36192.5500000007],[143003.475,38663.2202000003],[143107.2813,38794.9481000006],[143146.3045,38768.5660999995],[143784.99,38244.8499999996],[146131.9161,39999.9800000004],[147646.585,41132.7129999995],[147800.1629,41146.8388999999],[151741.1714,41264.2675999999],[152045.0441,41229.6270000003],[152345.4845,40123.9915999994],[152367.0371,40000.0184000004],[152527.214,39078.6620000005],[154803.252,38266.7780000009],[155026.215,38279.307],[156551.0614,39999.9824999999],[158046.972,41688.0059999991],[158006.592,43354.1640000008],[159247.234,43693.7369999997],[159900.658,42783.6219999995],[160000.013,42807.6429999992],[163047.156,43544.3489999995],[164633.72,45418.6679999996],[165668.82,45296.8399999999],[166272.5663,46340.4329000004],[168469.7,47571.0309999995],[168534.3103,47756.0066],[169035.425,48025.4719999991],[169634.5732,50905.9952000007],[169839.88,51493.7767999992],[172263.069,51590.9609999992],[173719.867,53777.2219999991],[175713.91,54338.4000000004],[176374.576,57554.1989999991],[175941.6529,58520.3945000004],[176063.4592,59130.4677000009],[176644.85,59061.6600000001],[176553.6807,60000.0277999993],[176466.253,60899.8839999996],[176556.4541,60940.3432],[179169.3464,61619.0238000005],[179681.782,61629.9499999993],[179926.9766,63014.7813000008],[180165.7963,62864.4962000009],[181463.095,61859.6870000008],[183124.749,62891.7770000007],[183980.288,64694.2090000007],[184154.6295,66895.5441999994],[184203.6274,67141.6121999994],[184942.017,67481.8399999999],[184417.6103,68216.2370999996],[184743.06,69850.6500000004],[184741.8352,69852.3495000005],[184850.34,70388.5899999999],[184019.68,70883.5600000005],[185683.017,72028.6300000008],[185417.8646,73033.8120000008],[185549.0402,73732.9993999992],[185863.52,74005.3599999994],[184984.1834,76604.5346000008],[185025.0634,76594.7156000007],[188681.13,75636.25],[189585.63,77333.5299999993],[191544.864,78521.0299999993],[191172.43,77134.5150000006],[192164.58,76251.6909999996],[192379.13,74129.5500000007],[192821.953,74242.5779999997],[192767.581,75815.7829999998],[192494.086,78000.5580000002],[193650.141,79187.1760000009],[192800.6755,79999.9774999991],[192312.9,80466.6999999993],[193326.7176,81133.0778000001],[193739.8889,80918.3726000004],[194219.5,80125.5999999996],[194879.7681,80000.0195000004],[195842.14,79816.9800000004],[196180.7183,79999.9887000006],[197123.9683,80509.8351000007],[196977.3,81227.5999999996],[196984.1754,81229.1158000007],[199220.6971,81034.8241000008],[199620.48,80765.75],[199999.9803,80848.2261999995],[202208.5,81328.1999999993],[202549.2212,81794.2353000008],[202626.5,81821.3000000007],[202712.8113,82017.9923999999],[204133.59,83961.3200000003],[205088.9,87318.6999999993],[204959.215,87376.2463000007],[204749.9663,89194.9488999993],[204753.3,89220.5999999996],[206275.9295,89894.0834999997],[206429.4906,89838.193],[206838.2,89330.4000000004],[206990.105,89634.1502],[207218.92,89550.8699999992],[207524.72,90703.1699999999],[210808.78,91911.4700000007],[210780.9654,92659.1338999998],[210814.8496,92872.1161000002],[212702.24,94100],[212845.4377,96715.8355],[213886.59,96744.3249999993],[213912.0165,96777.9631999992],[214215.5,96794.8000000007],[214226.8655,97194.4945],[214960.5468,98165.1221999992],[217789.8026,99999.9962000009],[219491.21,101103.42],[219903.7,106368.619999999],[220000.013,106380.3169],[220754.03,106471.890000001],[220115.56,107262.9],[220000.0189,108474.1107],[219921.7097,109295.021299999],[220004.82,110477.32],[219562.8432,113056.9981],[219402.97,114732.939999999],[219999.9978,115636.2838],[221174.0748,117412.7424],[221182.3228,117460.572799999],[227500.3028,117253.3959],[226977.6978,115559.0009],[229737.5012,110191.497300001],[228837.09,110156.890000001],[228169.53,108112.42],[227706.9031,103818.205600001],[224359.26,102227.15],[227303.8972,101319.4969],[229156.915,98909.3808999993],[230222.684,98637.1978999991],[229864.6388,99982.1037000008],[231349,100360.880000001],[232204.93,99478.2899999991],[231843,96952.9199999999],[233391.6208,93676.9257999994],[232785.8109,91868.1821999997],[234181.0037,90398.8028999995],[234998.8202,85587.6272999998],[235646.4,84586.8000000007],[237423.49,84099.6899999995],[236457.2012,78812.9992999993],[236764.9976,77969.6007000003],[237886.598,78521.6027000006],[238228.78,77518.8499999996],[238267.8,78599.6999999993],[239309.2998,78294.8976000007],[238672.5007,76863.1973999999],[240026.0017,74225.9024],[239127.2983,73222.6995000001],[240826.6961,73987.4005999994],[241888.3961,72519.3008999992],[243667.5978,72749.2949999999],[243887.1968,69361.8047000002],[245112.6025,69901.7000999991],[245455.2013,69376.5004999992],[244095.2032,68152.6008000001],[242588.5007,68832.1963],[242712.5972,66365.9023000002],[241217.3552,65078.3598999996],[241829.83,64148.9199999999],[242892.14,65320.5],[243813.3587,61935.5314000007],[242249.35,60848.4499999993],[241153.73,62306.5500000007],[242122.21,60379.0500000007],[243125.27,60733.7599999998],[243068.1016,60000.0209999997],[242945.7316,58429.4382000007],[241822.7849,57219.7761000004],[241782.96,57197.0399999991],[241377.78,57238.1199999992],[241522.7328,56896.5536000002],[241520.8106,56894.4829999991],[241523.2281,56895.3864999991],[241527.22,56885.9800000004],[243549.8,56597.6500000004],[243025.2,56310.9000000004],[244023.7,54744.5999999996],[242986.4981,54449.9031000007],[243007.2705,54423.2265000008],[242989.1085,54418.5154999997],[243052.6304,54364.9736000001],[243817.5,53382.6999999993],[243028.95,51997.7300000004],[245570.8197,53230.9060999993],[245627.3853,53088.3984999992],[245665.7358,51799.6209999993],[243535.3098,50472.3226999994],[243434.161,50424.0209999997],[244300.48,48713.6300000008],[244221.0325,48694.5047999993],[242736.72,48813.8880000003],[241948.5735,48147.4602000006],[241836.0432,48120.3709999993],[241802.5042,48336.0550999995],[242107.92,49543.5700000003],[241450.97,50553.3699999992],[239999.9866,51412.9361000005],[235926.82,53825.8900000006],[228677.51,54361.9499999993],[226791.87,54075.4499999993],[225722.21,52986.3200000003],[225745.4,52681.6999999993],[224121.21,51068.25],[222369.52,51592.2100000009],[222332.5212,51509.5492000002],[219417.4287,50184.6329999994],[219369.65,50172.4900000002],[216589.99,51252.9000000004],[215138.56,50336.9100000001],[214572.09,50921.5299999993],[212675.5679,50476.1651000008],[212310.7549,51101.3275000006],[212647.346,51230.9266999997],[213793.11,51653.8300000001],[213772.1397,51664.0110999998],[214451.79,51925.6999999993],[213607.7297,51743.8325999994],[212873.1026,52100.4956999999],[212059.8704,51360.9811000004],[210210.27,50421.3399999999],[209822.3,49410.9000000004],[208973.5,50136.8000000007],[208969.1219,50199.4768000003],[209216.1,52119.3000000007],[208820.5484,52326.4313999992],[208755.8,53253.3599999994],[203981.5801,51572.6795000006],[203919.5,51553.25],[203917.7646,51550.2144000009],[203892.3,51541.25],[203133.52,50429.3599999994],[203189.5983,50276.4920000006],[203183.12,50265.1600000001],[204057.1746,47910.2276000008],[203247.2,48153.1999999993],[201986.23,47055.0800000001],[201489.06,44776.5500000007],[201551.92,43912.1799999997],[202863.16,43293.6699999999],[201494.4,42112.5],[201787.4805,41201.2006999999],[201547.3186,41048.0920000002],[200523.64,40437.6400000006],[200500.893,39999.9794999994],[200461.94,39250.5099999998],[200000.0287,39709.8085999992],[199708.2446,39999.9422999993],[199056.43,40648.0700000003],[195970.983,41259.4250000007],[194762.6556,39999.9713000003],[192956.7097,38117.6129000001],[191913.6572,37098.2212000005],[190761.9,38240.7280000001],[189162,37840.8000000007],[187822.65,35969.5600000005],[187075,32231.3900000006],[185045.2792,30920.3779000007],[185037.2186,30935.9343999997],[184505.3637,32033.7624999993],[184506.3074,32034.5713],[185491.47,32160.9600000009],[185852.3363,33188.2024000008],[186136.07,33431.3800000008],[185915.2516,33367.2972999997],[185919.7,33379.9600000009],[185905.4566,33364.4547000006],[184090.0951,32837.6269000005],[184935.7,36622.8499999996],[184095.63,35737.7400000002],[183535.21,38176.5500000007],[184110.39,38158.0800000001],[184020.5,38824.6999999993],[184014.9334,38827.2240999993],[184086.7,38884.8000000007],[184141.4982,39443.8138999995]]]]},"properties":{"LAD24CD":"E06000052"}},{"type":"Feature","geometry":{"type":"MultiPolygon","coordinates":[[[[87801.3597999997,8851.28209999949],[89245.0637999997,8124.85170000046],[89235.8831000002,8080.29810000025],[88576.3450999996,8238.63230000064],[88539.4034000002,8272.40130000003],[88258.0983999996,7054.10009999946],[88183.6489000004,7119.18600000069],[87476.3640999999,7867.31149999984],[87801.3597999997,8851.28209999949]]],[[[93203.2527999999,11105.0567000005],[92271.3982999995,9909.10280000046],[91191.9961999999,10139.5968999993],[91071.6385000004,9216.94529999979],[90931.5833000001,9473.57740000077],[90494.2991000004,10370.0009000003],[90457.8930000002,10341.5502000004],[90446.7599999998,10361.9499999993],[90436.4504000004,10324.7931999993],[89918.4528999999,9919.98729999922],[89496.5221999995,10247.4093999993],[89430.3975999998,10357.4045000002],[90787.5016999999,10729.8979000002],[90715.3874000004,11057.2415999994],[90646.4665999999,12066.8505000006],[91728.7001999998,12925.2994999997],[93194.4424000001,11947.8482000008],[93203.2527999999,11105.0567000005]]],[[[89298.4342999998,13377.5913999993],[89256.8280999996,13370.2675999999],[88543.8958000001,15760.4541999996],[88431.1198000005,16475.7997999992],[90197.7198000001,14939.6864],[90237.2862,14759.3849999998],[89298.4342999998,13377.5913999993]]],[[[88116.8282000003,14821.0285],[87633.8493999997,14239.2076999992],[87323.1118000001,14539.1359999999],[87553.1106000002,16536.7806000002],[88242.8037999999,15229.7997999992],[88116.8282000003,14821.0285]]],[[[92295.4283999996,17523.1143999994],[92516.7061999999,16589.5536000002],[92563.4961000001,16152.9955000002],[94458.1162999999,15679.6199999992],[94489.1677999999,15671.2045000009],[92851.5643999996,15039.7020999994],[92692.9190999996,15106.9684999995],[92134.4094000002,15492.0109999999],[92136.6100000003,15532.2899999991],[92120.1642000005,15501.8318000007],[91570.0098000001,15881.1140000001],[91482.7862,16047.1938000005],[92147.3603999997,17254.1933999993],[92371.0300000003,17080.0999999996],[92286.0800999999,17506.1360999998],[92295.4283999996,17523.1143999994]]]]},"properties":{"LAD24CD":"E06000053"}},{"type":"Feature","geometry":{"type":"Polygon","coordinates":[[[414716.448,196490.7687],[413986.66,195986.470000001],[414724.52,192676.9333],[412009.55,191848.109999999],[411016.67,190421.279999999],[411746.62,188667.75],[411348.3,187608.449999999],[412309.398,187053.3959],[410967.97,186660.619999999],[410832.4,184774.300000001],[409793.75,185158.49],[409446.43,184531.439999999],[410551.3,183838.9],[410226.85,183048.699999999],[411886.02,179622.470000001],[411408.8,179116.300000001],[410730.14,180624.98],[411369.7991,178001.397],[413043.2991,178695.3983],[414136.6025,176185.296800001],[415766.7005,175968.5988],[419832.9008,176642.096100001],[419595.4019,178011.604],[427654.42,180006.73],[428908.1929,180749.1116],[429086.82,177339.32],[433173.25,172161.279999999],[433015.57,169546.609999999],[430334.1982,169315.5033],[429931.76,168562.560000001],[431190.37,167985.41],[431014.16,166371.85],[435223.83,163520.710000001],[434867.75,162035],[435920.04,161077.970000001],[435051.6509,159037.911699999],[433009.27,160034.470000001],[432603.2967,157560.598099999],[433604.43,155312.630000001],[433376,154322.5],[431996.29,153666.26],[432151.48,151397.310000001],[432903.75,151398.800000001],[432478.8,150033.300000001],[431796.39,149662.41],[429575,150797.800000001],[427481.79,150476.220000001],[425684.66,146552.07],[421769.5997,146226.802300001],[421467.0967,145026.196],[423239.65,143556.550000001],[423004.55,142197.300000001],[424290.6,139723.9],[423680.4998,136489.1997],[426250,135404.1],[425495.4,132606.6],[426168.87,131055.91],[425691.16,126850.810000001],[425874.1973,126000.1022],[428192.1973,125005.696799999],[428341.76,123451.560000001],[426137.8991,122248.3961],[426789.45,120472.75],[427971.53,119975.119999999],[426802.0965,117751.803200001],[425733.1985,117821.5033],[423865.5025,116259.700300001],[419783.75,119746.560000001],[417338.0031,119860.7995],[414110.6965,121352.602499999],[413051.8987,120741.297499999],[411614.46,123356.880000001],[410383.3023,122821.202099999],[408946.6737,120574.534],[408902.4975,123002.100299999],[408043.5023,122244.1973],[405157.2033,122036.9966],[403610.2979,120324.596799999],[403125.8596,121157.2004],[401130.15,120590.74],[400529.08,119596.17],[397528.9964,119197.0995],[395297.2975,116865.297],[392944.6023,116177.603800001],[391621.3029,118020.496300001],[391687.9972,119872.0963],[387986.1,122427.199999999],[386542.12,126506.66],[383138.2,130218.9],[381276.2,129967.800000001],[377269.0753,131202.012399999],[374827.4986,133364.1042],[374582.2988,135574.101600001],[375984.2972,136212.299000001],[375896.2726,137178.501399999],[379231.4991,141830.300799999],[382974.4023,150552.5041],[382419.0974,154553.3989],[381601.8964,155266.4048],[380525.0997,154963.8014],[380222.47,156751.6],[381142.1024,157273.700200001],[381066.1983,158233.195499999],[379952.6039,158503.598099999],[379131.503,159391.1041],[379450.4962,160439.604],[376113.5963,160776.897399999],[379766.59,163430.4],[379453.11,166243.210000001],[380483.63,166502.060000001],[379868.73,167450.470000001],[380726.14,168570.25],[379612.0649,170019.151000001],[380288.42,173250.74],[379548.901,173332.103499999],[379927.9017,176451.400599999],[378465.58,176524.93],[377585.66,177669.68],[382585.71,180916.699999999],[381610.45,181963.18],[382056.3,185699.800000001],[381203.9633,186556.7541],[383113.28,186975.449999999],[383338.5,188165.699999999],[385714,189416.48],[385779.97,188586.32],[386932.59,188197.74],[387661.81,189034.300000001],[389527.8507,187952.5537],[396142.4987,197075.797],[399051.36,194619.210000001],[400420.56,194731.27],[401674.1,193235.939999999],[403509.77,193137.369999999],[402657.78,195544.890000001],[404098.32,196851.82],[405565.34,195385.33],[408632.53,194757.640000001],[407078.2,197885.1],[408815.26,198210.199999999],[410430.22,195287.789999999],[412828.99,196037.880000001],[412315.81,197211.310000001],[413092.43,200503.17],[414716.448,196490.7687]]]},"properties":{"LAD24CD":"E06000054"}},{"type":"Feature","geometry":{"type":"Polygon","coordinates":[[[519753.304,255455.7959],[517047.2997,256120.5956],[515957.4015,253272.300899999],[514887.2009,253606.895099999],[513257.1028,251030.502599999],[512245.7966,250806.796700001],[513431.0983,247694.397600001],[510988.903,245136.6997],[510786.8,243133.199999999],[509554.7983,242407.6009],[507008.7976,241701.403000001],[504819.9977,244395.901799999],[502920.3027,242971.7994],[502362.3017,240621.302200001],[500077.6035,243588.3029],[496738.6011,245288.2963],[497130.9,246081.4],[496530.3968,246752.0973],[495423.7035,249309.495300001],[493482.1977,249871.804300001],[493090.28,251373.560000001],[493775.14,251631.92],[493941.1013,254585.705],[491131.704,256034.000399999],[493169.7017,259663.701400001],[491970.2019,264199.802999999],[495381.2002,265434.0996],[498005.0013,262666.6018],[499618.3041,262988.5997],[500321.8964,264597.199200001],[499542.6969,266755.601399999],[501390.2997,269547.5022],[500989.5979,269872.599099999],[504689.396,270534.999500001],[506705.0001,269634.2973],[506770.1031,267653.5043],[507752.7,266371.9012],[510953.1029,265944.4036],[511163.8962,265173.6042],[510476.2004,264894.0042],[511114.7968,260665.704600001],[513399.1982,260455.9046],[513202.8008,261700.6983],[513761.4037,261825.602600001],[516637.8005,261629.298800001],[517164.899,261281.2984],[516507.45,258284.1],[518860.8998,258271.4999],[520357.0981,256118.2963],[519753.304,255455.7959]]]},"properties":{"LAD24CD":"E06000055"}},{"type":"Feature","geometry":{"type":"Polygon","coordinates":[[[519753.304,255455.7959],[519028.8022,254551.504699999],[522087.6443,252663.378599999],[520884.6995,251071.6009],[525228.2967,250597.796499999],[526390.1989,251173.1018],[527084.44,250502.380000001],[526348.0854,244053.5164],[525381.28,241779.220000001],[523836.8024,241984.502],[522226.5997,239087.801200001],[523551.4986,236125.199200001],[520641.6021,234852.103599999],[520410.8971,233294.999399999],[518868.6,232649.6],[518003.1991,235071.8007],[517062.9983,235119.597100001],[516007.1,232840.6],[512221.3,232956.300000001],[513487.76,231583.32],[513461.45,230074.390000001],[511843.1985,228944.3047],[511222.601,229380.899800001],[511388.6978,232293.1961],[510585.8,232167.6],[509712.59,227194.449999999],[511131.3034,225358.101299999],[508838.8961,224932.0032],[508626.6023,226415.7985],[507629.997,226615.201400001],[504231.5972,225990.9001],[504501.6972,224338.0033],[502891.5027,223505.601500001],[506419.3005,221540.2041],[508723.0035,218503.703299999],[510537.2963,220326.8015],[512340.5983,220092.498500001],[513353.1001,220771.7041],[514471.5014,218081.1043],[512849.5,217209.8037],[512188.7985,215762.398],[509990.7971,216979.7995],[508821.2022,218022.201099999],[507035.0004,217694.095100001],[505439.0039,218562.4965],[504902.3989,218264.901699999],[505409.5031,217422.3029],[503319.8996,216413.9015],[502698.7991,215188.302300001],[503336.703,214040.400900001],[502157.6015,212863.297900001],[499773.53,215225],[500459.48,214996.48],[500865.2,215771.9],[497615.3974,220030.1964],[495068.8031,221668.0975],[492870.76,221778.960000001],[491396.5023,223409.598999999],[490000.0034,223228.101],[489373.8981,224192.7049],[492630.4,230941.6313],[493128.196,231282.295499999],[491972.2962,234321.295600001],[493200.55,235586.130000001],[492670.05,236426.960000001],[493396.9026,237054.5032],[493174.2035,238517.104499999],[491372.402,239759.5989],[496530.3968,246752.0973],[497130.9,246081.4],[496738.6011,245288.2963],[500077.6035,243588.3029],[502362.3017,240621.302200001],[502920.3027,242971.7994],[504819.9977,244395.901799999],[507008.7976,241701.403000001],[509554.7983,242407.6009],[510786.8,243133.199999999],[510988.903,245136.6997],[513431.0983,247694.397600001],[512245.7966,250806.796700001],[513257.1028,251030.502599999],[514887.2009,253606.895099999],[515957.4015,253272.300899999],[517047.2997,256120.5956],[519753.304,255455.7959]]]},"properties":{"LAD24CD":"E06000056"}},{"type":"Feature","geometry":{"type":"MultiPolygon","coordinates":[[[[413989.038,643600.074999999],[414022.563,641587.591],[412500.127,641666.982999999],[411702.024,643201.566],[409230.584,643004.198000001],[409463.672,643898.942],[412636.784,644025.331],[413989.038,643600.074999999]]],[[[400858.9303,652768.086300001],[400900.8942,652392.289899999],[400000,652449.275699999],[399832.83,652459.85],[400000,652255.772700001],[403987.863,647387.482000001],[404479.2181,647113.826400001],[405650.68,646034.397],[407152.3752,645625.036599999],[408231.985,645023.757999999],[408011.711,643390.834000001],[407293.82,643484.447000001],[408071.55,643262.550000001],[408174.376,641405.541999999],[409217.5119,640000.040200001],[410077.084,638841.869000001],[412164.212,637887.299000001],[413302.444,639680.301999999],[413201.1504,639999.995200001],[412995.974,640647.552999999],[413425.922,640374.375],[413367.3102,639999.9902],[413262.635,639331.374],[415558.434,636673.747],[415480.38,636107.915999999],[413588.679,635965.251],[414567.016,634445.57],[416131.974,636181.957],[417570.43,635946.189999999],[420000.0194,633980.681399999],[421083.5026,633104.156500001],[421406.19,632635.18],[422142.6043,632247.356000001],[422821.67,631698],[422034.07,630909.02],[422448.86,631221.92],[422671.2837,630904.3336],[422666.66,630888.880000001],[422842.3361,630660.0974],[424149.9,628793.1],[424141.832,628784.0199],[423352.23,628355.15],[423353.7435,627897.0733],[422690.96,627151.15],[424681.59,625405.52],[424661.5516,624957.833000001],[424338.025,624418.800000001],[424637.0176,624409.7073],[424580.6243,623149.799699999],[424513.903,623008.843],[424572.7458,622973.7827],[424557.031,622622.691],[425930.17,622144.289999999],[425891.6974,619999.975],[425826.2,616349.4],[426005.4644,616191.6768],[426006.22,616061.699999999],[426959.7618,615259.822000001],[426797.5812,613747.5415],[426793.9,613740.300000001],[426796.3731,613736.2765],[426676.5,612618.5],[424703.116,610183.762],[424876.923,610071.741],[425309.9876,608546.5484],[425311.401,608488.459000001],[425362.8949,608360.2163],[425992.607,606142.459000001],[426322.9,604741.1],[427192.4485,605030.965500001],[427730.6676,604510.9156],[428697.792,603200.284],[427502.2197,600000.001],[427384.634,599685.25],[427482.284,597585.161],[427795.3965,596922.4827],[427797.451,596901.056],[427828.7689,596851.852600001],[430496.3716,591206.078500001],[430506.665,590723.143999999],[430981.8978,590178.4999],[431990.904,588043.0165],[431567.4693,587905.166999999],[431185.59,587806.16],[430351.82,585470.880000001],[429389.8205,585350.0266],[430291.17,585173.550000001],[432840.3183,580350.749700001],[431957.85,581617.9],[430571.35,583350.800000001],[430697.31,582823.039999999],[429853.65,582843.65],[428204.82,583679.310000001],[429810.65,582680.15],[427592.7,581919.5],[430211.6,582636.800000001],[431607.4136,581822.372300001],[432058.82,581234.8324],[432341.6832,580161.683900001],[432206.272,580110.358999999],[432444.869,578825.221000001],[432857.454,578204.911900001],[433397.68,576155.359999999],[433791.2735,576800.942399999],[434235.3944,576133.220100001],[434460.8939,575678.0307],[432526.17,574740.84],[432822.89,573351.85],[431489.57,572723.6],[431383.92,573504.65],[429971.58,573391.82],[429487.8032,574218.454600001],[428396.41,573376.66],[427243.603,573540.6951],[427017.5976,574369.697799999],[423225.7023,574536.300100001],[422592.3991,576160.0953],[418379.08,574591.189999999],[419589.63,572091.550000001],[416066.3013,569970.3971],[415670.3982,567658.9988],[414564.8015,567752.801899999],[414852.3201,565172.7481],[413632.93,565538.43],[412080.66,564645.77],[410753.69,562088.220000001],[411189.04,559524.58],[410278.2025,559459.9957],[409539.5027,558088.2983],[411599.4961,556797.513699999],[409435.5985,555169.3039],[408438.9025,550680.5988],[405643.09,549430.84],[405647.16,548800.26],[404424.82,551041.65],[403353.33,550909.220000001],[401366.9982,552600.1993],[400036.5009,552765.202099999],[397552.22,550381.57],[394794.9,549263.23],[391121.0009,549681.004899999],[389204.5024,545427.602399999],[387332.8983,545780.4014],[386019.1962,543073.6962],[381924.7978,544854.896400001],[380030.2971,544057.604599999],[379054.1973,545655.2972],[377702.502,545856.1997],[375046.8997,548660.697000001],[373670.6024,551372.6568],[372948.97,549860.810000001],[370512.22,548912.66],[368261,546276.119999999],[366450.52,545810.85],[364220.7964,547016.797499999],[362682.1031,550272.3956],[363287.4968,551122.0024],[361257.7029,554570.6952],[363130.5025,555927.596799999],[363804.5033,558428.401000001],[365155.9018,559523.1976],[363732.4992,560834.802200001],[363694.3988,562783.304400001],[361965.3023,563367.3972],[361597.5973,564245.195900001],[363412.5001,566043.701099999],[363468.0966,569243.995100001],[369228.5003,571829.195],[367908.5979,574332.5985],[369067.3011,576551.703199999],[368021.3986,577484.496200001],[364213.3017,576701.500399999],[363823.401,578129.1017],[362229.103,579125.5965],[361905.5008,581296.2951],[358216.5038,582615.5975],[356937.8021,584781.997400001],[357136.203,587050.8979],[356180.3708,588517.2903],[357677.7963,592130.603800001],[359931.996,592345.3024],[360028.6034,594692.000600001],[361224.7968,594942.099099999],[358992.6032,596399.002],[360273.2014,596629.596000001],[361400.598,598959.799000001],[363691.8016,600458.0001],[364622.0011,602784.1043],[367084.8009,603343.1043],[369956.4979,606849.8005],[373788.7034,607290.704299999],[374780.5,606090],[376070.4993,606192.298699999],[378704.4006,608184.398499999],[378155.9968,608840.400699999],[379187.8003,609745.8015],[378252.0023,611761.604499999],[378846.9,612748.602],[380262.9975,612584.099099999],[383607.3014,615480.0001],[385461.5992,614972.0955],[387771.7993,616763.602700001],[388206.0008,618712.8048],[389634.0041,619406.5962],[387371.8974,620178.895099999],[387293.5034,621767.700300001],[385645.497,623996.202400001],[384939.3982,629130.2028],[381891.0013,631888.6032],[381875.3027,634500.3956],[380191.2984,636364.702],[380665.8017,637299.4044],[379676.7984,637002.2995],[378943.7959,637708.6973],[380853.3026,639320.595899999],[385346.1024,638635.1021],[384470.6995,639874.397299999],[386356.0976,641215.9033],[386347.2012,642512.202299999],[389589.7034,645856.395],[388998.9407,647266.2502],[390640.5035,647759.3003],[391038.72,649552.07],[392712.5038,649493.8038],[393343.8034,651842.601500001],[394724.9006,652080.203500001],[394698.7967,655530.9957],[397936.9312,657549.7447],[397945.6078,657535.9723],[400000,654173.7947],[400858.9303,652768.086300001]]]]},"properties":{"LAD24CD":"E06000057"}},{"type":"Feature","geometry":{"type":"MultiPolygon","coordinates":[[[[397096.2436,90879.4200999998],[397096.1361,90877.3368999995],[397095,90878.0999999996],[397096.2436,90879.4200999998]]],[[[413916.4016,99619.6034999993],[415223.9034,96152.2960000001],[417803.0987,97799.8044000007],[418506.5014,95998.1000999995],[418145.2028,94238.1039000005],[422541.9971,94743.6992000006],[421840.684,93125.9696999993],[421792.6646,93133.4229000006],[420000.0063,92827.8193999995],[419541.585,92749.6699999999],[419352.3499,92573.3286000006],[419222.283,92546.5590000004],[419098.2639,92336.5550999995],[418283.5961,91577.3956000004],[417223.45,92411.1500000004],[416909.535,91525.1050000004],[416949.147,90959.9240000006],[418019.59,90684.75],[418484.921,91679.2660000008],[417850.8316,90224.2543000001],[417831.5622,90191.625],[413919.829,91178.7339999992],[413372.3392,91137.0325000007],[412930.165,91231.2139999997],[411564.8321,90999.3574000001],[409494.549,90841.6669999994],[408769.786,90524.7113000005],[408196.013,90427.2750000004],[407770.6339,90087.7589999996],[406255.953,89425.3540000003],[403849.6663,87001.7416999992],[404757.147,88837.0820000004],[403466.2,89390.5500000007],[403047.4,90666.0370000005],[400651.46,90340.7599999998],[401204.36,91076.1899999995],[400448.04,92250.0500000007],[400814.6,93071.6500000004],[400000,92718.4264000002],[399284.089,92407.9959999993],[400000,91243.3796999995],[400910.528,89762.1679999996],[400000,90079.5127000008],[397246.6868,91039.1198999994],[399141.2027,93050.2039999999],[399438.7999,98113.8045000006],[400157.0025,98729.6982000005],[399681.7984,99040.8991],[403060.2039,98861.5004999992],[404383.6022,99907.8010000009],[404831.3007,97828.9960999992],[405770.3967,98273.9987000003],[406108.0979,97089.8976000007],[407586.2972,97839.6030000001],[409026.274,95986.4499999993],[409637.0618,100797.395400001],[411002.64,101133.15],[411812.19,100066.810000001],[413916.4016,99619.6034999993]]]]},"properties":{"LAD24CD":"E06000058"}},{"type":"Feature","geometry":{"type":"MultiPolygon","coordinates":[[[[403186.765,88036.9890000001],[402809.607,87405.0989999995],[400940.748,88090.2760000005],[402549.492,88354.6459999997],[403186.765,88036.9890000001]]],[[[377269.0753,131202.012399999],[381276.2,129967.800000001],[383138.2,130218.9],[386542.12,126506.66],[387986.1,122427.199999999],[391687.9972,119872.0963],[391621.3029,118020.496300001],[392944.6023,116177.603800001],[395297.2975,116865.297],[397528.9964,119197.0995],[400529.08,119596.17],[401130.15,120590.74],[403125.8596,121157.2004],[403222.4007,119874.5956],[405655.1967,118001.8017],[408978.2037,113093.296700001],[411210.4963,114704.9954],[413403.0971,114212.296399999],[412995.9972,111625.196900001],[410748.0968,110056.495999999],[410403.4037,107116.997400001],[412061.502,106210.197000001],[413671.0039,107108.399900001],[414003.4035,104845.997500001],[414840.4009,104108.998400001],[413941.7964,103442.099300001],[413349.801,101027.8004],[413916.4016,99619.6034999993],[411812.19,100066.810000001],[411002.64,101133.15],[409637.0618,100797.395400001],[409026.274,95986.4499999993],[407586.2972,97839.6030000001],[406108.0979,97089.8976000007],[405770.3967,98273.9987000003],[404831.3007,97828.9960999992],[404383.6022,99907.8010000009],[403060.2039,98861.5004999992],[399681.7984,99040.8991],[400157.0025,98729.6982000005],[399438.7999,98113.8045000006],[399141.2027,93050.2039999999],[397246.6868,91039.1198999994],[397219.452,91048.6119999997],[398154.0213,92182.1169000007],[396297.9,92155.6999999993],[397144.514,91814.9230000004],[397096.2436,90879.4200999998],[397095,90878.0999999996],[397096.1361,90877.3368999995],[397079.025,90545.716],[395329.4,90608],[395018.903,89812.4008000009],[396023.1,89553.4000000004],[394889.303,89595.3049999997],[395075.184,88723.5920000002],[394480.2896,88340.9823000003],[394491.833,88297.3039999995],[394517.3154,87843.1679999996],[394521.552,87767.6649999991],[395447.093,87485.2050000001],[396250.113,88914.9900000002],[398253.838,89756.2569999993],[398790.267,89012.3739999998],[397640.693,89163.4309999999],[398349.492,87553.7829999998],[396352.958,86472.0250000004],[398318.773,87202.6420000009],[398214.492,86493.5700000003],[396765.33,85642.5700000003],[398047.829,86082.2929999996],[398183.453,85378.6390000004],[398566.78,86939.7469999995],[399289.068,87007.2019999996],[399354.775,85698.1640000008],[400000,86154.9628999997],[400110.142,86232.9399999995],[400570.388,85289.0439999998],[401627.888,86366.2620000001],[401260.547,85265.5700000003],[402350.742,84530.1789999995],[402148.034,85511.8819999993],[403641.803,86727.8920000009],[404256.544,85825.534],[404112.767,85148.2895],[403500.411,83378.7970000003],[403685.559,83135.9774999991],[403644.317,82941.7119999994],[403876.8048,82885.1609000005],[404272.619,82366.0549999997],[405293.8476,82540.4745000005],[405486.377,82493.6429999992],[403384.9897,79999.9794999994],[403165.256,79739.227],[403166.5189,79712.3168000001],[403157.298,79701.352],[403178.8992,79448.5061000008],[403211.07,78762.9829999991],[403237.7749,78759.3552999999],[403240,78733.3100000005],[403793.6653,78683.8399],[404062.926,78647.2620000001],[403547.8543,77206.5603],[398230.81,76587.3000000007],[396212.5911,75202.8757000007],[395747.1107,76560.4857000001],[395568.59,77091.9600000009],[395564.6512,77092.6428999994],[395556.901,77115.2469999995],[395281.7547,77141.6933999993],[392224.1112,77671.8477999996],[390653.2,79184.0999999996],[390627.0173,79170.7436999995],[390576.2,79225.1999999993],[389761.9,78762.9000000004],[388918.62,79541.4299999997],[387886.4555,79514.1059000008],[386123.87,80350.2899999991],[386089.9791,80342.8110000007],[386054.14,80384.0600000005],[384326.4174,79999.9758000001],[382786.21,79657.5775000006],[381209.2365,79999.9758000001],[379999.9717,80262.5358000007],[376702.1295,80978.5754000004],[376124.25,81410.7200000007],[374120.2757,81539.1568999998],[372172.8,81962],[370197.4,81902.4000000004],[370066.8511,81798.9453999996],[370000,81803.2300000004],[369873.9437,81646.0744000003],[369014.36,80964.8900000006],[368408.7613,80000.0353999995],[368079.25,79475.0500000007],[368613.9827,78945.6301000006],[367569.05,78777.9000000004],[368626.001,78933.7312000003],[368860.1854,78979.6187999994],[368860.3657,78979.4750999995],[368181.25,78327.5500000007],[368391.9646,78191.4940000009],[368316.55,78067.4499999993],[369492.78,77480.7100000009],[368226.7,78026.0999999996],[366806.9,76132.6999999993],[366827.0472,76089.5004999992],[366792.5,76041.6999999993],[364915.7221,77628.4682],[365018.35,78248.3499999996],[363485.89,79924.3300000001],[362324.7097,79999.9722000007],[362237.09,80005.6799999997],[360465.24,82312.4600000009],[360000.0012,82530.6057999991],[356866.23,84000],[360000.0055,81476.9313999992],[361834.4899,79999.9495000001],[364899.7571,77532.0384],[366853.3,75959.1999999993],[367421.6709,74814.5095000006],[367478.2,74693.3000000007],[367482.005,74692.9976000004],[367484.69,74687.5899999999],[369099.1482,74562.3818999995],[370197.5,74477.1999999993],[369756.6,74123.4000000004],[370343.3873,72905.0845999997],[370434.8507,71919.4543999992],[367792.4046,68340.5997000001],[367712.3,68244.9000000004],[368200.7,73594.5],[362516.3,79285],[361601.0103,79999.9495000001],[360000.0074,81250.5220999997],[355045.6,85120.5],[344089.291,91244.2410000004],[339999.9789,92146.3506000005],[336192.4455,92986.2993999999],[335980.12,93033.6950000003],[335979.4502,93033.2864999995],[335752.478,93083.3570000008],[333212.674,91399.9816999994],[332829.499,92532.2021999992],[334136.3989,95381.3967000004],[332796.4033,96893.7038000003],[337605.7969,99847.3982999995],[337185.1009,100961.1995],[332374.0995,102220.2991],[332873.9131,102837.8301],[333785.59,104463.789999999],[337504.27,105990.48],[341746.3,105797.199999999],[342990.803,107415.0021],[344324.4993,106222.603399999],[346788.98,107761.619999999],[349810.87,107403.470000001],[349826.6,108206.460000001],[353624.3,109948.5],[356794.2,109337.9],[357224.46,110404.949999999],[356216.5977,112217.5229],[357643.3979,114315.8967],[356809.0967,115863.8036],[358073.5015,116742.302200001],[357734.4976,119833.397399999],[358268.4972,120384.5996],[358953.9998,119881.9035],[359762.4033,120968.102600001],[361049.4986,120162.1033],[361811.1031,120773.0984],[361681.903,122382.297700001],[363150.7029,121522.603800001],[364841.4022,121725.2958],[365668.0026,119377.197899999],[368049.0031,116756.4981],[368992.6998,117898.001399999],[368695.4983,118810.600099999],[370045.0004,119195.899800001],[370955.5025,117989.2952],[375907.0987,119992.901699999],[375187.6017,121336.497099999],[373641.8011,121331.298599999],[373339.1992,122907.297499999],[376959.1025,126940.302999999],[375573.5,130009.130000001],[377269.0753,131202.012399999]]]]},"properties":{"LAD24CD":"E06000059"}},{"type":"Feature","geometry":{"type":"Polygon","coordinates":[[[477514.9,238579.699999999],[481094.4964,235529.0998],[482252.3008,232570.696699999],[485113.1969,232622.5019],[486627.897,230902.304300001],[488428.2968,231824.700200001],[488461.6976,233153.5998],[492630.4,230941.6313],[489373.8981,224192.7049],[490000.0034,223228.101],[491396.5023,223409.598999999],[492870.76,221778.960000001],[495068.8031,221668.0975],[497615.3974,220030.1964],[500865.2,215771.9],[500459.48,214996.48],[499773.53,215225],[499280.8997,215585.6986],[497872.3959,212979.5046],[494321.1987,214362.4987],[491965.18,213858.199999999],[489970.71,216637.42],[490552.36,217550.109999999],[489869.49,218532.060000001],[488426.05,218395.48],[486497.82,216658.09],[488032.402,214048.0987],[489057.4032,214332.5973],[490745.497,212098.3968],[490430.4038,211219.7983],[491866.61,208367.68],[495853.4031,206323.5998],[497676.6005,206880.2005],[498503.3987,205211.098300001],[499976.0985,204911.8039],[500223.4998,203695.702099999],[499364.1006,202436.8024],[500723.4968,200788.0044],[500431.9492,199206.545399999],[502121.1007,199180.104599999],[503466.6039,198202.204500001],[502379.4019,197620.301100001],[502277.798,196544.8989],[501296.6028,196772.9037],[501183.0023,194258.003599999],[502560.23,190265.91],[503946.1037,190047.398800001],[505700.3971,185577.6983],[504439.8015,183254.903200001],[505362.85,179773.85],[504919.2023,178392.095100001],[502020.9974,178182.595100001],[502320.796,179981.000299999],[499421.2966,180119.7006],[498939.1007,182116.199100001],[499474.7988,182536.198899999],[497928.6025,181359.795600001],[495073.5028,183109.8047],[493055.2025,181910.098099999],[493149.897,179292.5974],[494342.7018,178838.997199999],[494938.0034,177932.796599999],[493685.6034,177143.3026],[490091.3009,179927.695599999],[490830.3964,185026.0962],[490448.4028,185952.0011],[489387.34,185885.109999999],[488925.2019,187298.595699999],[486248.97,185834],[485048.4,186049.9],[483785.8987,184297.604699999],[480348.51,183509.279999999],[477752.1958,185399.499399999],[476591.7036,183461.404100001],[476240.09,184713.4],[473668.35,186342.85],[473434.28,187935.85],[475111.03,189533.33],[473290.73,190095.65],[473578.01,191528.640000001],[472771.9976,192754.0041],[473828.2972,193636.001599999],[472688.9039,195181.599199999],[474311.804,195283.300100001],[473946.6962,196771.304099999],[474935.9964,197623.700099999],[477710.4017,197218.896],[476300.7024,198089.096899999],[477537.7007,198604.499399999],[476489.4978,199885.3028],[476886.2996,202861.900699999],[474370.92,205993.23],[472279.12,207091.039999999],[470506.799,207382.696699999],[470070.09,206414.73],[467061.1962,207022.399800001],[467035.2985,205580.4026],[465997.6988,205530.096999999],[463538.296,206828.295399999],[463340.0023,209491.403100001],[461743.4039,209595.4033],[460541.4966,210976.8978],[460430.6995,212458.3038],[461437.2978,213559.898499999],[459301.36,215466.52],[460606.8964,216668.498600001],[463601.8984,214916.000299999],[465745.301,216118.0962],[464715.699,216584.502699999],[464497.0977,219314.801100001],[463593.2988,220196.898600001],[464172.3989,221375.801200001],[462473.9988,222096.8048],[463415.7991,224698.800000001],[462905.0011,225295.699100001],[465072.9987,228139.0952],[463404.07,227609.98],[462272.9017,229157.3038],[465096.3575,234200.459799999],[460619.8989,235588.003],[459335.9038,236330.9003],[460312.3004,238890.397700001],[464396.5986,240897.903000001],[466753.103,241040.0024],[465741.76,242136.16],[466827.8762,242369.3731],[470845.4979,241894.797700001],[471920.4972,243091.895],[475162.8015,236430.2019],[476237.2,237593.699999999],[477101.6,237425.800000001],[477514.9,238579.699999999]]]},"properties":{"LAD24CD":"E06000060"}},{"type":"Feature","geometry":{"type":"Polygon","coordinates":[[[501933.204,305782.100199999],[501955.9474,305785.7883],[503603.4967,303961.5013],[502228.5008,299296.896500001],[503186.1977,298398.4037],[507472.302,299057.904899999],[508056.4975,297436.2991],[507235.0009,296851.4965],[508526.1032,294623.5043],[507722.3994,293158.603599999],[511790.9001,291114.798599999],[511489.65,289253.470000001],[512757.5016,286735.5022],[510880.703,283686.9048],[511427.598,282987.1951],[507764.9027,280465.097100001],[506166.5976,277470.204299999],[502474.5994,276782.201300001],[502992.9004,276181.903100001],[502332.0011,274618.400699999],[503789.2991,273405.297900001],[503427.8027,272505.6954],[504563.799,272309.8015],[504689.396,270534.999500001],[500989.5979,269872.599099999],[501390.2997,269547.5022],[499542.6969,266755.601399999],[500321.8964,264597.199200001],[499618.3041,262988.5997],[498005.0013,262666.6018],[495381.2002,265434.0996],[491970.2019,264199.802999999],[493169.7017,259663.701400001],[491131.704,256034.000399999],[488587.7975,255602.6039],[486985.4029,260761.1972],[484589.63,261901.640000001],[482618.1012,261136.899700001],[481915.1026,262287.3004],[480684.1974,268598.503799999],[482838.2031,270972.904200001],[482421.5967,273786.398800001],[479685.3989,275966.604699999],[478991.97,277833.800000001],[476722.8001,278890.697699999],[475584.0005,278419.2027],[475786.5981,281176.9033],[477301.47,282408.779999999],[474568.4975,283251.6994],[474749.6992,285210.798599999],[476012.9992,286512.596000001],[474923.299,288235.402799999],[475993.6976,288946.8992],[475868.4963,291259.597200001],[476846.3028,292724.797800001],[480162.5983,291502.5976],[483228.3017,291857.9959],[484440.0041,291063.5033],[487368.1963,292674.102299999],[490855.7995,297631.103399999],[494740.5,299897.390000001],[495708.21,299709.460000001],[496180.5,300730.17],[496851.2039,299621.8035],[497768.35,300608.76],[498713.9,300444.9],[498101.32,301383.5],[498904.6034,304131.9025],[500427.59,305996.289999999],[501933.204,305782.100199999]]]},"properties":{"LAD24CD":"E06000061"}},{"type":"Feature","geometry":{"type":"Polygon","coordinates":[[[474749.6992,285210.798599999],[474568.4975,283251.6994],[477301.47,282408.779999999],[475786.5981,281176.9033],[475584.0005,278419.2027],[476722.8001,278890.697699999],[478991.97,277833.800000001],[479685.3989,275966.604699999],[482421.5967,273786.398800001],[482838.2031,270972.904200001],[480684.1974,268598.503799999],[481915.1026,262287.3004],[482618.1012,261136.899700001],[484589.63,261901.640000001],[486985.4029,260761.1972],[488587.7975,255602.6039],[485608.4035,252803.0952],[483673.502,252976.4956],[482740.3013,251024.704299999],[481669.8037,251635.499399999],[481256.22,250015.07],[480025.9035,250129.600500001],[480303.2014,248902.2018],[476716.96,248142.65],[476308,246792.800000001],[477377.7,246538.4],[477530.9974,245234.501700001],[479109.0032,244310.496200001],[480198.81,242158.32],[479645.8,241236.050000001],[478068.4023,240892.704500001],[478787.8004,239766.096999999],[477514.9,238579.699999999],[477101.6,237425.800000001],[476237.2,237593.699999999],[475162.8015,236430.2019],[471920.4972,243091.895],[470845.4979,241894.797700001],[466827.8762,242369.3731],[465741.76,242136.16],[466753.103,241040.0024],[464396.5986,240897.903000001],[460312.3004,238890.397700001],[459335.9038,236330.9003],[460619.8989,235588.003],[459529.201,233558.204],[457509.2023,233102.5045],[455301.7026,231300.000399999],[452176.4039,232252.197899999],[449307.5,231474.699999999],[449635.4987,235338.6044],[447211.2034,239450.7973],[448239.4037,242419.897399999],[446822.2014,242613.801899999],[446608.9017,243401.296499999],[451604.5017,244578.5995],[445790.299,252455.4047],[447050.4,254912.4014],[451017.1978,255770.695800001],[448939.5,260267.199999999],[450163.84,259924.220000001],[452454.5016,261951.296599999],[453623.18,263424.550000001],[452357.3995,266073.796499999],[454001.5966,268858.6994],[450161.2038,270281.801999999],[452290.94,272312.119999999],[456285.0003,273454.7038],[454419.7193,277932.977399999],[455626.98,277438.890000001],[457976.5983,278007.600500001],[459317.5998,280144.198899999],[462342.1025,282428.1951],[464700.998,280891.1951],[465748.5001,282471.1029],[465039.69,283524.310000001],[467978.0965,286356.8006],[471281.3978,287124.900699999],[471956.9981,286060.995300001],[474749.6992,285210.798599999]]]},"properties":{"LAD24CD":"E06000062"}},{"type":"Feature","geometry":{"type":"Polygon","coordinates":[[[362682.1031,550272.3956],[361336,551113.5],[358024.9942,551301.2794],[356411.998,549154.895500001],[355055.603,548977.6962],[355779.1978,547384.802200001],[354751.2036,547061.9046],[351944.4034,548511.5996],[351496.8038,547818.698000001],[348732.0039,547388.701099999],[344664.07,549497.35],[343464.07,547978.08],[341796.3203,547825.9253],[341974.5992,546836.599099999],[340897.9013,546426.396400001],[340224.1974,544537.7971],[336774.299,542804.203299999],[336143.9971,540974.097200001],[334049.397,539718.4966],[336739.0534,536659.082800001],[336144.4011,533918.9968],[331541.1999,534413.6951],[330365.0998,533894.3038],[330009.5974,532880.1041],[332099.7039,532143.195],[330005.4643,530372.0912],[329478.4011,528189.196900001],[329897.6618,524713.8804],[332646.15,524840.539999999],[333280.5,523557.5],[335006,522697.5],[333069,521129.5],[334272,520447.5],[333578,519562],[334351.5,518956.5],[333715.5,515450],[334386,514945.5],[334460,512221.5],[330381.9031,510979.802999999],[328956.398,509058.403000001],[328200.2022,509304.002699999],[327977.701,507914.9003],[326446.9972,508969.398499999],[324443.4968,507181.200300001],[325039.6972,504488.801000001],[326389.4961,503532.2048],[327176.8995,504145.3993],[327799.7973,503108.6961],[324091.9027,501104.299799999],[322458.4983,496081.297599999],[321644.3975,495940.098099999],[319324.1961,492699.095799999],[320020.7966,491707.999500001],[319962.4136,486716.9077],[319734.62,485653.66],[320000.0048,485272.396500001],[320417.67,484672.359999999],[320000.0025,484505.3016],[319057.6,484128.359999999],[320000.0025,484417.630799999],[320072.65,484439.93],[320214.84,483365.58],[320000.0168,483133.3619],[317545.06,480479.619999999],[318305.06,480121.33],[318487.13,480733.529999999],[318887.9374,479999.970699999],[319258.88,479321.07],[318260.7,478034.5],[316089.03,478688.68],[315400.1,477764.4],[313855.79,477972.1],[312568.7397,479999.9978],[309296.87,485155.210000001],[307578.7,488600.41],[307537.64,494578.279999999],[308442.81,495898.939999999],[307973.25,495751.279999999],[306791.15,495155.92],[304086.9389,500000.000499999],[302550.41,502752.4],[300000.0046,506164.345000001],[294107.1961,514047.7732],[294022.8847,514231.362500001],[295685.25,515638.220000001],[295956.1831,516172.2698],[296039.6,516238.9],[296219.398,516691.105799999],[297187.7673,518599.9067],[297527.5602,519981.234099999],[297888.8,520889.779999999],[297860.0731,521332.967],[298509.1291,523971.511499999],[298962.163,525233.793299999],[298967.75,525244.4],[298967.147,525247.680199999],[298968.5,525251.449999999],[298161.6726,529724.4553],[298687.95,529556.699999999],[299999.9807,529218.0582],[300445.1358,529103.1614],[299999.9806,529224.280999999],[298703.462,529577.043],[299999.9894,531277.3555],[302176.18,534131.289999999],[302479.6519,535518.5407],[302989.336,536794.6754],[303851.96,536302.619999999],[303014.5541,536857.8159],[303053.2115,536954.6055],[306231.4705,540000.025900001],[307633.456,541343.414000001],[307674.3,546172.699999999],[310256.5,553412.699999999],[312386.952,556004.086999999],[314293.497,556991.68],[317609.7,554483.9],[317531.986,555953.143999999],[318307.8174,555532.751399999],[319129.771,556327.233999999],[319030.91,555657.859999999],[319969.53,556936.17],[319803.843,558104.983999999],[318544.147,556827.675000001],[316210.9,558219.699999999],[315858.849,559195.041999999],[316520.1029,559999.965299999],[317769.93,561521.34],[319045.25,561663.73],[318804.9,561004],[320000.0138,561874.965],[321191.184,562743.056],[322965.735,562785],[326191.69,560297.07],[327169.4622,559999.9758],[328398.6007,559626.5045],[328405.5787,559580.2908],[328388.8397,559557.2005],[328388.3564,559538.7764],[330628.9965,559999.992000001],[330629.249,560000.044],[328404.435,560561.476],[328020.229,561622.051000001],[328738.489,561238.578],[328229.298,561673.422],[328730.684,561961.157],[327912.538,562388.289999999],[329913.251,561834.032],[329397.911,562107.003],[328549.03,562934.050000001],[329287.2895,562338.766100001],[328914.76,563119.253],[330604.829,563931.875],[332047.5571,565947.6394],[332243.5163,566060.4998],[332922.2899,565939.9365],[333010.6667,565924.2391],[332775.1607,566715.692],[333306.5994,567607.103599999],[332981.002,568818.2969],[334533.2996,571810.600400001],[332791.1017,573038.298900001],[332959.4989,573650.103800001],[338852.7965,573174.799900001],[340285.5984,574300.797599999],[340043.004,575366.102600001],[342836.6039,576311.202099999],[343536.2962,578178.797499999],[345325.9032,579663.3026],[347321.0019,581474.304199999],[347472.9996,582972.495300001],[350069.02,583329.59],[355291.17,586766.6],[356180.3708,588517.2903],[357136.203,587050.8979],[356937.8021,584781.997400001],[358216.5038,582615.5975],[361905.5008,581296.2951],[362229.103,579125.5965],[363823.401,578129.1017],[364213.3017,576701.500399999],[368021.3986,577484.496200001],[369067.3011,576551.703199999],[367908.5979,574332.5985],[369228.5003,571829.195],[363468.0966,569243.995100001],[363412.5001,566043.701099999],[361597.5973,564245.195900001],[361965.3023,563367.3972],[363694.3988,562783.304400001],[363732.4992,560834.802200001],[365155.9018,559523.1976],[363804.5033,558428.401000001],[363130.5025,555927.596799999],[361257.7029,554570.6952],[363287.4968,551122.0024],[362682.1031,550272.3956]]]},"properties":{"LAD24CD":"E06000063"}},{"type":"Feature","geometry":{"type":"MultiPolygon","coordinates":[[[[318816.4,467718.5],[318187.2,467376.35],[318799.02,467560.859999999],[318524.83,466974],[319999.9829,465813.4561],[320218.3,465641.699999999],[319999.9712,465104.217900001],[319817.63,464655.33],[320000.0004,464531.3159],[320888.42,463927.18],[321214.35,462410.359999999],[322943.2,462787.199999999],[323224.03,462006.76],[323307.2,462782.050000001],[323283.31,461870.300000001],[320878.2,461977],[320000.0102,463560.8507],[317158.1,468686.35],[316717.75,472646.9],[318306.41,473451.369999999],[317336.85,472528.4],[318663.3,468936.550000001],[318816.4,467718.5]]],[[[377702.502,545856.1997],[379054.1973,545655.2972],[380030.2971,544057.604599999],[379118.7974,536896.904300001],[377170.4977,533681.8046],[377420.1004,532376.1983],[378990.496,530676.8048],[381206.7024,529905.5955],[381516.4034,528412.6029],[379121.8975,526327.6997],[380423.199,522376.8006],[386548.1993,517404.304],[387315.6991,515286.800100001],[388941.9961,515253.5996],[389793.9995,508529.0045],[389063.3964,506991.704600001],[388591.3996,507374.1951],[387822.2014,505968.897299999],[383918.198,506310.999399999],[381103.1032,504915.798800001],[380102.4991,502748.699100001],[380266.79,500221.24],[381156,499499],[380777.0028,497972.6962],[379503.3965,497912.803400001],[377701.1003,496065.0023],[376200.2024,495676.703500001],[379945.7028,492125.100099999],[379081.002,490656.600400001],[379449.0038,487993.602700001],[378878.8001,487164.699999999],[379550.8963,486091.497199999],[378875.0981,482908.0984],[377412.9025,482511.0021],[376489.9998,483844.9003],[375786.9022,482774.3967],[374238.0015,482702.997099999],[373651.8024,481096.696900001],[370052.1984,481319.203199999],[370144.7986,482748.704],[362512.5022,477911.6986],[359323.4033,477935.901699999],[358352.6559,478663.9056],[355705.71,474143.35],[352015.8963,475052.6116],[352170.5984,476729.7969],[349964.0964,476959.5012],[347972.304,478292.0997],[345446.8006,475698.702099999],[345401.2233,475705.2706],[343740.2,476651.5],[343713.92,477703.140000001],[345143.01,479198.619999999],[342216.36,478508.710000001],[341237.01,477443.390000001],[341613.75,476525.550000001],[340657.64,476355.24],[341389.29,475964.119999999],[340000.0047,474847.264900001],[339881.44,474751.949999999],[340000.0039,474747.1227],[340791.68,474714.890000001],[339999.9944,473596.1527],[339658.49,473113.57],[334799.4,473677.4],[335520.12,476414.98],[334394.6,475629],[334502.46,476520.949999999],[334154.4,476150.9],[332335.39,478441.109999999],[333350.91,477793.02],[332589.32,478330.99],[332730.9664,480000.012599999],[332743.62,480149.109999999],[332638.9293,480000.0098],[330695.11,477231.630000001],[330828.7,474545.380000001],[327822.79,469805.58],[324942.667,467017.423800001],[323393.78,465728.529999999],[324783.2,463819.199999999],[323456.87,465490.68],[323015.87,464973.109999999],[323315.71,465903.619999999],[322174.4,468119.6],[320655.532,467588.0395],[320286.9,466668.4],[320000.0058,467121.7334],[318891.3584,468873.5529],[319315.58,473913.720000001],[318502.05,473932.699999999],[317993.4,475250.029999999],[319999.9847,476139.290999999],[320652.89,476428.640000001],[320286.47,477579.93],[320819.35,477332.25],[320975.84,479727.5],[321445.8612,479999.990800001],[321703.9945,480149.6414],[321683.559,480185.4998],[321678.0175,480200.013800001],[321660.4017,480220.8311],[321628.1711,480274.248299999],[321624.5579,480289.8948],[323211.73,483210.529999999],[322017.55,482127.210000001],[321245.97,484938.58],[320032.09,485618.99],[320149.9583,487592.2892],[320000.0254,486892.464],[319962.4136,486716.9077],[320020.7966,491707.999500001],[319324.1961,492699.095799999],[321644.3975,495940.098099999],[322458.4983,496081.297599999],[324091.9027,501104.299799999],[327799.7973,503108.6961],[327176.8995,504145.3993],[326389.4961,503532.2048],[325039.6972,504488.801000001],[324443.4968,507181.200300001],[326446.9972,508969.398499999],[327977.701,507914.9003],[328200.2022,509304.002699999],[328956.398,509058.403000001],[330381.9031,510979.802999999],[334460,512221.5],[334386,514945.5],[333715.5,515450],[334351.5,518956.5],[333578,519562],[334272,520447.5],[333069,521129.5],[335006,522697.5],[333280.5,523557.5],[332646.15,524840.539999999],[329897.6618,524713.8804],[329478.4011,528189.196900001],[330005.4643,530372.0912],[332099.7039,532143.195],[330009.5974,532880.1041],[330365.0998,533894.3038],[331541.1999,534413.6951],[336144.4011,533918.9968],[336739.0534,536659.082800001],[334049.397,539718.4966],[336143.9971,540974.097200001],[336774.299,542804.203299999],[340224.1974,544537.7971],[340897.9013,546426.396400001],[341974.5992,546836.599099999],[341796.3203,547825.9253],[343464.07,547978.08],[344664.07,549497.35],[348732.0039,547388.701099999],[351496.8038,547818.698000001],[351944.4034,548511.5996],[354751.2036,547061.9046],[355779.1978,547384.802200001],[355055.603,548977.6962],[356411.998,549154.895500001],[358024.9942,551301.2794],[361336,551113.5],[362682.1031,550272.3956],[364220.7964,547016.797499999],[366450.52,545810.85],[368261,546276.119999999],[370512.22,548912.66],[372948.97,549860.810000001],[373670.6024,551372.6568],[375046.8997,548660.697000001],[377702.502,545856.1997]]]]},"properties":{"LAD24CD":"E06000064"}},{"type":"Feature","geometry":{"type":"Polygon","coordinates":[[[516811.8537,475020.0583],[515766.9983,472178.0998],[513414.196,473023.4979],[510890.1024,472484.0023],[509572.3025,474014.904100001],[508108.2023,473599.302999999],[506226.3001,474361.604800001],[505136.5009,476830.898],[503336.1011,476512.4991],[502398.4975,475383.802200001],[502860.996,472429.8978],[500834.5001,471108.696],[501130.5967,470089.897600001],[500394.9971,469057.7031],[496610.8027,466510.902100001],[494071.5959,467407.4954],[490696.8017,464724.003599999],[487781.2986,463844.995200001],[488823.4002,462975.903899999],[487890.3973,460961.1007],[486099.1,460215.0042],[486376.2001,457775.502499999],[483289.1997,458153.104499999],[483007.4,460102.0966],[478775.3998,458781.5046],[478666.6969,459343.2038],[473587.3,458490],[472603.9963,456508.6952],[470559.7983,455585.0995],[466013.9003,454577.597899999],[467494.67,456117.41],[467255.82,457006.609999999],[466647.09,456754.77],[467783.5254,459043.548800001],[465425.4998,462603.8005],[464629.9998,461931.502900001],[461650.6964,462732.4036],[461728.1011,461727.701199999],[459719.497,461720.303400001],[457731.1572,459582.170499999],[456379.2991,459658.203600001],[455871.997,456657.4026],[456680.6973,455346.897700001],[455720.1971,455116.4037],[453269.4022,456574.896199999],[453730.8041,454673.500499999],[451468.6,454677.699999999],[451014.7985,453464.4966],[452665.6988,447985.504899999],[458923.38,442530.560000001],[459835.47,443669.52],[461572.7768,442448.2457],[465283.36,444203.890000001],[466317.59,442577.720000001],[469506.05,444055.85],[470870.9,443259.699999999],[469273.07,441106.15],[469834.7029,436878.7042],[471197.0013,436072.9048],[470273.2989,434465.9048],[470745.3039,430447.0952],[467781.95,428651.699999999],[468646.39,427122.630000001],[471941.9014,426801.0989],[472442.2034,425216.3025],[468886.1004,424770.700099999],[468583.2015,423203.998500001],[467395,423652.77],[467422.82,422758.720000001],[463558.0017,422364.0989],[462038.0989,423777.4044],[461167.2,423451.859999999],[460789.4,421286.439999999],[459337.7289,419595.885199999],[462971.3986,418147.296],[461826.94,417330.689999999],[458162.66,417049.880000001],[457302.88,415475.789999999],[455954.74,416628.039999999],[453705.95,415791.710000001],[452336.2014,416582.6039],[451854.2034,414469.998600001],[450841.0008,414112.7009],[449315.7965,416800.8014],[449990.5221,422043.1775],[452983.2,422345.779999999],[452995.3334,422993.500600001],[451589.1989,424502.796700001],[451164.6,423991.75],[450955.3,424548.300000001],[448361.9006,424530.9987],[446137.37,427478.619999999],[445252.1028,427693.5033],[445444.6001,429053.7041],[446585.5022,429017.5043],[446877.3031,429880.6973],[445313.3964,431908.3969],[445213.4003,435023.0953],[445946.5017,435806.700999999],[443790.7975,437683.603800001],[444411.4033,438449.804500001],[442656.9037,440250.199100001],[445317.2964,441268.997500001],[444655.96,445401.199999999],[446055.52,445931.460000001],[446253.49,447504.380000001],[445587.25,447443.58],[446452.42,448093.449999999],[445483.06,447764.09],[445587.27,448933.07],[443115.48,449461.810000001],[443391.2006,450175.2981],[439667.797,449769.1043],[439056.0959,448129.9036],[437356.5002,448047.7971],[437345.0973,446219.4004],[435382.891,445657.99],[433020.2,446687.796399999],[429738.3029,446177.002599999],[429541.04,445290.59],[427451.87,445980.970000001],[427173.9,445090.800000001],[426415.41,446019.27],[425021.78,445311.970000001],[422979.32,445552.050000001],[422755.0989,446312.603800001],[420815.2999,446092.5967],[419336.2019,447036.796499999],[418625.86,445854.5],[418017.6437,446034.1753],[416803.2037,447457.8959],[414810.3971,447282.596100001],[412893.1978,449227.8993],[410093.45,449418.9],[410854.97,448375.91],[409249.7,448524.9],[408003.0026,451866.903899999],[404824.4986,450485.1994],[403335.6727,451174.960899999],[402317.0023,450605.305],[402522.0982,448585.903000001],[401616.8977,447808.195699999],[403224.1572,445262.170399999],[401450.1001,444994.801000001],[401399.797,441655.096999999],[398667.5981,441702.103499999],[397063.002,439322.3047],[394185.0965,441332.2994],[394742.8996,442165.900699999],[393327.0989,443865.7042],[392652.8013,446613.297700001],[391415.1022,447826.2005],[388131.03,448823.439999999],[387992.1,450693.619999999],[387239.2014,452627.6961],[385290.8008,451692.624600001],[384872.9,452817.369999999],[385595.95,453558.93],[384988.2,453968.67],[380779.83,453193.92],[379172.18,455354.720000001],[377804.73,454877.800000001],[377007.63,455454.35],[377010.87,457226.789999999],[377843.86,457085.57],[376685.4984,458181.296399999],[375605.7005,461521.8002],[372209.7989,460317.7048],[369352.2999,461239.0011],[369714.2003,464470.896],[366774.2012,466732.7985],[365826.2995,466650.402100001],[363190.95,470258.26],[363491.0014,473169.8959],[365227.304,473672.801999999],[370052.1984,481319.203199999],[373651.8024,481096.696900001],[374238.0015,482702.997099999],[375786.9022,482774.3967],[376489.9998,483844.9003],[377412.9025,482511.0021],[378875.0981,482908.0984],[379550.8963,486091.497199999],[378878.8001,487164.699999999],[379449.0038,487993.602700001],[379081.002,490656.600400001],[379945.7028,492125.100099999],[376200.2024,495676.703500001],[377701.1003,496065.0023],[379503.3965,497912.803400001],[380777.0028,497972.6962],[381156,499499],[380266.79,500221.24],[380102.4991,502748.699100001],[381103.1032,504915.798800001],[383918.198,506310.999399999],[387822.2014,505968.897299999],[388591.3996,507374.1951],[389063.3964,506991.704600001],[392540.0996,507436.8971],[397299.5034,509805.599099999],[397199.6969,508869.497099999],[400308.0025,507946.9011],[402039.5973,506235.700999999],[403823.5976,506445.301000001],[409225.5968,509620.0022],[409306.9013,512032.8016],[410495.0971,512580.3048],[413511.0002,509923.6953],[414594.5002,512401.2961],[414354.9977,515198.4954],[417372.6983,514748.6042],[418128.6962,516372.2994],[419709.2991,515678.2981],[422232.898,515532.0999],[422449.3968,514427.1962],[423801.8012,514513.501499999],[423829.63,513261.560000001],[425247.6963,513924.4001],[425835.38,512869.199999999],[427221.3001,513139.504799999],[426526.8021,512184.598099999],[427346.4024,512288.0985],[427107.8975,511386.796499999],[428915.9982,510048.899499999],[429542.796,508523.995999999],[431226.56,508521.449999999],[430623.7977,510041.7015],[431577.2978,509932.602700001],[431764.8977,508958.8015],[433023.8031,510212.7026],[432578.0009,509001.2993],[434090.6975,508852.6019],[434962.2994,506335.5024],[435181.7994,510932.196599999],[434109.0015,511803.6972],[435163.8994,512200.3036],[436707.0038,510384.603399999],[436894.8015,509491.598999999],[438149.502,509250.498],[438503.3965,511071.096899999],[439290.7009,510204.305],[440192.1004,511141.196799999],[440760.9025,508729.097200001],[441295.1,508026.6983],[442552.4965,508756.599400001],[442644.396,507839.102],[445431.6,509164.140000001],[446667.93,510817.439999999],[448206.2998,510472.1983],[448237.3012,512006.698999999],[449638.4999,513046.4014],[455389.496,512278.5012],[457197.2998,511786.302100001],[458716.39,512751.18],[462483.8022,511393.204700001],[464636.299,512421.2004],[467951.4979,510800.304400001],[472584.2988,511876.6963],[474692.2971,510900.795600001],[474608.2964,515577.297],[475969.46,517660.42],[477689.3026,517966.802999999],[478232.9466,518788.8025],[478699.1489,518754.2798],[479862.089,517914.336300001],[479999.9784,517699.5054],[481416.354,515492.801000001],[482751.7829,516033.3759],[483220.8484,516190.327400001],[484055.256,515587.927200001],[484712.268,514717.368000001],[485314.3113,514678.9529],[485410.07,514609.82],[486203.268,512527.986],[489232.1195,511995.114800001],[490108.6434,511795.2554],[492506.8144,510490.8401],[493790.2976,509208.608999999],[496016.7,506656.640000001],[495276.09,505214.52],[495866.26,503424.689999999],[496773.4583,502999.522600001],[498373.5953,502036.579600001],[499435.9811,500849.765000001],[501511.9974,496199.562799999],[501994.84,494976.119999999],[503031.4,494028.300000001],[503753.972,489816.524],[504834.1488,489418.100199999],[505223.5468,489224.069],[504501.11,487725.810000001],[506389.37,484867.01],[506609.9449,484757.250299999],[506625.304,484734.407],[507123.8629,484501.5209],[513202.099,481476.946],[512439.4659,480967.1412],[512224.305,480905.107000001],[512236.5416,480831.490499999],[512025.275,480690.263],[512161.4767,479999.9988],[512541.428,478074.423],[514663.853,475939.323999999],[516811.8537,475020.0583]]]},"properties":{"LAD24CD":"E06000065"}},{"type":"Feature","geometry":{"type":"Polygon","coordinates":[[[330403.5144,158589.4449],[331093.6541,157958.918099999],[331110.0276,157929.634199999],[331329.4674,157537.1677],[331306.2288,157390.3883],[330857.8345,156234.3292],[331218.6828,156837.431399999],[331087.903,156011.4015],[332282.2001,155625.901900001],[333033.1025,156625.795700001],[334784.5019,156412.696699999],[337540.3971,154991.9034],[338410.3478,156766.0372],[338941.68,156030.390000001],[343610.8975,156123.599400001],[343329.78,158974.029999999],[351670.55,157893.01],[355568.1156,155268.8462],[356336.83,153930.25],[361208.6035,156097.197000001],[365424.5012,154752.301899999],[364778.4017,153438.797900001],[366751.7993,152769.999399999],[367050.342,153310.1513],[368585.6988,152886.7959],[372148.2001,156263.599300001],[373099.8038,155128.904100001],[379952.6039,158503.598099999],[381066.1983,158233.195499999],[381142.1024,157273.700200001],[380222.47,156751.6],[380525.0997,154963.8014],[381601.8964,155266.4048],[382419.0974,154553.3989],[382974.4023,150552.5041],[379231.4991,141830.300799999],[375896.2726,137178.501399999],[375984.2972,136212.299000001],[374582.2988,135574.101600001],[374827.4986,133364.1042],[377269.0753,131202.012399999],[375573.5,130009.130000001],[376959.1025,126940.302999999],[373339.1992,122907.297499999],[373641.8011,121331.298599999],[375187.6017,121336.497099999],[375907.0987,119992.901699999],[370955.5025,117989.2952],[370045.0004,119195.899800001],[368695.4983,118810.600099999],[368992.6998,117898.001399999],[368049.0031,116756.4981],[365668.0026,119377.197899999],[364841.4022,121725.2958],[363150.7029,121522.603800001],[361681.903,122382.297700001],[361811.1031,120773.0984],[361049.4986,120162.1033],[359762.4033,120968.102600001],[358953.9998,119881.9035],[358268.4972,120384.5996],[357734.4976,119833.397399999],[358073.5015,116742.302200001],[356809.0967,115863.8036],[357643.3979,114315.8967],[356216.5977,112217.5229],[357224.46,110404.949999999],[356794.2,109337.9],[353624.3,109948.5],[349826.6,108206.460000001],[349810.87,107403.470000001],[346788.98,107761.619999999],[344324.4993,106222.603399999],[342990.803,107415.0021],[341746.3,105797.199999999],[337504.27,105990.48],[333785.59,104463.789999999],[332873.9131,102837.8301],[331800.68,104301.439999999],[331564.5,106702.390000001],[327110.6009,106240.8982],[327420.9038,107412.6028],[325868,108863.493000001],[326091.34,112655.859999999],[320894.03,111965.85],[319621.5042,110837.386],[316576.52,112992.779999999],[318152.5977,117124.1029],[311935.096,116573.500499999],[309219.8985,118099.003799999],[306478.597,121223.399499999],[303309.4017,120694.400900001],[303266.7005,125253.3959],[300906.6012,125433.5044],[300430.3005,126674.699100001],[297691.1016,126109.6008],[296085.4007,127099.997300001],[294612.01,126723.6],[293466.49,126270.550000001],[293551.6027,125033.9987],[292391.0032,123784.496400001],[287618.399,124318.4035],[286832.39,125260.76],[288346.7017,129638.2008],[284692.9029,130037.296499999],[281544.08,132612.609999999],[279619.72,132685.630000001],[273807.3033,136703.7983],[271756.402,139279.7009],[271535.8961,143573.6018],[275217.9013,142926.9969],[279524.4039,143677.0022],[279063.1999,148486.795399999],[279972.7277,149615.028899999],[280000.0285,149609.7478],[286059.9726,148437.4879],[286766.4601,147739.8477],[286866.26,147632.060000001],[289873.63,149290.890000001],[292425.2,149249.5],[295647.47,148224.880000001],[297381.32,146466.039999999],[298976,146517.970000001],[299999.9852,145557.750600001],[302188.35,143505.66],[310810.47,143035.640000001],[319488.228,146140.728],[320000.0207,146206.7236],[321479.582,146397.513],[324897.972,145222.161],[326411.598,145721.892999999],[328911.0007,147080.797900001],[327945.7019,144435.904999999],[328639.746,144615.994999999],[330109.454,147896.089],[330337.76,147583.491],[331356.725,147264.364],[330329.7435,147784.5155],[330255.892,149636.446],[328824.718,152309.457],[329570.952,158478.517999999],[327951.647,159335.982999999],[330403.5144,158589.4449]]]},"properties":{"LAD24CD":"E06000066"}},{"type":"Feature","geometry":{"type":"Polygon","coordinates":[[[548018.5583,261774.1216],[547274.6996,260884.202],[548740.55,259903.15],[548202.203,258425.3959],[549270.697,257785.499],[549273.6982,254599.900900001],[547985.1023,254894.196699999],[547484.3962,254004.601299999],[546562.6973,254687.595799999],[543984.1039,253158.203600001],[543966.4018,256798.9014],[541419.8982,259558.501499999],[545541.5636,261856.0463],[546763.1,261240.300000001],[547269.7,262086.550000001],[548018.5583,261774.1216]]]},"properties":{"LAD24CD":"E07000008"}},{"type":"Feature","geometry":{"type":"Polygon","coordinates":[[[565233.5635,284826.3759],[561625.5995,281731.3046],[564037.1974,276449.996400001],[566464.7627,275110.7436],[565285.91,272890.74],[565825.6995,271416.597200001],[567612.5032,271524.2963],[570942.89,268129.050000001],[570588.62,266812.460000001],[565559.6164,264733.521600001],[562592.3988,268797.596899999],[560952.02,269217.869999999],[560768.81,267187.17],[559766.98,265864.640000001],[561267.21,263864.98],[560045.3016,263045.5034],[562052.68,261357.08],[565424.3959,262927.0973],[564928.7029,263820.101600001],[565756.9028,264487.000700001],[569577.79,262253.210000001],[570447.5037,263052.646199999],[571833.3974,261707.896299999],[570488.1002,254794.6951],[569086.2686,254541.522500001],[567784.67,255604.279999999],[566719.3982,254042.4005],[565445.2972,253978.798699999],[563920.8019,253779.3958],[558855.3002,255937.9979],[552071.32,261608.85],[552338.02,262170.050000001],[550995.102,263553.398],[551639.7998,265140.503699999],[551001.5002,265830.8961],[552982.24,268244.380000001],[553359.2991,271795.998600001],[550375.799,271029.797900001],[549832.27,271849.619999999],[547885.96,271047.51],[547446.25,271777.689999999],[545943.9962,271332.801200001],[541945.7022,272801.400800001],[539298.6006,274721.701099999],[539791.2694,275323.1054],[538552.4968,278358.5001],[539996.2977,279744.4034],[539078.5977,281976.804300001],[539881.0977,281588.795399999],[542019.01,283353.640000001],[543343.8,282899.5],[544646.0999,284333.499700001],[544522.4982,282450.398800001],[551873.3,292281.004799999],[552556.1572,291483.7642],[553234.23,292371.91],[556807.4001,293141.1986],[560767.7998,291883.5986],[561773.1036,289508.0985],[565113.3015,286848.5998],[565233.5635,284826.3759]]]},"properties":{"LAD24CD":"E07000009"}},{"type":"Feature","geometry":{"type":"Polygon","coordinates":[[[546710.3994,317809.0975],[545677.2025,311565.504699999],[547796.9995,311147.5043],[547812.797,308673.102600001],[546889.1028,308063.3971],[550310.3002,305000.004000001],[548529.53,302388.810000001],[550433.42,299508.17],[549593.8,298684],[550395.7,298168.300000001],[549568.69,297482.550000001],[549627.14,296725.52],[550257.73,296887.310000001],[549539.13,296451.939999999],[549868.69,294754.949999999],[551413.8027,294562.1018],[549782.303,293590.799900001],[551873.3,292281.004799999],[544522.4982,282450.398800001],[544646.0999,284333.499700001],[543343.8,282899.5],[542019.01,283353.640000001],[539881.0977,281588.795399999],[539078.5977,281976.804300001],[539996.2977,279744.4034],[538552.4968,278358.5001],[537417.67,281484.289999999],[538389.4,283138.369999999],[536606.8025,285964.8028],[533302.0996,287956.1028],[532563.94,292118.779999999],[531078.92,292742.77],[531030.82,291521.060000001],[529734.56,290418.630000001],[529226.38,291011.91],[528128.51,289575.109999999],[522991.7002,295318.995200001],[522287.2009,296296.5954],[522976.2984,298283.796499999],[534704.6999,301457.597999999],[533246.0991,308906.795700001],[536804.2965,309378.7006],[538582.3027,311267.100099999],[538179.6964,314926.702500001],[539453.7974,316411.0976],[541179.9999,316042.203199999],[544097.1025,317872.599300001],[546710.3994,317809.0975]]]},"properties":{"LAD24CD":"E07000010"}},{"type":"Feature","geometry":{"type":"Polygon","coordinates":[[[522991.7002,295318.995200001],[528128.51,289575.109999999],[529226.38,291011.91],[529734.56,290418.630000001],[531030.82,291521.060000001],[531078.92,292742.77],[532563.94,292118.779999999],[533302.0996,287956.1028],[536606.8025,285964.8028],[538389.4,283138.369999999],[537417.67,281484.289999999],[538552.4968,278358.5001],[539791.2694,275323.1054],[539298.6006,274721.701099999],[537000.6,273416.699999999],[535444.3,270146.08],[533263.5,270307.41],[532562.3032,267732.6017],[530732.6995,265541.098999999],[529565.8007,266085.6031],[528338.73,263788.449999999],[526791.17,266628.640000001],[524564.8001,266240.4988],[524029.102,264063.402000001],[524510.696,262908.8025],[524755.5001,263525.695900001],[525890.103,263390.704600001],[527621.4009,262205.7038],[526522.2023,260250.9033],[523925.36,260508.93],[523401.1994,257784.099400001],[524769.0962,257013.300100001],[526304.4997,258692.599400001],[529371.8026,258202.5996],[529969.8994,255542.201199999],[527392.4026,255659.6975],[526199.9029,253709.795700001],[523914.1988,253870.299699999],[522087.6443,252663.378599999],[519028.8022,254551.504699999],[519753.304,255455.7959],[520357.0981,256118.2963],[518860.8998,258271.4999],[516507.45,258284.1],[517164.899,261281.2984],[516637.8005,261629.298800001],[513761.4037,261825.602600001],[513202.8008,261700.6983],[513399.1982,260455.9046],[511114.7968,260665.704600001],[510476.2004,264894.0042],[511163.8962,265173.6042],[510953.1029,265944.4036],[507752.7,266371.9012],[506770.1031,267653.5043],[506705.0001,269634.2973],[504689.396,270534.999500001],[504563.799,272309.8015],[503427.8027,272505.6954],[503789.2991,273405.297900001],[502332.0011,274618.400699999],[502992.9004,276181.903100001],[502474.5994,276782.201300001],[506166.5976,277470.204299999],[507764.9027,280465.097100001],[511427.598,282987.1951],[510880.703,283686.9048],[512757.5016,286735.5022],[511489.65,289253.470000001],[511790.9001,291114.798599999],[507722.3994,293158.603599999],[508526.1032,294623.5043],[507235.0009,296851.4965],[508056.4975,297436.2991],[507472.302,299057.904899999],[508718.0977,299559.001499999],[509528.9995,297817.899900001],[512042.0034,297561.0034],[513631.7996,296319.9987],[513154.6991,295603.003900001],[515933.4991,291254.798599999],[517524.7959,292843.503799999],[519182.1027,293125.5031],[519803.1974,295440.774599999],[520980.804,294830.494999999],[522131.5012,295670.604499999],[522991.7002,295318.995200001]]]},"properties":{"LAD24CD":"E07000011"}},{"type":"Feature","geometry":{"type":"Polygon","coordinates":[[[565445.2972,253978.798699999],[565556.51,251072],[563704.8967,249263.7983],[563225.8009,247603.9035],[564153.9969,246884.8993],[564926.6004,243518.902799999],[563269.4997,241689.896299999],[564007.6929,240255.273700001],[560959.84,241630.210000001],[559420.1033,244150.1021],[556738.32,246009.26],[556031.16,246255.08],[554400.3917,244435.817199999],[553233.7021,245761.001],[551046.4028,246103.1031],[549723.4992,243893.695499999],[550228.097,242463.9048],[548713.1989,241839.5035],[548655.3021,241079.900900001],[547594.31,241569.359999999],[546034.7001,240905.800799999],[545372.597,242293.3036],[544457.0984,242299.901699999],[543656.6019,237979.7983],[542053.4517,236165.301200001],[539993.5026,241400.7991],[537480.4,240951.199999999],[535852.73,242427.970000001],[528645.3963,237488.798900001],[528081.6979,240290.9968],[526595.5999,241012.9001],[527071.0019,242848.8046],[526348.0854,244053.5164],[527084.44,250502.380000001],[526390.1989,251173.1018],[525228.2967,250597.796499999],[520884.6995,251071.6009],[522087.6443,252663.378599999],[523914.1988,253870.299699999],[526199.9029,253709.795700001],[527392.4026,255659.6975],[529969.8994,255542.201199999],[529371.8026,258202.5996],[526304.4997,258692.599400001],[524769.0962,257013.300100001],[523401.1994,257784.099400001],[523925.36,260508.93],[526522.2023,260250.9033],[527621.4009,262205.7038],[525890.103,263390.704600001],[524755.5001,263525.695900001],[524510.696,262908.8025],[524029.102,264063.402000001],[524564.8001,266240.4988],[526791.17,266628.640000001],[528338.73,263788.449999999],[529565.8007,266085.6031],[530732.6995,265541.098999999],[532562.3032,267732.6017],[533263.5,270307.41],[535444.3,270146.08],[537000.6,273416.699999999],[539298.6006,274721.701099999],[541945.7022,272801.400800001],[545943.9962,271332.801200001],[547446.25,271777.689999999],[547885.96,271047.51],[549832.27,271849.619999999],[550375.799,271029.797900001],[553359.2991,271795.998600001],[552982.24,268244.380000001],[551001.5002,265830.8961],[551639.7998,265140.503699999],[550995.102,263553.398],[552338.02,262170.050000001],[552071.32,261608.85],[558855.3002,255937.9979],[563920.8019,253779.3958],[565445.2972,253978.798699999]],[[548018.5583,261774.1216],[547269.7,262086.550000001],[546763.1,261240.300000001],[545541.5636,261856.0463],[541419.8982,259558.501499999],[543966.4018,256798.9014],[543984.1039,253158.203600001],[546562.6973,254687.595799999],[547484.3962,254004.601299999],[547985.1023,254894.196699999],[549273.6982,254599.900900001],[549270.697,257785.499],[548202.203,258425.3959],[548740.55,259903.15],[547274.6996,260884.202],[548018.5583,261774.1216]]]},"properties":{"LAD24CD":"E07000012"}},{"type":"Feature","geometry":{"type":"Polygon","coordinates":[[[442027.8963,356921.7016],[442909.3015,354987.5952],[444868.4023,353958.0999],[444027.1999,352232.004000001],[444613.7041,350838.203],[444901.21,348403.15],[446573.1073,345367.3521],[444897.9858,342518.6085],[442331.08,341929.74],[441359.9968,342947.2018],[439771.18,342344.699999999],[435090.67,342921.76],[435379.49,341076.59],[433988.0959,341063.301000001],[433161.8996,337895.097899999],[430748.999,336405.804199999],[428988.69,337687.720000001],[426703.61,337792.439999999],[426495.0009,338935.4001],[427005.7,340653.1984],[428909.01,341106.289999999],[428875.53,341932.02],[426806.9033,343194.301000001],[426992.1039,344639.6973],[428497.6026,345053.198899999],[428358.0961,346456.7972],[429164.3972,346351.397299999],[428533.5016,346791.3014],[429186.7,347327.398],[427943.6004,347088.496300001],[427019.0982,348204.9967],[428191.3975,349527.3982],[427481.8028,350906.9033],[430030.1038,352511.2041],[431335.0991,354513.7009],[432290.6028,354441.7015],[432773.2027,355237.603700001],[431492.5963,356020.7995],[431986.3023,358243.303300001],[433859.2998,359761.898600001],[437037.3009,356415.396500001],[442027.8963,356921.7016]]]},"properties":{"LAD24CD":"E07000032"}},{"type":"Feature","geometry":{"type":"Polygon","coordinates":[[[452887.6733,369248.523499999],[453760.1,365600.1],[450861.597,364883.502599999],[449576.0023,363293.397700001],[447508.09,364045.220000001],[445330.68,363012.529999999],[445476.3024,359488.9967],[446923.2034,356320.9036],[446350.8972,355728.0033],[446786.5992,354779.005000001],[444868.4023,353958.0999],[442909.3015,354987.5952],[442027.8963,356921.7016],[441721.0975,360061.3029],[443370.52,362598.02],[441656.5835,364247.5681],[443083.37,365565.140000001],[445635.32,365638.26],[446133.3018,368996.6952],[445536.8139,371605.227],[444710.4022,373564.6976],[446701.8977,374324.600099999],[445654.7188,376290.934],[445145.6012,377782.9002],[446040.1986,378107.2973],[445280.6965,379337.0953],[447937.7005,379406.995300001],[450488.4008,378555.099099999],[451358.4032,379342.103800001],[453192.6984,378879.6962],[453416.7002,379685.195599999],[454965.34,379000],[454755.3024,376996.0954],[455676.2015,375952.1042],[454682.1027,375092.4003],[455145.302,374556.2038],[453294,374089.630000001],[452609.6984,372581.499],[453357.61,371240.220000001],[452887.6733,369248.523499999]]]},"properties":{"LAD24CD":"E07000033"}},{"type":"Feature","geometry":{"type":"Polygon","coordinates":[[[445654.7188,376290.934],[446701.8977,374324.600099999],[444710.4022,373564.6976],[445536.8139,371605.227],[443670.23,371578.9],[443414.6,372339.800000001],[441449.0023,372040.6039],[440092.7969,370970.600199999],[440097.5,368708.800000001],[438776.2,368532.5],[437494.201,368647.7951],[437407.7021,369430.1011],[434847.7013,369588.595799999],[434533.1027,370337.001499999],[435378.92,371144.83],[434686.55,372284.199999999],[435382.45,373729.859999999],[434737.55,374173.550000001],[435837.27,374690.939999999],[436295.196,376443.4036],[437500.5002,376059.4035],[439067.0041,376898.4033],[440149.6961,376276.9013],[441614.4342,378184.3301],[442298.59,377098.960000001],[444518.3994,377181.702299999],[445654.7188,376290.934]]]},"properties":{"LAD24CD":"E07000034"}},{"type":"Feature","geometry":{"type":"Polygon","coordinates":[[[426809.0965,379448.5034],[426927.09,377722.1],[428190.12,376695.91],[427477.15,375832.68],[427782.36,374047.699999999],[429062.3975,373911.1984],[429644.4988,372594.495300001],[428657.3012,371637.499299999],[428871.8,369644.119999999],[432453.6983,367399.9023],[430271.8985,367075.495100001],[430170.3029,365465.8959],[433859.2998,359761.898600001],[431986.3023,358243.303300001],[431492.5963,356020.7995],[432773.2027,355237.603700001],[432290.6028,354441.7015],[431335.0991,354513.7009],[430030.1038,352511.2041],[427481.8028,350906.9033],[428191.3975,349527.3982],[427019.0982,348204.9967],[427943.6004,347088.496300001],[429186.7,347327.398],[428533.5016,346791.3014],[429164.3972,346351.397299999],[428358.0961,346456.7972],[428497.6026,345053.198899999],[426992.1039,344639.6973],[426806.9033,343194.301000001],[428875.53,341932.02],[428909.01,341106.289999999],[427005.7,340653.1984],[426495.0009,338935.4001],[423598.74,338627.449999999],[423039.7019,333957.805],[421734.67,336063.93],[419713.702,336103.400800001],[419299.701,334720.196699999],[416979.2027,335034.896600001],[417819.696,333116.3958],[417194.9018,330163.201099999],[415088.2969,331838.4016],[411656.9993,331897.2048],[409739.4,336222.25],[411614.59,338954.76],[411728.3026,342205.0042],[416042.5968,344750.5956],[416261.701,348918.4025],[414914.3014,349759.8017],[415132.8038,351366.501700001],[413877.8972,354593.2981],[414579.82,356215.560000001],[412014.46,359960.52],[412628.06,361933.93],[409396.99,365715.42],[406865.27,366998.85],[405539.42,368994.77],[406053.71,369406.1],[406935.78,368155.1],[407082.72,369060.98],[407670.77,368941.609999999],[407934.85,367372.57],[408592.42,368733.630000001],[410631.34,366413.15],[411349.87,366735.92],[411367.004,368187.4968],[408491.2009,369983.602700001],[410485.94,372609.93],[414087.76,373280.33],[412264.0996,376190.396],[411917.7988,378442.101500001],[416010.74,382389.4],[418062.58,382451.17],[418239.39,380277.390000001],[420050.1994,380784.6009],[420283.5017,382029.4046],[421984.4001,383656.9987],[421834.4966,385884.301200001],[423119.4976,388395.5023],[422485.6008,385575.999399999],[427356.4037,383301.3005],[425909.7005,382992.5989],[424562.6966,380495.703600001],[424907.26,379985.869999999],[426128.6976,380707.0031],[426809.0965,379448.5034]]]},"properties":{"LAD24CD":"E07000035"}},{"type":"Feature","geometry":{"type":"Polygon","coordinates":[[[451248.4965,333028.201099999],[451239.3033,331672.999],[449373.8005,330903.7992],[445913.4967,330814.3048],[443845.35,331659.060000001],[444524.63,332686.310000001],[441238.9643,333954.5451],[441570.8973,336678.2962],[438813.4025,337736.703299999],[439786.8969,339376.8038],[435804.2026,339383.5019],[435379.49,341076.59],[435090.67,342921.76],[439771.18,342344.699999999],[441359.9968,342947.2018],[442331.08,341929.74],[444897.9858,342518.6085],[446573.1073,345367.3521],[447930.9972,341602.196799999],[447627.2986,340031.7963],[448404.9975,339325.7984],[448399.15,335000],[450806.66,334209.050000001],[451248.4965,333028.201099999]]]},"properties":{"LAD24CD":"E07000036"}},{"type":"Feature","geometry":{"type":"Polygon","coordinates":[[[411883.9034,402726.3002],[413609.504,400735.200099999],[413272.6025,398268.6962],[413273,398268.218699999],[413275.3017,398265.4539],[417006.296,396187.102],[417392.1979,391606.203299999],[419469.3019,391208.2972],[419712.0035,389842.698100001],[423119.4976,388395.5023],[421834.4966,385884.301200001],[421984.4001,383656.9987],[420283.5017,382029.4046],[420050.1994,380784.6009],[418239.39,380277.390000001],[418062.58,382451.17],[416010.74,382389.4],[411917.7988,378442.101500001],[412264.0996,376190.396],[414087.76,373280.33],[410485.94,372609.93],[408491.2009,369983.602700001],[411367.004,368187.4968],[411349.87,366735.92],[410631.34,366413.15],[408592.42,368733.630000001],[407934.85,367372.57],[407670.77,368941.609999999],[407082.72,369060.98],[406935.78,368155.1],[406053.71,369406.1],[405539.42,368994.77],[406865.27,366998.85],[402988.1998,368519.7017],[402609.702,369909.503900001],[400939.8642,368502.888699999],[400748.16,369550.699999999],[401774,370433.5],[399468.5,373733],[399645.7015,384185.897299999],[398030.7991,385931.897500001],[397850.2982,386519.2994],[399788.4977,387718.6961],[400607.1003,390930.096799999],[399186.8968,391007.704600001],[398352.8017,392562.6995],[399152.2016,393663.6044],[399817.1988,393236.196699999],[399550.2979,393862.297499999],[401040.6999,395384.0019],[400905.5963,398263.5976],[402525.5034,401459.003],[403325.2991,400833.302100001],[405271.9993,401475.3983],[404951.9012,402698.1982],[406087.1967,404640.102399999],[407115.9989,404109.804199999],[408481.1997,404870.5964],[410585.1991,402591.6987],[411883.9034,402726.3002]]]},"properties":{"LAD24CD":"E07000037"}},{"type":"Feature","geometry":{"type":"Polygon","coordinates":[[[445075.0977,381531.897],[446779.0962,381960.0045],[447480.8993,381267.8026],[447020.9981,380018.100299999],[447937.7005,379406.995300001],[445280.6965,379337.0953],[446040.1986,378107.2973],[445145.6012,377782.9002],[445654.7188,376290.934],[444518.3994,377181.702299999],[442298.59,377098.960000001],[441614.4342,378184.3301],[440149.6961,376276.9013],[439067.0041,376898.4033],[437500.5002,376059.4035],[436295.196,376443.4036],[435837.27,374690.939999999],[434737.55,374173.550000001],[435382.45,373729.859999999],[434686.55,372284.199999999],[435378.92,371144.83],[434533.1027,370337.001499999],[434847.7013,369588.595799999],[437407.7021,369430.1011],[437494.201,368647.7951],[438776.2,368532.5],[440097.5,368708.800000001],[440092.7969,370970.600199999],[441449.0023,372040.6039],[443414.6,372339.800000001],[443670.23,371578.9],[445536.8139,371605.227],[446133.3018,368996.6952],[445635.32,365638.26],[443083.37,365565.140000001],[441656.5835,364247.5681],[443370.52,362598.02],[441721.0975,360061.3029],[442027.8963,356921.7016],[437037.3009,356415.396500001],[433859.2998,359761.898600001],[430170.3029,365465.8959],[430271.8985,367075.495100001],[432453.6983,367399.9023],[428871.8,369644.119999999],[428657.3012,371637.499299999],[429644.4988,372594.495300001],[429062.3975,373911.1984],[427782.36,374047.699999999],[427477.15,375832.68],[428190.12,376695.91],[426927.09,377722.1],[426809.0965,379448.5034],[427748.0028,380596.4048],[428045.4022,379502.298],[429295.304,379980.701099999],[429301.9,378917.195499999],[430966.3965,378742.6954],[433264.6001,380185.9023],[435544.5986,380150.9023],[436385.8999,380685.599300001],[436068.3001,381664.4991],[437255.0035,382430.4998],[438662.9961,382116.299699999],[439311.0002,382947.6018],[440946.4988,382172.503699999],[440951.8004,380251.103599999],[444217.1991,380081.702099999],[445075.0977,381531.897]]]},"properties":{"LAD24CD":"E07000038"}},{"type":"Feature","geometry":{"type":"Polygon","coordinates":[[[430748.999,336405.804199999],[429897.3,335336.699999999],[430933.4987,332550.297800001],[433532.8037,332045.3024],[434178.2448,330370.7722],[436168.9971,330697.498199999],[437380.6995,329455.103800001],[438902.9027,329886.3004],[439198.8014,332054.4998],[440270.1976,333833.9004],[441238.9643,333954.5451],[444524.63,332686.310000001],[443845.35,331659.060000001],[445913.4967,330814.3048],[445489.37,330036.449999999],[444158.59,330177.32],[443794.4,328618.4],[443153.71,328846.57],[440895.61,326753.119999999],[441332.89,326335.800000001],[439354.6001,322829.9003],[437601.76,322927.41],[437690.97,321847.369999999],[436328.0031,321165.296800001],[436799.48,320080.720000001],[435960.4,318940.699999999],[434245.2017,318055.7969],[433567.7,318990.800000001],[430274.001,318506.297900001],[429627.6316,317083.1765],[430847.77,314991.02],[430486.67,313728.74],[427293.197,311490.2962],[423406.92,311287.060000001],[423290.4013,313842.003],[420074.0029,314976.8982],[422587.4026,320844.0987],[426326.3977,320493.598999999],[426105.397,321256.7006],[427816.0988,322555.698799999],[427619.9,323602.699999999],[426345.7,324382.449999999],[428031.07,326086.76],[425229.66,328614.6],[421000,329712.109999999],[420254.3966,329272.796],[419990.21,329952.57],[418592.74,329164.109999999],[417194.9018,330163.201099999],[417819.696,333116.3958],[416979.2027,335034.896600001],[419299.701,334720.196699999],[419713.702,336103.400800001],[421734.67,336063.93],[423039.7019,333957.805],[423598.74,338627.449999999],[426495.0009,338935.4001],[426703.61,337792.439999999],[428988.69,337687.720000001],[430748.999,336405.804199999]]]},"properties":{"LAD24CD":"E07000039"}},{"type":"Feature","geometry":{"type":"MultiPolygon","coordinates":[[[[297144.3907,87337.8530999999],[297163.551,87158.6860000007],[297083.9273,87251.5195000004],[297144.3907,87337.8530999999]]],[[[326091.34,112655.859999999],[325868,108863.493000001],[327420.9038,107412.6028],[327110.6009,106240.8982],[331564.5,106702.390000001],[331800.68,104301.439999999],[332873.9131,102837.8301],[332374.0995,102220.2991],[337185.1009,100961.1995],[337605.7969,99847.3982999995],[332796.4033,96893.7038000003],[334136.3989,95381.3967000004],[332829.499,92532.2021999992],[333212.674,91399.9816999994],[333192.4183,91386.5562999994],[327571.9059,89308.9213999994],[327373.1536,89327.6348999999],[325706.5985,89916.0721000005],[325603.67,89741.6199999992],[323655.1,89668.5999999996],[322722.6664,87958.6339999996],[322665.0332,87860.4155999999],[319999.9982,87870.6115000006],[315878.41,87886.3800000008],[311219.94,86708.8399999999],[308909.7436,83301.8968000002],[308088.8239,82189.5993000008],[307563.67,83919.9700000007],[307675.409,81919.8560000006],[305260.0018,81099.7277000006],[304738.777,80970.9499999993],[304699.9156,80909.5558000002],[304426.738,80816.8010000009],[304015.0474,79999.9697999991],[303728.375,79431.1860000007],[301769.1457,80000.0372000001],[299999.9903,80513.7015000004],[299352.488,80701.7000999991],[299545.9152,81316.2827000003],[299980.78,82029],[297552.3801,87920.4067000002],[297579.1996,87958.7014000006],[297484.1597,88085.9123],[296917.3332,89461.0588000007],[296994.2695,88741.6307999995],[296180.4003,89830.9955000002],[296721.1031,94960.2971999999],[293405.0962,96855.0048999991],[290596.3007,95097.2980000004],[289351.5782,95109.4079999998],[288230.3,95006.7400000002],[289325.4977,96804.4992999993],[290288.999,96529.7979000006],[290986.3003,98187.4035],[289867.3961,98435.9023000002],[289288.8979,99953.1980000008],[292619.3007,99713.0966999996],[292504.4964,100887.000700001],[294070.9014,102730.0032],[293930.6796,104166.7949],[294657.6034,103003.3049],[294210.9025,101020.102600001],[295745.597,101024.9012],[295549.59,100208.220000001],[297163.63,101438.970000001],[298389.81,101081.65],[299366.54,102363.550000001],[300708.96,101510.49],[304283.2011,102252.399900001],[303779.5021,104225.695],[304614.1991,104696.500299999],[304521.4998,103919.4027],[305466.1035,103783.2017],[305184.5017,106113.3047],[306603.6004,107232.5043],[309900.7014,107030.202199999],[309832.2014,108206.895400001],[313378.71,111344.060000001],[314461.84,111085.84],[315161.24,109315.65],[317347.5993,109280.998],[319621.5042,110837.386],[320894.03,111965.85],[326091.34,112655.859999999]]]]},"properties":{"LAD24CD":"E07000040"}},{"type":"Feature","geometry":{"type":"MultiPolygon","coordinates":[[[[297579.1996,87958.7014000006],[297552.3801,87920.4067000002],[297484.1597,88085.9123],[297579.1996,87958.7014000006]]],[[[293405.0962,96855.0048999991],[296721.1031,94960.2971999999],[296180.4003,89830.9955000002],[296994.2695,88741.6307999995],[297144.3907,87337.8530999999],[297083.9273,87251.5195000004],[296367.1112,88087.2573000006],[296256.4197,87987.2887999993],[296260.6714,87871.8607000001],[296272.6074,87547.8160999995],[294536.6979,89195.5973000005],[291387.9997,89272.5953000002],[289744.9981,90867.7986999992],[289351.5782,95109.4079999998],[290596.3007,95097.2980000004],[293405.0962,96855.0048999991]]]]},"properties":{"LAD24CD":"E07000041"}},{"type":"Feature","geometry":{"type":"Polygon","coordinates":[[[319621.5042,110837.386],[317347.5993,109280.998],[315161.24,109315.65],[314461.84,111085.84],[313378.71,111344.060000001],[309832.2014,108206.895400001],[309900.7014,107030.202199999],[306603.6004,107232.5043],[305184.5017,106113.3047],[305466.1035,103783.2017],[304521.4998,103919.4027],[304614.1991,104696.500299999],[303779.5021,104225.695],[304283.2011,102252.399900001],[300708.96,101510.49],[299366.54,102363.550000001],[298389.81,101081.65],[297163.63,101438.970000001],[295549.59,100208.220000001],[295745.597,101024.9012],[294210.9025,101020.102600001],[294657.6034,103003.3049],[293930.6796,104166.7949],[294070.9014,102730.0032],[292504.4964,100887.000700001],[292619.3007,99713.0966999996],[289288.8979,99953.1980000008],[289867.3961,98435.9023000002],[290986.3003,98187.4035],[290288.999,96529.7979000006],[289325.4977,96804.4992999993],[288230.3,95006.7400000002],[286609.59,96191.0999999996],[285817.66,95846.9900000002],[282196.14,97377.1400000006],[281569.8964,95828.0987999998],[279577.601,95739.9039999992],[278466.1009,93477.1018000003],[277453.8959,92986.4022000004],[278372.16,92088.3100000005],[277536.396,90720.9006999992],[275435.8018,93483.0000999998],[271713.099,92393.8018999994],[270505.7994,94115.5989999995],[272727.9011,97047.2997999992],[271645.4977,99519.9020000007],[270007.39,99592.4199999999],[270701.48,100880.1],[270547.404,103704.6042],[267825.396,103830.898],[266329.85,105612.26],[267446.8982,107098.8026],[266091.8967,107108.199899999],[264578.9032,109557.198899999],[266526.2959,110388.401000001],[265060.1015,112672.7971],[266212.5961,113463.1008],[271495.16,113541.32],[272378.05,114364.24],[272330.85,112941.33],[274701.2988,112961.304500001],[276724.2987,110056.9958],[277377.2004,111542.2007],[278090.0024,111565.1041],[278608.4024,113789.6974],[285699.9959,114610.002499999],[286761.0033,115364.896500001],[287963.7022,117275.0997],[287897.9973,119859.899800001],[286372.37,120000.27],[285818.296,124195.4987],[287443.1997,122430.0041],[287618.399,124318.4035],[292391.0032,123784.496400001],[293551.6027,125033.9987],[293466.49,126270.550000001],[294612.01,126723.6],[296085.4007,127099.997300001],[297691.1016,126109.6008],[300430.3005,126674.699100001],[300906.6012,125433.5044],[303266.7005,125253.3959],[303309.4017,120694.400900001],[306478.597,121223.399499999],[309219.8985,118099.003799999],[311935.096,116573.500499999],[318152.5977,117124.1029],[316576.52,112992.779999999],[319621.5042,110837.386]]]},"properties":{"LAD24CD":"E07000042"}},{"type":"Feature","geometry":{"type":"MultiPolygon","coordinates":[[[[246565.4,130666.699999999],[246562.3827,130654.558800001],[246554.1257,130664.886600001],[246565.4,130666.699999999]]],[[[276549.09,150208.59],[279956.2166,149618.222899999],[279972.7277,149615.028899999],[279063.1999,148486.795399999],[279524.4039,143677.0022],[275217.9013,142926.9969],[271535.8961,143573.6018],[271756.402,139279.7009],[273807.3033,136703.7983],[279619.72,132685.630000001],[281544.08,132612.609999999],[284692.9029,130037.296499999],[288346.7017,129638.2008],[286832.39,125260.76],[287618.399,124318.4035],[287443.1997,122430.0041],[285818.296,124195.4987],[286372.37,120000.27],[287897.9973,119859.899800001],[287963.7022,117275.0997],[286761.0033,115364.896500001],[285699.9959,114610.002499999],[278608.4024,113789.6974],[278090.0024,111565.1041],[277377.2004,111542.2007],[276724.2987,110056.9958],[274701.2988,112961.304500001],[272330.85,112941.33],[272378.05,114364.24],[271495.16,113541.32],[266212.5961,113463.1008],[266258.3974,115944.400599999],[262731.0036,114956.303400001],[259772.4036,115957.8967],[260033.904,118448.603800001],[262368.82,119209.039999999],[262632.4009,122057.1008],[260850.89,122174.73],[258851.3973,120585.5021],[257171.4001,122173.6975],[257377.5019,125107.997500001],[255303.8031,125464.895400001],[253726.3992,124665.804099999],[251308.601,125643.304300001],[251677.3037,126567.799699999],[248557.4962,126115.199200001],[247324.2,127253.303400001],[245605.0965,126895.3959],[246647.017,129151.0505],[247311.72,129971.68],[247369.395,132057.345000001],[249361.9998,132670.2029],[249290.2018,133415.399599999],[248545.07,133812.157],[248643.94,135718.210000001],[248335.271,133472.663000001],[247004.5,133038.199999999],[246708.929,131938.479],[244801.989,133123.535],[244548.155,137728.222999999],[243574.416,138009.944499999],[243318.8507,138136.9322],[243652.52,139224.310000001],[242658.2069,139999.9781],[242115.7587,140423.144300001],[241912.8519,140612.658299999],[244546.48,140681.92],[245100.67,141485.65],[245519.11,144453.960000001],[244310.29,145613.189999999],[245618.1,145803.689999999],[246282.0669,146867.6208],[247385.0384,146629.429199999],[247946.76,146486.609999999],[252432.5767,147932.6976],[253548.55,147834.35],[253994.8346,148436.320900001],[254284.5,148529.699999999],[257678.76,147249.5],[258359.7766,148210.3564],[258465.8163,148310.4651],[259999.9988,148363.99],[263338.09,148480.449999999],[265647.9727,149838.753699999],[265801.6408,149779.786499999],[267975.66,148876.59],[270636.9478,149991.267200001],[270684.1283,150008.519200001],[273477.07,149555.279999999],[273625.7456,149684.4794],[273703.57,149673.380000001],[275385.7878,151182.2162],[276549.09,150208.59]]]]},"properties":{"LAD24CD":"E07000043"}},{"type":"Feature","geometry":{"type":"MultiPolygon","coordinates":[[[[247364.1049,64868.0281000007],[246725.7739,64030.1557999998],[247154.2,64879.6799999997],[247364.1049,64868.0281000007]]],[[[269362.6,72144.4100000001],[270554.77,70110.0099999998],[272591.4041,72265.7035000008],[272533.9031,70650.2959000003],[273568.3037,70181.6999999993],[273027.1968,68382.8048999999],[274140.15,67706.3300000001],[272541.88,67059.9000000004],[273998.3001,64189.8950999994],[275270.2987,64478.9024],[274586.6,66608],[274744.2,68588.6999999993],[275567.02,69319.2100000009],[276895.697,68837.6046999991],[278658.5983,66130.5996000003],[281575.76,63806.7100000009],[282618.8001,64893.1038000006],[282364.9677,64071.3325999994],[283319.2015,63661.2963999994],[285567,64517.0700000003],[286366.5019,66195.4011000004],[287687.303,65412.4952000007],[287439.8027,62581.8954000007],[284698.36,61422.5600000005],[284460.44,59723.0700000003],[286474.47,57831.3900000006],[287839.8036,57898.7959000003],[288164.8,56104.25],[290289.41,53758.0399999991],[292897.2679,54328.3813000005],[292099.16,50717.5800000001],[292021.1655,50653.0414000005],[290506.0374,49701.9443999995],[289717.2834,49856.7334000003],[288138.393,50956.5551999994],[288137.86,50956.9499999993],[288812.807,51483.1710000001],[287982.8054,52675.0026999991],[288033.9947,52744.6506999992],[288545.0573,53279.2029999997],[286717.194,54812.4112],[286719.7428,54792.7485000007],[286697.6543,54813.2477000002],[286720.1772,54789.3973999992],[286739.0102,54644.1114000008],[287699.918,53674.6740000006],[287700.3556,53664.6555000003],[287395.9972,52358.4232999999],[287920.3251,51328.7126000002],[287910.1081,50780.3397000004],[288317.0964,50549.5062000006],[288824.0109,49553.9932000004],[288169.5,48531.6999999993],[286754.3799,48102.2149999999],[285388.898,47702.3430000003],[285374.9678,47683.5671999995],[285252.844,47646.5030000005],[283083.031,44645.4539999999],[281990.3188,39999.9700000007],[281751.585,38985.0329999998],[281786.5686,38932.7173999995],[281775.78,38886.0800000001],[282866.8312,37317.2563000005],[283051.88,37040.5280000009],[280184.375,37176.3029999994],[279999.9963,37033.4707999993],[278857.9825,36148.7894000001],[277289.3578,35016.3468999993],[276131.6,36425.4000000004],[273604.3014,37531.6703999992],[273750.1271,37772.2401999999],[274487.46,38847.5800000001],[276986.19,38834.4000000004],[276084.4,39345.5999999996],[277270.337,39999.9682999998],[277446.01,40096.9000000004],[277176.6241,39999.9616999999],[275341.5564,39339.6144999992],[275014.1954,39347.0033999998],[274962.4834,39673.2111000009],[275416.466,41021.0449999999],[274869.6075,40902.9114999995],[274134.69,41841.9000000004],[273634.9,41177.6999999993],[274281.79,40825.0700000003],[274500.3906,40000.0044],[274679.23,39325.0099999998],[274676.2896,39325.9741999991],[274047.601,39557.9739999995],[274034.2627,39536.5034999996],[273511.3,39707.9900000002],[273855.9624,39249.4945],[273274.0735,38312.8313999996],[273000.8,38140.5],[272612.2626,36061.5077999998],[271497.7933,36325.1161000002],[270262.6382,36747.3816],[268521.0002,38066.8768000007],[266896.3391,39413.7007999998],[266953.38,39612.2697999999],[267532.47,39713.3699999992],[267549.8604,39999.9929000009],[267654.83,41730.0700000003],[267584.1025,41807.9200999998],[267584.7,41810],[266626.8035,42861.6242999993],[266014.4,43535.6999999993],[266371.4727,43945.0029000007],[266883.7071,43796.8359999992],[267204.7279,44406.0738999993],[266795.5,44042.1999999993],[265078.54,44142.0399999991],[264792.6432,44438.5241999999],[264888,44660.4000000004],[264033.2,45538.8000000007],[263700.6968,45570.9079999998],[263506.4,45772.4000000004],[261658.3,45802.4000000004],[261465.231,47017.1899999995],[261356.896,47357.2249999996],[261055.8088,47184.5790999997],[261044.66,47211.8100000005],[259460.9824,46902.1396999992],[258254.7,47181.3000000007],[256535.4979,46330.0943],[254574.0996,45946.5649999995],[252570.0255,47065.8021000009],[253191.4934,47390.5457000006],[255330.68,47922.3800000008],[253923.68,48438.4000000004],[253709.027,47742.9907000009],[253556.6669,47770.3598999996],[249244.97,48753.6199999992],[249252.6,50585.8000000007],[249012.937,50654.5911999997],[249030.4629,51768.8028999995],[249044.0038,51800.5150000006],[249040.1282,51807.2215],[251333.6001,51089.0952000003],[254062.0969,52751.4992999993],[254321.503,55075.4041000009],[255971.2985,55203.8972999994],[256428.7015,56609.5050000008],[255144.5992,57717.4978],[252881.8989,57827.8961999994],[252160.1015,60385.6041000001],[250274.9012,61266.4020000007],[250032.7026,62615.0958999991],[248422.4998,61412.1002999991],[246999.897,61842.4970999993],[246273.0899,60789.9378999993],[245726.7164,60484.5413000006],[244877.6532,60791.4134999998],[244562.51,61026.3000000007],[245196.6087,61748.3804000001],[245701.94,62000],[246085.5553,62760.6691999994],[246559.11,63299.9299999997],[246989.15,62947.0700000003],[247371.4979,64867.6176999994],[250441.5009,64697.1998999994],[250493.9972,63295.6010999996],[252647.096,65406.8968000002],[253843.8007,63605.8023000006],[256456.0009,64429.8964000009],[256527.601,65168.7050000001],[257605.7005,65244.6031999998],[261380.2977,68544.9985000007],[262096.4967,68306.3968000002],[261856.4005,67243.3011000007],[265343.5,65370.8399999999],[266709.798,66786.4019000009],[265912.5006,69941.5987],[266220.0002,72433.2954999991],[267198.06,73088.3399999999],[267469.64,72159.1899999995],[269362.6,72144.4100000001]]]]},"properties":{"LAD24CD":"E07000044"}},{"type":"Feature","geometry":{"type":"Polygon","coordinates":[[[288230.3,95006.7400000002],[289351.5782,95109.4079999998],[289744.9981,90867.7986999992],[291387.9997,89272.5953000002],[294536.6979,89195.5973000005],[296272.6074,87547.8160999995],[296331.45,85950.3300000001],[297491.223,84050.8100000005],[297743.4943,81044.0721000005],[297740.737,80720.4529999997],[297772.8048,80694.7301000003],[297831.0928,80000.0143999998],[297876.8563,79454.5753000006],[297833.35,79427.5999999996],[297877.3544,79448.6384999994],[297916.513,78981.9199999999],[299073.394,80000.0165999997],[299124.2664,80044.7861000001],[299275.1346,80116.9160999991],[299179.215,80000.0123999994],[296228.6,76403.9000000004],[296091.55,74722.8100000005],[293816.729,72271.6309999991],[293743.2044,72872.2518000007],[293116.12,72544.4900000002],[293984.1886,72018.3296000008],[293297.8118,70083.3705000002],[293106.3796,69626.2543000001],[292277.97,69763.1300000008],[291601.79,68314.7799999993],[289090.802,66410.9993999992],[288744.3033,66833.8982999995],[287687.303,65412.4952000007],[286366.5019,66195.4011000004],[285567,64517.0700000003],[283319.2015,63661.2963999994],[282364.9677,64071.3325999994],[282618.8001,64893.1038000006],[281575.76,63806.7100000009],[278658.5983,66130.5996000003],[276895.697,68837.6046999991],[275567.02,69319.2100000009],[274744.2,68588.6999999993],[274586.6,66608],[275270.2987,64478.9024],[273998.3001,64189.8950999994],[272541.88,67059.9000000004],[274140.15,67706.3300000001],[273027.1968,68382.8048999999],[273568.3037,70181.6999999993],[272533.9031,70650.2959000003],[272591.4041,72265.7035000008],[270554.77,70110.0099999998],[269362.6,72144.4100000001],[267469.64,72159.1899999995],[267198.06,73088.3399999999],[267697.591,76287.6304000001],[266863.7003,79137.3965000007],[269764.6014,84666.6037000008],[272532.4025,85580.6020999998],[272021.2994,85937.0000999998],[273108.7982,87681.4008000009],[272148.0012,89521.6040000003],[277553.9003,89909.6030000001],[277536.396,90720.9006999992],[278372.16,92088.3100000005],[277453.8959,92986.4022000004],[278466.1009,93477.1018000003],[279577.601,95739.9039999992],[281569.8964,95828.0987999998],[282196.14,97377.1400000006],[285817.66,95846.9900000002],[286609.59,96191.0999999996],[288230.3,95006.7400000002]]]},"properties":{"LAD24CD":"E07000045"}},{"type":"Feature","geometry":{"type":"MultiPolygon","coordinates":[[[[244783.5198,131695.6993],[245187.651,130445.095000001],[246554.1257,130664.886600001],[246562.3827,130654.558800001],[245985.8882,128334.833699999],[246647.017,129151.0505],[245605.0965,126895.3959],[247324.2,127253.303400001],[248557.4962,126115.199200001],[251677.3037,126567.799699999],[251308.601,125643.304300001],[253726.3992,124665.804099999],[255303.8031,125464.895400001],[257377.5019,125107.997500001],[257171.4001,122173.6975],[258851.3973,120585.5021],[260850.89,122174.73],[262632.4009,122057.1008],[262368.82,119209.039999999],[260033.904,118448.603800001],[259772.4036,115957.8967],[262731.0036,114956.303400001],[266258.3974,115944.400599999],[266212.5961,113463.1008],[265060.1015,112672.7971],[266526.2959,110388.401000001],[264578.9032,109557.198899999],[266091.8967,107108.199899999],[267446.8982,107098.8026],[266329.85,105612.26],[263428.61,104686.609999999],[262216.03,108035.800000001],[259637.803,107712.9968],[259714.43,109644.859999999],[256786.6,108630.26],[256553.06,109654.15],[255684.69,109027.619999999],[254550.8971,110386.101600001],[253033.79,109624.939999999],[253319.44,108552.07],[252054.9,107752.4],[252028.42,106095.449999999],[250229.2978,107114.2982],[249344.3966,105805.2029],[247700.02,105719.439999999],[248055.49,103988.27],[246693.87,103106.560000001],[247257.08,102033.5],[245681.23,101195.93],[247386.3,100845.609999999],[244574.4344,99577.5011999998],[245916.3,97625.8300000001],[242984.4368,95985.7794000003],[242310.47,92797.1239999998],[242460.6034,90797.3988000005],[243657.0029,90022.8004999999],[243771.4032,88822.8039999995],[243074.0471,88088.2484000009],[236618.23,87303.8200000003],[234998.8202,85587.6272999998],[234181.0037,90398.8028999995],[232785.8109,91868.1821999997],[233391.6208,93676.9257999994],[231843,96952.9199999999],[232204.93,99478.2899999991],[231349,100360.880000001],[229864.6388,99982.1037000008],[230222.684,98637.1978999991],[229156.915,98909.3808999993],[227303.8972,101319.4969],[224359.26,102227.15],[227706.9031,103818.205600001],[228169.53,108112.42],[228837.09,110156.890000001],[229737.5012,110191.497300001],[226977.6978,115559.0009],[227500.3028,117253.3959],[221182.3228,117460.572799999],[221620.2332,120000.028200001],[222966.4,127806.49],[229962.0188,126609.744200001],[230031.8476,126547.120300001],[232315.7,124419.800000001],[235657.1,123676.699999999],[238494.5,124565.800000001],[240000.0077,126324.781199999],[242408.961,129139.3159],[242879.9,129289.9],[243010.4589,129842.0845],[244686.9441,131800.8298],[244783.5198,131695.6993]]],[[[213648.9464,143396.8298],[213329.104,143304.5988],[212711.2026,144881.397500001],[213009.0084,147774.6261],[213057.1921,148206.0195],[214579.3624,143694.1908],[213648.9464,143396.8298]]]]},"properties":{"LAD24CD":"E07000046"}},{"type":"Feature","geometry":{"type":"MultiPolygon","coordinates":[[[[245701.94,62000],[245196.6087,61748.3804000001],[246085.5553,62760.6691999994],[245701.94,62000]]],[[[254550.8971,110386.101600001],[255684.69,109027.619999999],[256553.06,109654.15],[256786.6,108630.26],[259714.43,109644.859999999],[259637.803,107712.9968],[262216.03,108035.800000001],[263428.61,104686.609999999],[266329.85,105612.26],[267825.396,103830.898],[270547.404,103704.6042],[270701.48,100880.1],[270007.39,99592.4199999999],[271645.4977,99519.9020000007],[272727.9011,97047.2997999992],[270505.7994,94115.5989999995],[271713.099,92393.8018999994],[275435.8018,93483.0000999998],[277536.396,90720.9006999992],[277553.9003,89909.6030000001],[272148.0012,89521.6040000003],[273108.7982,87681.4008000009],[272021.2994,85937.0000999998],[272532.4025,85580.6020999998],[269764.6014,84666.6037000008],[266863.7003,79137.3965000007],[267697.591,76287.6304000001],[267198.06,73088.3399999999],[266220.0002,72433.2954999991],[265912.5006,69941.5987],[266709.798,66786.4019000009],[265343.5,65370.8399999999],[261856.4005,67243.3011000007],[262096.4967,68306.3968000002],[261380.2977,68544.9985000007],[257605.7005,65244.6031999998],[256527.601,65168.7050000001],[256456.0009,64429.8964000009],[253843.8007,63605.8023000006],[252647.096,65406.8968000002],[250493.9972,63295.6010999996],[250441.5009,64697.1998999994],[247371.4979,64867.6176999994],[247374.2239,64881.3103],[247364.1049,64868.0281000007],[247154.2,64879.6799999997],[246725.7739,64030.1557999998],[244917.57,61656.7100000009],[244478.7267,61799.2243000008],[243891.58,61989.9000000004],[243813.3587,61935.5314000007],[242892.14,65320.5],[241829.83,64148.9199999999],[241217.3552,65078.3598999996],[242712.5972,66365.9023000002],[242588.5007,68832.1963],[244095.2032,68152.6008000001],[245455.2013,69376.5004999992],[245112.6025,69901.7000999991],[243887.1968,69361.8047000002],[243667.5978,72749.2949999999],[241888.3961,72519.3008999992],[240826.6961,73987.4005999994],[239127.2983,73222.6995000001],[240026.0017,74225.9024],[238672.5007,76863.1973999999],[239309.2998,78294.8976000007],[238267.8,78599.6999999993],[238228.78,77518.8499999996],[237886.598,78521.6027000006],[236764.9976,77969.6007000003],[236457.2012,78812.9992999993],[237423.49,84099.6899999995],[235646.4,84586.8000000007],[234998.8202,85587.6272999998],[236618.23,87303.8200000003],[243074.0471,88088.2484000009],[243771.4032,88822.8039999995],[243657.0029,90022.8004999999],[242460.6034,90797.3988000005],[242310.47,92797.1239999998],[242984.4368,95985.7794000003],[245916.3,97625.8300000001],[244574.4344,99577.5011999998],[247386.3,100845.609999999],[245681.23,101195.93],[247257.08,102033.5],[246693.87,103106.560000001],[248055.49,103988.27],[247700.02,105719.439999999],[249344.3966,105805.2029],[250229.2978,107114.2982],[252028.42,106095.449999999],[252054.9,107752.4],[253319.44,108552.07],[253033.79,109624.939999999],[254550.8971,110386.101600001]]]]},"properties":{"LAD24CD":"E07000047"}},{"type":"Feature","geometry":{"type":"Polygon","coordinates":[[[564938.6687,102552.094000001],[562958.9674,99999.9834000003],[560000.0135,96185.4799000006],[559588.646,95655.1699999999],[556033.7722,95537.2994999997],[556023.5055,95542.3720999993],[556368.3011,99579.6049000006],[557529.6015,101917.695699999],[557077.599,102511.2958],[558341.2041,103063.397700001],[559272.6981,102411.4044],[559836.7015,103673.6031],[560529.3032,103049.9016],[561382.4031,103999.6997],[564938.6687,102552.094000001]]]},"properties":{"LAD24CD":"E07000061"}},{"type":"Feature","geometry":{"type":"Polygon","coordinates":[[[587113.1162,111171.929300001],[586270.4756,110806.551100001],[577845.9579,108115.2695],[576300.4242,107761.3144],[576677.2966,108704.2031],[577561.9009,108831.5966],[577374.45,111657.5],[578506.6035,113659.4046],[583265.55,112015.25],[584451.4987,112682.7042],[587113.1162,111171.929300001]]]},"properties":{"LAD24CD":"E07000062"}},{"type":"Feature","geometry":{"type":"Polygon","coordinates":[[[551736.3322,97660.5973000005],[551661.5526,97697.5448000003],[549761.764,97559.0580000002],[548684.6587,98155.0343999993],[545907.512,100066.563999999],[545287.0012,100035.002599999],[545200.31,100082.970000001],[545202.8831,100030.724099999],[545023.5,100021.6],[545180.8978,99407.2875999995],[543466.9862,100000.021199999],[539999.9963,101199.0337],[538325.977,101777.971100001],[539862.3979,103579.100099999],[539529.8993,104344.1011],[537731.0991,104295.595000001],[538315.46,106463.970000001],[535739.15,106400.75],[534839.3005,109927.302999999],[533939.5995,110440.9959],[532244.2995,109895.0022],[531282.82,110390.27],[531278.1321,111341.6851],[532190.82,117554.949999999],[533273.42,118048.09],[532420.72,121325.119999999],[535290.8001,123130.4036],[536173.5988,121678.699200001],[538765.2029,121925.998400001],[539277.31,124440.17],[540720.44,123490.18],[541282.5,121722.9],[542409.68,122123.130000001],[543267.99,120555.140000001],[544299.58,120701.84],[543981.1027,118339.095100001],[544681.87,116084.029999999],[549256.6968,115012.8972],[547241.2988,111579.899900001],[547753.9025,109930.402100001],[548883.5983,110039.7005],[549820.6091,108519.5403],[547871.0978,104406.103399999],[549454.199,101548.501399999],[551182.3968,101435.103800001],[551736.3322,97660.5973000005]]]},"properties":{"LAD24CD":"E07000063"}},{"type":"Feature","geometry":{"type":"Polygon","coordinates":[[[582858.3962,126862.5953],[586763.8,127637],[587913.2041,126067.402899999],[590044.2968,125065.6996],[592389.3983,125939.999399999],[595126.2969,124797.1965],[595057.4011,123228.795399999],[595554.702,123448.102700001],[597712.5004,119607.502],[599644.5986,121419.5033],[600686.7001,120960.9046],[601609.8996,118784.6976],[600723.654,117712.744200001],[600000.0178,117785.933900001],[594882.28,118303.550000001],[595102.2,117875.995999999],[594009.5129,117292.068399999],[593982.987,117283.790999999],[593967.4103,117269.569],[591985.38,116210.380000001],[587158.5646,111191.6362],[587113.1162,111171.929300001],[584451.4987,112682.7042],[583265.55,112015.25],[578506.6035,113659.4046],[577374.45,111657.5],[577561.9009,108831.5966],[576677.2966,108704.2031],[576300.4242,107761.3144],[576156.4129,107728.3332],[567583.3099,105013.3397],[567341.8014,107252.998500001],[571872.8005,110430.9988],[572386.7976,111685.899599999],[571376.5962,113316.2029],[570000.0998,113606.299900001],[567444.304,112034.5997],[566643.7992,112500.396400001],[567057.0005,113675.699999999],[565826.7961,115740.898800001],[566406,117501.84],[564689.2993,118168.6039],[564166.7026,119665.995300001],[564682.4971,120361.5962],[563295.8015,120737.7985],[563006.3009,124486.395500001],[563445.6967,126302.9955],[565207.5014,126876.101399999],[564664.3992,127590.197000001],[565552.2026,132201.596999999],[567932.2962,133239.799799999],[567949.66,134266.4],[569549.2021,132036.404300001],[572731.2021,131269.2039],[573456.39,128583],[578064.8,127760.5],[578396.3,126599.699999999],[580465.65,125822.57],[582858.3962,126862.5953]]]},"properties":{"LAD24CD":"E07000064"}},{"type":"Feature","geometry":{"type":"Polygon","coordinates":[[[551260.19,139781.609999999],[550637.39,138260.039999999],[552084.391,137367.094000001],[555887.9,138490.26],[557202.7,137456],[559383.48,137240.75],[559303.1,138167.949999999],[562814.2,138534.199999999],[563569.51,136611.460000001],[565245.77,136560.83],[564748.33,134266.039999999],[566343.92,134807.49],[567949.66,134266.4],[567932.2962,133239.799799999],[565552.2026,132201.596999999],[564664.3992,127590.197000001],[565207.5014,126876.101399999],[563445.6967,126302.9955],[563006.3009,124486.395500001],[563295.8015,120737.7985],[564682.4971,120361.5962],[564166.7026,119665.995300001],[564689.2993,118168.6039],[566406,117501.84],[565826.7961,115740.898800001],[567057.0005,113675.699999999],[566643.7992,112500.396400001],[567444.304,112034.5997],[570000.0998,113606.299900001],[571376.5962,113316.2029],[572386.7976,111685.899599999],[571872.8005,110430.9988],[567341.8014,107252.998500001],[567583.3099,105013.3397],[567560.5452,105006.1304],[564945.8851,102561.3969],[564938.6687,102552.094000001],[561382.4031,103999.6997],[560529.3032,103049.9016],[559836.7015,103673.6031],[559272.6981,102411.4044],[558341.2041,103063.397700001],[557077.599,102511.2958],[557529.6015,101917.695699999],[556368.3011,99579.6049000006],[556023.5055,95542.3720999993],[552133.6794,97464.2742999997],[551736.3322,97660.5973000005],[551182.3968,101435.103800001],[549454.199,101548.501399999],[547871.0978,104406.103399999],[549820.6091,108519.5403],[548883.5983,110039.7005],[547753.9025,109930.402100001],[547241.2988,111579.899900001],[549256.6968,115012.8972],[544681.87,116084.029999999],[543981.1027,118339.095100001],[544299.58,120701.84],[543267.99,120555.140000001],[542409.68,122123.130000001],[541282.5,121722.9],[540720.44,123490.18],[539277.31,124440.17],[538818.06,127099.16],[540214.2971,128166.302100001],[540077.998,129476.697000001],[541222.81,130557.42],[539662.4964,130455.096899999],[539279.9998,132393.1022],[538324.1993,132494.903000001],[537614.1017,134514.095100001],[540861.58,135573.52],[540763.8964,136486.600400001],[541418.5158,135747.825200001],[543213.39,136578.68],[542046.35,137336.300000001],[541923.4246,139796.2212],[543499.5994,140151.701300001],[549297.3038,140831.5967],[551260.19,139781.609999999]]]},"properties":{"LAD24CD":"E07000065"}},{"type":"Feature","geometry":{"type":"Polygon","coordinates":[[[577495.8003,194112.495200001],[576648.0019,191714.401699999],[577849.802,190828.6952],[576315.899,188925.100099999],[576471.8201,184817.7676],[574756.5018,184232.332699999],[574754.38,184234.119999999],[573906.87,185126.390000001],[574117.705,184686.429199999],[572185.17,186219.380000001],[571136.43,185972.32],[570760.06,186738.15],[568431.56,185704.09],[567765,186970.1],[566018.1,187028.5],[565862.4698,188078.5699],[565233.498,187905.901799999],[564536.9965,193376.3959],[566278.83,197419.550000001],[569114.102,197031.899499999],[569457.7974,194818.5031],[570308.2012,194530.795499999],[573490.8031,194403.8018],[574147.75,195010.6],[574608.9982,194116.604],[577495.8003,194112.495200001]]]},"properties":{"LAD24CD":"E07000066"}},{"type":"Feature","geometry":{"type":"Polygon","coordinates":[[[591174.0158,233434.2158],[590028.5982,232032.8007],[589027.4004,232035.999700001],[587638.65,226545.869999999],[585810.07,226202.92],[587508.68,223529.550000001],[587095.72,222674.25],[588489.6988,222772.4014],[589648.8966,221864.4013],[589511.1959,220797.9966],[588346.9,220181.9],[588971.65,219226.51],[586942.7898,218581.122099999],[587610.6021,218124.901699999],[586801.5967,216833.001499999],[585957.4014,217939.9047],[584753.0041,215837.6964],[583468.102,215237.498299999],[582960.5031,212904.1962],[581765.9999,211885.197799999],[582801.9011,210295.8028],[580803.8012,210340.9999],[579478.5973,208941.000600001],[579090.4033,209487.5042],[577636.7001,209041.002],[574105.19,214654.15],[574787.94,215505.09],[573611.1974,219871.8017],[573161.1985,221409.1017],[569919.999,222885.698999999],[567395.4025,227937.502900001],[566587.7,228074.789999999],[567083.6,231159.199999999],[565812.4992,233034.9038],[566570.0966,233300.097899999],[566747.9014,234813.504699999],[565757.4361,237553.395099999],[567389.4,237878.09],[566860.98,240625.779999999],[564323.1031,239751.701099999],[564007.6929,240255.273700001],[563269.4997,241689.896299999],[564926.6004,243518.902799999],[567206.6978,244355.303400001],[568273.68,243923.26],[569123.16,245099.199999999],[571622.1012,242448.099300001],[572246.91,243138.91],[574391.26,242977.859999999],[574973.75,244229.140000001],[577041.64,245087.01],[582134.4964,246338.4957],[583998.5975,246577.0974],[585971.8962,245010.695800001],[585388.0964,244212.904100001],[586353.8981,242402.102499999],[585198.7981,242331.3027],[585038.4976,241308.0956],[586314.7011,240021.304],[588098.0996,240520.601],[588039.5019,238235.395199999],[589647.6022,236824.698999999],[589596.7961,235480.503799999],[590636.3004,235204.1029],[590525.0004,233845.0019],[591174.0158,233434.2158]]]},"properties":{"LAD24CD":"E07000067"}},{"type":"Feature","geometry":{"type":"Polygon","coordinates":[[[566278.83,197419.550000001],[564536.9965,193376.3959],[565233.498,187905.901799999],[560412.2975,187750.496300001],[558841.3,187531.9989],[557304.21,191408.109999999],[556199.096,191601.403999999],[556906.7036,192371.503599999],[556018.0015,193395.7004],[554024.9971,194889.3029],[552402.402,194083.103599999],[550596.9975,197463.2961],[551801.6999,197199.601500001],[551631.8021,197942.5989],[552824.3018,198106.6019],[553252.5997,199664.595899999],[554921.598,199639.802999999],[554433.2018,200701.599099999],[556648.5013,202527.396500001],[559252.8028,200530.598099999],[560582.5992,204268.3981],[561328.0022,204608.900699999],[562283.2997,202067.3982],[563257.8,201706.9013],[564400.2027,202671.7951],[566116.7997,200913.7984],[566923.8015,199657.498],[566097.1046,198670.006999999],[566278.83,197419.550000001]]]},"properties":{"LAD24CD":"E07000068"}},{"type":"Feature","geometry":{"type":"MultiPolygon","coordinates":[[[[582260.5581,185236.094599999],[582229.4055,184749.8507],[581048,184994.77],[582099.107,185210.7984],[582104.5232,185196.044299999],[582260.5581,185236.094599999]]],[[[582503.1001,189021.8024],[582272.3826,185420.656300001],[582242.4336,185416.3807],[582197.0751,185403.578199999],[580998.8,185006.6],[580000.0231,185251.8606],[578461.7089,185629.6106],[580000.0301,184979.6205],[581986.2,184140.4],[581758.7,183400],[583029.3,183630.699999999],[580000.0126,182431.1043],[578680.05,181908.4],[577304.55,182086],[576944.1443,182389.5855],[576891.6282,182723.8727],[576554.5358,182717.7699],[574756.5018,184232.332699999],[576471.8201,184817.7676],[576315.899,188925.100099999],[577849.802,190828.6952],[582503.1001,189021.8024]]]]},"properties":{"LAD24CD":"E07000069"}},{"type":"Feature","geometry":{"type":"Polygon","coordinates":[[[573611.1974,219871.8017],[574787.94,215505.09],[574105.19,214654.15],[577636.7001,209041.002],[579090.4033,209487.5042],[578923.3007,206667.501399999],[580447.9032,205899.601199999],[579856.3035,204480.1975],[580643.6986,203231.305],[580450.3025,201352.8027],[581232.0992,200645.1953],[581994.0005,196683.9991],[583398.683,196419.267000001],[579228.651,195625.622],[579172.724,194785.421],[577495.8003,194112.495200001],[574608.9982,194116.604],[574147.75,195010.6],[573490.8031,194403.8018],[570308.2012,194530.795499999],[569457.7974,194818.5031],[569114.102,197031.899499999],[566278.83,197419.550000001],[566097.1046,198670.006999999],[566923.8015,199657.498],[566116.7997,200913.7984],[564400.2027,202671.7951],[563257.8,201706.9013],[562283.2997,202067.3982],[561328.0022,204608.900699999],[562209.1024,206131.7048],[562024.2976,210261.7026],[560980.9016,211567.6987],[561506.1038,213237.400800001],[563024.003,213334.1031],[562929.3003,214025.994999999],[564501.8973,213623.500299999],[565538.3015,215403.8006],[565873.9002,214820.4976],[566517.8972,215600.904200001],[565677.8986,218471.3026],[566282.3028,220315.004799999],[567039.2983,220061.7973],[567606.204,217594.603499999],[568624.502,217299.8979],[573611.1974,219871.8017]]]},"properties":{"LAD24CD":"E07000070"}},{"type":"Feature","geometry":{"type":"MultiPolygon","coordinates":[[[[603307.33,212550.789999999],[600332.49,212320.74],[600241.39,213700.439999999],[601767.793,214816.298599999],[602971.5961,216106.2995],[604553.1765,216385.299699999],[606877.91,215729.74],[606977.56,214754.470000001],[603307.33,212550.789999999]]],[[[605333.3032,220647.299699999],[605373.7628,220426.101],[605203.1565,220707.7084],[605333.3032,220647.299699999]]],[[[603565.8012,235109.9998],[604209.1963,233492.7028],[606106.5993,233744.3007],[607934.4963,232810.3981],[606722.596,230610.4978],[603405.7976,230664.802200001],[601668.1015,228635.802999999],[603524.3039,226920.604],[602982.1993,226130.600099999],[603960.7974,225499.400800001],[603334.6015,224313.700200001],[605124.2002,223479.099099999],[605191.7026,221463.9959],[604302.3985,221125.8027],[605184.2957,220716.4628],[605211.4247,220000.014900001],[605233.6,219414.390000001],[604500.44,218692.5],[605643.5,217400.23],[604484.73,217936.91],[604172.63,219094.960000001],[603753.8977,218660.1273],[602948.71,217823.98],[606305.95,216298.529999999],[604136.8416,216541.7206],[601117.1,216555.4],[601461.2482,215851.203400001],[602580.22,215982.68],[601522.5,215725.869999999],[600320.26,215717.140000001],[600000.0041,214424.003699999],[599622.52,212899.789999999],[597772.73,214345.130000001],[598216.36,213297.67],[596571.156,213682.763],[596110.27,213111.66],[595267.61,213824.73],[596196.5855,212973.568399999],[595796.4967,212789.499],[593474.3989,213834.1],[594303.8026,213815.0954],[593980.4972,214901.904300001],[591668.9036,216198.903100001],[590000.1033,214955.8989],[587529.1986,214461.600400001],[587149.4971,215683.000700001],[587717.4993,215876.295399999],[586801.5967,216833.001499999],[587610.6021,218124.901699999],[586942.7898,218581.122099999],[588971.65,219226.51],[588346.9,220181.9],[589511.1959,220797.9966],[589648.8966,221864.4013],[588489.6988,222772.4014],[587095.72,222674.25],[587508.68,223529.550000001],[585810.07,226202.92],[587638.65,226545.869999999],[589027.4004,232035.999700001],[590028.5982,232032.8007],[591174.0158,233434.2158],[593218.9009,232865.102399999],[594131.1015,233775.002],[595922.5966,232978.199999999],[598580.6,234492.699999999],[601005.61,234894.880000001],[602243.6975,234335.2016],[603565.8012,235109.9998]]]]},"properties":{"LAD24CD":"E07000071"}},{"type":"Feature","geometry":{"type":"Polygon","coordinates":[[[562024.2976,210261.7026],[562209.1024,206131.7048],[561328.0022,204608.900699999],[560582.5992,204268.3981],[559252.8028,200530.598099999],[556648.5013,202527.396500001],[554433.2018,200701.599099999],[554921.598,199639.802999999],[553252.5997,199664.595899999],[552824.3018,198106.6019],[551631.8021,197942.5989],[551801.6999,197199.601500001],[550596.9975,197463.2961],[552402.402,194083.103599999],[548106.8983,193800.9044],[543645.5,191571.24],[540036.3027,194159.7017],[540060.7988,195527.3002],[537625.1006,196029.4965],[537543.796,199883.103399999],[536935.5001,202352.396600001],[537248.1035,206701.1019],[538252.7972,207044.5035],[539081.2033,209217.8014],[539932.1018,210332.0024],[542044.0989,211002.600500001],[542558.5989,207884.403000001],[544592.8038,206234.0954],[545239.901,207378.8978],[548306.099,208722.803099999],[549645.8967,211568.998299999],[548092.8982,213021.102700001],[548875,214966.695800001],[549849.5992,215305.898700001],[549393.9029,215943.396199999],[550928.85,215709.640000001],[551579.43,213071.91],[553980.99,213076.289999999],[554460.6991,211379.602600001],[558420.3979,212670.303099999],[558743.4971,210631.796599999],[562024.2976,210261.7026]]]},"properties":{"LAD24CD":"E07000072"}},{"type":"Feature","geometry":{"type":"Polygon","coordinates":[[[542044.0989,211002.600500001],[548092.8982,213021.102700001],[549645.8967,211568.998299999],[548306.099,208722.803099999],[545239.901,207378.8978],[544592.8038,206234.0954],[542558.5989,207884.403000001],[542044.0989,211002.600500001]]]},"properties":{"LAD24CD":"E07000073"}},{"type":"Feature","geometry":{"type":"MultiPolygon","coordinates":[[[[592642.1,206298.199999999],[591442.4,205889.199999999],[590347.8,206494.699999999],[591383.5,206752.699999999],[592642.1,206298.199999999]]],[[[588013.2,207051.5],[588414.6,205552.4],[587158,205793.800000001],[588013.2,207051.5]]],[[[595895.7796,212108.3464],[597174.6681,211522.407299999],[595601.4115,211639.2466],[595895.7796,212108.3464]]],[[[587149.4971,215683.000700001],[587529.1986,214461.600400001],[590000.1033,214955.8989],[591668.9036,216198.903100001],[593980.4972,214901.904300001],[594303.8026,213815.0954],[593474.3989,213834.1],[595796.4967,212789.499],[596196.5855,212973.568399999],[596228.0386,212944.75],[598545.743,212880.465299999],[598575.86,212879.630000001],[598584.704,212868.046499999],[599566.241,211582.471999999],[597041.1508,211974.5319],[595811.4,212165.470000001],[595483.93,211663.76],[596973.5,211171.9],[596824.3,210325.039999999],[597565.9,211030.199999999],[599045.9,210485.73],[597278.4,208868.5],[596659.13,209256.529999999],[597067.3,208658.199999999],[596290.3,208270.300000001],[592861.6,208853.9],[592645.3003,207894.9],[591793.503,208678.595699999],[589035.43,206958.640000001],[587470.06,207805.85],[586961.05,206251.23],[586516.58,206497.51],[587395.9007,205117.495100001],[589876.9963,204985.7028],[589837.5024,204248.7038],[591422.2032,204697.7952],[589344.7034,202263.901900001],[590650.1027,202705.195599999],[591291.9972,204067.695599999],[591605.9031,204226.200200001],[593384.099,204726.497],[593058.9962,205842.397600001],[594857.8,206245.9],[597136.14,205469.02],[599228.3687,208043.230699999],[599931.54,208908.390000001],[600000.0253,208921.692],[602144.359,209338.1888],[602428.6723,209322.5976],[603749.095,207530.708000001],[603193.158,203311.556],[603805.47,202822.380999999],[603180.137,202934.895],[603804.531,202634.612],[602779.314,202639.486],[603934.816,202393.126],[602767.23,201894.380000001],[603807.7,201736.184],[602872.036,201440.361],[603808.729,201535.876],[602956.98,201251.664000001],[603673.473,201343.343],[602902.163,200493.608999999],[603575.088,200232.630999999],[603548.4425,199999.975400001],[603175.902,196747.130000001],[601136.328,195519.866],[600000.0219,195425.364600001],[598040.5,195262.4],[593479.28,195572.66],[592533.9388,196084.7557],[591406.9993,196915.2029],[589746.4027,196192.5998],[583398.683,196419.267000001],[581994.0005,196683.9991],[581232.0992,200645.1953],[580450.3025,201352.8027],[580643.6986,203231.305],[579856.3035,204480.1975],[580447.9032,205899.601199999],[578923.3007,206667.501399999],[579090.4033,209487.5042],[579478.5973,208941.000600001],[580803.8012,210340.9999],[582801.9011,210295.8028],[581765.9999,211885.197799999],[582960.5031,212904.1962],[583468.102,215237.498299999],[584753.0041,215837.6964],[585957.4014,217939.9047],[586801.5967,216833.001499999],[587717.4993,215876.295399999],[587149.4971,215683.000700001]]]]},"properties":{"LAD24CD":"E07000074"}},{"type":"Feature","geometry":{"type":"MultiPolygon","coordinates":[[[[596672.7982,191182.9038],[595752.6989,188887.400900001],[594632.698,191154.202],[596117.4027,192362.7961],[596672.7982,191182.9038]]],[[[600000.0034,189456.1216],[598787.4998,188343.896500001],[596958.3989,188572.700999999],[595950.5969,188848.801899999],[596769.0016,190774.8006],[596865.6008,190839.202199999],[596671.3966,192122.9047],[598661.004,192375.102499999],[599100.8038,194504.2031],[600000.0098,194651.6843],[604827.1967,195443.404200001],[603038.8017,192243.600199999],[600000.0034,189456.1216]]],[[[591406.9993,196915.2029],[592533.9388,196084.7557],[591341.99,196730.439999999],[592828.87,195389.65],[594459.88,195246.17],[598476.78,194622.23],[598398.809,193879.868000001],[597982.432,193728.290999999],[597771.36,192412.119999999],[595431.86,192664.57],[594828.2366,193110.804400001],[595343.82,192514.369999999],[593820.89,191208.26],[591614.1,190772.199999999],[594480.67,191198.32],[593657.6,190088.6],[594665.6,190385.800000001],[595405.4,188543.699999999],[597716.2,188012.300000001],[595718.2092,186217.950099999],[595709.6685,186210.4933],[595587.8966,186356.0955],[593494.5993,186302.300899999],[593290.6,187463.5984],[585490.7969,189390.596799999],[582954.2039,189736.297900001],[582503.1001,189021.8024],[577849.802,190828.6952],[576648.0019,191714.401699999],[577495.8003,194112.495200001],[579172.724,194785.421],[579228.651,195625.622],[583398.683,196419.267000001],[589746.4027,196192.5998],[591406.9993,196915.2029]]]]},"properties":{"LAD24CD":"E07000075"}},{"type":"Feature","geometry":{"type":"MultiPolygon","coordinates":[[[[621881.48,224178.74],[620852.7,223982],[621637.6796,224848.919199999],[622038.6,225106.300000001],[621881.48,224178.74]]],[[[624670.1,225214.5],[624763.5,224419.6],[624157.9009,224557.498],[624670.1,225214.5]]],[[[624278.67,225558.810000001],[623466.28,223898.27],[622184,224556.699999999],[622378.6,225251.800000001],[624278.67,225558.810000001]]],[[[622611.4,226622.199999999],[623246.5,225860.300000001],[622477.3,225927.300000001],[622611.4,226622.199999999]]],[[[609493.1015,233387.402899999],[610976.0442,232438.923900001],[610790.8,232274.4],[609949.7436,232682.9234],[610528.57,231922.27],[614515.4,231434.6],[617957.4,232469],[618703.97,231805.199999999],[619999.9975,231759.602399999],[621930,231691.699999999],[623178.6086,232750.822000001],[625352.9472,231812.5151],[626251.2135,232915.4976],[626666.7872,231639.904300001],[626711.35,231473.949999999],[625914.25,231581.15],[623584,229174.6],[623809.5501,229006.3258],[624174.3,228734.199999999],[623812,227622.1],[623448.89,226889.74],[623738.5291,227626.1894],[622576.4454,227690.8718],[622015.22,227722.109999999],[621089.26,226883.16],[622238,226255.699999999],[621147.9,226188.1],[620251.6,225526.300000001],[621027.2,224863.1],[620977.0222,224842.464],[620000.0063,224440.659299999],[618883.48,223981.48],[620000.0116,223757.839199999],[621206.9,223516.1],[622198.8,224203],[622697.9,222325.33],[622897.9,223044],[623817.1,223181.199999999],[623902.1,222495.800000001],[624042.92,223352.050000001],[625007.4676,223383.9274],[625241.6,222072],[625236.6,223391.5],[625138.639,223388.262499999],[625021.6,224884.5],[626286.3,224788.699999999],[625166.1,224912.4],[624716.7166,225872.9767],[624791.4848,225830.6065],[626493.7031,224697.849400001],[626586.3075,224318.8971],[626478.4237,223264.2773],[625175.1255,221266.7925],[624224.7652,219999.992699999],[622842.4308,218157.385399999],[615953.1937,213160.157500001],[610861.08,212283.560000001],[610077.6,212273.1],[608167.63,215701.140000001],[609954.1374,215914.7992],[611056.91,216990.43],[611292.31,217616.33],[611520.64,218055.689999999],[610028.11,218192.609999999],[611219.8327,217649.3685],[610648.5601,216877.7104],[607809.3,216093.970000001],[605689.85,219369.73],[608230.97,219443.199999999],[605748.1,219808.210000001],[605631.8988,220000.014900001],[605373.7628,220426.101],[605333.3032,220647.299699999],[605203.1565,220707.7084],[605183.3919,220740.3324],[605184.2957,220716.4628],[604302.3985,221125.8027],[605191.7026,221463.9959],[605124.2002,223479.099099999],[603334.6015,224313.700200001],[603960.7974,225499.400800001],[602982.1993,226130.600099999],[603524.3039,226920.604],[601668.1015,228635.802999999],[603405.7976,230664.802200001],[606722.596,230610.4978],[607934.4963,232810.3981],[609493.1015,233387.402899999]]]]},"properties":{"LAD24CD":"E07000076"}},{"type":"Feature","geometry":{"type":"Polygon","coordinates":[[[564007.6929,240255.273700001],[564323.1031,239751.701099999],[566860.98,240625.779999999],[567389.4,237878.09],[565757.4361,237553.395099999],[566747.9014,234813.504699999],[566570.0966,233300.097899999],[565812.4992,233034.9038],[567083.6,231159.199999999],[566587.7,228074.789999999],[567395.4025,227937.502900001],[569919.999,222885.698999999],[573161.1985,221409.1017],[573611.1974,219871.8017],[568624.502,217299.8979],[567606.204,217594.603499999],[567039.2983,220061.7973],[566282.3028,220315.004799999],[565677.8986,218471.3026],[566517.8972,215600.904200001],[565873.9002,214820.4976],[565538.3015,215403.8006],[564501.8973,213623.500299999],[562929.3003,214025.994999999],[563024.003,213334.1031],[561506.1038,213237.400800001],[560980.9016,211567.6987],[562024.2976,210261.7026],[558743.4971,210631.796599999],[558420.3979,212670.303099999],[554460.6991,211379.602600001],[553980.99,213076.289999999],[551579.43,213071.91],[550928.85,215709.640000001],[549393.9029,215943.396199999],[549553.7004,220340.997400001],[551263.2495,221115.2949],[549789.71,222703.52],[550368.9968,223913.604699999],[546332.1984,222801.802999999],[546211.3011,227141.500800001],[544829.7009,232466.996400001],[544064.8973,233837.0042],[542184.2978,233751.5987],[542053.4517,236165.301200001],[543656.6019,237979.7983],[544457.0984,242299.901699999],[545372.597,242293.3036],[546034.7001,240905.800799999],[547594.31,241569.359999999],[548655.3021,241079.900900001],[548713.1989,241839.5035],[550228.097,242463.9048],[549723.4992,243893.695499999],[551046.4028,246103.1031],[553233.7021,245761.001],[554400.3917,244435.817199999],[556031.16,246255.08],[556738.32,246009.26],[559420.1033,244150.1021],[560959.84,241630.210000001],[564007.6929,240255.273700001]]]},"properties":{"LAD24CD":"E07000077"}},{"type":"Feature","geometry":{"type":"Polygon","coordinates":[[[399393.4026,222708.399700001],[398357.4024,218410.9998],[396840.3029,217750.798800001],[395223.9989,218495.695599999],[393383.2972,220036.804500001],[391301.9965,220135.1963],[391410.9962,221004.997300001],[390293.8976,220669.803300001],[391521.3975,224541.605],[392556.4001,224152.0965],[392995.8041,224986.397700001],[392770.4006,226713.0034],[397349.3036,224876.3991],[397488.8017,222970.604699999],[399393.4026,222708.399700001]]]},"properties":{"LAD24CD":"E07000078"}},{"type":"Feature","geometry":{"type":"Polygon","coordinates":[[[423049.2002,232166.4024],[423282.7993,229555.4998],[425351.3037,228636.402899999],[426550.8035,226643.903200001],[424473.3037,224921.8961],[425344.4026,222360.3993],[423584.2965,222054.3969],[423012.0975,219877.200200001],[421657.5988,218592.097999999],[422386.8992,216905.8007],[421700.3989,215139.496300001],[422027.2991,211752.795700001],[419446.6032,209430.9004],[420748.1026,208031.6009],[421706.896,204621.097200001],[421103.3988,202800.498299999],[421652.5034,201524.603499999],[424413.6012,198427.699999999],[423018.6028,198015.2981],[421999.24,199088.359999999],[421066.75,199303.880000001],[420081.87,197041.220000001],[418942.84,196527.18],[417123.52,195960.710000001],[414716.448,196490.7687],[413092.43,200503.17],[412315.81,197211.310000001],[412828.99,196037.880000001],[410430.22,195287.789999999],[408815.26,198210.199999999],[407078.2,197885.1],[408632.53,194757.640000001],[405565.34,195385.33],[404098.32,196851.82],[402657.78,195544.890000001],[403509.77,193137.369999999],[401674.1,193235.939999999],[400420.56,194731.27],[399051.36,194619.210000001],[396142.4987,197075.797],[389527.8507,187952.5537],[387661.81,189034.300000001],[386932.59,188197.74],[385779.97,188586.32],[385714,189416.48],[383338.5,188165.699999999],[383113.28,186975.449999999],[381203.9633,186556.7541],[380503.3987,186666.0967],[379893.998,188356.7028],[380903.0038,191236.998299999],[379764.3032,192674.4968],[378337.0211,191851.6416],[377701.44,192738.07],[380491.2,196364.720000001],[380241.9973,198024.5954],[383016.14,197533.060000001],[384000.8,195819.619999999],[386801.62,195684.76],[387126.25,196851.35],[385453.28,198178.82],[386229.08,199361.91],[389733.63,198968.48],[391526.36,200698.34],[390807.804,202729.6986],[394243.82,203293.34],[394324.41,204131.119999999],[395357.6019,204418.895],[393910.6,205370.76],[392782.68,205041.24],[393009.01,207627.369999999],[395061.0023,207898.399],[394313.0842,210030.946599999],[392122.1987,211207.002],[390842.4992,213484.899900001],[392177.3993,213801.8992],[393318.5982,217556.204500001],[394439.102,217372.597100001],[395223.9989,218495.695599999],[396840.3029,217750.798800001],[398357.4024,218410.9998],[399393.4026,222708.399700001],[400497.3009,224048.896],[402765.8964,222663.8025],[404952.8,222907.602700001],[406141.6965,221007.5966],[407251.6961,221754.2029],[410170.1015,221662.3991],[408302.8013,222032.803099999],[409149.0001,223288.503699999],[407809.9033,223711.2027],[407852.4973,225302.2972],[405377.198,226266.3013],[404792.3016,228761.097200001],[406216.94,230102.25],[407168.5,229096.800000001],[408713.89,229627.359999999],[409132.71,231355.24],[408105.74,231695.84],[409340.302,232975.500800001],[412501.7965,232116.4967],[413712.0399,233177.395099999],[411144.0988,234271.999700001],[412100.5011,236960.3002],[411441.0034,238382.403100001],[409459.5998,239455.4959],[408705.1025,241297.4987],[410607.502,242349.997400001],[411628.0014,241612.398499999],[412502.4973,243019.795700001],[412929.6987,242280.0974],[413640.2003,244305.997500001],[416004.6346,246052.2048],[417504.18,243860.630000001],[418689.5005,244675.8016],[418557,241691.199999999],[419762.4,240946.300000001],[420541.9,241648.1],[420318,240178.9],[421447.2014,239315.9959],[421086.4964,237945.7981],[423159.2,237036.1],[425855.3,237904.26],[426334.68,237288.640000001],[423044.36,233269.279999999],[423049.2002,232166.4024]]]},"properties":{"LAD24CD":"E07000079"}},{"type":"Feature","geometry":{"type":"Polygon","coordinates":[[[375985.097,235939.5024],[375900.9974,235069.701300001],[377806.2001,233952.101299999],[377666.8009,230863.295399999],[378623.2032,230938.503900001],[379455.7977,229852.8047],[381509.2962,230085.3981],[381709.7006,228332.799799999],[380626.1017,228184.0024],[379791.6026,226119.903200001],[380592.7999,225012.3002],[379648.1962,222747.898399999],[380143.6007,221793.4016],[378085.8973,221152.495100001],[377054.9019,219738],[378336.8028,218077.0954],[376206.3037,217380.3049],[375863.8039,216460.698100001],[375997.8026,214626.7031],[375113.0993,213848.9957],[375380.0002,212163.1983],[376214.7961,211613.195699999],[375850.3974,210870.498299999],[373991.301,210731.098200001],[371743.4995,211969.3038],[371003.1013,213411.900800001],[368938.4967,210957.303400001],[369446.2029,209579.4978],[371358.2985,209688.3967],[373016.1989,208806.099199999],[373433.4979,206670.9004],[371887.9035,205761.2008],[369925.9005,206606.098999999],[367466.9017,204796.7969],[365352.2611,199513.5264],[362706.5003,198319.900900001],[362599.2244,198225.396400001],[362333.6014,198469.386],[360938.75,199750.635],[360000.0099,198982.320900001],[357913.427,197274.551999999],[355185.87,192696.460000001],[354976.11,190288.24],[354620.0625,191668.4234],[354639.3016,191757.499299999],[354401.4113,192516.0034],[354191.0916,193186.5945],[353840.6026,194304.100400001],[353024.9022,194524.7972],[354038.7973,196381.3958],[352623.04,196269.699999999],[354675.4975,197507.9033],[353618.0024,198240.103700001],[353843.6038,199589.397500001],[352840.6993,200430.3967],[353906.8022,200994.5952],[352612.7976,203746.997400001],[353676.6001,204397.4012],[354352.5961,206341.2048],[353142.3036,208024.6029],[353902.4983,210836.498],[353309.497,211795.4035],[354627.404,212654.997500001],[354547.699,213998.402899999],[355272.7037,214366.797499999],[356232.7009,216245.899599999],[357003.3008,215779.703],[358689.9023,217684.3978],[359951.1987,216935.702099999],[360103.26,218270.49],[363486.4996,218153.703500001],[365089.2982,220855.9],[366519.4041,220317.6041],[369870.61,222183.17],[369272.1002,224554.4013],[368050.5037,225597.2028],[368099.657,228236.3453],[365678.2017,229242.8993],[366276.0016,229630.2984],[366105.502,231516.398499999],[367758.1997,233024.8967],[366326.6015,234472.102399999],[367233.4016,236119.800799999],[368255.83,236192.970000001],[368295.05,235168.83],[370135.9,235242.1],[370073.6025,233280.803400001],[371726.1024,232928.904100001],[372700.8006,233152.100299999],[373131.4978,235019.795600001],[375985.097,235939.5024]]]},"properties":{"LAD24CD":"E07000080"}},{"type":"Feature","geometry":{"type":"Polygon","coordinates":[[[387167.0983,216285.7982],[384701.0995,213639.095799999],[384419.2008,214434.2982],[382911.7976,214095.7951],[381973.6003,212136.7958],[379483.5011,214043.100099999],[379546.3038,214929.0965],[380857.4004,216260.0955],[380275.0023,217963.4979],[381208.203,218305.100199999],[381655.4976,219656.5033],[383711.0985,220548.098099999],[386390.0013,220246.904300001],[386573.8002,218569.104599999],[387888.2031,217490.6033],[387167.0983,216285.7982]]]},"properties":{"LAD24CD":"E07000081"}},{"type":"Feature","geometry":{"type":"Polygon","coordinates":[[[379546.3038,214929.0965],[379483.5011,214043.100099999],[381973.6003,212136.7958],[382911.7976,214095.7951],[384419.2008,214434.2982],[384701.0995,213639.095799999],[387167.0983,216285.7982],[389063.2975,214005.101],[390842.4992,213484.899900001],[392122.1987,211207.002],[394313.0842,210030.946599999],[395061.0023,207898.399],[393009.01,207627.369999999],[392782.68,205041.24],[393910.6,205370.76],[395357.6019,204418.895],[394324.41,204131.119999999],[394243.82,203293.34],[390807.804,202729.6986],[391526.36,200698.34],[389733.63,198968.48],[386229.08,199361.91],[385453.28,198178.82],[387126.25,196851.35],[386801.62,195684.76],[384000.8,195819.619999999],[383016.14,197533.060000001],[380241.9973,198024.5954],[380491.2,196364.720000001],[377701.44,192738.07],[378337.0211,191851.6416],[379764.3032,192674.4968],[380903.0038,191236.998299999],[379893.998,188356.7028],[377161.8981,188135.496099999],[374773.24,189496.939999999],[374438.15,188812.67],[372759.9012,188798.6963],[373175.8975,192152.0964],[372380.0017,193002.0031],[373385.3962,193530.401799999],[369449.6174,194947.8126],[366144.699,194117.8037],[366230.18,196244.939999999],[362706.5003,198319.900900001],[365352.2611,199513.5264],[367466.9017,204796.7969],[369925.9005,206606.098999999],[371887.9035,205761.2008],[373433.4979,206670.9004],[373016.1989,208806.099199999],[371358.2985,209688.3967],[369446.2029,209579.4978],[368938.4967,210957.303400001],[371003.1013,213411.900800001],[371743.4995,211969.3038],[373991.301,210731.098200001],[375850.3974,210870.498299999],[376214.7961,211613.195699999],[375380.0002,212163.1983],[375113.0993,213848.9957],[375997.8026,214626.7031],[375863.8039,216460.698100001],[378916.2987,216519.5013],[379546.3038,214929.0965]]]},"properties":{"LAD24CD":"E07000082"}},{"type":"Feature","geometry":{"type":"Polygon","coordinates":[[[411144.0988,234271.999700001],[413712.0399,233177.395099999],[412501.7965,232116.4967],[409340.302,232975.500800001],[408105.74,231695.84],[409132.71,231355.24],[408713.89,229627.359999999],[407168.5,229096.800000001],[406216.94,230102.25],[404792.3016,228761.097200001],[405377.198,226266.3013],[407852.4973,225302.2972],[407809.9033,223711.2027],[409149.0001,223288.503699999],[408302.8013,222032.803099999],[410170.1015,221662.3991],[407251.6961,221754.2029],[406141.6965,221007.5966],[404952.8,222907.602700001],[402765.8964,222663.8025],[400497.3009,224048.896],[399393.4026,222708.399700001],[397488.8017,222970.604699999],[397349.3036,224876.3991],[392770.4006,226713.0034],[392995.8041,224986.397700001],[392556.4001,224152.0965],[391521.3975,224541.605],[390293.8976,220669.803300001],[391410.9962,221004.997300001],[391301.9965,220135.1963],[393383.2972,220036.804500001],[395223.9989,218495.695599999],[394439.102,217372.597100001],[393318.5982,217556.204500001],[392177.3993,213801.8992],[390842.4992,213484.899900001],[389063.2975,214005.101],[387167.0983,216285.7982],[387888.2031,217490.6033],[386573.8002,218569.104599999],[386390.0013,220246.904300001],[383711.0985,220548.098099999],[381655.4976,219656.5033],[381208.203,218305.100199999],[380275.0023,217963.4979],[380857.4004,216260.0955],[379546.3038,214929.0965],[378916.2987,216519.5013],[375863.8039,216460.698100001],[376206.3037,217380.3049],[378336.8028,218077.0954],[377054.9019,219738],[378085.8973,221152.495100001],[380143.6007,221793.4016],[379648.1962,222747.898399999],[380592.7999,225012.3002],[379791.6026,226119.903200001],[380626.1017,228184.0024],[381709.7006,228332.799799999],[381509.2962,230085.3981],[382827.096,229816.595000001],[384949.2016,233027.595899999],[387387.2002,232471.805],[387687.4029,233478.096899999],[388793.0986,233089.2982],[387216.8985,235644.2969],[387957.4039,236029.396600001],[387703.8023,238162.0962],[388343.9109,238814.8177],[391976.418,238196.502599999],[392054.9025,237250.697000001],[390532.3035,236616.898499999],[389824.6959,234767.9977],[390437.6997,233455.203500001],[392396.2975,235218.0989],[394270.9028,234674.304500001],[395924.97,235138.08],[396697.3006,233928.797900001],[397463.2998,234017.8025],[401184.502,237496.196799999],[403431.96,237699.630000001],[404782.24,236832.02],[406032.499,238454.102600001],[411144.0988,234271.999700001]]]},"properties":{"LAD24CD":"E07000083"}},{"type":"Feature","geometry":{"type":"Polygon","coordinates":[[[470683.4,163129.903899999],[470645.1017,162796.499299999],[470124.4013,160837.9],[471079.6989,160285.798],[470927.5033,157084.4044],[469662.9995,155456.700300001],[471107.3033,154658.198899999],[471382.004,153382.604],[470336.1015,149952.196],[471665.2961,149314.5985],[471089.898,148949.403000001],[471637.502,147912.299900001],[470965.1997,143956.702099999],[465013.5023,143580],[464826.2982,140985.7026],[462683.4975,140814.3016],[460830.41,138615.75],[457869.9979,137465.000399999],[457146.098,138654.799799999],[455118.6,139482.08],[455034.91,140240.48],[457043.0018,140842.2037],[456591.799,143142.895099999],[455555.4031,142684.7962],[454030.5038,143765.8968],[448392.902,144173.800000001],[446158.9027,143023.3993],[446116.6963,145343.395199999],[444927.4039,146064.4988],[444190.3037,144988.8967],[443144.4012,146369.501499999],[440032.5008,147471.596000001],[439981.1011,148514.1976],[437783.8005,150849.599099999],[440772.2971,153931.596899999],[439928.3986,155851.397299999],[440619.4007,158758.1953],[439823.5962,159871.5341],[438804.29,161906.779999999],[439891.8,162113.73],[441086.33,163920.33],[445361,163318.1],[452222.2959,163930.704700001],[457408.7032,162349.397299999],[460075.997,162365.2028],[461659.0982,162748.303099999],[461663.8968,164277.5954],[463656.2047,165380.4945],[466237.5,162543.33],[470683.4,163129.903899999]]]},"properties":{"LAD24CD":"E07000084"}},{"type":"Feature","geometry":{"type":"Polygon","coordinates":[[[486959.8561,134505.3006],[487401.7066,132643.4618],[485500.9,131821.699999999],[484340.22,130044.5],[481176.5017,130365.4026],[480516.6,127903.1974],[477457.402,125316.797800001],[477745.3031,123178.1],[476740.7001,122217.504899999],[475135.9968,116781.800899999],[474419.3031,116472.6994],[475721.0004,114412.199200001],[474590.0006,113712.399499999],[473414.28,110642.970000001],[474772.5821,108783.526900001],[473027.0998,108040.0032],[473242.0981,108591.495300001],[469089.9018,112633.6983],[468011.8023,112077.1976],[467005.8966,111881.003699999],[467836.54,117337.779999999],[467090.81,117675.609999999],[467137.68,119234.25],[465851.3984,120227.104699999],[465400.94,122005.18],[465863.0982,124969.3972],[464992.8979,126325.698999999],[466427.9013,127963.600099999],[464470.3012,127854.4014],[462533.8002,132254.102],[465058.9986,134608.3981],[463528.204,134665.2018],[463405.4021,138286.995100001],[462216.23,137853.42],[460830.41,138615.75],[462683.4975,140814.3016],[464826.2982,140985.7026],[465013.5023,143580],[470965.1997,143956.702099999],[471819.2973,143477.599300001],[473374.7034,145104.003699999],[476633.4978,146203.9989],[480500.2473,146354.7674],[482192.9034,143114.0034],[481641.57,139350.529999999],[483651.86,140249.369999999],[484420.47,139635.43],[486225.86,136050.210000001],[487911.8,135516.5],[487664.3012,134515.8046],[486959.8561,134505.3006]]]},"properties":{"LAD24CD":"E07000085"}},{"type":"Feature","geometry":{"type":"Polygon","coordinates":[[[451762.1968,111202.398],[450163.298,110928.496400001],[449134.8009,109574.0041],[449060.5036,109055.3473],[448154.32,108736.810000001],[448611.6312,105921.8476],[448589.7105,105768.822799999],[444919.9586,109000.437100001],[447774.5967,111495.1042],[446955.4004,113592.8037],[445217.3992,114783.902799999],[445435.2997,115930.204600001],[443658.5962,116637.4022],[444063.9976,117358.9957],[442475.1991,118961.297],[442687.5011,122950.904999999],[445465.5013,122284.695699999],[446223.7007,121482.895199999],[445961.4995,120418.899800001],[447293.4973,120294.895300001],[447658.7041,121136.0045],[449895.2016,120625.000800001],[449704.1966,119652.899],[452175.9999,120143.898499999],[449792.41,116816.59],[451775.999,114349.3971],[451762.1968,111202.398]]]},"properties":{"LAD24CD":"E07000086"}},{"type":"Feature","geometry":{"type":"MultiPolygon","coordinates":[[[[448611.6312,105921.8476],[448644.301,105720.75],[448589.7105,105768.822799999],[448611.6312,105921.8476]]],[[[451762.1968,111202.398],[452498.4972,108443.297700001],[454265.9003,107089.7952],[455254.6,108689],[456521.38,108801.039999999],[456662,109814.1],[458671.5003,110325.099099999],[459892.9,109223.699999999],[460397.6,106896.800000001],[462330.629,106902.389599999],[462480.4651,105264.4989],[462271.1268,105186.5886],[462172.4165,104566.0055],[459623.65,105400.6],[458450.4507,104920.0277],[458383.9,106671.050000001],[457968.4606,104613.115900001],[457901.7851,104558.9047],[457871.418,104519.756100001],[458052.1815,104534.3388],[457212.9984,102884.299000001],[457895.1041,101836.299000001],[455488.0114,101346.0021],[455464.2747,101375.323799999],[448867.396,104870.283],[449141.9641,108845.261299999],[449296.976,109138.471000001],[449158.8639,109089.922499999],[449060.5036,109055.3473],[449134.8009,109574.0041],[450163.298,110928.496400001],[451762.1968,111202.398]]]]},"properties":{"LAD24CD":"E07000087"}},{"type":"Feature","geometry":{"type":"Polygon","coordinates":[[[459460.0946,104561.263800001],[459460.65,102987.699999999],[460000.0151,103187.5033],[460261.899,103284.516000001],[461834.9,101100.75],[460902.6963,100659.3959],[461845.553,100867.623],[462128.3229,100000.0133],[462274.28,99552.1799999997],[460674.5171,98561.6791999992],[462692.455,99260.9829999991],[461017.0624,97798.5467000008],[460583.8182,97448.3312999997],[460000.0128,97755.8353000004],[457200.756,99230.2699999996],[456577.6495,99999.9857000001],[455488.0114,101346.0021],[457895.1041,101836.299000001],[457212.9984,102884.299000001],[458052.1815,104534.3388],[459152.3899,104623.096000001],[459460.0946,104561.263800001]]]},"properties":{"LAD24CD":"E07000088"}},{"type":"Feature","geometry":{"type":"Polygon","coordinates":[[[481057.176,162175.727700001],[485406.9024,159918.6031],[486306.9003,158462.199999999],[485211.7995,158305.404899999],[483938.4983,156775.8027],[483572.5,155502.4],[484465.8767,154368.0066],[483275.9004,153580.0975],[483524.1015,150221.898800001],[480500.2473,146354.7674],[476633.4978,146203.9989],[473374.7034,145104.003699999],[471819.2973,143477.599300001],[470965.1997,143956.702099999],[471637.502,147912.299900001],[471089.898,148949.403000001],[471665.2961,149314.5985],[470336.1015,149952.196],[471382.004,153382.604],[471107.3033,154658.198899999],[469662.9995,155456.700300001],[470927.5033,157084.4044],[471079.6989,160285.798],[470124.4013,160837.9],[470645.1017,162796.499299999],[475024.5978,163543.4955],[478224.53,162103.029999999],[481057.176,162175.727700001]]]},"properties":{"LAD24CD":"E07000089"}},{"type":"Feature","geometry":{"type":"MultiPolygon","coordinates":[[[[473985,103219.699999999],[473570.571,101410.116],[472432.779,101556.742000001],[473895.572,100696.92],[473446.0219,100000.004699999],[472886.87,99133.1789999995],[474024.924,99130.5390000008],[473495.584,98470.841],[474985.596,99178.1730000004],[474910.4419,98094.6665000003],[473508.853,98291.1184],[468901.313,99186.6030000001],[468812.3959,100000.050799999],[468805.75,100060.85],[470955.756,100350.005999999],[471714.77,102847.911],[471225.836,103536.297],[472798.776,104429.993000001],[473985,103219.699999999]]],[[[473242.0981,108591.495300001],[473027.0998,108040.0032],[474772.5821,108783.526900001],[475647.001,107725.903100001],[475110.7557,105690.979900001],[472298.498,105241.969000001],[471835.784,104429.379000001],[470591.832,105153.311000001],[470435.8,106239.35],[470317.84,105320.09],[469055.4136,104844.0395],[468956.2476,104486.723200001],[468963.977,104432.7995],[468863.4642,104219.5987],[468852.7476,104190.5677],[468833.1375,104016.182399999],[468895.6976,106298.6017],[466675.8,106762.35],[466622.6002,107976.001499999],[467134.198,107793.603700001],[467982.3015,109459.596799999],[466974.2026,110651.5956],[468011.8023,112077.1976],[469089.9018,112633.6983],[473242.0981,108591.495300001]]]]},"properties":{"LAD24CD":"E07000090"}},{"type":"Feature","geometry":{"type":"MultiPolygon","coordinates":[[[[431502.811,90619.466],[431788.833,89708.5638999995],[431413.4985,89877.5],[431502.811,90619.466]]],[[[437029.8966,114002.197899999],[437701.1911,112456.6061],[437585.41,112521.880000001],[437029.8966,114002.197899999]]],[[[411614.46,123356.880000001],[413051.8987,120741.297499999],[414110.6965,121352.602499999],[417338.0031,119860.7995],[419783.75,119746.560000001],[423865.5025,116259.700300001],[425733.1985,117821.5033],[426802.0965,117751.803200001],[428890.2983,116950.8025],[429305.5031,118160.1963],[432077.6988,118973.203600001],[433034.703,116972.496300001],[434518.7976,116856.5995],[435013.4023,115312.501499999],[436351.0774,114688.170600001],[436502.2591,114445.98],[437072.25,112602.699999999],[436721.15,113138.550000001],[436037.9115,112450.8072],[435894.957,113056.273],[436023.4,112436.199999999],[436111.85,112137.65],[436776.5,112627.050000001],[438131.5,111385.300000001],[440000.0051,111042.963300001],[440418.151,110966.353],[443861.35,106310.199999999],[445328.4,105751.300000001],[445117.2,105012.25],[446546.2,105004.550000001],[446622.15,103220.550000001],[447667.8308,103181.5429],[447578.9,102099.6],[447583.4463,102100.5228],[448603.9,101769.1],[448853.0558,102538.8276],[448853.3404,102538.1643],[448805.13,101923.25],[448222.1125,101119.258400001],[447546.407,100660.538000001],[446442.0112,98669.0661999993],[444245.0357,98552.6667999998],[444156.2,98569.0999999996],[444123.9729,98546.2526999991],[442511.1,98460.8000000007],[441815.25,98630.4700000007],[441477.74,98431.6400000006],[442918.66,97714.5399999991],[442392.8304,97336.5041000005],[442437.7015,97350.7760000005],[441736.6996,96853.8029999994],[441667.36,96814.9399999995],[439999.9974,96359.5274999999],[435194.92,95047.0999999996],[433984.5,95058.4000000004],[432870.6,96134.25],[433544.57,93992.7599999998],[432422.11,93452.9800000004],[433192.187,93145.9800000004],[431262.862,91334.7280000001],[429712.168,91045.466],[431161.016,89991.1411000006],[426262.0165,92196.1550999992],[425471.449,92562.4269999992],[421840.684,93125.9696999993],[422541.9971,94743.6992000006],[418145.2028,94238.1039000005],[418506.5014,95998.1000999995],[417803.0987,97799.8044000007],[415223.9034,96152.2960000001],[413916.4016,99619.6034999993],[413349.801,101027.8004],[413941.7964,103442.099300001],[414840.4009,104108.998400001],[414003.4035,104845.997500001],[413671.0039,107108.399900001],[412061.502,106210.197000001],[410403.4037,107116.997400001],[410748.0968,110056.495999999],[412995.9972,111625.196900001],[413403.0971,114212.296399999],[411210.4963,114704.9954],[408978.2037,113093.296700001],[405655.1967,118001.8017],[403222.4007,119874.5956],[403125.8596,121157.2004],[403610.2979,120324.596799999],[405157.2033,122036.9966],[408043.5023,122244.1973],[408902.4975,123002.100299999],[408946.6737,120574.534],[410383.3023,122821.202099999],[411614.46,123356.880000001]]]]},"properties":{"LAD24CD":"E07000091"}},{"type":"Feature","geometry":{"type":"Polygon","coordinates":[[[488599,154231.65],[488767.2018,151538.8018],[487684.5016,148666.304],[485534.5,149909.35],[483745.1021,149555.1996],[483524.1015,150221.898800001],[483275.9004,153580.0975],[484465.8767,154368.0066],[483572.5,155502.4],[483938.4983,156775.8027],[485211.7995,158305.404899999],[486306.9003,158462.199999999],[487630.4965,157435.104],[488599,154231.65]]]},"properties":{"LAD24CD":"E07000092"}},{"type":"Feature","geometry":{"type":"Polygon","coordinates":[[[435051.6509,159037.911699999],[439823.5962,159871.5341],[440619.4007,158758.1953],[439928.3986,155851.397299999],[440772.2971,153931.596899999],[437783.8005,150849.599099999],[439981.1011,148514.1976],[440032.5008,147471.596000001],[443144.4012,146369.501499999],[444190.3037,144988.8967],[444927.4039,146064.4988],[446116.6963,145343.395199999],[446158.9027,143023.3993],[448392.902,144173.800000001],[446468.3976,140193.1994],[445711.402,140232.998],[443630.596,137635.501599999],[444165.0985,136840.4991],[441585.73,135855.41],[441570.3036,134815.798699999],[439893.7034,135431.602399999],[439567.3969,134939.0034],[439568.5017,133327.504699999],[441094.0029,133095.101199999],[441319.596,130207.297900001],[439168.68,128721.41],[438202.3033,126987.399599999],[439237.8006,125237.4005],[442687.5011,122950.904999999],[442475.1991,118961.297],[444063.9976,117358.9957],[443658.5962,116637.4022],[441807.0028,117579.602499999],[440583.9964,116580.7984],[438763.5034,116864.6971],[436847.4608,114488.347999999],[436846.2504,114491.5734],[436829.1372,114474.722999999],[436660.98,115144.369999999],[436769.7347,114506.3291],[436519.2121,114667.3992],[436280.2064,114942.199100001],[436231.3306,114955.9672],[436236.6894,114871.418199999],[436351.0774,114688.170600001],[435013.4023,115312.501499999],[434518.7976,116856.5995],[433034.703,116972.496300001],[432077.6988,118973.203600001],[429305.5031,118160.1963],[428890.2983,116950.8025],[426802.0965,117751.803200001],[427971.53,119975.119999999],[426789.45,120472.75],[426137.8991,122248.3961],[428341.76,123451.560000001],[428192.1973,125005.696799999],[425874.1973,126000.1022],[425691.16,126850.810000001],[426168.87,131055.91],[425495.4,132606.6],[426250,135404.1],[423680.4998,136489.1997],[424290.6,139723.9],[423004.55,142197.300000001],[423239.65,143556.550000001],[421467.0967,145026.196],[421769.5997,146226.802300001],[425684.66,146552.07],[427481.79,150476.220000001],[429575,150797.800000001],[431796.39,149662.41],[432478.8,150033.300000001],[432903.75,151398.800000001],[432151.48,151397.310000001],[431996.29,153666.26],[433376,154322.5],[433604.43,155312.630000001],[432603.2967,157560.598099999],[433009.27,160034.470000001],[435051.6509,159037.911699999]]]},"properties":{"LAD24CD":"E07000093"}},{"type":"Feature","geometry":{"type":"Polygon","coordinates":[[[460830.41,138615.75],[462216.23,137853.42],[463405.4021,138286.995100001],[463528.204,134665.2018],[465058.9986,134608.3981],[462533.8002,132254.102],[464470.3012,127854.4014],[466427.9013,127963.600099999],[464992.8979,126325.698999999],[465863.0982,124969.3972],[465400.94,122005.18],[465851.3984,120227.104699999],[467137.68,119234.25],[467090.81,117675.609999999],[467836.54,117337.779999999],[467005.8966,111881.003699999],[468011.8023,112077.1976],[466974.2026,110651.5956],[467982.3015,109459.596799999],[467134.198,107793.603700001],[466622.6002,107976.001499999],[466675.8,106762.35],[462330.629,106902.389599999],[460397.6,106896.800000001],[459892.9,109223.699999999],[458671.5003,110325.099099999],[456662,109814.1],[456521.38,108801.039999999],[455254.6,108689],[454265.9003,107089.7952],[452498.4972,108443.297700001],[451762.1968,111202.398],[451775.999,114349.3971],[449792.41,116816.59],[452175.9999,120143.898499999],[449704.1966,119652.899],[449895.2016,120625.000800001],[447658.7041,121136.0045],[447293.4973,120294.895300001],[445961.4995,120418.899800001],[446223.7007,121482.895199999],[445465.5013,122284.695699999],[442687.5011,122950.904999999],[439237.8006,125237.4005],[438202.3033,126987.399599999],[439168.68,128721.41],[441319.596,130207.297900001],[441094.0029,133095.101199999],[439568.5017,133327.504699999],[439567.3969,134939.0034],[439893.7034,135431.602399999],[441570.3036,134815.798699999],[441585.73,135855.41],[444165.0985,136840.4991],[443630.596,137635.501599999],[445711.402,140232.998],[446468.3976,140193.1994],[448392.902,144173.800000001],[454030.5038,143765.8968],[455555.4031,142684.7962],[456591.799,143142.895099999],[457043.0018,140842.2037],[455034.91,140240.48],[455118.6,139482.08],[457146.098,138654.799799999],[457869.9979,137465.000399999],[460830.41,138615.75]]]},"properties":{"LAD24CD":"E07000094"}},{"type":"Feature","geometry":{"type":"Polygon","coordinates":[[[539081.2033,209217.8014],[538252.7972,207044.5035],[537248.1035,206701.1019],[536935.5001,202352.396600001],[537543.796,199883.103399999],[531023.5028,200933.602700001],[530366.5033,204136.096000001],[531388.2972,205847.2962],[534177.6014,205782.2048],[534794.9998,209594.603499999],[536589.8012,210168.499199999],[536813.1022,210951.6951],[538449.7963,210946.396600001],[539081.2033,209217.8014]]]},"properties":{"LAD24CD":"E07000095"}},{"type":"Feature","geometry":{"type":"Polygon","coordinates":[[[509990.7971,216979.7995],[509216.0005,216423.5987],[509405.4967,214572.398600001],[508420.6984,213180.1971],[509598.8022,212484.0964],[509524.2998,211470.6965],[507657.6015,210951.1952],[508932.2962,208654.502599999],[509044.7011,205858.403000001],[507147.3971,204114.902100001],[507884.1016,201402.6984],[506249.6996,200738.1986],[502672.5963,201913.102299999],[502121.1007,199180.104599999],[500431.9492,199206.545399999],[500723.4968,200788.0044],[499364.1006,202436.8024],[500223.4998,203695.702099999],[499976.0985,204911.8039],[498503.3987,205211.098300001],[497676.6005,206880.2005],[495853.4031,206323.5998],[491866.61,208367.68],[490430.4038,211219.7983],[490745.497,212098.3968],[489057.4032,214332.5973],[488032.402,214048.0987],[486497.82,216658.09],[488426.05,218395.48],[489869.49,218532.060000001],[490552.36,217550.109999999],[489970.71,216637.42],[491965.18,213858.199999999],[494321.1987,214362.4987],[497872.3959,212979.5046],[499280.8997,215585.6986],[499773.53,215225],[502157.6015,212863.297900001],[503336.703,214040.400900001],[502698.7991,215188.302300001],[503319.8996,216413.9015],[505409.5031,217422.3029],[504902.3989,218264.901699999],[505439.0039,218562.4965],[507035.0004,217694.095100001],[508821.2022,218022.201099999],[509990.7971,216979.7995]]]},"properties":{"LAD24CD":"E07000096"}},{"type":"Feature","geometry":{"type":"Polygon","coordinates":[[[520600.7973,204864.397500001],[521779.7999,202289.5046],[523075.9977,203164.6041],[525623.4,202425.9955],[527038.3019,201719.897600001],[527045.2031,200413.4016],[525822.4945,198220.516799999],[525206.002,197672.596100001],[524339.2977,198344.4038],[523755.9019,197353.897399999],[521110.9028,196700.5044],[520679.6,195106.15],[517435.8155,194420.872099999],[516579.3018,194866.8993],[513442.4023,192900.702099999],[512386.1028,194460.195699999],[512769.1024,195103.001700001],[511670.5964,197280.7983],[512880.8972,198987.6997],[512390.0027,200555.101],[512634.4028,200012.996200001],[513779.5016,200373.2031],[513842.7,201302.897],[515714.2959,201850.9001],[516052.5001,200745.5965],[517586.6009,201119.8994],[517421.6007,202400.3029],[519115.6969,203910.8005],[518463.1003,203875.400599999],[518577.5006,205201.501],[519911.6999,205791.702099999],[520600.7973,204864.397500001]]]},"properties":{"LAD24CD":"E07000098"}},{"type":"Feature","geometry":{"type":"Polygon","coordinates":[[[542053.4517,236165.301200001],[542184.2978,233751.5987],[539829.7969,234306.899700001],[537614.7035,233513.596799999],[537204.8993,234658.8989],[535772.6992,235034.2015],[535341.58,233533.32],[534145.9981,233018.0986],[534731.3974,231726.498299999],[533022.1963,230472.5973],[532353.596,232048.396199999],[530181.0966,230076.7006],[530000.101,228730.096000001],[529311.2014,228744.202],[529412.63,227199.119999999],[527584.496,227787.4959],[526484.8027,226240.798599999],[524909.1963,227544.6954],[522030.5981,227217.8989],[521561.2975,224440.304],[523705.4009,221697.799000001],[524544.3029,222028.5043],[525826.2038,221215.497099999],[526489.7003,219730.202199999],[525933.4967,219132.5033],[524269.899,219401.7962],[523605.0997,218816.003900001],[524168.6002,217704.1022],[523102.2994,217172.304400001],[523676.6998,217942.7039],[523183.4968,218486.598200001],[522318.3013,217703.002499999],[522407.2985,216446.6022],[521250.2031,216648.304400001],[520796.0981,217853.6994],[519051.4019,216602.997400001],[515888.2997,216672.5975],[514471.5014,218081.1043],[513353.1001,220771.7041],[513685.36,221297.880000001],[511733.0033,223452.3968],[511131.3034,225358.101299999],[509712.59,227194.449999999],[510585.8,232167.6],[511388.6978,232293.1961],[511222.601,229380.899800001],[511843.1985,228944.3047],[513461.45,230074.390000001],[513487.76,231583.32],[512221.3,232956.300000001],[516007.1,232840.6],[517062.9983,235119.597100001],[518003.1991,235071.8007],[518868.6,232649.6],[520410.8971,233294.999399999],[520641.6021,234852.103599999],[523551.4986,236125.199200001],[522226.5997,239087.801200001],[523836.8024,241984.502],[525381.28,241779.220000001],[526348.0854,244053.5164],[527071.0019,242848.8046],[526595.5999,241012.9001],[528081.6979,240290.9968],[528645.3963,237488.798900001],[535852.73,242427.970000001],[537480.4,240951.199999999],[539993.5026,241400.7991],[542053.4517,236165.301200001]]]},"properties":{"LAD24CD":"E07000099"}},{"type":"Feature","geometry":{"type":"Polygon","coordinates":[[[512375.2028,200599.2984],[510497.2005,201562.602600001],[508537.704,199340.398700001],[508784.1984,198033.003],[508000.9011,198260.5978],[509087.3033,196306.997],[508656.4989,194864.100099999],[512386.1028,194460.195699999],[513442.4023,192900.702099999],[510603.0002,191689.5733],[508054.6012,192401.095100001],[506926.8005,191511.6997],[504133.75,193615.199999999],[503946.1037,190047.398800001],[502560.23,190265.91],[501183.0023,194258.003599999],[501296.6028,196772.9037],[502277.798,196544.8989],[502379.4019,197620.301100001],[503466.6039,198202.204500001],[502121.1007,199180.104599999],[502672.5963,201913.102299999],[506249.6996,200738.1986],[507884.1016,201402.6984],[507147.3971,204114.902100001],[509044.7011,205858.403000001],[510447.2025,203699.6009],[510293.3002,202737.6963],[511979.9016,202156.8026],[512375.2028,200599.2984]]]},"properties":{"LAD24CD":"E07000102"}},{"type":"Feature","geometry":{"type":"Polygon","coordinates":[[[512375.2028,200599.2984],[512390.0027,200555.101],[512880.8972,198987.6997],[511670.5964,197280.7983],[512769.1024,195103.001700001],[512386.1028,194460.195699999],[508656.4989,194864.100099999],[509087.3033,196306.997],[508000.9011,198260.5978],[508784.1984,198033.003],[508537.704,199340.398700001],[510497.2005,201562.602600001],[512375.2028,200599.2984]]]},"properties":{"LAD24CD":"E07000103"}},{"type":"Feature","geometry":{"type":"Polygon","coordinates":[[[607507.3032,156358.902100001],[609323.7974,154514.100099999],[608554.6981,152756.903100001],[610020.9998,149767.3989],[608986.3023,147692.502800001],[610050.5006,146602.2049],[609733.2966,144884.0967],[611041.6971,144543.404200001],[610535.104,142718.796499999],[612034.0974,141392.1962],[610906.0988,139637.7984],[609720.84,140163.84],[608657.87,138985.109999999],[609108.9971,137381.904200001],[607953.897,135029.7974],[608127.2989,133480.900800001],[606464.3,132513.67],[605701.86,133186.1],[604943.0975,132145.203199999],[603585.9027,131911.9999],[603024.5,130388.5],[601273.0971,132027.096999999],[601255.9968,131113.6984],[600121.6991,130962.3018],[600266.6967,129700.203],[599165.51,129610.189999999],[598513.302,131593.101199999],[595126.2969,124797.1965],[592389.3983,125939.999399999],[590044.2968,125065.6996],[587913.2041,126067.402899999],[586763.8,127637],[582858.3962,126862.5953],[581893.45,130094.189999999],[583099.1026,132601.602499999],[585469.302,134883.2994],[584212.77,135745.689999999],[581931.59,135521.939999999],[581413.76,137860.439999999],[582695.02,138638.119999999],[582268.9981,140161.1986],[584733.7024,141315.098300001],[586366.4966,144719.9037],[587768.13,145589.24],[587632.93,146966.52],[589415.48,147978.75],[589861.8996,149282.6976],[591865.2021,149150.4954],[594321.1007,152587.501599999],[595035.11,152477.140000001],[595250.6983,151416.8967],[597156.9977,151023.599300001],[598470.403,152494.2983],[599761.2003,151846.9036],[599979.1007,152749.995100001],[603835.9012,154263.7018],[604086.6995,155196.9047],[605878.5986,154894.5012],[606227.2987,156491.1042],[607507.3032,156358.902100001]]]},"properties":{"LAD24CD":"E07000105"}},{"type":"Feature","geometry":{"type":"Polygon","coordinates":[[[626514.5024,163930.104800001],[625259.9999,164207.4954],[625421.1001,163524.200999999],[624483.7027,163212.4003],[625136.7033,162391.0954],[623517.9009,160620.702099999],[623204.59,159576.09],[624104.54,158622.689999999],[622953.8,157084.9],[622860.94,155732.27],[624203.6014,155261.496200001],[622556.7989,151335.100099999],[623357.6005,151572.102299999],[625166.2041,150287.699899999],[623349.9985,147618.6039],[622359.6018,148281.304199999],[621174.399,147532.398600001],[620456.6994,148247.403899999],[620103.11,146702.16],[617845.442,147791.002900001],[617950.4,148743.6],[617355.03,147676.43],[616103.9997,147851.397299999],[613728.5976,149532.596100001],[613214.7984,147282.100299999],[610050.5006,146602.2049],[608986.3023,147692.502800001],[610020.9998,149767.3989],[608554.6981,152756.903100001],[609323.7974,154514.100099999],[607507.3032,156358.902100001],[609718.002,158140.302100001],[609648.38,161006.060000001],[610361.09,161410.289999999],[607101.8029,164098.696599999],[606136.09,164026.58],[605568.1575,164856.475299999],[609369.599,165411.241],[611239.237,167312.153000001],[619999.9641,168701.0052],[624465.0299,169408.859300001],[624510.1475,169411.651799999],[624888.7001,167847.203600001],[623742.9993,167896.8993],[623854.8024,166869.003599999],[626514.5024,163930.104800001]]]},"properties":{"LAD24CD":"E07000106"}},{"type":"Feature","geometry":{"type":"Polygon","coordinates":[[[560920.4287,176534.3193],[560645.4019,175205.5973],[561768.2967,174101.103399999],[563215.4039,168649.6039],[562687.1016,167868.397500001],[558316.304,170058.6006],[556288.2993,170024.4004],[555807.4968,168739.498199999],[553667.3016,168735.1994],[554057.598,169637.901000001],[553056.1034,171068.601500001],[549830.7015,169941.5041],[549962.8039,172412.4968],[550557.8994,172175.004799999],[551101.4,173827.35],[553185.95,175117],[554340.0757,177876.9792],[558129.4,175197.050000001],[559999.9889,176093.307800001],[560920.4287,176534.3193]]]},"properties":{"LAD24CD":"E07000107"}},{"type":"Feature","geometry":{"type":"Polygon","coordinates":[[[626514.5024,163930.104800001],[633253.8999,161853.1993],[634152.8077,162347.1645],[634113.0718,162284.504799999],[635039.2204,162595.818299999],[635641.2971,160592.918299999],[635656.773,160224.839],[637805.8708,153384.6656],[638126.4,147233.699999999],[637521.902,145170.481000001],[636300.838,143369.52],[633979.8,142171.85],[633986.1576,142089.486099999],[633974.713,142083.713],[634043.7351,141343.561899999],[634058.3921,141153.678200001],[633691.944,141760.866],[633628.7045,141737.5812],[632175.55,141203.449999999],[632679.95,140228.15],[631759.6,140487.949999999],[632298.8181,140255.7928],[632017.45,140276.199999999],[633021.4319,139941.473200001],[632283.4928,140000.0034],[631230.15,140083.550000001],[631089.0699,140000.023800001],[628863.45,138682.35],[625625.1405,138132.660800001],[625549.4409,138063.9145],[624455.6035,137981.602499999],[623767.0997,138601.904899999],[623864.0039,140290.1017],[622028.7027,140888.8003],[624660.6004,144036.999199999],[624397.7974,144622.3016],[623221.5982,144257.1961],[621784.8963,145210.903100001],[621127.4021,144644.7952],[619884.6983,145423.4023],[620103.11,146702.16],[620456.6994,148247.403899999],[621174.399,147532.398600001],[622359.6018,148281.304199999],[623349.9985,147618.6039],[625166.2041,150287.699899999],[623357.6005,151572.102299999],[622556.7989,151335.100099999],[624203.6014,155261.496200001],[622860.94,155732.27],[622953.8,157084.9],[624104.54,158622.689999999],[623204.59,159576.09],[623517.9009,160620.702099999],[625136.7033,162391.0954],[624483.7027,163212.4003],[625421.1001,163524.200999999],[625259.9999,164207.4954],[626514.5024,163930.104800001]]]},"properties":{"LAD24CD":"E07000108"}},{"type":"Feature","geometry":{"type":"Polygon","coordinates":[[[570829.5667,176121.590700001],[572998.004,174523.8024],[573192.2989,171418.101399999],[572221.2038,171120.396600001],[571757.7984,169474.3978],[570656.3984,169439.5978],[570784.403,168671.0977],[569251.4977,168247.598999999],[567304.2039,164278.795],[565814.2966,162568.104699999],[565893.5976,161643.3994],[563233.4029,161504.899],[562687.1016,167868.397500001],[563215.4039,168649.6039],[561768.2967,174101.103399999],[560645.4019,175205.5973],[560920.4287,176534.3193],[560930.7816,176539.2797],[561668.75,174925.9],[565633.76,174303.460000001],[569667.74,174872.640000001],[570960.4525,175818.0725],[570829.5667,176121.590700001]]]},"properties":{"LAD24CD":"E07000109"}},{"type":"Feature","geometry":{"type":"Polygon","coordinates":[[[581314.7971,162568.804500001],[581555.1984,161730.804400001],[582144.7038,162780.6039],[583950.9988,163047.5974],[585714.6008,162239.998600001],[586522.5014,158299.4966],[589283.7971,159084.002],[591448.1998,156845.2029],[592591.3034,156970.1971],[591950.5962,154644.7027],[592819.1968,154424.9956],[593817.73,155597.210000001],[594791.1022,155101.1021],[595035.11,152477.140000001],[594321.1007,152587.501599999],[591865.2021,149150.4954],[589861.8996,149282.6976],[589415.48,147978.75],[587632.93,146966.52],[587768.13,145589.24],[586366.4966,144719.9037],[584733.7024,141315.098300001],[584233.1035,141742.695900001],[584749.5989,142560.401799999],[583148.103,142035.801999999],[582032.8018,143191.801100001],[581472.0964,142536.198799999],[580213.4961,142804.6019],[580512.2971,141537.4047],[579138.101,140299.199100001],[579318,141335],[577321.3018,140259.500499999],[574748.1996,141354.097100001],[572848.62,141094.689999999],[572661.7,142553.199999999],[570704.5001,144751.004799999],[568987.697,145143.4025],[566676.7171,147040.138800001],[567800.202,147110.7993],[568306.8033,149698.1987],[566156.7965,151117.002499999],[568246.6968,153185.100500001],[569775.6077,152799.1384],[569784.97,155141.98],[572924.4993,155485.0022],[574323.4965,158259.698000001],[573839.1981,159110.6044],[575163.0993,159363.602],[576032.3019,162541.802200001],[577337.6023,161827.5967],[578650.6035,163080.797900001],[581314.7971,162568.804500001]]]},"properties":{"LAD24CD":"E07000110"}},{"type":"Feature","geometry":{"type":"Polygon","coordinates":[[[562687.1016,167868.397500001],[563233.4029,161504.899],[560766.4971,162974.998199999],[560585.4026,163824.0952],[559288.9986,163136.7019],[559274.3966,160912.0987],[557960.6038,159605.402799999],[557550.2966,157773.497099999],[558068.2019,153169.904899999],[556917.9994,153079.900699999],[556955.5969,151121.3013],[555853.7022,150480.504699999],[555260.96,151880.58],[553725.0005,150586.4044],[554579.1971,149592.4989],[553866.997,149121.003900001],[554317.202,148025.5974],[557347.0971,147003.200099999],[555736.66,145121.07],[553263.6976,143630.195599999],[554809.09,141478.699999999],[552655.7,139207.970000001],[551260.19,139781.609999999],[549297.3038,140831.5967],[543499.5994,140151.701300001],[543562.501,144379.201199999],[542130.8038,148091.0987],[543747.7015,151857.400599999],[542502.9034,156818.600500001],[545520.2001,156949.2031],[545401.397,159498.5034],[547648.3,161079],[547640.5,162692.4991],[548928.8979,162732.897500001],[549897.1979,165601.296499999],[549521.5035,168162.0035],[550541.2032,168157.4048],[549549.0594,169902.1479],[549830.7015,169941.5041],[553056.1034,171068.601500001],[554057.598,169637.901000001],[553667.3016,168735.1994],[555807.4968,168739.498199999],[556288.2993,170024.4004],[558316.304,170058.6006],[562687.1016,167868.397500001]]]},"properties":{"LAD24CD":"E07000111"}},{"type":"Feature","geometry":{"type":"Polygon","coordinates":[[[620103.11,146702.16],[619884.6983,145423.4023],[621127.4021,144644.7952],[621784.8963,145210.903100001],[623221.5982,144257.1961],[624397.7974,144622.3016],[624660.6004,144036.999199999],[622028.7027,140888.8003],[623864.0039,140290.1017],[623767.0997,138601.904899999],[624455.6035,137981.602499999],[625549.4409,138063.9145],[623220.45,135948.85],[623889.95,135589.85],[620000.0042,134643.9144],[614556.405,133320.17],[610249.67,129297.48],[608233.23,123003.566],[608815.2355,120000.017000001],[609430.5703,116824.465399999],[606979.252,117022.861],[600750.0241,117710.077099999],[600723.654,117712.744200001],[601609.8996,118784.6976],[600686.7001,120960.9046],[599644.5986,121419.5033],[597712.5004,119607.502],[595554.702,123448.102700001],[595057.4011,123228.795399999],[595126.2969,124797.1965],[598513.302,131593.101199999],[599165.51,129610.189999999],[600266.6967,129700.203],[600121.6991,130962.3018],[601255.9968,131113.6984],[601273.0971,132027.096999999],[603024.5,130388.5],[603585.9027,131911.9999],[604943.0975,132145.203199999],[605701.86,133186.1],[606464.3,132513.67],[608127.2989,133480.900800001],[607953.897,135029.7974],[609108.9971,137381.904200001],[608657.87,138985.109999999],[609720.84,140163.84],[610906.0988,139637.7984],[612034.0974,141392.1962],[610535.104,142718.796499999],[611041.6971,144543.404200001],[609733.2966,144884.0967],[610050.5006,146602.2049],[613214.7984,147282.100299999],[613728.5976,149532.596100001],[616103.9997,147851.397299999],[617355.03,147676.43],[617950.4,148743.6],[617845.442,147791.002900001],[620103.11,146702.16]]]},"properties":{"LAD24CD":"E07000112"}},{"type":"Feature","geometry":{"type":"MultiPolygon","coordinates":[[[[586672.9985,171595.3007],[587540.3887,169858.965299999],[586012.5031,169985.8014],[585513.8996,170844.5956],[586672.9985,171595.3007]]],[[[592415.73,168391.77],[592540.26,166271.189999999],[590534.1,164285.9],[592716.69,166216.710000001],[595984.1,165914.300000001],[596222.6,164553.26],[596246.03,165686.779999999],[599657.1,165763.1],[600000.0136,165575.0733],[601866.81,164551.470000001],[600746.59,162778.82],[601722.75,163671.380000001],[603197.7701,162954.656099999],[601851.47,164244.310000001],[605567.3622,164856.359200001],[605568.1575,164856.475299999],[606136.09,164026.58],[607101.8029,164098.696599999],[610361.09,161410.289999999],[609648.38,161006.060000001],[609718.002,158140.302100001],[607507.3032,156358.902100001],[606227.2987,156491.1042],[605878.5986,154894.5012],[604086.6995,155196.9047],[603835.9012,154263.7018],[599979.1007,152749.995100001],[599761.2003,151846.9036],[598470.403,152494.2983],[597156.9977,151023.599300001],[595250.6983,151416.8967],[595035.11,152477.140000001],[594791.1022,155101.1021],[593817.73,155597.210000001],[592819.1968,154424.9956],[591950.5962,154644.7027],[592591.3034,156970.1971],[591448.1998,156845.2029],[589283.7971,159084.002],[586522.5014,158299.4966],[585714.6008,162239.998600001],[583950.9988,163047.5974],[582144.7038,162780.6039],[581555.1984,161730.804400001],[581314.7971,162568.804500001],[583516.3027,166328.8982],[582696.4962,166617.095699999],[582855.1972,167690.398499999],[583249.5045,168831.5461],[583400.3,168851.66],[582929.0139,167240.3375],[584303.01,169829.09],[585937.45,167187.140000001],[587036.68,169272.369999999],[588143.09,169399.560000001],[587661.05,167973.74],[588972.66,168510.390000001],[587586.87,172447.220000001],[589757,172577.9],[588982.4,171731.199999999],[589740.21,170205.17],[592415.73,168391.77]]],[[[586338.85,172793.65],[587000,171806.449999999],[585059.9018,172090.9988],[586338.85,172793.65]]],[[[601839.548,172638.686000001],[605432.62,167805.1],[601796.39,165693.09],[599999.9912,166764.095000001],[599004.89,167357.369999999],[598958.79,166746.27],[597804.58,167449.779999999],[598583.61,166721.4],[597763.83,166557.25],[595419.19,167429.48],[592638.13,167065.539999999],[592428.22,169094.187999999],[590180.52,170347.85],[589355.77,171892.42],[590128.93,171311.140000001],[591105.45,172059.35],[590272.37,173034.130000001],[591150.85,175481.5],[593575.0357,174991.925000001],[594057.6418,174869.4827],[596417.851,173408.504000001],[600000.0109,172899.878900001],[601839.548,172638.686000001]]]]},"properties":{"LAD24CD":"E07000113"}},{"type":"Feature","geometry":{"type":"Polygon","coordinates":[[[634152.8077,162347.1645],[633253.8999,161853.1993],[626514.5024,163930.104800001],[623854.8024,166869.003599999],[623742.9993,167896.8993],[624888.7001,167847.203600001],[624510.1475,169411.651799999],[630783.7,169799.949999999],[635173.343,171216.730799999],[636200.3666,171489.0526],[638358.65,171648.449999999],[639522.1749,170997.746200001],[639578.7942,170932.1515],[639999.9911,167788.421399999],[640000.55,167784.25],[639999.9913,167782.682600001],[638692,164113.4],[638558.75,164705.35],[637979.34,164245.550000001],[638621.45,163924.199999999],[635406.051,164323.412],[634152.8077,162347.1645]]]},"properties":{"LAD24CD":"E07000114"}},{"type":"Feature","geometry":{"type":"Polygon","coordinates":[[[576032.3019,162541.802200001],[575163.0993,159363.602],[573839.1981,159110.6044],[574323.4965,158259.698000001],[572924.4993,155485.0022],[569784.97,155141.98],[569775.6077,152799.1384],[568246.6968,153185.100500001],[566156.7965,151117.002499999],[568306.8033,149698.1987],[567800.202,147110.7993],[566676.7171,147040.138800001],[565611.3032,147378.7026],[565518.8,146622.9],[563725.2,146329.9],[561401.3008,147060.2038],[559287.1023,144182.1976],[555736.66,145121.07],[557347.0971,147003.200099999],[554317.202,148025.5974],[553866.997,149121.003900001],[554579.1971,149592.4989],[553725.0005,150586.4044],[555260.96,151880.58],[555853.7022,150480.504699999],[556955.5969,151121.3013],[556917.9994,153079.900699999],[558068.2019,153169.904899999],[557550.2966,157773.497099999],[557960.6038,159605.402799999],[559274.3966,160912.0987],[559288.9986,163136.7019],[560585.4026,163824.0952],[560766.4971,162974.998199999],[563233.4029,161504.899],[565893.5976,161643.3994],[565814.2966,162568.104699999],[567304.2039,164278.795],[567240.1975,163330.796399999],[568528.0018,163757.7042],[570984.7002,163026.5035],[571071.1992,166163.195599999],[574382.1601,164710.9429],[574622.2975,163408.5041],[576032.3019,162541.802200001]]]},"properties":{"LAD24CD":"E07000115"}},{"type":"Feature","geometry":{"type":"Polygon","coordinates":[[[566676.7171,147040.138800001],[568987.697,145143.4025],[570704.5001,144751.004799999],[572661.7,142553.199999999],[572848.62,141094.689999999],[574748.1996,141354.097100001],[577321.3018,140259.500499999],[579318,141335],[579138.101,140299.199100001],[580512.2971,141537.4047],[580213.4961,142804.6019],[581472.0964,142536.198799999],[582032.8018,143191.801100001],[583148.103,142035.801999999],[584749.5989,142560.401799999],[584233.1035,141742.695900001],[584733.7024,141315.098300001],[582268.9981,140161.1986],[582695.02,138638.119999999],[581413.76,137860.439999999],[581931.59,135521.939999999],[584212.77,135745.689999999],[585469.302,134883.2994],[583099.1026,132601.602499999],[581893.45,130094.189999999],[582858.3962,126862.5953],[580465.65,125822.57],[578396.3,126599.699999999],[578064.8,127760.5],[573456.39,128583],[572731.2021,131269.2039],[569549.2021,132036.404300001],[567949.66,134266.4],[566343.92,134807.49],[564748.33,134266.039999999],[565245.77,136560.83],[563569.51,136611.460000001],[562814.2,138534.199999999],[559303.1,138167.949999999],[559383.48,137240.75],[557202.7,137456],[555887.9,138490.26],[552084.391,137367.094000001],[550637.39,138260.039999999],[551260.19,139781.609999999],[552655.7,139207.970000001],[554809.09,141478.699999999],[553263.6976,143630.195599999],[555736.66,145121.07],[559287.1023,144182.1976],[561401.3008,147060.2038],[563725.2,146329.9],[565518.8,146622.9],[565611.3032,147378.7026],[566676.7171,147040.138800001]]]},"properties":{"LAD24CD":"E07000116"}},{"type":"Feature","geometry":{"type":"Polygon","coordinates":[[[392703.4013,434383.498400001],[391643.1029,433642.400599999],[391874.3026,432420.8002],[391111.7994,431537.6031],[391447.8021,428359.402799999],[388662.7529,425190.572799999],[384757.48,426826.189999999],[383502.4985,428770.0952],[382382.0029,427354.2005],[380627.1983,428441.499299999],[379382.5981,427895.895500001],[377548.7976,433221.501],[379474.3986,435175.0019],[380218.5978,436130.1984],[380691.4026,434721.8016],[382333.2004,435445.704399999],[382905.3994,434638.395500001],[385352.0965,435751.8967],[386431.6966,435031.403000001],[387189.5991,436572.7018],[391629.9025,435952.6993],[392703.4013,434383.498400001]]]},"properties":{"LAD24CD":"E07000117"}},{"type":"Feature","geometry":{"type":"Polygon","coordinates":[[[363060.7988,427981.201099999],[364462.06,422994.880000001],[366046.76,421894.810000001],[364920.19,418840.42],[366280.6023,414615.696900001],[362425.14,411148.119999999],[360675,412857.4],[358668.0629,410971.683800001],[358109.5984,412599.604],[354475.3,412187.9],[353829.18,413302.439999999],[354161.3025,414679.498600001],[353151.3979,413706.2972],[351406.7018,414377.805],[349898,413389.300000001],[348432,414386.800000001],[347443.4501,413563.0327],[345697.46,419375.380000001],[345951.785,421491.698000001],[350797.1031,422064.104800001],[351883.3982,421330.3049],[351637.8026,420005.304099999],[353022.5029,419663.1021],[353326.95,420794.65],[356580.4852,420667.817399999],[356647.94,421784.310000001],[355354.8346,422132.194599999],[355771.82,424021.17],[356645.2,424789.699999999],[357066.4,424149.1],[358535.2382,424718.6106],[359731.81,427087.65],[362037.22,428459.699999999],[363060.7988,427981.201099999]]]},"properties":{"LAD24CD":"E07000118"}},{"type":"Feature","geometry":{"type":"MultiPolygon","coordinates":[[[[347746.8016,428616.199200001],[347089.0228,428381.1358],[347739.7361,428669.8038],[347746.8016,428616.199200001]]],[[[335867.9909,441372.9684],[338011.5137,439794.4329],[340626.3009,441336.598099999],[342508.4009,440543.7951],[341532.499,439232.4004],[343669.9981,438824.0973],[342875.298,437532.596999999],[344754.9988,437550.5019],[345719.3989,436282.8048],[348673.3101,432668.139900001],[347460.5001,430788.2974],[347739.5887,428670.9222],[343664.67,427227.210000001],[343472,428592.9],[343577.6,427207.699999999],[340783.95,426671.07],[339999.9813,426628.375299999],[338492.9,426546.300000001],[337230.1,426702.1],[337761.1333,427053.5864],[335686.1,426847.4],[331595.45,428367.9],[330433.0259,431649.225400001],[330433.1035,431650.3226],[332040.2982,432108.299699999],[332292.8032,431242.7974],[334425.1986,431366.801899999],[333963.401,433247.003699999],[335319.5981,433501.900800001],[334590.8007,436258.9016],[333572.7995,437130.702099999],[336793.0977,437325.496300001],[336572.1961,439438.8014],[335513.0025,440662.4011],[335867.9909,441372.9684]]]]},"properties":{"LAD24CD":"E07000119"}},{"type":"Feature","geometry":{"type":"Polygon","coordinates":[[[377548.7976,433221.501],[379382.5981,427895.895500001],[378588.7966,427932.494999999],[378601.6,426488.029999999],[377382.59,425173.27],[372965.9295,423270.851500001],[371477.62,424841.66],[371077.4964,428204.6971],[370319.8,428993.9],[370677.3966,430117.7995],[369402.9987,431708.6041],[373976.798,435664.7017],[373837.03,434192.789999999],[375727.33,433965.07],[376009.46,433033.310000001],[376596.75,433629.869999999],[377548.7976,433221.501]]]},"properties":{"LAD24CD":"E07000120"}},{"type":"Feature","geometry":{"type":"Polygon","coordinates":[[[370052.1984,481319.203199999],[365227.304,473672.801999999],[363491.0014,473169.8959],[363190.95,470258.26],[365826.2995,466650.402100001],[366774.2012,466732.7985],[369714.2003,464470.896],[369352.2999,461239.0011],[367860.5,460563.5],[367245.4971,458420.697899999],[365553.7013,459044.099400001],[364246.3974,457700.1041],[362603.404,457773.802999999],[362035.3028,456164.503699999],[363529.2007,453347.800000001],[359612.6978,450854.503699999],[357902.5979,451467.8981],[357554.2028,450506.703199999],[354949.4973,450618.101299999],[354015.2,449943.4045],[353163.3038,454034.3035],[351872.4982,453411.3018],[351442.6997,451449.6033],[350525.2965,450955.704700001],[350374.5026,452156.6009],[347860.501,453559.6993],[346691.69,450272.189999999],[347333.7982,449146.2027],[343326.2038,447226.6021],[341983.46,449327.26],[342267.9137,450051.352600001],[342316.851,450066.703400001],[342293.9998,450117.7563],[342360.8,450287.800000001],[342226.0726,450413.647600001],[343392.1,451148.6],[341910,451725.9],[343594.99,451335.83],[343054.1,451866.699999999],[343847,451618.699999999],[343552.8,452403.300000001],[345215.46,451271.130000001],[344072.72,452462.51],[345257.73,452285.1],[342899.85,453044],[342433.86,454032.220000001],[343982.29,456287.1],[346144.33,455736.949999999],[345507,456150.1],[345364.58,457551.460000001],[344169.6,456953.199999999],[344730.57,457978.970000001],[343696.65,456768.4],[343023.48,457951.890000001],[343420.3,456901.800000001],[342557.98,457051.279999999],[342331.6,455183.4],[341935.23,456559.189999999],[342002.8,455363.1],[341081.7,455478.1],[340869.35,458842.35],[339999.99,459516.4038],[339545.81,459868.550000001],[339723.2042,460000.0035],[339741.8829,460013.844900001],[340336.16,460137.08],[339922.0507,460147.353599999],[340000.0009,460205.116599999],[340746.85,460758.550000001],[342357.3962,464416.0277],[343148.4277,464828.0657],[344703.45,464965.300000001],[346493.3,466190.869999999],[346842.77,466862.33],[346362.71,466206.82],[346043.8,467486.1],[349114.8993,471364.993899999],[347921.08,470464.48],[347702.93,472241.789999999],[347182.04,471022.039999999],[346229.25,471923.880000001],[346025.11,472729.9],[347160.14,473545.32],[345999.26,473368.91],[345401.5929,475705.060000001],[345401.2233,475705.2706],[345446.8006,475698.702099999],[347972.304,478292.0997],[349964.0964,476959.5012],[352170.5984,476729.7969],[352015.8963,475052.6116],[355705.71,474143.35],[358352.6559,478663.9056],[359323.4033,477935.901699999],[362512.5022,477911.6986],[370144.7986,482748.704],[370052.1984,481319.203199999]]]},"properties":{"LAD24CD":"E07000121"}},{"type":"Feature","geometry":{"type":"Polygon","coordinates":[[[397063.002,439322.3047],[397009.203,437026.901799999],[396067.7597,436594.8048],[392703.4013,434383.498400001],[391629.9025,435952.6993],[387189.5991,436572.7018],[386431.6966,435031.403000001],[385352.0965,435751.8967],[382905.3994,434638.395500001],[382333.2004,435445.704399999],[380691.4026,434721.8016],[380218.5978,436130.1984],[379474.3986,435175.0019],[379224.0135,436885.4835],[380185.799,437834.400599999],[378144.69,438311.17],[379180.6023,439010.1041],[379096.306,440615.512],[385358.36,443862.99],[383956.8013,448597.5997],[387992.1,450693.619999999],[388131.03,448823.439999999],[391415.1022,447826.2005],[392652.8013,446613.297700001],[393327.0989,443865.7042],[394742.8996,442165.900699999],[394185.0965,441332.2994],[397063.002,439322.3047]]]},"properties":{"LAD24CD":"E07000122"}},{"type":"Feature","geometry":{"type":"Polygon","coordinates":[[[360594.8,431847.804300001],[358312.21,431966.119999999],[359094.9986,430681.798],[356811.9989,429554.300799999],[356221.3,428231.4],[355321.75,428727.949999999],[353187.81,428198.801999999],[351846.8501,429272.549900001],[347746.8016,428616.199200001],[347739.7361,428669.8038],[347752.8411,428675.6174],[347739.5887,428670.9222],[347460.5001,430788.2974],[348673.3101,432668.139900001],[345719.3989,436282.8048],[347538.5801,436750.23],[347433.9201,437720.960000001],[349369.7001,438509.65],[350106.1301,436945.07],[351636.8101,436601.140000001],[350991.7001,439681.02],[353405.1974,439944.4966],[355050.33,444093.7499],[357695.6,444367.99],[358990.16,442860.050000001],[358705.65,440602.35],[360095.2977,438227.898],[358965.9964,435655.4044],[360865.0118,433519.1514],[360594.8,431847.804300001]]]},"properties":{"LAD24CD":"E07000123"}},{"type":"Feature","geometry":{"type":"Polygon","coordinates":[[[387992.1,450693.619999999],[383956.8013,448597.5997],[385358.36,443862.99],[379096.306,440615.512],[379180.6023,439010.1041],[378144.69,438311.17],[380185.799,437834.400599999],[379224.0135,436885.4835],[379474.3986,435175.0019],[377548.7976,433221.501],[376596.75,433629.869999999],[376009.46,433033.310000001],[375727.33,433965.07],[373837.03,434192.789999999],[373976.798,435664.7017],[369402.9987,431708.6041],[363750.86,429028.93],[362898.17,429661.25],[364136.61,430447.17],[364015.2965,431197.100500001],[360594.8,431847.804300001],[360865.0118,433519.1514],[358965.9964,435655.4044],[360095.2977,438227.898],[358705.65,440602.35],[358990.16,442860.050000001],[357695.6,444367.99],[359012.71,444452.1],[359796,445963.5],[358973.4994,449341.3968],[357554.2028,450506.703199999],[357902.5979,451467.8981],[359612.6978,450854.503699999],[363529.2007,453347.800000001],[362035.3028,456164.503699999],[362603.404,457773.802999999],[364246.3974,457700.1041],[365553.7013,459044.099400001],[367245.4971,458420.697899999],[367860.5,460563.5],[369352.2999,461239.0011],[372209.7989,460317.7048],[375605.7005,461521.8002],[376685.4984,458181.296399999],[377843.86,457085.57],[377010.87,457226.789999999],[377007.63,455454.35],[377804.73,454877.800000001],[379172.18,455354.720000001],[380779.83,453193.92],[384988.2,453968.67],[385595.95,453558.93],[384872.9,452817.369999999],[385290.8008,451692.624600001],[387239.2014,452627.6961],[387992.1,450693.619999999]]]},"properties":{"LAD24CD":"E07000124"}},{"type":"Feature","geometry":{"type":"Polygon","coordinates":[[[388662.7529,425190.572799999],[390432.596,420649.5997],[389429.7987,416106.000299999],[387839.3017,415759.399499999],[388042.5,416875.800000001],[386531.99,417558.42],[385712.0017,419187.3983],[383850.93,418577.199999999],[382253.66,416648.789999999],[383111.59,413795.720000001],[382118.5037,413135.863700001],[380580.97,416001.48],[380340.91,418954.220000001],[379168.3,417647],[375568.5977,419017.9968],[375369.8011,421263.604],[373792.4961,421751.204399999],[372965.9295,423270.851500001],[377382.59,425173.27],[378601.6,426488.029999999],[378588.7966,427932.494999999],[379382.5981,427895.895500001],[380627.1983,428441.499299999],[382382.0029,427354.2005],[383502.4985,428770.0952],[384757.48,426826.189999999],[388662.7529,425190.572799999]]]},"properties":{"LAD24CD":"E07000125"}},{"type":"Feature","geometry":{"type":"MultiPolygon","coordinates":[[[[343359.41,426695.039999999],[344321.8255,425729.0022],[342941.7553,426605.1262],[343359.41,426695.039999999]]],[[[363750.86,429028.93],[363060.7988,427981.201099999],[362037.22,428459.699999999],[359731.81,427087.65],[358535.2382,424718.6106],[357066.4,424149.1],[356645.2,424789.699999999],[355771.82,424021.17],[355354.8346,422132.194599999],[356647.94,421784.310000001],[356580.4852,420667.817399999],[353326.95,420794.65],[353022.5029,419663.1021],[351637.8026,420005.304099999],[351883.3982,421330.3049],[350797.1031,422064.104800001],[345951.785,421491.698000001],[345087.1015,422439.8972],[345700.7979,423249.395500001],[345380.7011,424666.141100001],[345473.1052,424573.3892],[345516.79,424529.539999999],[345431.4592,424662.6424],[345334.5821,424870.263499999],[345277.66,425122.199999999],[345191.5068,425176.8935],[344971.14,425649.17],[345920.12,426304.65],[344929.54,425699.01],[344494.6224,426457.6494],[344954.66,427052.130000001],[344355.56,426700.220000001],[344371.14,426298.08],[343670.73,426864.720000001],[346660.619,428191.088199999],[347089.0228,428381.1358],[347746.8016,428616.199200001],[351846.8501,429272.549900001],[353187.81,428198.801999999],[355321.75,428727.949999999],[356221.3,428231.4],[356811.9989,429554.300799999],[359094.9986,430681.798],[358312.21,431966.119999999],[360594.8,431847.804300001],[364015.2965,431197.100500001],[364136.61,430447.17],[362898.17,429661.25],[363750.86,429028.93]]]]},"properties":{"LAD24CD":"E07000126"}},{"type":"Feature","geometry":{"type":"MultiPolygon","coordinates":[[[[345277.66,425122.199999999],[345334.5821,424870.263499999],[345191.5068,425176.8935],[345277.66,425122.199999999]]],[[[345380.7011,424666.141100001],[345700.7979,423249.395500001],[345087.1015,422439.8972],[345951.785,421491.698000001],[345697.46,419375.380000001],[347443.4501,413563.0327],[348432,414386.800000001],[349898,413389.300000001],[351406.7018,414377.805],[353151.3979,413706.2972],[354161.3025,414679.498600001],[353829.18,413302.439999999],[354475.3,412187.9],[354201.3982,410538.2041],[352474.0002,409073.903200001],[353409.0973,407181.8048],[352511.2,403643.35],[351669.43,402903.34],[349111.4004,402150.2951],[348231.1,404146.9036],[345943.8,402042.1],[345355.2969,399036.5964],[344062.8011,398931.6964],[343715.4037,399938.1983],[342697.6993,399833.3983],[341200.7648,401160.187899999],[341639.97,403010.34],[338907.0984,403567.599400001],[337286.61,405714.310000001],[335341.52,405952.619999999],[336254.9,403440.300000001],[335390.5964,402509.302300001],[330736.3995,405654.302100001],[331190.8013,408130.6032],[332374.5035,408594.8004],[332523.5,410159.102600001],[331517.8994,410567.8956],[332016.404,412241.0966],[334101.2997,414920.5996],[335156.9973,414409.396],[336134.103,415411.199200001],[337967.3016,418422.3972],[337571.9015,421699.8991],[337335.365,422112.4814],[337334.0161,422114.8796],[337096.2003,422529.6479],[337097.4158,422530.0353],[337028.659,422650.1447],[337013.0236,422676.484300001],[336962.5344,422763.2434],[338222.01,422478.98],[337303,423011],[338259.6,423236.9],[337055.5,423488.5],[337799,423936.5],[338576.4,423021],[338956.89,423533.699999999],[337516.5,424318.5],[338187.5,425798],[339752,424218.5],[338777.5,425710.5],[339717.5,425911],[339999.9813,425971.813300001],[342941.7553,426605.1262],[344321.8255,425729.0022],[345228.2599,424819.156099999],[345380.7011,424666.141100001]]]]},"properties":{"LAD24CD":"E07000127"}},{"type":"Feature","geometry":{"type":"MultiPolygon","coordinates":[[[[342360.8,450287.800000001],[342293.9998,450117.7563],[342175.7552,450381.9323],[342226.0726,450413.647600001],[342360.8,450287.800000001]]],[[[353163.3038,454034.3035],[354015.2,449943.4045],[354949.4973,450618.101299999],[357554.2028,450506.703199999],[358973.4994,449341.3968],[359796,445963.5],[359012.71,444452.1],[357695.6,444367.99],[355050.33,444093.7499],[353405.1974,439944.4966],[350991.7001,439681.02],[351636.8101,436601.140000001],[350106.1301,436945.07],[349369.7001,438509.65],[347433.9201,437720.960000001],[347538.5801,436750.23],[345719.3989,436282.8048],[344754.9988,437550.5019],[342875.298,437532.596999999],[343669.9981,438824.0973],[341532.499,439232.4004],[342508.4009,440543.7951],[340626.3009,441336.598099999],[338011.5137,439794.4329],[335867.9909,441372.9684],[335513.0025,440662.4011],[336572.1961,439438.8014],[336793.0977,437325.496300001],[333572.7995,437130.702099999],[333041.8011,441857.199100001],[331204.7223,442554.6346],[331213.323,442676.177100001],[331151.6,447604.4],[333878.5,448560.5],[333769.55,445423.800000001],[334462.7,448513.65],[339390.4,450825.5],[339999.9908,450540.742799999],[340324.64,450389.09],[339999.9846,450352.687899999],[339048.21,450245.970000001],[339999.9792,449810.717599999],[340610.59,449531.48],[342267.9137,450051.352600001],[341983.46,449327.26],[343326.2038,447226.6021],[347333.7982,449146.2027],[346691.69,450272.189999999],[347860.501,453559.6993],[350374.5026,452156.6009],[350525.2965,450955.704700001],[351442.6997,451449.6033],[351872.4982,453411.3018],[353163.3038,454034.3035]]]]},"properties":{"LAD24CD":"E07000128"}},{"type":"Feature","geometry":{"type":"Polygon","coordinates":[[[455201.0963,307300.695499999],[454863.4034,305044.101399999],[453737.6969,305275.6951],[453156.7994,304373.303400001],[456600.75,302027.800000001],[456035.6037,299776.699200001],[457144.8035,299555.4025],[456948.8019,298630.6972],[457726.303,298472.2026],[458115.2967,299255.6983],[459060.2961,296399.196],[459497.4987,297146.0022],[461386.7968,296795.502499999],[462273.6026,295808.395099999],[463863.4977,296090.4044],[462770.92,293836.689999999],[459688.1988,294508.7971],[455436.8968,292491.204600001],[454225.4995,292471.100400001],[452176.9976,295556.997099999],[447218.896,288611.495200001],[445909.1406,289451.126800001],[446379.8023,291020.035800001],[445216.2037,293001.1986],[445185.6969,296023.203600001],[445935.5028,296875.6996],[447412.3004,296177.1995],[449380.2976,296706.498],[449570.1978,297690.0965],[447746.2996,298230.501800001],[447633.301,298903.199200001],[449228.102,300599.9035],[449218.1997,302289.199999999],[450375.08,302302.17],[450057.8025,303637.304099999],[451479.0041,304251.020300001],[450052.7977,304622.302100001],[452051.9035,305052.698899999],[454223.0012,307707.798900001],[455201.0963,307300.695499999]]]},"properties":{"LAD24CD":"E07000129"}},{"type":"Feature","geometry":{"type":"Polygon","coordinates":[[[465040.4533,324694.829399999],[464472.7995,319139.096799999],[465535.2003,318057.896299999],[466286.1028,314818.703500001],[467564.9035,314467.1041],[466602.3009,313025.5967],[467138.8977,311427.404200001],[471155.5039,309702.9978],[470407.0998,308882.8026],[469033.2005,309836.299699999],[466812.1111,306824.6073],[464453.3988,306785.7029],[462642.297,308389.7037],[459680.2011,308748.700999999],[458986.6018,307872.901699999],[458008.4984,310282.8018],[457057.1998,310757.296],[455664.89,309237.939999999],[455201.0963,307300.695499999],[454223.0012,307707.798900001],[453368.2028,308815.8018],[452372.1994,308310.896299999],[451179.8976,309906.8994],[450190.3006,309630.498600001],[448699.7008,310699.4026],[448551.8009,313237.2961],[450929.6023,315678.5973],[450655.8992,316176.8047],[449585.3028,316897.5984],[448208.0972,315384.3016],[447026.5965,316985.0034],[445157.202,317473.9034],[444983.998,318593.902799999],[446028.8039,321083.200300001],[448748.7012,320863.6031],[448879.3029,322772.9966],[449845.6844,323908.5176],[451703.5002,323000.3015],[452298.703,321846.102],[454200.2036,321614.7981],[456501.4991,323544.595699999],[458685.3025,323493.100400001],[459607.0014,325034.099300001],[462464.0965,325642.895099999],[462661.2029,324453.295600001],[465040.4533,324694.829399999]]]},"properties":{"LAD24CD":"E07000130"}},{"type":"Feature","geometry":{"type":"Polygon","coordinates":[[[480693.969,306039.656400001],[480939.3985,303213.995300001],[479959.4977,300501.7017],[481888.7019,300662.5956],[483756.9,299012.4],[484155.2032,297061.896299999],[485611.7015,295304.3994],[485403.2993,294255.1997],[487368.1963,292674.102299999],[484440.0041,291063.5033],[483228.3017,291857.9959],[480162.5983,291502.5976],[476846.3028,292724.797800001],[475868.4963,291259.597200001],[475993.6976,288946.8992],[474923.299,288235.402799999],[476012.9992,286512.596000001],[474749.6992,285210.798599999],[471956.9981,286060.995300001],[471281.3978,287124.900699999],[467978.0965,286356.8006],[465039.69,283524.310000001],[465748.5001,282471.1029],[464700.998,280891.1951],[462342.1025,282428.1951],[459317.5998,280144.198899999],[457976.5983,278007.600500001],[455626.98,277438.890000001],[454419.7193,277932.977399999],[447218.896,288611.495200001],[452176.9976,295556.997099999],[454225.4995,292471.100400001],[455436.8968,292491.204600001],[459688.1988,294508.7971],[462770.92,293836.689999999],[463863.4977,296090.4044],[462273.6026,295808.395099999],[462758.8986,297834.395199999],[465028.4012,300453.395500001],[463588.797,301128.4023],[463026.5003,302658.6042],[464594.9995,304520.701199999],[464453.3988,306785.7029],[466812.1111,306824.6073],[469033.2005,309836.299699999],[470407.0998,308882.8026],[471155.5039,309702.9978],[473393.4032,308708.102600001],[473662.1015,309383.1994],[474953.84,309017.699999999],[477464.17,310306.189999999],[477261.11,309058.220000001],[478939.7981,308968.698000001],[479264.7029,307421.7008],[480620.9001,307316.900800001],[479777.8013,306150.704600001],[480693.969,306039.656400001]]]},"properties":{"LAD24CD":"E07000131"}},{"type":"Feature","geometry":{"type":"Polygon","coordinates":[[[454223.0012,307707.798900001],[452051.9035,305052.698899999],[450052.7977,304622.302100001],[451479.0041,304251.020300001],[450057.8025,303637.304099999],[450375.08,302302.17],[449218.1997,302289.199999999],[449228.102,300599.9035],[447633.301,298903.199200001],[447746.2996,298230.501800001],[449570.1978,297690.0965],[449380.2976,296706.498],[447412.3004,296177.1995],[445935.5028,296875.6996],[445185.6969,296023.203600001],[445216.2037,293001.1986],[446379.8023,291020.035800001],[445909.1406,289451.126800001],[439618.9038,293111.9969],[436711.7035,294995.4978],[432446.96,297060.880000001],[432135.1999,298428.2952],[429853.4,299902.42],[430263.7,301978.800000001],[429105.7995,304253.297800001],[430915.4997,305302.997300001],[430408.8984,307841.400699999],[431420.8972,307656.503599999],[433739.11,308989.310000001],[434315.0935,308045.476199999],[435455.7993,309016.704299999],[437582.1016,307502.197799999],[439020.9967,309743.2963],[440538.5991,308429.3024],[443328.802,308942.295600001],[444530.9979,310480.0954],[443952.7965,310914.800899999],[448551.8009,313237.2961],[448699.7008,310699.4026],[450190.3006,309630.498600001],[451179.8976,309906.8994],[452372.1994,308310.896299999],[453368.2028,308815.8018],[454223.0012,307707.798900001]]]},"properties":{"LAD24CD":"E07000132"}},{"type":"Feature","geometry":{"type":"Polygon","coordinates":[[[490252.7969,318512.0962],[484379.9966,316181.5034],[482692.9004,316956.101600001],[480225.6978,315267.605],[479688.4991,313761.796],[482140.2,311474.41],[482457.7018,308668.204],[480693.969,306039.656400001],[479777.8013,306150.704600001],[480620.9001,307316.900800001],[479264.7029,307421.7008],[478939.7981,308968.698000001],[477261.11,309058.220000001],[477464.17,310306.189999999],[474953.84,309017.699999999],[473662.1015,309383.1994],[473393.4032,308708.102600001],[471155.5039,309702.9978],[467138.8977,311427.404200001],[466602.3009,313025.5967],[467564.9035,314467.1041],[466286.1028,314818.703500001],[465535.2003,318057.896299999],[464472.7995,319139.096799999],[465040.4533,324694.829399999],[466005.8037,325392.196799999],[468651.0996,325275.700200001],[468999.0989,327512.799799999],[470178.15,327872.4],[472254.3974,330380.198999999],[471399.2146,331563.1556],[472996.76,331814.66],[476929.5037,334853.6985],[476562.5985,335679.202199999],[479101.4013,338910.6972],[478452.3995,339355.299900001],[479358.8038,340992.801200001],[479845.9962,340667.0045],[480931.9038,342828.8956],[482131.5024,342870.503699999],[482154.2011,340911.5045],[483750.7005,339853.1974],[482363.502,334850.399499999],[483608.7041,334391.2009],[483088.3995,332858.7995],[484701.4962,332481.5975],[488919.7,324635.92],[490252.7969,318512.0962]]]},"properties":{"LAD24CD":"E07000133"}},{"type":"Feature","geometry":{"type":"Polygon","coordinates":[[[449845.6844,323908.5176],[448879.3029,322772.9966],[448748.7012,320863.6031],[446028.8039,321083.200300001],[444983.998,318593.902799999],[445157.202,317473.9034],[447026.5965,316985.0034],[448208.0972,315384.3016],[449585.3028,316897.5984],[450655.8992,316176.8047],[450929.6023,315678.5973],[448551.8009,313237.2961],[443952.7965,310914.800899999],[444530.9979,310480.0954],[443328.802,308942.295600001],[440538.5991,308429.3024],[439020.9967,309743.2963],[437582.1016,307502.197799999],[435455.7993,309016.704299999],[434315.0935,308045.476199999],[433739.11,308989.310000001],[431420.8972,307656.503599999],[430408.8984,307841.400699999],[427835.1037,310029.304400001],[427293.197,311490.2962],[430486.67,313728.74],[430847.77,314991.02],[429627.6316,317083.1765],[430274.001,318506.297900001],[433567.7,318990.800000001],[434245.2017,318055.7969],[435960.4,318940.699999999],[436799.48,320080.720000001],[436328.0031,321165.296800001],[437690.97,321847.369999999],[437601.76,322927.41],[439354.6001,322829.9003],[441332.89,326335.800000001],[440895.61,326753.119999999],[443153.71,328846.57],[443794.4,328618.4],[444158.59,330177.32],[445489.37,330036.449999999],[445913.4967,330814.3048],[449373.8005,330903.7992],[448979.802,326756.896199999],[449845.6844,323908.5176]]]},"properties":{"LAD24CD":"E07000134"}},{"type":"Feature","geometry":{"type":"Polygon","coordinates":[[[462273.6026,295808.395099999],[461386.7968,296795.502499999],[459497.4987,297146.0022],[459060.2961,296399.196],[458115.2967,299255.6983],[459690.9031,300333.5998],[460812.0995,300165.797800001],[461260.1032,302460.900800001],[463026.5003,302658.6042],[463588.797,301128.4023],[465028.4012,300453.395500001],[462758.8986,297834.395199999],[462273.6026,295808.395099999]]]},"properties":{"LAD24CD":"E07000135"}},{"type":"Feature","geometry":{"type":"Polygon","coordinates":[[[547581.8699,350621.037599999],[544447.6001,347805.6011],[540000.0098,340235.3378],[539861.7274,339999.966700001],[539384.1019,339186.9981],[539739.7698,339198.336200001],[538809.4365,338116.3828],[538149.0989,337388.203],[537463.2003,336550.745200001],[536444.8795,335366.464600001],[532005.8028,331903.7029],[529025.9965,331388.8003],[526703.55,333309.119999999],[525072.902,333551.3013],[524055.56,336558.67],[517953.09,338262.539999999],[521589.63,345878.16],[519133.75,349551.01],[519965.5978,354015.9034],[520959.4987,353997.998500001],[526506.3966,347583.5046],[533836.8001,346721.4014],[537253.6028,350039.7016],[536523.7995,354408.0012],[539952.4999,354745.804500001],[543225.81,356522.83],[544203.98,353235.529999999],[547128.65,351178.390000001],[547581.8699,350621.037599999]]]},"properties":{"LAD24CD":"E07000136"}},{"type":"Feature","geometry":{"type":"Polygon","coordinates":[[[547581.8699,350621.037599999],[547128.65,351178.390000001],[544203.98,353235.529999999],[543225.81,356522.83],[539952.4999,354745.804500001],[536523.7995,354408.0012],[537253.6028,350039.7016],[533836.8001,346721.4014],[526506.3966,347583.5046],[520959.4987,353997.998500001],[520888.6984,355541.196799999],[519331.5032,356928.299699999],[518789.3986,360103.500800001],[514401.6987,366058.7962],[513476.8996,369493.6029],[515166.7002,372178.304500001],[514842.1993,373904.600299999],[513462.6027,375243.1971],[514165.6014,375471.501800001],[513431.5023,375452.2973],[513330.0963,376714.9958],[512349.2968,377151.6009],[512232.2994,379239.0034],[513678.4007,379799.8028],[512654.9,381669.897500001],[513745.3011,383306.799000001],[514964.1025,381928.103599999],[516291.5986,382874.502699999],[516210.2034,384442.104],[519529.5001,387612.4965],[517825.8973,390483.004799999],[519350.6977,391676.1033],[518733.2003,393909.304],[520952.95,395305.57],[524201.12,394860.52],[524971.9989,394618.0012],[527452.5998,396641.6019],[525696.7975,398677.599099999],[526869.3029,399579.301000001],[526467.3974,400493.1994],[527799.2963,400901.502499999],[528388.2988,404190.601],[531729.7994,403907.202199999],[533699.5488,405362.6219],[533848.0923,405093.9344],[534911.492,404751.195],[534064.701,404310.609999999],[535040.622,404424.988],[535174.23,403463.470000001],[535081.0166,404705.0844],[535432.77,403188.619999999],[535659.928,403892.157],[536770.747,403716.889],[534444.121,405579.880000001],[537793.728,403835.676000001],[538459.042,404132.271],[538364.639,402322.435000001],[538802.992,401498.148],[539494.414,401814.502],[539494.58,400708.859999999],[540000.0302,400702.366599999],[540444.778,400696.653000001],[540000.0297,401176.7894],[539673.935,401528.831],[540000.0279,401286.927100001],[540857.18,400651.07],[540000.0268,401351.483899999],[539604.136,401674.982000001],[540000.0198,401775.8137],[540263.095,401842.819],[539999.9948,402864.072000001],[539964.189,403003.056],[539999.9917,402986.9958],[541337.453,402387.043],[541734.494,400806.567],[542305.671,400879.354],[541971.373,401924.687999999],[542512.135,401722.413000001],[543856.8774,399999.9976],[544372.826,399339.143999999],[543812.192,399632.955],[544848.122,396282.982000001],[545602.881,395733.299000001],[544607.231,395557.635],[545654.406,395638.083000001],[547040.904,393450.720000001],[545608.036,393398.686000001],[547178.825,393367.422],[547143.1445,393306.021],[547118.166,393307.423],[546755.583,392639.082],[547125.0364,393274.8594],[547292.131,392482.886],[547252.231,393301.460999999],[548445.199,391824.892000001],[550532.0724,387087.896400001],[551555.61,384110.18],[555098.5127,376403.514900001],[557473.1,368696.5],[557341.808,360000.010600001],[557338.722,359795.602],[556623.8644,358615.6745],[556599.495,358575.450999999],[556417.203,356933.718],[556447.111,357788.162],[555401.812,357458.333000001],[555382.207,357382.989],[554069.485,357302.613],[555176.827,357116.694],[553399.277,355611.868000001],[552938.537,356083.493000001],[553337.98,355515.203],[551348.516,354215.15],[552135.207,354172.169],[551444.223,353402.811000001],[550828.18,352909.501],[550411.61,353451.148],[550813.389,352874.382999999],[549968.735,352978.272],[550554.326,352502.997],[547595.0051,350632.8366],[547581.8699,350621.037599999]]]},"properties":{"LAD24CD":"E07000137"}},{"type":"Feature","geometry":{"type":"Polygon","coordinates":[[[500563.7983,370855.6031],[498237.0008,369943.7041],[497644.2963,368423.9991],[497021.2995,368623.901900001],[496797.8006,366445.195499999],[496022.196,366504.898499999],[492281.7003,368774.298800001],[492523.6022,370320.6962],[495506.7972,371236.304099999],[493845.1041,372934.797900001],[499217.3963,374023.6962],[500452.9022,373293.895099999],[500563.7983,370855.6031]]]},"properties":{"LAD24CD":"E07000138"}},{"type":"Feature","geometry":{"type":"Polygon","coordinates":[[[493845.1041,372934.797900001],[495506.7972,371236.304099999],[492523.6022,370320.6962],[492281.7003,368774.298800001],[496022.196,366504.898499999],[496797.8006,366445.195499999],[497021.2995,368623.901900001],[497644.2963,368423.9991],[498237.0008,369943.7041],[500563.7983,370855.6031],[508106.9985,371765.7026],[510081.8968,371361.498299999],[512398.8002,366632.7019],[514401.6987,366058.7962],[518789.3986,360103.500800001],[519331.5032,356928.299699999],[520888.6984,355541.196799999],[520959.4987,353997.998500001],[519965.5978,354015.9034],[519133.75,349551.01],[521589.63,345878.16],[517953.09,338262.539999999],[517356.7038,335692.498400001],[512865.5036,336881.698000001],[510512.8991,336618.203400001],[510024.5029,334635.1011],[505240.5041,333311.799900001],[504670.2015,334810.200999999],[503025.9961,334843.501399999],[501689.0017,336181.8983],[501351.4984,336983.5988],[502300.2988,338192.8027],[501262.3033,340666.204700001],[500211.8001,339946.1008],[499655.9016,341349.4991],[497233.9973,340648.299799999],[497935.3257,342577.8521],[499075.8038,342350.102700001],[499117.598,351281.796],[494962.1037,350756.7963],[487898.0982,352190.096000001],[486838.6985,351307.398700001],[486135.9967,352079.897600001],[486305.4987,352860.5041],[487533.5016,352909.800000001],[485160.4988,356384.795299999],[485985.3017,358433.898800001],[484914.9031,359707.5042],[486036.3964,360737.999199999],[485769.7016,365229.3036],[482694.6978,365763.6006],[484874.4034,368937.6021],[485936.9032,368606.197000001],[487055.7992,370031.798900001],[488512.8994,369770.003799999],[489087.8028,372235.2981],[490290.01,372677.51],[490274.1022,373756.002900001],[492000.1975,374327.3993],[493845.1041,372934.797900001]]]},"properties":{"LAD24CD":"E07000139"}},{"type":"Feature","geometry":{"type":"Polygon","coordinates":[[[536444.8795,335366.464600001],[537169.3846,336126.454],[537130.1125,335928.0583],[537349.0867,336297.4254],[539174.1991,337701.903200001],[539248.7015,336533.0978],[538404.5969,335971.998400001],[539539.2987,336304.303300001],[539807.997,335420.396299999],[540000.0004,335365.957800001],[544426.2041,334111.0011],[543855.8025,332917.2028],[544789.902,333821.403999999],[546570.1014,332953.602399999],[549277.697,328008.4979],[548125.796,328062.002599999],[549334.0025,327957.8024],[549342.396,327331.2018],[548772.5963,322718.302200001],[549476.7987,327116.5033],[551388.2018,327320.2049],[552797.3228,326443.689099999],[551504.82,323125.82],[553379.31,321886.880000001],[547711.5971,317540.704299999],[546710.3994,317809.0975],[544097.1025,317872.599300001],[541179.9999,316042.203199999],[539453.7974,316411.0976],[538179.6964,314926.702500001],[538582.3027,311267.100099999],[536804.2965,309378.7006],[533246.0991,308906.795700001],[531011.2011,310371.0966],[529410.9997,309388.197899999],[528418.5004,309965.2028],[525850.1969,307594.501399999],[523189.5981,308534.202400001],[522343.3992,307608.8972],[520976.096,309159.703299999],[517192.0994,312673.7974],[514407.1981,317543.203600001],[517438.8989,320685.0043],[516142.0002,330690.700200001],[516479.2974,331912.3005],[517425.2038,331387.500700001],[516558.4005,332453.895400001],[517356.7038,335692.498400001],[517953.09,338262.539999999],[524055.56,336558.67],[525072.902,333551.3013],[526703.55,333309.119999999],[529025.9965,331388.8003],[532005.8028,331903.7029],[536444.8795,335366.464600001]]]},"properties":{"LAD24CD":"E07000140"}},{"type":"Feature","geometry":{"type":"Polygon","coordinates":[[[517356.7038,335692.498400001],[516558.4005,332453.895400001],[517425.2038,331387.500700001],[516479.2974,331912.3005],[516142.0002,330690.700200001],[517438.8989,320685.0043],[514407.1981,317543.203600001],[517192.0994,312673.7974],[520976.096,309159.703299999],[517754.2972,307382.402100001],[515777.6015,309433.8049],[512669.2959,309871.7995],[511686.09,308380.68],[507958.27,306781.779999999],[504754.59,307403.99],[501955.9474,305785.7883],[501933.204,305782.100199999],[499943.8026,308522.4957],[501100.6012,307911.2007],[504488.9998,309191.904100001],[505953.6029,310704.801100001],[506145.1027,313125.598099999],[501805.3973,313503.799799999],[498538.5969,314953.105],[498670.6003,316638.3026],[496433.0968,318229.997],[494224.5995,317895.602700001],[493877.5979,318926.897500001],[490252.7969,318512.0962],[488919.7,324635.92],[484701.4962,332481.5975],[483088.3995,332858.7995],[483608.7041,334391.2009],[482363.502,334850.399499999],[483750.7005,339853.1974],[482154.2011,340911.5045],[482131.5024,342870.503699999],[480332.7022,346799.3991],[480890.4971,346596.497199999],[481359.0969,348301.899],[483202.5029,348729.196699999],[483908.7996,351601.804400001],[486135.9967,352079.897600001],[486838.6985,351307.398700001],[487898.0982,352190.096000001],[494962.1037,350756.7963],[499117.598,351281.796],[499075.8038,342350.102700001],[497935.3257,342577.8521],[497233.9973,340648.299799999],[499655.9016,341349.4991],[500211.8001,339946.1008],[501262.3033,340666.204700001],[502300.2988,338192.8027],[501351.4984,336983.5988],[501689.0017,336181.8983],[503025.9961,334843.501399999],[504670.2015,334810.200999999],[505240.5041,333311.799900001],[510024.5029,334635.1011],[510512.8991,336618.203400001],[512865.5036,336881.698000001],[517356.7038,335692.498400001]]]},"properties":{"LAD24CD":"E07000141"}},{"type":"Feature","geometry":{"type":"Polygon","coordinates":[[[513082.3982,414321.5011],[516022.7024,412210.895300001],[515854.0992,411203.8035],[516956.9008,411408.8049],[517809.1021,409400.399800001],[519611.5961,409846.702],[520014.6972,409222.8006],[518084.8005,405465.6961],[518703.1965,405381.000299999],[519190.1004,403173.802100001],[518828.9997,400328.6965],[520296.2,400170.901699999],[520789.7989,398414.904300001],[522665.0968,398132.2952],[523015.3965,396028.897299999],[524201.12,394860.52],[520952.95,395305.57],[518733.2003,393909.304],[519350.6977,391676.1033],[517825.8973,390483.004799999],[519529.5001,387612.4965],[516210.2034,384442.104],[516291.5986,382874.502699999],[514964.1025,381928.103599999],[513745.3011,383306.799000001],[512654.9,381669.897500001],[513678.4007,379799.8028],[512232.2994,379239.0034],[512349.2968,377151.6009],[513330.0963,376714.9958],[513431.5023,375452.2973],[514165.6014,375471.501800001],[513462.6027,375243.1971],[514842.1993,373904.600299999],[515166.7002,372178.304500001],[513476.8996,369493.6029],[514401.6987,366058.7962],[512398.8002,366632.7019],[510081.8968,371361.498299999],[508106.9985,371765.7026],[500563.7983,370855.6031],[500452.9022,373293.895099999],[499217.3963,374023.6962],[493845.1041,372934.797900001],[492000.1975,374327.3993],[490274.1022,373756.002900001],[490290.01,372677.51],[489087.8028,372235.2981],[487618.2031,374287.8006],[484550.1004,373744.2962],[484507.8033,372616.2991],[481699.9972,372905.0964],[482504.0967,375793.299699999],[481559.6992,377013.9003],[482504.5997,378764.1993],[483351.3015,378129.6009],[483585.6014,379327.797900001],[483359.2003,381536.595699999],[482247.7001,382172.603599999],[482725.0974,384821.4954],[481650.4031,385981.903200001],[480542.5967,385864.9967],[481573.3036,387463.4991],[480546.4966,388346.7963],[481410.1998,389592.299799999],[480612.0036,391620.2993],[478631.9027,392890.9955],[478445.5973,394420.0978],[479948.5978,396038.3046],[480803.8992,396978.0956],[480777.1027,398456.5024],[481623.1037,398752.797599999],[481814.7025,400950.998400001],[482872.6015,401148.002],[483665.0014,403321.399900001],[491311.1989,402672.9955],[491079.1005,396589.9967],[496252.497,396836.995999999],[501529.7979,398655.795399999],[500529.0041,399257.403200001],[500355.0993,401968.1972],[505848.396,403507.6965],[505608.8027,405115.296399999],[504081.3969,406665.002800001],[499424.9987,405576.904200001],[500089.7979,406527.302200001],[501666.501,406904.404200001],[504122.4985,409803.104499999],[504947.4994,408562.5996],[510325.4971,408174.500700001],[512559.3975,412307.297700001],[511992.0961,414413.604699999],[513082.3982,414321.5011]]]},"properties":{"LAD24CD":"E07000142"}},{"type":"Feature","geometry":{"type":"Polygon","coordinates":[[[601912.2452,326508.479699999],[602512.2968,322904.898800001],[605500.4966,323393.399],[606014.5019,321339.796800001],[608026.6019,320372.2038],[608672.1985,318421.102299999],[609837.1019,317524.198999999],[608479.8989,316112.303200001],[610202.2015,313956.100400001],[609637.3389,310283.256100001],[608383.65,310114.34],[608138.2762,308923.247500001],[606650.897,311665.9959],[605963.5969,309763.500499999],[604668.1464,308957.255899999],[604462.2,306271.6],[605689.93,306328.800000001],[605993.0978,303266.200300001],[600836.1996,303772.295499999],[600198.7986,302665.5023],[600790.1014,302270.395400001],[599787.502,301633.997500001],[601677.8966,299368.1961],[605844.497,297612.298699999],[607717.7766,297660.028200001],[610105.6023,295660.0975],[609048.7,294358.710000001],[610339.0419,289219.605],[608898.37,288526.35],[607982.41,284634.279999999],[606978.81,285204],[605555.29,284111.57],[606430.8,284074.6],[605616.1,282954.9],[606326.7055,279951.825300001],[602112.2959,278815.7994],[599555.67,280778.66],[595176.196,280789.404200001],[593359.99,281887.550000001],[591186.1965,280541.295299999],[588311.2014,280523.2004],[587078.6967,279677.602499999],[586360.5024,280981.2993],[583185.28,281116.060000001],[581609.28,282341.41],[584850.4,286999.949999999],[582473.5992,287297.3014],[581234.88,288295.560000001],[579619.5961,286947.101600001],[575584.9002,286901.004799999],[577360.9028,295847.503900001],[574975.6973,298872.498],[572033.8,299453.060000001],[571569.2009,300591.396],[573768.6039,302937.5044],[574512.2012,309316.2985],[573400.701,309474.903100001],[573509.2967,311293.102700001],[572544.303,312253.297800001],[576589.297,314564.0963],[577529.5968,314803.4978],[579043.1014,313618.8969],[579394.2998,315122.4965],[581716.2,314526.189999999],[583239.65,315817.539999999],[583674.7975,317256.5956],[582460.1021,318814.1998],[580214.9967,319216.604599999],[581557.3998,320537.6964],[581573.7992,322549.500499999],[582700.998,324645.3006],[588710.3036,322717.502499999],[591467.3037,327506.601600001],[593233.9976,327164.7994],[595018.3031,325374.901799999],[596772.0028,326848.699899999],[598243.2534,325200.661599999],[598100.9005,326041.6009],[600122.3999,327478.7995],[601912.2452,326508.479699999]]]},"properties":{"LAD24CD":"E07000143"}},{"type":"Feature","geometry":{"type":"Polygon","coordinates":[[[625168.1994,308013.501399999],[625521.7347,309193.9243],[626065.798,311010.5035],[624900.004,310434.6984],[622795.3038,311441.5002],[623193.51,313898.07],[622622.6119,314774.468800001],[622034.81,313901.09],[620671.7142,313847.6785],[622215.1,311718.949999999],[619850.0031,310507.1976],[618779.42,312721.039999999],[617679.85,313198.5],[616849.37,311737.91],[615790.92,313754.4],[614713.79,312214.710000001],[612890.1986,312830.002699999],[612210.6994,309624.130899999],[609637.3389,310283.256100001],[610202.2015,313956.100400001],[608479.8989,316112.303200001],[609837.1019,317524.198999999],[608672.1985,318421.102299999],[608026.6019,320372.2038],[606014.5019,321339.796800001],[605500.4966,323393.399],[602512.2968,322904.898800001],[601912.2452,326508.479699999],[603838.8035,326775.200999999],[604663.71,328129.369999999],[608185.8965,328721.8037],[609056.6986,330262.9026],[612360.7997,328486.101199999],[612011.5966,329785.699200001],[612775.6994,329573.300000001],[613819.3015,330612.3026],[615295.1015,328973.501700001],[616638.2962,330637.295399999],[619155.8019,329726.496200001],[619427.6003,328950.498299999],[620716.6002,329607.700200001],[621782.7031,328079.4976],[623073.4014,328377.4023],[623656.6983,325383.099400001],[626676.4025,321798.695499999],[628771.62,321204.82],[629487.3994,320017.995200001],[630047.8986,320424.298900001],[629902.9999,318543.7972],[631422.3008,317251.597100001],[631117.8025,315949.199899999],[632202.3991,315741.6993],[632610.9996,317084.604900001],[633910.65,317613.85],[634871.45,315844.699999999],[635807.9973,316328.3013],[636266.31,315671.5],[637435.696,316045.5023],[637501.5988,315112.599300001],[637932.18,315718.99],[640013.2464,315224.2916],[641515.6985,310430.2996],[643022.07,310543.470000001],[644107.27,309018.67],[646710.68,309859.98],[649029.802,308152.001800001],[646702.8973,306942.398],[646026.2994,305601.301899999],[647081.322,305223.448000001],[645587.3983,303542.701199999],[644538.9975,303468.002599999],[643573.2,301637.65],[640109.4944,301191.252],[638834.8004,301923.8046],[638494.6999,303369.6007],[637120.7017,302799.9038],[636144.1979,304586.9023],[634066.6981,305242.604599999],[632588.103,308013.2015],[632196.2396,308028.5831],[631156.4966,308069.395400001],[630460.8235,307337.5908],[629942.8077,306732.58],[629536.6121,306253.674900001],[628143.8007,308255.4022],[627669.181,308269.597899999],[627477.3773,308277.742000001],[626362.1007,308258.9012],[625457.9968,308140.395099999],[625168.1994,308013.501399999]]]},"properties":{"LAD24CD":"E07000144"}},{"type":"Feature","geometry":{"type":"Polygon","coordinates":[[[653770.017,299262.944800001],[652813.5017,299052.396500001],[651112.33,300526.23],[648750.95,301030.09],[646235.4876,298202.202299999],[645647.03,299701.67],[644583.24,300205.09],[647306.3039,303855.601600001],[647081.322,305223.448000001],[646026.2994,305601.301899999],[646702.8973,306942.398],[649029.802,308152.001800001],[646710.68,309859.98],[644107.27,309018.67],[643022.07,310543.470000001],[641515.6985,310430.2996],[640013.2464,315224.2916],[639968.78,317178.07],[644535.0976,319468.102600001],[645789.897,321396.6006],[648141.9333,322438.527799999],[648143.9764,322436.4915],[649784.17,320398.359999999],[649932.545,319999.9902],[651059.7568,316973.5573],[652909.6457,311829.7366],[653751.81,303965.41],[653512.4495,303947.3278],[653553.0046,303209.752],[653151.0832,301996.088199999],[653766.9962,299317.8846],[653770.017,299262.944800001]]]},"properties":{"LAD24CD":"E07000145"}},{"type":"Feature","geometry":{"type":"MultiPolygon","coordinates":[[[[586875.9315,345948.285700001],[587743.999,337242.504699999],[589566.6027,337337.7974],[589906.0024,336548.103499999],[588977.5013,335017.1017],[588150.901,335438.4011],[587990.5015,332800.6962],[583756.102,332131.897600001],[583627.6027,330738.796399999],[585844.6997,327879.404899999],[582700.998,324645.3006],[581573.7992,322549.500499999],[581557.3998,320537.6964],[580214.9967,319216.604599999],[582460.1021,318814.1998],[583674.7975,317256.5956],[583239.65,315817.539999999],[581716.2,314526.189999999],[579394.2998,315122.4965],[579043.1014,313618.8969],[577529.5968,314803.4978],[576589.297,314564.0963],[572544.303,312253.297800001],[573509.2967,311293.102700001],[573400.701,309474.903100001],[574512.2012,309316.2985],[573768.6039,302937.5044],[571569.2009,300591.396],[572033.8,299453.060000001],[574975.6973,298872.498],[577360.9028,295847.503900001],[575584.9002,286901.004799999],[573680.0025,287296.9015],[571601.34,286352.119999999],[566289.39,286077.98],[565233.5635,284826.3759],[565113.3015,286848.5998],[561773.1036,289508.0985],[560767.7998,291883.5986],[556807.4001,293141.1986],[553234.23,292371.91],[552556.1572,291483.7642],[551873.3,292281.004799999],[549782.303,293590.799900001],[551413.8027,294562.1018],[549868.69,294754.949999999],[549539.13,296451.939999999],[550257.73,296887.310000001],[549627.14,296725.52],[549568.69,297482.550000001],[550395.7,298168.300000001],[549593.8,298684],[550433.42,299508.17],[548529.53,302388.810000001],[550310.3002,305000.004000001],[546889.1028,308063.3971],[547812.797,308673.102600001],[547796.9995,311147.5043],[545677.2025,311565.504699999],[546710.3994,317809.0975],[547711.5971,317540.704299999],[553379.31,321886.880000001],[551504.82,323125.82],[552797.3228,326443.689099999],[552915.1226,326370.414100001],[554106.798,326253.143999999],[553642.761,326715.845000001],[554248.965,327082.385],[554460.643,326409.181],[556132.434,327098.378],[558109.833,326653.891000001],[557434.732,326179.227],[558199.587,326582.244000001],[557752.314,325905.234999999],[558633.062,326124.544],[558199.212,325435.316],[558761.151,325789.408],[559377.276,324735.134],[559999.9784,323197.7434],[561295.1697,320000.044299999],[561570.005,319321.503],[561349.0676,320000.043199999],[560245.042,323390.713],[560688.35,323898.619999999],[560208.248,323496.908],[559999.9784,323949.1754],[559381.103,325293.093],[559886.0295,325386.7426],[559054.253,325960.431],[560000.0125,326377.784399999],[560580.742,326634.054],[560000.0172,326567.0702],[558990.93,326450.676999999],[560000.0279,327424.211100001],[561935.902,329291.858999999],[562560.253,328837.139],[562098.835,329393.676000001],[563921.318,331170.367000001],[564698.071,331234.353],[565078.206,330020.297],[564646.043,333394.955],[566803.2617,339999.963300001],[567409.487,341856.114],[570754.269,344999.288000001],[572614.238,345079.968],[572110.075,344683.992000001],[573123.48,343842.32],[573767.273,344854.028999999],[573835.93,344082.57],[574166.95,344652.619999999],[574048.54,343948.640000001],[574944.01,344105.119999999],[573854.324,345321.623],[575873.682,344911.544],[575644.35,344154.779999999],[576465.48,344338.68],[576207.05,345041.421],[579468.143,345577.017000001],[579315.227,344740.885],[577282.552,344755.827],[577627.21,344250.752],[580000.001,344461.0154],[580391.456,344495.704],[581397.039,345205.137],[580069.263,344704.489],[580953.27,345796.035],[582440.8,345057.4],[584612.268,345469.226],[584789.04,345228.470000001],[584531.98,344506.42],[584591.7511,345223.1894],[583526.99,345194.689999999],[583566.404,343907.676000001],[585292.569,344891.524],[584986.27,345515.390000001],[585707.64,345710.810000001],[584774.653,345691.653000001],[586844.1918,345955.662900001],[586875.9315,345948.285700001]]],[[[580624.032,346771.819],[584796.517,345851.684],[582813,346256.9],[582490.1,345672.9],[582624.1,346280.800000001],[582112,345807.800000001],[581584.1394,346352.2862],[581430.846,345834.921],[581569.8,346513.9],[581202.16,345993.380000001],[580688.79,346678.25],[581127.49,346014.15],[580373.04,346246.939999999],[580175.044,345591.855],[580389.827,346638.41],[579999.9946,346613.0955],[578523.894,346517.242000001],[579999.9919,346696.1734],[580624.032,346771.819]]]]},"properties":{"LAD24CD":"E07000146"}},{"type":"Feature","geometry":{"type":"MultiPolygon","coordinates":[[[[595697.674,344703.082],[594312.07,344414.050000001],[595019.77,344898],[595697.674,344703.082]]],[[[595195.716,345135.074999999],[593521.009,344070.135],[593968.62,344474.960000001],[593211.67,344971.26],[593931.03,344639.07],[594440.62,345407.470000001],[595195.716,345135.074999999]]],[[[593338.87,345929.529999999],[593763.86,344740.800000001],[592572.88,345927.07],[592961.97,345165.199999999],[592661.99,345631.130000001],[591815.28,344853.609999999],[592553.32,346211.98],[593338.87,345929.529999999]]],[[[601987.863,346110.82],[602217.408,346032.864700001],[609977.53,343892],[610487.8598,343827.0822],[610506.967,343821.404999999],[611056.3209,343754.7697],[619999.9838,342617.068399999],[621947.207,342369.367000001],[626034.0409,339999.977],[631026,337105.83],[639999.9712,330144.5317],[641850.6,328708.960000001],[648141.9333,322438.527799999],[645789.897,321396.6006],[644535.0976,319468.102600001],[639968.78,317178.07],[640013.2464,315224.2916],[637932.18,315718.99],[637501.5988,315112.599300001],[637435.696,316045.5023],[636266.31,315671.5],[635807.9973,316328.3013],[634871.45,315844.699999999],[633910.65,317613.85],[632610.9996,317084.604900001],[632202.3991,315741.6993],[631117.8025,315949.199899999],[631422.3008,317251.597100001],[629902.9999,318543.7972],[630047.8986,320424.298900001],[629487.3994,320017.995200001],[628771.62,321204.82],[626676.4025,321798.695499999],[623656.6983,325383.099400001],[623073.4014,328377.4023],[621782.7031,328079.4976],[620716.6002,329607.700200001],[619427.6003,328950.498299999],[619155.8019,329726.496200001],[616638.2962,330637.295399999],[615295.1015,328973.501700001],[613819.3015,330612.3026],[612775.6994,329573.300000001],[612011.5966,329785.699200001],[612360.7997,328486.101199999],[609056.6986,330262.9026],[608185.8965,328721.8037],[604663.71,328129.369999999],[603838.8035,326775.200999999],[601912.2452,326508.479699999],[600122.3999,327478.7995],[598100.9005,326041.6009],[598243.2534,325200.661599999],[596772.0028,326848.699899999],[595018.3031,325374.901799999],[593233.9976,327164.7994],[591467.3037,327506.601600001],[588710.3036,322717.502499999],[582700.998,324645.3006],[585844.6997,327879.404899999],[583627.6027,330738.796399999],[583756.102,332131.897600001],[587990.5015,332800.6962],[588150.901,335438.4011],[588977.5013,335017.1017],[589906.0024,336548.103499999],[589566.6027,337337.7974],[587743.999,337242.504699999],[586875.9315,345948.285700001],[588946.26,345467.082],[591132.661,346041.187999999],[591599.9,343845.720000001],[592862.27,343563.130000001],[595233.78,344510.51],[595519.24,343902.83],[595578.57,344623.039999999],[596003.2065,344543.9175],[595844.62,344672.09],[596260.308,344970.325999999],[597341.37,344065.33],[600000.0018,344749.4125],[600501.3008,344878.399800001],[602554.326,344875.292199999],[602329.31,343976.859999999],[603613.014,345321.899],[601727.452,346053.8916],[600000.0227,345761.446799999],[599517.989,345679.841],[598731.691,345418.550000001],[599819.809,346694.314999999],[600000.0213,346645.813899999],[601987.863,346110.82]]]]},"properties":{"LAD24CD":"E07000147"}},{"type":"Feature","geometry":{"type":"Polygon","coordinates":[[[625168.1994,308013.501399999],[625457.9968,308140.395099999],[626362.1007,308258.9012],[627477.3773,308277.742000001],[627669.181,308269.597899999],[628143.8007,308255.4022],[629536.6121,306253.674900001],[629942.8077,306732.58],[630460.8235,307337.5908],[631156.4966,308069.395400001],[632196.2396,308028.5831],[632588.103,308013.2015],[634066.6981,305242.604599999],[636144.1979,304586.9023],[637120.7017,302799.9038],[638494.6999,303369.6007],[638834.8004,301923.8046],[640109.4944,301191.252],[638795.6034,301886.995100001],[638494.9967,303303.299699999],[637127.5039,302741.600500001],[636171.4973,304471.0954],[634008.1004,305218.501499999],[632548.9967,307976.202099999],[632136.5003,308000.2205],[631235.2039,308052.700200001],[630304.8782,307007.0112],[629612.9964,306143.896600001],[629481.298,306081.304500001],[628160.0023,308195.2994],[627633.5625,308213.922499999],[625361.8541,308029.2445],[622615.98,304854.74],[621970.4961,305197.8422],[621480.299,305458.402799999],[620735.704,305014.999700001],[619671.61,307088.310000001],[618844.5014,307159.7958],[618720.5039,308582.7985],[617544.81,308107.470000001],[616847.597,310034.103],[619001.1987,309710.295700001],[619850.0031,310507.1976],[622215.1,311718.949999999],[620671.7142,313847.6785],[622034.81,313901.09],[622622.6119,314774.468800001],[623193.51,313898.07],[622795.3038,311441.5002],[624900.004,310434.6984],[626065.798,311010.5035],[625521.7347,309193.9243],[625168.1994,308013.501399999]]]},"properties":{"LAD24CD":"E07000148"}},{"type":"Feature","geometry":{"type":"Polygon","coordinates":[[[621970.4961,305197.8422],[622615.98,304854.74],[625361.8541,308029.2445],[627633.5625,308213.922499999],[628160.0023,308195.2994],[629481.298,306081.304500001],[629612.9964,306143.896600001],[630304.8782,307007.0112],[631235.2039,308052.700200001],[632136.5003,308000.2205],[632548.9967,307976.202099999],[634008.1004,305218.501499999],[636171.4973,304471.0954],[637127.5039,302741.600500001],[638494.9967,303303.299699999],[638795.6034,301886.995100001],[640109.4944,301191.252],[643573.2,301637.65],[644538.9975,303468.002599999],[645587.3983,303542.701199999],[647081.322,305223.448000001],[647306.3039,303855.601600001],[644583.24,300205.09],[645647.03,299701.67],[646235.4876,298202.202299999],[648115.1031,295554.297800001],[649291.85,295892.15],[650055.2,294971.9],[648599.86,291895.880000001],[647775.36,292259.98],[646991.3013,291210.601199999],[645878.3005,291195.795399999],[643633.11,292796.92],[642409.7023,292283.404100001],[641810.2039,290366.502800001],[639842.91,291461.970000001],[638405.9006,290651.9011],[636498.9993,291689.6041],[634237.7,289812.58],[632399.68,291401.949999999],[631815.86,290329.74],[633362.87,289760.939999999],[633375.94,288583.779999999],[631699.48,288398.1],[628776.77,286374.16],[627773.6506,283754.861199999],[625778.047,281767.064999999],[623703.1015,282041.9957],[622016.5,279783.0023],[618954.8038,277895.8025],[608929.75,280038.460000001],[606326.7055,279951.825300001],[605616.1,282954.9],[606430.8,284074.6],[605555.29,284111.57],[606978.81,285204],[607982.41,284634.279999999],[608898.37,288526.35],[610339.0419,289219.605],[609048.7,294358.710000001],[610105.6023,295660.0975],[607717.7766,297660.028200001],[605844.497,297612.298699999],[601677.8966,299368.1961],[599787.502,301633.997500001],[600790.1014,302270.395400001],[600198.7986,302665.5023],[600836.1996,303772.295499999],[605993.0978,303266.200300001],[605689.93,306328.800000001],[604462.2,306271.6],[604668.1464,308957.255899999],[605963.5969,309763.500499999],[606650.897,311665.9959],[608138.2762,308923.247500001],[608383.65,310114.34],[609637.3389,310283.256100001],[612210.6994,309624.130899999],[612890.1986,312830.002699999],[614713.79,312214.710000001],[615790.92,313754.4],[616849.37,311737.91],[617679.85,313198.5],[618779.42,312721.039999999],[619850.0031,310507.1976],[619001.1987,309710.295700001],[616847.597,310034.103],[617544.81,308107.470000001],[618720.5039,308582.7985],[618844.5014,307159.7958],[619671.61,307088.310000001],[620735.704,305014.999700001],[621480.299,305458.402799999],[621970.4961,305197.8422]]]},"properties":{"LAD24CD":"E07000149"}},{"type":"Feature","geometry":{"type":"Polygon","coordinates":[[[449576.0023,363293.397700001],[449895.0038,362199.300899999],[450855.8007,362040.296399999],[450943.0005,360538.1964],[455123.7989,357827.802200001],[456051.6981,356554.4967],[451952.501,354086.303200001],[451612.6973,351920.5032],[452559.14,350478.51],[454929.2979,350437.397700001],[454920.7972,347117.797900001],[453090.65,347047],[452086.14,345925.76],[451808.7979,347547.9048],[450154.5006,349427.196900001],[448040.302,350344.0045],[446793.5993,349626],[444613.7041,350838.203],[444027.1999,352232.004000001],[444868.4023,353958.0999],[446786.5992,354779.005000001],[446350.8972,355728.0033],[446923.2034,356320.9036],[445476.3024,359488.9967],[445330.68,363012.529999999],[447508.09,364045.220000001],[449576.0023,363293.397700001]]]},"properties":{"LAD24CD":"E07000170"}},{"type":"Feature","geometry":{"type":"Polygon","coordinates":[[[479948.5978,396038.3046],[478445.5973,394420.0978],[478631.9027,392890.9955],[480612.0036,391620.2993],[481410.1998,389592.299799999],[480546.4966,388346.7963],[481573.3036,387463.4991],[480542.5967,385864.9967],[481650.4031,385981.903200001],[482725.0974,384821.4954],[482247.7001,382172.603599999],[483359.2003,381536.595699999],[483585.6014,379327.797900001],[483351.3015,378129.6009],[482504.5997,378764.1993],[481559.6992,377013.9003],[482504.0967,375793.299699999],[481699.9972,372905.0964],[481576.2965,367282.4959],[481098.0005,368183.198000001],[478814.3989,367787.3014],[477563.7963,369721.897600001],[476372.5993,368955.696900001],[473921.4993,370192.902799999],[470287.1011,369075.3027],[470378.5966,370379.6993],[469009.4959,371417.202299999],[466373.6983,371489.401699999],[464960.0001,374220.199999999],[459948.3964,371325.5985],[458594.3018,370089.102499999],[452887.6733,369248.523499999],[453357.61,371240.220000001],[452609.6984,372581.499],[453294,374089.630000001],[455145.302,374556.2038],[454682.1027,375092.4003],[455676.2015,375952.1042],[454755.3024,376996.0954],[454965.34,379000],[453416.7002,379685.195599999],[457442.4997,383063.6986],[457282.9001,383658.6982],[456231.0034,383448.2985],[455831.3983,384764.8016],[457434.8978,384679.696],[456918.6992,386134.7995],[457940.8972,386873.698000001],[457650.5968,388479.0984],[458906.1959,389290.496200001],[458861.4995,390420.8026],[461200.2028,392622.102499999],[464482.3967,393122.9991],[464520.0024,392479.903200001],[465592.7014,392617.004000001],[466817.1012,393817.000499999],[467405.9965,397691.601399999],[469557.001,399141.396400001],[470701.1021,401171.5952],[473075.6962,398163.0964],[471779.3995,397069.6994],[472053.5972,396493.904200001],[474986.2006,397208.6996],[479948.5978,396038.3046]]]},"properties":{"LAD24CD":"E07000171"}},{"type":"Feature","geometry":{"type":"Polygon","coordinates":[[[452086.14,345925.76],[452514.05,344073.199999999],[453575.8943,343647.0878],[452052.2993,342921.999],[450661.2008,343285.604900001],[451678.8969,341416.1],[450694.1975,339798.403100001],[455078.8963,335856.8014],[453965.2029,334970.0952],[453162.2989,335258.7026],[452968.5976,334395.6996],[452537.1995,333406.3028],[451248.4965,333028.201099999],[450806.66,334209.050000001],[448399.15,335000],[448404.9975,339325.7984],[447627.2986,340031.7963],[447930.9972,341602.196799999],[446573.1073,345367.3521],[444901.21,348403.15],[444613.7041,350838.203],[446793.5993,349626],[448040.302,350344.0045],[450154.5006,349427.196900001],[451808.7979,347547.9048],[452086.14,345925.76]]]},"properties":{"LAD24CD":"E07000172"}},{"type":"Feature","geometry":{"type":"Polygon","coordinates":[[[466755.2962,343582.9998],[466127.6987,342994.2983],[464712.0959,343346.7974],[464498.3014,339752.2963],[462350.1002,340234.498299999],[461502.104,339409.104499999],[459192.0027,341522.5996],[458990.7985,343260.402100001],[457664.3001,343558.296800001],[457937.0962,344513.4034],[456900.2962,344761.602399999],[457567.6789,345806.986500001],[454920.7972,347117.797900001],[454929.2979,350437.397700001],[452559.14,350478.51],[451612.6973,351920.5032],[451952.501,354086.303200001],[456051.6981,356554.4967],[457727.9025,356171.0965],[457679.9987,355359.0989],[458993.7997,354751.7028],[458358.6991,353281.9035],[461152.9998,353757.8972],[460843.6039,352616.7039],[461720.3013,350972.004699999],[465176.804,347878.3003],[463673.2017,346329.2037],[464913.5969,345718.7984],[464656.9034,344686.304],[466755.2962,343582.9998]]]},"properties":{"LAD24CD":"E07000173"}},{"type":"Feature","geometry":{"type":"Polygon","coordinates":[[[455123.7989,357827.802200001],[450943.0005,360538.1964],[450855.8007,362040.296399999],[449895.0038,362199.300899999],[449576.0023,363293.397700001],[450861.597,364883.502599999],[453760.1,365600.1],[452887.6733,369248.523499999],[458594.3018,370089.102499999],[459948.3964,371325.5985],[460527.7026,370554.7992],[459469.6964,367238.398499999],[456709.1015,364558.195699999],[459543.9019,362177.0973],[458283.6031,360847.697799999],[458978.2001,358348.7031],[457173.7025,358646.697799999],[455123.7989,357827.802200001]]]},"properties":{"LAD24CD":"E07000174"}},{"type":"Feature","geometry":{"type":"Polygon","coordinates":[[[489087.8028,372235.2981],[488512.8994,369770.003799999],[487055.7992,370031.798900001],[485936.9032,368606.197000001],[484874.4034,368937.6021],[482694.6978,365763.6006],[485769.7016,365229.3036],[486036.3964,360737.999199999],[484914.9031,359707.5042],[485985.3017,358433.898800001],[485160.4988,356384.795299999],[487533.5016,352909.800000001],[486305.4987,352860.5041],[486135.9967,352079.897600001],[483908.7996,351601.804400001],[483202.5029,348729.196699999],[481359.0969,348301.899],[480890.4971,346596.497199999],[480332.7022,346799.3991],[482131.5024,342870.503699999],[480931.9038,342828.8956],[479845.9962,340667.0045],[479358.8038,340992.801200001],[478267.2979,341804.698799999],[479639.2019,343800.997400001],[479090.4023,345497.1019],[476278.1027,346604.404899999],[475265.1969,346033.0984],[473179.4026,349291.795600001],[468843.3002,343709.003699999],[466755.2962,343582.9998],[464656.9034,344686.304],[464913.5969,345718.7984],[463673.2017,346329.2037],[465176.804,347878.3003],[461720.3013,350972.004699999],[460843.6039,352616.7039],[461152.9998,353757.8972],[458358.6991,353281.9035],[458993.7997,354751.7028],[457679.9987,355359.0989],[457727.9025,356171.0965],[456051.6981,356554.4967],[455123.7989,357827.802200001],[457173.7025,358646.697799999],[458978.2001,358348.7031],[458283.6031,360847.697799999],[459543.9019,362177.0973],[456709.1015,364558.195699999],[459469.6964,367238.398499999],[460527.7026,370554.7992],[459948.3964,371325.5985],[464960.0001,374220.199999999],[466373.6983,371489.401699999],[469009.4959,371417.202299999],[470378.5966,370379.6993],[470287.1011,369075.3027],[473921.4993,370192.902799999],[476372.5993,368955.696900001],[477563.7963,369721.897600001],[478814.3989,367787.3014],[481098.0005,368183.198000001],[481576.2965,367282.4959],[481699.9972,372905.0964],[484507.8033,372616.2991],[484550.1004,373744.2962],[487618.2031,374287.8006],[489087.8028,372235.2981]]]},"properties":{"LAD24CD":"E07000175"}},{"type":"Feature","geometry":{"type":"Polygon","coordinates":[[[479358.8038,340992.801200001],[478452.3995,339355.299900001],[479101.4013,338910.6972],[476562.5985,335679.202199999],[476929.5037,334853.6985],[472996.76,331814.66],[471399.2146,331563.1556],[472254.3974,330380.198999999],[470178.15,327872.4],[468999.0989,327512.799799999],[468651.0996,325275.700200001],[466005.8037,325392.196799999],[465040.4533,324694.829399999],[462661.2029,324453.295600001],[462464.0965,325642.895099999],[459607.0014,325034.099300001],[458685.3025,323493.100400001],[456501.4991,323544.595699999],[454200.2036,321614.7981],[452298.703,321846.102],[451703.5002,323000.3015],[449845.6844,323908.5176],[448979.802,326756.896199999],[449373.8005,330903.7992],[451239.3033,331672.999],[451248.4965,333028.201099999],[452537.1995,333406.3028],[452968.5976,334395.6996],[455502.52,332712.17],[456697.5,333950.699999999],[457071.1009,338070.4977],[457777.1008,337518.4957],[458442.9967,338730.998600001],[460600.1025,338663.9978],[461502.104,339409.104499999],[462350.1002,340234.498299999],[464498.3014,339752.2963],[464712.0959,343346.7974],[466127.6987,342994.2983],[466755.2962,343582.9998],[468843.3002,343709.003699999],[473179.4026,349291.795600001],[475265.1969,346033.0984],[476278.1027,346604.404899999],[479090.4023,345497.1019],[479639.2019,343800.997400001],[478267.2979,341804.698799999],[479358.8038,340992.801200001]]]},"properties":{"LAD24CD":"E07000176"}},{"type":"Feature","geometry":{"type":"Polygon","coordinates":[[[460619.8989,235588.003],[465096.3575,234200.459799999],[462272.9017,229157.3038],[463404.07,227609.98],[465072.9987,228139.0952],[462905.0011,225295.699100001],[463415.7991,224698.800000001],[462473.9988,222096.8048],[464172.3989,221375.801200001],[463593.2988,220196.898600001],[464497.0977,219314.801100001],[464715.699,216584.502699999],[465745.301,216118.0962],[463601.8984,214916.000299999],[460606.8964,216668.498600001],[459301.36,215466.52],[461437.2978,213559.898499999],[460430.6995,212458.3038],[460541.4966,210976.8978],[460308.4005,211565.999199999],[458432.5007,211224.7969],[457491.2033,213120.904100001],[456120.9978,212922.800799999],[455643.0976,211233.304400001],[452356.3029,212644.2006],[451642.6022,210023.300799999],[451262.9006,210799.298699999],[449497.4022,211088.7958],[448191.6978,209373.596799999],[448032.27,210350.550000001],[446841.7664,210125.3506],[446597.65,212068.560000001],[445775.36,212768.810000001],[446499.14,214430.119999999],[445439.3975,214822.2971],[445607.9018,217714.7991],[445958.3004,218419.397399999],[448524.7983,218290.104499999],[448143.3,219174.289999999],[449235.24,219833.41],[448410.7,221331.4],[448862.82,222247.949999999],[448002.3995,222902.5042],[448319.3973,224078.297599999],[445475.0986,226470.402899999],[445982.4007,227281.300799999],[443955.8966,227955.5977],[443968.0004,230198.2958],[442863.5992,231423.395099999],[441177.3028,231435.2017],[440649.0994,230634.200999999],[438730.8035,232452.600500001],[437591.5999,231384.7961],[434876.0973,230834.4037],[432857.3023,233261.5989],[435185.7983,244079.202400001],[435899.4001,244906.695499999],[437965.2001,244507.5998],[437522.8031,246215.400900001],[439408.3991,246812.899900001],[442201.0013,244154.7008],[444086.8034,244967.998],[443175.7984,246764.603700001],[441636.6021,246910.402000001],[443479.2991,248829.602600001],[444673.8023,248735.2996],[445790.299,252455.4047],[451604.5017,244578.5995],[446608.9017,243401.296499999],[446822.2014,242613.801899999],[448239.4037,242419.897399999],[447211.2034,239450.7973],[449635.4987,235338.6044],[449307.5,231474.699999999],[452176.4039,232252.197899999],[455301.7026,231300.000399999],[457509.2023,233102.5045],[459529.201,233558.204],[460619.8989,235588.003]]]},"properties":{"LAD24CD":"E07000177"}},{"type":"Feature","geometry":{"type":"Polygon","coordinates":[[[451642.6022,210023.300799999],[453859.0972,208462.4976],[456668.8986,207782.202299999],[455701.9014,206747.898399999],[455754.0019,204508.999299999],[457014.2018,204184.0023],[456019.5011,203457.000399999],[456085.0988,202069.0977],[453830.0993,201646.5986],[452499.5031,203209.4013],[449057.8992,206017.297499999],[448191.6978,209373.596799999],[449497.4022,211088.7958],[451262.9006,210799.298699999],[451642.6022,210023.300799999]]]},"properties":{"LAD24CD":"E07000178"}},{"type":"Feature","geometry":{"type":"Polygon","coordinates":[[[460541.4966,210976.8978],[461743.4039,209595.4033],[463340.0023,209491.403100001],[463538.296,206828.295399999],[465997.6988,205530.096999999],[467035.2985,205580.4026],[467061.1962,207022.399800001],[470070.09,206414.73],[470506.799,207382.696699999],[472279.12,207091.039999999],[474370.92,205993.23],[476886.2996,202861.900699999],[476489.4978,199885.3028],[477537.7007,198604.499399999],[476300.7024,198089.096899999],[477710.4017,197218.896],[474935.9964,197623.700099999],[473946.6962,196771.304099999],[474311.804,195283.300100001],[472688.9039,195181.599199999],[473828.2972,193636.001599999],[472771.9976,192754.0041],[473578.01,191528.640000001],[473290.73,190095.65],[475111.03,189533.33],[473434.28,187935.85],[473668.35,186342.85],[476240.09,184713.4],[476591.7036,183461.404100001],[476379.8962,182545.8961],[477902.0005,181103.399],[478505.56,178899.890000001],[476883.0017,178101.998199999],[474996.9027,174880.200300001],[473102.2041,173916.2963],[472675.0027,174557.602700001],[473635.2968,175644.1018],[472471.1024,177641.0001],[469644.2007,176625.400800001],[468618.2018,174607.8983],[467007.9002,175580.300000001],[465956.5972,177416.704299999],[463428.8016,176705.4979],[462430.704,177129.0967],[461651.56,179323.619999999],[459627.8037,180045.501800001],[459709.3968,183018.001],[455269.5963,181353.1975],[455258.9025,182377.404300001],[453725.7004,182088.9969],[455246.5019,188442.6982],[453446.1021,187109.899700001],[450723.5005,187554.202500001],[449279.9964,186797.599099999],[450994.697,189690.301100001],[450417.6005,190561.3017],[450955.5,191373.499199999],[452496.4045,191792.7305],[454135.6037,193962.3982],[451080.0003,194845.395300001],[449881.1027,194047.3039],[449257.8997,194473.7018],[450019.7021,196899.7974],[451963.6978,196689.5975],[453561.25,197764.27],[453869.73,199125.24],[452499.5031,203209.4013],[453830.0993,201646.5986],[456085.0988,202069.0977],[456019.5011,203457.000399999],[457014.2018,204184.0023],[455754.0019,204508.999299999],[455701.9014,206747.898399999],[456668.8986,207782.202299999],[453859.0972,208462.4976],[451642.6022,210023.300799999],[452356.3029,212644.2006],[455643.0976,211233.304400001],[456120.9978,212922.800799999],[457491.2033,213120.904100001],[458432.5007,211224.7969],[460308.4005,211565.999199999],[460541.4966,210976.8978]]]},"properties":{"LAD24CD":"E07000179"}},{"type":"Feature","geometry":{"type":"Polygon","coordinates":[[[448191.6978,209373.596799999],[449057.8992,206017.297499999],[452499.5031,203209.4013],[453869.73,199125.24],[453561.25,197764.27],[451963.6978,196689.5975],[450019.7021,196899.7974],[449257.8997,194473.7018],[449881.1027,194047.3039],[451080.0003,194845.395300001],[454135.6037,193962.3982],[452496.4045,191792.7305],[450955.5,191373.499199999],[450417.6005,190561.3017],[450994.697,189690.301100001],[449279.9964,186797.599099999],[450723.5005,187554.202500001],[453446.1021,187109.899700001],[455246.5019,188442.6982],[453725.7004,182088.9969],[451374.0028,182357.4001],[446626.9006,185194.8978],[445698.4985,182959.0978],[443962.0969,183920.4027],[442832.3009,182571.5988],[441364.3008,183316.795399999],[440132.3979,182031.203400001],[439858.7031,183122.801000001],[438393.4981,182091.396199999],[437241.1024,182315.302100001],[436810.603,181209.998500001],[433867.1986,183653.3991],[432621.0978,183123.6008],[430948.4965,183925.201300001],[429143.8999,182093.195699999],[428908.1929,180749.1116],[427654.42,180006.73],[424512.96,185954.789999999],[424000.74,186459.359999999],[422513.98,185662.65],[421498.34,187228.09],[421523.4,189664.5],[423152.7,190873.699999999],[422682.8,191607.5],[423632.17,192966.4],[421412.12,194863.5],[420827.56,196943.220000001],[421999.24,199088.359999999],[423018.6028,198015.2981],[424413.6012,198427.699999999],[427326.8039,199351.095699999],[427846.5973,198870.5033],[429423.0035,200234.003],[431525.7002,200597.098999999],[435355.8032,199596.5954],[436096.46,200701.029999999],[437102.11,200231.02],[437472.6979,201757.096999999],[442114.2963,201014.0997],[443701.0005,202967.500499999],[443994.5989,208349.9998],[446841.7664,210125.3506],[448032.27,210350.550000001],[448191.6978,209373.596799999]]]},"properties":{"LAD24CD":"E07000180"}},{"type":"Feature","geometry":{"type":"Polygon","coordinates":[[[446841.7664,210125.3506],[443994.5989,208349.9998],[443701.0005,202967.500499999],[442114.2963,201014.0997],[437472.6979,201757.096999999],[437102.11,200231.02],[436096.46,200701.029999999],[435355.8032,199596.5954],[431525.7002,200597.098999999],[429423.0035,200234.003],[427846.5973,198870.5033],[427326.8039,199351.095699999],[424413.6012,198427.699999999],[421652.5034,201524.603499999],[421103.3988,202800.498299999],[421706.896,204621.097200001],[420748.1026,208031.6009],[419446.6032,209430.9004],[422027.2991,211752.795700001],[421700.3989,215139.496300001],[422386.8992,216905.8007],[421657.5988,218592.097999999],[423012.0975,219877.200200001],[423584.2965,222054.3969],[425344.4026,222360.3993],[424473.3037,224921.8961],[426550.8035,226643.903200001],[425351.3037,228636.402899999],[423282.7993,229555.4998],[423049.2002,232166.4024],[426736.004,228615.9987],[428149.7022,230297.2974],[427550.3028,231016.001700001],[430075.3033,231041.5044],[431033.76,231470.67],[430499.1983,232669.8983],[432857.3023,233261.5989],[434876.0973,230834.4037],[437591.5999,231384.7961],[438730.8035,232452.600500001],[440649.0994,230634.200999999],[441177.3028,231435.2017],[442863.5992,231423.395099999],[443968.0004,230198.2958],[443955.8966,227955.5977],[445982.4007,227281.300799999],[445475.0986,226470.402899999],[448319.3973,224078.297599999],[448002.3995,222902.5042],[448862.82,222247.949999999],[448410.7,221331.4],[449235.24,219833.41],[448143.3,219174.289999999],[448524.7983,218290.104499999],[445958.3004,218419.397399999],[445607.9018,217714.7991],[445439.3975,214822.2971],[446499.14,214430.119999999],[445775.36,212768.810000001],[446597.65,212068.560000001],[446841.7664,210125.3506]]]},"properties":{"LAD24CD":"E07000181"}},{"type":"Feature","geometry":{"type":"Polygon","coordinates":[[[403166.4,307217.5],[402738.1023,305007.102],[401006.7962,304738.898800001],[399820.8018,307883.898499999],[396588.9028,308999.999],[396403.9991,310263.1975],[397997.45,311942.199999999],[398287.0968,315407.9048],[398910.2008,317960.304199999],[401910.0014,318215.6011],[403877.5654,319571.7173],[406059.9962,317964.503],[406117.1015,317065.700300001],[404305.1009,313179.502699999],[405804.8033,312554.3016],[402851.3977,309605.095799999],[403166.4,307217.5]]]},"properties":{"LAD24CD":"E07000192"}},{"type":"Feature","geometry":{"type":"Polygon","coordinates":[[[417194.9018,330163.201099999],[418592.74,329164.109999999],[419990.21,329952.57],[420254.3966,329272.796],[421000,329712.109999999],[425229.66,328614.6],[428031.07,326086.76],[426345.7,324382.449999999],[427619.9,323602.699999999],[427816.0988,322555.698799999],[426105.397,321256.7006],[426326.3977,320493.598999999],[422587.4026,320844.0987],[420074.0029,314976.8982],[416935.001,315751.396500001],[415802.23,317049.57],[414639.9965,316489.7951],[414234.4961,317371.2028],[412412.1974,317522.499500001],[411674.5,319063.35],[412945.3973,320633.2991],[412380.0005,321742.3016],[410726.5029,322050.603399999],[409962.3012,320534.997199999],[407524.73,322535.800000001],[406708.8001,321975.7048],[403377.9026,323319.000299999],[402261.8017,325202.0013],[404359.81,327850.189999999],[404404.33,330363.59],[402743.36,330312.35],[401465.403,332868.296800001],[400116.8985,332755.699100001],[399239.5003,334348.0033],[397302.537,335560.399900001],[402038.2038,338153.9038],[404095.899,337118.9001],[405010.1031,338212.1971],[406133.0969,338048.0041],[406578.1983,338738.6964],[405103.396,340647.899900001],[409503.7027,342276.2038],[408111.5983,344146.2985],[407870.5,346982.02],[408714.39,346971.35],[409751.4008,348542.9],[411465.92,348420.17],[412629.1992,348025.598099999],[413779.82,346229.789999999],[414533.68,347493.189999999],[413855.63,349135.02],[414914.3014,349759.8017],[416261.701,348918.4025],[416042.5968,344750.5956],[411728.3026,342205.0042],[411614.59,338954.76],[409739.4,336222.25],[411656.9993,331897.2048],[415088.2969,331838.4016],[417194.9018,330163.201099999]]]},"properties":{"LAD24CD":"E07000193"}},{"type":"Feature","geometry":{"type":"Polygon","coordinates":[[[420074.0029,314976.8982],[423290.4013,313842.003],[423406.92,311287.060000001],[427293.197,311490.2962],[427835.1037,310029.304400001],[424110.42,306697.25],[421451.6,305543.1],[418874.0992,305995.698999999],[418063.1974,305237.1961],[418280.14,303920.92],[420269.45,302035.65],[420986.1166,302224.136600001],[420398.7,299271.800000001],[418439.04,298937.82],[417553.94,299642.91],[414459.3379,298918.633099999],[413878.2023,300165.597899999],[411735.3027,301227.8038],[410009.8879,300484.4748],[408730.9013,298576.7027],[407393.7008,300154.900900001],[407815.34,301960.57],[405782.5005,304172.200999999],[406519.0977,305054.2985],[405636.1134,305803.342900001],[406125.1982,306532.4954],[404583.39,307096.57],[403786.91,306510.710000001],[403166.4,307217.5],[402851.3977,309605.095799999],[405804.8033,312554.3016],[404305.1009,313179.502699999],[406117.1015,317065.700300001],[406059.9962,317964.503],[403877.5654,319571.7173],[402923.48,322326.130000001],[403377.9026,323319.000299999],[406708.8001,321975.7048],[407524.73,322535.800000001],[409962.3012,320534.997199999],[410726.5029,322050.603399999],[412380.0005,321742.3016],[412945.3973,320633.2991],[411674.5,319063.35],[412412.1974,317522.499500001],[414234.4961,317371.2028],[414639.9965,316489.7951],[415802.23,317049.57],[416935.001,315751.396500001],[420074.0029,314976.8982]]]},"properties":{"LAD24CD":"E07000194"}},{"type":"Feature","geometry":{"type":"Polygon","coordinates":[[[387965.24,354750.300000001],[386799.81,355074.84],[384100.6034,352925.5955],[386512.1024,346979.797499999],[385637.5487,346462.070599999],[386377.5018,342690.395300001],[385828.5012,342600.4246],[381951.7014,340711.6017],[381417.1524,339350.8202],[382343.96,336283.26],[378593.6035,337271.7963],[376742.36,335243.15],[376033.91,335740.439999999],[374600.43,335119.9],[374602.2024,332762.2972],[370459.1004,331618.604499999],[370071.51,330817.32],[368432.8,334372.1],[370749.79,338585.560000001],[371531.48,339264.220000001],[372849.92,338956.77],[372360.98,340567.4],[374149.903,339605.8982],[374599.399,342145.201300001],[375339.0965,342507.797499999],[374540.3974,344631.399700001],[374394.8968,345675.2009],[375245.78,346420.84],[374326.504,347720.395400001],[374526.29,350646],[376800.3027,351045.503599999],[378792.01,353843.83],[380443.8034,353494.002699999],[383138.0998,355224.7974],[383526.65,354766.550000001],[385953.4007,357646.1043],[387965.24,354750.300000001]]]},"properties":{"LAD24CD":"E07000195"}},{"type":"Feature","geometry":{"type":"Polygon","coordinates":[[[398287.0968,315407.9048],[397997.45,311942.199999999],[396403.9991,310263.1975],[396588.9028,308999.999],[399820.8018,307883.898499999],[401006.7962,304738.898800001],[398097.55,303096.310000001],[398053.8116,302130.103399999],[396663.1001,302527.901699999],[394611.8031,301571.195499999],[393245.0028,304147.8979],[391188.0003,304437.095100001],[388699.4017,302480.7951],[388641.9996,301296.1042],[386796.5983,300997.899599999],[387279.7011,299012.097999999],[386091.95,298608.4],[387875.2007,297423.2028],[388195.1997,295186.802999999],[391046.0038,295142.795600001],[390899.4973,292962.1998],[389769.8992,291989.498199999],[390310.701,291029.303099999],[387067.65,289521.5],[388723.9967,285967.901900001],[388103.8032,284109.603800001],[388887.9992,281369.3982],[388692.2038,280655.3026],[381775.9002,282326.5042],[380049.9039,283482.5033],[380567.9988,284188.9011],[378860.6033,287966],[380321.0015,290459.496200001],[382392.301,291833.402899999],[381833.797,292568.102600001],[382705.72,293794.390000001],[380944.0972,295097.398600001],[382343.0038,296834.501399999],[379754.4998,299510.6953],[378282.6987,299584.804099999],[378172.0994,301734.0989],[381027.3971,300934.5977],[382749.9965,301364.704600001],[384339.8009,305574.7995],[384220.0002,306482.899599999],[383342.4041,306575.503],[383951.9038,307356.6994],[383351.98,309510.310000001],[379610.4998,309514.6017],[378476.3999,310903.904100001],[378148.5021,312010.8972],[379252.4993,313720.297900001],[378783.41,315078.789999999],[379018.7577,315956.315099999],[381533.53,316159.210000001],[383521.84,313085.109999999],[385457.1963,315051.796700001],[387390.22,315039.74],[388082.06,316275.789999999],[389249.28,316132.08],[390179.38,320559.77],[392375.824,319022.217],[393424.86,319514.1],[393678.7013,320986.697899999],[395646.6984,319550.9989],[394957.7988,318819.7982],[397168.0029,318192.9976],[398287.0968,315407.9048]]]},"properties":{"LAD24CD":"E07000196"}},{"type":"Feature","geometry":{"type":"Polygon","coordinates":[[[394178.8665,341834.4945],[397205.8972,339329.2974],[395861.84,336117.48],[397302.537,335560.399900001],[399239.5003,334348.0033],[400116.8985,332755.699100001],[401465.403,332868.296800001],[402743.36,330312.35],[404404.33,330363.59],[404359.81,327850.189999999],[402261.8017,325202.0013],[403377.9026,323319.000299999],[402923.48,322326.130000001],[403877.5654,319571.7173],[401910.0014,318215.6011],[398910.2008,317960.304199999],[398287.0968,315407.9048],[397168.0029,318192.9976],[394957.7988,318819.7982],[395646.6984,319550.9989],[393678.7013,320986.697899999],[393424.86,319514.1],[392375.824,319022.217],[390179.38,320559.77],[389249.28,316132.08],[388082.06,316275.789999999],[387390.22,315039.74],[385457.1963,315051.796700001],[383521.84,313085.109999999],[381533.53,316159.210000001],[379018.7577,315956.315099999],[374131.08,321403.27],[375058.77,322034.18],[374641.6962,323853.8971],[372043.6032,325577.3038],[373571.6027,326638.200200001],[374602.2024,332762.2972],[374600.43,335119.9],[376033.91,335740.439999999],[376742.36,335243.15],[378593.6035,337271.7963],[382343.96,336283.26],[381417.1524,339350.8202],[381951.7014,340711.6017],[385828.5012,342600.4246],[387897.05,338766.119999999],[388218.08,339603.58],[389173.3031,339564.800000001],[390312.8035,342092.5964],[391339.7011,341541.7041],[391924.2018,339862.004899999],[394641.36,341061.17],[394178.8665,341834.4945]]]},"properties":{"LAD24CD":"E07000197"}},{"type":"Feature","geometry":{"type":"Polygon","coordinates":[[[406865.27,366998.85],[409396.99,365715.42],[412628.06,361933.93],[412014.46,359960.52],[414579.82,356215.560000001],[413877.8972,354593.2981],[415132.8038,351366.501700001],[414914.3014,349759.8017],[413855.63,349135.02],[414533.68,347493.189999999],[413779.82,346229.789999999],[412629.1992,348025.598099999],[411465.92,348420.17],[409751.4008,348542.9],[408714.39,346971.35],[407870.5,346982.02],[408111.5983,344146.2985],[409503.7027,342276.2038],[405103.396,340647.899900001],[406578.1983,338738.6964],[406133.0969,338048.0041],[405010.1031,338212.1971],[404095.899,337118.9001],[402038.2038,338153.9038],[397302.537,335560.399900001],[395861.84,336117.48],[397205.8972,339329.2974],[394178.8665,341834.4945],[394776.1024,341906.299699999],[393920.95,343138.65],[394156.11,344417.460000001],[393048.9,344484.85],[393154.9997,345953.101299999],[391795.25,347149.1],[391262.8984,350013.9989],[392281.6994,350089.997199999],[391695.7042,351935.6634],[389302.9,352548.85],[388597.8968,354704.5963],[387965.24,354750.300000001],[385953.4007,357646.1043],[389696.76,362512.33],[390640.38,362172.060000001],[390717.17,365202.01],[392618.65,363506.18],[395403.36,363838.210000001],[397016.4,366186.890000001],[399980.22,366205.73],[400939.8642,368502.888699999],[402609.702,369909.503900001],[402988.1998,368519.7017],[406865.27,366998.85]]]},"properties":{"LAD24CD":"E07000198"}},{"type":"Feature","geometry":{"type":"Polygon","coordinates":[[[420398.7,299271.800000001],[420986.1166,302224.136600001],[420269.45,302035.65],[418280.14,303920.92],[418063.1974,305237.1961],[418874.0992,305995.698999999],[421451.6,305543.1],[424110.42,306697.25],[424930.4,305143.68],[424285.16,304859.630000001],[424221.9035,300676.3017],[422747.1012,299434.1972],[420398.7,299271.800000001]]]},"properties":{"LAD24CD":"E07000199"}},{"type":"Feature","geometry":{"type":"MultiPolygon","coordinates":[[[[625559.8591,235173.181600001],[625724.3903,234738.955399999],[625594.31,234823.779999999],[625559.8591,235173.181600001]]],[[[616594.5973,242075.695900001],[616789.2046,241770.488399999],[616197.0696,241940.866800001],[616594.5973,242075.695900001]]],[[[585789.903,256922.796],[586316.3007,255363.9022],[587358.3032,255945.095799999],[587652.9982,254771.401799999],[588832.6026,254613.696900001],[589412.1974,256583.1032],[590646.1038,256952.6974],[592539.7965,256228.3048],[593388.3039,255354.095000001],[596299.0991,255801.4969],[597219.5035,254626.703199999],[598047.7034,254991.298900001],[597976.2022,254185.8994],[601068.8999,255097.498500001],[602204.5004,249913.202400001],[603698.1015,249567.101500001],[603589.0028,248309.4015],[605837.497,248729.3013],[608172.5,245464.4],[608842.5991,246570.7992],[610174.4981,245210.298599999],[613186.99,245968.34],[614109.8987,244947.403899999],[613170.8027,243235.9038],[613616.2009,241924.8991],[614779.0019,241459.9022],[616147.6133,241924.092800001],[617401.7303,240809.8487],[617588.9022,240516.302300001],[618138.1915,240155.525800001],[618313.2575,239999.985099999],[619999.9683,238501.3948],[620584.98,237981.630000001],[624431.97,237191.029999999],[625154.345,233851.0495],[624939.0561,233788.407400001],[622894.565,234178.499],[621344.48,233159.529999999],[620000.0008,233280.835100001],[619133.72,233358.994999999],[617394.12,234960.73],[615199.7,232964.199999999],[612106.8,233443.199999999],[610976.0442,232438.923900001],[609493.1015,233387.402899999],[607934.4963,232810.3981],[606106.5993,233744.3007],[604209.1963,233492.7028],[603565.8012,235109.9998],[602243.6975,234335.2016],[601005.61,234894.880000001],[598580.6,234492.699999999],[595922.5966,232978.199999999],[594131.1015,233775.002],[593218.9009,232865.102399999],[591174.0158,233434.2158],[590525.0004,233845.0019],[590636.3004,235204.1029],[589596.7961,235480.503799999],[589647.6022,236824.698999999],[588039.5019,238235.395199999],[588098.0996,240520.601],[586314.7011,240021.304],[585038.4976,241308.0956],[585198.7981,242331.3027],[586353.8981,242402.102499999],[585388.0964,244212.904100001],[585971.8962,245010.695800001],[583998.5975,246577.0974],[582134.4964,246338.4957],[579903.6961,251106.300899999],[581041.9021,254620.095100001],[584220.8019,254448.0044],[584563.4007,257102.704500001],[585789.903,256922.796]]]]},"properties":{"LAD24CD":"E07000200"}},{"type":"Feature","geometry":{"type":"MultiPolygon","coordinates":[[[[617723.1388,240524.2873],[617588.9022,240516.302300001],[617401.7303,240809.8487],[617723.1388,240524.2873]]],[[[616432.7963,248081.196900001],[616917.3008,247071.695800001],[618668.8981,247254.203600001],[619884.0964,245477.302200001],[619695.5978,242497.895099999],[621230.4984,241684.198000001],[620303.803,240677.7961],[618457.4467,240567.967],[618198.9249,240671.922700001],[617293.7485,241557.897],[616906.4444,241736.7543],[616789.2046,241770.488399999],[616594.5973,242075.695900001],[616197.0696,241940.866800001],[616096.0023,241969.9475],[616147.6133,241924.092800001],[614779.0019,241459.9022],[613616.2009,241924.8991],[613170.8027,243235.9038],[614109.8987,244947.403899999],[613186.99,245968.34],[613217.5,247996.199999999],[615112.3002,247983.9047],[615340.4988,248670.698100001],[616432.7963,248081.196900001]]]]},"properties":{"LAD24CD":"E07000202"}},{"type":"Feature","geometry":{"type":"Polygon","coordinates":[[[616432.7963,248081.196900001],[615340.4988,248670.698100001],[615112.3002,247983.9047],[613217.5,247996.199999999],[613186.99,245968.34],[610174.4981,245210.298599999],[608842.5991,246570.7992],[608172.5,245464.4],[605837.497,248729.3013],[603589.0028,248309.4015],[603698.1015,249567.101500001],[602204.5004,249913.202400001],[601068.8999,255097.498500001],[597976.2022,254185.8994],[598047.7034,254991.298900001],[597219.5035,254626.703199999],[596299.0991,255801.4969],[593388.3039,255354.095000001],[592539.7965,256228.3048],[594001.2995,257558.903899999],[594070.7971,259028.5032],[592463.9007,259920.097999999],[593129.9037,263850.203],[591060.0966,265135.395099999],[591129.0995,266639.604599999],[592921.4026,266909.8972],[594181.3964,266211.3971],[594058.7016,267122.7963],[594993.7987,267205.8025],[594018.3998,269002.1983],[596036.7,270706.8003],[597002.8975,269989.195800001],[596668.6015,270802.0031],[597847.703,270713.0985],[599896.3038,272349.700099999],[599462.0036,273946.203199999],[599900.5006,274896.0013],[601555.6143,275478.312799999],[601201.7301,277210.3401],[602112.2959,278815.7994],[606326.7055,279951.825300001],[608929.75,280038.460000001],[618954.8038,277895.8025],[622016.5,279783.0023],[623703.1015,282041.9957],[625778.047,281767.064999999],[627773.6506,283754.861199999],[629710.7993,282763.199200001],[632232.4028,279381.397299999],[628820.1018,276325.702],[628902.9977,274645.103],[630771.3038,273451.9046],[630865.5036,271611.001499999],[632102.7987,270732.2031],[629027.0034,269293.8048],[628220.1994,270149.199999999],[628357.2983,271416.2973],[626987.9998,271918.5035],[627992.3967,270401.4977],[627985.0998,268337.398600001],[625376.7994,267447.903200001],[624495.3035,265349.8038],[621867.46,263908.810000001],[621622.1965,260898.398],[622658.5017,260567.602700001],[622534.9,259422.000600001],[621643.6007,257409.896500001],[619893.7019,256898.6029],[618481.0014,253877.997500001],[617022.9035,252841.0044],[617642.0994,251692.903000001],[616432.7963,248081.196900001]]]},"properties":{"LAD24CD":"E07000203"}},{"type":"Feature","geometry":{"type":"Polygon","coordinates":[[[517139.496,167412.498],[517897.4974,165729.4998],[516362.5968,162360.5041],[516401.596,160201.801999999],[514375.74,158239.630000001],[511823.42,158293.140000001],[512017.1,156650.689999999],[511281.8995,156292.201199999],[510968.3975,157203.4003],[508844.0988,157326.1952],[508398.2965,159484.397399999],[508985.1965,159864.5986],[507224.9996,160107.099099999],[507108.9998,161290.100500001],[505867.75,162239.699999999],[506840.9034,163060.003900001],[506231.2966,163883.1983],[507410.1012,165741.0964],[508459.3017,166792.895400001],[509195.8001,166159.796599999],[510720.8973,168491.899],[512535.7012,168963.404100001],[514211.0976,169374.996200001],[516440.1004,167192.900900001],[517139.496,167412.498]]]},"properties":{"LAD24CD":"E07000207"}},{"type":"Feature","geometry":{"type":"Polygon","coordinates":[[[524049.79,160469.68],[522533.5,159485.550000001],[522307.15,156888.800000001],[521094.8991,157032.499199999],[520567.6027,156217.3026],[518090.5193,160915.418199999],[519254.67,163952.380000001],[521121.2,165939.6],[522231.2007,166017.803200001],[522241.54,164552.712099999],[523844.2972,163500.4978],[524262.2971,161986.4012],[523406.0969,161201.8958],[524049.79,160469.68]]]},"properties":{"LAD24CD":"E07000208"}},{"type":"Feature","geometry":{"type":"Polygon","coordinates":[[[512017.1,156650.689999999],[512624.29,152982.09],[512003.3011,149966.002],[509367.8992,150133.604],[510016.9999,149081.395199999],[509174.7999,146766.797800001],[511210.3983,144921.396],[511351.35,143031.84],[510649.57,142750.369999999],[508854.28,143853.539999999],[507954.15,142870.289999999],[504560.5009,143769.8956],[504490.69,146144.91],[502600.0975,147050.5965],[501016.7984,145440.6974],[499745.17,145311.109999999],[499519.1985,144171.500700001],[498368.31,144508.1],[498966.57,145313.890000001],[498426.4,145795.85],[496907.4022,146340.0999],[495497.2,145652.296800001],[495768.66,143651.15],[494597.9029,142713.198100001],[493479.9963,145407.9967],[491756.71,144087.369999999],[490460.3004,145628.103700001],[488711.1024,144953.696799999],[487526.69,146467.99],[487684.5016,148666.304],[488767.2018,151538.8018],[488599,154231.65],[490504.7,154689.4999],[491570.9,158006.800000001],[494411.1917,157843.9387],[494351.1035,157005.097100001],[496467.8993,154636.695],[497668.67,155034.029999999],[501652.5998,152822.804300001],[502346.1001,153749.399],[501274.201,154946.396400001],[501863.7,156779.949999999],[502599.3,156409.060000001],[503922.2013,158165.604900001],[504595.6991,157449.899800001],[506342.2009,158575.6975],[505370.9987,160061.702099999],[507224.9996,160107.099099999],[508985.1965,159864.5986],[508398.2965,159484.397399999],[508844.0988,157326.1952],[510968.3975,157203.4003],[511281.8995,156292.201199999],[512017.1,156650.689999999]]]},"properties":{"LAD24CD":"E07000209"}},{"type":"Feature","geometry":{"type":"Polygon","coordinates":[[[520567.6027,156217.3026],[521101.3962,152787.0045],[523896.45,152010.550000001],[522236.76,149000],[523322.3,148496],[524069.0106,147397.5397],[523410.9038,146689.1],[524977.8035,145306.4958],[522885.9,144828.1],[522891.1,144085.6],[525252.6031,142975.603],[526617.4988,144022.0035],[527574.099,142425.2005],[525127.5008,141097.3006],[524999.9992,140316.304199999],[522147.29,139772.460000001],[522199.8485,139207.240700001],[519038.3005,137535.100299999],[512678.0027,136477.1032],[510768.244,135176.351299999],[510649.57,142750.369999999],[511351.35,143031.84],[511210.3983,144921.396],[509174.7999,146766.797800001],[510016.9999,149081.395199999],[509367.8992,150133.604],[512003.3011,149966.002],[512624.29,152982.09],[512017.1,156650.689999999],[511823.42,158293.140000001],[514375.74,158239.630000001],[516401.596,160201.801999999],[518090.5193,160915.418199999],[520567.6027,156217.3026]]]},"properties":{"LAD24CD":"E07000210"}},{"type":"Feature","geometry":{"type":"Polygon","coordinates":[[[528553.728,159655.540999999],[528694.1988,157410.201099999],[529955.36,157385.220000001],[530897.3863,155854.3116],[530794.1994,153063.895199999],[529507.4999,151875.0955],[528910,149563.75],[529626.3,147358.6],[530302.802,147522.501399999],[529839.8006,144672.0974],[531004.0032,142310.0035],[530127.0997,141732.198899999],[527574.099,142425.2005],[526617.4988,144022.0035],[525252.6031,142975.603],[522891.1,144085.6],[522885.9,144828.1],[524977.8035,145306.4958],[523410.9038,146689.1],[524069.0106,147397.5397],[523322.3,148496],[522236.76,149000],[523896.45,152010.550000001],[521101.3962,152787.0045],[520567.6027,156217.3026],[521094.8991,157032.499199999],[522307.15,156888.800000001],[522533.5,159485.550000001],[524049.79,160469.68],[525650.7983,162043.504899999],[528553.728,159655.540999999]]]},"properties":{"LAD24CD":"E07000211"}},{"type":"Feature","geometry":{"type":"Polygon","coordinates":[[[502778.9,171735.25],[503650.5,171123.4],[503539.1028,169738.902100001],[504888.1019,169173.104],[505497.9974,166437.097200001],[506056.8971,166797.604],[507410.1012,165741.0964],[506231.2966,163883.1983],[506840.9034,163060.003900001],[505867.75,162239.699999999],[503493.1036,161020.0978],[501179.6961,161993.099300001],[500683.6979,163531.299000001],[499679.1,163332.5],[499356.7,164495.699999999],[496215.7983,166832.903899999],[497813.86,172346.32],[499346.2006,173414.199999999],[502778.9,171735.25]]]},"properties":{"LAD24CD":"E07000212"}},{"type":"Feature","geometry":{"type":"Polygon","coordinates":[[[503603.77,175523.73],[507181.85,174166.5],[507381.3012,172142.0042],[511947.9613,170483.247],[512535.7012,168963.404100001],[510720.8973,168491.899],[509195.8001,166159.796599999],[508459.3017,166792.895400001],[507410.1012,165741.0964],[506056.8971,166797.604],[505497.9974,166437.097200001],[504888.1019,169173.104],[503539.1028,169738.902100001],[503650.5,171123.4],[502778.9,171735.25],[501489.2981,174217.9],[502587.903,175761.3982],[503603.77,175523.73]]]},"properties":{"LAD24CD":"E07000213"}},{"type":"Feature","geometry":{"type":"Polygon","coordinates":[[[501179.6961,161993.099300001],[499231.4,160652.1],[495817,160417.1],[496018.4033,158766.003],[494411.1917,157843.9387],[491570.9,158006.800000001],[490504.7,154689.4999],[488599,154231.65],[487630.4965,157435.104],[486306.9003,158462.199999999],[485406.9024,159918.6031],[488139.2992,163641.497400001],[492812.7977,165900.300899999],[496383.9975,165851.7048],[496215.7983,166832.903899999],[499356.7,164495.699999999],[499679.1,163332.5],[500683.6979,163531.299000001],[501179.6961,161993.099300001]]]},"properties":{"LAD24CD":"E07000214"}},{"type":"Feature","geometry":{"type":"Polygon","coordinates":[[[539593.5637,160795.7805],[540596.2001,156667.2038],[541795.6998,158451.2031],[542502.9034,156818.600500001],[543747.7015,151857.400599999],[542130.8038,148091.0987],[543562.501,144379.201199999],[543499.5994,140151.701300001],[541923.4246,139796.2212],[530379.5965,139748.296800001],[530654.998,141616.1021],[530127.0997,141732.198899999],[531004.0032,142310.0035],[529839.8006,144672.0974],[530302.802,147522.501399999],[529626.3,147358.6],[528910,149563.75],[529507.4999,151875.0955],[530794.1994,153063.895199999],[530897.3863,155854.3116],[533161.4,157546.699999999],[533966.35,159603.4],[535881.9809,159952.3906],[536766.4,161786.699999999],[539593.5637,160795.7805]]]},"properties":{"LAD24CD":"E07000215"}},{"type":"Feature","geometry":{"type":"Polygon","coordinates":[[[486959.8561,134505.3006],[487664.3012,134515.8046],[487911.8,135516.5],[486225.86,136050.210000001],[484420.47,139635.43],[483651.86,140249.369999999],[481641.57,139350.529999999],[482192.9034,143114.0034],[480500.2473,146354.7674],[483524.1015,150221.898800001],[483745.1021,149555.1996],[485534.5,149909.35],[487684.5016,148666.304],[487526.69,146467.99],[488711.1024,144953.696799999],[490460.3004,145628.103700001],[491756.71,144087.369999999],[493479.9963,145407.9967],[494597.9029,142713.198100001],[495768.66,143651.15],[495497.2,145652.296800001],[496907.4022,146340.0999],[498426.4,145795.85],[498966.57,145313.890000001],[498368.31,144508.1],[499519.1985,144171.500700001],[499745.17,145311.109999999],[501016.7984,145440.6974],[502600.0975,147050.5965],[504490.69,146144.91],[504560.5009,143769.8956],[507954.15,142870.289999999],[508854.28,143853.539999999],[510649.57,142750.369999999],[510768.244,135176.351299999],[505688.4543,133874.110400001],[504773.2977,133167.9004],[502688.4021,133717.5031],[502419.5966,132427.202400001],[499719.2979,132888.9003],[498345.25,132086.439999999],[496088.1977,133080.195499999],[491403.7992,131048.3971],[487401.7066,132643.4618],[486959.8561,134505.3006]]]},"properties":{"LAD24CD":"E07000216"}},{"type":"Feature","geometry":{"type":"Polygon","coordinates":[[[507224.9996,160107.099099999],[505370.9987,160061.702099999],[506342.2009,158575.6975],[504595.6991,157449.899800001],[503922.2013,158165.604900001],[502599.3,156409.060000001],[501863.7,156779.949999999],[501274.201,154946.396400001],[502346.1001,153749.399],[501652.5998,152822.804300001],[497668.67,155034.029999999],[496467.8993,154636.695],[494351.1035,157005.097100001],[494411.1917,157843.9387],[496018.4033,158766.003],[495817,160417.1],[499231.4,160652.1],[501179.6961,161993.099300001],[503493.1036,161020.0978],[505867.75,162239.699999999],[507108.9998,161290.100500001],[507224.9996,160107.099099999]]]},"properties":{"LAD24CD":"E07000217"}},{"type":"Feature","geometry":{"type":"Polygon","coordinates":[[[430408.8984,307841.400699999],[430915.4997,305302.997300001],[429105.7995,304253.297800001],[430263.7,301978.800000001],[429853.4,299902.42],[432135.1999,298428.2952],[432446.96,297060.880000001],[436711.7035,294995.4978],[434913.0022,293736.3982],[430212.4,292753.300000001],[430408.67,290703.91],[433074.64,287338.439999999],[433050.4016,286590.603700001],[430991.2966,286175.602499999],[431999.5026,285932.702],[431352.54,285304.26],[429915.1017,284229.6994],[427962.597,284962.399700001],[427584.1982,284293.701099999],[425611.6003,285130.601600001],[424458.3966,282870.298599999],[423051.0966,282977.8978],[422763.4017,281994.599300001],[422044.4983,282089.801999999],[416824,290590.5],[416801.1012,291508.296],[418491.3964,291886.897600001],[417117.7033,292645.000600001],[416639.803,295308.598200001],[415400.4962,296333.004899999],[416118.35,297034.16],[414459.3379,298918.633099999],[417553.94,299642.91],[418439.04,298937.82],[420398.7,299271.800000001],[422747.1012,299434.1972],[424221.9035,300676.3017],[424285.16,304859.630000001],[424930.4,305143.68],[424110.42,306697.25],[427835.1037,310029.304400001],[430408.8984,307841.400699999]]]},"properties":{"LAD24CD":"E07000218"}},{"type":"Feature","geometry":{"type":"Polygon","coordinates":[[[439618.9038,293111.9969],[438853.3004,291074.100299999],[440444.3993,290746.903899999],[440507.5977,286658.5042],[440150.8999,285564.1975],[438300.9967,285714.204500001],[436855.9013,284269.3981],[434615.3,284636.34],[433736.6,283680.949999999],[431352.54,285304.26],[431999.5026,285932.702],[430991.2966,286175.602499999],[433050.4016,286590.603700001],[433074.64,287338.439999999],[430408.67,290703.91],[430212.4,292753.300000001],[434913.0022,293736.3982],[436711.7035,294995.4978],[439618.9038,293111.9969]]]},"properties":{"LAD24CD":"E07000219"}},{"type":"Feature","geometry":{"type":"Polygon","coordinates":[[[445909.1406,289451.126800001],[447218.896,288611.495200001],[454419.7193,277932.977399999],[456285.0003,273454.7038],[452290.94,272312.119999999],[450161.2038,270281.801999999],[454001.5966,268858.6994],[452357.3995,266073.796499999],[453623.18,263424.550000001],[452454.5016,261951.296599999],[450641.54,262287.34],[448691.2001,264178.4991],[447261.0036,262367.897299999],[441750.4994,267144.300100001],[439684.7983,267449.502699999],[440518.32,269171.76],[438533.796,270183.800100001],[437996.6962,272083.896199999],[437140.2982,272215.498500001],[437689.5018,272987.1976],[436537.4029,273468],[436586.1972,275157.996200001],[438785.1,277792.800000001],[438328.8,279297.800000001],[439262.0988,281820.698999999],[436855.9013,284269.3981],[438300.9967,285714.204500001],[440150.8999,285564.1975],[440507.5977,286658.5042],[440444.3993,290746.903899999],[438853.3004,291074.100299999],[439618.9038,293111.9969],[445909.1406,289451.126800001]]]},"properties":{"LAD24CD":"E07000220"}},{"type":"Feature","geometry":{"type":"Polygon","coordinates":[[[415369.3156,272232.3708],[416346.0975,267790.6951],[418249.8986,266185.604499999],[418934.1974,266738.0964],[421551.7982,265007.0019],[422768.3982,265312.4045],[422172.7997,263558.4965],[422675.0971,262253.300100001],[424263.9039,262290.8994],[425951.8613,260766.8726],[425713.67,260089.960000001],[426936.4003,260037.6044],[425649.6018,258739.9958],[425975.8012,257353.7026],[427280.9036,258634.2961],[429173.7965,257637.2015],[430143.0035,259361.597899999],[432323.6984,258652.7008],[433281.4035,260514.897700001],[434241.3018,260049.1011],[435746.7015,262746.198999999],[438633.8004,263996.701099999],[437711.2028,266357.1954],[439329.9968,266393.1951],[439684.7983,267449.502699999],[441750.4994,267144.300100001],[447261.0036,262367.897299999],[448691.2001,264178.4991],[450641.54,262287.34],[452454.5016,261951.296599999],[450163.84,259924.220000001],[448939.5,260267.199999999],[451017.1978,255770.695800001],[447050.4,254912.4014],[445790.299,252455.4047],[444673.8023,248735.2996],[443479.2991,248829.602600001],[441636.6021,246910.402000001],[443175.7984,246764.603700001],[444086.8034,244967.998],[442201.0013,244154.7008],[439408.3991,246812.899900001],[437522.8031,246215.400900001],[437965.2001,244507.5998],[435899.4001,244906.695499999],[435185.7983,244079.202400001],[432857.3023,233261.5989],[430499.1983,232669.8983],[431033.76,231470.67],[430075.3033,231041.5044],[427550.3028,231016.001700001],[428149.7022,230297.2974],[426736.004,228615.9987],[423049.2002,232166.4024],[423044.36,233269.279999999],[426334.68,237288.640000001],[425855.3,237904.26],[423159.2,237036.1],[421086.4964,237945.7981],[421447.2014,239315.9959],[420318,240178.9],[420541.9,241648.1],[419762.4,240946.300000001],[418557,241691.199999999],[418689.5005,244675.8016],[417504.18,243860.630000001],[416004.6346,246052.2048],[416708.303,246428.899800001],[414405.8037,246894.3967],[414775.504,248215.1985],[413206.6998,249080.300899999],[412195.8965,248689.2028],[412184.4029,249750.598999999],[411065.6965,250503.103599999],[410075.7038,248922.3961],[409200.9028,250532.0953],[407637.4001,250886.004000001],[407333.7015,249999.9976],[407957.3992,249845.401900001],[406703.3996,248352.8991],[405443.1001,250520.7356],[403906.8975,250783.903200001],[404508.9024,252366.5002],[402804.3019,252266.798699999],[404087.0026,253239.2004],[404498.6,256210.800000001],[405735.0996,257776.4016],[404560.3021,261538.504699999],[404367.4108,264219.9583],[405829.3984,264099.9016],[407838.08,265401.08],[408212.5,268089.4],[409053.92,268503.16],[409303.96,270564.630000001],[407657.1965,273674.900699999],[408810.43,274401.57],[413183.3003,274299.801899999],[415369.3156,272232.3708]]]},"properties":{"LAD24CD":"E07000221"}},{"type":"Feature","geometry":{"type":"Polygon","coordinates":[[[436586.1972,275157.996200001],[436537.4029,273468],[437689.5018,272987.1976],[437140.2982,272215.498500001],[437996.6962,272083.896199999],[438533.796,270183.800100001],[440518.32,269171.76],[439684.7983,267449.502699999],[439329.9968,266393.1951],[437711.2028,266357.1954],[438633.8004,263996.701099999],[435746.7015,262746.198999999],[434241.3018,260049.1011],[433281.4035,260514.897700001],[432323.6984,258652.7008],[430143.0035,259361.597899999],[429173.7965,257637.2015],[427280.9036,258634.2961],[425975.8012,257353.7026],[425649.6018,258739.9958],[426936.4003,260037.6044],[425713.67,260089.960000001],[425951.8613,260766.8726],[424263.9039,262290.8994],[422675.0971,262253.300100001],[422172.7997,263558.4965],[422768.3982,265312.4045],[421551.7982,265007.0019],[418934.1974,266738.0964],[418249.8986,266185.604499999],[416346.0975,267790.6951],[415369.3156,272232.3708],[415103.38,274045.880000001],[417400.92,273007.880000001],[418122.9988,274699.5974],[419126.9999,274982.0966],[419266.0163,273119.418299999],[420947.0972,272591.800799999],[421591.55,273944.16],[423186.9999,274232.101199999],[424040.8997,273243.204299999],[425800.0989,274300.001800001],[427245.7962,276881.2029],[429526.0008,276381.396],[430574.4015,274074.396400001],[432453.5004,275811.4991],[433190.38,274661.619999999],[433826.501,275643.397299999],[436586.1972,275157.996200001]]]},"properties":{"LAD24CD":"E07000222"}},{"type":"Feature","geometry":{"type":"Polygon","coordinates":[[[523604.0031,108612.2994],[525682.2505,104638.105699999],[523234.1858,104859.3993],[523414.8102,104437.9903],[522167.2213,104374.471000001],[521384.645,104437.343],[519999.9871,104030.7873],[517551.1522,103311.773700001],[517517.3446,103303.619200001],[515919.4001,104351.199100001],[514993.0015,108050.3002],[515159.5022,109610.8035],[516856.4018,108324.501700001],[522790.9989,108429.1018],[522856.5966,109455.9979],[523604.0031,108612.2994]]]},"properties":{"LAD24CD":"E07000223"}},{"type":"Feature","geometry":{"type":"Polygon","coordinates":[[[501838.5012,112335.503599999],[502574.0019,111204.0975],[501304.9,110801.609999999],[502182.6995,109958.604],[502921.5972,110655.5045],[503870.3976,110314.1022],[505581.8991,112228.404300001],[506093.299,110612.4968],[506774.83,112167.439999999],[507256.4997,110612.4077],[508078.2,110511.5],[508996.5994,111807.704700001],[509841.6303,109834.6938],[510489.69,111562.66],[511818.13,110872],[511730.8018,110099.2037],[513137.16,111655.619999999],[514044.399,110817.4981],[515174.5,111163.4991],[515159.5022,109610.8035],[514993.0015,108050.3002],[513992.1995,108321.602600001],[512069.2039,107066.7018],[511099.0982,107932.7039],[511180.3038,105758.6962],[509513.103,105631.9025],[510328.0153,101569.521199999],[510306.7668,101564.396],[502842.06,101090.300000001],[501855.8496,100849.4428],[500992.68,100808.16],[496897.2325,99638.4247999992],[491599.31,98344.5399999991],[490860.3089,97914.1684000008],[489951.847,97654.6950000003],[489366.405,97044.1645999998],[488093.6335,96302.9415000007],[488036.7929,96400.1320999991],[488038.0828,96403.0465999991],[488119.6111,96494.1089999992],[488166.805,96546.8217999991],[488182.9827,96564.8912000004],[488197.0643,96580.6088999994],[488213.4763,96597.3563000001],[488224.5318,96635.7387000006],[487316.1739,97762.2914000005],[487266.187,97717.7741999999],[487190.9028,97846.5010000002],[488231.2976,98738.1958000008],[487843.3015,99752.5954],[489270.703,100107.9037],[489242.0019,101862.601399999],[490351.5975,101415.0995],[492394.7978,102292.5984],[492171.9009,106386.896400001],[492912.5959,107915.698799999],[495071.2024,108361.701099999],[494669.099,112662.899900001],[495084.4027,112040.098200001],[497310.0993,112698.6996],[501838.5012,112335.503599999]]]},"properties":{"LAD24CD":"E07000224"}},{"type":"Feature","geometry":{"type":"MultiPolygon","coordinates":[[[[488093.6335,96302.9415000007],[487959.1034,96224.5953000002],[488036.7929,96400.1320999991],[488093.6335,96302.9415000007]]],[[[505688.4543,133874.110400001],[506715.956,130783.171],[506333.4034,129701.002800001],[506929.2987,129665.1031],[506383.5994,127942.1962],[507152.5008,127163.599099999],[506995.5973,125726.1006],[506293.3984,124504.500299999],[504582.6966,124215.1031],[504114.7977,123175.1008],[504861.0004,122297.602],[503634.3992,121884.5002],[503091.701,117780.7049],[501969.82,118170.75],[500662.25,116882.85],[501582.4014,114773.2958],[502939.3982,114052.1022],[501926.5,113638.689999999],[501838.5012,112335.503599999],[497310.0993,112698.6996],[495084.4027,112040.098200001],[494669.099,112662.899900001],[495071.2024,108361.701099999],[492912.5959,107915.698799999],[492171.9009,106386.896400001],[492394.7978,102292.5984],[490351.5975,101415.0995],[489242.0019,101862.601399999],[489270.703,100107.9037],[487843.3015,99752.5954],[488231.2976,98738.1958000008],[487190.9028,97846.5010000002],[487266.187,97717.7741999999],[485661.17,96288.3800000008],[486712.946,96712.3159999996],[487447.219,95352.1919999998],[488190.2891,96040.6591999996],[488268.9205,95978.2896999996],[485876.071,92560.0018000007],[485566.0287,92128.9759999998],[483454.677,93913.3719999995],[483101.578,94455.9619999994],[481638.1014,95272.7614999991],[480533.756,96191.8259999994],[479027.8774,96729.5866999999],[477174.625,97763.9289999995],[476566.487,98462.0010000002],[476550.423,99386.3269999996],[477068.707,99176.3320000004],[476785.9506,98774.1543000005],[476878.1131,98534.6096000001],[477280.417,98628.3460000008],[478186.8256,100000.0034],[479185.984,101512.017999999],[480000.0139,101196.667199999],[481521.04,100607.43],[482859.076,101196.075999999],[484060.99,104121.550000001],[483629.12,104493.869999999],[483238.809,102588.289000001],[481642.612,101203.196],[480000.0131,102092.4792],[479792.255,102204.957],[480000.01,102469.8389],[481006.308,103752.841],[480298.72,103782.119999999],[480476.8,105082.800000001],[479999.9687,105101.013599999],[479665.301,105113.797],[479999.9938,103721.5394],[480008.876,103684.591],[479999.9947,103664.537799999],[479229.897,101925.721000001],[478135.351,102684.1],[477971.251,104868.226],[476627.29,105055.363],[477058.852,100454.709000001],[474586.07,102292.92],[475251.7987,105713.4991],[475110.7557,105690.979900001],[475647.001,107725.903100001],[474772.5821,108783.526900001],[473414.28,110642.970000001],[474590.0006,113712.399499999],[475721.0004,114412.199200001],[474419.3031,116472.6994],[475135.9968,116781.800899999],[476740.7001,122217.504899999],[477745.3031,123178.1],[477457.402,125316.797800001],[480516.6,127903.1974],[481176.5017,130365.4026],[484340.22,130044.5],[485500.9,131821.699999999],[487401.7066,132643.4618],[491403.7992,131048.3971],[496088.1977,133080.195499999],[498345.25,132086.439999999],[499719.2979,132888.9003],[502419.5966,132427.202400001],[502688.4021,133717.5031],[504773.2977,133167.9004],[505688.4543,133874.110400001]]]]},"properties":{"LAD24CD":"E07000225"}},{"type":"Feature","geometry":{"type":"Polygon","coordinates":[[[530127.0997,141732.198899999],[530654.998,141616.1021],[530379.5965,139748.296800001],[529957.8039,135340.498500001],[527988.1,133809.296800001],[525318.2,133442.359999999],[524772.3036,134870.303099999],[523857.43,134604.84],[523520.55,135942.949999999],[526001.8978,139298.095699999],[522199.8485,139207.240700001],[522147.29,139772.460000001],[524999.9992,140316.304199999],[525127.5008,141097.3006],[527574.099,142425.2005],[530127.0997,141732.198899999]]]},"properties":{"LAD24CD":"E07000226"}},{"type":"Feature","geometry":{"type":"Polygon","coordinates":[[[525318.2,133442.359999999],[525394.3,130981.9],[524641.31,130483.210000001],[524410.502,128408.602700001],[524953.0023,128015.995100001],[523017.2021,127478.399],[522889.5026,126523.002499999],[523772.53,126106.880000001],[523188.3036,125126.5022],[524123.9037,124983.7031],[523657.0024,118504.897600001],[524799.92,118057.51],[524327.69,116637.939999999],[524969.6,113981.619999999],[523546.2959,113456.602700001],[523320.002,109635.996300001],[523996.6,109075.196900001],[523604.0031,108612.2994],[522856.5966,109455.9979],[522790.9989,108429.1018],[516856.4018,108324.501700001],[515159.5022,109610.8035],[515174.5,111163.4991],[514044.399,110817.4981],[513137.16,111655.619999999],[511730.8018,110099.2037],[511818.13,110872],[510489.69,111562.66],[509841.6303,109834.6938],[508996.5994,111807.704700001],[508078.2,110511.5],[507256.4997,110612.4077],[506774.83,112167.439999999],[506093.299,110612.4968],[505581.8991,112228.404300001],[503870.3976,110314.1022],[502921.5972,110655.5045],[502182.6995,109958.604],[501304.9,110801.609999999],[502574.0019,111204.0975],[501838.5012,112335.503599999],[501926.5,113638.689999999],[502939.3982,114052.1022],[501582.4014,114773.2958],[500662.25,116882.85],[501969.82,118170.75],[503091.701,117780.7049],[503634.3992,121884.5002],[504861.0004,122297.602],[504114.7977,123175.1008],[504582.6966,124215.1031],[506293.3984,124504.500299999],[506995.5973,125726.1006],[507152.5008,127163.599099999],[506383.5994,127942.1962],[506929.2987,129665.1031],[506333.4034,129701.002800001],[506715.956,130783.171],[505688.4543,133874.110400001],[510768.244,135176.351299999],[512678.0027,136477.1032],[519038.3005,137535.100299999],[522199.8485,139207.240700001],[526001.8978,139298.095699999],[523520.55,135942.949999999],[523857.43,134604.84],[524772.3036,134870.303099999],[525318.2,133442.359999999]]]},"properties":{"LAD24CD":"E07000227"}},{"type":"Feature","geometry":{"type":"Polygon","coordinates":[[[539277.31,124440.17],[538765.2029,121925.998400001],[536173.5988,121678.699200001],[535290.8001,123130.4036],[532420.72,121325.119999999],[533273.42,118048.09],[532190.82,117554.949999999],[531278.1321,111341.6851],[528964.89,110629.470000001],[528901,111919.6],[527938.9681,111438.7348],[527618.6965,109239],[524849.9968,110241.0032],[523996.6,109075.196900001],[523320.002,109635.996300001],[523546.2959,113456.602700001],[524969.6,113981.619999999],[524327.69,116637.939999999],[524799.92,118057.51],[523657.0024,118504.897600001],[524123.9037,124983.7031],[523188.3036,125126.5022],[523772.53,126106.880000001],[522889.5026,126523.002499999],[523017.2021,127478.399],[524953.0023,128015.995100001],[524410.502,128408.602700001],[524641.31,130483.210000001],[525394.3,130981.9],[525318.2,133442.359999999],[527988.1,133809.296800001],[529957.8039,135340.498500001],[530379.5965,139748.296800001],[541923.4246,139796.2212],[542046.35,137336.300000001],[543213.39,136578.68],[541418.5158,135747.825200001],[540763.8964,136486.600400001],[540861.58,135573.52],[537614.1017,134514.095100001],[538324.1993,132494.903000001],[539279.9998,132393.1022],[539662.4964,130455.096899999],[541222.81,130557.42],[540077.998,129476.697000001],[540214.2971,128166.302100001],[538818.06,127099.16],[539277.31,124440.17]]]},"properties":{"LAD24CD":"E07000228"}},{"type":"Feature","geometry":{"type":"Polygon","coordinates":[[[514993.0015,108050.3002],[515919.4001,104351.199100001],[517517.3446,103303.619200001],[510328.0153,101569.521199999],[509513.103,105631.9025],[511180.3038,105758.6962],[511099.0982,107932.7039],[512069.2039,107066.7018],[513992.1995,108321.602600001],[514993.0015,108050.3002]]]},"properties":{"LAD24CD":"E07000229"}},{"type":"Feature","geometry":{"type":"Polygon","coordinates":[[[398941.4001,281632.402899999],[401046.1993,279857.401000001],[397807.696,278256.3993],[400195.2,275897.15],[403252.9982,277260.4044],[404566.8981,276579.099400001],[405969.0037,278830.604900001],[408077.7029,277982.4977],[409024.5,278529.050000001],[410608.6975,277983.7973],[408810.43,274401.57],[407657.1965,273674.900699999],[409303.96,270564.630000001],[409053.92,268503.16],[408212.5,268089.4],[407466.6037,269262.2039],[403162.8,269206.039999999],[401323.2993,267797.6031],[401177.403,265994.9991],[399958.7994,265554.2952],[399928.5978,264602.4977],[393835.41,265606.68],[394290.7981,268378.596799999],[391639.5987,268494.003799999],[392377.9027,271013.2026],[391140.6983,272118.496300001],[391396.7982,272691.802100001],[390753.197,272441.8037],[391977.704,273319.4025],[390726.3016,277327.1953],[391507.4964,278371.896199999],[390979.1034,279151.1032],[389330.8002,279041.4046],[388692.2038,280655.3026],[388887.9992,281369.3982],[390847.001,280927.504699999],[393397.1984,283038.500399999],[394331.33,281576.609999999],[395470.0975,281913.9024],[395848.9993,281049.899700001],[396304.7038,282592.898],[397521.6006,282620.100199999],[397581.501,281061.496300001],[398941.4001,281632.402899999]]]},"properties":{"LAD24CD":"E07000234"}},{"type":"Feature","geometry":{"type":"Polygon","coordinates":[[[381938.7979,269532.796399999],[381327.0968,263824.3004],[382906.496,263205.797499999],[384269.3963,261326.995300001],[383478.1012,258209.3978],[384047.2001,257050.999199999],[383098.004,256975.501],[382199.1,253772.65],[382821.6,253951.35],[383186.9478,252401.755899999],[384522.779,251729.889],[386186.9013,252135.077299999],[387124.1003,249763.5953],[388810.2978,249404.597999999],[386650.2979,247408.499399999],[389907.6,244999.9988],[389247.8961,242919.104499999],[389817.3001,241905.3047],[389255.3002,240327.1964],[388070.9961,240043.4976],[388343.9109,238814.8177],[387703.8023,238162.0962],[387957.4039,236029.396600001],[387216.8985,235644.2969],[388793.0986,233089.2982],[387687.4029,233478.096899999],[387387.2002,232471.805],[384949.2016,233027.595899999],[382827.096,229816.595000001],[381509.2962,230085.3981],[379455.7977,229852.8047],[378623.2032,230938.503900001],[377666.8009,230863.295399999],[377806.2001,233952.101299999],[375900.9974,235069.701300001],[375985.097,235939.5024],[376941.1036,243556.901900001],[375976.5963,245074.297599999],[376049.9032,249649.697899999],[374141.18,250819.550000001],[371698.11,249732.76],[370332.5564,252305.152899999],[371231.96,252759.01],[372220.5,256134.1],[373263.897,256781.6964],[372503.71,258217.07],[373853.18,258625.880000001],[371205.68,259977.91],[368341.85,259677.060000001],[367682.8976,260457.304199999],[368144.2995,262087.0977],[370891.2982,263690.998600001],[369304.0992,265310.494999999],[365770.802,264484.701400001],[366264.07,262196.35],[364192.72,261238.68],[363802.4998,261809.8971],[360898.5975,261771.3981],[357148.2985,260427.9026],[357214.3002,262740.1008],[359305.5033,264997.5046],[356448.42,265544.050000001],[354875.21,267520.49],[357953.97,267826.390000001],[360923.89,268989.050000001],[361743,268256.4],[361786.302,270705.300799999],[363367.3996,271920.302999999],[365202.6018,271125.1006],[365123.103,270247.301899999],[367264.8977,270439.8967],[366834.3,273148.5],[367771.5,274452.48],[371861.08,274546.07],[371409.5993,270634.601],[370507.4989,269482.6008],[374889.8973,269920.295499999],[375331.7996,268587.7969],[377328.4978,269031.199999999],[378912.8027,271429.703400001],[379706.2002,269403.003599999],[381431.603,270127.1963],[381938.7979,269532.796399999]]]},"properties":{"LAD24CD":"E07000235"}},{"type":"Feature","geometry":{"type":"Polygon","coordinates":[[[408212.5,268089.4],[407838.08,265401.08],[405829.3984,264099.9016],[404367.4108,264219.9583],[404560.3021,261538.504699999],[402307.51,259870.539999999],[398953.2977,259896.8047],[399036.6965,263537.002699999],[399928.5978,264602.4977],[399958.7994,265554.2952],[401177.403,265994.9991],[401323.2993,267797.6031],[403162.8,269206.039999999],[407466.6037,269262.2039],[408212.5,268089.4]]]},"properties":{"LAD24CD":"E07000236"}},{"type":"Feature","geometry":{"type":"Polygon","coordinates":[[[386186.9013,252135.077299999],[384522.779,251729.889],[383186.9478,252401.755899999],[382821.6,253951.35],[382199.1,253772.65],[383098.004,256975.501],[384047.2001,257050.999199999],[383478.1012,258209.3978],[384963.3998,259267.005000001],[389376.05,257234.630000001],[388413.4,254048.699999999],[386186.9013,252135.077299999]]]},"properties":{"LAD24CD":"E07000237"}},{"type":"Feature","geometry":{"type":"Polygon","coordinates":[[[390753.197,272441.8037],[391396.7982,272691.802100001],[391140.6983,272118.496300001],[392377.9027,271013.2026],[391639.5987,268494.003799999],[394290.7981,268378.596799999],[393835.41,265606.68],[399928.5978,264602.4977],[399036.6965,263537.002699999],[398953.2977,259896.8047],[402307.51,259870.539999999],[404560.3021,261538.504699999],[405735.0996,257776.4016],[404498.6,256210.800000001],[404087.0026,253239.2004],[402804.3019,252266.798699999],[404508.9024,252366.5002],[403906.8975,250783.903200001],[405443.1001,250520.7356],[406703.3996,248352.8991],[407957.3992,249845.401900001],[407333.7015,249999.9976],[407637.4001,250886.004000001],[409200.9028,250532.0953],[410075.7038,248922.3961],[411065.6965,250503.103599999],[412184.4029,249750.598999999],[412195.8965,248689.2028],[413206.6998,249080.300899999],[414775.504,248215.1985],[414405.8037,246894.3967],[416708.303,246428.899800001],[416004.6346,246052.2048],[413640.2003,244305.997500001],[412929.6987,242280.0974],[412502.4973,243019.795700001],[411628.0014,241612.398499999],[410607.502,242349.997400001],[408705.1025,241297.4987],[409459.5998,239455.4959],[411441.0034,238382.403100001],[412100.5011,236960.3002],[411144.0988,234271.999700001],[406032.499,238454.102600001],[404782.24,236832.02],[403431.96,237699.630000001],[401184.502,237496.196799999],[397463.2998,234017.8025],[396697.3006,233928.797900001],[395924.97,235138.08],[394270.9028,234674.304500001],[392396.2975,235218.0989],[390437.6997,233455.203500001],[389824.6959,234767.9977],[390532.3035,236616.898499999],[392054.9025,237250.697000001],[391976.418,238196.502599999],[388343.9109,238814.8177],[388070.9961,240043.4976],[389255.3002,240327.1964],[389817.3001,241905.3047],[389247.8961,242919.104499999],[389907.6,244999.9988],[386650.2979,247408.499399999],[388810.2978,249404.597999999],[387124.1003,249763.5953],[386186.9013,252135.077299999],[388413.4,254048.699999999],[389376.05,257234.630000001],[384963.3998,259267.005000001],[383478.1012,258209.3978],[384269.3963,261326.995300001],[382906.496,263205.797499999],[381327.0968,263824.3004],[381938.7979,269532.796399999],[382352.7989,270054.1972],[381577.2025,270538.1986],[383099.1995,271983.205],[383365.9025,273691.296],[385757.07,273031.83],[387116.23,270110.73],[388444.44,270419.220000001],[388196.93,268735.369999999],[390753.197,272441.8037]]]},"properties":{"LAD24CD":"E07000238"}},{"type":"Feature","geometry":{"type":"Polygon","coordinates":[[[388692.2038,280655.3026],[389330.8002,279041.4046],[390979.1034,279151.1032],[391507.4964,278371.896199999],[390726.3016,277327.1953],[391977.704,273319.4025],[390753.197,272441.8037],[388196.93,268735.369999999],[388444.44,270419.220000001],[387116.23,270110.73],[385757.07,273031.83],[383365.9025,273691.296],[383099.1995,271983.205],[381577.2025,270538.1986],[382352.7989,270054.1972],[381938.7979,269532.796399999],[381431.603,270127.1963],[379706.2002,269403.003599999],[378912.8027,271429.703400001],[377328.4978,269031.199999999],[375331.7996,268587.7969],[374889.8973,269920.295499999],[370507.4989,269482.6008],[371409.5993,270634.601],[371861.08,274546.07],[372160.5017,276647.299900001],[373504.7023,276014.1011],[375095.8012,276732.695499999],[377258.44,276418.98],[374722.3,278277.539999999],[375384.7988,282444.600400001],[378903.6013,282217.395500001],[380567.9988,284188.9011],[380049.9039,283482.5033],[381775.9002,282326.5042],[388692.2038,280655.3026]]]},"properties":{"LAD24CD":"E07000239"}},{"type":"Feature","geometry":{"type":"Polygon","coordinates":[[[519051.4019,216602.997400001],[521198.6962,214097.204700001],[518874.1002,212417.395500001],[519058.7979,209580.297700001],[521440.2023,206605.099199999],[521333.9976,205143.997500001],[520600.7973,204864.397500001],[519911.6999,205791.702099999],[518577.5006,205201.501],[518463.1003,203875.400599999],[519115.6969,203910.8005],[517421.6007,202400.3029],[517586.6009,201119.8994],[516052.5001,200745.5965],[515714.2959,201850.9001],[513842.7,201302.897],[513779.5016,200373.2031],[512634.4028,200012.996200001],[512390.0027,200555.101],[512375.2028,200599.2984],[511979.9016,202156.8026],[510293.3002,202737.6963],[510447.2025,203699.6009],[509044.7011,205858.403000001],[508932.2962,208654.502599999],[507657.6015,210951.1952],[509524.2998,211470.6965],[509598.8022,212484.0964],[508420.6984,213180.1971],[509405.4967,214572.398600001],[509216.0005,216423.5987],[509990.7971,216979.7995],[512188.7985,215762.398],[512849.5,217209.8037],[514471.5014,218081.1043],[515888.2997,216672.5975],[519051.4019,216602.997400001]]]},"properties":{"LAD24CD":"E07000240"}},{"type":"Feature","geometry":{"type":"Polygon","coordinates":[[[525933.4967,219132.5033],[526383.0999,217762.795399999],[525580.8967,217409.6965],[526303.4032,216229.404300001],[525304.0028,214496.3004],[527804.804,212773.703500001],[526531.2966,212021.898700001],[528326.7989,209973.395099999],[528639.6989,205924.304099999],[531186.3015,206864.2951],[531816.8013,206666.601600001],[531388.2972,205847.2962],[530366.5033,204136.096000001],[531023.5028,200933.602700001],[527045.2031,200413.4016],[527038.3019,201719.897600001],[525623.4,202425.9955],[523075.9977,203164.6041],[521779.7999,202289.5046],[520600.7973,204864.397500001],[521333.9976,205143.997500001],[521440.2023,206605.099199999],[519058.7979,209580.297700001],[518874.1002,212417.395500001],[521198.6962,214097.204700001],[519051.4019,216602.997400001],[520796.0981,217853.6994],[521250.2031,216648.304400001],[522407.2985,216446.6022],[522318.3013,217703.002499999],[523183.4968,218486.598200001],[523676.6998,217942.7039],[523102.2994,217172.304400001],[524168.6002,217704.1022],[523605.0997,218816.003900001],[524269.899,219401.7962],[525933.4967,219132.5033]]]},"properties":{"LAD24CD":"E07000241"}},{"type":"Feature","geometry":{"type":"Polygon","coordinates":[[[542184.2978,233751.5987],[544064.8973,233837.0042],[544829.7009,232466.996400001],[546211.3011,227141.500800001],[546332.1984,222801.802999999],[550368.9968,223913.604699999],[549789.71,222703.52],[551263.2495,221115.2949],[549553.7004,220340.997400001],[549393.9029,215943.396199999],[549849.5992,215305.898700001],[548875,214966.695800001],[548092.8982,213021.102700001],[542044.0989,211002.600500001],[539932.1018,210332.0024],[539081.2033,209217.8014],[538449.7963,210946.396600001],[536813.1022,210951.6951],[536589.8012,210168.499199999],[534794.9998,209594.603499999],[534177.6014,205782.2048],[531388.2972,205847.2962],[531816.8013,206666.601600001],[531186.3015,206864.2951],[528639.6989,205924.304099999],[528326.7989,209973.395099999],[526531.2966,212021.898700001],[527804.804,212773.703500001],[525304.0028,214496.3004],[526303.4032,216229.404300001],[525580.8967,217409.6965],[526383.0999,217762.795399999],[525933.4967,219132.5033],[526489.7003,219730.202199999],[525826.2038,221215.497099999],[527682.101,220732.895199999],[527331.9993,222373.195699999],[526653.1009,222310.603599999],[527174.9968,223883.203400001],[526484.8027,226240.798599999],[527584.496,227787.4959],[529412.63,227199.119999999],[529311.2014,228744.202],[530000.101,228730.096000001],[530181.0966,230076.7006],[532353.596,232048.396199999],[533022.1963,230472.5973],[534731.3974,231726.498299999],[534145.9981,233018.0986],[535341.58,233533.32],[535772.6992,235034.2015],[537204.8993,234658.8989],[537614.7035,233513.596799999],[539829.7969,234306.899700001],[542184.2978,233751.5987]]]},"properties":{"LAD24CD":"E07000242"}},{"type":"Feature","geometry":{"type":"Polygon","coordinates":[[[526484.8027,226240.798599999],[527174.9968,223883.203400001],[526653.1009,222310.603599999],[527331.9993,222373.195699999],[527682.101,220732.895199999],[525826.2038,221215.497099999],[524544.3029,222028.5043],[523705.4009,221697.799000001],[521561.2975,224440.304],[522030.5981,227217.8989],[524909.1963,227544.6954],[526484.8027,226240.798599999]]]},"properties":{"LAD24CD":"E07000243"}},{"type":"Feature","geometry":{"type":"MultiPolygon","coordinates":[[[[617723.1388,240524.2873],[618138.1915,240155.525800001],[617588.9022,240516.302300001],[617723.1388,240524.2873]]],[[[651112.33,300526.23],[652813.5017,299052.396500001],[653770.017,299262.944800001],[653770.03,299262.709100001],[655653.85,293738.25],[655226.25,292637.699999999],[655271.15,293192.9],[652106.8,292793.25],[655205.4,292582.15],[653888.59,290024.300000001],[653884.3668,289907.912699999],[653801.723,289754.186000001],[653779.9379,287029.9662],[653694.302,284669.9363],[653319.7168,283391.0635],[652242.2863,279999.998],[650573.974,274749.213],[650404.25,274791.960000001],[649940.0714,273985.0066],[648951.193,273165.638],[648017.424,270763.681],[648014.2546,270637.061899999],[647943.746,270514.486],[647743.659,260663.418],[647602.6021,260000.0112],[645353.1177,249420.4252],[645349.6538,249404.134],[645320.7604,249268.244999999],[638501.6906,244969.0715],[640000.0254,246141.77],[642346.5033,247978.2828],[642766.607,248230.463],[644134.7064,249241.804500001],[644453.483,249627.347999999],[644492.293,249683.197000001],[644061.7184,249320.726500001],[642754.0946,248297.2914],[641166.0996,247783.971799999],[640215.0661,247160.125299999],[640049.8,247155.9],[639999.9822,247108.7951],[636754.944,244040.471999999],[637564.109,244536.106000001],[637535.4228,244359.8751],[637521.7806,244351.2742],[635636.1835,239860.2074],[633116.805,237446.142999999],[633164.016,238880.653999999],[630754.375,239534.627],[632950.94,237755.41],[632838.2772,236971.137800001],[632413.0723,236215.3552],[629892.53,233997.550000001],[628325.2077,231273.369200001],[627942.8406,233279.811000001],[627940.6237,233293.762],[625724.3903,234738.955399999],[625559.8591,235173.181600001],[625299.2,237816.789999999],[620000.0192,239947.6742],[619869.9017,239999.9965],[618457.4467,240567.967],[620303.803,240677.7961],[621230.4984,241684.198000001],[619695.5978,242497.895099999],[619884.0964,245477.302200001],[618668.8981,247254.203600001],[616917.3008,247071.695800001],[616432.7963,248081.196900001],[617642.0994,251692.903000001],[617022.9035,252841.0044],[618481.0014,253877.997500001],[619893.7019,256898.6029],[621643.6007,257409.896500001],[622534.9,259422.000600001],[622658.5017,260567.602700001],[621622.1965,260898.398],[621867.46,263908.810000001],[624495.3035,265349.8038],[625376.7994,267447.903200001],[627985.0998,268337.398600001],[627992.3967,270401.4977],[626987.9998,271918.5035],[628357.2983,271416.2973],[628220.1994,270149.199999999],[629027.0034,269293.8048],[632102.7987,270732.2031],[630865.5036,271611.001499999],[630771.3038,273451.9046],[628902.9977,274645.103],[628820.1018,276325.702],[632232.4028,279381.397299999],[629710.7993,282763.199200001],[627773.6506,283754.861199999],[628776.77,286374.16],[631699.48,288398.1],[633375.94,288583.779999999],[633362.87,289760.939999999],[631815.86,290329.74],[632399.68,291401.949999999],[634237.7,289812.58],[636498.9993,291689.6041],[638405.9006,290651.9011],[639842.91,291461.970000001],[641810.2039,290366.502800001],[642409.7023,292283.404100001],[643633.11,292796.92],[645878.3005,291195.795399999],[646991.3013,291210.601199999],[647775.36,292259.98],[648599.86,291895.880000001],[650055.2,294971.9],[649291.85,295892.15],[648115.1031,295554.297800001],[646235.4876,298202.202299999],[648750.95,301030.09],[651112.33,300526.23]]]]},"properties":{"LAD24CD":"E07000244"}},{"type":"Feature","geometry":{"type":"Polygon","coordinates":[[[602112.2959,278815.7994],[601201.7301,277210.3401],[601555.6143,275478.312799999],[599900.5006,274896.0013],[599462.0036,273946.203199999],[599896.3038,272349.700099999],[597847.703,270713.0985],[596668.6015,270802.0031],[597002.8975,269989.195800001],[596036.7,270706.8003],[594018.3998,269002.1983],[594993.7987,267205.8025],[594058.7016,267122.7963],[594181.3964,266211.3971],[592921.4026,266909.8972],[591129.0995,266639.604599999],[591060.0966,265135.395099999],[593129.9037,263850.203],[592463.9007,259920.097999999],[594070.7971,259028.5032],[594001.2995,257558.903899999],[592539.7965,256228.3048],[590646.1038,256952.6974],[589412.1974,256583.1032],[588832.6026,254613.696900001],[587652.9982,254771.401799999],[587358.3032,255945.095799999],[586316.3007,255363.9022],[585789.903,256922.796],[584563.4007,257102.704500001],[584220.8019,254448.0044],[581041.9021,254620.095100001],[579903.6961,251106.300899999],[582134.4964,246338.4957],[577041.64,245087.01],[574973.75,244229.140000001],[574391.26,242977.859999999],[572246.91,243138.91],[571622.1012,242448.099300001],[569123.16,245099.199999999],[568273.68,243923.26],[567206.6978,244355.303400001],[564926.6004,243518.902799999],[564153.9969,246884.8993],[563225.8009,247603.9035],[563704.8967,249263.7983],[565556.51,251072],[565445.2972,253978.798699999],[566719.3982,254042.4005],[567784.67,255604.279999999],[569086.2686,254541.522500001],[570488.1002,254794.6951],[571833.3974,261707.896299999],[570447.5037,263052.646199999],[569577.79,262253.210000001],[565756.9028,264487.000700001],[564928.7029,263820.101600001],[565424.3959,262927.0973],[562052.68,261357.08],[560045.3016,263045.5034],[561267.21,263864.98],[559766.98,265864.640000001],[560768.81,267187.17],[560952.02,269217.869999999],[562592.3988,268797.596899999],[565559.6164,264733.521600001],[570588.62,266812.460000001],[570942.89,268129.050000001],[567612.5032,271524.2963],[565825.6995,271416.597200001],[565285.91,272890.74],[566464.7627,275110.7436],[564037.1974,276449.996400001],[561625.5995,281731.3046],[565233.5635,284826.3759],[566289.39,286077.98],[571601.34,286352.119999999],[573680.0025,287296.9015],[575584.9002,286901.004799999],[579619.5961,286947.101600001],[581234.88,288295.560000001],[582473.5992,287297.3014],[584850.4,286999.949999999],[581609.28,282341.41],[583185.28,281116.060000001],[586360.5024,280981.2993],[587078.6967,279677.602499999],[588311.2014,280523.2004],[591186.1965,280541.295299999],[593359.99,281887.550000001],[595176.196,280789.404200001],[599555.67,280778.66],[602112.2959,278815.7994]]]},"properties":{"LAD24CD":"E07000245"}},{"type":"Feature","geometry":{"type":"Polygon","coordinates":[[[375025.7601,414990.104],[374998.9959,413815.9958],[376080.8963,412698.695599999],[375140.2008,410768.898],[375330.3979,408311.4015],[376513.9022,407173.6971],[376314.3965,406314.703],[375347.0035,406428.4005],[377469.9006,405524.099300001],[377681.1967,404158.100400001],[376654.497,404323.603],[376603.6992,403343.003699999],[371128.3025,405155.005000001],[370194.302,403642.298],[366573.302,404822.3002],[364710.8994,403058.2952],[362355.7966,405840.298800001],[363028.7008,407323.204299999],[361851.8008,409538.800100001],[358668.0629,410971.683800001],[360675,412857.4],[362425.14,411148.119999999],[366280.6023,414615.696900001],[368398.53,413490.060000001],[369689.696,413818.904999999],[371097.81,416706.039999999],[372205.998,414225.298599999],[375025.7601,414990.104]]]},"properties":{"LAD24CD":"E08000001"}},{"type":"Feature","geometry":{"type":"Polygon","coordinates":[[[382118.5037,413135.863700001],[383878.498,411534.198999999],[381403.1987,409735.3039],[381999.6959,409224.3002],[382935.296,409883.2016],[383985.0984,408370.204600001],[384375.197,404714.801000001],[383415.9995,405357.596999999],[382317.4029,404562.5046],[382587.6017,403144.600500001],[383747.5005,403646.196900001],[383058.7987,402392.4957],[380813.0008,401741.902000001],[379515.5002,403434.6974],[377681.1967,404158.100400001],[377469.9006,405524.099300001],[375347.0035,406428.4005],[376314.3965,406314.703],[376513.9022,407173.6971],[375330.3979,408311.4015],[375140.2008,410768.898],[376080.8963,412698.695599999],[374998.9959,413815.9958],[375025.7601,414990.104],[375623.51,415108.85],[376129.6,417773.35],[375568.5977,419017.9968],[379168.3,417647],[380340.91,418954.220000001],[380580.97,416001.48],[382118.5037,413135.863700001]]]},"properties":{"LAD24CD":"E08000002"}},{"type":"Feature","geometry":{"type":"Polygon","coordinates":[[[384375.197,404714.801000001],[385603.2988,405272.3014],[387766.5967,403614.296],[389835.703,402382.5986],[388244.2991,401030.895500001],[389281.0001,399582.0002],[388943.7029,398162.996400001],[390350.2031,396777.1031],[389575.3982,395363.3978],[388615.401,394593.998],[388372.7983,392936.702400001],[387571.9968,393334.0987],[385912.703,391365.4022],[385964.1027,390036.102700001],[383684.2031,388829.898],[384071.9024,384769.4003],[383030.3038,384895.7041],[380031.6988,382620.4954],[380325.05,383567.9],[379197.65,384549.85],[380225.4,384923.0963],[381092.7969,386635.0963],[378831.6961,390580.696799999],[380306.1026,390211.4025],[381634.4974,391001.0965],[381913.8978,391778.0041],[380155.0037,393333.198899999],[383253.2997,395938.903100001],[382486.204,397363.895199999],[383830.8992,398845.301100001],[383153.6005,400297.5954],[383834.8981,401745.7009],[383058.7987,402392.4957],[383747.5005,403646.196900001],[382587.6017,403144.600500001],[382317.4029,404562.5046],[383415.9995,405357.596999999],[384375.197,404714.801000001]]]},"properties":{"LAD24CD":"E08000003"}},{"type":"Feature","geometry":{"type":"Polygon","coordinates":[[[399470.8979,413357.697000001],[403891.0999,407224.602600001],[405869.0983,406114.3004],[406087.1967,404640.102399999],[404951.9012,402698.1982],[405271.9993,401475.3983],[403325.2991,400833.302100001],[402525.5034,401459.003],[396457.0972,403859.095899999],[396507.3014,402843.9965],[393914.0978,402662.8983],[391065.8991,399475.7007],[389281.0001,399582.0002],[388244.2991,401030.895500001],[389835.703,402382.5986],[387766.5967,403614.296],[388869.8024,405514.0022],[388703.9035,406857.5976],[390101.3012,407843.6954],[389730.3971,409531.5022],[391766.4985,409995.8993],[392775.4961,411463.9991],[396133.8002,410656.5002],[397726.5975,411817.5978],[398323.8038,414179.9016],[398573.4972,413253.2969],[399470.8979,413357.697000001]]]},"properties":{"LAD24CD":"E08000004"}},{"type":"Feature","geometry":{"type":"Polygon","coordinates":[[[398323.8038,414179.9016],[397726.5975,411817.5978],[396133.8002,410656.5002],[392775.4961,411463.9991],[391766.4985,409995.8993],[389730.3971,409531.5022],[390101.3012,407843.6954],[388703.9035,406857.5976],[388869.8024,405514.0022],[387766.5967,403614.296],[385603.2988,405272.3014],[384375.197,404714.801000001],[383985.0984,408370.204600001],[382935.296,409883.2016],[381999.6959,409224.3002],[381403.1987,409735.3039],[383878.498,411534.198999999],[382118.5037,413135.863700001],[383111.59,413795.720000001],[382253.66,416648.789999999],[383850.93,418577.199999999],[385712.0017,419187.3983],[386531.99,417558.42],[388042.5,416875.800000001],[387839.3017,415759.399499999],[389429.7987,416106.000299999],[390432.596,420649.5997],[390700.5028,420178.9044],[391239.2021,421037.6986],[392295.9963,419423.8006],[393960.37,419300.710000001],[396713.0981,420803.295700001],[398323.8038,414179.9016]]]},"properties":{"LAD24CD":"E08000005"}},{"type":"Feature","geometry":{"type":"Polygon","coordinates":[[[377681.1967,404158.100400001],[379515.5002,403434.6974],[380813.0008,401741.902000001],[383058.7987,402392.4957],[383834.8981,401745.7009],[383153.6005,400297.5954],[383830.8992,398845.301100001],[382486.204,397363.895199999],[381403.0998,396493.204399999],[378723.8012,398207.3037],[376535.8011,397533.196699999],[373782.0991,395813.099099999],[372218.2996,392583.703500001],[370229.2033,391101.897600001],[367582.2007,396058.198899999],[371253.3966,396564.2041],[371004.0989,399609.4024],[372608.8022,402102.0989],[370194.302,403642.298],[371128.3025,405155.005000001],[376603.6992,403343.003699999],[376654.497,404323.603],[377681.1967,404158.100400001]]]},"properties":{"LAD24CD":"E08000006"}},{"type":"Feature","geometry":{"type":"Polygon","coordinates":[[[398352.8017,392562.6995],[399186.8968,391007.704600001],[400607.1003,390930.096799999],[399788.4977,387718.6961],[397850.2982,386519.2994],[398030.7991,385931.897500001],[397398.6008,386357.795600001],[395555.56,384498.58],[393767.75,385469.609999999],[391893.9999,385008.9999],[390846.3991,385612.698899999],[390032.3972,383480.099400001],[390503.2974,382893.6972],[389393.35,381152.689999999],[387168.7968,382432.099300001],[388048.2975,383029.7983],[387753.7743,383988.192500001],[384071.9024,384769.4003],[383684.2031,388829.898],[385964.1027,390036.102700001],[385912.703,391365.4022],[387571.9968,393334.0987],[388372.7983,392936.702400001],[388615.401,394593.998],[389575.3982,395363.3978],[390684.74,393504.67],[392386.15,393779.199999999],[393297.76,392872.74],[394182.2024,393394.3015],[394794.3982,392154.996200001],[398352.8017,392562.6995]]]},"properties":{"LAD24CD":"E08000007"}},{"type":"Feature","geometry":{"type":"Polygon","coordinates":[[[402525.5034,401459.003],[400905.5963,398263.5976],[401040.6999,395384.0019],[399550.2979,393862.297499999],[399817.1988,393236.196699999],[399152.2016,393663.6044],[398352.8017,392562.6995],[394794.3982,392154.996200001],[394182.2024,393394.3015],[393297.76,392872.74],[392386.15,393779.199999999],[390684.74,393504.67],[389575.3982,395363.3978],[390350.2031,396777.1031],[388943.7029,398162.996400001],[389281.0001,399582.0002],[391065.8991,399475.7007],[393914.0978,402662.8983],[396507.3014,402843.9965],[396457.0972,403859.095899999],[402525.5034,401459.003]]]},"properties":{"LAD24CD":"E08000008"}},{"type":"Feature","geometry":{"type":"Polygon","coordinates":[[[382486.204,397363.895199999],[383253.2997,395938.903100001],[380155.0037,393333.198899999],[381913.8978,391778.0041],[381634.4974,391001.0965],[380306.1026,390211.4025],[378831.6961,390580.696799999],[381092.7969,386635.0963],[380225.4,384923.0963],[379197.65,384549.85],[377475.1,385671.85],[375502.296,385257.706],[371724.8986,387929.695699999],[368308.66,388868.4],[370229.2033,391101.897600001],[372218.2996,392583.703500001],[373782.0991,395813.099099999],[376535.8011,397533.196699999],[378723.8012,398207.3037],[381403.0998,396493.204399999],[382486.204,397363.895199999]]]},"properties":{"LAD24CD":"E08000009"}},{"type":"Feature","geometry":{"type":"Polygon","coordinates":[[[358668.0629,410971.683800001],[361851.8008,409538.800100001],[363028.7008,407323.204299999],[362355.7966,405840.298800001],[364710.8994,403058.2952],[366573.302,404822.3002],[370194.302,403642.298],[372608.8022,402102.0989],[371004.0989,399609.4024],[371253.3966,396564.2041],[367582.2007,396058.198899999],[367158.6024,398358.3005],[363410.8016,396926.600299999],[363640.9987,396223.6691],[362228.79,395903.43],[361796.31,394521.880000001],[359243.0964,396492.104699999],[359470.7,398444.050000001],[357256.42,398364.4],[355901.85,400542.9],[353734.72,400816.619999999],[351669.43,402903.34],[352511.2,403643.35],[353409.0973,407181.8048],[352474.0002,409073.903200001],[354201.3982,410538.2041],[354475.3,412187.9],[358109.5984,412599.604],[358668.0629,410971.683800001]]]},"properties":{"LAD24CD":"E08000010"}},{"type":"Feature","geometry":{"type":"Polygon","coordinates":[[[345355.2969,399036.5964],[345746.7971,396993.9011],[346696.8013,397021.5032],[347286.9003,394343.799699999],[346619.6028,393842.803099999],[348520.0976,392489.600400001],[347786.1965,389660.5002],[350553.1978,389731.799799999],[349698.3004,387364.497500001],[348433.6976,387413.803400001],[347696.2016,384666.0999],[345588.6981,383767.497099999],[344150.0009,383709.703600001],[343300.1,385520.395300001],[343142.8996,387224.6975],[345421.0018,387403.996200001],[344432.1963,389537.795399999],[343160.7997,389020.9033],[340776.1961,390808.3017],[342546.7982,391625.3978],[342460.5961,395074.9004],[340332.8014,397311.5002],[339393.4004,396861.299000001],[338860.9013,397978.3993],[341200.7648,401160.187899999],[342697.6993,399833.3983],[343715.4037,399938.1983],[344062.8011,398931.6964],[345355.2969,399036.5964]]]},"properties":{"LAD24CD":"E08000011"}},{"type":"Feature","geometry":{"type":"Polygon","coordinates":[[[345588.6981,383767.497099999],[345583.25,382855.5],[344673.95,382585.949999999],[344964.3962,381935.7072],[343190.0037,381503.395199999],[341618.8001,382279.0032],[339999.9792,383562.9221],[335261.0005,387321.4998],[333501.2983,390856.198000001],[333093.6902,393928.1468],[335341.596,394502.5042],[335443.6039,396663.3957],[336621.7983,397786.5042],[338860.9013,397978.3993],[339393.4004,396861.299000001],[340332.8014,397311.5002],[342460.5961,395074.9004],[342546.7982,391625.3978],[340776.1961,390808.3017],[343160.7997,389020.9033],[344432.1963,389537.795399999],[345421.0018,387403.996200001],[343142.8996,387224.6975],[343300.1,385520.395300001],[344150.0009,383709.703600001],[345588.6981,383767.497099999]]]},"properties":{"LAD24CD":"E08000012"}},{"type":"Feature","geometry":{"type":"Polygon","coordinates":[[[351669.43,402903.34],[353734.72,400816.619999999],[355901.85,400542.9],[357256.42,398364.4],[359470.7,398444.050000001],[359243.0964,396492.104699999],[361796.31,394521.880000001],[361217.3021,393828.0973],[360337.8014,395015.497400001],[360493.6001,394152.204500001],[358410.9966,393251.802200001],[357645.4014,394368.8025],[355126.8,395325.4],[354787.4984,393784.4998],[355690.4975,393999.098300001],[355233.4985,393119.800000001],[356007.2974,392639.497500001],[355115.9981,388075.7039],[354161.5003,387836.602299999],[352692.7004,388433.8014],[352540.9006,389370.903100001],[350553.1978,389731.799799999],[347786.1965,389660.5002],[348520.0976,392489.600400001],[346619.6028,393842.803099999],[347286.9003,394343.799699999],[346696.8013,397021.5032],[345746.7971,396993.9011],[345355.2969,399036.5964],[345943.8,402042.1],[348231.1,404146.9036],[349111.4004,402150.2951],[351669.43,402903.34]]]},"properties":{"LAD24CD":"E08000013"}},{"type":"Feature","geometry":{"type":"MultiPolygon","coordinates":[[[[337096.2003,422529.6479],[337334.0161,422114.8796],[336556,422357.5],[337096.2003,422529.6479]]],[[[336706,422131],[336647.46,421467.34],[337119.5,422106],[336857.6,421182.9],[337594.0284,420723.787699999],[337379.6427,422033.9188],[337344.4014,422095.760600001],[337335.365,422112.4814],[337571.9015,421699.8991],[337967.3016,418422.3972],[336134.103,415411.199200001],[335156.9973,414409.396],[334101.2997,414920.5996],[332016.404,412241.0966],[331517.8994,410567.8956],[332523.5,410159.102600001],[332374.5035,408594.8004],[331190.8013,408130.6032],[330736.3995,405654.302100001],[335390.5964,402509.302300001],[336254.9,403440.300000001],[335341.52,405952.619999999],[337286.61,405714.310000001],[338907.0984,403567.599400001],[341639.97,403010.34],[341200.7648,401160.187899999],[338860.9013,397978.3993],[336621.7983,397786.5042],[335443.6039,396663.3957],[335341.596,394502.5042],[333093.6902,393928.1468],[333086.3007,393983.838099999],[331929.5134,395640.0647],[331947.745,395747.085999999],[331119.8277,396799.329600001],[330963.452,397023.220000001],[330020.4019,399999.970100001],[329545.092,401500.291999999],[329650.6,404222.9],[329265.422,403110.332],[328119.119,403740.092],[327068.597,405062.233999999],[326943.444,406991.431],[330069.413,414370.789999999],[333647,419158.199999999],[333369.6525,420000.034399999],[333114.5,420774.5],[335180.9,421127.9],[334904,421874],[335530.6,421474.199999999],[336235.5,422878.5],[335942,422195.5],[336706,422131]]]]},"properties":{"LAD24CD":"E08000014"}},{"type":"Feature","geometry":{"type":"MultiPolygon","coordinates":[[[[325853.5611,378067.392000001],[325235.9429,377513.161900001],[325550.7861,377803.7607],[325637.9798,377883.023],[325671.0014,377913.040899999],[325688.9294,377929.338099999],[325838.8916,378068.206800001],[325853.5611,378067.392000001]]],[[[333399.1,386893.85],[337851.3527,380000.036900001],[338206.2577,379450.5063],[338012.4,379191.15],[337491.95,379682.199999999],[335584.2976,378691.5001],[333947.0016,379365.2972],[331706.398,378355.496300001],[328536.7986,380475.2995],[326179.5986,378359.974400001],[326163.6207,378366.749],[325938.4762,378159.749399999],[325187.042,378267.017000001],[325712.39,378787.027000001],[324949.389,378079.524],[324252.462,378456.251],[324508.421,379606.418],[324585.882,378681.143999999],[325193.02,378730.540999999],[325007.046,378788.989],[324751.314,379519.926999999],[324920.652,379217.298],[324884.238,379397.824999999],[326315.282,378879.211999999],[325011.419,379411.973999999],[325961.5,379704],[325436.8293,380000.0285],[325048.606,380219.071],[325545.278,380502.965],[324859.499,380308.283],[325306.102,380640.738],[324440.036,380471.994999999],[324411.379,381877.591],[326408.24,380195.48],[320008.081,388051.866],[321797.5,389853.449999999],[330939.5,394520.199999999],[333399.1,386893.85]]]]},"properties":{"LAD24CD":"E08000015"}},{"type":"Feature","geometry":{"type":"Polygon","coordinates":[[[443213.9978,409834.895400001],[444692.0981,407048.902899999],[446630.3965,406323.3006],[446902.599,404580.6994],[448107.7961,403928.1962],[447418.7975,403578.8961],[447754.3963,402439.802200001],[445691.2016,402119.3039],[441204.2971,402126.401900001],[438055.599,398943.2031],[437182.7026,399520.5978],[436447.8038,398827.6962],[436259.0991,397360.0963],[433623.6972,398955.999399999],[432309.4015,396432.2019],[432427.8006,395070.8016],[431125.4025,393603.8015],[429901.9014,394473.702500001],[430702.0021,396204.497],[429985.6959,398066.704],[426198.4013,399647.9014],[419924.0995,400753.8048],[417880.0004,399385.6964],[417453,397853.5],[414455,398693.5],[413275.3017,398265.4539],[413273,398268.218699999],[413272.6025,398268.6962],[413609.504,400735.200099999],[411883.9034,402726.3002],[413068.9001,404500.9022],[415217.8021,404155.6011],[417224.6994,404965.499199999],[418434.4973,407067.897399999],[421995.9019,406337.6964],[423397.6035,407342.0989],[425556.5975,407445.8992],[426835.0025,409006.002699999],[426460.6025,410202.4002],[427368.6971,410844.7963],[427460.8026,412368.200200001],[429180.9038,412420.495300001],[431154.6972,410828.401000001],[431951.302,411566.899599999],[433416.202,411316.001399999],[433507.1038,411963.796],[434268.898,411043.399499999],[436641.3978,413049.5952],[439781.9004,411509.796],[441339.7964,412391.8035],[443213.9978,409834.895400001]]]},"properties":{"LAD24CD":"E08000016"}},{"type":"Feature","geometry":{"type":"Polygon","coordinates":[[[475119.4985,416283.499500001],[473058.596,410194.102600001],[472872.2988,408571.7969],[473546.3985,408341.3029],[472898.1966,406255.899900001],[473510.5985,405103.499700001],[470114.1033,404292.6018],[469724.7962,402396.804500001],[470917.6999,402082.304500001],[470701.1021,401171.5952],[469557.001,399141.396400001],[467405.9965,397691.601399999],[466817.1012,393817.000499999],[465592.7014,392617.004000001],[464520.0024,392479.903200001],[464482.3967,393122.9991],[461200.2028,392622.102499999],[458861.4995,390420.8026],[456866.9038,390950.1011],[457510.2988,392310.6017],[455884.1997,392276.701400001],[455218.9964,393487.2049],[450717.3002,393153.600400001],[449359.0995,395612.4965],[449879.9977,398047.999299999],[448549.5994,399038.095899999],[446658.1989,397877.698100001],[447266.7009,399603.1042],[445866.4009,400356.1986],[445691.2016,402119.3039],[447754.3963,402439.802200001],[447418.7975,403578.8961],[448107.7961,403928.1962],[446902.599,404580.6994],[446630.3965,406323.3006],[444692.0981,407048.902899999],[443213.9978,409834.895400001],[445931.2978,408972.5022],[447221.1964,409582.197699999],[449208.9982,410855.903100001],[449827.6004,413572.395500001],[451171.8009,413695.500299999],[450841.0008,414112.7009],[451854.2034,414469.998600001],[452336.2014,416582.6039],[453705.95,415791.710000001],[455954.74,416628.039999999],[457302.88,415475.789999999],[458162.66,417049.880000001],[461826.94,417330.689999999],[462971.3986,418147.296],[469695.3036,418585.2006],[475119.4985,416283.499500001]]]},"properties":{"LAD24CD":"E08000017"}},{"type":"Feature","geometry":{"type":"Polygon","coordinates":[[[445691.2016,402119.3039],[445866.4009,400356.1986],[447266.7009,399603.1042],[446658.1989,397877.698100001],[448549.5994,399038.095899999],[449879.9977,398047.999299999],[449359.0995,395612.4965],[450717.3002,393153.600400001],[455218.9964,393487.2049],[455884.1997,392276.701400001],[457510.2988,392310.6017],[456866.9038,390950.1011],[458861.4995,390420.8026],[458906.1959,389290.496200001],[457650.5968,388479.0984],[457940.8972,386873.698000001],[456918.6992,386134.7995],[457434.8978,384679.696],[455831.3983,384764.8016],[456231.0034,383448.2985],[457282.9001,383658.6982],[457442.4997,383063.6986],[453416.7002,379685.195599999],[453192.6984,378879.6962],[451358.4032,379342.103800001],[450488.4008,378555.099099999],[447937.7005,379406.995300001],[447020.9981,380018.100299999],[447480.8993,381267.8026],[446779.0962,381960.0045],[445075.0977,381531.897],[444563.9039,384146.7985],[440579.1978,387556.4025],[441606.7963,388717.200300001],[440402.803,391636.104699999],[441268.7982,392106.9999],[439407.3025,391666.2961],[437190.2963,394439.302300001],[436259.0991,397360.0963],[436447.8038,398827.6962],[437182.7026,399520.5978],[438055.599,398943.2031],[441204.2971,402126.401900001],[445691.2016,402119.3039]]]},"properties":{"LAD24CD":"E08000018"}},{"type":"Feature","geometry":{"type":"Polygon","coordinates":[[[436259.0991,397360.0963],[437190.2963,394439.302300001],[439407.3025,391666.2961],[441268.7982,392106.9999],[440402.803,391636.104699999],[441606.7963,388717.200300001],[440579.1978,387556.4025],[444563.9039,384146.7985],[445075.0977,381531.897],[444217.1991,380081.702099999],[440951.8004,380251.103599999],[440946.4988,382172.503699999],[439311.0002,382947.6018],[438662.9961,382116.299699999],[437255.0035,382430.4998],[436068.3001,381664.4991],[436385.8999,380685.599300001],[435544.5986,380150.9023],[433264.6001,380185.9023],[430966.3965,378742.6954],[429301.9,378917.195499999],[429295.304,379980.701099999],[428045.4022,379502.298],[427748.0028,380596.4048],[426809.0965,379448.5034],[426128.6976,380707.0031],[424907.26,379985.869999999],[424562.6966,380495.703600001],[425909.7005,382992.5989],[427356.4037,383301.3005],[422485.6008,385575.999399999],[423119.4976,388395.5023],[419712.0035,389842.698100001],[419469.3019,391208.2972],[417392.1979,391606.203299999],[417006.296,396187.102],[413275.3017,398265.4539],[414455,398693.5],[417453,397853.5],[417880.0004,399385.6964],[419924.0995,400753.8048],[426198.4013,399647.9014],[429985.6959,398066.704],[430702.0021,396204.497],[429901.9014,394473.702500001],[431125.4025,393603.8015],[432427.8006,395070.8016],[432309.4015,396432.2019],[433623.6972,398955.999399999],[436259.0991,397360.0963]]]},"properties":{"LAD24CD":"E08000019"}},{"type":"Feature","geometry":{"type":"Polygon","coordinates":[[[423225.7023,574536.300100001],[423199.7963,571952.399800001],[426132.8036,571677.898399999],[426477.2988,570215.097100001],[425663.7998,568436.5962],[428337.6979,567974.6984],[428060.4989,566501.100199999],[430227.6967,565516.202099999],[429837.1034,563498.5997],[428666.1976,562806.5977],[426068.5004,564072.895300001],[423146.6981,562795.0011],[419204.3,564064.949999999],[418053.6083,563684.331900001],[416337,565249.050000001],[414852.3201,565172.7481],[414564.8015,567752.801899999],[415670.3982,567658.9988],[416066.3013,569970.3971],[419589.63,572091.550000001],[418379.08,574591.189999999],[422592.3991,576160.0953],[423225.7023,574536.300100001]]]},"properties":{"LAD24CD":"E08000021"}},{"type":"Feature","geometry":{"type":"Polygon","coordinates":[[[433725.4082,565886.374600001],[430227.6967,565516.202099999],[428060.4989,566501.100199999],[428337.6979,567974.6984],[425663.7998,568436.5962],[426477.2988,570215.097100001],[426132.8036,571677.898399999],[423199.7963,571952.399800001],[423225.7023,574536.300100001],[427017.5976,574369.697799999],[427243.603,573540.6951],[428396.41,573376.66],[429487.8032,574218.454600001],[429971.58,573391.82],[431383.92,573504.65],[431489.57,572723.6],[432822.89,573351.85],[432526.17,574740.84],[434460.8939,575678.0307],[434464.4188,575670.9153],[435382.4803,573586.42],[435385.983,573168.43],[435713.2325,572835.433800001],[437137.86,569600.76],[438280.5869,569053.6668],[437434.639,569273.65],[437100.2851,568943.569599999],[436559.35,568895.26],[434907.0987,566142.3029],[431979.0961,566105.4035],[430946.4022,566972.895099999],[431931.8024,566101.204700001],[430122.8031,565590.5009],[433726.3977,565889.7952],[433725.4082,565886.374600001]]]},"properties":{"LAD24CD":"E08000022"}},{"type":"Feature","geometry":{"type":"Polygon","coordinates":[[[440839.7888,561194.681600001],[437306.5022,559624.6985],[431419.5038,559773.595899999],[431136.2035,562629.8983],[429837.1034,563498.5997],[430227.6967,565516.202099999],[433725.4082,565886.374600001],[433353.0036,564599.004699999],[434882.7016,564892.7006],[433894.597,565846.797499999],[435332.5026,565665.7993],[436822.4915,568112.558700001],[437257.487,567831.927300001],[437287.89,567782.67],[438008.9056,568370.915100001],[438395.4908,568672.6138],[437784.4,567304.85],[439999.9974,564959.735300001],[441291.59,563592.640000001],[440842.2101,561235.094000001],[440839.7888,561194.681600001]]]},"properties":{"LAD24CD":"E08000023"}},{"type":"Feature","geometry":{"type":"Polygon","coordinates":[[[441989.6758,551938.351500001],[437248.01,549557.91],[437816.6983,547802.502599999],[437218.7995,545517.9965],[432839.5012,545053.7994],[433401.3032,546209.398600001],[431943.0982,548600.204299999],[431767.297,553033.707900001],[430141.5029,553813.602],[428209.8,553523.4],[428364.9765,554226.32],[428496.3988,557255.296800001],[427728.6022,558965.7972],[431419.5038,559773.595899999],[437306.5022,559624.6985],[440839.7888,561194.681600001],[440768.2098,560000.0163],[440722.05,559229.6],[441609.5893,558704.5616],[440895.4,558859.5],[440426.38,557624.02],[441160.7588,558158.7798],[441320.334,557899.066],[441568.9302,558429.5481],[441040.2,556129.65],[441052.8473,556073.413799999],[441052.676,556073.184],[441056.4347,556057.462400001],[441979.4334,551953.352],[441989.6758,551938.351500001]]]},"properties":{"LAD24CD":"E08000024"}},{"type":"Feature","geometry":{"type":"Polygon","coordinates":[[[414459.3379,298918.633099999],[416118.35,297034.16],[415400.4962,296333.004899999],[416639.803,295308.598200001],[417117.7033,292645.000600001],[418491.3964,291886.897600001],[416801.1012,291508.296],[416824,290590.5],[413709.7969,289616.6975],[416675.397,289090.3981],[416433.8991,283798.203],[415106.1969,283598.600099999],[413664.9025,284500.202],[411342.7965,279948.8049],[410674.4024,279148.6039],[409167.601,279233.7995],[409024.5,278529.050000001],[408077.7029,277982.4977],[405969.0037,278830.604900001],[404566.8981,276579.099400001],[403252.9982,277260.4044],[400195.2,275897.15],[397807.696,278256.3993],[401046.1993,279857.401000001],[398941.4001,281632.402899999],[399196.7991,284914.603399999],[401598.1979,285468.105],[402540.9959,287117.003],[403439.4025,287257.8027],[404296.6992,288946.7992],[402606.404,289665.603499999],[402675.9016,292281.704600001],[404882.9186,292604.939200001],[404630.0965,294218.3003],[405646.5971,294385.5024],[408316.9993,296850.696699999],[408730.9013,298576.7027],[410009.8879,300484.4748],[411735.3027,301227.8038],[413878.2023,300165.597899999],[414459.3379,298918.633099999]]]},"properties":{"LAD24CD":"E08000025"}},{"type":"Feature","geometry":{"type":"Polygon","coordinates":[[[436855.9013,284269.3981],[439262.0988,281820.698999999],[438328.8,279297.800000001],[438785.1,277792.800000001],[436586.1972,275157.996200001],[433826.501,275643.397299999],[433190.38,274661.619999999],[432453.5004,275811.4991],[430574.4015,274074.396400001],[429526.0008,276381.396],[427245.7962,276881.2029],[427154.1028,279857.1011],[426312.1997,281177.5031],[426725.7967,282389.1963],[427611.7037,282514.8003],[427584.1982,284293.701099999],[427962.597,284962.399700001],[429915.1017,284229.6994],[431352.54,285304.26],[433736.6,283680.949999999],[434615.3,284636.34],[436855.9013,284269.3981]]]},"properties":{"LAD24CD":"E08000026"}},{"type":"Feature","geometry":{"type":"Polygon","coordinates":[[[395082.8022,294671.2006],[394696.6036,291802.3018],[396210.8008,290486.7984],[395728.8028,287694.897600001],[393500.8965,285609.104599999],[396086.8033,284892.1998],[398551.5984,286957.0988],[399196.7991,284914.603399999],[398941.4001,281632.402899999],[397581.501,281061.496300001],[397521.6006,282620.100199999],[396304.7038,282592.898],[395848.9993,281049.899700001],[395470.0975,281913.9024],[394331.33,281576.609999999],[393397.1984,283038.500399999],[390847.001,280927.504699999],[388887.9992,281369.3982],[388103.8032,284109.603800001],[388723.9967,285967.901900001],[387067.65,289521.5],[390310.701,291029.303099999],[389769.8992,291989.498199999],[390899.4973,292962.1998],[391046.0038,295142.795600001],[391862.3968,295460.4047],[392755.7986,294013.9987],[394681.27,295470.960000001],[395082.8022,294671.2006]]]},"properties":{"LAD24CD":"E08000027"}},{"type":"Feature","geometry":{"type":"Polygon","coordinates":[[[405646.5971,294385.5024],[404630.0965,294218.3003],[404882.9186,292604.939200001],[402675.9016,292281.704600001],[402606.404,289665.603499999],[404296.6992,288946.7992],[403439.4025,287257.8027],[402540.9959,287117.003],[401598.1979,285468.105],[399196.7991,284914.603399999],[398551.5984,286957.0988],[396086.8033,284892.1998],[393500.8965,285609.104599999],[395728.8028,287694.897600001],[396210.8008,290486.7984],[394696.6036,291802.3018],[395082.8022,294671.2006],[396639.8985,294986.8003],[399352.5978,296802.8005],[401758.0037,295300.8004],[402527.3009,296153.896199999],[403414.0984,295443.1996],[404575.9017,295800.1974],[405646.5971,294385.5024]]]},"properties":{"LAD24CD":"E08000028"}},{"type":"Feature","geometry":{"type":"Polygon","coordinates":[[[427584.1982,284293.701099999],[427611.7037,282514.8003],[426725.7967,282389.1963],[426312.1997,281177.5031],[427154.1028,279857.1011],[427245.7962,276881.2029],[425800.0989,274300.001800001],[424040.8997,273243.204299999],[423186.9999,274232.101199999],[421591.55,273944.16],[420947.0972,272591.800799999],[419266.0163,273119.418299999],[419126.9999,274982.0966],[418122.9988,274699.5974],[417400.92,273007.880000001],[415103.38,274045.880000001],[415369.3156,272232.3708],[413183.3003,274299.801899999],[408810.43,274401.57],[410608.6975,277983.7973],[409024.5,278529.050000001],[409167.601,279233.7995],[410674.4024,279148.6039],[411342.7965,279948.8049],[413664.9025,284500.202],[415106.1969,283598.600099999],[416433.8991,283798.203],[416675.397,289090.3981],[413709.7969,289616.6975],[416824,290590.5],[422044.4983,282089.801999999],[422763.4017,281994.599300001],[423051.0966,282977.8978],[424458.3966,282870.298599999],[425611.6003,285130.601600001],[427584.1982,284293.701099999]]]},"properties":{"LAD24CD":"E08000029"}},{"type":"Feature","geometry":{"type":"Polygon","coordinates":[[[408730.9013,298576.7027],[408316.9993,296850.696699999],[405646.5971,294385.5024],[404575.9017,295800.1974],[403414.0984,295443.1996],[402527.3009,296153.896199999],[401758.0037,295300.8004],[399352.5978,296802.8005],[396639.8985,294986.8003],[395896.598,295601.404300001],[396706.5021,297146.0022],[394823.8991,298696.0985],[396398.6975,300339.4981],[396663.1001,302527.901699999],[398053.8116,302130.103399999],[398097.55,303096.310000001],[401006.7962,304738.898800001],[402738.1023,305007.102],[403166.4,307217.5],[403786.91,306510.710000001],[404583.39,307096.57],[406125.1982,306532.4954],[405636.1134,305803.342900001],[406519.0977,305054.2985],[405782.5005,304172.200999999],[407815.34,301960.57],[407393.7008,300154.900900001],[408730.9013,298576.7027]]]},"properties":{"LAD24CD":"E08000030"}},{"type":"Feature","geometry":{"type":"Polygon","coordinates":[[[396663.1001,302527.901699999],[396398.6975,300339.4981],[394823.8991,298696.0985],[396706.5021,297146.0022],[395896.598,295601.404300001],[396639.8985,294986.8003],[395082.8022,294671.2006],[394681.27,295470.960000001],[392755.7986,294013.9987],[391862.3968,295460.4047],[391046.0038,295142.795600001],[388195.1997,295186.802999999],[387875.2007,297423.2028],[386091.95,298608.4],[387279.7011,299012.097999999],[386796.5983,300997.899599999],[388641.9996,301296.1042],[388699.4017,302480.7951],[391188.0003,304437.095100001],[393245.0028,304147.8979],[394611.8031,301571.195499999],[396663.1001,302527.901699999]]]},"properties":{"LAD24CD":"E08000031"}},{"type":"Feature","geometry":{"type":"Polygon","coordinates":[[[418017.6437,446034.1753],[417705.97,444453.369999999],[418692.8,444045.1],[418145.62,443311.779999999],[416113.85,443194.16],[414064.2026,444544.5998],[413216.0002,443325.398800001],[415847.8979,440846.1985],[418821.001,441150.4014],[420153.1967,440187.1971],[419074.8994,431897.200099999],[421031.8976,432277.701199999],[421564.7017,431566.9047],[423794.0013,431541.901799999],[423196.8033,430260.998500001],[421089.5966,428946.104900001],[418923.6025,429603.296700001],[417655.5039,427869.403100001],[416767.8983,427854.5973],[416860.1028,426483.6997],[415870.0029,426497.595699999],[415267.6023,425561.8036],[412664.3974,429796.3015],[411447.0965,429721.103],[409629.8026,428000.895400001],[408494.4,428736.7048],[408440.2959,431378.998500001],[404830.097,432362.696900001],[401359.5034,432224.296499999],[400969.5038,433314.304500001],[396067.7597,436594.8048],[397009.203,437026.901799999],[397063.002,439322.3047],[398667.5981,441702.103499999],[401399.797,441655.096999999],[401450.1001,444994.801000001],[403224.1572,445262.170399999],[401616.8977,447808.195699999],[402522.0982,448585.903000001],[402317.0023,450605.305],[403335.6727,451174.960899999],[404824.4986,450485.1994],[408003.0026,451866.903899999],[409249.7,448524.9],[410854.97,448375.91],[410093.45,449418.9],[412893.1978,449227.8993],[414810.3971,447282.596100001],[416803.2037,447457.8959],[418017.6437,446034.1753]]]},"properties":{"LAD24CD":"E08000032"}},{"type":"Feature","geometry":{"type":"Polygon","coordinates":[[[415267.6023,425561.8036],[416353.0975,425521.7951],[417530.5005,424122.195699999],[417847.1026,420466.202199999],[416783.399,422044.7004],[411611.7009,419321.399900001],[409763.9992,419571.0984],[410433.9022,418858.702400001],[407065.3,416549.5033],[404450.1975,416871.0013],[401900.0991,414358.7005],[399470.8979,413357.697000001],[398573.4972,413253.2969],[398323.8038,414179.9016],[396713.0981,420803.295700001],[393960.37,419300.710000001],[392295.9963,419423.8006],[391239.2021,421037.6986],[390700.5028,420178.9044],[390432.596,420649.5997],[388662.7529,425190.572799999],[391447.8021,428359.402799999],[391111.7994,431537.6031],[391874.3026,432420.8002],[391643.1029,433642.400599999],[392703.4013,434383.498400001],[396067.7597,436594.8048],[400969.5038,433314.304500001],[401359.5034,432224.296499999],[404830.097,432362.696900001],[408440.2959,431378.998500001],[408494.4,428736.7048],[409629.8026,428000.895400001],[411447.0965,429721.103],[412664.3974,429796.3015],[415267.6023,425561.8036]]]},"properties":{"LAD24CD":"E08000033"}},{"type":"Feature","geometry":{"type":"Polygon","coordinates":[[[421089.5966,428946.104900001],[422623.5984,427728.103499999],[423978.4021,427987.499299999],[424952.4984,424745.7972],[427009.3031,424755.904300001],[428408.6961,423414.2983],[426613.804,422666.9023],[426346.3012,421818.795],[427046.7027,421507.1043],[425515.298,420190.901000001],[427150.4998,418317.6972],[424889.5968,417524.1044],[425649.0989,414293.899],[427460.8026,412368.200200001],[427368.6971,410844.7963],[426460.6025,410202.4002],[426835.0025,409006.002699999],[425556.5975,407445.8992],[423397.6035,407342.0989],[421995.9019,406337.6964],[418434.4973,407067.897399999],[417224.6994,404965.499199999],[415217.8021,404155.6011],[413068.9001,404500.9022],[411883.9034,402726.3002],[410585.1991,402591.6987],[408481.1997,404870.5964],[407115.9989,404109.804199999],[406087.1967,404640.102399999],[405869.0983,406114.3004],[403891.0999,407224.602600001],[399470.8979,413357.697000001],[401900.0991,414358.7005],[404450.1975,416871.0013],[407065.3,416549.5033],[410433.9022,418858.702400001],[409763.9992,419571.0984],[411611.7009,419321.399900001],[416783.399,422044.7004],[417847.1026,420466.202199999],[417530.5005,424122.195699999],[416353.0975,425521.7951],[415267.6023,425561.8036],[415870.0029,426497.595699999],[416860.1028,426483.6997],[416767.8983,427854.5973],[417655.5039,427869.403100001],[418923.6025,429603.296700001],[421089.5966,428946.104900001]]]},"properties":{"LAD24CD":"E08000034"}},{"type":"Feature","geometry":{"type":"Polygon","coordinates":[[[446137.37,427478.619999999],[439713.95,424933.350099999],[436837.3005,425900.5966],[433858.9041,425825.998],[433372.9979,425216.3025],[432399.5035,426030.7994],[429192.7025,422593.4033],[428408.6961,423414.2983],[427009.3031,424755.904300001],[424952.4984,424745.7972],[423978.4021,427987.499299999],[422623.5984,427728.103499999],[421089.5966,428946.104900001],[423196.8033,430260.998500001],[423794.0013,431541.901799999],[421564.7017,431566.9047],[421031.8976,432277.701199999],[419074.8994,431897.200099999],[420153.1967,440187.1971],[418821.001,441150.4014],[415847.8979,440846.1985],[413216.0002,443325.398800001],[414064.2026,444544.5998],[416113.85,443194.16],[418145.62,443311.779999999],[418692.8,444045.1],[417705.97,444453.369999999],[418017.6437,446034.1753],[418625.86,445854.5],[419336.2019,447036.796499999],[420815.2999,446092.5967],[422755.0989,446312.603800001],[422979.32,445552.050000001],[425021.78,445311.970000001],[426415.41,446019.27],[427173.9,445090.800000001],[427451.87,445980.970000001],[429541.04,445290.59],[429738.3029,446177.002599999],[433020.2,446687.796399999],[435382.891,445657.99],[437345.0973,446219.4004],[437356.5002,448047.7971],[439056.0959,448129.9036],[439667.797,449769.1043],[443391.2006,450175.2981],[443115.48,449461.810000001],[445587.27,448933.07],[445483.06,447764.09],[446452.42,448093.449999999],[445587.25,447443.58],[446253.49,447504.380000001],[446055.52,445931.460000001],[444655.96,445401.199999999],[445317.2964,441268.997500001],[442656.9037,440250.199100001],[444411.4033,438449.804500001],[443790.7975,437683.603800001],[445946.5017,435806.700999999],[445213.4003,435023.0953],[445313.3964,431908.3969],[446877.3031,429880.6973],[446585.5022,429017.5043],[445444.6001,429053.7041],[445252.1028,427693.5033],[446137.37,427478.619999999]]]},"properties":{"LAD24CD":"E08000035"}},{"type":"Feature","geometry":{"type":"Polygon","coordinates":[[[450841.0008,414112.7009],[451171.8009,413695.500299999],[449827.6004,413572.395500001],[449208.9982,410855.903100001],[447221.1964,409582.197699999],[445931.2978,408972.5022],[443213.9978,409834.895400001],[441339.7964,412391.8035],[439781.9004,411509.796],[436641.3978,413049.5952],[434268.898,411043.399499999],[433507.1038,411963.796],[433416.202,411316.001399999],[431951.302,411566.899599999],[431154.6972,410828.401000001],[429180.9038,412420.495300001],[427460.8026,412368.200200001],[425649.0989,414293.899],[424889.5968,417524.1044],[427150.4998,418317.6972],[425515.298,420190.901000001],[427046.7027,421507.1043],[426346.3012,421818.795],[426613.804,422666.9023],[428408.6961,423414.2983],[429192.7025,422593.4033],[432399.5035,426030.7994],[433372.9979,425216.3025],[433858.9041,425825.998],[436837.3005,425900.5966],[439713.95,424933.350099999],[446137.37,427478.619999999],[448361.9006,424530.9987],[450955.3,424548.300000001],[451164.6,423991.75],[451589.1989,424502.796700001],[452995.3334,422993.500600001],[452983.2,422345.779999999],[449990.5221,422043.1775],[449315.7965,416800.8014],[450841.0008,414112.7009]]]},"properties":{"LAD24CD":"E08000036"}},{"type":"Feature","geometry":{"type":"Polygon","coordinates":[[[414852.3201,565172.7481],[416337,565249.050000001],[418053.6083,563684.331900001],[419204.3,564064.949999999],[423146.6981,562795.0011],[426068.5004,564072.895300001],[428666.1976,562806.5977],[429837.1034,563498.5997],[431136.2035,562629.8983],[431419.5038,559773.595899999],[427728.6022,558965.7972],[428496.3988,557255.296800001],[428364.9765,554226.32],[427053.7027,553747.5009],[426119.75,556438.449999999],[422519.6035,553895.498500001],[422591.5993,555416.403200001],[420904.8,555976.9027],[420950.0984,557252.797499999],[419869.2038,556473.1007],[419430.6,557188.74],[417735.4,557159.4],[417013.45,558237.550000001],[414926.5041,556913.5046],[414098.2,557448.4],[413274.707,556557.616],[411599.4961,556797.513699999],[409539.5027,558088.2983],[410278.2025,559459.9957],[411189.04,559524.58],[410753.69,562088.220000001],[412080.66,564645.77],[413632.93,565538.43],[414852.3201,565172.7481]]]},"properties":{"LAD24CD":"E08000037"}},{"type":"Feature","geometry":{"type":"Polygon","coordinates":[[[533332.868,180406.808599999],[531312.4159,180688.2655],[531155.16,180673.115],[531130.6318,181291.2053],[531556.9022,181660.5074],[532943.2195,181896.183700001],[533404.8691,182037.770400001],[533332.868,180406.808599999]]]},"properties":{"LAD24CD":"E09000001"}},{"type":"Feature","geometry":{"type":"Polygon","coordinates":[[[549992.0255,181417.521600001],[549894.9943,181468.579500001],[547660.05,182215.800000001],[545681.992,181645.736300001],[545680.3796,181644.5305],[545263.2557,182828.966800001],[543874.6702,183187.502900001],[543523.1017,184859.7609],[545262.8141,185072.570699999],[546985.5258,186403.5297],[547817.454,188036.263699999],[547409.4911,189682.7478],[548880.9093,191088.3006],[548875.4118,187730.2018],[549951.6503,186962.799900001],[551552.699,187444.004000001],[551944.9129,186024.391899999],[549992.0255,181417.521600001]]]},"properties":{"LAD24CD":"E09000002"}},{"type":"Feature","geometry":{"type":"Polygon","coordinates":[[[525822.4945,198220.516799999],[525566.677,197564.555600001],[527742.239,196806.7422],[529581.8886,194263.051100001],[528563.4039,192372.4562],[528979.2774,191790.677200001],[528140.9039,190354.552999999],[527762.021,191218.884],[527770.8081,189090.054500001],[526832.2815,187533.895],[523950.989,185545.745999999],[522524.1969,187379.502499999],[521301.272,187161.093800001],[521464.5588,188726.059699999],[520114.3771,190480.719599999],[517435.8155,194420.872099999],[520679.6,195106.15],[521110.9028,196700.5044],[523755.9019,197353.897399999],[524339.2977,198344.4038],[525206.002,197672.596100001],[525822.4945,198220.516799999]]]},"properties":{"LAD24CD":"E09000003"}},{"type":"Feature","geometry":{"type":"Polygon","coordinates":[[[550181.2989,180645.755100001],[550636.4159,180054.4279],[550665.9697,179999.9748],[551724.66,178049.33],[554087.2996,178055.750399999],[554340.0757,177876.9792],[553185.95,175117],[551101.4,173827.35],[550557.8994,172175.004799999],[549962.8039,172412.4968],[549830.7015,169941.5041],[549549.0594,169902.1479],[546620.2419,170466.485400001],[544362.7729,172374.3167],[545165.6732,173654.4309],[544736.4521,176241.581800001],[545814.8504,177252.9497],[547612.1013,177460.202299999],[547118.2012,181281.8728],[547225.8334,181299.9267],[550181.2989,180645.755100001]]]},"properties":{"LAD24CD":"E09000004"}},{"type":"Feature","geometry":{"type":"Polygon","coordinates":[[[523950.989,185545.745999999],[525529.3688,183481.6953],[525205.5366,182510.801999999],[524590.1165,183087.3202],[523849.2992,182508.904100001],[522981.3366,182754.7283],[521737.4558,182993.860099999],[519114.6967,182506.127599999],[519212.9875,183591.7205],[517493.8489,182932.876499999],[517441.408,184354.926100001],[515485.4348,185498.1379],[516381.3815,186978.382200001],[516046.7779,187983.0338],[517545.9482,188938.539899999],[519091.2727,188750.103599999],[518519.0376,189683.452],[520114.3771,190480.719599999],[521464.5588,188726.059699999],[521301.272,187161.093800001],[522524.1969,187379.502499999],[523950.989,185545.745999999]]]},"properties":{"LAD24CD":"E09000005"}},{"type":"Feature","geometry":{"type":"Polygon","coordinates":[[[544362.7729,172374.3167],[546620.2419,170466.485400001],[549549.0594,169902.1479],[550541.2032,168157.4048],[549521.5035,168162.0035],[549897.1979,165601.296499999],[548928.8979,162732.897500001],[547640.5,162692.4991],[547648.3,161079],[545401.397,159498.5034],[545520.2001,156949.2031],[542502.9034,156818.600500001],[541795.6998,158451.2031],[540596.2001,156667.2038],[539593.5637,160795.7805],[537421.5575,166327.900599999],[536723.2145,166046.66],[536715.648,167316.7019],[534467.5536,168932.4505],[533699.5054,170735.6269],[533716.1259,170817.350400001],[534004.2902,171448.98],[537043.1971,171470.7963],[538463.4152,170162.105],[540903.487,171942.1602],[541675.6825,171234.124600001],[541136.7502,173365.485099999],[543439.6088,171426.0934],[544362.7729,172374.3167]]]},"properties":{"LAD24CD":"E09000006"}},{"type":"Feature","geometry":{"type":"Polygon","coordinates":[[[528839.855,187215.909],[530323.7044,182986.081700001],[531556.9022,181660.5074],[531130.6318,181291.2053],[529903.1868,181052.4572],[528215.5563,183684.374399999],[525529.3688,183481.6953],[523950.989,185545.745999999],[526832.2815,187533.895],[528839.855,187215.909]]]},"properties":{"LAD24CD":"E09000007"}},{"type":"Feature","geometry":{"type":"Polygon","coordinates":[[[533699.5054,170735.6269],[534467.5536,168932.4505],[536715.648,167316.7019],[536723.2145,166046.66],[537421.5575,166327.900599999],[539593.5637,160795.7805],[536766.4,161786.699999999],[535881.9809,159952.3906],[533966.35,159603.4],[533161.4,157546.699999999],[530897.3863,155854.3116],[529955.36,157385.220000001],[528694.1988,157410.201099999],[528553.728,159655.540999999],[529310.8451,159897.9954],[529328.2869,161967.448799999],[531249.3488,162425.2684],[529904.494,167407.5809],[530593.6409,168177.6284],[530302.4506,169806.6489],[531320.7298,171048.770400001],[533699.5054,170735.6269]]]},"properties":{"LAD24CD":"E09000008"}},{"type":"Feature","geometry":{"type":"Polygon","coordinates":[[[521737.4558,182993.860099999],[521351.8241,179500.3134],[520355.7937,178641.8169],[519423.4121,179613.247300001],[518507.6573,179448.5001],[517290.2037,178353.514599999],[514585.232,179085.7413],[513132.8996,178093.0043],[510676.2324,179061.422599999],[512737.0555,182350.045600001],[509708.5983,183564.8784],[511379.0613,183848.172499999],[511128.8539,184437.454],[512557.9067,185256.6406],[515485.4348,185498.1379],[517441.408,184354.926100001],[517493.8489,182932.876499999],[519212.9875,183591.7205],[519114.6967,182506.127599999],[521737.4558,182993.860099999]]]},"properties":{"LAD24CD":"E09000009"}},{"type":"Feature","geometry":{"type":"Polygon","coordinates":[[[537543.796,199883.103399999],[537625.1006,196029.4965],[535730.7623,191462.1581],[528979.2774,191790.677200001],[528563.4039,192372.4562],[529581.8886,194263.051100001],[527742.239,196806.7422],[525566.677,197564.555600001],[525822.4945,198220.516799999],[527045.2031,200413.4016],[531023.5028,200933.602700001],[537543.796,199883.103399999]]]},"properties":{"LAD24CD":"E09000010"}},{"type":"Feature","geometry":{"type":"MultiPolygon","coordinates":[[[[537791.5004,177580.465500001],[537625.8619,177326.721899999],[537439.099,177934.5074],[537791.5004,177580.465500001]]],[[[538368.246,178339.926000001],[538364.45,178282.699999999],[538215.4149,178331.081700001],[538368.246,178339.926000001]]],[[[547118.2012,181281.8728],[547612.1013,177460.202299999],[545814.8504,177252.9497],[544736.4521,176241.581800001],[545165.6732,173654.4309],[544362.7729,172374.3167],[543439.6088,171426.0934],[541136.7502,173365.485099999],[539733.4641,175295.377699999],[540245.0318,176915.8181],[537969.0747,176209.798599999],[537657.2674,177224.5185],[539089.75,178517.85],[539015.7515,180000.0046],[539002.5139,180265.1483],[539043.7197,180280.2751],[539391.5849,180000.0009],[539999.9916,179509.808900001],[540433.85,179160.25],[542964.23,179241.57],[544252.69,179484.91],[544608.8892,179999.976500001],[545195.5874,180848.346100001],[545382.446,180990.722999999],[547118.2012,181281.8728]]]]},"properties":{"LAD24CD":"E09000011"}},{"type":"Feature","geometry":{"type":"Polygon","coordinates":[[[537570.523,185494.634500001],[537638.7001,184578.684900001],[534480.0743,183626.3727],[533404.8691,182037.770400001],[532943.2195,181896.183700001],[532088.011,183282.0648],[533464.544,184969.0681],[531487.3016,186801.000399999],[531921.3636,187797.8563],[534444.0983,188327.4012],[535464.6803,186663.776000001],[536764.6431,186523.705700001],[537570.523,185494.634500001]]]},"properties":{"LAD24CD":"E09000012"}},{"type":"Feature","geometry":{"type":"Polygon","coordinates":[[[522981.3366,182754.7283],[524050.7139,179499.9789],[526643.4359,176971.968900001],[525792.4566,175474.8401],[523602.9833,176317.7445],[522990.0811,178038.256100001],[522059.3628,178011.74],[521351.8241,179500.3134],[521737.4558,182993.860099999],[522981.3366,182754.7283]]]},"properties":{"LAD24CD":"E09000013"}},{"type":"Feature","geometry":{"type":"Polygon","coordinates":[[[535730.7623,191462.1581],[534444.0983,188327.4012],[531921.3636,187797.8563],[531487.3016,186801.000399999],[530405.8497,187968.191],[528839.855,187215.909],[526832.2815,187533.895],[527770.8081,189090.054500001],[527762.021,191218.884],[528140.9039,190354.552999999],[528979.2774,191790.677200001],[535730.7623,191462.1581]]]},"properties":{"LAD24CD":"E09000014"}},{"type":"Feature","geometry":{"type":"Polygon","coordinates":[[[517435.8155,194420.872099999],[520114.3771,190480.719599999],[518519.0376,189683.452],[519091.2727,188750.103599999],[517545.9482,188938.539899999],[516046.7779,187983.0338],[516381.3815,186978.382200001],[515485.4348,185498.1379],[512557.9067,185256.6406],[510603.0002,191689.5733],[513442.4023,192900.702099999],[516579.3018,194866.8993],[517435.8155,194420.872099999]]]},"properties":{"LAD24CD":"E09000015"}},{"type":"Feature","geometry":{"type":"MultiPolygon","coordinates":[[[[550333.8,180612],[550636.4159,180054.4279],[550181.2989,180645.755100001],[550333.8,180612]]],[[[557304.21,191408.109999999],[558841.3,187531.9989],[560412.2975,187750.496300001],[561956.6964,184981.898800001],[557223.3964,183903.297599999],[557157.0979,182311.803099999],[556473.7967,182292.4987],[556099.0999,183481.6982],[555313.1972,182418.102700001],[555681.0011,181163.401900001],[554622.5002,180975.5956],[554880.6035,180182.4027],[553794.5971,179779.198100001],[553651.631,179075.199899999],[553565.4981,179127.662799999],[551982.5,178817.199999999],[551555.3267,179999.9848],[551290.05,180734.5],[549992.0255,181417.521600001],[551944.9129,186024.391899999],[551552.699,187444.004000001],[549951.6503,186962.799900001],[548875.4118,187730.2018],[548880.9093,191088.3006],[548106.8983,193800.9044],[552402.402,194083.103599999],[554024.9971,194889.3029],[556018.0015,193395.7004],[556906.7036,192371.503599999],[556199.096,191601.403999999],[557304.21,191408.109999999]]]]},"properties":{"LAD24CD":"E09000016"}},{"type":"Feature","geometry":{"type":"Polygon","coordinates":[[[510603.0002,191689.5733],[512557.9067,185256.6406],[511128.8539,184437.454],[511379.0613,183848.172499999],[509708.5983,183564.8784],[512737.0555,182350.045600001],[510676.2324,179061.422599999],[510023.4603,177134.7765],[510455.6216,175743.5338],[508215.4689,173848.924000001],[507181.85,174166.5],[503603.77,175523.73],[504919.2023,178392.095100001],[505362.85,179773.85],[504439.8015,183254.903200001],[505700.3971,185577.6983],[503946.1037,190047.398800001],[504133.75,193615.199999999],[506926.8005,191511.6997],[508054.6012,192401.095100001],[510603.0002,191689.5733]]]},"properties":{"LAD24CD":"E09000017"}},{"type":"Feature","geometry":{"type":"Polygon","coordinates":[[[521351.8241,179500.3134],[522059.3628,178011.74],[521122.8065,176132.7839],[518677.9093,177863.8792],[516336.1253,174441.865],[513132.9981,174421.1018],[512125.0331,173504.870999999],[513603.0606,172668.0944],[511947.9613,170483.247],[507381.3012,172142.0042],[507181.85,174166.5],[508215.4689,173848.924000001],[510455.6216,175743.5338],[510023.4603,177134.7765],[510676.2324,179061.422599999],[513132.8996,178093.0043],[514585.232,179085.7413],[517290.2037,178353.514599999],[518507.6573,179448.5001],[519423.4121,179613.247300001],[520355.7937,178641.8169],[521351.8241,179500.3134]]]},"properties":{"LAD24CD":"E09000018"}},{"type":"Feature","geometry":{"type":"Polygon","coordinates":[[[531487.3016,186801.000399999],[533464.544,184969.0681],[532088.011,183282.0648],[532943.2195,181896.183700001],[531556.9022,181660.5074],[530323.7044,182986.081700001],[528839.855,187215.909],[530405.8497,187968.191],[531487.3016,186801.000399999]]]},"properties":{"LAD24CD":"E09000019"}},{"type":"Feature","geometry":{"type":"Polygon","coordinates":[[[523849.2992,182508.904100001],[526464.5002,179218.051200001],[527913.9989,179750.584899999],[528564.1539,177799.6646],[526643.4359,176971.968900001],[524050.7139,179499.9789],[522981.3366,182754.7283],[523849.2992,182508.904100001]]]},"properties":{"LAD24CD":"E09000020"}},{"type":"Feature","geometry":{"type":"Polygon","coordinates":[[[521670.3936,171845.699899999],[522577.9928,167051.3935],[522231.2007,166017.803200001],[521121.2,165939.6],[519254.67,163952.380000001],[518090.5193,160915.418199999],[516401.596,160201.801999999],[516362.5968,162360.5041],[517897.4974,165729.4998],[517139.496,167412.498],[517738.1602,168344.134299999],[517530.9681,171709.7985],[518931.898,171384.1011],[519236.7897,170411.565400001],[521450.6364,172366.7509],[521670.3936,171845.699899999]]]},"properties":{"LAD24CD":"E09000021"}},{"type":"Feature","geometry":{"type":"Polygon","coordinates":[[[533716.1259,170817.350400001],[533699.5054,170735.6269],[531320.7298,171048.770400001],[530302.4506,169806.6489],[528886.4987,169832.330399999],[529404.296,170556.8402],[529650.873,173090.3279],[529114.6143,173061.4737],[528518.9928,175719.408],[529972.1587,177985.095799999],[531155.16,180673.115],[531312.4159,180688.2655],[531463.2762,177402.029300001],[532767.2668,175851.193600001],[532020.1362,174258.1566],[533716.1259,170817.350400001]]]},"properties":{"LAD24CD":"E09000022"}},{"type":"Feature","geometry":{"type":"Polygon","coordinates":[[[537439.099,177934.5074],[537625.8619,177326.721899999],[537418.3142,177008.7772],[537657.2674,177224.5185],[537969.0747,176209.798599999],[540245.0318,176915.8181],[539733.4641,175295.377699999],[541136.7502,173365.485099999],[541675.6825,171234.124600001],[540903.487,171942.1602],[538463.4152,170162.105],[537043.1971,171470.7963],[534004.2902,171448.98],[534782.4035,173870.1467],[536161.6361,174710.101500001],[535207.767,178349.418299999],[536697.5514,178949.7567],[537238.16,178136.3818],[537439.099,177934.5074]]]},"properties":{"LAD24CD":"E09000023"}},{"type":"Feature","geometry":{"type":"Polygon","coordinates":[[[529404.296,170556.8402],[528886.4987,169832.330399999],[530302.4506,169806.6489],[530593.6409,168177.6284],[529904.494,167407.5809],[527763.225,167033.634199999],[527080.3527,167622.0449],[526157.1288,166711.3563],[524661.3996,166993.4509],[524106.1121,166076.727],[522577.9928,167051.3935],[521670.3936,171845.699899999],[525890.0359,172939.167300001],[526498.2246,171092.335200001],[529404.296,170556.8402]]]},"properties":{"LAD24CD":"E09000024"}},{"type":"Feature","geometry":{"type":"MultiPolygon","coordinates":[[[[545382.446,180990.722999999],[545195.5874,180848.346100001],[545282.45,180973.949999999],[545382.446,180990.722999999]]],[[[542212.6936,187007.615800001],[543523.1017,184859.7609],[543874.6702,183187.502900001],[545263.2557,182828.966800001],[545680.3796,181644.5305],[543481.2688,180000],[543114.2,179725.5],[540325.25,179765.699999999],[540133.1468,180000.002800001],[539999.9996,180162.398700001],[539530.2,180735.4],[539457.3179,180708.2171],[539290.7247,180646.082800001],[537341.6923,183811.5112],[537638.7001,184578.684900001],[537570.523,185494.634500001],[540166.6323,186072.156500001],[541959.0378,185977.5679],[542212.6936,187007.615800001]]]]},"properties":{"LAD24CD":"E09000025"}},{"type":"Feature","geometry":{"type":"Polygon","coordinates":[[[548106.8983,193800.9044],[548880.9093,191088.3006],[547409.4911,189682.7478],[547817.454,188036.263699999],[546985.5258,186403.5297],[545262.8141,185072.570699999],[543523.1017,184859.7609],[542212.6936,187007.615800001],[541959.0378,185977.5679],[540166.6323,186072.156500001],[539474.0185,190122.005999999],[540062.7219,192265.219599999],[539157.816,193048.9977],[540036.3027,194159.7017],[543645.5,191571.24],[548106.8983,193800.9044]]]},"properties":{"LAD24CD":"E09000026"}},{"type":"Feature","geometry":{"type":"Polygon","coordinates":[[[523602.9833,176317.7445],[522838.8627,176319.1097],[522823.0974,175368.627499999],[521235.594,175204.0156],[521053.3461,174322.8522],[522301.6128,173035.781300001],[521450.6364,172366.7509],[519236.7897,170411.565400001],[518931.898,171384.1011],[517530.9681,171709.7985],[517738.1602,168344.134299999],[517139.496,167412.498],[516440.1004,167192.900900001],[514211.0976,169374.996200001],[512535.7012,168963.404100001],[511947.9613,170483.247],[513603.0606,172668.0944],[512125.0331,173504.870999999],[513132.9981,174421.1018],[516336.1253,174441.865],[518677.9093,177863.8792],[521122.8065,176132.7839],[522059.3628,178011.74],[522990.0811,178038.256100001],[523602.9833,176317.7445]]]},"properties":{"LAD24CD":"E09000027"}},{"type":"Feature","geometry":{"type":"Polygon","coordinates":[[[533332.868,180406.808599999],[533838.3967,180214.8324],[534164.0151,180000.0364],[534546.7513,179747.5624],[535170.6983,180000.0397],[536406.25,180500],[536498.8109,179999.9899],[536691.559,178958.772600001],[536697.5514,178949.7567],[535207.767,178349.418299999],[536161.6361,174710.101500001],[534782.4035,173870.1467],[534004.2902,171448.98],[533716.1259,170817.350400001],[532020.1362,174258.1566],[532767.2668,175851.193600001],[531463.2762,177402.029300001],[531312.4159,180688.2655],[533332.868,180406.808599999]]]},"properties":{"LAD24CD":"E09000028"}},{"type":"Feature","geometry":{"type":"Polygon","coordinates":[[[529904.494,167407.5809],[531249.3488,162425.2684],[529328.2869,161967.448799999],[529310.8451,159897.9954],[528553.728,159655.540999999],[525650.7983,162043.504899999],[524049.79,160469.68],[523406.0969,161201.8958],[524262.2971,161986.4012],[523844.2972,163500.4978],[522241.54,164552.712099999],[522231.2007,166017.803200001],[522577.9928,167051.3935],[524106.1121,166076.727],[524661.3996,166993.4509],[526157.1288,166711.3563],[527080.3527,167622.0449],[527763.225,167033.634199999],[529904.494,167407.5809]]]},"properties":{"LAD24CD":"E09000029"}},{"type":"Feature","geometry":{"type":"MultiPolygon","coordinates":[[[[539043.7197,180280.2751],[539002.5139,180265.1483],[539000,180315.5],[539043.7197,180280.2751]]],[[[537341.6923,183811.5112],[539290.7247,180646.082800001],[538501.7,180351.800000001],[538478.3643,180000.004799999],[538368.246,178339.926000001],[538215.4149,178331.081700001],[537186.01,178665.26],[536948.4066,179999.967399999],[536819.15,180726.050000001],[535732.6219,180751.0777],[534771.5734,180000.0425],[534766.5658,179996.1292],[534756.1156,180000.042300001],[533386.5924,180512.8676],[533838.3967,180214.8324],[533332.868,180406.808599999],[533404.8691,182037.770400001],[534480.0743,183626.3727],[537638.7001,184578.684900001],[537341.6923,183811.5112]]]]},"properties":{"LAD24CD":"E09000030"}},{"type":"Feature","geometry":{"type":"Polygon","coordinates":[[[540036.3027,194159.7017],[539157.816,193048.9977],[540062.7219,192265.219599999],[539474.0185,190122.005999999],[540166.6323,186072.156500001],[537570.523,185494.634500001],[536764.6431,186523.705700001],[535464.6803,186663.776000001],[534444.0983,188327.4012],[535730.7623,191462.1581],[537625.1006,196029.4965],[540060.7988,195527.3002],[540036.3027,194159.7017]]]},"properties":{"LAD24CD":"E09000031"}},{"type":"Feature","geometry":{"type":"Polygon","coordinates":[[[529404.296,170556.8402],[526498.2246,171092.335200001],[525890.0359,172939.167300001],[521670.3936,171845.699899999],[521450.6364,172366.7509],[522301.6128,173035.781300001],[521053.3461,174322.8522],[521235.594,175204.0156],[522823.0974,175368.627499999],[522838.8627,176319.1097],[523602.9833,176317.7445],[525792.4566,175474.8401],[526643.4359,176971.968900001],[528564.1539,177799.6646],[529972.1587,177985.095799999],[528518.9928,175719.408],[529114.6143,173061.4737],[529650.873,173090.3279],[529404.296,170556.8402]]]},"properties":{"LAD24CD":"E09000032"}},{"type":"Feature","geometry":{"type":"Polygon","coordinates":[[[531130.6318,181291.2053],[531155.16,180673.115],[529972.1587,177985.095799999],[528564.1539,177799.6646],[527913.9989,179750.584899999],[526464.5002,179218.051200001],[523849.2992,182508.904100001],[524590.1165,183087.3202],[525205.5366,182510.801999999],[525529.3688,183481.6953],[528215.5563,183684.374399999],[529903.1868,181052.4572],[531130.6318,181291.2053]]]},"properties":{"LAD24CD":"E09000033"}}]}