WD22CD,WD22NM,WD22NMW,LAD22CD,LAD22NM,ObjectId
E05000839,Village,,E08000009,Trafford,1
E05000840,Abram,,E08000010,Wigan,2
E05000841,Ashton,,E08000010,Wigan,3
E05000842,Aspull New Springs Whelley,,E08000010,Wigan,4
E05000843,Astley Mosley Common,,E08000010,Wigan,5
E05000844,Atherleigh,,E08000010,Wigan,6
E05000845,Atherton,,E08000010,Wigan,7
E05000846,Bryn,,E08000010,Wigan,8
E05000847,Douglas,,E08000010,Wigan,9
E05000848,Golborne and Lowton West,,E08000010,Wigan,10
E05000849,Hindley,,E08000010,Wigan,11
E05000850,Hindley Green,,E08000010,Wigan,12
E05000851,Ince,,E08000010,Wigan,13
E05000852,Leigh East,,E08000010,Wigan,14
E05000853,Leigh South,,E08000010,Wigan,15
E05000854,Leigh West,,E08000010,Wigan,16
E05000855,Lowton East,,E08000010,Wigan,17
E05000856,Orrell,,E08000010,Wigan,18
E05000857,Pemberton,,E08000010,Wigan,19
E05000858,Shevington with Lower Ground,,E08000010,Wigan,20
E05000859,Standish with Langtree,,E08000010,Wigan,21
E05000860,Tyldesley,,E08000010,Wigan,22
E05000861,Wigan Central,,E08000010,Wigan,23
E05000862,Wigan West,,E08000010,Wigan,24
E05000863,Winstanley,,E08000010,Wigan,25
E05000864,Worsley Mesnes,,E08000010,Wigan,26
E05000886,Allerton and Hunts Cross,,E08000012,Liverpool,27
E05000887,Anfield,,E08000012,Liverpool,28
E05000888,Belle Vale,,E08000012,Liverpool,29
E05000889,Central,,E08000012,Liverpool,30
E05000890,Childwall,,E08000012,Liverpool,31
E05000891,Church,,E08000012,Liverpool,32
E05000892,Clubmoor,,E08000012,Liverpool,33
E05000893,County,,E08000012,Liverpool,34
E05000894,Cressington,,E08000012,Liverpool,35
E05000895,Croxteth,,E08000012,Liverpool,36
E05000896,Everton,,E08000012,Liverpool,37
E05000897,Fazakerley,,E08000012,Liverpool,38
E05000898,Greenbank,,E08000012,Liverpool,39
E05000899,Kensington and Fairfield,,E08000012,Liverpool,40
E05000900,Kirkdale,,E08000012,Liverpool,41
E05000901,Knotty Ash,,E08000012,Liverpool,42
E05000902,Mossley Hill,,E08000012,Liverpool,43
E05000903,Norris Green,,E08000012,Liverpool,44
E05000904,Old Swan,,E08000012,Liverpool,45
E05000905,Picton,,E08000012,Liverpool,46
E05000906,Princes Park,,E08000012,Liverpool,47
E05000907,Riverside,,E08000012,Liverpool,48
E05000908,St Michael's,,E08000012,Liverpool,49
E05000909,Speke-Garston,,E08000012,Liverpool,50
E05000650,Astley Bridge,,E08000001,Bolton,51
E05000651,Bradshaw,,E08000001,Bolton,52
E05000652,Breightmet,,E08000001,Bolton,53
E05000653,Bromley Cross,,E08000001,Bolton,54
E05000654,Crompton,,E08000001,Bolton,55
E05000655,Farnworth,,E08000001,Bolton,56
E05000656,Great Lever,,E08000001,Bolton,57
E05000657,Halliwell,,E08000001,Bolton,58
E05000658,Harper Green,,E08000001,Bolton,59
E05000659,Heaton and Lostock,,E08000001,Bolton,60
E05000660,Horwich and Blackrod,,E08000001,Bolton,61
E05000661,Horwich North East,,E08000001,Bolton,62
E05000662,Hulton,,E08000001,Bolton,63
E05000663,Kearsley,,E08000001,Bolton,64
E05000664,Little Lever and Darcy Lever,,E08000001,Bolton,65
E05000665,Rumworth,,E08000001,Bolton,66
E05000666,Smithills,,E08000001,Bolton,67
E05000667,Tonge with the Haulgh,,E08000001,Bolton,68
E05000668,Westhoughton North and Chew Moor,,E08000001,Bolton,69
E05000669,Westhoughton South,,E08000001,Bolton,70
E05000719,Alexandra,,E08000004,Oldham,71
E05000720,Chadderton Central,,E08000004,Oldham,72
E05000721,Chadderton North,,E08000004,Oldham,73
E05000722,Chadderton South,,E08000004,Oldham,74
E05000723,Coldhurst,,E08000004,Oldham,75
E05000724,Crompton,,E08000004,Oldham,76
E05000725,Failsworth East,,E08000004,Oldham,77
E05000726,Failsworth West,,E08000004,Oldham,78
E05000727,Hollinwood,,E08000004,Oldham,79
E05000728,Medlock Vale,,E08000004,Oldham,80
E05000729,Royton North,,E08000004,Oldham,81
E05000730,Royton South,,E08000004,Oldham,82
E05000731,Saddleworth North,,E08000004,Oldham,83
E05000732,Saddleworth South,,E08000004,Oldham,84
E05000733,Saddleworth West and Lees,,E08000004,Oldham,85
E05000734,St James',,E08000004,Oldham,86
E05000735,St Mary's,,E08000004,Oldham,87
E05000736,Shaw,,E08000004,Oldham,88
E05000737,Waterhead,,E08000004,Oldham,89
E05000738,Werneth,,E08000004,Oldham,90
E05000779,Bramhall North,,E08000007,Stockport,91
E05000780,Bramhall South and Woodford,,E08000007,Stockport,92
E05000781,Bredbury and Woodley,,E08000007,Stockport,93
E05000782,Bredbury Green and Romiley,,E08000007,Stockport,94
E05000783,Brinnington and Central,,E08000007,Stockport,95
E05000784,Cheadle and Gatley,,E08000007,Stockport,96
E05000785,Cheadle Hulme North,,E08000007,Stockport,97
E05000786,Cheadle Hulme South,,E08000007,Stockport,98
E05000787,Davenport and Cale Green,,E08000007,Stockport,99
E05000788,Edgeley and Cheadle Heath,,E08000007,Stockport,100
E05000789,Hazel Grove,,E08000007,Stockport,101
E05001123,Longbenton,,E08000022,North Tyneside,102
E05000910,Tuebrook and Stoneycroft,,E08000012,Liverpool,103
E05001263,Charlemont with Grove Vale,,E08000028,Sandwell,104
E05001173,Washington Central,,E08000024,Sunderland,105
E05000976,Central,,E08000016,Barnsley,106
E05000977,Cudworth,,E08000016,Barnsley,107
E05001124,Monkseaton North,,E08000022,North Tyneside,108
E05000790,Heald Green,,E08000007,Stockport,109
E05000978,Darfield,,E08000016,Barnsley,110
E05001174,Washington East,,E08000024,Sunderland,111
E05001264,Cradley Heath and Old Hill,,E08000028,Sandwell,112
E05000911,Warbreck,,E08000012,Liverpool,113
E05001125,Monkseaton South,,E08000022,North Tyneside,114
E05000791,Heatons North,,E08000007,Stockport,115
E05000979,Darton East,,E08000016,Barnsley,116
E05001175,Washington North,,E08000024,Sunderland,117
E05001265,Friar Park,,E08000028,Sandwell,118
E05000912,Wavertree,,E08000012,Liverpool,119
E05001126,Northumberland,,E08000022,North Tyneside,120
E05000792,Heatons South,,E08000007,Stockport,121
E05000980,Darton West,,E08000016,Barnsley,122
E05001176,Washington South,,E08000024,Sunderland,123
E05001266,Great Barr with Yew Tree,,E08000028,Sandwell,124
E05000913,West Derby,,E08000012,Liverpool,125
E05001127,Preston,,E08000022,North Tyneside,126
E05000793,Manor,,E08000007,Stockport,127
E05000981,Dearne North,,E08000016,Barnsley,128
E05001177,Washington West,,E08000024,Sunderland,129
E05001267,Great Bridge,,E08000028,Sandwell,130
E05000914,Woolton,,E08000012,Liverpool,131
E05001128,Riverside,,E08000022,North Tyneside,132
E05000794,Marple North,,E08000007,Stockport,133
E05000982,Dearne South,,E08000016,Barnsley,134
E05001218,Bablake,,E08000026,Coventry,135
E05001268,Greets Green and Lyng,,E08000028,Sandwell,136
E05000915,Yew Tree,,E08000012,Liverpool,137
E05001129,St Mary's,,E08000022,North Tyneside,138
E05000795,Marple South and High Lane,,E08000007,Stockport,139
E05000983,Dodworth,,E08000016,Barnsley,140
E05001219,Binley and Willenhall,,E08000026,Coventry,141
E05001269,Hateley Heath,,E08000028,Sandwell,142
E05000932,Ainsdale,,E08000014,Sefton,143
E05001130,Tynemouth,,E08000022,North Tyneside,144
E05000796,Offerton,,E08000007,Stockport,145
E05000984,Hoyland Milton,,E08000016,Barnsley,146
E05000985,Kingstone,,E08000016,Barnsley,147
E05000986,Monk Bretton,,E08000016,Barnsley,148
E05000987,North East,,E08000016,Barnsley,149
E05000988,Old Town,,E08000016,Barnsley,150
E05000989,Penistone East,,E08000016,Barnsley,151
E05000990,Penistone West,,E08000016,Barnsley,152
E05000991,Rockingham,,E08000016,Barnsley,153
E05000992,Royston,,E08000016,Barnsley,154
E05000993,St Helens,,E08000016,Barnsley,155
E05000994,Stairfoot,,E08000016,Barnsley,156
E05000995,Wombwell,,E08000016,Barnsley,157
E05000996,Worsbrough,,E08000016,Barnsley,158
E05001067,Birtley,,E08000037,Gateshead,159
E05001068,Blaydon,,E08000037,Gateshead,160
E05001069,Bridges,,E08000037,Gateshead,161
E05001071,Chowdene,,E08000037,Gateshead,162
E05001072,Crawcrook and Greenside,,E08000037,Gateshead,163
E05001073,Deckham,,E08000037,Gateshead,164
E05001074,Dunston and Teams,,E08000037,Gateshead,165
E05001075,Dunston Hill and Whickham East,,E08000037,Gateshead,166
E05001076,Felling,,E08000037,Gateshead,167
E05001077,High Fell,,E08000037,Gateshead,168
E05001078,Lamesley,,E08000037,Gateshead,169
E05001079,Lobley Hill and Bensham,,E08000037,Gateshead,170
E05001080,Low Fell,,E08000037,Gateshead,171
E05001081,Pelaw and Heworth,,E08000037,Gateshead,172
E05001082,"Ryton, Crookhill and Stella",,E08000037,Gateshead,173
E05001083,Saltwell,,E08000037,Gateshead,174
E05001084,Wardley and Leam Lane,,E08000037,Gateshead,175
E05001085,Whickham North,,E08000037,Gateshead,176
E05001086,Whickham South and Sunniside,,E08000037,Gateshead,177
E05001087,Windy Nook and Whitehills,,E08000037,Gateshead,178
E05001088,Winlaton and High Spen,,E08000037,Gateshead,179
E05001115,Battle Hill,,E08000022,North Tyneside,180
E05001116,Benton,,E08000022,North Tyneside,181
E05001117,Camperdown,,E08000022,North Tyneside,182
E05001118,Chirton,,E08000022,North Tyneside,183
E05001119,Collingwood,,E08000022,North Tyneside,184
E05001120,Cullercoats,,E08000022,North Tyneside,185
E05001121,Howdon,,E08000022,North Tyneside,186
E05001122,Killingworth,,E08000022,North Tyneside,187
E05000797,Reddish North,,E08000007,Stockport,188
E05001220,Cheylesmore,,E08000026,Coventry,189
E05001270,Langley,,E08000028,Sandwell,190
E05000798,Reddish South,,E08000007,Stockport,191
E05001131,Valley,,E08000022,North Tyneside,192
E05001221,Earlsdon,,E08000026,Coventry,193
E05001271,Newton,,E08000028,Sandwell,194
E05000933,Birkdale,,E08000014,Sefton,195
E05000799,Stepping Hill,,E08000007,Stockport,196
E05001132,Wallsend,,E08000022,North Tyneside,197
E05001222,Foleshill,,E08000026,Coventry,198
E05001272,Old Warley,,E08000028,Sandwell,199
E05000934,Blundellsands,,E08000014,Sefton,200
E05000800,Ashton Hurst,,E08000008,Tameside,201
E05001133,Weetslade,,E08000022,North Tyneside,202
E05001223,Henley,,E08000026,Coventry,203
E05001273,Oldbury,,E08000028,Sandwell,204
E05000935,Cambridge,,E08000014,Sefton,205
E05000801,Ashton St Michael's,,E08000008,Tameside,206
E05001134,Whitley Bay,,E08000022,North Tyneside,207
E05001224,Holbrook,,E08000026,Coventry,208
E05001274,Princes End,,E08000028,Sandwell,209
E05000936,Church,,E08000014,Sefton,210
E05000802,Ashton Waterloo,,E08000008,Tameside,211
E05001135,Beacon and Bents,,E08000023,South Tyneside,212
E05001225,Longford,,E08000026,Coventry,213
E05001275,Rowley,,E08000028,Sandwell,214
E05001276,St Pauls,,E08000028,Sandwell,215
E05001277,Smethwick,,E08000028,Sandwell,216
E05001278,Soho and Victoria,,E08000028,Sandwell,217
E05001279,Tipton Green,,E08000028,Sandwell,218
E05001280,Tividale,,E08000028,Sandwell,219
E05001281,Wednesbury North,,E08000028,Sandwell,220
E05001282,Wednesbury South,,E08000028,Sandwell,221
E05001283,West Bromwich Central,,E08000028,Sandwell,222
E05001284,Bickenhill,,E08000029,Solihull,223
E05001285,Blythe,,E08000029,Solihull,224
E05001286,Castle Bromwich,,E08000029,Solihull,225
E05001287,Chelmsley Wood,,E08000029,Solihull,226
E05001288,Dorridge and Hockley Heath,,E08000029,Solihull,227
E05001289,Elmdon,,E08000029,Solihull,228
E05001290,Kingshurst and Fordbridge,,E08000029,Solihull,229
E05001291,Knowle,,E08000029,Solihull,230
E05001292,Lyndon,,E08000029,Solihull,231
E05001293,Meriden,,E08000029,Solihull,232
E05001294,Olton,,E08000029,Solihull,233
E05001295,St Alphege,,E08000029,Solihull,234
E05001296,Shirley East,,E08000029,Solihull,235
E05001297,Shirley South,,E08000029,Solihull,236
E05001298,Shirley West,,E08000029,Solihull,237
E05001299,Silhill,,E08000029,Solihull,238
E05001300,Smith's Wood,,E08000029,Solihull,239
E05001301,Aldridge Central and South,,E08000030,Walsall,240
E05001302,Aldridge North and Walsall Wood,,E08000030,Walsall,241
E05001303,Bentley and Darlaston North,,E08000030,Walsall,242
E05001304,Birchills Leamore,,E08000030,Walsall,243
E05001305,Blakenall,,E08000030,Walsall,244
E05001306,Bloxwich East,,E08000030,Walsall,245
E05001307,Bloxwich West,,E08000030,Walsall,246
E05001308,Brownhills,,E08000030,Walsall,247
E05001309,Darlaston South,,E08000030,Walsall,248
E05001310,Paddock,,E08000030,Walsall,249
E05001311,Palfrey,,E08000030,Walsall,250
E05001312,Pelsall,,E08000030,Walsall,251
E05001136,Bede,,E08000023,South Tyneside,252
E05000937,Derby,,E08000014,Sefton,253
E05001226,Lower Stoke,,E08000026,Coventry,254
E05001137,Biddick and All Saints,,E08000023,South Tyneside,255
E05000803,Audenshaw,,E08000008,Tameside,256
E05000938,Duke's,,E08000014,Sefton,257
E05001227,Radford,,E08000026,Coventry,258
E05001138,Boldon Colliery,,E08000023,South Tyneside,259
E05000804,Denton North East,,E08000008,Tameside,260
E05000939,Ford,,E08000014,Sefton,261
E05001228,St Michael's,,E08000026,Coventry,262
E05001139,Cleadon and East Boldon,,E08000023,South Tyneside,263
E05000805,Denton South,,E08000008,Tameside,264
E05000940,Harington,,E08000014,Sefton,265
E05001229,Sherbourne,,E08000026,Coventry,266
E05001140,Cleadon Park,,E08000023,South Tyneside,267
E05000806,Denton West,,E08000008,Tameside,268
E05000941,Kew,,E08000014,Sefton,269
E05001230,Upper Stoke,,E08000026,Coventry,270
E05001141,Fellgate and Hedworth,,E08000023,South Tyneside,271
E05000807,Droylsden East,,E08000008,Tameside,272
E05000942,Linacre,,E08000014,Sefton,273
E05001231,Wainbody,,E08000026,Coventry,274
E05001142,Harton,,E08000023,South Tyneside,275
E05000808,Droylsden West,,E08000008,Tameside,276
E05000943,Litherland,,E08000014,Sefton,277
E05001232,Westwood,,E08000026,Coventry,278
E05001143,Hebburn North,,E08000023,South Tyneside,279
E05000809,Dukinfield,,E08000008,Tameside,280
E05000944,Manor,,E08000014,Sefton,281
E05001233,Whoberley,,E08000026,Coventry,282
E05001144,Hebburn South,,E08000023,South Tyneside,283
E05001145,Horsley Hill,,E08000023,South Tyneside,284
E05001146,Monkton,,E08000023,South Tyneside,285
E05001147,Primrose,,E08000023,South Tyneside,286
E05001148,Simonside and Rekendyke,,E08000023,South Tyneside,287
E05001149,Westoe,,E08000023,South Tyneside,288
E05001150,West Park,,E08000023,South Tyneside,289
E05001151,Whitburn and Marsden,,E08000023,South Tyneside,290
E05001152,Whiteleas,,E08000023,South Tyneside,291
E05001153,Barnes,,E08000024,Sunderland,292
E05001154,Castle,,E08000024,Sunderland,293
E05001155,Copt Hill,,E08000024,Sunderland,294
E05001156,Doxford,,E08000024,Sunderland,295
E05001157,Fulwell,,E08000024,Sunderland,296
E05001158,Hendon,,E08000024,Sunderland,297
E05001159,Hetton,,E08000024,Sunderland,298
E05001160,Houghton,,E08000024,Sunderland,299
E05001161,Millfield,,E08000024,Sunderland,300
E05001162,Pallion,,E08000024,Sunderland,301
E05001163,Redhill,,E08000024,Sunderland,302
E05001164,Ryhope,,E08000024,Sunderland,303
E05001165,St Anne's,,E08000024,Sunderland,304
E05001166,St Chad's,,E08000024,Sunderland,305
E05001167,St Michael's,,E08000024,Sunderland,306
E05001168,St Peter's,,E08000024,Sunderland,307
E05001169,Sandhill,,E08000024,Sunderland,308
E05001170,Shiney Row,,E08000024,Sunderland,309
E05001171,Silksworth,,E08000024,Sunderland,310
E05001172,Southwick,,E08000024,Sunderland,311
E05001234,Woodlands,,E08000026,Coventry,312
E05001235,Wyken,,E08000026,Coventry,313
E05001236,Amblecote,,E08000027,Dudley,314
E05001237,Belle Vale,,E08000027,Dudley,315
E05001238,Brierley Hill,,E08000027,Dudley,316
E05001239,Brockmoor and Pensnett,,E08000027,Dudley,317
E05001240,Castle and Priory,,E08000027,Dudley,318
E05001241,Coseley East,,E08000027,Dudley,319
E05001242,Cradley and Wollescote,,E08000027,Dudley,320
E05001243,Gornal,,E08000027,Dudley,321
E05001244,Halesowen North,,E08000027,Dudley,322
E05001245,Halesowen South,,E08000027,Dudley,323
E05001246,Hayley Green and Cradley South,,E08000027,Dudley,324
E05001247,Kingswinford North and Wall Heath,,E08000027,Dudley,325
E05001248,Kingswinford South,,E08000027,Dudley,326
E05001249,Lye and Stourbridge North,,E08000027,Dudley,327
E05001250,"Netherton, Woodside and St Andrews",,E08000027,Dudley,328
E05001251,Norton,,E08000027,Dudley,329
E05001252,Pedmore and Stourbridge East,,E08000027,Dudley,330
E05001253,Quarry Bank and Dudley Wood,,E08000027,Dudley,331
E05001254,St James's,,E08000027,Dudley,332
E05001255,St Thomas's,,E08000027,Dudley,333
E05001256,Sedgley,,E08000027,Dudley,334
E05001257,Upper Gornal and Woodsetton,,E08000027,Dudley,335
E05001258,Wollaston and Stourbridge Town,,E08000027,Dudley,336
E05001259,Wordsley,,E08000027,Dudley,337
E05001260,Abbey,,E08000028,Sandwell,338
E05001261,Blackheath,,E08000028,Sandwell,339
E05000810,Dukinfield Stalybridge,,E08000008,Tameside,340
E05001262,Bristnall,,E08000028,Sandwell,341
E05000945,Meols,,E08000014,Sefton,342
E05000811,Hyde Godley,,E08000008,Tameside,343
E05000946,Molyneux,,E08000014,Sefton,344
E05000812,Hyde Newton,,E08000008,Tameside,345
E05000947,Netherton and Orrell,,E08000014,Sefton,346
E05000813,Hyde Werneth,,E08000008,Tameside,347
E05000948,Norwood,,E08000014,Sefton,348
E05000949,Park,,E08000014,Sefton,349
E05000814,Longdendale,,E08000008,Tameside,350
E05000950,Ravenmeols,,E08000014,Sefton,351
E05000815,Mossley,,E08000008,Tameside,352
E05000951,St Oswald,,E08000014,Sefton,353
E05000816,St Peter's,,E08000008,Tameside,354
E05000952,Sudell,,E08000014,Sefton,355
E05000817,Stalybridge North,,E08000008,Tameside,356
E05000953,Victoria,,E08000014,Sefton,357
E05000818,Stalybridge South,,E08000008,Tameside,358
E05000954,Bebington,,E08000015,Wirral,359
E05000819,Altrincham,,E08000009,Trafford,360
E05000955,Bidston and St James,,E08000015,Wirral,361
E05000820,Ashton upon Mersey,,E08000009,Trafford,362
E05000956,Birkenhead and Tranmere,,E08000015,Wirral,363
E05000821,Bowdon,,E08000009,Trafford,364
E05000957,Bromborough,,E08000015,Wirral,365
E05000822,Broadheath,,E08000009,Trafford,366
E05000958,Clatterbridge,,E08000015,Wirral,367
E05000823,Brooklands,,E08000009,Trafford,368
E05000959,Claughton,,E08000015,Wirral,369
E05000824,Bucklow-St Martins,,E08000009,Trafford,370
E05000960,Eastham,,E08000015,Wirral,371
E05000825,Clifford,,E08000009,Trafford,372
E05000961,"Greasby, Frankby and Irby",,E08000015,Wirral,373
E05000826,Davyhulme East,,E08000009,Trafford,374
E05000962,Heswall,,E08000015,Wirral,375
E05000827,Davyhulme West,,E08000009,Trafford,376
E05000963,Hoylake and Meols,,E08000015,Wirral,377
E05000828,Flixton,,E08000009,Trafford,378
E05000964,Leasowe and Moreton East,,E08000015,Wirral,379
E05000829,Gorse Hill,,E08000009,Trafford,380
E05000965,Liscard,,E08000015,Wirral,381
E05000830,Hale Barns,,E08000009,Trafford,382
E05000966,Moreton West and Saughall Massie,,E08000015,Wirral,383
E05000831,Hale Central,,E08000009,Trafford,384
E05000967,New Brighton,,E08000015,Wirral,385
E05000832,Longford,,E08000009,Trafford,386
E05000968,Oxton,,E08000015,Wirral,387
E05000833,Priory,,E08000009,Trafford,388
E05000969,Pensby and Thingwall,,E08000015,Wirral,389
E05000834,St Mary's,,E08000009,Trafford,390
E05000970,Prenton,,E08000015,Wirral,391
E05000835,Sale Moor,,E08000009,Trafford,392
E05000971,Rock Ferry,,E08000015,Wirral,393
E05000836,Stretford,,E08000009,Trafford,394
E05000972,Seacombe,,E08000015,Wirral,395
E05000837,Timperley,,E08000009,Trafford,396
E05000973,Upton,,E08000015,Wirral,397
E05000838,Urmston,,E08000009,Trafford,398
E05000974,Wallasey,,E08000015,Wirral,399
E05000975,West Kirby and Thurstaston,,E08000015,Wirral,400
E05002237,Little Thurrock Blackshots,,E06000034,Thurrock,401
E05002238,Little Thurrock Rectory,,E06000034,Thurrock,402
E05002239,Ockendon,,E06000034,Thurrock,403
E05002240,Orsett,,E06000034,Thurrock,404
E05002241,South Chafford,,E06000034,Thurrock,405
E05002242,Stanford East and Corringham Town,,E06000034,Thurrock,406
E05002243,Stanford-le-Hope West,,E06000034,Thurrock,407
E05002244,Stifford Clays,,E06000034,Thurrock,408
E05002245,The Homesteads,,E06000034,Thurrock,409
E05002246,Tilbury Riverside and Thurrock Park,,E06000034,Thurrock,410
E05002247,Tilbury St Chads,,E06000034,Thurrock,411
E05002248,West Thurrock and South Stifford,,E06000034,Thurrock,412
E05002249,Chatham Central,,E06000035,Medway,413
E05002250,Cuxton and Halling,,E06000035,Medway,414
E05002251,Gillingham North,,E06000035,Medway,415
E05002252,Gillingham South,,E06000035,Medway,416
E05002253,Hempstead and Wigmore,,E06000035,Medway,417
E05002254,Lordswood and Capstone,,E06000035,Medway,418
E05002255,Luton and Wayfield,,E06000035,Medway,419
E05002256,Peninsula,,E06000035,Medway,420
E05002257,Princes Park,,E06000035,Medway,421
E05002258,Rainham Central,,E06000035,Medway,422
E05002259,Rainham North,,E06000035,Medway,423
E05002260,Rainham South,,E06000035,Medway,424
E05002261,River,,E06000035,Medway,425
E05002262,Rochester East,,E06000035,Medway,426
E05002263,Rochester South and Horsted,,E06000035,Medway,427
E05002264,Rochester West,,E06000035,Medway,428
E05002265,Strood North,,E06000035,Medway,429
E05002266,Strood Rural,,E06000035,Medway,430
E05002267,Strood South,,E06000035,Medway,431
E05002268,Twydall,,E06000035,Medway,432
E05002269,Walderslade,,E06000035,Medway,433
E05002270,Watling,,E06000035,Medway,434
E05002271,Ascot,,E06000036,Bracknell Forest,435
E05002272,Binfield with Warfield,,E06000036,Bracknell Forest,436
E05002273,Bullbrook,,E06000036,Bracknell Forest,437
E05002274,Central Sandhurst,,E06000036,Bracknell Forest,438
E05002275,College Town,,E06000036,Bracknell Forest,439
E05002276,Crown Wood,,E06000036,Bracknell Forest,440
E05002277,Crowthorne,,E06000036,Bracknell Forest,441
E05002278,Great Hollands North,,E06000036,Bracknell Forest,442
E05002279,Great Hollands South,,E06000036,Bracknell Forest,443
E05002280,Hanworth,,E06000036,Bracknell Forest,444
E05002281,Harmans Water,,E06000036,Bracknell Forest,445
E05002282,Little Sandhurst and Wellington,,E06000036,Bracknell Forest,446
E05002283,Old Bracknell,,E06000036,Bracknell Forest,447
E05002284,Owlsmoor,,E06000036,Bracknell Forest,448
E05002285,Priestwood and Garth,,E06000036,Bracknell Forest,449
E05002286,Warfield Harvest Ride,,E06000036,Bracknell Forest,450
E05001726,Wolds,,E06000012,North East Lincolnshire,451
E05002287,Wildridings and Central,,E06000036,Bracknell Forest,452
E05001451,Horbury and South Ossett,,E08000036,Wakefield,453
E05001313,Pheasey Park Farm,,E08000030,Walsall,454
E05001363,Thornton and Allerton,,E08000032,Bradford,455
E05001452,Knottingley,,E08000036,Wakefield,456
E05001453,Normanton,,E08000036,Wakefield,457
E05001454,Ossett,,E08000036,Wakefield,458
E05001455,Pontefract North,,E08000036,Wakefield,459
E05001456,Pontefract South,,E08000036,Wakefield,460
E05001457,South Elmsall and South Kirkby,,E08000036,Wakefield,461
E05001458,Stanley and Outwood East,,E08000036,Wakefield,462
E05001459,Wakefield East,,E08000036,Wakefield,463
E05001460,Wakefield North,,E08000036,Wakefield,464
E05001461,Wakefield Rural,,E08000036,Wakefield,465
E05001462,Wakefield South,,E08000036,Wakefield,466
E05001463,Wakefield West,,E08000036,Wakefield,467
E05001464,Wrenthorpe and Outwood West,,E08000036,Wakefield,468
E05001527,Billingham Central,,E06000004,Stockton-on-Tees,469
E05001528,Billingham East,,E06000004,Stockton-on-Tees,470
E05001529,Billingham North,,E06000004,Stockton-on-Tees,471
E05001530,Billingham South,,E06000004,Stockton-on-Tees,472
E05001531,Billingham West,,E06000004,Stockton-on-Tees,473
E05001532,Bishopsgarth and Elm Tree,,E06000004,Stockton-on-Tees,474
E05001533,Eaglescliffe,,E06000004,Stockton-on-Tees,475
E05001534,Fairfield,,E06000004,Stockton-on-Tees,476
E05001535,Grangefield,,E06000004,Stockton-on-Tees,477
E05001536,Hardwick and Salters Lane,,E06000004,Stockton-on-Tees,478
E05001537,Hartburn,,E06000004,Stockton-on-Tees,479
E05001538,Ingleby Barwick East,,E06000004,Stockton-on-Tees,480
E05001539,Ingleby Barwick West,,E06000004,Stockton-on-Tees,481
E05001540,Mandale and Victoria,,E06000004,Stockton-on-Tees,482
E05002092,Plymstock Radford,,E06000026,Plymouth,483
E05001653,Layton,,E06000009,Blackpool,484
E05001541,Newtown,,E06000004,Stockton-on-Tees,485
E05001542,Northern Parishes,,E06000004,Stockton-on-Tees,486
E05001543,Norton North,,E06000004,Stockton-on-Tees,487
E05001544,Norton South,,E06000004,Stockton-on-Tees,488
E05001545,Norton West,,E06000004,Stockton-on-Tees,489
E05001546,Parkfield and Oxbridge,,E06000004,Stockton-on-Tees,490
E05001547,Roseworth,,E06000004,Stockton-on-Tees,491
E05001548,Stainsby Hill,,E06000004,Stockton-on-Tees,492
E05001549,Stockton Town Centre,,E06000004,Stockton-on-Tees,493
E05001550,Village,,E06000004,Stockton-on-Tees,494
E05001551,Western Parishes,,E06000004,Stockton-on-Tees,495
E05001552,Yarm,,E06000004,Stockton-on-Tees,496
E05001643,Anchorsholme,,E06000009,Blackpool,497
E05001644,Bispham,,E06000009,Blackpool,498
E05001645,Bloomfield,,E06000009,Blackpool,499
E05001646,Brunswick,,E06000009,Blackpool,500
E05001647,Claremont,,E06000009,Blackpool,501
E05001648,Clifton,,E06000009,Blackpool,502
E05001649,Greenlands,,E06000009,Blackpool,503
E05001650,Hawes Side,,E06000009,Blackpool,504
E05001651,Highfield,,E06000009,Blackpool,505
E05001652,Ingthorpe,,E06000009,Blackpool,506
E05001727,Yarborough,,E06000012,North East Lincolnshire,507
E05002288,Winkfield and Cranbourne,,E06000036,Bracknell Forest,508
E05001314,Pleck,,E08000030,Walsall,509
E05001364,Toller,,E08000032,Bradford,510
E05001315,Rushall-Shelfield,,E08000030,Walsall,511
E05001316,St Matthew's,,E08000030,Walsall,512
E05001317,Short Heath,,E08000030,Walsall,513
E05001318,Streetly,,E08000030,Walsall,514
E05001319,Willenhall North,,E08000030,Walsall,515
E05001320,Willenhall South,,E08000030,Walsall,516
E05001321,Bilston East,,E08000031,Wolverhampton,517
E05001322,Bilston North,,E08000031,Wolverhampton,518
E05001323,Blakenhall,,E08000031,Wolverhampton,519
E05001324,Bushbury North,,E08000031,Wolverhampton,520
E05001325,Bushbury South and Low Hill,,E08000031,Wolverhampton,521
E05001326,East Park,,E08000031,Wolverhampton,522
E05001327,Ettingshall,,E08000031,Wolverhampton,523
E05001328,Fallings Park,,E08000031,Wolverhampton,524
E05001329,Graiseley,,E08000031,Wolverhampton,525
E05001330,Heath Town,,E08000031,Wolverhampton,526
E05001331,Merry Hill,,E08000031,Wolverhampton,527
E05001332,Oxley,,E08000031,Wolverhampton,528
E05001333,Park,,E08000031,Wolverhampton,529
E05001334,Penn,,E08000031,Wolverhampton,530
E05001335,St Peter's,,E08000031,Wolverhampton,531
E05001336,Spring Vale,,E08000031,Wolverhampton,532
E05001337,Tettenhall Regis,,E08000031,Wolverhampton,533
E05001338,Tettenhall Wightwick,,E08000031,Wolverhampton,534
E05002372,Arborfield,,E06000041,Wokingham,535
E05001339,Wednesfield North,,E08000031,Wolverhampton,536
E05001365,Tong,,E08000032,Bradford,537
E05001728,Ashby,,E06000013,North Lincolnshire,538
E05002093,St Budeaux,,E06000026,Plymouth,539
E05001654,Marton,,E06000009,Blackpool,540
E05002373,Barkham,,E06000041,Wokingham,541
E05001340,Wednesfield South,,E08000031,Wolverhampton,542
E05001366,Wharfedale,,E08000032,Bradford,543
E05001729,Axholme Central,,E06000013,North Lincolnshire,544
E05002094,St Peter and the Waterfront,,E06000026,Plymouth,545
E05001655,Norbreck,,E06000009,Blackpool,546
E05002374,Bulmershe and Whitegates,,E06000041,Wokingham,547
E05001341,Baildon,,E08000032,Bradford,548
E05001367,Wibsey,,E08000032,Bradford,549
E05001730,Axholme North,,E06000013,North Lincolnshire,550
E05002095,Southway,,E06000026,Plymouth,551
E05001656,Park,,E06000009,Blackpool,552
E05002375,Charvil,,E06000041,Wokingham,553
E05001342,Bingley,,E08000032,Bradford,554
E05001343,Bingley Rural,,E08000032,Bradford,555
E05001344,Bolton and Undercliffe,,E08000032,Bradford,556
E05001345,Bowling and Barkerend,,E08000032,Bradford,557
E05001346,Bradford Moor,,E08000032,Bradford,558
E05001347,City,,E08000032,Bradford,559
E05001348,Clayton and Fairweather Green,,E08000032,Bradford,560
E05001349,Craven,,E08000032,Bradford,561
E05001350,Eccleshill,,E08000032,Bradford,562
E05001351,Great Horton,,E08000032,Bradford,563
E05001352,Heaton,,E08000032,Bradford,564
E05001353,Idle and Thackley,,E08000032,Bradford,565
E05001354,Ilkley,,E08000032,Bradford,566
E05001355,Keighley Central,,E08000032,Bradford,567
E05001356,Keighley East,,E08000032,Bradford,568
E05001357,Keighley West,,E08000032,Bradford,569
E05001358,Little Horton,,E08000032,Bradford,570
E05001359,Manningham,,E08000032,Bradford,571
E05001360,Queensbury,,E08000032,Bradford,572
E05001361,Royds,,E08000032,Bradford,573
E05001362,Shipley,,E08000032,Bradford,574
E05002376,Coronation,,E06000041,Wokingham,575
E05002377,Emmbrook,,E06000041,Wokingham,576
E05002378,Evendons,,E06000041,Wokingham,577
E05002379,Finchampstead North,,E06000041,Wokingham,578
E05002380,Finchampstead South,,E06000041,Wokingham,579
E05002381,Hawkedon,,E06000041,Wokingham,580
E05002382,Hillside,,E06000041,Wokingham,581
E05002383,Hurst,,E06000041,Wokingham,582
E05002384,Loddon,,E06000041,Wokingham,583
E05002385,Maiden Erlegh,,E06000041,Wokingham,584
E05002386,Norreys,,E06000041,Wokingham,585
E05002387,"Remenham, Wargrave and Ruscombe",,E06000041,Wokingham,586
E05002388,Shinfield North,,E06000041,Wokingham,587
E05002389,Shinfield South,,E06000041,Wokingham,588
E05002390,Sonning,,E06000041,Wokingham,589
E05002391,South Lake,,E06000041,Wokingham,590
E05002392,Swallowfield,,E06000041,Wokingham,591
E05002393,Twyford,,E06000041,Wokingham,592
E05002394,Wescott,,E06000041,Wokingham,593
E05002395,Winnersh,,E06000041,Wokingham,594
E05002396,Wokingham Without,,E06000041,Wokingham,595
E05002420,Brunswick and Adelaide,,E06000043,Brighton and Hove,596
E05002421,Central Hove,,E06000043,Brighton and Hove,597
E05001368,Windhill and Wrose,,E08000032,Bradford,598
E05002422,East Brighton,,E06000043,Brighton and Hove,599
E05001369,Worth Valley,,E08000032,Bradford,600
E05001731,Axholme South,,E06000013,North Lincolnshire,601
E05002096,Stoke,,E06000026,Plymouth,602
E05001657,Squires Gate,,E06000009,Blackpool,603
E05002423,Goldsmid,,E06000043,Brighton and Hove,604
E05001370,Wyke,,E08000032,Bradford,605
E05001732,Barton,,E06000013,North Lincolnshire,606
E05002097,Sutton and Mount Gould,,E06000026,Plymouth,607
E05001658,Stanley,,E06000009,Blackpool,608
E05002424,Hangleton and Knoll,,E06000043,Brighton and Hove,609
E05001371,Brighouse,,E08000033,Calderdale,610
E05001733,Bottesford,,E06000013,North Lincolnshire,611
E05002193,Barnfield,,E06000032,Luton,612
E05001659,Talbot,,E06000009,Blackpool,613
E05002425,Hanover and Elm Grove,,E06000043,Brighton and Hove,614
E05001372,Calder,,E08000033,Calderdale,615
E05001734,Brigg and Wolds,,E06000013,North Lincolnshire,616
E05002194,Biscot,,E06000032,Luton,617
E05001660,Tyldesley,,E06000009,Blackpool,618
E05002426,Hollingdean and Stanmer,,E06000043,Brighton and Hove,619
E05001373,Elland,,E08000033,Calderdale,620
E05002195,Bramingham,,E06000032,Luton,621
E05001735,Broughton and Appleby,,E06000013,North Lincolnshire,622
E05002196,Challney,,E06000032,Luton,623
E05002427,Moulsecoomb and Bevendean,,E06000043,Brighton and Hove,624
E05001736,Brumby,,E06000013,North Lincolnshire,625
E05002197,Crawley,,E06000032,Luton,626
E05001374,Greetland and Stainland,,E08000033,Calderdale,627
E05001661,Victoria,,E06000009,Blackpool,628
E05002428,North Portslade,,E06000043,Brighton and Hove,629
E05001662,Warbreck,,E06000009,Blackpool,630
E05001375,Hipperholme and Lightcliffe,,E08000033,Calderdale,631
E05002198,Dallow,,E06000032,Luton,632
E05002429,Patcham,,E06000043,Brighton and Hove,633
E05001663,Waterloo,,E06000009,Blackpool,634
E05001376,Illingworth and Mixenden,,E08000033,Calderdale,635
E05002199,Farley,,E06000032,Luton,636
E05001737,Burringham and Gunness,,E06000013,North Lincolnshire,637
E05002430,Preston Park,,E06000043,Brighton and Hove,638
E05001687,Beverley Rural,,E06000011,East Riding of Yorkshire,639
E05001377,Luddendenfoot,,E08000033,Calderdale,640
E05002200,High Town,,E06000032,Luton,641
E05001738,Burton upon Stather and Winterton,,E06000013,North Lincolnshire,642
E05002431,Queen's Park,,E06000043,Brighton and Hove,643
E05001688,Bridlington Central and Old Town,,E06000011,East Riding of Yorkshire,644
E05001378,Northowram and Shelf,,E08000033,Calderdale,645
E05002201,Icknield,,E06000032,Luton,646
E05001739,Crosby and Park,,E06000013,North Lincolnshire,647
E05002432,Regency,,E06000043,Brighton and Hove,648
E05001689,Bridlington North,,E06000011,East Riding of Yorkshire,649
E05001379,Ovenden,,E08000033,Calderdale,650
E05002202,Leagrave,,E06000032,Luton,651
E05001740,Ferry,,E06000013,North Lincolnshire,652
E05002433,Rottingdean Coastal,,E06000043,Brighton and Hove,653
E05001690,Bridlington South,,E06000011,East Riding of Yorkshire,654
E05001380,Park,,E08000033,Calderdale,655
E05002203,Lewsey,,E06000032,Luton,656
E05001741,Frodingham,,E06000013,North Lincolnshire,657
E05002434,St. Peter's and North Laine,,E06000043,Brighton and Hove,658
E05001691,Cottingham North,,E06000011,East Riding of Yorkshire,659
E05001381,Rastrick,,E08000033,Calderdale,660
E05002204,Limbury,,E06000032,Luton,661
E05001742,Kingsway with Lincoln Gardens,,E06000013,North Lincolnshire,662
E05002435,South Portslade,,E06000043,Brighton and Hove,663
E05001692,Cottingham South,,E06000011,East Riding of Yorkshire,664
E05001382,Ryburn,,E08000033,Calderdale,665
E05002205,Northwell,,E06000032,Luton,666
E05001743,Ridge,,E06000013,North Lincolnshire,667
E05002436,Hove Park,,E06000043,Brighton and Hove,668
E05001693,Dale,,E06000011,East Riding of Yorkshire,669
E05001383,Skircoat,,E08000033,Calderdale,670
E05002206,Round Green,,E06000032,Luton,671
E05001744,Town,,E06000013,North Lincolnshire,672
E05002437,Westbourne,,E06000043,Brighton and Hove,673
E05001694,Driffield and Rural,,E06000011,East Riding of Yorkshire,674
E05001384,Sowerby Bridge,,E08000033,Calderdale,675
E05002207,Saints,,E06000032,Luton,676
E05001767,Abbey,,E06000015,Derby,677
E05002438,Wish,,E06000043,Brighton and Hove,678
E05001695,East Wolds and Coastal,,E06000011,East Riding of Yorkshire,679
E05001385,Todmorden,,E08000033,Calderdale,680
E05002208,South,,E06000032,Luton,681
E05001768,Allestree,,E06000015,Derby,682
E05002439,Withdean,,E06000043,Brighton and Hove,683
E05001696,Goole North,,E06000011,East Riding of Yorkshire,684
E05001697,Goole South,,E06000011,East Riding of Yorkshire,685
E05001698,Hessle,,E06000011,East Riding of Yorkshire,686
E05001699,Howden,,E06000011,East Riding of Yorkshire,687
E05001700,Howdenshire,,E06000011,East Riding of Yorkshire,688
E05001701,Mid Holderness,,E06000011,East Riding of Yorkshire,689
E05001702,Minster and Woodmansey,,E06000011,East Riding of Yorkshire,690
E05001703,North Holderness,,E06000011,East Riding of Yorkshire,691
E05001704,Pocklington Provincial,,E06000011,East Riding of Yorkshire,692
E05001705,St Mary's,,E06000011,East Riding of Yorkshire,693
E05001706,"Snaith, Airmyn, Rawcliffe and Marshland",,E06000011,East Riding of Yorkshire,694
E05001707,South East Holderness,,E06000011,East Riding of Yorkshire,695
E05001708,South Hunsley,,E06000011,East Riding of Yorkshire,696
E05001709,South West Holderness,,E06000011,East Riding of Yorkshire,697
E05001710,Tranby,,E06000011,East Riding of Yorkshire,698
E05001711,Willerby and Kirk Ella,,E06000011,East Riding of Yorkshire,699
E05001712,Wolds Weighton,,E06000011,East Riding of Yorkshire,700
E05001713,Croft Baker,,E06000012,North East Lincolnshire,701
E05001714,East Marsh,,E06000012,North East Lincolnshire,702
E05001715,Freshney,,E06000012,North East Lincolnshire,703
E05001716,Haverstoe,,E06000012,North East Lincolnshire,704
E05001717,Heneage,,E06000012,North East Lincolnshire,705
E05001718,Humberston and New Waltham,,E06000012,North East Lincolnshire,706
E05001719,Immingham,,E06000012,North East Lincolnshire,707
E05001720,Park,,E06000012,North East Lincolnshire,708
E05001721,Scartho,,E06000012,North East Lincolnshire,709
E05001722,Sidney Sussex,,E06000012,North East Lincolnshire,710
E05001723,South,,E06000012,North East Lincolnshire,711
E05001724,Waltham,,E06000012,North East Lincolnshire,712
E05001725,West Marsh,,E06000012,North East Lincolnshire,713
E05002440,Woodingdean,,E06000043,Brighton and Hove,714
E05002441,Baffins,,E06000044,Portsmouth,715
E05002442,Central Southsea,,E06000044,Portsmouth,716
E05001386,Town,,E08000033,Calderdale,717
E05001387,Warley,,E08000033,Calderdale,718
E05001389,Ashbrow,,E08000034,Kirklees,719
E05001390,Batley East,,E08000034,Kirklees,720
E05001391,Batley West,,E08000034,Kirklees,721
E05001392,Birstall and Birkenshaw,,E08000034,Kirklees,722
E05001393,Cleckheaton,,E08000034,Kirklees,723
E05001396,Dalton,,E08000034,Kirklees,724
E05001397,Denby Dale,,E08000034,Kirklees,725
E05001398,Dewsbury East,,E08000034,Kirklees,726
E05001399,Dewsbury South,,E08000034,Kirklees,727
E05001400,Dewsbury West,,E08000034,Kirklees,728
E05001401,Golcar,,E08000034,Kirklees,729
E05001402,Greenhead,,E08000034,Kirklees,730
E05001403,Heckmondwike,,E08000034,Kirklees,731
E05001405,Holme Valley South,,E08000034,Kirklees,732
E05001407,Lindley,,E08000034,Kirklees,733
E05001408,Liversedge and Gomersal,,E08000034,Kirklees,734
E05001409,Mirfield,,E08000034,Kirklees,735
E05001410,Newsome,,E08000034,Kirklees,736
E05001444,"Ackworth, North Elmsall and Upton",,E08000036,Wakefield,737
E05001445,Airedale and Ferry Fryston,,E08000036,Wakefield,738
E05001446,Altofts and Whitwood,,E08000036,Wakefield,739
E05001447,Castleford Central and Glasshoughton,,E08000036,Wakefield,740
E05001448,"Crofton, Ryhill and Walton",,E08000036,Wakefield,741
E05001449,Featherstone,,E08000036,Wakefield,742
E05001450,Hemsworth,,E08000036,Wakefield,743
E05002209,Stopsley,,E06000032,Luton,744
E05001769,Alvaston,,E06000015,Derby,745
E05001770,Arboretum,,E06000015,Derby,746
E05001771,Blagreaves,,E06000015,Derby,747
E05001772,Boulton,,E06000015,Derby,748
E05001773,Chaddesden,,E06000015,Derby,749
E05001774,Chellaston,,E06000015,Derby,750
E05001775,Darley,,E06000015,Derby,751
E05001776,Derwent,,E06000015,Derby,752
E05001777,Littleover,,E06000015,Derby,753
E05001778,Mackworth,,E06000015,Derby,754
E05001779,Mickleover,,E06000015,Derby,755
E05001780,Normanton,,E06000015,Derby,756
E05001781,Oakwood,,E06000015,Derby,757
E05001782,Sinfin,,E06000015,Derby,758
E05001783,Spondon,,E06000015,Derby,759
E05002078,Budshead,,E06000026,Plymouth,760
E05002079,Compton,,E06000026,Plymouth,761
E05002080,Devonport,,E06000026,Plymouth,762
E05002081,Drake,,E06000026,Plymouth,763
E05002082,Efford and Lipson,,E06000026,Plymouth,764
E05002083,Eggbuckland,,E06000026,Plymouth,765
E05002084,Ham,,E06000026,Plymouth,766
E05002085,Honicknowle,,E06000026,Plymouth,767
E05002086,Moor View,,E06000026,Plymouth,768
E05002087,Peverell,,E06000026,Plymouth,769
E05002088,Plympton Chaddlewood,,E06000026,Plymouth,770
E05002089,Plympton Erle,,E06000026,Plymouth,771
E05002090,Plympton St Mary,,E06000026,Plymouth,772
E05002091,Plymstock Dunstone,,E06000026,Plymouth,773
E05002210,Sundon Park,,E06000032,Luton,774
E05002211,Wigmore,,E06000032,Luton,775
E05002212,Belfairs,,E06000033,Southend-on-Sea,776
E05002213,Blenheim Park,,E06000033,Southend-on-Sea,777
E05002214,Chalkwell,,E06000033,Southend-on-Sea,778
E05002215,Eastwood Park,,E06000033,Southend-on-Sea,779
E05002216,Kursaal,,E06000033,Southend-on-Sea,780
E05002217,Leigh,,E06000033,Southend-on-Sea,781
E05002218,Milton,,E06000033,Southend-on-Sea,782
E05002219,Prittlewell,,E06000033,Southend-on-Sea,783
E05002220,St Laurence,,E06000033,Southend-on-Sea,784
E05002221,St. Luke's,,E06000033,Southend-on-Sea,785
E05002222,Shoeburyness,,E06000033,Southend-on-Sea,786
E05002223,Southchurch,,E06000033,Southend-on-Sea,787
E05002224,Thorpe,,E06000033,Southend-on-Sea,788
E05002225,Victoria,,E06000033,Southend-on-Sea,789
E05002226,Westborough,,E06000033,Southend-on-Sea,790
E05002227,West Leigh,,E06000033,Southend-on-Sea,791
E05002228,West Shoebury,,E06000033,Southend-on-Sea,792
E05002229,Aveley and Uplands,,E06000034,Thurrock,793
E05002230,Belhus,,E06000034,Thurrock,794
E05002231,Chadwell St Mary,,E06000034,Thurrock,795
E05002232,Chafford and North Stifford,,E06000034,Thurrock,796
E05002233,Corringham and Fobbing,,E06000034,Thurrock,797
E05002234,East Tilbury,,E06000034,Thurrock,798
E05002235,Grays Riverside,,E06000034,Thurrock,799
E05002236,Grays Thurrock,,E06000034,Thurrock,800
E05004169,North Weald Bassett,,E07000072,Epping Forest,801
E05004170,Passingford,,E07000072,Epping Forest,802
E05004171,Roydon,,E07000072,Epping Forest,803
E05004172,Shelley,,E07000072,Epping Forest,804
E05004173,Theydon Bois,,E07000072,Epping Forest,805
E05004174,Waltham Abbey High Beach,,E07000072,Epping Forest,806
E05004175,Waltham Abbey Honey Lane,,E07000072,Epping Forest,807
E05004176,Waltham Abbey North East,,E07000072,Epping Forest,808
E05004177,Waltham Abbey Paternoster,,E07000072,Epping Forest,809
E05002443,Charles Dickens,,E06000044,Portsmouth,810
E05003520,Lawrence,,E07000042,Mid Devon,811
E05004178,Waltham Abbey South West,,E07000072,Epping Forest,812
E05004179,Bush Fair,,E07000073,Harlow,813
E05004180,Church Langley,,E07000073,Harlow,814
E05004181,Great Parndon,,E07000073,Harlow,815
E05004182,Harlow Common,,E07000073,Harlow,816
E05004183,Little Parndon and Hare Street,,E07000073,Harlow,817
E05004184,Mark Hall,,E07000073,Harlow,818
E05004185,Netteswell,,E07000073,Harlow,819
E05004186,Old Harlow,,E07000073,Harlow,820
E05004187,Staple Tye,,E07000073,Harlow,821
E05004188,Sumners and Kingsmoor,,E07000073,Harlow,822
E05004189,Toddbrook,,E07000073,Harlow,823
E05004190,Althorne,,E07000074,Maldon,824
E05004191,Burnham-on-Crouch North,,E07000074,Maldon,825
E05004192,Burnham-on-Crouch South,,E07000074,Maldon,826
E05004193,Great Totham,,E07000074,Maldon,827
E05004194,Heybridge East,,E07000074,Maldon,828
E05004195,Heybridge West,,E07000074,Maldon,829
E05004196,Maldon East,,E07000074,Maldon,830
E05004197,Maldon North,,E07000074,Maldon,831
E05004198,Maldon South,,E07000074,Maldon,832
E05004199,Maldon West,,E07000074,Maldon,833
E05004200,Mayland,,E07000074,Maldon,834
E05004201,Purleigh,,E07000074,Maldon,835
E05004202,Southminster,,E07000074,Maldon,836
E05004203,Tillingham,,E07000074,Maldon,837
E05004204,Tollesbury,,E07000074,Maldon,838
E05004205,Tolleshunt D'Arcy,,E07000074,Maldon,839
E05004206,Wickham Bishops and Woodham,,E07000074,Maldon,840
E05004288,All Saints,,E07000078,Cheltenham,841
E05004289,Battledown,,E07000078,Cheltenham,842
E05004290,Benhall and The Reddings,,E07000078,Cheltenham,843
E05004291,Charlton Kings,,E07000078,Cheltenham,844
E05004292,Charlton Park,,E07000078,Cheltenham,845
E05004293,College,,E07000078,Cheltenham,846
E05004294,Hesters Way,,E07000078,Cheltenham,847
E05004295,Lansdown,,E07000078,Cheltenham,848
E05004296,Leckhampton,,E07000078,Cheltenham,849
E05004297,Oakley,,E07000078,Cheltenham,850
E05004298,Park,,E07000078,Cheltenham,851
E05004299,Pittville,,E07000078,Cheltenham,852
E05003327,Dunston,,E07000034,Chesterfield,853
E05004729,Hertford Rural North,,E07000242,East Hertfordshire,854
E05004300,Prestbury,,E07000078,Cheltenham,855
E05004090,Cedar Hall,,E07000069,Castle Point,856
E05004596,Furzedown and Hardley,,E07000091,New Forest,857
E05004301,St Mark's,,E07000078,Cheltenham,858
E05004302,St Paul's,,E07000078,Cheltenham,859
E05004303,St Peter's,,E07000078,Cheltenham,860
E05004304,Springbank,,E07000078,Cheltenham,861
E05004305,Swindon Village,,E07000078,Cheltenham,862
E05004306,Up Hatherley,,E07000078,Cheltenham,863
E05004307,Warden Hill,,E07000078,Cheltenham,864
E05004516,Fareham East,,E07000087,Fareham,865
E05004517,Fareham North,,E07000087,Fareham,866
E05004518,Fareham North-West,,E07000087,Fareham,867
E05004519,Fareham South,,E07000087,Fareham,868
E05004520,Fareham West,,E07000087,Fareham,869
E05004521,Hill Head,,E07000087,Fareham,870
E05004522,Locks Heath,,E07000087,Fareham,871
E05004523,Park Gate,,E07000087,Fareham,872
E05004524,Portchester East,,E07000087,Fareham,873
E05004525,Portchester West,,E07000087,Fareham,874
E05004526,Sarisbury,,E07000087,Fareham,875
E05004527,Stubbington,,E07000087,Fareham,876
E05004528,Titchfield,,E07000087,Fareham,877
E05004529,Titchfield Common,,E07000087,Fareham,878
E05004530,Warsash,,E07000087,Fareham,879
E05004566,Barncroft,,E07000090,Havant,880
E05004567,Battins,,E07000090,Havant,881
E05004568,Bedhampton,,E07000090,Havant,882
E05004569,Bondfields,,E07000090,Havant,883
E05004570,Cowplain,,E07000090,Havant,884
E05004571,Emsworth,,E07000090,Havant,885
E05004572,Hart Plain,,E07000090,Havant,886
E05004573,Hayling East,,E07000090,Havant,887
E05004574,Hayling West,,E07000090,Havant,888
E05004575,Purbrook,,E07000090,Havant,889
E05004576,St Faith's,,E07000090,Havant,890
E05004577,Stakes,,E07000090,Havant,891
E05004578,Warren Park,,E07000090,Havant,892
E05004579,Waterloo,,E07000090,Havant,893
E05004580,"Ashurst, Copythorne South and Netley Marsh",,E07000091,New Forest,894
E05004581,Barton,,E07000091,New Forest,895
E05004582,Bashley,,E07000091,New Forest,896
E05004583,Becton,,E07000091,New Forest,897
E05004584,Boldre and Sway,,E07000091,New Forest,898
E05004585,"Bramshaw, Copythorne North and Minstead",,E07000091,New Forest,899
E05004586,Bransgore and Burley,,E07000091,New Forest,900
E05004587,Brockenhurst and Forest South East,,E07000091,New Forest,901
E05004588,Buckland,,E07000091,New Forest,902
E05004589,Butts Ash and Dibden Purlieu,,E07000091,New Forest,903
E05004590,Dibden and Hythe East,,E07000091,New Forest,904
E05004592,"Fawley, Blackfield and Langley",,E07000091,New Forest,905
E05004593,Fernhill,,E07000091,New Forest,906
E05003521,Lower Culm,,E07000042,Mid Devon,907
E05004730,Hertford Rural South,,E07000242,East Hertfordshire,908
E05002444,Copnor,,E06000044,Portsmouth,909
E05003328,Hasland,,E07000034,Chesterfield,910
E05004091,St George's,,E07000069,Castle Point,911
E05004597,Holbury and North Blackfield,,E07000091,New Forest,912
E05002445,Cosham,,E06000044,Portsmouth,913
E05002446,Drayton and Farlington,,E06000044,Portsmouth,914
E05002447,Eastney and Craneswater,,E06000044,Portsmouth,915
E05002448,Fratton,,E06000044,Portsmouth,916
E05002449,Hilsea,,E06000044,Portsmouth,917
E05002450,Milton,,E06000044,Portsmouth,918
E05002451,Nelson,,E06000044,Portsmouth,919
E05002452,Paulsgrove,,E06000044,Portsmouth,920
E05002453,St Jude,,E06000044,Portsmouth,921
E05002454,St Thomas,,E06000044,Portsmouth,922
E05002455,Bargate,,E06000045,Southampton,923
E05002456,Bassett,,E06000045,Southampton,924
E05002457,Bevois,,E06000045,Southampton,925
E05002458,Bitterne,,E06000045,Southampton,926
E05002459,Bitterne Park,,E06000045,Southampton,927
E05002460,Coxford,,E06000045,Southampton,928
E05002461,Freemantle,,E06000045,Southampton,929
E05002462,Harefield,,E06000045,Southampton,930
E05002463,Millbrook,,E06000045,Southampton,931
E05002464,Peartree,,E06000045,Southampton,932
E05002465,Portswood,,E06000045,Southampton,933
E05002466,Redbridge,,E06000045,Southampton,934
E05002467,Shirley,,E06000045,Southampton,935
E05002468,Sholing,,E06000045,Southampton,936
E05004731,Hertford Sele,,E07000242,East Hertfordshire,937
E05002469,Swaythling,,E06000045,Southampton,938
E05003329,Hollingwood and Inkersall,,E07000034,Chesterfield,939
E05004732,Hunsdon,,E07000242,East Hertfordshire,940
E05002470,Woolston,,E06000045,Southampton,941
E05003330,Holmebrook,,E07000034,Chesterfield,942
E05004092,St James,,E07000069,Castle Point,943
E05004598,Hordle,,E07000091,New Forest,944
E05003522,Lowman,,E07000042,Mid Devon,945
E05004733,Little Hadham,,E07000242,East Hertfordshire,946
E05003280,Alfreton,,E07000032,Amber Valley,947
E05003331,Linacre,,E07000034,Chesterfield,948
E05004093,St Mary's,,E07000069,Castle Point,949
E05004599,Hythe West and Langdown,,E07000091,New Forest,950
E05003524,Sandford and Creedy,,E07000042,Mid Devon,951
E05004735,Much Hadham,,E07000242,East Hertfordshire,952
E05003281,Alport,,E07000032,Amber Valley,953
E05003332,Loundsley Green,,E07000034,Chesterfield,954
E05004094,St Peter's,,E07000069,Castle Point,955
E05004600,Lymington Town,,E07000091,New Forest,956
E05003525,Silverton,,E07000042,Mid Devon,957
E05004736,Puckeridge,,E07000242,East Hertfordshire,958
E05004737,Sawbridgeworth,,E07000242,East Hertfordshire,959
E05004738,Stanstead Abbots,,E07000242,East Hertfordshire,960
E05004739,Thundridge & Standon,,E07000242,East Hertfordshire,961
E05004741,Ware Chadwell,,E07000242,East Hertfordshire,962
E05004742,Ware Christchurch,,E07000242,East Hertfordshire,963
E05004743,Ware St Mary's,,E07000242,East Hertfordshire,964
E05004744,Ware Trinity,,E07000242,East Hertfordshire,965
E05004745,Watton-at-Stone,,E07000242,East Hertfordshire,966
E05004761,Arbury,,E07000099,North Hertfordshire,967
E05004762,Baldock East,,E07000099,North Hertfordshire,968
E05004763,Baldock Town,,E07000099,North Hertfordshire,969
E05004764,Cadwell,,E07000099,North Hertfordshire,970
E05004765,Chesfield,,E07000099,North Hertfordshire,971
E05004766,Codicote,,E07000099,North Hertfordshire,972
E05004767,Ermine,,E07000099,North Hertfordshire,973
E05004768,Hitchin Bearton,,E07000099,North Hertfordshire,974
E05004769,Hitchin Highbury,,E07000099,North Hertfordshire,975
E05004770,Hitchin Oughton,,E07000099,North Hertfordshire,976
E05004771,Hitchin Priory,,E07000099,North Hertfordshire,977
E05004772,Hitchin Walsworth,,E07000099,North Hertfordshire,978
E05004773,"Hitchwood, Offa and Hoo",,E07000099,North Hertfordshire,979
E05004774,Kimpton,,E07000099,North Hertfordshire,980
E05004775,Knebworth,,E07000099,North Hertfordshire,981
E05004776,Letchworth East,,E07000099,North Hertfordshire,982
E05004777,Letchworth Grange,,E07000099,North Hertfordshire,983
E05004778,Letchworth South East,,E07000099,North Hertfordshire,984
E05004779,Letchworth South West,,E07000099,North Hertfordshire,985
E05004780,Letchworth Wilbury,,E07000099,North Hertfordshire,986
E05004781,Royston Heath,,E07000099,North Hertfordshire,987
E05004782,Royston Meridian,,E07000099,North Hertfordshire,988
E05004783,Royston Palace,,E07000099,North Hertfordshire,989
E05004784,Weston and Sandon,,E07000099,North Hertfordshire,990
E05004805,Bandley Hill,,E07000243,Stevenage,991
E05004806,Bedwell,,E07000243,Stevenage,992
E05004807,Chells,,E07000243,Stevenage,993
E05004808,Longmeadow,,E07000243,Stevenage,994
E05004810,Martins Wood,,E07000243,Stevenage,995
E05004811,Old Town,,E07000243,Stevenage,996
E05004812,Pin Green,,E07000243,Stevenage,997
E05004813,Roebuck,,E07000243,Stevenage,998
E05004814,St Nicholas,,E07000243,Stevenage,999
E05004815,Shephall,,E07000243,Stevenage,1000
E05004816,Symonds Green,,E07000243,Stevenage,1001
E05003526,Taw,,E07000042,Mid Devon,1002
E05003527,Taw Vale,,E07000042,Mid Devon,1003
E05003528,Upper Culm,,E07000042,Mid Devon,1004
E05003529,Upper Yeo,,E07000042,Mid Devon,1005
E05003530,Way,,E07000042,Mid Devon,1006
E05003531,Westexe,,E07000042,Mid Devon,1007
E05004021,Billericay East,,E07000066,Basildon,1008
E05004022,Billericay West,,E07000066,Basildon,1009
E05004023,Burstead,,E07000066,Basildon,1010
E05004024,Crouch,,E07000066,Basildon,1011
E05004025,Fryerns,,E07000066,Basildon,1012
E05004026,Laindon Park,,E07000066,Basildon,1013
E05004027,Langdon Hills,,E07000066,Basildon,1014
E05004028,Lee Chapel North,,E07000066,Basildon,1015
E05004029,Nethermayne,,E07000066,Basildon,1016
E05004030,Pitsea North West,,E07000066,Basildon,1017
E05004031,Pitsea South East,,E07000066,Basildon,1018
E05004032,St Martin's,,E07000066,Basildon,1019
E05004033,Vange,,E07000066,Basildon,1020
E05004034,Wickford Castledon,,E07000066,Basildon,1021
E05004035,Wickford North,,E07000066,Basildon,1022
E05004036,Wickford Park,,E07000066,Basildon,1023
E05004067,Brentwood North,,E07000068,Brentwood,1024
E05004068,Brentwood South,,E07000068,Brentwood,1025
E05004069,Brentwood West,,E07000068,Brentwood,1026
E05004070,Brizes and Doddinghurst,,E07000068,Brentwood,1027
E05004071,"Herongate, Ingrave and West Horndon",,E07000068,Brentwood,1028
E05004072,Hutton Central,,E07000068,Brentwood,1029
E05004073,Hutton East,,E07000068,Brentwood,1030
E05004074,Hutton North,,E07000068,Brentwood,1031
E05004075,Hutton South,,E07000068,Brentwood,1032
E05004076,"Ingatestone, Fryerning and Mountnessing",,E07000068,Brentwood,1033
E05004077,Pilgrims Hatch,,E07000068,Brentwood,1034
E05004078,Shenfield,,E07000068,Brentwood,1035
E05004079,South Weald,,E07000068,Brentwood,1036
E05004080,Tipps Cross,,E07000068,Brentwood,1037
E05004081,Warley,,E07000068,Brentwood,1038
E05004082,Appleton,,E07000069,Castle Point,1039
E05004083,Boyce,,E07000069,Castle Point,1040
E05004084,Canvey Island Central,,E07000069,Castle Point,1041
E05004085,Canvey Island East,,E07000069,Castle Point,1042
E05004086,Canvey Island North,,E07000069,Castle Point,1043
E05004087,Canvey Island South,,E07000069,Castle Point,1044
E05004088,Canvey Island West,,E07000069,Castle Point,1045
E05004089,Canvey Island Winter Gardens,,E07000069,Castle Point,1046
E05004601,Lyndhurst,,E07000091,New Forest,1047
E05004095,Victoria,,E07000069,Castle Point,1048
E05003333,Lowgates and Woodthorpe,,E07000034,Chesterfield,1049
E05003282,Belper Central,,E07000032,Amber Valley,1050
E05003283,Belper East,,E07000032,Amber Valley,1051
E05003284,Belper North,,E07000032,Amber Valley,1052
E05003286,Codnor and Waingroves,,E07000032,Amber Valley,1053
E05003287,Crich,,E07000032,Amber Valley,1054
E05003289,Heage and Ambergate,,E07000032,Amber Valley,1055
E05003290,Heanor and Loscoe,,E07000032,Amber Valley,1056
E05003292,Heanor West,,E07000032,Amber Valley,1057
E05003293,Ironville and Riddings,,E07000032,Amber Valley,1058
E05003295,Langley Mill and Aldercar,,E07000032,Amber Valley,1059
E05003296,Ripley,,E07000032,Amber Valley,1060
E05003297,Ripley and Marehay,,E07000032,Amber Valley,1061
E05003299,Somercotes,,E07000032,Amber Valley,1062
E05003300,South West Parishes,,E07000032,Amber Valley,1063
E05003301,Swanwick,,E07000032,Amber Valley,1064
E05003302,Wingfield,,E07000032,Amber Valley,1065
E05003323,Barrow Hill and New Whittington,,E07000034,Chesterfield,1066
E05003324,Brimington North,,E07000034,Chesterfield,1067
E05003325,Brimington South,,E07000034,Chesterfield,1068
E05003326,Brockwell,,E07000034,Chesterfield,1069
E05003334,Middlecroft and Poolsbrook,,E07000034,Chesterfield,1070
E05003335,Moor,,E07000034,Chesterfield,1071
E05003336,Old Whittington,,E07000034,Chesterfield,1072
E05003337,Rother,,E07000034,Chesterfield,1073
E05003338,St Helen's,,E07000034,Chesterfield,1074
E05003339,St Leonard's,,E07000034,Chesterfield,1075
E05003340,Walton,,E07000034,Chesterfield,1076
E05003341,West,,E07000034,Chesterfield,1077
E05003342,Ashbourne North,,E07000035,Derbyshire Dales,1078
E05003343,Ashbourne South,,E07000035,Derbyshire Dales,1079
E05003344,Bakewell,,E07000035,Derbyshire Dales,1080
E05003345,Bradwell,,E07000035,Derbyshire Dales,1081
E05003346,Brailsford,,E07000035,Derbyshire Dales,1082
E05003347,Calver,,E07000035,Derbyshire Dales,1083
E05003348,Carsington Water,,E07000035,Derbyshire Dales,1084
E05003349,Chatsworth,,E07000035,Derbyshire Dales,1085
E05003350,Clifton and Bradley,,E07000035,Derbyshire Dales,1086
E05003351,Darley Dale,,E07000035,Derbyshire Dales,1087
E05003352,Dovedale and Parwich,,E07000035,Derbyshire Dales,1088
E05003353,Doveridge and Sudbury,,E07000035,Derbyshire Dales,1089
E05003354,Hartington and Taddington,,E07000035,Derbyshire Dales,1090
E05003355,Hathersage and Eyam,,E07000035,Derbyshire Dales,1091
E05003356,Hulland,,E07000035,Derbyshire Dales,1092
E05003357,Lathkill and Bradford,,E07000035,Derbyshire Dales,1093
E05003358,Litton and Longstone,,E07000035,Derbyshire Dales,1094
E05003359,Masson,,E07000035,Derbyshire Dales,1095
E05003360,Matlock All Saints,,E07000035,Derbyshire Dales,1096
E05003361,Matlock St Giles,,E07000035,Derbyshire Dales,1097
E05003362,Norbury,,E07000035,Derbyshire Dales,1098
E05003363,Stanton,,E07000035,Derbyshire Dales,1099
E05003364,Tideswell,,E07000035,Derbyshire Dales,1100
E05003365,Winster and South Darley,,E07000035,Derbyshire Dales,1101
E05003366,Wirksworth,,E07000035,Derbyshire Dales,1102
E05003510,Bradninch,,E07000042,Mid Devon,1103
E05003511,Cadbury,,E07000042,Mid Devon,1104
E05003512,Canonsleigh,,E07000042,Mid Devon,1105
E05003513,Castle,,E07000042,Mid Devon,1106
E05003514,Clare and Shuttern,,E07000042,Mid Devon,1107
E05003515,Cranmore,,E07000042,Mid Devon,1108
E05003516,Cullompton North,,E07000042,Mid Devon,1109
E05003517,Cullompton Outer,,E07000042,Mid Devon,1110
E05003518,Cullompton South,,E07000042,Mid Devon,1111
E05003519,Halberton,,E07000042,Mid Devon,1112
E05004096,Bicknacre and East and West Hanningfield,,E07000070,Chelmsford,1113
E05004602,Marchwood,,E07000091,New Forest,1114
E05004603,Milford,,E07000091,New Forest,1115
E05004604,Milton,,E07000091,New Forest,1116
E05004605,Pennington,,E07000091,New Forest,1117
E05004606,Ringwood East and Sopley,,E07000091,New Forest,1118
E05004607,Ringwood North,,E07000091,New Forest,1119
E05004608,Ringwood South,,E07000091,New Forest,1120
E05004609,Totton Central,,E07000091,New Forest,1121
E05004610,Totton East,,E07000091,New Forest,1122
E05004611,Totton North,,E07000091,New Forest,1123
E05004612,Totton South,,E07000091,New Forest,1124
E05004613,Totton West,,E07000091,New Forest,1125
E05004691,Adeyfield East,,E07000096,Dacorum,1126
E05004692,Adeyfield West,,E07000096,Dacorum,1127
E05004693,Aldbury and Wigginton,,E07000096,Dacorum,1128
E05004694,Apsley and Corner Hall,,E07000096,Dacorum,1129
E05004695,Ashridge,,E07000096,Dacorum,1130
E05004696,Bennetts End,,E07000096,Dacorum,1131
E05004697,Berkhamsted Castle,,E07000096,Dacorum,1132
E05004698,Berkhamsted East,,E07000096,Dacorum,1133
E05004699,Berkhamsted West,,E07000096,Dacorum,1134
E05004700,"Bovingdon, Flaunden and Chipperfield",,E07000096,Dacorum,1135
E05004701,Boxmoor,,E07000096,Dacorum,1136
E05004702,Chaulden and Warners End,,E07000096,Dacorum,1137
E05004703,Gadebridge,,E07000096,Dacorum,1138
E05004704,Grovehill,,E07000096,Dacorum,1139
E05004705,Hemel Hempstead Town,,E07000096,Dacorum,1140
E05004706,Highfield,,E07000096,Dacorum,1141
E05004707,Kings Langley,,E07000096,Dacorum,1142
E05004708,Leverstock Green,,E07000096,Dacorum,1143
E05004709,Nash Mills,,E07000096,Dacorum,1144
E05004710,Northchurch,,E07000096,Dacorum,1145
E05004711,Tring Central,,E07000096,Dacorum,1146
E05004712,Tring East,,E07000096,Dacorum,1147
E05004713,Tring West and Rural,,E07000096,Dacorum,1148
E05004714,Watling,,E07000096,Dacorum,1149
E05004715,Woodhall Farm,,E07000096,Dacorum,1150
E05004721,Braughing,,E07000242,East Hertfordshire,1151
E05004723,Datchworth & Aston,,E07000242,East Hertfordshire,1152
E05004724,Great Amwell,,E07000242,East Hertfordshire,1153
E05004725,Hertford Bengeo,,E07000242,East Hertfordshire,1154
E05004726,Hertford Castle,,E07000242,East Hertfordshire,1155
E05004727,Hertford Heath,,E07000242,East Hertfordshire,1156
E05004728,Hertford Kingsmead,,E07000242,East Hertfordshire,1157
E05004097,Boreham and The Leighs,,E07000070,Chelmsford,1158
E05004098,Broomfield and The Walthams,,E07000070,Chelmsford,1159
E05004099,Chelmer Village and Beaulieu Park,,E07000070,Chelmsford,1160
E05004100,Chelmsford Rural West,,E07000070,Chelmsford,1161
E05004101,Galleywood,,E07000070,Chelmsford,1162
E05004102,Goat Hall,,E07000070,Chelmsford,1163
E05004103,Great Baddow East,,E07000070,Chelmsford,1164
E05004104,Great Baddow West,,E07000070,Chelmsford,1165
E05004105,"Little Baddow, Danbury and Sandon",,E07000070,Chelmsford,1166
E05004106,Marconi,,E07000070,Chelmsford,1167
E05004107,Moulsham and Central,,E07000070,Chelmsford,1168
E05004108,Moulsham Lodge,,E07000070,Chelmsford,1169
E05004109,Patching Hall,,E07000070,Chelmsford,1170
E05004110,Rettendon and Runwell,,E07000070,Chelmsford,1171
E05004111,St Andrews,,E07000070,Chelmsford,1172
E05004112,"South Hanningfield, Stock and Margaretting",,E07000070,Chelmsford,1173
E05004113,South Woodham-Chetwood and Collingwood,,E07000070,Chelmsford,1174
E05004114,South Woodham-Elmwood and Woodville,,E07000070,Chelmsford,1175
E05004115,Springfield North,,E07000070,Chelmsford,1176
E05004116,The Lawns,,E07000070,Chelmsford,1177
E05004117,Trinity,,E07000070,Chelmsford,1178
E05004118,Waterhouse Farm,,E07000070,Chelmsford,1179
E05004119,Writtle,,E07000070,Chelmsford,1180
E05004147,"Broadley Common, Epping Upland and Nazeing",,E07000072,Epping Forest,1181
E05004148,Buckhurst Hill East,,E07000072,Epping Forest,1182
E05004149,Buckhurst Hill West,,E07000072,Epping Forest,1183
E05004150,Chigwell Row,,E07000072,Epping Forest,1184
E05004151,Chigwell Village,,E07000072,Epping Forest,1185
E05004152,"Chipping Ongar, Greensted and Marden Ash",,E07000072,Epping Forest,1186
E05004153,Epping Hemnall,,E07000072,Epping Forest,1187
E05004154,Epping Lindsey and Thornwood Common,,E07000072,Epping Forest,1188
E05004155,Grange Hill,,E07000072,Epping Forest,1189
E05004157,"High Ongar, Willingale and The Rodings",,E07000072,Epping Forest,1190
E05004158,Lambourne,,E07000072,Epping Forest,1191
E05004159,Loughton Alderton,,E07000072,Epping Forest,1192
E05004160,Loughton Broadway,,E07000072,Epping Forest,1193
E05004161,Loughton Fairmead,,E07000072,Epping Forest,1194
E05004162,Loughton Forest,,E07000072,Epping Forest,1195
E05004163,Loughton Roding,,E07000072,Epping Forest,1196
E05004164,Loughton St John's,,E07000072,Epping Forest,1197
E05004165,Loughton St Mary's,,E07000072,Epping Forest,1198
E05004166,Lower Nazeing,,E07000072,Epping Forest,1199
E05004167,Lower Sheering,,E07000072,Epping Forest,1200
E05005220,St Oswald's,,E07000120,Hyndburn,1201
E05005221,Spring Hill,,E07000120,Hyndburn,1202
E05005316,Cribden,,E07000125,Rossendale,1203
E05005317,Eden,,E07000125,Rossendale,1204
E05005318,Facit and Shawforth,,E07000125,Rossendale,1205
E05005319,Goodshaw,,E07000125,Rossendale,1206
E05005320,Greenfield,,E07000125,Rossendale,1207
E05005321,Greensclough,,E07000125,Rossendale,1208
E05005322,Hareholme,,E07000125,Rossendale,1209
E05005323,Healey and Whitworth,,E07000125,Rossendale,1210
E05005324,Helmshore,,E07000125,Rossendale,1211
E05005325,Irwell,,E07000125,Rossendale,1212
E05005326,Longholme,,E07000125,Rossendale,1213
E05005327,Stacksteads,,E07000125,Rossendale,1214
E05005328,Whitewell,,E07000125,Rossendale,1215
E05005329,Worsley,,E07000125,Rossendale,1216
E05005357,Ashurst,,E07000127,West Lancashire,1217
E05005358,Aughton and Downholland,,E07000127,West Lancashire,1218
E05005359,Aughton Park,,E07000127,West Lancashire,1219
E05005360,Birch Green,,E07000127,West Lancashire,1220
E05005361,Burscough East,,E07000127,West Lancashire,1221
E05005362,Burscough West,,E07000127,West Lancashire,1222
E05005363,Derby,,E07000127,West Lancashire,1223
E05005364,Digmoor,,E07000127,West Lancashire,1224
E05005365,Halsall,,E07000127,West Lancashire,1225
E05005366,Hesketh-with-Becconsall,,E07000127,West Lancashire,1226
E05005367,Knowsley,,E07000127,West Lancashire,1227
E05005368,Moorside,,E07000127,West Lancashire,1228
E05005369,North Meols,,E07000127,West Lancashire,1229
E05005370,Parbold,,E07000127,West Lancashire,1230
E05005371,Rufford,,E07000127,West Lancashire,1231
E05005372,Scarisbrick,,E07000127,West Lancashire,1232
E05005373,Scott,,E07000127,West Lancashire,1233
E05005374,Skelmersdale North,,E07000127,West Lancashire,1234
E05005375,Skelmersdale South,,E07000127,West Lancashire,1235
E05005376,Tanhouse,,E07000127,West Lancashire,1236
E05005377,Tarleton,,E07000127,West Lancashire,1237
E05005378,Up Holland,,E07000127,West Lancashire,1238
E05005379,Wrightington,,E07000127,West Lancashire,1239
E05005380,Bickerstaffe,,E07000127,West Lancashire,1240
E05005381,Newburgh,,E07000127,West Lancashire,1241
E05005408,Blaby South,,E07000129,Blaby,1242
E05005409,Cosby with South Whetstone,,E07000129,Blaby,1243
E05005410,Countesthorpe,,E07000129,Blaby,1244
E05005411,Croft Hill,,E07000129,Blaby,1245
E05005412,Ellis,,E07000129,Blaby,1246
E05005413,Enderby and St John's,,E07000129,Blaby,1247
E05005414,Fairestone,,E07000129,Blaby,1248
E05005416,Millfield,,E07000129,Blaby,1249
E05005417,Muxloe,,E07000129,Blaby,1250
E05005150,Bank Hall,,E07000117,Burnley,1251
E05005786,Caister North,,E07000145,Great Yarmouth,1252
E05005494,Twycross and Witherley with Sheepy,,E07000132,Hinckley and Bosworth,1253
E05005418,Narborough and Littlethorpe,,E07000129,Blaby,1254
E05005495,Asfordby,,E07000133,Melton,1255
E05005496,Bottesford,,E07000133,Melton,1256
E05005497,Croxton Kerrial,,E07000133,Melton,1257
E05005498,Frisby-on-the-Wreake,,E07000133,Melton,1258
E05005499,Gaddesby,,E07000133,Melton,1259
E05005500,Long Clawson and Stathern,,E07000133,Melton,1260
E05005501,Melton Craven,,E07000133,Melton,1261
E05005502,Melton Dorian,,E07000133,Melton,1262
E05005503,Melton Egerton,,E07000133,Melton,1263
E05005504,Melton Newport,,E07000133,Melton,1264
E05005505,Melton Sysonby,,E07000133,Melton,1265
E05005506,Melton Warwick,,E07000133,Melton,1266
E05005507,Old Dalby,,E07000133,Melton,1267
E05005508,Somerby,,E07000133,Melton,1268
E05005509,Waltham-on-the-Wolds,,E07000133,Melton,1269
E05005510,Wymondham,,E07000133,Melton,1270
E05005531,Oadby Brocks Hill,,E07000135,Oadby and Wigston,1271
E05005532,Oadby Grange,,E07000135,Oadby and Wigston,1272
E05005533,Oadby St Peter's,,E07000135,Oadby and Wigston,1273
E05005534,Oadby Uplands,,E07000135,Oadby and Wigston,1274
E05005535,Oadby Woodlands,,E07000135,Oadby and Wigston,1275
E05005536,South Wigston,,E07000135,Oadby and Wigston,1276
E05005537,Wigston All Saints,,E07000135,Oadby and Wigston,1277
E05005538,Wigston Fields,,E07000135,Oadby and Wigston,1278
E05005539,Wigston Meadowcourt,,E07000135,Oadby and Wigston,1279
E05005540,Wigston St Wolstan's,,E07000135,Oadby and Wigston,1280
E05005618,Ashby de la Launde and Cranwell,,E07000139,North Kesteven,1281
E05005619,Bassingham and Brant Broughton,,E07000139,North Kesteven,1282
E05005620,"Billinghay, Martin and North Kyme",,E07000139,North Kesteven,1283
E05005621,Bracebridge Heath and Waddington East,,E07000139,North Kesteven,1284
E05005622,Branston,,E07000139,North Kesteven,1285
E05005623,Cliff Villages,,E07000139,North Kesteven,1286
E05005624,"Eagle, Swinderby and Witham St Hughs",,E07000139,North Kesteven,1287
E05005625,Heckington Rural,,E07000139,North Kesteven,1288
E05005626,Heighington and Washingborough,,E07000139,North Kesteven,1289
E05005627,Kirkby la Thorpe and South Kyme,,E07000139,North Kesteven,1290
E05005628,Leasingham and Rauceby,,E07000139,North Kesteven,1291
E05005629,Metheringham,,E07000139,North Kesteven,1292
E05005630,North Hykeham Forum,,E07000139,North Kesteven,1293
E05005631,North Hykeham Memorial,,E07000139,North Kesteven,1294
E05005632,North Hykeham Mill,,E07000139,North Kesteven,1295
E05005633,North Hykeham Moor,,E07000139,North Kesteven,1296
E05005634,North Hykeham Witham,,E07000139,North Kesteven,1297
E05005635,Osbournby,,E07000139,North Kesteven,1298
E05005636,Ruskington,,E07000139,North Kesteven,1299
E05005637,Skellingthorpe,,E07000139,North Kesteven,1300
E05005638,Sleaford Castle,,E07000139,North Kesteven,1301
E05005639,Sleaford Holdingham,,E07000139,North Kesteven,1302
E05005640,Sleaford Navigation,,E07000139,North Kesteven,1303
E05005641,Sleaford Quarrington and Mareham,,E07000139,North Kesteven,1304
E05004817,Woodfield,,E07000243,Stevenage,1305
E05005021,Kemsing,,E07000111,Sevenoaks,1306
E05005787,Caister South,,E07000145,Great Yarmouth,1307
E05005151,Briercliffe,,E07000117,Burnley,1308
E05005419,Normanton,,E07000129,Blaby,1309
E05005152,Brunshaw,,E07000117,Burnley,1310
E05005153,Cliviger with Worsthorne,,E07000117,Burnley,1311
E05005154,Coal Clough with Deerplay,,E07000117,Burnley,1312
E05005155,Daneshouse with Stoneyholme,,E07000117,Burnley,1313
E05005156,Gannow,,E07000117,Burnley,1314
E05005157,Gawthorpe,,E07000117,Burnley,1315
E05005158,Hapton with Park,,E07000117,Burnley,1316
E05005159,Lanehead,,E07000117,Burnley,1317
E05005160,Queensgate,,E07000117,Burnley,1318
E05005161,Rosegrove with Lowerhouse,,E07000117,Burnley,1319
E05005162,Rosehill with Burnley Wood,,E07000117,Burnley,1320
E05005163,Trinity,,E07000117,Burnley,1321
E05005164,Whittlefield with Ightenhill,,E07000117,Burnley,1322
E05005185,Ansdell,,E07000119,Fylde,1323
E05005186,Ashton,,E07000119,Fylde,1324
E05005187,Central,,E07000119,Fylde,1325
E05005188,Clifton,,E07000119,Fylde,1326
E05005189,Elswick and Little Eccleston,,E07000119,Fylde,1327
E05005190,Fairhaven,,E07000119,Fylde,1328
E05005191,Freckleton East,,E07000119,Fylde,1329
E05005192,Freckleton West,,E07000119,Fylde,1330
E05005193,Heyhouses,,E07000119,Fylde,1331
E05005788,Central and Northgate,,E07000145,Great Yarmouth,1332
E05005194,Kilnhouse,,E07000119,Fylde,1333
E05005420,North Whetstone,,E07000129,Blaby,1334
E05005789,Claydon,,E07000145,Great Yarmouth,1335
E05005195,Kirkham North,,E07000119,Fylde,1336
E05005421,Pastures,,E07000129,Blaby,1337
E05005642,Sleaford Westholme,,E07000139,North Kesteven,1338
E05004964,Central,,E07000109,Gravesham,1339
E05005026,Sevenoaks Eastern,,E07000111,Sevenoaks,1340
E05005790,East Flegg,,E07000145,Great Yarmouth,1341
E05005196,Kirkham South,,E07000119,Fylde,1342
E05005422,Ravenhurst and Fosse,,E07000129,Blaby,1343
E05005643,Waddington West,,E07000139,North Kesteven,1344
E05004965,Chalk,,E07000109,Gravesham,1345
E05005027,Sevenoaks Kippington,,E07000111,Sevenoaks,1346
E05004966,Coldharbour,,E07000109,Gravesham,1347
E05005791,Fleggburgh,,E07000145,Great Yarmouth,1348
E05004967,Higham,,E07000109,Gravesham,1349
E05005197,Medlar-with-Wesham,,E07000119,Fylde,1350
E05005423,Saxondale,,E07000129,Blaby,1351
E05005792,Gorleston,,E07000145,Great Yarmouth,1352
E05005198,Newton and Treales,,E07000119,Fylde,1353
E05004968,Istead Rise,,E07000109,Gravesham,1354
E05005644,Crowland and Deeping St Nicholas,,E07000140,South Holland,1355
E05005028,Sevenoaks Northern,,E07000111,Sevenoaks,1356
E05005029,Sevenoaks Town and St John's,,E07000111,Sevenoaks,1357
E05005793,Lothingland,,E07000145,Great Yarmouth,1358
E05005031,Swanley St Mary's,,E07000111,Sevenoaks,1359
E05005645,"Donington, Quadring and Gosberton",,E07000140,South Holland,1360
E05004969,Meopham North,,E07000109,Gravesham,1361
E05005199,Park,,E07000119,Fylde,1362
E05005424,Stanton and Flamville,,E07000129,Blaby,1363
E05005794,Magdalen,,E07000145,Great Yarmouth,1364
E05005032,Swanley White Oak,,E07000111,Sevenoaks,1365
E05005646,Fleet,,E07000140,South Holland,1366
E05004970,Meopham South and Vigo,,E07000109,Gravesham,1367
E05005200,Ribby-with-Wrea,,E07000119,Fylde,1368
E05005426,Anstey,,E07000130,Charnwood,1369
E05005795,Nelson,,E07000145,Great Yarmouth,1370
E05005081,Beacon Road,,E07000114,Thanet,1371
E05005647,Gedney,,E07000140,South Holland,1372
E05004971,Northfleet North,,E07000109,Gravesham,1373
E05005201,St Johns,,E07000119,Fylde,1374
E05005427,Barrow and Sileby West,,E07000130,Charnwood,1375
E05005796,Ormesby,,E07000145,Great Yarmouth,1376
E05005082,Birchington North,,E07000114,Thanet,1377
E05005648,Holbeach Hurn,,E07000140,South Holland,1378
E05004972,Northfleet South,,E07000109,Gravesham,1379
E05005202,St Leonards,,E07000119,Fylde,1380
E05005428,Birstall Wanlip,,E07000130,Charnwood,1381
E05005797,St Andrews,,E07000145,Great Yarmouth,1382
E05005083,Birchington South,,E07000114,Thanet,1383
E05005649,Holbeach Town,,E07000140,South Holland,1384
E05004973,Painters Ash,,E07000109,Gravesham,1385
E05005203,Singleton and Greenhalgh,,E07000119,Fylde,1386
E05005429,Birstall Watermead,,E07000130,Charnwood,1387
E05005798,Southtown and Cobholm,,E07000145,Great Yarmouth,1388
E05005084,Bradstowe,,E07000114,Thanet,1389
E05005650,Long Sutton,,E07000140,South Holland,1390
E05004974,Pelham,,E07000109,Gravesham,1391
E05005204,Staining and Weeton,,E07000119,Fylde,1392
E05005430,East Goscote,,E07000130,Charnwood,1393
E05005799,West Flegg,,E07000145,Great Yarmouth,1394
E05005085,Central Harbour,,E07000114,Thanet,1395
E05005651,"Moulton, Weston and Cowbit",,E07000140,South Holland,1396
E05004975,Riverside,,E07000109,Gravesham,1397
E05005205,Warton and Westby,,E07000119,Fylde,1398
E05005431,Forest Bradgate,,E07000130,Charnwood,1399
E05005800,Yarmouth North,,E07000145,Great Yarmouth,1400
E05005086,Cliffsend and Pegwell,,E07000114,Thanet,1401
E05005652,Pinchbeck and Surfleet,,E07000140,South Holland,1402
E05004976,Riverview,,E07000109,Gravesham,1403
E05005206,Altham,,E07000120,Hyndburn,1404
E05005432,Loughborough Ashby,,E07000130,Charnwood,1405
E05006377,Beckingham,,E07000171,Bassetlaw,1406
E05005087,Cliftonville East,,E07000114,Thanet,1407
E05005653,Spalding Castle,,E07000140,South Holland,1408
E05004977,"Shorne, Cobham and Luddesdown",,E07000109,Gravesham,1409
E05005207,Barnfield,,E07000120,Hyndburn,1410
E05005433,Loughborough Dishley and Hathern,,E07000130,Charnwood,1411
E05006378,Blyth,,E07000171,Bassetlaw,1412
E05006379,Carlton,,E07000171,Bassetlaw,1413
E05006380,Clayworth,,E07000171,Bassetlaw,1414
E05006381,East Markham,,E07000171,Bassetlaw,1415
E05006382,East Retford East,,E07000171,Bassetlaw,1416
E05006383,East Retford North,,E07000171,Bassetlaw,1417
E05006384,East Retford South,,E07000171,Bassetlaw,1418
E05006385,East Retford West,,E07000171,Bassetlaw,1419
E05006386,Everton,,E07000171,Bassetlaw,1420
E05006387,Harworth,,E07000171,Bassetlaw,1421
E05006388,Langold,,E07000171,Bassetlaw,1422
E05006389,Misterton,,E07000171,Bassetlaw,1423
E05006390,Rampton,,E07000171,Bassetlaw,1424
E05006391,Ranskill,,E07000171,Bassetlaw,1425
E05006392,Sturton,,E07000171,Bassetlaw,1426
E05006393,Sutton,,E07000171,Bassetlaw,1427
E05006394,Tuxford and Trent,,E07000171,Bassetlaw,1428
E05006395,Welbeck,,E07000171,Bassetlaw,1429
E05006396,Worksop East,,E07000171,Bassetlaw,1430
E05006397,Worksop North,,E07000171,Bassetlaw,1431
E05006398,Worksop North East,,E07000171,Bassetlaw,1432
E05006399,Worksop North West,,E07000171,Bassetlaw,1433
E05006400,Worksop South,,E07000171,Bassetlaw,1434
E05006401,Worksop South East,,E07000171,Bassetlaw,1435
E05006627,Alvescot and Filkins,,E07000181,West Oxfordshire,1436
E05006628,Ascott and Shipton,,E07000181,West Oxfordshire,1437
E05006629,Bampton and Clanfield,,E07000181,West Oxfordshire,1438
E05006632,Carterton North East,,E07000181,West Oxfordshire,1439
E05006634,Carterton South,,E07000181,West Oxfordshire,1440
E05006637,Chipping Norton,,E07000181,West Oxfordshire,1441
E05006638,Ducklington,,E07000181,West Oxfordshire,1442
E05006639,Eynsham and Cassington,,E07000181,West Oxfordshire,1443
E05006640,Freeland and Hanborough,,E07000181,West Oxfordshire,1444
E05006642,"Kingham, Rollright and Enstone",,E07000181,West Oxfordshire,1445
E05005434,Loughborough Garendon,,E07000130,Charnwood,1446
E05005435,Loughborough Hastings,,E07000130,Charnwood,1447
E05005436,Loughborough Lemyngton,,E07000130,Charnwood,1448
E05005437,Loughborough Nanpantan,,E07000130,Charnwood,1449
E05005438,Loughborough Outwoods,,E07000130,Charnwood,1450
E05005439,Loughborough Shelthorpe,,E07000130,Charnwood,1451
E05005440,Loughborough Southfields,,E07000130,Charnwood,1452
E05005441,Loughborough Storer,,E07000130,Charnwood,1453
E05005442,Mountsorrel,,E07000130,Charnwood,1454
E05005443,Queniborough,,E07000130,Charnwood,1455
E05005444,Quorn and Mountsorrel Castle,,E07000130,Charnwood,1456
E05005445,Rothley and Thurcaston,,E07000130,Charnwood,1457
E05005446,Shepshed East,,E07000130,Charnwood,1458
E05005447,Shepshed West,,E07000130,Charnwood,1459
E05005448,Sileby,,E07000130,Charnwood,1460
E05005449,Syston East,,E07000130,Charnwood,1461
E05005450,Syston West,,E07000130,Charnwood,1462
E05005451,The Wolds,,E07000130,Charnwood,1463
E05005452,Thurmaston,,E07000130,Charnwood,1464
E05005453,Wreake Villages,,E07000130,Charnwood,1465
E05005479,Ambien,,E07000132,Hinckley and Bosworth,1466
E05005480,"Barlestone, Nailstone and Osbaston",,E07000132,Hinckley and Bosworth,1467
E05005481,Barwell,,E07000132,Hinckley and Bosworth,1468
E05005482,Burbage St Catherines and Lash Hill,,E07000132,Hinckley and Bosworth,1469
E05005483,Burbage Sketchley and Stretton,,E07000132,Hinckley and Bosworth,1470
E05005484,"Cadeby, Carlton and Market Bosworth with Shackerstone",,E07000132,Hinckley and Bosworth,1471
E05005485,Earl Shilton,,E07000132,Hinckley and Bosworth,1472
E05005486,Groby,,E07000132,Hinckley and Bosworth,1473
E05005487,Hinckley Castle,,E07000132,Hinckley and Bosworth,1474
E05005488,Hinckley Clarendon,,E07000132,Hinckley and Bosworth,1475
E05005489,Hinckley De Montfort,,E07000132,Hinckley and Bosworth,1476
E05005490,Hinckley Trinity,,E07000132,Hinckley and Bosworth,1477
E05005491,"Markfield, Stanton and Fieldhead",,E07000132,Hinckley and Bosworth,1478
E05005492,Newbold Verdon with Desford and Peckleton,,E07000132,Hinckley and Bosworth,1479
E05005493,"Ratby, Bagworth and Thornton",,E07000132,Hinckley and Bosworth,1480
E05005208,Baxenden,,E07000120,Hyndburn,1481
E05004978,Singlewell,,E07000109,Gravesham,1482
E05005654,Spalding Monks House,,E07000140,South Holland,1483
E05005088,Cliftonville West,,E07000114,Thanet,1484
E05005089,Dane Valley,,E07000114,Thanet,1485
E05005090,Eastcliff,,E07000114,Thanet,1486
E05005091,Garlinge,,E07000114,Thanet,1487
E05005092,Kingsgate,,E07000114,Thanet,1488
E05005093,Margate Central,,E07000114,Thanet,1489
E05005094,Nethercourt,,E07000114,Thanet,1490
E05005095,Newington,,E07000114,Thanet,1491
E05005096,Northwood,,E07000114,Thanet,1492
E05005097,St Peters,,E07000114,Thanet,1493
E05005098,Salmestone,,E07000114,Thanet,1494
E05005099,Sir Moses Montefiore,,E07000114,Thanet,1495
E05005100,Thanet Villages,,E07000114,Thanet,1496
E05005101,Viking,,E07000114,Thanet,1497
E05005102,Westbrook,,E07000114,Thanet,1498
E05005103,Westgate-on-Sea,,E07000114,Thanet,1499
E05005130,Benenden and Cranbrook,,E07000116,Tunbridge Wells,1500
E05005131,Brenchley and Horsmonden,,E07000116,Tunbridge Wells,1501
E05005132,Broadwater,,E07000116,Tunbridge Wells,1502
E05005133,Capel,,E07000116,Tunbridge Wells,1503
E05005134,Culverden,,E07000116,Tunbridge Wells,1504
E05005135,Frittenden and Sissinghurst,,E07000116,Tunbridge Wells,1505
E05005136,Goudhurst and Lamberhurst,,E07000116,Tunbridge Wells,1506
E05005137,Hawkhurst and Sandhurst,,E07000116,Tunbridge Wells,1507
E05005138,Paddock Wood East,,E07000116,Tunbridge Wells,1508
E05005139,Paddock Wood West,,E07000116,Tunbridge Wells,1509
E05005140,Pantiles and St Mark's,,E07000116,Tunbridge Wells,1510
E05005141,Park,,E07000116,Tunbridge Wells,1511
E05005142,Pembury,,E07000116,Tunbridge Wells,1512
E05005143,Rusthall,,E07000116,Tunbridge Wells,1513
E05005144,St James',,E07000116,Tunbridge Wells,1514
E05005145,St John's,,E07000116,Tunbridge Wells,1515
E05005146,Sherwood,,E07000116,Tunbridge Wells,1516
E05005147,Southborough and High Brooms,,E07000116,Tunbridge Wells,1517
E05005148,Southborough North,,E07000116,Tunbridge Wells,1518
E05005149,Speldhurst and Bidborough,,E07000116,Tunbridge Wells,1519
E05005655,Spalding St John's,,E07000140,South Holland,1520
E05005656,Spalding St Mary's,,E07000140,South Holland,1521
E05005657,Spalding St Paul's,,E07000140,South Holland,1522
E05005658,Spalding Wygate,,E07000140,South Holland,1523
E05005659,Sutton Bridge,,E07000140,South Holland,1524
E05005660,The Saints,,E07000140,South Holland,1525
E05005661,Whaplode and Holbeach St John's,,E07000140,South Holland,1526
E05005757,Acle,,E07000144,Broadland,1527
E05005758,Aylsham,,E07000144,Broadland,1528
E05005759,Blofield with South Walsham,,E07000144,Broadland,1529
E05005760,Brundall,,E07000144,Broadland,1530
E05005761,Burlingham,,E07000144,Broadland,1531
E05005762,Buxton,,E07000144,Broadland,1532
E05005763,Coltishall,,E07000144,Broadland,1533
E05005764,Drayton North,,E07000144,Broadland,1534
E05005765,Drayton South,,E07000144,Broadland,1535
E05005766,Eynesford,,E07000144,Broadland,1536
E05005767,Great Witchingham,,E07000144,Broadland,1537
E05005768,Hellesdon North West,,E07000144,Broadland,1538
E05005769,Hellesdon South East,,E07000144,Broadland,1539
E05005770,Hevingham,,E07000144,Broadland,1540
E05005771,Horsford and Felthorpe,,E07000144,Broadland,1541
E05005772,Marshes,,E07000144,Broadland,1542
E05005773,Old Catton and Sprowston West,,E07000144,Broadland,1543
E05005774,Plumstead,,E07000144,Broadland,1544
E05005775,Reepham,,E07000144,Broadland,1545
E05005776,Spixworth with St Faiths,,E07000144,Broadland,1546
E05005777,Sprowston Central,,E07000144,Broadland,1547
E05005778,Sprowston East,,E07000144,Broadland,1548
E05005779,Taverham North,,E07000144,Broadland,1549
E05005780,Taverham South,,E07000144,Broadland,1550
E05005781,Thorpe St Andrew North West,,E07000144,Broadland,1551
E05005782,Thorpe St Andrew South East,,E07000144,Broadland,1552
E05005783,Wroxham,,E07000144,Broadland,1553
E05005784,Bradwell North,,E07000145,Great Yarmouth,1554
E05005785,Bradwell South and Hopton,,E07000145,Great Yarmouth,1555
E05004979,Westcourt,,E07000109,Gravesham,1556
E05004980,Whitehill,,E07000109,Gravesham,1557
E05004981,Woodlands,,E07000109,Gravesham,1558
E05004982,Allington,,E07000110,Maidstone,1559
E05004983,Barming and Teston,,E07000110,Maidstone,1560
E05004984,Bearsted,,E07000110,Maidstone,1561
E05004985,Boughton Monchelsea and Chart Sutton,,E07000110,Maidstone,1562
E05004986,Boxley,,E07000110,Maidstone,1563
E05004987,Bridge,,E07000110,Maidstone,1564
E05004989,Detling and Thurnham,,E07000110,Maidstone,1565
E05004990,Downswood and Otham,,E07000110,Maidstone,1566
E05004991,East,,E07000110,Maidstone,1567
E05004992,Fant,,E07000110,Maidstone,1568
E05004993,Harrietsham and Lenham,,E07000110,Maidstone,1569
E05004994,Headcorn,,E07000110,Maidstone,1570
E05004995,Heath,,E07000110,Maidstone,1571
E05004996,High Street,,E07000110,Maidstone,1572
E05004997,Leeds,,E07000110,Maidstone,1573
E05004999,Marden and Yalding,,E07000110,Maidstone,1574
E05005000,North,,E07000110,Maidstone,1575
E05005001,North Downs,,E07000110,Maidstone,1576
E05005002,Park Wood,,E07000110,Maidstone,1577
E05005003,Shepway North,,E07000110,Maidstone,1578
E05005004,Shepway South,,E07000110,Maidstone,1579
E05005006,Staplehurst,,E07000110,Maidstone,1580
E05005007,Sutton Valence and Langley,,E07000110,Maidstone,1581
E05005010,Cowden and Hever,,E07000111,Sevenoaks,1582
E05005011,Crockenhill and Well Hill,,E07000111,Sevenoaks,1583
E05005012,Dunton Green and Riverhead,,E07000111,Sevenoaks,1584
E05005013,Edenbridge North and East,,E07000111,Sevenoaks,1585
E05005014,Edenbridge South and West,,E07000111,Sevenoaks,1586
E05005016,"Farningham, Horton Kirby and South Darenth",,E07000111,Sevenoaks,1587
E05005017,Fawkham and West Kingsdown,,E07000111,Sevenoaks,1588
E05005018,"Halstead, Knockholt and Badgers Mount",,E07000111,Sevenoaks,1589
E05005209,Central,,E07000120,Hyndburn,1590
E05005210,Church,,E07000120,Hyndburn,1591
E05005211,Clayton-le-Moors,,E07000120,Hyndburn,1592
E05005212,Huncoat,,E07000120,Hyndburn,1593
E05005213,Immanuel,,E07000120,Hyndburn,1594
E05005214,Milnshaw,,E07000120,Hyndburn,1595
E05005215,Netherton,,E07000120,Hyndburn,1596
E05005216,Overton,,E07000120,Hyndburn,1597
E05005217,Peel,,E07000120,Hyndburn,1598
E05005218,Rishton,,E07000120,Hyndburn,1599
E05005219,St Andrew's,,E07000120,Hyndburn,1600
E05007464,Curdworth,,E07000218,North Warwickshire,1601
E05007465,Dordon,,E07000218,North Warwickshire,1602
E05007466,Fillongley,,E07000218,North Warwickshire,1603
E05007467,Hartshill,,E07000218,North Warwickshire,1604
E05007468,Hurley and Wood End,,E07000218,North Warwickshire,1605
E05007469,Kingsbury,,E07000218,North Warwickshire,1606
E05007470,Newton Regis and Warton,,E07000218,North Warwickshire,1607
E05007471,Polesworth East,,E07000218,North Warwickshire,1608
E05007472,Polesworth West,,E07000218,North Warwickshire,1609
E05007473,Water Orton,,E07000218,North Warwickshire,1610
E05007474,Abbey,,E07000219,Nuneaton and Bedworth,1611
E05007475,Arbury,,E07000219,Nuneaton and Bedworth,1612
E05007476,Attleborough,,E07000219,Nuneaton and Bedworth,1613
E05007477,Bar Pool,,E07000219,Nuneaton and Bedworth,1614
E05007478,Bede,,E07000219,Nuneaton and Bedworth,1615
E05007479,Bulkington,,E07000219,Nuneaton and Bedworth,1616
E05007480,Camp Hill,,E07000219,Nuneaton and Bedworth,1617
E05007481,Exhall,,E07000219,Nuneaton and Bedworth,1618
E05007482,Galley Common,,E07000219,Nuneaton and Bedworth,1619
E05007483,Heath,,E07000219,Nuneaton and Bedworth,1620
E05007484,Kingswood,,E07000219,Nuneaton and Bedworth,1621
E05007485,Poplar,,E07000219,Nuneaton and Bedworth,1622
E05007486,St Nicolas,,E07000219,Nuneaton and Bedworth,1623
E05007487,Slough,,E07000219,Nuneaton and Bedworth,1624
E05007488,Weddington,,E07000219,Nuneaton and Bedworth,1625
E05007489,Wem Brook,,E07000219,Nuneaton and Bedworth,1626
E05007490,Whitestone,,E07000219,Nuneaton and Bedworth,1627
E05007562,Buckingham,,E07000223,Adur,1628
E05007563,Churchill,,E07000223,Adur,1629
E05007564,Cokeham,,E07000223,Adur,1630
E05007565,Eastbrook,,E07000223,Adur,1631
E05007566,Hillside,,E07000223,Adur,1632
E05007567,Manor,,E07000223,Adur,1633
E05007568,Marine,,E07000223,Adur,1634
E05007569,Mash Barn,,E07000223,Adur,1635
E05007570,Peverel,,E07000223,Adur,1636
E05007571,St Mary's,,E07000223,Adur,1637
E05007572,St Nicolas,,E07000223,Adur,1638
E05007573,Southlands,,E07000223,Adur,1639
E05007574,Southwick Green,,E07000223,Adur,1640
E05007575,Widewater,,E07000223,Adur,1641
E05007668,Ardingly and Balcombe,,E07000228,Mid Sussex,1642
E05007669,Ashurst Wood,,E07000228,Mid Sussex,1643
E05007670,Bolney,,E07000228,Mid Sussex,1644
E05007671,Burgess Hill Dunstall,,E07000228,Mid Sussex,1645
E05007672,Burgess Hill Franklands,,E07000228,Mid Sussex,1646
E05007673,Burgess Hill Leylands,,E07000228,Mid Sussex,1647
E05007674,Burgess Hill Meeds,,E07000228,Mid Sussex,1648
E05007675,Burgess Hill St Andrews,,E07000228,Mid Sussex,1649
E05007676,Burgess Hill Victoria,,E07000228,Mid Sussex,1650
E05007067,Belgrave,,E07000199,Tamworth,1651
E05006643,Milton-under-Wychwood,,E07000181,West Oxfordshire,1652
E05007677,Copthorne and Worth,,E07000228,Mid Sussex,1653
E05007298,Onslow,,E07000209,Guildford,1654
E05007866,West,,E07000235,Malvern Hills,1655
E05007397,Lingfield and Crowhurst,,E07000215,Tandridge,1656
E05006991,Cheslyn Hay South,,E07000196,South Staffordshire,1657
E05006992,Codsall North,,E07000196,South Staffordshire,1658
E05006993,Codsall South,,E07000196,South Staffordshire,1659
E05006994,Essington,,E07000196,South Staffordshire,1660
E05006995,Featherstone and Shareshill,,E07000196,South Staffordshire,1661
E05006996,Great Wyrley Landywood,,E07000196,South Staffordshire,1662
E05006997,Great Wyrley Town,,E07000196,South Staffordshire,1663
E05006998,Himley and Swindon,,E07000196,South Staffordshire,1664
E05006999,Huntington and Hatherton,,E07000196,South Staffordshire,1665
E05007000,Kinver,,E07000196,South Staffordshire,1666
E05007001,Pattingham and Patshull,,E07000196,South Staffordshire,1667
E05007002,Penkridge North East and Acton Trussell,,E07000196,South Staffordshire,1668
E05007003,Penkridge South East,,E07000196,South Staffordshire,1669
E05007004,Penkridge West,,E07000196,South Staffordshire,1670
E05007005,Perton Dippons,,E07000196,South Staffordshire,1671
E05007006,Perton East,,E07000196,South Staffordshire,1672
E05007007,Perton Lakeside,,E07000196,South Staffordshire,1673
E05007008,Trysull and Seisdon,,E07000196,South Staffordshire,1674
E05007009,"Wheaton Aston, Bishopswood and Lapley",,E07000196,South Staffordshire,1675
E05007010,Wombourne North and Lower Penn,,E07000196,South Staffordshire,1676
E05007011,Wombourne South East,,E07000196,South Staffordshire,1677
E05007012,Wombourne South West,,E07000196,South Staffordshire,1678
E05007039,Alton,,E07000198,Staffordshire Moorlands,1679
E05007040,Bagnall and Stanley,,E07000198,Staffordshire Moorlands,1680
E05007041,Biddulph East,,E07000198,Staffordshire Moorlands,1681
E05007042,Biddulph Moor,,E07000198,Staffordshire Moorlands,1682
E05007043,Biddulph North,,E07000198,Staffordshire Moorlands,1683
E05007044,Biddulph South,,E07000198,Staffordshire Moorlands,1684
E05007045,Biddulph West,,E07000198,Staffordshire Moorlands,1685
E05007046,Brown Edge and Endon,,E07000198,Staffordshire Moorlands,1686
E05007047,Caverswall,,E07000198,Staffordshire Moorlands,1687
E05007048,Cellarhead,,E07000198,Staffordshire Moorlands,1688
E05007049,Cheadle North East,,E07000198,Staffordshire Moorlands,1689
E05007050,Cheadle South East,,E07000198,Staffordshire Moorlands,1690
E05007051,Cheadle West,,E07000198,Staffordshire Moorlands,1691
E05007052,Checkley,,E07000198,Staffordshire Moorlands,1692
E05007053,Cheddleton,,E07000198,Staffordshire Moorlands,1693
E05007054,Churnet,,E07000198,Staffordshire Moorlands,1694
E05007055,Dane,,E07000198,Staffordshire Moorlands,1695
E05007056,Forsbrook,,E07000198,Staffordshire Moorlands,1696
E05007057,Hamps Valley,,E07000198,Staffordshire Moorlands,1697
E05007058,Horton,,E07000198,Staffordshire Moorlands,1698
E05007059,Ipstones,,E07000198,Staffordshire Moorlands,1699
E05007060,Leek East,,E07000198,Staffordshire Moorlands,1700
E05007061,Leek North,,E07000198,Staffordshire Moorlands,1701
E05007062,Leek South,,E07000198,Staffordshire Moorlands,1702
E05007063,Leek West,,E07000198,Staffordshire Moorlands,1703
E05007064,Manifold,,E07000198,Staffordshire Moorlands,1704
E05007065,Werrington,,E07000198,Staffordshire Moorlands,1705
E05007066,Amington,,E07000199,Tamworth,1706
E05007678,Crawley Down and Turners Hill,,E07000228,Mid Sussex,1707
E05007068,Bolehall,,E07000199,Tamworth,1708
E05006644,North Leigh,,E07000181,West Oxfordshire,1709
E05007867,Woodbury,,E07000235,Malvern Hills,1710
E05007398,Oxted North and Tandridge,,E07000215,Tandridge,1711
E05007299,Pilgrims,,E07000209,Guildford,1712
E05007300,Pirbright,,E07000209,Guildford,1713
E05007069,Castle,,E07000199,Tamworth,1714
E05007301,Send,,E07000209,Guildford,1715
E05007679,Cuckfield,,E07000228,Mid Sussex,1716
E05006645,"Standlake, Aston and Stanton Harcourt",,E07000181,West Oxfordshire,1717
E05007070,Glascote,,E07000199,Tamworth,1718
E05007868,Abbey,,E07000236,Redditch,1719
E05007399,Oxted South,,E07000215,Tandridge,1720
E05007302,Shalford,,E07000209,Guildford,1721
E05007680,East Grinstead Ashplats,,E07000228,Mid Sussex,1722
E05006646,Stonesfield and Tackley,,E07000181,West Oxfordshire,1723
E05007071,Mercian,,E07000199,Tamworth,1724
E05007869,Astwood Bank and Feckenham,,E07000236,Redditch,1725
E05007400,Portley,,E07000215,Tandridge,1726
E05007303,Stoke,,E07000209,Guildford,1727
E05007681,East Grinstead Baldwins,,E07000228,Mid Sussex,1728
E05006647,The Bartons,,E07000181,West Oxfordshire,1729
E05007072,Spital,,E07000199,Tamworth,1730
E05007870,Batchley & Brockhill,,E07000236,Redditch,1731
E05007401,Queens Park,,E07000215,Tandridge,1732
E05007304,Stoughton,,E07000209,Guildford,1733
E05007682,East Grinstead Herontye,,E07000228,Mid Sussex,1734
E05006648,Witney Central,,E07000181,West Oxfordshire,1735
E05006649,Witney East,,E07000181,West Oxfordshire,1736
E05006650,Witney North,,E07000181,West Oxfordshire,1737
E05006651,Witney South,,E07000181,West Oxfordshire,1738
E05006652,Witney West,,E07000181,West Oxfordshire,1739
E05006653,Woodstock and Bladon,,E07000181,West Oxfordshire,1740
E05006902,Brereton and Ravenhill,,E07000192,Cannock Chase,1741
E05006903,Cannock East,,E07000192,Cannock Chase,1742
E05006904,Cannock North,,E07000192,Cannock Chase,1743
E05006905,Cannock South,,E07000192,Cannock Chase,1744
E05006906,Cannock West,,E07000192,Cannock Chase,1745
E05006907,Etching Hill and The Heath,,E07000192,Cannock Chase,1746
E05006908,Hagley,,E07000192,Cannock Chase,1747
E05006909,Hawks Green,,E07000192,Cannock Chase,1748
E05006910,Heath Hayes East and Wimblebury,,E07000192,Cannock Chase,1749
E05006911,Hednesford Green Heath,,E07000192,Cannock Chase,1750
E05006912,Hednesford North,,E07000192,Cannock Chase,1751
E05006913,Hednesford South,,E07000192,Cannock Chase,1752
E05006914,Norton Canes,,E07000192,Cannock Chase,1753
E05006915,Rawnsley,,E07000192,Cannock Chase,1754
E05006916,Western Springs,,E07000192,Cannock Chase,1755
E05006917,Abbey,,E07000193,East Staffordshire,1756
E05006918,Anglesey,,E07000193,East Staffordshire,1757
E05006919,Bagots,,E07000193,East Staffordshire,1758
E05006920,Branston,,E07000193,East Staffordshire,1759
E05006921,Brizlincote,,E07000193,East Staffordshire,1760
E05006922,Burton,,E07000193,East Staffordshire,1761
E05006923,Churnet,,E07000193,East Staffordshire,1762
E05006924,Crown,,E07000193,East Staffordshire,1763
E05006925,Eton Park,,E07000193,East Staffordshire,1764
E05006926,Heath,,E07000193,East Staffordshire,1765
E05006927,Horninglow,,E07000193,East Staffordshire,1766
E05006928,Needwood,,E07000193,East Staffordshire,1767
E05006929,Rolleston on Dove,,E07000193,East Staffordshire,1768
E05006930,Shobnall,,E07000193,East Staffordshire,1769
E05006931,Stapenhill,,E07000193,East Staffordshire,1770
E05006932,Stretton,,E07000193,East Staffordshire,1771
E05006933,Town,,E07000193,East Staffordshire,1772
E05006934,Tutbury and Outwoods,,E07000193,East Staffordshire,1773
E05006935,Weaver,,E07000193,East Staffordshire,1774
E05006936,Winshill,,E07000193,East Staffordshire,1775
E05006937,Yoxall,,E07000193,East Staffordshire,1776
E05006988,Bilbrook,,E07000196,South Staffordshire,1777
E05006989,Brewood and Coven,,E07000196,South Staffordshire,1778
E05006990,Cheslyn Hay North and Saredon,,E07000196,South Staffordshire,1779
E05007073,Stonydelph,,E07000199,Tamworth,1780
E05007074,Trinity,,E07000199,Tamworth,1781
E05007075,Wilnecote,,E07000199,Tamworth,1782
E05007117,Alexandra,,E07000202,Ipswich,1783
E05007683,East Grinstead Imberhorne,,E07000228,Mid Sussex,1784
E05007118,Bixley,,E07000202,Ipswich,1785
E05007871,Central,,E07000236,Redditch,1786
E05007684,East Grinstead Town,,E07000228,Mid Sussex,1787
E05007119,Bridge,,E07000202,Ipswich,1788
E05007872,Church Hill,,E07000236,Redditch,1789
E05007402,Tatsfield and Titsey,,E07000215,Tandridge,1790
E05007305,Tillingbourne,,E07000209,Guildford,1791
E05007685,Hassocks,,E07000228,Mid Sussex,1792
E05007120,Castle Hill,,E07000202,Ipswich,1793
E05007873,Crabbs Cross,,E07000236,Redditch,1794
E05007403,Valley,,E07000215,Tandridge,1795
E05007306,Westborough,,E07000209,Guildford,1796
E05007686,Haywards Heath Ashenground,,E07000228,Mid Sussex,1797
E05007687,Haywards Heath Bentswood,,E07000228,Mid Sussex,1798
E05007688,Haywards Heath Franklands,,E07000228,Mid Sussex,1799
E05007689,Haywards Heath Heath,,E07000228,Mid Sussex,1800
E05007690,Haywards Heath Lucastes,,E07000228,Mid Sussex,1801
E05007691,High Weald,,E07000228,Mid Sussex,1802
E05007692,Hurstpierpoint and Downs,,E07000228,Mid Sussex,1803
E05007693,Lindfield,,E07000228,Mid Sussex,1804
E05007694,Broadwater,,E07000229,Worthing,1805
E05007695,Castle,,E07000229,Worthing,1806
E05007696,Central,,E07000229,Worthing,1807
E05007697,Durrington,,E07000229,Worthing,1808
E05007698,Gaisford,,E07000229,Worthing,1809
E05007699,Goring,,E07000229,Worthing,1810
E05007700,Heene,,E07000229,Worthing,1811
E05007701,Marine,,E07000229,Worthing,1812
E05007702,Northbrook,,E07000229,Worthing,1813
E05007703,Offington,,E07000229,Worthing,1814
E05007704,Salvington,,E07000229,Worthing,1815
E05007705,Selden,,E07000229,Worthing,1816
E05007706,Tarring,,E07000229,Worthing,1817
E05007846,Alfrick and Leigh,,E07000235,Malvern Hills,1818
E05007847,Baldwin,,E07000235,Malvern Hills,1819
E05007848,Broadheath,,E07000235,Malvern Hills,1820
E05007849,Chase,,E07000235,Malvern Hills,1821
E05007850,Dyson Perrins,,E07000235,Malvern Hills,1822
E05007851,Hallow,,E07000235,Malvern Hills,1823
E05007852,Kempsey,,E07000235,Malvern Hills,1824
E05007853,Lindridge,,E07000235,Malvern Hills,1825
E05007854,Link,,E07000235,Malvern Hills,1826
E05007855,Longdon,,E07000235,Malvern Hills,1827
E05007856,Martley,,E07000235,Malvern Hills,1828
E05007857,Morton,,E07000235,Malvern Hills,1829
E05007858,Pickersleigh,,E07000235,Malvern Hills,1830
E05007859,Powick,,E07000235,Malvern Hills,1831
E05007860,Priory,,E07000235,Malvern Hills,1832
E05007861,Ripple,,E07000235,Malvern Hills,1833
E05007862,Teme Valley,,E07000235,Malvern Hills,1834
E05007863,Tenbury,,E07000235,Malvern Hills,1835
E05007864,Upton and Hanley,,E07000235,Malvern Hills,1836
E05007865,Wells,,E07000235,Malvern Hills,1837
E05007121,Gainsborough,,E07000202,Ipswich,1838
E05007122,Gipping,,E07000202,Ipswich,1839
E05007123,Holywells,,E07000202,Ipswich,1840
E05007124,Priory Heath,,E07000202,Ipswich,1841
E05007125,Rushmere,,E07000202,Ipswich,1842
E05007126,St John's,,E07000202,Ipswich,1843
E05007127,St Margaret's,,E07000202,Ipswich,1844
E05007128,Sprites,,E07000202,Ipswich,1845
E05007129,Stoke Park,,E07000202,Ipswich,1846
E05007130,Westgate,,E07000202,Ipswich,1847
E05007131,Whitehouse,,E07000202,Ipswich,1848
E05007132,Whitton,,E07000202,Ipswich,1849
E05007273,Auriol,,E07000208,Epsom and Ewell,1850
E05007274,College,,E07000208,Epsom and Ewell,1851
E05007275,Court,,E07000208,Epsom and Ewell,1852
E05007276,Cuddington,,E07000208,Epsom and Ewell,1853
E05007277,Ewell,,E07000208,Epsom and Ewell,1854
E05007278,Ewell Court,,E07000208,Epsom and Ewell,1855
E05007279,Nonsuch,,E07000208,Epsom and Ewell,1856
E05007280,Ruxley,,E07000208,Epsom and Ewell,1857
E05007281,Stamford,,E07000208,Epsom and Ewell,1858
E05007282,Stoneleigh,,E07000208,Epsom and Ewell,1859
E05007307,Worplesdon,,E07000209,Guildford,1860
E05007283,Town,,E07000208,Epsom and Ewell,1861
E05007874,Greenlands,,E07000236,Redditch,1862
E05007404,Warlingham East and Chelsham and Farleigh,,E07000215,Tandridge,1863
E05007308,Ashtead Common,,E07000210,Mole Valley,1864
E05007284,West Ewell,,E07000208,Epsom and Ewell,1865
E05007875,Headless Cross and Oakenshaw,,E07000236,Redditch,1866
E05007876,Lodge Park,,E07000236,Redditch,1867
E05007877,Matchborough,,E07000236,Redditch,1868
E05007878,West,,E07000236,Redditch,1869
E05007879,Winyates,,E07000236,Redditch,1870
E05007880,Arboretum,,E07000237,Worcester,1871
E05007881,Battenhall,,E07000237,Worcester,1872
E05007882,Bedwardine,,E07000237,Worcester,1873
E05007883,Cathedral,,E07000237,Worcester,1874
E05007884,Claines,,E07000237,Worcester,1875
E05007885,Gorse Hill,,E07000237,Worcester,1876
E05007886,Nunnery,,E07000237,Worcester,1877
E05007887,Rainbow Hill,,E07000237,Worcester,1878
E05007888,St Clement,,E07000237,Worcester,1879
E05007889,St John,,E07000237,Worcester,1880
E05007890,St Peter's Parish,,E07000237,Worcester,1881
E05007891,St Stephen,,E07000237,Worcester,1882
E05007892,Warndon,,E07000237,Worcester,1883
E05007893,Warndon Parish North,,E07000237,Worcester,1884
E05007894,Warndon Parish South,,E07000237,Worcester,1885
E05007895,Badsey,,E07000238,Wychavon,1886
E05007896,Bengeworth,,E07000238,Wychavon,1887
E05007897,Bowbrook,,E07000238,Wychavon,1888
E05007898,Bredon,,E07000238,Wychavon,1889
E05007899,Bretforton and Offenham,,E07000238,Wychavon,1890
E05007900,Broadway and Wickhamford,,E07000238,Wychavon,1891
E05007901,Dodderhill,,E07000238,Wychavon,1892
E05007902,Drakes Broughton,,E07000238,Wychavon,1893
E05007903,Droitwich Central,,E07000238,Wychavon,1894
E05007904,Droitwich East,,E07000238,Wychavon,1895
E05007905,Droitwich South East,,E07000238,Wychavon,1896
E05007906,Droitwich South West,,E07000238,Wychavon,1897
E05007907,Droitwich West,,E07000238,Wychavon,1898
E05007908,Eckington,,E07000238,Wychavon,1899
E05007909,Elmley Castle and Somerville,,E07000238,Wychavon,1900
E05007910,Evesham North,,E07000238,Wychavon,1901
E05007911,Evesham South,,E07000238,Wychavon,1902
E05007912,Fladbury,,E07000238,Wychavon,1903
E05007913,Great Hampton,,E07000238,Wychavon,1904
E05007914,Hartlebury,,E07000238,Wychavon,1905
E05007915,Harvington and Norton,,E07000238,Wychavon,1906
E05007309,Ashtead Park,,E07000210,Mole Valley,1907
E05007405,Warlingham West,,E07000215,Tandridge,1908
E05007310,Ashtead Village,,E07000210,Mole Valley,1909
E05007285,Woodcote,,E07000208,Epsom and Ewell,1910
E05007406,Westway,,E07000215,Tandridge,1911
E05007311,Beare Green,,E07000210,Mole Valley,1912
E05007286,Ash South and Tongham,,E07000209,Guildford,1913
E05007407,Whyteleafe,,E07000215,Tandridge,1914
E05007312,Bookham North,,E07000210,Mole Valley,1915
E05007287,Ash Vale,,E07000209,Guildford,1916
E05007408,Woldingham,,E07000215,Tandridge,1917
E05007313,Bookham South,,E07000210,Mole Valley,1918
E05007288,Ash Wharf,,E07000209,Guildford,1919
E05007409,Bletchingley and Nutfield,,E07000215,Tandridge,1920
E05007314,Box Hill and Headley,,E07000210,Mole Valley,1921
E05007289,Burpham,,E07000209,Guildford,1922
E05007410,"Burstow, Horne and Outwood",,E07000215,Tandridge,1923
E05007315,"Brockham, Betchworth and Buckland",,E07000210,Mole Valley,1924
E05007290,Christchurch,,E07000209,Guildford,1925
E05007411,"Alfold, Cranleigh Rural and Ellens Green",,E07000216,Waverley,1926
E05007316,"Capel, Leigh and Newdigate",,E07000210,Mole Valley,1927
E05007291,Clandon and Horsley,,E07000209,Guildford,1928
E05007412,Blackheath and Wonersh,,E07000216,Waverley,1929
E05007317,Charlwood,,E07000210,Mole Valley,1930
E05007292,Effingham,,E07000209,Guildford,1931
E05007293,Friary and St Nicolas,,E07000209,Guildford,1932
E05007294,Holy Trinity,,E07000209,Guildford,1933
E05007295,Lovelace,,E07000209,Guildford,1934
E05007296,Merrow,,E07000209,Guildford,1935
E05007297,Normandy,,E07000209,Guildford,1936
E05007318,Dorking North,,E07000210,Mole Valley,1937
E05007413,"Bramley, Busbridge and Hascombe",,E07000216,Waverley,1938
E05007319,Dorking South,,E07000210,Mole Valley,1939
E05007414,Chiddingfold and Dunsfold,,E07000216,Waverley,1940
E05007320,Fetcham East,,E07000210,Mole Valley,1941
E05007415,Cranleigh East,,E07000216,Waverley,1942
E05007321,Fetcham West,,E07000210,Mole Valley,1943
E05007416,Cranleigh West,,E07000216,Waverley,1944
E05007322,Holmwoods,,E07000210,Mole Valley,1945
E05007417,Elstead and Thursley,,E07000216,Waverley,1946
E05007323,Leatherhead North,,E07000210,Mole Valley,1947
E05007418,Ewhurst,,E07000216,Waverley,1948
E05007324,Leatherhead South,,E07000210,Mole Valley,1949
E05007419,Farnham Bourne,,E07000216,Waverley,1950
E05007325,Leith Hill,,E07000210,Mole Valley,1951
E05007420,Farnham Castle,,E07000216,Waverley,1952
E05007326,"Mickleham, Westhumble and Pixham",,E07000210,Mole Valley,1953
E05007421,Farnham Firgrove,,E07000216,Waverley,1954
E05007327,Okewood,,E07000210,Mole Valley,1955
E05007422,Farnham Hale and Heath End,,E07000216,Waverley,1956
E05007328,Westcott,,E07000210,Mole Valley,1957
E05007423,Farnham Moor Park,,E07000216,Waverley,1958
E05007362,Ashford Common,,E07000213,Spelthorne,1959
E05007424,Farnham Shortheath and Boundstone,,E07000216,Waverley,1960
E05007363,Ashford East,,E07000213,Spelthorne,1961
E05007425,Farnham Upper Hale,,E07000216,Waverley,1962
E05007364,Ashford North and Stanwell South,,E07000213,Spelthorne,1963
E05007426,Farnham Weybourne and Badshot Lea,,E07000216,Waverley,1964
E05007365,Ashford Town,,E07000213,Spelthorne,1965
E05007427,Farnham Wrecclesham and Rowledge,,E07000216,Waverley,1966
E05007366,Halliford and Sunbury West,,E07000213,Spelthorne,1967
E05007428,"Frensham, Dockenfield and Tilford",,E07000216,Waverley,1968
E05007367,Laleham and Shepperton Green,,E07000213,Spelthorne,1969
E05007429,Godalming Binscombe,,E07000216,Waverley,1970
E05007368,Riverside and Laleham,,E07000213,Spelthorne,1971
E05007430,Godalming Central and Ockford,,E07000216,Waverley,1972
E05007369,Shepperton Town,,E07000213,Spelthorne,1973
E05007431,Godalming Charterhouse,,E07000216,Waverley,1974
E05007370,Staines,,E07000213,Spelthorne,1975
E05007432,Godalming Farncombe and Catteshall,,E07000216,Waverley,1976
E05007371,Staines South,,E07000213,Spelthorne,1977
E05007433,Godalming Holloway,,E07000216,Waverley,1978
E05007372,Stanwell North,,E07000213,Spelthorne,1979
E05007434,Haslemere Critchmere and Shottermill,,E07000216,Waverley,1980
E05007373,Sunbury Common,,E07000213,Spelthorne,1981
E05007435,Haslemere East and Grayswood,,E07000216,Waverley,1982
E05007374,Sunbury East,,E07000213,Spelthorne,1983
E05007436,Hindhead,,E07000216,Waverley,1984
E05007391,Chaldon,,E07000215,Tandridge,1985
E05007437,Milford,,E07000216,Waverley,1986
E05007392,Dormansland and Felcourt,,E07000215,Tandridge,1987
E05007438,Shamley Green and Cranleigh North,,E07000216,Waverley,1988
E05007393,Felbridge,,E07000215,Tandridge,1989
E05007439,Witley and Hambledon,,E07000216,Waverley,1990
E05007394,Godstone,,E07000215,Tandridge,1991
E05007457,Arley and Whitacre,,E07000218,North Warwickshire,1992
E05007458,Atherstone Central,,E07000218,North Warwickshire,1993
E05007459,Atherstone North,,E07000218,North Warwickshire,1994
E05007460,Atherstone South and Mancetter,,E07000218,North Warwickshire,1995
E05007461,Baddesley and Grendon,,E07000218,North Warwickshire,1996
E05007462,Coleshill North,,E07000218,North Warwickshire,1997
E05007463,Coleshill South,,E07000218,North Warwickshire,1998
E05007395,Harestone,,E07000215,Tandridge,1999
E05007396,Limpsfield,,E07000215,Tandridge,2000
E05008627,Disley,,E06000049,Cheshire East,2001
E05008628,Gawsworth,,E06000049,Cheshire East,2002
E05008629,Handforth,,E06000049,Cheshire East,2003
E05008630,Haslington,,E06000049,Cheshire East,2004
E05008631,High Legh,,E06000049,Cheshire East,2005
E05008632,Knutsford,,E06000049,Cheshire East,2006
E05008633,Leighton,,E06000049,Cheshire East,2007
E05008634,Macclesfield Central,,E06000049,Cheshire East,2008
E05008635,Macclesfield East,,E06000049,Cheshire East,2009
E05008636,Macclesfield Hurdsfield,,E06000049,Cheshire East,2010
E05008637,Macclesfield South,,E06000049,Cheshire East,2011
E05008638,Macclesfield Tytherington,,E06000049,Cheshire East,2012
E05008639,Macclesfield West and Ivy,,E06000049,Cheshire East,2013
E05008640,Middlewich,,E06000049,Cheshire East,2014
E05008641,Mobberley,,E06000049,Cheshire East,2015
E05008642,Nantwich North and West,,E06000049,Cheshire East,2016
E05008643,Nantwich South and Stapeley,,E06000049,Cheshire East,2017
E05008644,Odd Rode,,E06000049,Cheshire East,2018
E05008645,Poynton East and Pott Shrigley,,E06000049,Cheshire East,2019
E05008646,Poynton West and Adlington,,E06000049,Cheshire East,2020
E05008647,Prestbury,,E06000049,Cheshire East,2021
E05008648,Sandbach Elworth,,E06000049,Cheshire East,2022
E05008649,Sandbach Ettiley Heath and Wheelock,,E06000049,Cheshire East,2023
E05008650,Sandbach Heath and East,,E06000049,Cheshire East,2024
E05008651,Sandbach Town,,E06000049,Cheshire East,2025
E05008652,Shavington,,E06000049,Cheshire East,2026
E05008653,Sutton,,E06000049,Cheshire East,2027
E05008654,Willaston and Rope,,E06000049,Cheshire East,2028
E05008655,Wilmslow Dean Row,,E06000049,Cheshire East,2029
E05007916,Honeybourne and Pebworth,,E07000238,Wychavon,2030
E05008656,Wilmslow East,,E06000049,Cheshire East,2031
E05008657,Wilmslow Lacey Green,,E06000049,Cheshire East,2032
E05007917,Inkberrow,,E07000238,Wychavon,2033
E05008658,Wilmslow West and Chorley,,E06000049,Cheshire East,2034
E05007918,Little Hampton,,E07000238,Wychavon,2035
E05008729,Fenton West and Mount Pleasant,,E06000021,Stoke-on-Trent,2036
E05008659,Wistaston,,E06000049,Cheshire East,2037
E05007919,Lovett and North Claines,,E07000238,Wychavon,2038
E05008730,Ford Green and Smallthorne,,E06000021,Stoke-on-Trent,2039
E05009049,Consett South,,E06000047,County Durham,2040
E05008660,Wrenbury,,E06000049,Cheshire East,2041
E05007920,Norton and Whittington,,E07000238,Wychavon,2042
E05008731,Goldenhill and Sandyford,,E06000021,Stoke-on-Trent,2043
E05009050,Coundon,,E06000047,County Durham,2044
E05008661,Wybunbury,,E06000049,Cheshire East,2045
E05007921,Ombersley,,E07000238,Wychavon,2046
E05008732,Great Chell and Packmoor,,E06000021,Stoke-on-Trent,2047
E05008780,Aspley and Woburn,,E06000056,Central Bedfordshire,2048
E05009051,Coxhoe,,E06000047,County Durham,2049
E05008714,Abbey Hulton and Townsend,,E06000021,Stoke-on-Trent,2050
E05007922,Pershore,,E07000238,Wychavon,2051
E05008870,Lindhurst,,E07000174,Mansfield,2052
E05008733,Hanford and Trentham,,E06000021,Stoke-on-Trent,2053
E05008781,Barton-le-Clay,,E06000056,Central Bedfordshire,2054
E05009052,Craghead and South Moor,,E06000047,County Durham,2055
E05008178,Porthill,,E06000051,Shropshire,2056
E05008980,Leam Valley,,E07000220,Rugby,2057
E05008715,"Baddeley, Milton and Norton",,E06000021,Stoke-on-Trent,2058
E05008716,Bentilee and Ubberley,,E06000021,Stoke-on-Trent,2059
E05008717,Birches Head and Central Forest Park,,E06000021,Stoke-on-Trent,2060
E05008718,Blurton East,,E06000021,Stoke-on-Trent,2061
E05008719,Blurton West and Newstead,,E06000021,Stoke-on-Trent,2062
E05008720,Boothen and Oak Hill,,E06000021,Stoke-on-Trent,2063
E05008721,Bradeley and Chell Heath,,E06000021,Stoke-on-Trent,2064
E05008722,Broadway and Longton East,,E06000021,Stoke-on-Trent,2065
E05008723,Burslem Central,,E06000021,Stoke-on-Trent,2066
E05008724,Burslem Park,,E06000021,Stoke-on-Trent,2067
E05008725,Dresden and Florence,,E06000021,Stoke-on-Trent,2068
E05008726,Eaton Park,,E06000021,Stoke-on-Trent,2069
E05008727,Etruria and Hanley,,E06000021,Stoke-on-Trent,2070
E05008728,Fenton East,,E06000021,Stoke-on-Trent,2071
E05008871,Ling Forest,,E07000174,Mansfield,2072
E05008872,Manor,,E07000174,Mansfield,2073
E05008873,Market Warsop,,E07000174,Mansfield,2074
E05008874,Maun Valley,,E07000174,Mansfield,2075
E05008875,Meden,,E07000174,Mansfield,2076
E05008876,Netherfield,,E07000174,Mansfield,2077
E05008877,Newgate,,E07000174,Mansfield,2078
E05008878,Newlands,,E07000174,Mansfield,2079
E05008879,Oak Tree,,E07000174,Mansfield,2080
E05008880,Oakham,,E07000174,Mansfield,2081
E05008881,Park Hall,,E07000174,Mansfield,2082
E05008882,Peafields,,E07000174,Mansfield,2083
E05008883,Penniment,,E07000174,Mansfield,2084
E05008884,Portland,,E07000174,Mansfield,2085
E05008885,Racecourse,,E07000174,Mansfield,2086
E05008886,Ransom Wood,,E07000174,Mansfield,2087
E05008887,Sandhurst,,E07000174,Mansfield,2088
E05008888,Sherwood,,E07000174,Mansfield,2089
E05008889,Warsop Carrs,,E07000174,Mansfield,2090
E05008890,Woodhouse,,E07000174,Mansfield,2091
E05008891,Woodlands,,E07000174,Mansfield,2092
E05008892,Yeoman Hill,,E07000174,Mansfield,2093
E05008932,Downlands and Forest,,E07000091,New Forest,2094
E05008933,Fordingbridge,,E07000091,New Forest,2095
E05008934,Forest North West,,E07000091,New Forest,2096
E05008940,"Hastingwood, Matching and Sheering Village",,E07000072,Epping Forest,2097
E05008941,Moreton and Fyfield,,E07000072,Epping Forest,2098
E05008954,Central,,E06000030,Swindon,2099
E05008955,Chiseldon and Lawn,,E06000030,Swindon,2100
E05008956,Covingham and Dorcan,,E06000030,Swindon,2101
E05008957,Eastcott,,E06000030,Swindon,2102
E05008958,Gorse Hill and Pinehurst,,E06000030,Swindon,2103
E05008960,"Liden, Eldene and Park South",,E06000030,Swindon,2104
E05008961,Lydiard and Freshbrook,,E06000030,Swindon,2105
E05008962,Mannington and Western,,E06000030,Swindon,2106
E05008963,Old Town,,E06000030,Swindon,2107
E05008965,Priory Vale,,E06000030,Swindon,2108
E05008966,Ridgeway,,E06000030,Swindon,2109
E05008967,Rodbourne Cheney,,E06000030,Swindon,2110
E05008968,St Andrews,,E06000030,Swindon,2111
E05008969,St Margaret and South Marston,,E06000030,Swindon,2112
E05008970,Shaw,,E06000030,Swindon,2113
E05008971,Walcot and Park North,,E06000030,Swindon,2114
E05008972,Wroughton and Wichelstowe,,E06000030,Swindon,2115
E05008974,Benn,,E07000220,Rugby,2116
E05008975,Bilton,,E07000220,Rugby,2117
E05008976,"Clifton, Newton and Churchover",,E07000220,Rugby,2118
E05008977,Coton and Boughton,,E07000220,Rugby,2119
E05008979,Hillmorton,,E07000220,Rugby,2120
E05008782,Biggleswade North,,E06000056,Central Bedfordshire,2121
E05008783,Biggleswade South,,E06000056,Central Bedfordshire,2122
E05007923,Pinvin,,E07000238,Wychavon,2123
E05008785,Cranfield and Marston Moretaine,,E06000056,Central Bedfordshire,2124
E05008786,Dunstable-Central,,E06000056,Central Bedfordshire,2125
E05008734,Hanley Park and Shelton,,E06000021,Stoke-on-Trent,2126
E05009053,Crook,,E06000047,County Durham,2127
E05007924,South Bredon Hill,,E07000238,Wychavon,2128
E05008981,New Bilton,,E07000220,Rugby,2129
E05008787,Dunstable-Icknield,,E06000056,Central Bedfordshire,2130
E05008179,Prees,,E06000051,Shropshire,2131
E05008735,Hartshill and Basford,,E06000021,Stoke-on-Trent,2132
E05009054,Dawdon,,E06000047,County Durham,2133
E05007925,The Littletons,,E07000238,Wychavon,2134
E05008982,Newbold and Brownsover,,E07000220,Rugby,2135
E05008790,Dunstable-Watling,,E06000056,Central Bedfordshire,2136
E05008736,Hollybush and Longton West,,E06000021,Stoke-on-Trent,2137
E05008180,Quarry and Coton Hill,,E06000051,Shropshire,2138
E05009055,Deerness,,E06000047,County Durham,2139
E05007926,Upton Snodsbury,,E07000238,Wychavon,2140
E05008983,Paddox,,E07000220,Rugby,2141
E05008791,Eaton Bray,,E06000056,Central Bedfordshire,2142
E05008737,Joiner's Square,,E06000021,Stoke-on-Trent,2143
E05008181,Radbrook,,E06000051,Shropshire,2144
E05009056,Delves Lane,,E06000047,County Durham,2145
E05008136,Abbey,,E06000051,Shropshire,2146
E05008984,Revel and Binley Woods,,E07000220,Rugby,2147
E05008792,Flitwick,,E06000056,Central Bedfordshire,2148
E05008738,Lightwood North and Normacot,,E06000021,Stoke-on-Trent,2149
E05008183,St Martin's,,E06000051,Shropshire,2150
E05009057,Deneside,,E06000047,County Durham,2151
E05008137,Albrighton,,E06000051,Shropshire,2152
E05008985,Rokeby and Overslade,,E07000220,Rugby,2153
E05008793,Heath and Reach,,E06000056,Central Bedfordshire,2154
E05008739,Little Chell and Stanfield,,E06000021,Stoke-on-Trent,2155
E05008186,Severn Valley,,E06000051,Shropshire,2156
E05009058,Durham South,,E06000047,County Durham,2157
E05009059,Easington,,E06000047,County Durham,2158
E05009060,Elvet and Gilesgate,,E06000047,County Durham,2159
E05009061,Esh and Witton Gilbert,,E06000047,County Durham,2160
E05009062,Evenwood,,E06000047,County Durham,2161
E05009063,Ferryhill,,E06000047,County Durham,2162
E05009064,Framwellgate and Newton Hall,,E06000047,County Durham,2163
E05009065,Horden,,E06000047,County Durham,2164
E05009066,Lanchester,,E06000047,County Durham,2165
E05009067,Leadgate and Medomsley,,E06000047,County Durham,2166
E05009068,Lumley,,E06000047,County Durham,2167
E05009069,Murton,,E06000047,County Durham,2168
E05009070,Neville's Cross,,E06000047,County Durham,2169
E05009071,North Lodge,,E06000047,County Durham,2170
E05009072,Passfield,,E06000047,County Durham,2171
E05009073,Pelton,,E06000047,County Durham,2172
E05009074,Peterlee East,,E06000047,County Durham,2173
E05009075,Peterlee West,,E06000047,County Durham,2174
E05009076,Sacriston,,E06000047,County Durham,2175
E05009077,Seaham,,E06000047,County Durham,2176
E05009078,Sedgefield,,E06000047,County Durham,2177
E05009079,Sherburn,,E06000047,County Durham,2178
E05009080,Shildon and Dene Valley,,E06000047,County Durham,2179
E05009081,Shotton and South Hetton,,E06000047,County Durham,2180
E05009082,Spennymoor,,E06000047,County Durham,2181
E05009083,Stanley,,E06000047,County Durham,2182
E05009084,Tanfield,,E06000047,County Durham,2183
E05009085,Tow Law,,E06000047,County Durham,2184
E05009086,Trimdon and Thornley,,E06000047,County Durham,2185
E05009087,Tudhoe,,E06000047,County Durham,2186
E05009088,Weardale,,E06000047,County Durham,2187
E05009089,West Auckland,,E06000047,County Durham,2188
E05009090,Willington and Hunwick,,E06000047,County Durham,2189
E05009091,Wingate,,E06000047,County Durham,2190
E05009092,Woodhouse Close,,E06000047,County Durham,2191
E05009093,Alnwick,,E06000057,Northumberland,2192
E05009094,Amble,,E06000057,Northumberland,2193
E05009095,Amble West with Warkworth,,E06000057,Northumberland,2194
E05009096,Ashington Central,,E06000057,Northumberland,2195
E05009097,Bamburgh,,E06000057,Northumberland,2196
E05009098,Bedlington Central,,E06000057,Northumberland,2197
E05008187,Shawbury,,E06000051,Shropshire,2198
E05008188,Shifnal North,,E06000051,Shropshire,2199
E05008189,Shifnal South and Cosford,,E06000051,Shropshire,2200
E05008190,Sundorne,,E06000051,Shropshire,2201
E05008191,Tern,,E06000051,Shropshire,2202
E05008192,The Meres,,E06000051,Shropshire,2203
E05008193,Underdale,,E06000051,Shropshire,2204
E05008194,Wem,,E06000051,Shropshire,2205
E05008195,Whitchurch North,,E06000051,Shropshire,2206
E05008196,Whitchurch South,,E06000051,Shropshire,2207
E05008198,Worfield,,E06000051,Shropshire,2208
E05008520,Belper South,,E07000032,Amber Valley,2209
E05008521,Duffield,,E07000032,Amber Valley,2210
E05008522,Heanor East,,E07000032,Amber Valley,2211
E05008523,"Kilburn, Denby and Holbrook",,E07000032,Amber Valley,2212
E05008524,"Shipley Park, Horsley and Horsley Woodhouse",,E07000032,Amber Valley,2213
E05008546,Boniface,,E07000042,Mid Devon,2214
E05008547,Newbrooke,,E07000042,Mid Devon,2215
E05008548,Yeo,,E07000042,Mid Devon,2216
E05008553,Coxheath and Hunton,,E07000110,Maidstone,2217
E05008554,Loose,,E07000110,Maidstone,2218
E05008555,South,,E07000110,Maidstone,2219
E05008558,Almondbury,,E08000034,Kirklees,2220
E05008559,Colne Valley,,E08000034,Kirklees,2221
E05008560,Crosland Moor and Netherton,,E08000034,Kirklees,2222
E05008561,Holme Valley North,,E08000034,Kirklees,2223
E05008562,Kirkburton,,E08000034,Kirklees,2224
E05008610,Alderley Edge,,E06000049,Cheshire East,2225
E05008611,Alsager,,E06000049,Cheshire East,2226
E05008612,Audlem,,E06000049,Cheshire East,2227
E05008613,Bollington,,E06000049,Cheshire East,2228
E05008614,Brereton Rural,,E06000049,Cheshire East,2229
E05008615,Broken Cross and Upton,,E06000049,Cheshire East,2230
E05008616,Bunbury,,E06000049,Cheshire East,2231
E05008617,Chelford,,E06000049,Cheshire East,2232
E05008618,Congleton East,,E06000049,Cheshire East,2233
E05008619,Congleton West,,E06000049,Cheshire East,2234
E05008620,Crewe Central,,E06000049,Cheshire East,2235
E05008621,Crewe East,,E06000049,Cheshire East,2236
E05008622,Crewe North,,E06000049,Cheshire East,2237
E05008623,Crewe St Barnabas,,E06000049,Cheshire East,2238
E05008624,Crewe South,,E06000049,Cheshire East,2239
E05008625,Crewe West,,E06000049,Cheshire East,2240
E05008626,Dane Valley,,E06000049,Cheshire East,2241
E05008740,Meir Hay,,E06000021,Stoke-on-Trent,2242
E05008741,Meir North,,E06000021,Stoke-on-Trent,2243
E05008742,Meir Park,,E06000021,Stoke-on-Trent,2244
E05008743,Meir South,,E06000021,Stoke-on-Trent,2245
E05008744,Moorcroft,,E06000021,Stoke-on-Trent,2246
E05008745,Penkhull and Stoke,,E06000021,Stoke-on-Trent,2247
E05008746,Sandford Hill,,E06000021,Stoke-on-Trent,2248
E05008747,Sneyd Green,,E06000021,Stoke-on-Trent,2249
E05008748,Springfields and Trent Vale,,E06000021,Stoke-on-Trent,2250
E05008749,Tunstall,,E06000021,Stoke-on-Trent,2251
E05008750,Weston Coyney,,E06000021,Stoke-on-Trent,2252
E05008751,Brickhill,,E06000055,Bedford,2253
E05008752,Bromham and Biddenham,,E06000055,Bedford,2254
E05008753,Castle,,E06000055,Bedford,2255
E05008754,Cauldwell,,E06000055,Bedford,2256
E05008755,Clapham,,E06000055,Bedford,2257
E05008756,De Parys,,E06000055,Bedford,2258
E05008757,Eastcotts,,E06000055,Bedford,2259
E05008758,Elstow and Stewartby,,E06000055,Bedford,2260
E05008759,Goldington,,E06000055,Bedford,2261
E05008760,Great Barford,,E06000055,Bedford,2262
E05008761,Harpur,,E06000055,Bedford,2263
E05008762,Harrold,,E06000055,Bedford,2264
E05008763,Kempston Central and East,,E06000055,Bedford,2265
E05008764,Kempston North,,E06000055,Bedford,2266
E05008986,Eastlands,,E07000220,Rugby,2267
E05008765,Kempston Rural,,E06000055,Bedford,2268
E05008988,Wolvey and Shilton,,E07000220,Rugby,2269
E05008796,Leighton Buzzard North,,E06000056,Central Bedfordshire,2270
E05008766,Kempston South,,E06000055,Bedford,2271
E05008989,Aldershot Park,,E07000092,Rushmoor,2272
E05008797,Leighton Buzzard South,,E06000056,Central Bedfordshire,2273
E05008138,Alveley and Claverley,,E06000051,Shropshire,2274
E05008139,Bagley,,E06000051,Shropshire,2275
E05008140,Battlefield,,E06000051,Shropshire,2276
E05008141,"Bayston Hill, Column and Sutton",,E06000051,Shropshire,2277
E05008142,Belle Vue,,E06000051,Shropshire,2278
E05008143,Bishop's Castle,,E06000051,Shropshire,2279
E05008144,Bowbrook,,E06000051,Shropshire,2280
E05008145,Bridgnorth East and Astley Abbotts,,E06000051,Shropshire,2281
E05008146,Bridgnorth West and Tasley,,E06000051,Shropshire,2282
E05008147,Broseley,,E06000051,Shropshire,2283
E05008148,Brown Clee,,E06000051,Shropshire,2284
E05008149,Burnell,,E06000051,Shropshire,2285
E05008150,Castlefields and Ditherington,,E06000051,Shropshire,2286
E05008151,Cheswardine,,E06000051,Shropshire,2287
E05008152,Chirbury and Worthen,,E06000051,Shropshire,2288
E05008153,Church Stretton and Craven Arms,,E06000051,Shropshire,2289
E05008154,Clee,,E06000051,Shropshire,2290
E05008155,Cleobury Mortimer,,E06000051,Shropshire,2291
E05008156,Clun,,E06000051,Shropshire,2292
E05008157,Copthorne,,E06000051,Shropshire,2293
E05008158,Corvedale,,E06000051,Shropshire,2294
E05008159,Ellesmere Urban,,E06000051,Shropshire,2295
E05008160,Harlescott,,E06000051,Shropshire,2296
E05008161,Highley,,E06000051,Shropshire,2297
E05008162,Hodnet,,E06000051,Shropshire,2298
E05008163,Llanymynech,,E06000051,Shropshire,2299
E05008164,Longden,,E06000051,Shropshire,2300
E05008165,Loton,,E06000051,Shropshire,2301
E05008166,Ludlow East,,E06000051,Shropshire,2302
E05008167,Ludlow North,,E06000051,Shropshire,2303
E05008168,Ludlow South,,E06000051,Shropshire,2304
E05008169,Market Drayton East,,E06000051,Shropshire,2305
E05008170,Market Drayton West,,E06000051,Shropshire,2306
E05008171,Meole,,E06000051,Shropshire,2307
E05008172,Rea Valley,,E06000051,Shropshire,2308
E05008173,Monkmoor,,E06000051,Shropshire,2309
E05008174,Much Wenlock,,E06000051,Shropshire,2310
E05008798,Linslade,,E06000056,Central Bedfordshire,2311
E05008990,Cherrywood,,E07000092,Rushmoor,2312
E05008767,Kempston West,,E06000055,Bedford,2313
E05008800,Parkside,,E06000056,Central Bedfordshire,2314
E05008801,Potton,,E06000056,Central Bedfordshire,2315
E05008803,Shefford,,E06000056,Central Bedfordshire,2316
E05008804,Silsoe and Shillington,,E06000056,Central Bedfordshire,2317
E05008805,Stotfold and Langford,,E06000056,Central Bedfordshire,2318
E05008806,Tithe Farm,,E06000056,Central Bedfordshire,2319
E05008807,Toddington,,E06000056,Central Bedfordshire,2320
E05008808,"Westoning, Flitton and Greenfield",,E06000056,Central Bedfordshire,2321
E05008809,Aston,,E07000039,South Derbyshire,2322
E05008810,Church Gresley,,E07000039,South Derbyshire,2323
E05008811,Etwall,,E07000039,South Derbyshire,2324
E05008812,Hatton,,E07000039,South Derbyshire,2325
E05008813,Hilton,,E07000039,South Derbyshire,2326
E05008814,Linton,,E07000039,South Derbyshire,2327
E05008815,Melbourne,,E07000039,South Derbyshire,2328
E05008816,Midway,,E07000039,South Derbyshire,2329
E05008817,Newhall and Stanton,,E07000039,South Derbyshire,2330
E05008818,Repton,,E07000039,South Derbyshire,2331
E05008819,Seales,,E07000039,South Derbyshire,2332
E05008820,Stenson,,E07000039,South Derbyshire,2333
E05008821,Swadlincote,,E07000039,South Derbyshire,2334
E05008822,Willington and Findern,,E07000039,South Derbyshire,2335
E05008823,Woodville,,E07000039,South Derbyshire,2336
E05008857,Abbott,,E07000174,Mansfield,2337
E05008858,Berry Hill,,E07000174,Mansfield,2338
E05008768,Kingsbrook,,E06000055,Bedford,2339
E05008859,Brick Kiln,,E07000174,Mansfield,2340
E05008991,Cove and Southwood,,E07000092,Rushmoor,2341
E05008769,Newnham,,E06000055,Bedford,2342
E05008860,Broomhill,,E07000174,Mansfield,2343
E05008992,Empress,,E07000092,Rushmoor,2344
E05008770,Oakley,,E06000055,Bedford,2345
E05008861,Bull Farm and Pleasley Hill,,E07000174,Mansfield,2346
E05008993,Fernhill,,E07000092,Rushmoor,2347
E05008771,Putnoe,,E06000055,Bedford,2348
E05008862,Carr Bank,,E07000174,Mansfield,2349
E05008994,Knellwood,,E07000092,Rushmoor,2350
E05008772,Queens Park,,E06000055,Bedford,2351
E05008863,Eakring,,E07000174,Mansfield,2352
E05008995,Manor Park,,E07000092,Rushmoor,2353
E05008773,Riseley,,E06000055,Bedford,2354
E05008864,Grange Farm,,E07000174,Mansfield,2355
E05008996,North Town,,E07000092,Rushmoor,2356
E05008774,Sharnbrook,,E06000055,Bedford,2357
E05008775,Wilshamstead,,E06000055,Bedford,2358
E05008776,Wootton,,E06000055,Bedford,2359
E05008777,Wyboston,,E06000055,Bedford,2360
E05008779,Arlesey,,E06000056,Central Bedfordshire,2361
E05008997,Rowhill,,E07000092,Rushmoor,2362
E05008998,St John's,,E07000092,Rushmoor,2363
E05008999,St Mark's,,E07000092,Rushmoor,2364
E05009000,Wellington,,E07000092,Rushmoor,2365
E05009001,West Heath,,E07000092,Rushmoor,2366
E05009002,Broxbourne and Hoddesdon South,,E07000095,Broxbourne,2367
E05009003,Cheshunt North,,E07000095,Broxbourne,2368
E05009004,Cheshunt South and Theobalds,,E07000095,Broxbourne,2369
E05009005,Flamstead End,,E07000095,Broxbourne,2370
E05009006,Goffs Oak,,E07000095,Broxbourne,2371
E05009007,Hoddesdon North,,E07000095,Broxbourne,2372
E05009008,Hoddesdon Town and Rye Park,,E07000095,Broxbourne,2373
E05009009,Rosedale and Bury Green,,E07000095,Broxbourne,2374
E05009010,Waltham Cross,,E07000095,Broxbourne,2375
E05009011,Wormley and Turnford,,E07000095,Broxbourne,2376
E05009030,Annfield Plain,,E06000047,County Durham,2377
E05009031,Aycliffe East,,E06000047,County Durham,2378
E05009032,Aycliffe North and Middridge,,E06000047,County Durham,2379
E05009033,Aycliffe West,,E06000047,County Durham,2380
E05009034,Barnard Castle East,,E06000047,County Durham,2381
E05009035,Barnard Castle West,,E06000047,County Durham,2382
E05009036,Belmont,,E06000047,County Durham,2383
E05009037,Benfieldside,,E06000047,County Durham,2384
E05009038,Bishop Auckland Town,,E06000047,County Durham,2385
E05009039,Bishop Middleham and Cornforth,,E06000047,County Durham,2386
E05009040,Blackhalls,,E06000047,County Durham,2387
E05009041,Brandon,,E06000047,County Durham,2388
E05009042,Burnopfield and Dipton,,E06000047,County Durham,2389
E05009043,Chester-le-Street East,,E06000047,County Durham,2390
E05009044,Chester-le-Street North,,E06000047,County Durham,2391
E05009045,Chester-le-Street South,,E06000047,County Durham,2392
E05009046,Chester-le-Street West Central,,E06000047,County Durham,2393
E05009047,Chilton,,E06000047,County Durham,2394
E05009048,Consett North,,E06000047,County Durham,2395
E05008865,Holly,,E07000174,Mansfield,2396
E05008866,Hornby,,E07000174,Mansfield,2397
E05008867,Kings Walk,,E07000174,Mansfield,2398
E05008868,Kingsway,,E07000174,Mansfield,2399
E05008869,Ladybrook,,E07000174,Mansfield,2400
E05009326,Limehouse,,E09000030,Tower Hamlets,2401
E05009327,Mile End,,E09000030,Tower Hamlets,2402
E05009328,Poplar,,E09000030,Tower Hamlets,2403
E05009329,St Dunstan's,,E09000030,Tower Hamlets,2404
E05009330,St Katharine's & Wapping,,E09000030,Tower Hamlets,2405
E05009331,St Peter's,,E09000030,Tower Hamlets,2406
E05009332,Shadwell,,E09000030,Tower Hamlets,2407
E05009333,Spitalfields & Banglatown,,E09000030,Tower Hamlets,2408
E05009334,Stepney Green,,E09000030,Tower Hamlets,2409
E05009335,Weavers,,E09000030,Tower Hamlets,2410
E05009336,Whitechapel,,E09000030,Tower Hamlets,2411
E05009337,Baylis and Stoke,,E06000039,Slough,2412
E05009338,Britwell and Northborough,,E06000039,Slough,2413
E05009339,Central,,E06000039,Slough,2414
E05009340,Chalvey,,E06000039,Slough,2415
E05009341,Cippenham Green,,E06000039,Slough,2416
E05009342,Cippenham Meadows,,E06000039,Slough,2417
E05009343,Colnbrook with Poyle,,E06000039,Slough,2418
E05009344,Elliman,,E06000039,Slough,2419
E05009345,Farnham,,E06000039,Slough,2420
E05009346,Foxborough,,E06000039,Slough,2421
E05009347,Haymill and Lynch Hill,,E06000039,Slough,2422
E05009348,Langley Kedermister,,E06000039,Slough,2423
E05009349,Langley St Mary's,,E06000039,Slough,2424
E05009350,Upton,,E06000039,Slough,2425
E05009351,Wexham Lea,,E06000039,Slough,2426
E05009352,Blackwater and Hawley,,E07000089,Hart,2427
E05009353,Crookham East,,E07000089,Hart,2428
E05009354,Crookham West and Ewshot,,E07000089,Hart,2429
E05009355,Fleet Central,,E07000089,Hart,2430
E05009356,Fleet East,,E07000089,Hart,2431
E05009357,Fleet West,,E07000089,Hart,2432
E05009358,Hartley Wintney,,E07000089,Hart,2433
E05009359,Hook,,E07000089,Hart,2434
E05009360,Odiham,,E07000089,Hart,2435
E05009361,Yateley East,,E07000089,Hart,2436
E05009362,Yateley West,,E07000089,Hart,2437
E05009363,Burford,,E07000181,West Oxfordshire,2438
E05009364,Brize Norton and Shilton,,E07000181,West Oxfordshire,2439
E05009365,Carterton North West,,E07000181,West Oxfordshire,2440
E05009367,Brownswood,,E09000012,Hackney,2441
E05009368,Cazenove,,E09000012,Hackney,2442
E05009369,Clissold,,E09000012,Hackney,2443
E05009370,Dalston,,E09000012,Hackney,2444
E05009371,De Beauvoir,,E09000012,Hackney,2445
E05009372,Hackney Central,,E09000012,Hackney,2446
E05009373,Hackney Downs,,E09000012,Hackney,2447
E05009374,Hackney Wick,,E09000012,Hackney,2448
E05009375,Haggerston,,E09000012,Hackney,2449
E05009376,Homerton,,E09000012,Hackney,2450
E05009099,Bedlington East,,E06000057,Northumberland,2451
E05009560,Sheerness,,E07000113,Swale,2452
E05009153,South Blyth,,E06000057,Northumberland,2453
E05009377,Hoxton East & Shoreditch,,E09000012,Hackney,2454
E05009378,Hoxton West,,E09000012,Hackney,2455
E05009379,King's Park,,E09000012,Hackney,2456
E05009380,Lea Bridge,,E09000012,Hackney,2457
E05009381,London Fields,,E09000012,Hackney,2458
E05009382,Shacklewell,,E09000012,Hackney,2459
E05009561,Sheppey Central,,E07000113,Swale,2460
E05009427,Chorleywood North & Sarratt,,E07000102,Three Rivers,2461
E05009383,Springfield,,E09000012,Hackney,2462
E05009154,South Tynedale,,E06000057,Northumberland,2463
E05009562,Sheppey East,,E07000113,Swale,2464
E05009100,Bedlington West,,E06000057,Northumberland,2465
E05009384,Stamford Hill West,,E09000012,Hackney,2466
E05009479,Ross East,,E06000019,"Herefordshire, County of",2467
E05009428,Chorleywood South & Maple Cross,,E07000102,Three Rivers,2468
E05009155,Stakeford,,E06000057,Northumberland,2469
E05009612,Skerton East,,E07000121,Lancaster,2470
E05009563,Teynham and Lynsted,,E07000113,Swale,2471
E05009101,Bellingham,,E06000057,Northumberland,2472
E05009385,Stoke Newington,,E09000012,Hackney,2473
E05009480,Ross North,,E06000019,"Herefordshire, County of",2474
E05009429,Dickinsons,,E07000102,Three Rivers,2475
E05009156,Stocksfield and Broomhaugh,,E06000057,Northumberland,2476
E05009613,Skerton West,,E07000121,Lancaster,2477
E05009564,The Meads,,E07000113,Swale,2478
E05009102,Berwick East,,E06000057,Northumberland,2479
E05009386,Victoria,,E09000012,Hackney,2480
E05009481,Ross West,,E06000019,"Herefordshire, County of",2481
E05009430,Durrants,,E07000102,Three Rivers,2482
E05009157,Wensleydale,,E06000057,Northumberland,2483
E05009614,Torrisholme,,E07000121,Lancaster,2484
E05009565,Watling,,E07000113,Swale,2485
E05009103,Berwick North,,E06000057,Northumberland,2486
E05009387,Woodberry Down,,E09000012,Hackney,2487
E05009482,Saxon Gate,,E06000019,"Herefordshire, County of",2488
E05009431,Gade Valley,,E07000102,Three Rivers,2489
E05009158,Wooler,,E06000057,Northumberland,2490
E05009615,University & Scotforth Rural,,E07000121,Lancaster,2491
E05009566,West Downs,,E07000113,Swale,2492
E05009104,Berwick West with Ord,,E06000057,Northumberland,2493
E05009388,Abingdon,,E09000020,Kensington and Chelsea,2494
E05009389,Brompton & Hans Town,,E09000020,Kensington and Chelsea,2495
E05009390,Campden,,E09000020,Kensington and Chelsea,2496
E05009391,Chelsea Riverside,,E09000020,Kensington and Chelsea,2497
E05009392,Colville,,E09000020,Kensington and Chelsea,2498
E05009393,Courtfield,,E09000020,Kensington and Chelsea,2499
E05009394,Dalgarno,,E09000020,Kensington and Chelsea,2500
E05009395,Earl's Court,,E09000020,Kensington and Chelsea,2501
E05009396,Golborne,,E09000020,Kensington and Chelsea,2502
E05009397,Holland,,E09000020,Kensington and Chelsea,2503
E05009398,Norland,,E09000020,Kensington and Chelsea,2504
E05009399,Notting Dale,,E09000020,Kensington and Chelsea,2505
E05009400,Pembridge,,E09000020,Kensington and Chelsea,2506
E05009401,Queen's Gate,,E09000020,Kensington and Chelsea,2507
E05009402,Redcliffe,,E09000020,Kensington and Chelsea,2508
E05009403,Royal Hospital,,E09000020,Kensington and Chelsea,2509
E05009404,St. Helen's,,E09000020,Kensington and Chelsea,2510
E05009405,Stanley,,E09000020,Kensington and Chelsea,2511
E05009406,Bletchley East,,E06000042,Milton Keynes,2512
E05009407,Bletchley Park,,E06000042,Milton Keynes,2513
E05009408,Bletchley West,,E06000042,Milton Keynes,2514
E05009409,Bradwell,,E06000042,Milton Keynes,2515
E05009410,Broughton,,E06000042,Milton Keynes,2516
E05009411,Campbell Park & Old Woughton,,E06000042,Milton Keynes,2517
E05009412,Central Milton Keynes,,E06000042,Milton Keynes,2518
E05009413,Danesborough & Walton,,E06000042,Milton Keynes,2519
E05009414,Loughton & Shenley,,E06000042,Milton Keynes,2520
E05009415,Monkston,,E06000042,Milton Keynes,2521
E05009416,Newport Pagnell North & Hanslope,,E06000042,Milton Keynes,2522
E05009417,Newport Pagnell South,,E06000042,Milton Keynes,2523
E05009418,Olney,,E06000042,Milton Keynes,2524
E05009419,Shenley Brook End,,E06000042,Milton Keynes,2525
E05009420,Stantonbury,,E06000042,Milton Keynes,2526
E05009421,Stony Stratford,,E06000042,Milton Keynes,2527
E05009422,Tattenhoe,,E06000042,Milton Keynes,2528
E05009423,Wolverton,,E06000042,Milton Keynes,2529
E05009424,Woughton & Fishermead,,E06000042,Milton Keynes,2530
E05009425,Abbots Langley & Bedmond,,E07000102,Three Rivers,2531
E05009426,Carpenders Park,,E07000102,Three Rivers,2532
E05009106,Bywell,,E06000057,Northumberland,2533
E05009107,Choppington,,E06000057,Northumberland,2534
E05009108,College,,E06000057,Northumberland,2535
E05009109,Corbridge,,E06000057,Northumberland,2536
E05009110,Cowpen,,E06000057,Northumberland,2537
E05009111,Cramlington East,,E06000057,Northumberland,2538
E05009112,Cramlington Eastfield,,E06000057,Northumberland,2539
E05009113,Cramlington North,,E06000057,Northumberland,2540
E05009114,Cramlington South East,,E06000057,Northumberland,2541
E05009115,Cramlington Village,,E06000057,Northumberland,2542
E05009116,Cramlington West,,E06000057,Northumberland,2543
E05009117,Croft,,E06000057,Northumberland,2544
E05009118,Druridge Bay,,E06000057,Northumberland,2545
E05009119,Haltwhistle,,E06000057,Northumberland,2546
E05009120,Hartley,,E06000057,Northumberland,2547
E05009281,"Gobowen, Selattyn and Weston Rhyn",,E06000051,Shropshire,2548
E05009121,Haydon,,E06000057,Northumberland,2549
E05009567,Woodstock,,E07000113,Swale,2550
E05009282,Oswestry East,,E06000051,Shropshire,2551
E05009122,Haydon and Hadrian,,E06000057,Northumberland,2552
E05009568,Aylesford North and Walderslade,,E07000115,Tonbridge and Malling,2553
E05009616,Upper Lune Valley,,E07000121,Lancaster,2554
E05009485,Three Crosses,,E06000019,"Herefordshire, County of",2555
E05009283,Oswestry South,,E06000051,Shropshire,2556
E05009486,Tupsley,,E06000019,"Herefordshire, County of",2557
E05009617,Warton,,E07000121,Lancaster,2558
E05009569,Aylesford South,,E07000115,Tonbridge and Malling,2559
E05009123,Hexham Central with Acomb,,E06000057,Northumberland,2560
E05009432,Leavesden,,E07000102,Three Rivers,2561
E05009284,Oswestry West,,E06000051,Shropshire,2562
E05009433,Moor Park & Eastbury,,E07000102,Three Rivers,2563
E05009124,Hexham East,,E06000057,Northumberland,2564
E05009285,Ruyton and Baschurch,,E06000051,Shropshire,2565
E05009434,Oxhey Hall & Hayling,,E07000102,Three Rivers,2566
E05009125,Hexham West,,E06000057,Northumberland,2567
E05009570,Borough Green and Long Mill,,E07000115,Tonbridge and Malling,2568
E05009618,Westgate,,E07000121,Lancaster,2569
E05009487,Weobley,,E06000019,"Herefordshire, County of",2570
E05009286,St Oswald,,E06000051,Shropshire,2571
E05009435,Penn & Mill End,,E07000102,Three Rivers,2572
E05009126,Hirst,,E06000057,Northumberland,2573
E05009571,Burham and Wouldham,,E07000115,Tonbridge and Malling,2574
E05009619,Forest,,E07000129,Blaby,2575
E05009488,Whitecross,,E06000019,"Herefordshire, County of",2576
E05009287,Whittington,,E06000051,Shropshire,2577
E05009436,Rickmansworth Town,,E07000102,Three Rivers,2578
E05009127,Holywell,,E06000057,Northumberland,2579
E05009572,Cage Green,,E07000115,Tonbridge and Malling,2580
E05009620,Winstanley,,E07000129,Blaby,2581
E05009489,Widemarsh,,E06000019,"Herefordshire, County of",2582
E05009288,Aldersgate,,E09000001,City of London,2583
E05009437,South Oxhey,,E07000102,Three Rivers,2584
E05009128,Humshaugh,,E06000057,Northumberland,2585
E05009621,Coastal,,E07000136,Boston,2586
E05009573,Castle,,E07000115,Tonbridge and Malling,2587
E05009574,Ditton,,E07000115,Tonbridge and Malling,2588
E05009575,Downs and Mereworth,,E07000115,Tonbridge and Malling,2589
E05009577,Hadlow and East Peckham,,E07000115,Tonbridge and Malling,2590
E05009578,Higham,,E07000115,Tonbridge and Malling,2591
E05009579,Hildenborough,,E07000115,Tonbridge and Malling,2592
E05009580,Judd,,E07000115,Tonbridge and Malling,2593
E05009582,Larkfield North,,E07000115,Tonbridge and Malling,2594
E05009583,Larkfield South,,E07000115,Tonbridge and Malling,2595
E05009584,Medway,,E07000115,Tonbridge and Malling,2596
E05009585,Snodland East and Ham Hill,,E07000115,Tonbridge and Malling,2597
E05009586,Snodland West and Holborough Lakes,,E07000115,Tonbridge and Malling,2598
E05009587,Trench,,E07000115,Tonbridge and Malling,2599
E05009622,Fenside,,E07000136,Boston,2600
E05009289,Aldgate,,E09000001,City of London,2601
E05009588,Vauxhall,,E07000115,Tonbridge and Malling,2602
E05009129,Isabella,,E06000057,Northumberland,2603
E05009438,Arrow,,E06000019,"Herefordshire, County of",2604
E05009490,Wormside,,E06000019,"Herefordshire, County of",2605
E05009290,Bassishaw,,E09000001,City of London,2606
E05009491,Bassenhally,,E07000010,Fenland,2607
E05009439,Aylestone Hill,,E06000019,"Herefordshire, County of",2608
E05009130,Kitty Brewster,,E06000057,Northumberland,2609
E05009291,Billingsgate,,E09000001,City of London,2610
E05009492,"Benwick, Coates & Eastrea",,E07000010,Fenland,2611
E05009440,Backbury,,E06000019,"Herefordshire, County of",2612
E05009131,Longhorsley,,E06000057,Northumberland,2613
E05009589,Wateringbury,,E07000115,Tonbridge and Malling,2614
E05009623,Fishtoft,,E07000136,Boston,2615
E05009292,Bishopsgate,,E09000001,City of London,2616
E05009493,Birch,,E07000010,Fenland,2617
E05009441,Belmont Rural,,E06000019,"Herefordshire, County of",2618
E05009132,Longhoughton,,E06000057,Northumberland,2619
E05009590,West Malling and Leybourne,,E07000115,Tonbridge and Malling,2620
E05009624,Five Village,,E07000136,Boston,2621
E05009293,Bread Street,,E09000001,City of London,2622
E05009494,Clarkson,,E07000010,Fenland,2623
E05009442,Birch,,E06000019,"Herefordshire, County of",2624
E05009133,Lynemouth,,E06000057,Northumberland,2625
E05009591,"Wrotham, Ightham and Stansted",,E07000115,Tonbridge and Malling,2626
E05009625,Kirton and Frampton,,E07000136,Boston,2627
E05009294,Bridge,,E09000001,City of London,2628
E05009495,Doddington & Wimblington,,E07000010,Fenland,2629
E05009443,Bircher,,E06000019,"Herefordshire, County of",2630
E05009134,Morpeth Kirkhill,,E06000057,Northumberland,2631
E05009592,Bare,,E07000121,Lancaster,2632
E05009626,Old Leake and Wrangle,,E07000136,Boston,2633
E05009295,Broad Street,,E09000001,City of London,2634
E05009496,Elm & Christchurch,,E07000010,Fenland,2635
E05009444,Bishops Frome & Cradley,,E06000019,"Herefordshire, County of",2636
E05009135,Morpeth North,,E06000057,Northumberland,2637
E05009593,Bolton & Slyne,,E07000121,Lancaster,2638
E05009627,St Thomas',,E07000136,Boston,2639
E05009296,Candlewick,,E09000001,City of London,2640
E05009497,Kirkgate,,E07000010,Fenland,2641
E05009445,Bobblestock,,E06000019,"Herefordshire, County of",2642
E05009136,Morpeth Stobhill,,E06000057,Northumberland,2643
E05009594,Bulk,,E07000121,Lancaster,2644
E05009628,Skirbeck,,E07000136,Boston,2645
E05009498,Lattersey,,E07000010,Fenland,2646
E05009297,Castle Baynard,,E09000001,City of London,2647
E05009499,Manea,,E07000010,Fenland,2648
E05009298,Cheap,,E09000001,City of London,2649
E05009299,Coleman Street,,E09000001,City of London,2650
E05009500,March East,,E07000010,Fenland,2651
E05009446,Bromyard Bringsty,,E06000019,"Herefordshire, County of",2652
E05009300,Cordwainer,,E09000001,City of London,2653
E05009501,March North,,E07000010,Fenland,2654
E05009137,Newbiggin Central and East,,E06000057,Northumberland,2655
E05009595,Carnforth & Millhead,,E07000121,Lancaster,2656
E05009629,Staniland,,E07000136,Boston,2657
E05009301,Cornhill,,E09000001,City of London,2658
E05009630,Station,,E07000136,Boston,2659
E05009596,Castle,,E07000121,Lancaster,2660
E05009302,Cripplegate,,E09000001,City of London,2661
E05009631,Swineshead and Holland Fen,,E07000136,Boston,2662
E05009597,Ellel,,E07000121,Lancaster,2663
E05009139,Norham and Islandshires,,E06000057,Northumberland,2664
E05009502,March West,,E07000010,Fenland,2665
E05009447,Bromyard West,,E06000019,"Herefordshire, County of",2666
E05009303,Dowgate,,E09000001,City of London,2667
E05009632,Trinity,,E07000136,Boston,2668
E05009598,Halton-with-Aughton,,E07000121,Lancaster,2669
E05009141,Plessey,,E06000057,Northumberland,2670
E05009503,Medworth,,E07000010,Fenland,2671
E05009448,Castle,,E06000019,"Herefordshire, County of",2672
E05009304,Farringdon Within,,E09000001,City of London,2673
E05009633,West,,E07000136,Boston,2674
E05009599,Harbour,,E07000121,Lancaster,2675
E05009142,Ponteland East and Stannington,,E06000057,Northumberland,2676
E05009504,Octavia Hill,,E07000010,Fenland,2677
E05009449,Central,,E06000019,"Herefordshire, County of",2678
E05009305,Farringdon Without,,E09000001,City of London,2679
E05009634,Witham,,E07000136,Boston,2680
E05009600,Heysham Central,,E07000121,Lancaster,2681
E05009143,Ponteland North,,E06000057,Northumberland,2682
E05009505,Parson Drove & Wisbech St Mary,,E07000010,Fenland,2683
E05009450,College,,E06000019,"Herefordshire, County of",2684
E05009306,Langbourn,,E09000001,City of London,2685
E05009635,Wyberton,,E07000136,Boston,2686
E05009601,Heysham North,,E07000121,Lancaster,2687
E05009144,Ponteland South with Heddon,,E06000057,Northumberland,2688
E05009506,Peckover,,E07000010,Fenland,2689
E05009452,Dinedor Hill,,E06000019,"Herefordshire, County of",2690
E05009307,Lime Street,,E09000001,City of London,2691
E05009636,Bardney,,E07000142,West Lindsey,2692
E05009602,Heysham South,,E07000121,Lancaster,2693
E05009145,Ponteland West,,E06000057,Northumberland,2694
E05009507,Roman Bank,,E07000010,Fenland,2695
E05009453,Eign Hill,,E06000019,"Herefordshire, County of",2696
E05009308,Portsoken,,E09000001,City of London,2697
E05009637,Caistor and Yarborough,,E07000142,West Lindsey,2698
E05009603,John O'Gaunt,,E07000121,Lancaster,2699
E05009146,Prudhoe North,,E06000057,Northumberland,2700
E05009508,St Andrews,,E07000010,Fenland,2701
E05009454,Golden Valley North,,E06000019,"Herefordshire, County of",2702
E05009309,Queenhithe,,E09000001,City of London,2703
E05009638,Cherry Willingham,,E07000142,West Lindsey,2704
E05009604,Kellet,,E07000121,Lancaster,2705
E05009147,Prudhoe South,,E06000057,Northumberland,2706
E05009509,Slade Lode,,E07000010,Fenland,2707
E05009455,Golden Valley South,,E06000019,"Herefordshire, County of",2708
E05009310,Tower,,E09000001,City of London,2709
E05009639,Dunholme and Welton,,E07000142,West Lindsey,2710
E05009640,Gainsborough East,,E07000142,West Lindsey,2711
E05009641,Gainsborough North,,E07000142,West Lindsey,2712
E05009642,Gainsborough South-West,,E07000142,West Lindsey,2713
E05009643,Hemswell,,E07000142,West Lindsey,2714
E05009644,Kelsey Wold,,E07000142,West Lindsey,2715
E05009645,Lea,,E07000142,West Lindsey,2716
E05009646,Market Rasen,,E07000142,West Lindsey,2717
E05009647,Nettleham,,E07000142,West Lindsey,2718
E05009648,Saxilby,,E07000142,West Lindsey,2719
E05009649,Scampton,,E07000142,West Lindsey,2720
E05009650,Scotter and Blyton,,E07000142,West Lindsey,2721
E05009651,Stow,,E07000142,West Lindsey,2722
E05009652,Sudbrooke,,E07000142,West Lindsey,2723
E05009653,Torksey,,E07000142,West Lindsey,2724
E05009654,Waddingham and Spital,,E07000142,West Lindsey,2725
E05009655,Wold View,,E07000142,West Lindsey,2726
E05009689,Bestwood St Albans,,E07000173,Gedling,2727
E05009690,Calverton,,E07000173,Gedling,2728
E05009691,Carlton,,E07000173,Gedling,2729
E05009692,Carlton Hill,,E07000173,Gedling,2730
E05009693,Cavendish,,E07000173,Gedling,2731
E05009694,Colwick,,E07000173,Gedling,2732
E05009311,Vintry,,E09000001,City of London,2733
E05009312,Walbrook,,E09000001,City of London,2734
E05009313,Chopwell and Rowlands Gill,,E08000037,Gateshead,2735
E05009315,Walkern,,E07000242,East Hertfordshire,2736
E05009316,Manor,,E07000243,Stevenage,2737
E05009317,Bethnal Green,,E09000030,Tower Hamlets,2738
E05009318,Blackwall & Cubitt Town,,E09000030,Tower Hamlets,2739
E05009319,Bow East,,E09000030,Tower Hamlets,2740
E05009320,Bow West,,E09000030,Tower Hamlets,2741
E05009321,Bromley North,,E09000030,Tower Hamlets,2742
E05009322,Bromley South,,E09000030,Tower Hamlets,2743
E05009323,Canary Wharf,,E09000030,Tower Hamlets,2744
E05009324,Island Gardens,,E09000030,Tower Hamlets,2745
E05009325,Lansbury,,E09000030,Tower Hamlets,2746
E05009605,Lower Lune Valley,,E07000121,Lancaster,2747
E05009606,Marsh,,E07000121,Lancaster,2748
E05009607,Overton,,E07000121,Lancaster,2749
E05009608,Poulton,,E07000121,Lancaster,2750
E05009609,Scotforth East,,E07000121,Lancaster,2751
E05009610,Scotforth West,,E07000121,Lancaster,2752
E05009611,Silverdale,,E07000121,Lancaster,2753
E05009148,Rothbury,,E06000057,Northumberland,2754
E05009149,Seaton with Newbiggin West,,E06000057,Northumberland,2755
E05009151,Shilbottle,,E06000057,Northumberland,2756
E05009152,Sleekburn,,E06000057,Northumberland,2757
E05009510,Staithe,,E07000010,Fenland,2758
E05009511,Stonald,,E07000010,Fenland,2759
E05009512,The Mills,,E07000010,Fenland,2760
E05009513,Waterlees Village,,E07000010,Fenland,2761
E05009514,Wenneye,,E07000010,Fenland,2762
E05009544,Abbey,,E07000113,Swale,2763
E05009545,"Bobbing, Iwade and Lower Halstow",,E07000113,Swale,2764
E05009546,Borden and Grove Park,,E07000113,Swale,2765
E05009547,Boughton and Courtenay,,E07000113,Swale,2766
E05009548,Chalkwell,,E07000113,Swale,2767
E05009549,East Downs,,E07000113,Swale,2768
E05009550,"Hartlip, Newington and Upchurch",,E07000113,Swale,2769
E05009551,Homewood,,E07000113,Swale,2770
E05009552,Kemsley,,E07000113,Swale,2771
E05009553,Milton Regis,,E07000113,Swale,2772
E05009554,Minster Cliffs,,E07000113,Swale,2773
E05009555,Murston,,E07000113,Swale,2774
E05009556,Priory,,E07000113,Swale,2775
E05009557,Queenborough and Halfway,,E07000113,Swale,2776
E05009558,Roman,,E07000113,Swale,2777
E05009559,St Ann's,,E07000113,Swale,2778
E05009456,Greyfriars,,E06000019,"Herefordshire, County of",2779
E05009457,Hagley,,E06000019,"Herefordshire, County of",2780
E05009458,Hampton,,E06000019,"Herefordshire, County of",2781
E05009459,Hinton & Hunderton,,E06000019,"Herefordshire, County of",2782
E05009460,Holmer,,E06000019,"Herefordshire, County of",2783
E05009461,Hope End,,E06000019,"Herefordshire, County of",2784
E05009462,Kerne Bridge,,E06000019,"Herefordshire, County of",2785
E05009463,Kings Acre,,E06000019,"Herefordshire, County of",2786
E05009464,Kington,,E06000019,"Herefordshire, County of",2787
E05009465,Ledbury North,,E06000019,"Herefordshire, County of",2788
E05009466,Ledbury South,,E06000019,"Herefordshire, County of",2789
E05009467,Ledbury West,,E06000019,"Herefordshire, County of",2790
E05009468,Leominster East,,E06000019,"Herefordshire, County of",2791
E05009469,Leominster North & Rural,,E06000019,"Herefordshire, County of",2792
E05009470,Leominster South,,E06000019,"Herefordshire, County of",2793
E05009471,Leominster West,,E06000019,"Herefordshire, County of",2794
E05009472,Llangarron,,E06000019,"Herefordshire, County of",2795
E05009473,Mortimer,,E06000019,"Herefordshire, County of",2796
E05009474,Newton Farm,,E06000019,"Herefordshire, County of",2797
E05009475,Old Gore,,E06000019,"Herefordshire, County of",2798
E05009476,Penyard,,E06000019,"Herefordshire, County of",2799
E05009478,Red Hill,,E06000019,"Herefordshire, County of",2800
E05009769,Ridgeway,,E07000180,Vale of White Horse,2801
E05009770,Stanford,,E07000180,Vale of White Horse,2802
E05009771,Steventon & the Hanneys,,E07000180,Vale of White Horse,2803
E05009800,Aldwick East,,E07000224,Arun,2804
E05009801,Aldwick West,,E07000224,Arun,2805
E05009802,Angmering & Findon,,E07000224,Arun,2806
E05009803,Arundel & Walberton,,E07000224,Arun,2807
E05009804,Barnham,,E07000224,Arun,2808
E05009805,Beach,,E07000224,Arun,2809
E05009806,Bersted,,E07000224,Arun,2810
E05009807,Brookfield,,E07000224,Arun,2811
E05009808,Courtwick with Toddington,,E07000224,Arun,2812
E05009809,East Preston,,E07000224,Arun,2813
E05009810,Felpham East,,E07000224,Arun,2814
E05009811,Felpham West,,E07000224,Arun,2815
E05009812,Ferring,,E07000224,Arun,2816
E05009813,Hotham,,E07000224,Arun,2817
E05009814,Marine,,E07000224,Arun,2818
E05009815,Middleton-on-Sea,,E07000224,Arun,2819
E05009816,Orchard,,E07000224,Arun,2820
E05009817,Pagham,,E07000224,Arun,2821
E05009818,Pevensey,,E07000224,Arun,2822
E05009819,River,,E07000224,Arun,2823
E05009820,Rustington East,,E07000224,Arun,2824
E05009821,Rustington West,,E07000224,Arun,2825
E05009822,Yapton,,E07000224,Arun,2826
E05009823,Alvechurch South,,E07000234,Bromsgrove,2827
E05009824,Alvechurch Village,,E07000234,Bromsgrove,2828
E05009695,Coppice,,E07000173,Gedling,2829
E05009825,Aston Fields,,E07000234,Bromsgrove,2830
E05009826,Avoncroft,,E07000234,Bromsgrove,2831
E05009696,Daybrook,,E07000173,Gedling,2832
E05009827,Barnt Green & Hopwood,,E07000234,Bromsgrove,2833
E05010017,East Folkestone,,E07000112,Folkestone and Hythe,2834
E05009697,Dumbles,,E07000173,Gedling,2835
E05010162,Grantham Harrowby,,E07000141,South Kesteven,2836
E05009828,Belbroughton & Romsley,,E07000234,Bromsgrove,2837
E05010018,Folkestone Central,,E07000112,Folkestone and Hythe,2838
E05009698,Ernehale,,E07000173,Gedling,2839
E05010163,Grantham St Vincent's,,E07000141,South Kesteven,2840
E05009829,Bromsgrove Central,,E07000234,Bromsgrove,2841
E05009947,Pheasant's Wood,,E07000128,Wyre,2842
E05010112,Hugglescote St Mary's,,E07000134,North West Leicestershire,2843
E05009847,Sanders Park,,E07000234,Bromsgrove,2844
E05009897,Scarbrough & Seacroft,,E07000137,East Lindsey,2845
E05010019,Folkestone Harbour,,E07000112,Folkestone and Hythe,2846
E05010020,Hythe,,E07000112,Folkestone and Hythe,2847
E05010021,Hythe Rural,,E07000112,Folkestone and Hythe,2848
E05010022,New Romney,,E07000112,Folkestone and Hythe,2849
E05010023,North Downs East,,E07000112,Folkestone and Hythe,2850
E05010024,North Downs West,,E07000112,Folkestone and Hythe,2851
E05010025,Romney Marsh,,E07000112,Folkestone and Hythe,2852
E05010026,Sandgate & West Folkestone,,E07000112,Folkestone and Hythe,2853
E05010027,Walland & Denge Marsh,,E07000112,Folkestone and Hythe,2854
E05010064,Balderton South,,E07000175,Newark and Sherwood,2855
E05010066,Bilsthorpe,,E07000175,Newark and Sherwood,2856
E05010067,Boughton,,E07000175,Newark and Sherwood,2857
E05010068,Bridge,,E07000175,Newark and Sherwood,2858
E05010070,Collingham,,E07000175,Newark and Sherwood,2859
E05010071,Devon,,E07000175,Newark and Sherwood,2860
E05010072,Dover Beck,,E07000175,Newark and Sherwood,2861
E05010073,Edwinstowe & Clipstone,,E07000175,Newark and Sherwood,2862
E05010075,Farnsfield,,E07000175,Newark and Sherwood,2863
E05010076,Lowdham,,E07000175,Newark and Sherwood,2864
E05010077,Muskham,,E07000175,Newark and Sherwood,2865
E05010078,Ollerton,,E07000175,Newark and Sherwood,2866
E05010079,Rainworth North & Rufford,,E07000175,Newark and Sherwood,2867
E05010080,Rainworth South & Blidworth,,E07000175,Newark and Sherwood,2868
E05010081,Southwell,,E07000175,Newark and Sherwood,2869
E05010082,Sutton-on-Trent,,E07000175,Newark and Sherwood,2870
E05010083,Trent,,E07000175,Newark and Sherwood,2871
E05010090,Appleby,,E07000134,North West Leicestershire,2872
E05010091,Ashby Castle,,E07000134,North West Leicestershire,2873
E05010092,Ashby Holywell,,E07000134,North West Leicestershire,2874
E05010093,Ashby Ivanhoe,,E07000134,North West Leicestershire,2875
E05010094,Ashby Money Hill,,E07000134,North West Leicestershire,2876
E05010095,Ashby Willesley,,E07000134,North West Leicestershire,2877
E05010096,Ashby Woulds,,E07000134,North West Leicestershire,2878
E05010097,Bardon,,E07000134,North West Leicestershire,2879
E05010098,Blackfordby,,E07000134,North West Leicestershire,2880
E05010099,Broom Leys,,E07000134,North West Leicestershire,2881
E05010100,Castle Donington Castle,,E07000134,North West Leicestershire,2882
E05010101,Castle Donington Central,,E07000134,North West Leicestershire,2883
E05010102,Castle Donington Park,,E07000134,North West Leicestershire,2884
E05010103,Castle Rock,,E07000134,North West Leicestershire,2885
E05010104,Coalville East,,E07000134,North West Leicestershire,2886
E05010105,Coalville West,,E07000134,North West Leicestershire,2887
E05010106,Daleacre Hill,,E07000134,North West Leicestershire,2888
E05010107,Ellistown & Battleflat,,E07000134,North West Leicestershire,2889
E05010108,Greenhill,,E07000134,North West Leicestershire,2890
E05010109,Hermitage,,E07000134,North West Leicestershire,2891
E05010110,Holly Hayes,,E07000134,North West Leicestershire,2892
E05010111,Hugglescote St John's,,E07000134,North West Leicestershire,2893
E05009948,Pilling,,E07000128,Wyre,2894
E05009949,Preesall,,E07000128,Wyre,2895
E05009950,Rossall,,E07000128,Wyre,2896
E05009951,Stanah,,E07000128,Wyre,2897
E05009952,Tithebarn,,E07000128,Wyre,2898
E05009953,Victoria & Norcross,,E07000128,Wyre,2899
E05009954,Warren,,E07000128,Wyre,2900
E05009955,Wyresdale,,E07000128,Wyre,2901
E05009956,Ash and New Ash Green,,E07000111,Sevenoaks,2902
E05009958,Eynsford,,E07000111,Sevenoaks,2903
E05009959,Hartley and Hodsoll Street,,E07000111,Sevenoaks,2904
E05009960,Hextable,,E07000111,Sevenoaks,2905
E05009961,Leigh and Chiddingstone Causeway,,E07000111,Sevenoaks,2906
E05009962,Otford and Shoreham,,E07000111,Sevenoaks,2907
E05009963,"Penshurst, Fordcombe and Chiddingstone",,E07000111,Sevenoaks,2908
E05009964,Swanley Christchurch and Swanley Village,,E07000111,Sevenoaks,2909
E05009965,Westerham and Crockham Hill,,E07000111,Sevenoaks,2910
E05009966,Admaston & Bratton,,E06000020,Telford and Wrekin,2911
E05009967,Apley Castle,,E06000020,Telford and Wrekin,2912
E05009968,Arleston,,E06000020,Telford and Wrekin,2913
E05009969,Brookside,,E06000020,Telford and Wrekin,2914
E05009970,Church Aston & Lilleshall,,E06000020,Telford and Wrekin,2915
E05009971,College,,E06000020,Telford and Wrekin,2916
E05009972,Dawley & Aqueduct,,E06000020,Telford and Wrekin,2917
E05009973,Donnington,,E06000020,Telford and Wrekin,2918
E05009974,Dothill,,E06000020,Telford and Wrekin,2919
E05009975,Edgmond & Ercall Magna,,E06000020,Telford and Wrekin,2920
E05009976,Ercall,,E06000020,Telford and Wrekin,2921
E05009977,Hadley & Leegomery,,E06000020,Telford and Wrekin,2922
E05009978,Haygate,,E06000020,Telford and Wrekin,2923
E05009979,Horsehay & Lightmoor,,E06000020,Telford and Wrekin,2924
E05009980,Ironbridge Gorge,,E06000020,Telford and Wrekin,2925
E05009981,Ketley & Overdale,,E06000020,Telford and Wrekin,2926
E05009982,Madeley & Sutton Hill,,E06000020,Telford and Wrekin,2927
E05009983,Malinslee & Dawley Bank,,E06000020,Telford and Wrekin,2928
E05009984,Muxton,,E06000020,Telford and Wrekin,2929
E05009985,Newport North & West,,E06000020,Telford and Wrekin,2930
E05009986,Newport South & East,,E06000020,Telford and Wrekin,2931
E05009987,Oakengates & Ketley Bank,,E06000020,Telford and Wrekin,2932
E05009988,Park,,E06000020,Telford and Wrekin,2933
E05009989,Priorslee,,E06000020,Telford and Wrekin,2934
E05009990,St Georges,,E06000020,Telford and Wrekin,2935
E05009991,Shawbirch,,E06000020,Telford and Wrekin,2936
E05009992,The Nedge,,E06000020,Telford and Wrekin,2937
E05009993,Woodside,,E06000020,Telford and Wrekin,2938
E05009994,Wrockwardine,,E06000020,Telford and Wrekin,2939
E05009995,Wrockwardine Wood & Trench,,E06000020,Telford and Wrekin,2940
E05010015,Broadmead,,E07000112,Folkestone and Hythe,2941
E05010016,Cheriton,,E07000112,Folkestone and Hythe,2942
E05009830,Catshill North,,E07000234,Bromsgrove,2943
E05009898,Sibsey & Stickney,,E07000137,East Lindsey,2944
E05009848,Sidemoor,,E07000234,Bromsgrove,2945
E05010113,Ibstock East,,E07000134,North West Leicestershire,2946
E05009699,Gedling,,E07000173,Gedling,2947
E05010164,Grantham St Wulfram's,,E07000141,South Kesteven,2948
E05010165,Grantham Springfield,,E07000141,South Kesteven,2949
E05010166,Isaac Newton,,E07000141,South Kesteven,2950
E05010167,Lincrest,,E07000141,South Kesteven,2951
E05010168,Loveden Heath,,E07000141,South Kesteven,2952
E05010169,Market & West Deeping,,E07000141,South Kesteven,2953
E05010170,Morton,,E07000141,South Kesteven,2954
E05010171,Peascliffe & Ridgeway,,E07000141,South Kesteven,2955
E05010172,Stamford All Saints,,E07000141,South Kesteven,2956
E05010173,Stamford St George's,,E07000141,South Kesteven,2957
E05010174,Stamford St John's,,E07000141,South Kesteven,2958
E05010175,Stamford St Mary's,,E07000141,South Kesteven,2959
E05010176,Toller,,E07000141,South Kesteven,2960
E05010177,Viking,,E07000141,South Kesteven,2961
E05009899,Spilsby,,E07000137,East Lindsey,2962
E05010178,Alcester Town,,E07000221,Stratford-on-Avon,2963
E05009831,Catshill South,,E07000234,Bromsgrove,2964
E05009900,Sutton on Sea,,E07000137,East Lindsey,2965
E05010179,Alcester & Rural,,E07000221,Stratford-on-Avon,2966
E05009849,Slideslow,,E07000234,Bromsgrove,2967
E05009850,Tardebigge,,E07000234,Bromsgrove,2968
E05009851,Wythall East,,E07000234,Bromsgrove,2969
E05009852,Wythall West,,E07000234,Bromsgrove,2970
E05009853,Acklam,,E06000002,Middlesbrough,2971
E05009854,Ayresome,,E06000002,Middlesbrough,2972
E05009855,Berwick Hills & Pallister,,E06000002,Middlesbrough,2973
E05009856,Brambles & Thorntree,,E06000002,Middlesbrough,2974
E05009857,Central,,E06000002,Middlesbrough,2975
E05009858,Coulby Newham,,E06000002,Middlesbrough,2976
E05009859,Hemlington,,E06000002,Middlesbrough,2977
E05009860,Kader,,E06000002,Middlesbrough,2978
E05009861,Ladgate,,E06000002,Middlesbrough,2979
E05009862,Linthorpe,,E06000002,Middlesbrough,2980
E05009863,Longlands & Beechwood,,E06000002,Middlesbrough,2981
E05009864,Marton East,,E06000002,Middlesbrough,2982
E05009865,Marton West,,E06000002,Middlesbrough,2983
E05009866,Newport,,E06000002,Middlesbrough,2984
E05009867,North Ormesby,,E06000002,Middlesbrough,2985
E05009868,Nunthorpe,,E06000002,Middlesbrough,2986
E05009869,Park,,E06000002,Middlesbrough,2987
E05009870,Park End & Beckfield,,E06000002,Middlesbrough,2988
E05009871,Stainton & Thornton,,E06000002,Middlesbrough,2989
E05009872,Trimdon,,E06000002,Middlesbrough,2990
E05009873,Alford,,E07000137,East Lindsey,2991
E05009874,Binbrook,,E07000137,East Lindsey,2992
E05009875,Burgh le Marsh,,E07000137,East Lindsey,2993
E05009876,Chapel St Leonards,,E07000137,East Lindsey,2994
E05009877,Coningsby & Mareham,,E07000137,East Lindsey,2995
E05009878,Croft,,E07000137,East Lindsey,2996
E05009879,Friskney,,E07000137,East Lindsey,2997
E05009880,Fulstow,,E07000137,East Lindsey,2998
E05009881,Grimoldby,,E07000137,East Lindsey,2999
E05009832,Charford,,E07000234,Bromsgrove,3000
E05010180,Avenue,,E07000221,Stratford-on-Avon,3001
E05009833,Cofton,,E07000234,Bromsgrove,3002
E05009901,Tetford & Donington,,E07000137,East Lindsey,3003
E05010181,Bidford East,,E07000221,Stratford-on-Avon,3004
E05009700,Netherfield,,E07000173,Gedling,3005
E05009882,Hagworthingham,,E07000137,East Lindsey,3006
E05009883,Halton Holegate,,E07000137,East Lindsey,3007
E05010182,Bidford West & Salford,,E07000221,Stratford-on-Avon,3008
E05009884,Holton-le-Clay & North Thoresby,,E07000137,East Lindsey,3009
E05009701,Newstead Abbey,,E07000173,Gedling,3010
E05010114,Ibstock West,,E07000134,North West Leicestershire,3011
E05010183,Bishop's Itchington,,E07000221,Stratford-on-Avon,3012
E05009834,Drakes Cross,,E07000234,Bromsgrove,3013
E05009885,Horncastle,,E07000137,East Lindsey,3014
E05009702,Phoenix,,E07000173,Gedling,3015
E05009902,Tetney,,E07000137,East Lindsey,3016
E05010115,Kegworth,,E07000134,North West Leicestershire,3017
E05010184,Bishopton,,E07000221,Stratford-on-Avon,3018
E05009835,Hagley East,,E07000234,Bromsgrove,3019
E05009886,Ingoldmells,,E07000137,East Lindsey,3020
E05009703,Plains,,E07000173,Gedling,3021
E05009903,Trinity,,E07000137,East Lindsey,3022
E05010116,Long Whatton & Diseworth,,E07000134,North West Leicestershire,3023
E05010185,Brailes & Compton,,E07000221,Stratford-on-Avon,3024
E05009836,Hagley West,,E07000234,Bromsgrove,3025
E05009887,Legbourne,,E07000137,East Lindsey,3026
E05009704,Porchester,,E07000173,Gedling,3027
E05009904,Wainfleet,,E07000137,East Lindsey,3028
E05010117,Measham North,,E07000134,North West Leicestershire,3029
E05010186,Bridgetown,,E07000221,Stratford-on-Avon,3030
E05009837,Hill Top,,E07000234,Bromsgrove,3031
E05009888,Mablethorpe,,E07000137,East Lindsey,3032
E05009705,Redhill,,E07000173,Gedling,3033
E05009905,Willoughby with Sloothby,,E07000137,East Lindsey,3034
E05009906,Winthorpe,,E07000137,East Lindsey,3035
E05009907,Withern & Theddlethorpe,,E07000137,East Lindsey,3036
E05009908,Woodhall Spa,,E07000137,East Lindsey,3037
E05009909,Wragby,,E07000137,East Lindsey,3038
E05009910,Ashdon,,E07000077,Uttlesford,3039
E05009911,Broad Oak & the Hallingburys,,E07000077,Uttlesford,3040
E05009912,Clavering,,E07000077,Uttlesford,3041
E05009913,Debden & Wimbish,,E07000077,Uttlesford,3042
E05009914,Elsenham & Henham,,E07000077,Uttlesford,3043
E05009915,Felsted & Stebbing,,E07000077,Uttlesford,3044
E05009916,Flitch Green & Little Dunmow,,E07000077,Uttlesford,3045
E05009917,Great Dunmow North,,E07000077,Uttlesford,3046
E05009918,Great Dunmow South & Barnston,,E07000077,Uttlesford,3047
E05009919,Hatfield Heath,,E07000077,Uttlesford,3048
E05009920,High Easter & the Rodings,,E07000077,Uttlesford,3049
E05009921,"Littlebury, Chesterford & Wenden Lofts",,E07000077,Uttlesford,3050
E05009922,Newport,,E07000077,Uttlesford,3051
E05009923,Saffron Walden Audley,,E07000077,Uttlesford,3052
E05009924,Saffron Walden Castle,,E07000077,Uttlesford,3053
E05009925,Saffron Walden Shire,,E07000077,Uttlesford,3054
E05009926,Stansted North,,E07000077,Uttlesford,3055
E05009927,Stansted South & Birchanger,,E07000077,Uttlesford,3056
E05009928,Stort Valley,,E07000077,Uttlesford,3057
E05009929,Takeley,,E07000077,Uttlesford,3058
E05009930,Thaxted & the Eastons,,E07000077,Uttlesford,3059
E05009931,The Sampfords,,E07000077,Uttlesford,3060
E05009932,Bourne,,E07000128,Wyre,3061
E05009933,Breck,,E07000128,Wyre,3062
E05009934,Brock with Catterall,,E07000128,Wyre,3063
E05009935,Calder,,E07000128,Wyre,3064
E05009936,Carleton,,E07000128,Wyre,3065
E05009937,Cleveleys Park,,E07000128,Wyre,3066
E05009938,Garstang,,E07000128,Wyre,3067
E05009939,Great Eccleston,,E07000128,Wyre,3068
E05009940,Hambleton & Stalmine,,E07000128,Wyre,3069
E05009941,Hardhorn with High Cross,,E07000128,Wyre,3070
E05009942,Jubilee,,E07000128,Wyre,3071
E05009943,Marsh Mill,,E07000128,Wyre,3072
E05009944,Mount,,E07000128,Wyre,3073
E05009945,Park,,E07000128,Wyre,3074
E05009946,Pharos,,E07000128,Wyre,3075
E05009838,Hollywood,,E07000234,Bromsgrove,3076
E05009839,Lickey Hills,,E07000234,Bromsgrove,3077
E05009840,Lowes Hill,,E07000234,Bromsgrove,3078
E05009841,Marlbrook,,E07000234,Bromsgrove,3079
E05009842,Norton,,E07000234,Bromsgrove,3080
E05009843,Perryfields,,E07000234,Bromsgrove,3081
E05009844,Rock Hill,,E07000234,Bromsgrove,3082
E05009845,Rubery North,,E07000234,Bromsgrove,3083
E05009846,Rubery South,,E07000234,Bromsgrove,3084
E05010118,Measham South,,E07000134,North West Leicestershire,3085
E05010119,Oakthorpe & Donisthorpe,,E07000134,North West Leicestershire,3086
E05010120,Ravenstone & Packington,,E07000134,North West Leicestershire,3087
E05010121,Sence Valley,,E07000134,North West Leicestershire,3088
E05010122,Snibston North,,E07000134,North West Leicestershire,3089
E05010123,Snibston South,,E07000134,North West Leicestershire,3090
E05010124,Thornborough,,E07000134,North West Leicestershire,3091
E05010125,Thringstone,,E07000134,North West Leicestershire,3092
E05010126,Valley,,E07000134,North West Leicestershire,3093
E05010127,Worthington & Breedon,,E07000134,North West Leicestershire,3094
E05010128,Allington & Strete,,E07000044,South Hams,3095
E05010129,Bickleigh & Cornwood,,E07000044,South Hams,3096
E05010130,Blackawton & Stoke Fleming,,E07000044,South Hams,3097
E05010131,Charterlands,,E07000044,South Hams,3098
E05010132,Dartington & Staverton,,E07000044,South Hams,3099
E05010133,Dartmouth & East Dart,,E07000044,South Hams,3100
E05010134,Ermington & Ugborough,,E07000044,South Hams,3101
E05010135,Ivybridge East,,E07000044,South Hams,3102
E05010136,Ivybridge West,,E07000044,South Hams,3103
E05010137,Kingsbridge,,E07000044,South Hams,3104
E05010138,Loddiswell & Aveton Gifford,,E07000044,South Hams,3105
E05010139,Marldon & Littlehempston,,E07000044,South Hams,3106
E05010140,Newton & Yealmpton,,E07000044,South Hams,3107
E05010141,Salcombe & Thurlestone,,E07000044,South Hams,3108
E05010142,South Brent,,E07000044,South Hams,3109
E05010143,Stokenham,,E07000044,South Hams,3110
E05010144,Totnes,,E07000044,South Hams,3111
E05010145,Wembury & Brixton,,E07000044,South Hams,3112
E05010146,West Dart,,E07000044,South Hams,3113
E05010147,Woolwell,,E07000044,South Hams,3114
E05010148,Aveland,,E07000141,South Kesteven,3115
E05010149,Belmont,,E07000141,South Kesteven,3116
E05010150,Belvoir,,E07000141,South Kesteven,3117
E05010151,Bourne Austerby,,E07000141,South Kesteven,3118
E05010152,Bourne East,,E07000141,South Kesteven,3119
E05010153,Bourne West,,E07000141,South Kesteven,3120
E05010154,Casewick,,E07000141,South Kesteven,3121
E05010155,Castle,,E07000141,South Kesteven,3122
E05010156,Deeping St James,,E07000141,South Kesteven,3123
E05010157,Dole Wood,,E07000141,South Kesteven,3124
E05010158,Glen,,E07000141,South Kesteven,3125
E05010159,Grantham Arnoldfield,,E07000141,South Kesteven,3126
E05010160,Grantham Barrowby Gate,,E07000141,South Kesteven,3127
E05010161,Grantham Earlesfield,,E07000141,South Kesteven,3128
E05010187,Clopton,,E07000221,Stratford-on-Avon,3129
E05009706,Trent Valley,,E07000173,Gedling,3130
E05009889,Marshchapel & Somercotes,,E07000137,East Lindsey,3131
E05010188,Ettington,,E07000221,Stratford-on-Avon,3132
E05009707,Woodthorpe,,E07000173,Gedling,3133
E05010189,Guildhall,,E07000221,Stratford-on-Avon,3134
E05009708,Abbey,,E07000176,Rushcliffe,3135
E05010190,Harbury,,E07000221,Stratford-on-Avon,3136
E05009709,Bingham East,,E07000176,Rushcliffe,3137
E05009890,North Holme,,E07000137,East Lindsey,3138
E05010191,Hathaway,,E07000221,Stratford-on-Avon,3139
E05009710,Bingham West,,E07000176,Rushcliffe,3140
E05009891,Priory & St James',,E07000137,East Lindsey,3141
E05010192,Henley-in-Arden,,E07000221,Stratford-on-Avon,3142
E05009711,Bunny,,E07000176,Rushcliffe,3143
E05009892,Roughton,,E07000137,East Lindsey,3144
E05010193,Kineton,,E07000221,Stratford-on-Avon,3145
E05009712,Compton Acres,,E07000176,Rushcliffe,3146
E05009893,St Clement's,,E07000137,East Lindsey,3147
E05010194,Kinwarton,,E07000221,Stratford-on-Avon,3148
E05009713,Cotgrave,,E07000176,Rushcliffe,3149
E05009894,St Margaret's,,E07000137,East Lindsey,3150
E05010195,Long Itchington & Stockton,,E07000221,Stratford-on-Avon,3151
E05009714,Cranmer,,E07000176,Rushcliffe,3152
E05009895,St Mary's,,E07000137,East Lindsey,3153
E05010196,Napton & Fenny Compton,,E07000221,Stratford-on-Avon,3154
E05009715,Cropwell,,E07000176,Rushcliffe,3155
E05009896,St Michael's,,E07000137,East Lindsey,3156
E05010197,Quinton,,E07000221,Stratford-on-Avon,3157
E05009716,East Bridgford,,E07000176,Rushcliffe,3158
E05010198,Red Horse,,E07000221,Stratford-on-Avon,3159
E05009717,Edwalton,,E07000176,Rushcliffe,3160
E05010199,Shipston North,,E07000221,Stratford-on-Avon,3161
E05010200,Shipston South,,E07000221,Stratford-on-Avon,3162
E05010201,Shottery,,E07000221,Stratford-on-Avon,3163
E05010202,Snitterfield,,E07000221,Stratford-on-Avon,3164
E05010203,Southam North,,E07000221,Stratford-on-Avon,3165
E05010204,Southam South,,E07000221,Stratford-on-Avon,3166
E05010205,Studley with Mappleborough Green,,E07000221,Stratford-on-Avon,3167
E05010206,Studley with Sambourne,,E07000221,Stratford-on-Avon,3168
E05010207,Tanworth-in-Arden,,E07000221,Stratford-on-Avon,3169
E05010208,Tiddington,,E07000221,Stratford-on-Avon,3170
E05010209,Welcombe,,E07000221,Stratford-on-Avon,3171
E05010210,Welford-on-Avon,,E07000221,Stratford-on-Avon,3172
E05010211,Wellesbourne East,,E07000221,Stratford-on-Avon,3173
E05009718,Gamston North,,E07000176,Rushcliffe,3174
E05009719,Gamston South,,E07000176,Rushcliffe,3175
E05009720,Gotham,,E07000176,Rushcliffe,3176
E05009721,Keyworth & Wolds,,E07000176,Rushcliffe,3177
E05009722,Lady Bay,,E07000176,Rushcliffe,3178
E05009723,Leake,,E07000176,Rushcliffe,3179
E05009724,Lutterell,,E07000176,Rushcliffe,3180
E05009725,Musters,,E07000176,Rushcliffe,3181
E05009726,Nevile & Langar,,E07000176,Rushcliffe,3182
E05009727,Radcliffe on Trent,,E07000176,Rushcliffe,3183
E05009728,Ruddington,,E07000176,Rushcliffe,3184
E05009729,Sutton Bonington,,E07000176,Rushcliffe,3185
E05009730,Thoroton,,E07000176,Rushcliffe,3186
E05009731,Tollerton,,E07000176,Rushcliffe,3187
E05009732,Trent Bridge,,E07000176,Rushcliffe,3188
E05009733,Benson & Crowmarsh,,E07000179,South Oxfordshire,3189
E05009734,Berinsfield,,E07000179,South Oxfordshire,3190
E05009735,Chalgrove,,E07000179,South Oxfordshire,3191
E05009736,Chinnor,,E07000179,South Oxfordshire,3192
E05009740,Didcot West,,E07000179,South Oxfordshire,3193
E05009742,Garsington & Horspath,,E07000179,South Oxfordshire,3194
E05009743,Goring,,E07000179,South Oxfordshire,3195
E05009749,Thame,,E07000179,South Oxfordshire,3196
E05009751,Watlington,,E07000179,South Oxfordshire,3197
E05009754,Abingdon Abbey Northcourt,,E07000180,Vale of White Horse,3198
E05009755,Abingdon Caldecott,,E07000180,Vale of White Horse,3199
E05009757,Abingdon Fitzharris,,E07000180,Vale of White Horse,3200
E05010648,Tintwistle,,E07000037,High Peak,3201
E05010649,Whaley Bridge,,E07000037,High Peak,3202
E05010650,Whitfield,,E07000037,High Peak,3203
E05010651,Alrewas & Fradley,,E07000194,Lichfield,3204
E05010652,Armitage with Handsacre,,E07000194,Lichfield,3205
E05010653,Boley Park,,E07000194,Lichfield,3206
E05010654,Boney Hay & Central,,E07000194,Lichfield,3207
E05010655,Bourne Vale,,E07000194,Lichfield,3208
E05010656,Chadsmead,,E07000194,Lichfield,3209
E05010657,Chase Terrace,,E07000194,Lichfield,3210
E05010658,Chasetown,,E07000194,Lichfield,3211
E05010659,Colton & the Ridwares,,E07000194,Lichfield,3212
E05010660,Curborough,,E07000194,Lichfield,3213
E05010661,Fazeley,,E07000194,Lichfield,3214
E05010662,Hammerwich with Wall,,E07000194,Lichfield,3215
E05010663,Highfield,,E07000194,Lichfield,3216
E05010664,Leomansley,,E07000194,Lichfield,3217
E05010665,Little Aston & Stonnall,,E07000194,Lichfield,3218
E05010666,Longdon,,E07000194,Lichfield,3219
E05010667,Mease Valley,,E07000194,Lichfield,3220
E05010668,St John's,,E07000194,Lichfield,3221
E05010669,Shenstone,,E07000194,Lichfield,3222
E05010670,Stowe,,E07000194,Lichfield,3223
E05010212,Wellesbourne West,,E07000221,Stratford-on-Avon,3224
E05010671,Summerfield & All Saints,,E07000194,Lichfield,3225
E05010672,Whittington & Streethay,,E07000194,Lichfield,3226
E05010673,Abbey Hill,,E07000170,Ashfield,3227
E05010674,Annesley & Kirkby Woodhouse,,E07000170,Ashfield,3228
E05010675,Ashfields,,E07000170,Ashfield,3229
E05010676,Carsic,,E07000170,Ashfield,3230
E05010677,Sutton Central & New Cross,,E07000170,Ashfield,3231
E05010678,Hucknall Central,,E07000170,Ashfield,3232
E05010679,Hucknall North,,E07000170,Ashfield,3233
E05010680,Hucknall South,,E07000170,Ashfield,3234
E05010681,Hucknall West,,E07000170,Ashfield,3235
E05010682,Huthwaite & Brierley,,E07000170,Ashfield,3236
E05010683,Jacksdale & Westwood,,E07000170,Ashfield,3237
E05010684,Kingsway,,E07000170,Ashfield,3238
E05010685,Kirkby Cross & Portland,,E07000170,Ashfield,3239
E05010686,Larwood,,E07000170,Ashfield,3240
E05010687,Leamington,,E07000170,Ashfield,3241
E05010688,Sutton St Mary's,,E07000170,Ashfield,3242
E05010689,Selston,,E07000170,Ashfield,3243
E05010690,Skegby,,E07000170,Ashfield,3244
E05010691,Stanton Hill & Teversal,,E07000170,Ashfield,3245
E05010692,Greenwood & Summit,,E07000170,Ashfield,3246
E05010693,Sutton Junction & Harlow Wood,,E07000170,Ashfield,3247
E05010694,The Dales,,E07000170,Ashfield,3248
E05010695,Underwood,,E07000170,Ashfield,3249
E05010696,Abbey,,E07000079,Cotswold,3250
E05010697,Blockley,,E07000079,Cotswold,3251
E05010324,Huntington & New Earswick,,E06000014,York,3252
E05010698,Bourton Vale,,E07000079,Cotswold,3253
E05010420,Hummersknott,,E06000005,Darlington,3254
E05010496,Rowley,,E07000197,Stafford,3255
E05010262,Upper Wensum,,E07000143,Breckland,3256
E05010562,Okehampton South,,E07000047,West Devon,3257
E05010563,South Tawton,,E07000047,West Devon,3258
E05010564,Tamarside,,E07000047,West Devon,3259
E05010565,Tavistock North,,E07000047,West Devon,3260
E05010566,Tavistock South East,,E07000047,West Devon,3261
E05010567,Tavistock South West,,E07000047,West Devon,3262
E05010604,Awsworth Road,,E07000036,Erewash,3263
E05010605,Breaston,,E07000036,Erewash,3264
E05010606,Cotmanhay,,E07000036,Erewash,3265
E05010607,Derby Road East,,E07000036,Erewash,3266
E05010608,Derby Road West,,E07000036,Erewash,3267
E05010609,Draycott & Risley,,E07000036,Erewash,3268
E05010610,Hallam Fields,,E07000036,Erewash,3269
E05010611,Kirk Hallam & Stanton-by-Dale,,E07000036,Erewash,3270
E05010612,Larklands,,E07000036,Erewash,3271
E05010613,Little Eaton & Stanley,,E07000036,Erewash,3272
E05010614,Little Hallam,,E07000036,Erewash,3273
E05010615,Long Eaton Central,,E07000036,Erewash,3274
E05010616,Nottingham Road,,E07000036,Erewash,3275
E05010617,Ockbrook & Borrowash,,E07000036,Erewash,3276
E05010618,Sandiacre,,E07000036,Erewash,3277
E05010619,Sawley,,E07000036,Erewash,3278
E05010620,Shipley View,,E07000036,Erewash,3279
E05010621,West Hallam & Dale Abbey,,E07000036,Erewash,3280
E05010622,Wilsthorpe,,E07000036,Erewash,3281
E05010623,Barms,,E07000037,High Peak,3282
E05010699,Bourton Village,,E07000079,Cotswold,3283
E05010624,Blackbrook,,E07000037,High Peak,3284
E05010263,Watton,,E07000143,Breckland,3285
E05010700,Campden & Vale,,E07000079,Cotswold,3286
E05010325,Micklegate,,E06000014,York,3287
E05010625,Burbage,,E07000037,High Peak,3288
E05010276,Backwell,,E06000024,North Somerset,3289
E05010497,St Michael's & Stonefield,,E07000197,Stafford,3290
E05010421,Hurworth,,E06000005,Darlington,3291
E05010701,Chedworth & Churn Valley,,E07000079,Cotswold,3292
E05010213,Wotton Wawen,,E07000221,Stratford-on-Avon,3293
E05010326,Osbaldwick & Derwent,,E06000014,York,3294
E05010626,Buxton Central,,E07000037,High Peak,3295
E05010277,Banwell & Winscombe,,E06000024,North Somerset,3296
E05010422,Mowden,,E06000005,Darlington,3297
E05010498,Seighford & Church Eaton,,E07000197,Stafford,3298
E05010499,Swynnerton & Oulton,,E07000197,Stafford,3299
E05010500,Walton,,E07000197,Stafford,3300
E05010501,Weeping Cross & Wildwood,,E07000197,Stafford,3301
E05010502,Aggborough & Spennells,,E07000239,Wyre Forest,3302
E05010503,Areley Kings & Riverside,,E07000239,Wyre Forest,3303
E05010423,North Road,,E06000005,Darlington,3304
E05010702,Chesterton,,E07000079,Cotswold,3305
E05010327,Rawcliffe & Clifton Without,,E06000014,York,3306
E05010424,Northgate,,E06000005,Darlington,3307
E05010703,Coln Valley,,E07000079,Cotswold,3308
E05010504,Bewdley & Rock,,E07000239,Wyre Forest,3309
E05010278,Blagdon & Churchill,,E06000024,North Somerset,3310
E05010627,Chapel East,,E07000037,High Peak,3311
E05010214,Bamber Bridge East,,E07000126,South Ribble,3312
E05010704,Ermin,,E07000079,Cotswold,3313
E05010328,Rural West York,,E06000014,York,3314
E05010215,Bamber Bridge West,,E07000126,South Ribble,3315
E05010628,Chapel West,,E07000037,High Peak,3316
E05010279,Clevedon East,,E06000024,North Somerset,3317
E05010505,Blakebrook & Habberley South,,E07000239,Wyre Forest,3318
E05010425,Park East,,E06000005,Darlington,3319
E05010705,Fairford North,,E07000079,Cotswold,3320
E05010329,Strensall,,E06000014,York,3321
E05010216,Broad Oak,,E07000126,South Ribble,3322
E05010629,Corbar,,E07000037,High Peak,3323
E05010280,Clevedon South,,E06000024,North Somerset,3324
E05010506,Broadwaters,,E07000239,Wyre Forest,3325
E05010426,Park West,,E06000005,Darlington,3326
E05010706,Fosseridge,,E07000079,Cotswold,3327
E05010330,Westfield,,E06000014,York,3328
E05010217,Broadfield,,E07000126,South Ribble,3329
E05010630,Cote Heath,,E07000037,High Peak,3330
E05010281,Clevedon Walton,,E06000024,North Somerset,3331
E05010507,Foley Park & Hoobrook,,E07000239,Wyre Forest,3332
E05010427,Pierremont,,E06000005,Darlington,3333
E05010707,Four Acres,,E07000079,Cotswold,3334
E05010331,Wheldrake,,E06000014,York,3335
E05010218,Buckshaw & Worden,,E07000126,South Ribble,3336
E05010631,Dinting,,E07000037,High Peak,3337
E05010282,Clevedon West,,E06000024,North Somerset,3338
E05010508,Franche & Habberley North,,E07000239,Wyre Forest,3339
E05010428,Red Hall & Lingfield,,E06000005,Darlington,3340
E05010708,Grumbolds Ash with Avening,,E07000079,Cotswold,3341
E05010365,Bocking Blackwater,,E07000067,Braintree,3342
E05010219,Charnock,,E07000126,South Ribble,3343
E05010632,Gamesley,,E07000037,High Peak,3344
E05010283,Clevedon Yeo,,E06000024,North Somerset,3345
E05010509,Lickhill,,E07000239,Wyre Forest,3346
E05010429,Sadberge & Middleton St George,,E06000005,Darlington,3347
E05010709,Kemble,,E07000079,Cotswold,3348
E05010366,Bocking North,,E07000067,Braintree,3349
E05010220,Coupe Green & Gregson Lane,,E07000126,South Ribble,3350
E05010633,Hadfield North,,E07000037,High Peak,3351
E05010284,Congresbury & Puxton,,E06000024,North Somerset,3352
E05010510,Mitton,,E07000239,Wyre Forest,3353
E05010430,Stephenson,,E06000005,Darlington,3354
E05010710,"Lechlade, Kempsford & Fairford South",,E07000079,Cotswold,3355
E05010367,Bocking South,,E07000067,Braintree,3356
E05010221,Earnshaw Bridge,,E07000126,South Ribble,3357
E05010634,Hadfield South,,E07000037,High Peak,3358
E05010285,Gordano Valley,,E06000024,North Somerset,3359
E05010511,Offmore & Comberton,,E07000239,Wyre Forest,3360
E05010431,Whinfield,,E06000005,Darlington,3361
E05010458,Abbey,,E06000016,Leicester,3362
E05010459,Aylestone,,E06000016,Leicester,3363
E05010460,Beaumont Leys,,E06000016,Leicester,3364
E05010461,Belgrave,,E06000016,Leicester,3365
E05010462,Braunstone Park & Rowley Fields,,E06000016,Leicester,3366
E05010463,Castle,,E06000016,Leicester,3367
E05010464,Evington,,E06000016,Leicester,3368
E05010465,Eyres Monsell,,E06000016,Leicester,3369
E05010466,Fosse,,E06000016,Leicester,3370
E05010467,Humberstone & Hamilton,,E06000016,Leicester,3371
E05010468,Knighton,,E06000016,Leicester,3372
E05010469,North Evington,,E06000016,Leicester,3373
E05010470,Rushey Mead,,E06000016,Leicester,3374
E05010471,Saffron,,E06000016,Leicester,3375
E05010472,Spinney Hills,,E06000016,Leicester,3376
E05010473,Stoneygate,,E06000016,Leicester,3377
E05010474,Thurncourt,,E06000016,Leicester,3378
E05010475,Troon,,E06000016,Leicester,3379
E05010476,Westcotes,,E06000016,Leicester,3380
E05010477,Western,,E06000016,Leicester,3381
E05010478,Wycliffe,,E06000016,Leicester,3382
E05010479,Barlaston,,E07000197,Stafford,3383
E05010480,Baswich,,E07000197,Stafford,3384
E05010481,Common,,E07000197,Stafford,3385
E05010482,Coton,,E07000197,Stafford,3386
E05010483,Doxey & Castletown,,E07000197,Stafford,3387
E05010484,Eccleshall,,E07000197,Stafford,3388
E05010485,Forebridge,,E07000197,Stafford,3389
E05010486,Fulford,,E07000197,Stafford,3390
E05010487,Gnosall & Woodseaves,,E07000197,Stafford,3391
E05010488,Haywood & Hixon,,E07000197,Stafford,3392
E05010489,Highfields & Western Downs,,E07000197,Stafford,3393
E05010490,Holmcroft,,E07000197,Stafford,3394
E05010491,Littleworth,,E07000197,Stafford,3395
E05010492,Manor,,E07000197,Stafford,3396
E05010493,Milford,,E07000197,Stafford,3397
E05010494,Milwich,,E07000197,Stafford,3398
E05010495,Penkside,,E07000197,Stafford,3399
E05010368,Braintree Central & Beckers Green,,E07000067,Braintree,3400
E05010369,Braintree South,,E07000067,Braintree,3401
E05010370,Braintree West,,E07000067,Braintree,3402
E05010371,Bumpstead,,E07000067,Braintree,3403
E05010372,Coggeshall,,E07000067,Braintree,3404
E05010374,Great Notley & Black Notley,,E07000067,Braintree,3405
E05010378,Hedingham,,E07000067,Braintree,3406
E05010379,Kelvedon & Feering,,E07000067,Braintree,3407
E05010380,Rayne,,E07000067,Braintree,3408
E05010382,Stour Valley North,,E07000067,Braintree,3409
E05010383,Stour Valley South,,E07000067,Braintree,3410
E05010384,The Colnes,,E07000067,Braintree,3411
E05010385,Three Fields,,E07000067,Braintree,3412
E05010388,Witham South,,E07000067,Braintree,3413
E05010389,Witham West,,E07000067,Braintree,3414
E05010390,Yeldham,,E07000067,Braintree,3415
E05010392,Beltinge,,E07000106,Canterbury,3416
E05010393,Blean Forest,,E07000106,Canterbury,3417
E05010395,Chestfield,,E07000106,Canterbury,3418
E05010396,Gorrell,,E07000106,Canterbury,3419
E05010397,Greenhill,,E07000106,Canterbury,3420
E05010398,Herne & Broomfield,,E07000106,Canterbury,3421
E05010399,Heron,,E07000106,Canterbury,3422
E05010222,Farington East,,E07000126,South Ribble,3423
E05010402,Northgate,,E07000106,Canterbury,3424
E05010635,Hayfield,,E07000037,High Peak,3425
E05010711,Moreton East,,E07000079,Cotswold,3426
E05010223,Farington West,,E07000126,South Ribble,3427
E05010286,Hutton & Locking,,E06000024,North Somerset,3428
E05010512,Wribbenhall & Arley,,E07000239,Wyre Forest,3429
E05010404,Seasalter,,E07000106,Canterbury,3430
E05010513,Wyre Forest Rural,,E07000239,Wyre Forest,3431
E05010712,Moreton West,,E07000079,Cotswold,3432
E05010287,Long Ashton,,E06000024,North Somerset,3433
E05010224,Hoole,,E07000126,South Ribble,3434
E05010636,Hope Valley,,E07000037,High Peak,3435
E05010713,New Mills,,E07000079,Cotswold,3436
E05010637,Howard Town,,E07000037,High Peak,3437
E05010714,Northleach,,E07000079,Cotswold,3438
E05010225,Howick & Priory,,E07000126,South Ribble,3439
E05010288,Nailsea Golden Valley,,E06000024,North Somerset,3440
E05010514,Attenborough & Chilwell East,,E07000172,Broxtowe,3441
E05010405,St Stephen's,,E07000106,Canterbury,3442
E05010515,"Awsworth, Cossall & Trowell",,E07000172,Broxtowe,3443
E05010407,Swalecliffe,,E07000106,Canterbury,3444
E05010516,Beeston Central,,E07000172,Broxtowe,3445
E05010408,Tankerton,,E07000106,Canterbury,3446
E05010715,St Michael's,,E07000079,Cotswold,3447
E05010517,Beeston North,,E07000172,Broxtowe,3448
E05010289,Nailsea West End,,E06000024,North Somerset,3449
E05010409,West Bay,,E07000106,Canterbury,3450
E05010226,Leyland Central,,E07000126,South Ribble,3451
E05010638,Limestone Peak,,E07000037,High Peak,3452
E05010716,Sandywell,,E07000079,Cotswold,3453
E05010518,Beeston Rylands,,E07000172,Broxtowe,3454
E05010290,Nailsea Yeo,,E06000024,North Somerset,3455
E05010410,Westgate,,E07000106,Canterbury,3456
E05010227,Longton & Hutton West,,E07000126,South Ribble,3457
E05010639,New Mills East,,E07000037,High Peak,3458
E05010717,Siddington & Cerney Rural,,E07000079,Cotswold,3459
E05010519,Beeston West,,E07000172,Broxtowe,3460
E05010291,Nailsea Youngwood,,E06000024,North Somerset,3461
E05010411,Wincheap,,E07000106,Canterbury,3462
E05010228,Lostock Hall,,E07000126,South Ribble,3463
E05010640,New Mills West,,E07000037,High Peak,3464
E05010718,South Cerney Village,,E07000079,Cotswold,3465
E05010520,Bramcote,,E07000172,Broxtowe,3466
E05010292,Pill,,E06000024,North Somerset,3467
E05010412,Bank Top & Lascelles,,E06000005,Darlington,3468
E05010229,Middleforth,,E07000126,South Ribble,3469
E05010230,Moss Side,,E07000126,South Ribble,3470
E05010231,New Longton & Hutton East,,E07000126,South Ribble,3471
E05010232,St Ambrose,,E07000126,South Ribble,3472
E05010233,Samlesbury & Walton,,E07000126,South Ribble,3473
E05010234,Seven Stars,,E07000126,South Ribble,3474
E05010235,Walton-le-Dale East,,E07000126,South Ribble,3475
E05010236,Walton-le-Dale West,,E07000126,South Ribble,3476
E05010237,All Saints & Wayland,,E07000143,Breckland,3477
E05010238,Ashill,,E07000143,Breckland,3478
E05010239,Bedingfeld,,E07000143,Breckland,3479
E05010240,Attleborough Burgh & Haverscroft,,E07000143,Breckland,3480
E05010241,Attleborough Queens & Besthorpe,,E07000143,Breckland,3481
E05010242,Dereham Neatherd,,E07000143,Breckland,3482
E05010243,Dereham Toftwood,,E07000143,Breckland,3483
E05010244,Dereham Withburga,,E07000143,Breckland,3484
E05010245,Forest,,E07000143,Breckland,3485
E05010246,Guiltcross,,E07000143,Breckland,3486
E05010247,Harling & Heathlands,,E07000143,Breckland,3487
E05010248,Hermitage,,E07000143,Breckland,3488
E05010249,Launditch,,E07000143,Breckland,3489
E05010250,Lincoln,,E07000143,Breckland,3490
E05010251,Mattishall,,E07000143,Breckland,3491
E05010252,Nar Valley,,E07000143,Breckland,3492
E05010253,Necton,,E07000143,Breckland,3493
E05010254,Saham Toney,,E07000143,Breckland,3494
E05010255,Shipdham-with-Scarning,,E07000143,Breckland,3495
E05010256,Swaffham,,E07000143,Breckland,3496
E05010257,The Buckenhams & Banham,,E07000143,Breckland,3497
E05010258,Thetford Boudica,,E07000143,Breckland,3498
E05010259,Thetford Burrell,,E07000143,Breckland,3499
E05010260,Thetford Castle,,E07000143,Breckland,3500
E05010261,Thetford Priory,,E07000143,Breckland,3501
E05010413,Brinkburn & Faverdale,,E06000005,Darlington,3502
E05010414,Cockerton,,E06000005,Darlington,3503
E05010415,College,,E06000005,Darlington,3504
E05010416,Eastbourne,,E06000005,Darlington,3505
E05010417,Harrowgate Hill,,E06000005,Darlington,3506
E05010418,Haughton & Springfield,,E06000005,Darlington,3507
E05010419,Heighington & Coniscliffe,,E06000005,Darlington,3508
E05010719,Stow,,E07000079,Cotswold,3509
E05010720,Stratton,,E07000079,Cotswold,3510
E05010721,Tetbury East & Rural,,E07000079,Cotswold,3511
E05010641,Old Glossop,,E07000037,High Peak,3512
E05010722,Tetbury Town,,E07000079,Cotswold,3513
E05010642,Padfield,,E07000037,High Peak,3514
E05010521,Brinsley,,E07000172,Broxtowe,3515
E05010293,Portishead East,,E06000024,North Somerset,3516
E05010723,Tetbury with Upton,,E07000079,Cotswold,3517
E05010643,St John's,,E07000037,High Peak,3518
E05010522,Chilwell West,,E07000172,Broxtowe,3519
E05010294,Portishead North,,E06000024,North Somerset,3520
E05010724,The Ampneys & Hampton,,E07000079,Cotswold,3521
E05010644,Sett,,E07000037,High Peak,3522
E05010523,Eastwood Hall,,E07000172,Broxtowe,3523
E05010295,Portishead South,,E06000024,North Somerset,3524
E05010725,The Beeches,,E07000079,Cotswold,3525
E05010645,Simmondley,,E07000037,High Peak,3526
E05010524,Eastwood Hilltop,,E07000172,Broxtowe,3527
E05010296,Portishead West,,E06000024,North Somerset,3528
E05010726,The Rissingtons,,E07000079,Cotswold,3529
E05010646,Stone Bench,,E07000037,High Peak,3530
E05010525,Eastwood St Mary's,,E07000172,Broxtowe,3531
E05010297,Weston-super-Mare South,,E06000024,North Somerset,3532
E05010727,Watermoor,,E07000079,Cotswold,3533
E05010728,Adwick le Street & Carcroft,,E08000017,Doncaster,3534
E05010729,Armthorpe,,E08000017,Doncaster,3535
E05010730,Balby South,,E08000017,Doncaster,3536
E05010731,Bentley,,E08000017,Doncaster,3537
E05010732,Bessacarr,,E08000017,Doncaster,3538
E05010733,Conisbrough,,E08000017,Doncaster,3539
E05010734,Edenthorpe & Kirk Sandall,,E08000017,Doncaster,3540
E05010735,Edlington & Warmsworth,,E08000017,Doncaster,3541
E05010736,Finningley,,E08000017,Doncaster,3542
E05010737,Hatfield,,E08000017,Doncaster,3543
E05010738,Hexthorpe & Balby North,,E08000017,Doncaster,3544
E05010739,Mexborough,,E08000017,Doncaster,3545
E05010740,Norton & Askern,,E08000017,Doncaster,3546
E05010741,Roman Ridge,,E08000017,Doncaster,3547
E05010742,Rossington & Bawtry,,E08000017,Doncaster,3548
E05010743,Sprotbrough,,E08000017,Doncaster,3549
E05010744,Stainforth & Barnby Dun,,E08000017,Doncaster,3550
E05010745,Thorne & Moorends,,E08000017,Doncaster,3551
E05010746,Tickhill & Wadsworth,,E08000017,Doncaster,3552
E05010747,Town,,E08000017,Doncaster,3553
E05010298,Weston-super-Mare Central,,E06000024,North Somerset,3554
E05010299,Weston-super-Mare Hillside,,E06000024,North Somerset,3555
E05010300,Weston-super-Mare Kewstoke,,E06000024,North Somerset,3556
E05010301,Weston-super-Mare Mid Worle,,E06000024,North Somerset,3557
E05010302,Weston-super-Mare Milton,,E06000024,North Somerset,3558
E05010303,Weston-super-Mare North Worle,,E06000024,North Somerset,3559
E05010304,Weston-super-Mare South Worle,,E06000024,North Somerset,3560
E05010305,Weston-super-Mare Uphill,,E06000024,North Somerset,3561
E05010306,Weston-super-Mare Winterstoke,,E06000024,North Somerset,3562
E05010307,Wick St Lawrence & St Georges,,E06000024,North Somerset,3563
E05010308,Winford,,E06000024,North Somerset,3564
E05010309,Wrington,,E06000024,North Somerset,3565
E05010310,Yatton,,E06000024,North Somerset,3566
E05010311,Acomb,,E06000014,York,3567
E05010312,Bishopthorpe,,E06000014,York,3568
E05010313,Clifton,,E06000014,York,3569
E05010314,Copmanthorpe,,E06000014,York,3570
E05010315,Dringhouses & Woodthorpe,,E06000014,York,3571
E05010316,Fishergate,,E06000014,York,3572
E05010317,Fulford & Heslington,,E06000014,York,3573
E05010318,Guildhall,,E06000014,York,3574
E05010319,Haxby & Wigginton,,E06000014,York,3575
E05010320,Heworth,,E06000014,York,3576
E05010321,Heworth Without,,E06000014,York,3577
E05010322,Holgate,,E06000014,York,3578
E05010323,Hull Road,,E06000014,York,3579
E05010526,Greasley,,E07000172,Broxtowe,3580
E05010527,Kimberley,,E07000172,Broxtowe,3581
E05010528,Nuthall East & Strelley,,E07000172,Broxtowe,3582
E05010529,Stapleford North,,E07000172,Broxtowe,3583
E05010530,Stapleford South East,,E07000172,Broxtowe,3584
E05010531,Stapleford South West,,E07000172,Broxtowe,3585
E05010532,Toton & Chilwell Meadows,,E07000172,Broxtowe,3586
E05010533,Watnall & Nuthall West,,E07000172,Broxtowe,3587
E05010550,Bere Ferrers,,E07000047,West Devon,3588
E05010551,Bridestowe,,E07000047,West Devon,3589
E05010552,Buckland Monachorum,,E07000047,West Devon,3590
E05010553,Burrator,,E07000047,West Devon,3591
E05010554,Chagford,,E07000047,West Devon,3592
E05010555,Dartmoor,,E07000047,West Devon,3593
E05010556,Drewsteignton,,E07000047,West Devon,3594
E05010557,Exbourne,,E07000047,West Devon,3595
E05010558,Hatherleigh,,E07000047,West Devon,3596
E05010559,Mary Tavy,,E07000047,West Devon,3597
E05010560,Milton Ford,,E07000047,West Devon,3598
E05010561,Okehampton North,,E07000047,West Devon,3599
E05010647,Temple,,E07000037,High Peak,3600
E05010824,Werrington,,E06000031,Peterborough,3601
E05010825,West,,E06000031,Peterborough,3602
E05010826,Wittering,,E06000031,Peterborough,3603
E05010827,Berechurch,,E07000071,Colchester,3604
E05010828,Castle,,E07000071,Colchester,3605
E05010829,Greenstead,,E07000071,Colchester,3606
E05010830,Highwoods,,E07000071,Colchester,3607
E05010831,Lexden and Braiswick,,E07000071,Colchester,3608
E05010832,Marks Tey and Layer,,E07000071,Colchester,3609
E05010833,Mersea and Pyefleet,,E07000071,Colchester,3610
E05010834,Mile End,,E07000071,Colchester,3611
E05010835,New Town and Christ Church,,E07000071,Colchester,3612
E05010836,Old Heath and The Hythe,,E07000071,Colchester,3613
E05010837,Prettygate,,E07000071,Colchester,3614
E05010838,Rural North,,E07000071,Colchester,3615
E05010839,St Anne's and St John's,,E07000071,Colchester,3616
E05010840,Shrub End,,E07000071,Colchester,3617
E05010841,Stanway,,E07000071,Colchester,3618
E05010842,Tiptree,,E07000071,Colchester,3619
E05010843,Wivenhoe,,E07000071,Colchester,3620
E05010844,Downhall and Rawreth,,E07000075,Rochford,3621
E05010845,Foulness and The Wakerings,,E07000075,Rochford,3622
E05010846,Hawkwell East,,E07000075,Rochford,3623
E05010847,Hawkwell West,,E07000075,Rochford,3624
E05010848,Hockley,,E07000075,Rochford,3625
E05010849,Hockley and Ashingdon,,E07000075,Rochford,3626
E05010850,Hullbridge,,E07000075,Rochford,3627
E05010851,Lodge,,E07000075,Rochford,3628
E05010852,Roche North and Rural,,E07000075,Rochford,3629
E05010853,Roche South,,E07000075,Rochford,3630
E05010854,Sweyne Park and Grange,,E07000075,Rochford,3631
E05010855,Trinity,,E07000075,Rochford,3632
E05010856,Wheatley,,E07000075,Rochford,3633
E05010857,Beauchief and Greenhill,,E08000019,Sheffield,3634
E05010858,Beighton,,E08000019,Sheffield,3635
E05010859,Birley,,E08000019,Sheffield,3636
E05010860,Broomhill and Sharrow Vale,,E08000019,Sheffield,3637
E05010861,Burngreave,,E08000019,Sheffield,3638
E05010862,City,,E08000019,Sheffield,3639
E05010863,Crookes and Crosspool,,E08000019,Sheffield,3640
E05010864,Darnall,,E08000019,Sheffield,3641
E05010865,Dore and Totley,,E08000019,Sheffield,3642
E05010866,East Ecclesfield,,E08000019,Sheffield,3643
E05010867,Ecclesall,,E08000019,Sheffield,3644
E05010868,Firth Park,,E08000019,Sheffield,3645
E05010869,Fulwood,,E08000019,Sheffield,3646
E05010870,Gleadless Valley,,E08000019,Sheffield,3647
E05010871,Graves Park,,E08000019,Sheffield,3648
E05010872,Hillsborough,,E08000019,Sheffield,3649
E05010873,Manor Castle,,E08000019,Sheffield,3650
E05010748,Wheatley Hills & Intake,,E08000017,Doncaster,3651
E05010755,Blunsdon and Highworth,,E06000030,Swindon,3652
E05010756,Haydon Wick,,E06000030,Swindon,3653
E05010757,Penhill and Upper Stratton,,E06000030,Swindon,3654
E05010758,Admirals and Cawston,,E07000220,Rugby,3655
E05010759,Dunsmore,,E07000220,Rugby,3656
E05010760,Wolston and the Lawfords,,E07000220,Rugby,3657
E05010781,Chadlington and Churchill,,E07000181,West Oxfordshire,3658
E05010782,Charlbury and Finstock,,E07000181,West Oxfordshire,3659
E05010783,"Hailey, Minster Lovell and Leafield",,E07000181,West Oxfordshire,3660
E05010784,Abbey,,E07000138,Lincoln,3661
E05010926,Bicester North and Caversfield,,E07000177,Cherwell,3662
E05010785,Birchwood,,E07000138,Lincoln,3663
E05010786,Boultham,,E07000138,Lincoln,3664
E05010787,Carholme,,E07000138,Lincoln,3665
E05010788,Castle,,E07000138,Lincoln,3666
E05010789,Glebe,,E07000138,Lincoln,3667
E05010790,Hartsholme,,E07000138,Lincoln,3668
E05010791,Minster,,E07000138,Lincoln,3669
E05010792,Moorland,,E07000138,Lincoln,3670
E05010793,Park,,E07000138,Lincoln,3671
E05010794,Witham,,E07000138,Lincoln,3672
E05010795,Byfleet and West Byfleet,,E07000217,Woking,3673
E05010796,Canalside,,E07000217,Woking,3674
E05010797,Goldsworth Park,,E07000217,Woking,3675
E05010798,Heathlands,,E07000217,Woking,3676
E05010799,Hoe Valley,,E07000217,Woking,3677
E05010800,Horsell,,E07000217,Woking,3678
E05010801,Knaphill,,E07000217,Woking,3679
E05010802,Mount Hermon,,E07000217,Woking,3680
E05010803,Pyrford,,E07000217,Woking,3681
E05010804,St John's,,E07000217,Woking,3682
E05010805,Barnack,,E06000031,Peterborough,3683
E05010806,Bretton,,E06000031,Peterborough,3684
E05010807,Central,,E06000031,Peterborough,3685
E05010808,Dogsthorpe,,E06000031,Peterborough,3686
E05010809,East,,E06000031,Peterborough,3687
E05010810,"Eye, Thorney and Newborough",,E06000031,Peterborough,3688
E05010811,Fletton and Stanground,,E06000031,Peterborough,3689
E05010812,Fletton and Woodston,,E06000031,Peterborough,3690
E05010813,Glinton and Castor,,E06000031,Peterborough,3691
E05010814,Gunthorpe,,E06000031,Peterborough,3692
E05010815,Hampton Vale,,E06000031,Peterborough,3693
E05010816,Hargate and Hempsted,,E06000031,Peterborough,3694
E05010817,North,,E06000031,Peterborough,3695
E05010818,Orton Longueville,,E06000031,Peterborough,3696
E05010819,Orton Waterville,,E06000031,Peterborough,3697
E05010820,Park,,E06000031,Peterborough,3698
E05010821,Paston and Walton,,E06000031,Peterborough,3699
E05010822,Ravensthorpe,,E06000031,Peterborough,3700
E05010823,Stanground South,,E06000031,Peterborough,3701
E05011142,Handsworth,,E08000025,Birmingham,3702
E05011143,Handsworth Wood,,E08000025,Birmingham,3703
E05011144,Harborne,,E08000025,Birmingham,3704
E05011145,Heartlands,,E08000025,Birmingham,3705
E05011146,Highter's Heath,,E08000025,Birmingham,3706
E05011147,Holyhead,,E08000025,Birmingham,3707
E05011148,King's Norton North,,E08000025,Birmingham,3708
E05011149,King's Norton South,,E08000025,Birmingham,3709
E05011150,Kingstanding,,E08000025,Birmingham,3710
E05011151,Ladywood,,E08000025,Birmingham,3711
E05011152,Longbridge & West Heath,,E08000025,Birmingham,3712
E05011153,Lozells,,E08000025,Birmingham,3713
E05011154,Moseley,,E08000025,Birmingham,3714
E05011155,Nechells,,E08000025,Birmingham,3715
E05011156,Newtown,,E08000025,Birmingham,3716
E05011157,North Edgbaston,,E08000025,Birmingham,3717
E05011158,Northfield,,E08000025,Birmingham,3718
E05011159,Oscott,,E08000025,Birmingham,3719
E05011160,Perry Barr,,E08000025,Birmingham,3720
E05011161,Perry Common,,E08000025,Birmingham,3721
E05011162,Pype Hayes,,E08000025,Birmingham,3722
E05011163,Quinton,,E08000025,Birmingham,3723
E05011164,Rubery & Rednal,,E08000025,Birmingham,3724
E05011165,Shard End,,E08000025,Birmingham,3725
E05011166,Sheldon,,E08000025,Birmingham,3726
E05011167,Small Heath,,E08000025,Birmingham,3727
E05011168,Soho & Jewellery Quarter,,E08000025,Birmingham,3728
E05011169,South Yardley,,E08000025,Birmingham,3729
E05011170,Sparkbrook & Balsall Heath East,,E08000025,Birmingham,3730
E05011171,Sparkhill,,E08000025,Birmingham,3731
E05011172,Stirchley,,E08000025,Birmingham,3732
E05011173,Stockland Green,,E08000025,Birmingham,3733
E05011174,Sutton Four Oaks,,E08000025,Birmingham,3734
E05011175,Sutton Mere Green,,E08000025,Birmingham,3735
E05011176,Sutton Reddicap,,E08000025,Birmingham,3736
E05011177,Sutton Roughley,,E08000025,Birmingham,3737
E05011178,Sutton Trinity,,E08000025,Birmingham,3738
E05011179,Sutton Vesey,,E08000025,Birmingham,3739
E05011180,Sutton Walmley & Minworth,,E08000025,Birmingham,3740
E05011181,Sutton Wylde Green,,E08000025,Birmingham,3741
E05011182,Tyseley & Hay Mills,,E08000025,Birmingham,3742
E05011183,Ward End,,E08000025,Birmingham,3743
E05011184,Weoley & Selly Oak,,E08000025,Birmingham,3744
E05011185,Yardley East,,E08000025,Birmingham,3745
E05011186,Yardley West & Stechford,,E08000025,Birmingham,3746
E05011187,Bishopstoke,,E07000086,Eastleigh,3747
E05011188,Botley,,E07000086,Eastleigh,3748
E05011189,Bursledon & Hound North,,E07000086,Eastleigh,3749
E05011190,Chandler's Ford,,E07000086,Eastleigh,3750
E05011191,Eastleigh Central,,E07000086,Eastleigh,3751
E05010928,Bicester West,,E07000177,Cherwell,3752
E05011042,Poulton South,,E06000007,Warrington,3753
E05010874,Mosborough,,E08000019,Sheffield,3754
E05011092,St Martin's,,E06000053,Isles of Scilly,3755
E05010990,Stroud Uplands,,E07000082,Stroud,3756
E05010991,Stroud Valley,,E07000082,Stroud,3757
E05010992,The Stanleys,,E07000082,Stroud,3758
E05010995,Alresford and Itchen Valley,,E07000094,Winchester,3759
E05010996,Badger Farm and Oliver's Battery,,E07000094,Winchester,3760
E05010997,Bishop's Waltham,,E07000094,Winchester,3761
E05010998,Central Meon Valley,,E07000094,Winchester,3762
E05010999,Colden Common and Twyford,,E07000094,Winchester,3763
E05011000,Denmead,,E07000094,Winchester,3764
E05011001,St Barnabas,,E07000094,Winchester,3765
E05011002,St Bartholomew,,E07000094,Winchester,3766
E05011003,St Luke,,E07000094,Winchester,3767
E05011004,St Michael,,E07000094,Winchester,3768
E05011005,St Paul,,E07000094,Winchester,3769
E05011006,Southwick and Wickham,,E07000094,Winchester,3770
E05011007,The Worthys,,E07000094,Winchester,3771
E05011008,Upper Meon Valley,,E07000094,Winchester,3772
E05011009,Whiteley and Shedfield,,E07000094,Winchester,3773
E05011010,Wonston and Micheldever,,E07000094,Winchester,3774
E05010929,"Cropredy, Sibfords and Wroxton",,E07000177,Cherwell,3775
E05011011,Alphington,,E07000041,Exeter,3776
E05011093,St Mary's,,E06000053,Isles of Scilly,3777
E05010930,Deddington,,E07000177,Cherwell,3778
E05011012,Duryard and St James,,E07000041,Exeter,3779
E05011094,Tresco,,E06000053,Isles of Scilly,3780
E05010875,Nether Edge and Sharrow,,E08000019,Sheffield,3781
E05011043,Rixton and Woolston,,E06000007,Warrington,3782
E05010932,Kidlington East,,E07000177,Cherwell,3783
E05011013,Exwick,,E07000041,Exeter,3784
E05011095,Borough & Bankside,,E09000028,Southwark,3785
E05010876,Park and Arbourthorne,,E08000019,Sheffield,3786
E05011044,Stockton Heath,,E06000007,Warrington,3787
E05010933,Kidlington West,,E07000177,Cherwell,3788
E05011014,Heavitree,,E07000041,Exeter,3789
E05011096,Camberwell Green,,E09000028,Southwark,3790
E05010877,Richmond,,E08000019,Sheffield,3791
E05011045,Westbrook,,E06000007,Warrington,3792
E05010934,Launton and Otmoor,,E07000177,Cherwell,3793
E05011015,Mincinglake and Whipton,,E07000041,Exeter,3794
E05011097,Champion Hill,,E09000028,Southwark,3795
E05010878,Shiregreen and Brightside,,E08000019,Sheffield,3796
E05011046,Callowland,,E07000103,Watford,3797
E05010935,Cherryfield,,E08000011,Knowsley,3798
E05011016,Newtown and St Leonard's,,E07000041,Exeter,3799
E05011098,Chaucer,,E09000028,Southwark,3800
E05010879,Southey,,E08000019,Sheffield,3801
E05010880,Stannington,,E08000019,Sheffield,3802
E05010881,Stocksbridge and Upper Don,,E08000019,Sheffield,3803
E05010882,Walkley,,E08000019,Sheffield,3804
E05010883,West Ecclesfield,,E08000019,Sheffield,3805
E05010884,Woodhouse,,E08000019,Sheffield,3806
E05010885,Ashley,,E06000023,"Bristol, City of",3807
E05010886,Avonmouth and Lawrence Weston,,E06000023,"Bristol, City of",3808
E05010887,Bedminster,,E06000023,"Bristol, City of",3809
E05010888,Bishopston and Ashley Down,,E06000023,"Bristol, City of",3810
E05010889,Bishopsworth,,E06000023,"Bristol, City of",3811
E05010890,Brislington East,,E06000023,"Bristol, City of",3812
E05010891,Brislington West,,E06000023,"Bristol, City of",3813
E05010892,Central,,E06000023,"Bristol, City of",3814
E05010893,Clifton,,E06000023,"Bristol, City of",3815
E05010894,Clifton Down,,E06000023,"Bristol, City of",3816
E05010895,Cotham,,E06000023,"Bristol, City of",3817
E05010896,Easton,,E06000023,"Bristol, City of",3818
E05010897,Eastville,,E06000023,"Bristol, City of",3819
E05010898,Filwood,,E06000023,"Bristol, City of",3820
E05010899,Frome Vale,,E06000023,"Bristol, City of",3821
E05010900,Hartcliffe and Withywood,,E06000023,"Bristol, City of",3822
E05010901,Henbury and Brentry,,E06000023,"Bristol, City of",3823
E05010902,Hengrove and Whitchurch Park,,E06000023,"Bristol, City of",3824
E05010903,Hillfields,,E06000023,"Bristol, City of",3825
E05010904,Horfield,,E06000023,"Bristol, City of",3826
E05010905,Hotwells and Harbourside,,E06000023,"Bristol, City of",3827
E05010906,Knowle,,E06000023,"Bristol, City of",3828
E05010907,Lawrence Hill,,E06000023,"Bristol, City of",3829
E05010908,Lockleaze,,E06000023,"Bristol, City of",3830
E05010909,Redland,,E06000023,"Bristol, City of",3831
E05010910,St George Central,,E06000023,"Bristol, City of",3832
E05010911,St George Troopers Hill,,E06000023,"Bristol, City of",3833
E05010912,St George West,,E06000023,"Bristol, City of",3834
E05010913,Southmead,,E06000023,"Bristol, City of",3835
E05010914,Southville,,E06000023,"Bristol, City of",3836
E05010915,Stockwood,,E06000023,"Bristol, City of",3837
E05010916,Stoke Bishop,,E06000023,"Bristol, City of",3838
E05010917,Westbury-on-Trym and Henleaze,,E06000023,"Bristol, City of",3839
E05010918,Windmill Hill,,E06000023,"Bristol, City of",3840
E05010921,Banbury Cross and Neithrop,,E07000177,Cherwell,3841
E05010922,Banbury Grimsbury and Hightown,,E07000177,Cherwell,3842
E05010923,Banbury Hardwick,,E07000177,Cherwell,3843
E05010924,Banbury Ruscote,,E07000177,Cherwell,3844
E05010925,Bicester East,,E07000177,Cherwell,3845
E05010936,Halewood North,,E08000011,Knowsley,3846
E05011047,Central,,E07000103,Watford,3847
E05011017,Pennsylvania,,E07000041,Exeter,3848
E05010937,Halewood South,,E08000011,Knowsley,3849
E05011048,Holywell,,E07000103,Watford,3850
E05011018,Pinhoe,,E07000041,Exeter,3851
E05011099,Dulwich Hill,,E09000028,Southwark,3852
E05010938,Northwood,,E08000011,Knowsley,3853
E05011049,Leggatts,,E07000103,Watford,3854
E05011019,Priory,,E07000041,Exeter,3855
E05011100,Dulwich Village,,E09000028,Southwark,3856
E05010939,Page Moss,,E08000011,Knowsley,3857
E05011050,Meriden,,E07000103,Watford,3858
E05011020,St David's,,E07000041,Exeter,3859
E05011101,Dulwich Wood,,E09000028,Southwark,3860
E05010940,Prescot North,,E08000011,Knowsley,3861
E05011051,Nascot,,E07000103,Watford,3862
E05011021,St Loyes,,E07000041,Exeter,3863
E05011102,Faraday,,E09000028,Southwark,3864
E05011103,Goose Green,,E09000028,Southwark,3865
E05011104,London Bridge & West Bermondsey,,E09000028,Southwark,3866
E05011105,Newington,,E09000028,Southwark,3867
E05011106,North Bermondsey,,E09000028,Southwark,3868
E05011107,North Walworth,,E09000028,Southwark,3869
E05011108,Nunhead & Queen's Road,,E09000028,Southwark,3870
E05011109,Old Kent Road,,E09000028,Southwark,3871
E05011110,Peckham,,E09000028,Southwark,3872
E05011111,Peckham Rye,,E09000028,Southwark,3873
E05011112,Rotherhithe,,E09000028,Southwark,3874
E05011113,Rye Lane,,E09000028,Southwark,3875
E05011114,St George's,,E09000028,Southwark,3876
E05011115,St Giles,,E09000028,Southwark,3877
E05011116,South Bermondsey,,E09000028,Southwark,3878
E05011117,Surrey Docks,,E09000028,Southwark,3879
E05011118,Acocks Green,,E08000025,Birmingham,3880
E05011119,Allens Cross,,E08000025,Birmingham,3881
E05011120,Alum Rock,,E08000025,Birmingham,3882
E05011121,Aston,,E08000025,Birmingham,3883
E05011122,Balsall Heath West,,E08000025,Birmingham,3884
E05011123,Bartley Green,,E08000025,Birmingham,3885
E05011124,Billesley,,E08000025,Birmingham,3886
E05011125,Birchfield,,E08000025,Birmingham,3887
E05011126,Bordesley & Highgate,,E08000025,Birmingham,3888
E05011127,Bordesley Green,,E08000025,Birmingham,3889
E05011128,Bournbrook & Selly Park,,E08000025,Birmingham,3890
E05011129,Bournville & Cotteridge,,E08000025,Birmingham,3891
E05011130,Brandwood & King's Heath,,E08000025,Birmingham,3892
E05011131,Bromford & Hodge Hill,,E08000025,Birmingham,3893
E05011132,Castle Vale,,E08000025,Birmingham,3894
E05011133,Druids Heath & Monyhull,,E08000025,Birmingham,3895
E05011134,Edgbaston,,E08000025,Birmingham,3896
E05011135,Erdington,,E08000025,Birmingham,3897
E05011136,Frankley Great Park,,E08000025,Birmingham,3898
E05011137,Garretts Green,,E08000025,Birmingham,3899
E05011138,Glebe Farm & Tile Cross,,E08000025,Birmingham,3900
E05011139,Gravelly Hill,,E08000025,Birmingham,3901
E05011140,Hall Green North,,E08000025,Birmingham,3902
E05011141,Hall Green South,,E08000025,Birmingham,3903
E05010941,Prescot South,,E08000011,Knowsley,3904
E05011052,Oxhey,,E07000103,Watford,3905
E05010942,Roby,,E08000011,Knowsley,3906
E05010943,Shevington,,E08000011,Knowsley,3907
E05011053,Park,,E07000103,Watford,3908
E05010944,St Gabriels,,E08000011,Knowsley,3909
E05011022,St Thomas,,E07000041,Exeter,3910
E05011054,Stanborough,,E07000103,Watford,3911
E05010945,St Michaels,,E08000011,Knowsley,3912
E05011023,Topsham,,E07000041,Exeter,3913
E05011055,Tudor,,E07000103,Watford,3914
E05010946,Stockbridge,,E08000011,Knowsley,3915
E05011024,Appleton,,E06000007,Warrington,3916
E05011056,Vicarage,,E07000103,Watford,3917
E05010947,Swanside,,E08000011,Knowsley,3918
E05011025,Bewsey and Whitecross,,E06000007,Warrington,3919
E05011057,Woodside,,E07000103,Watford,3920
E05010948,Whiston and Cronton,,E08000011,Knowsley,3921
E05011026,Birchwood,,E06000007,Warrington,3922
E05011058,Brookmans Park and Little Heath,,E07000241,Welwyn Hatfield,3923
E05010949,Whitefield,,E08000011,Knowsley,3924
E05011027,Burtonwood and Winwick,,E06000007,Warrington,3925
E05011059,Haldens,,E07000241,Welwyn Hatfield,3926
E05010950,Abbeydale,,E07000081,Gloucester,3927
E05011028,Chapelford and Old Hall,,E06000007,Warrington,3928
E05011060,Handside,,E07000241,Welwyn Hatfield,3929
E05010951,Abbeymead,,E07000081,Gloucester,3930
E05011029,"Culcheth, Glazebury and Croft",,E06000007,Warrington,3931
E05011030,Fairfield and Howley,,E06000007,Warrington,3932
E05011031,Grappenhall,,E06000007,Warrington,3933
E05011032,Great Sankey North and Whittle Hall,,E06000007,Warrington,3934
E05011033,Great Sankey South,,E06000007,Warrington,3935
E05011034,Latchford East,,E06000007,Warrington,3936
E05011035,Latchford West,,E06000007,Warrington,3937
E05011036,Lymm North and Thelwall,,E06000007,Warrington,3938
E05011037,Lymm South,,E06000007,Warrington,3939
E05011038,Orford,,E06000007,Warrington,3940
E05011039,Penketh and Cuerdley,,E06000007,Warrington,3941
E05011040,Poplars and Hulme,,E06000007,Warrington,3942
E05011041,Poulton North,,E06000007,Warrington,3943
E05010952,Barnwood,,E07000081,Gloucester,3944
E05011061,Hatfield Central,,E07000241,Welwyn Hatfield,3945
E05010953,Barton and Tredworth,,E07000081,Gloucester,3946
E05011062,Hatfield East,,E07000241,Welwyn Hatfield,3947
E05010954,Coney Hill,,E07000081,Gloucester,3948
E05011063,Hatfield South West,,E07000241,Welwyn Hatfield,3949
E05010955,Elmbridge,,E07000081,Gloucester,3950
E05011064,Hatfield Villages,,E07000241,Welwyn Hatfield,3951
E05010956,Grange,,E07000081,Gloucester,3952
E05011065,Hollybush,,E07000241,Welwyn Hatfield,3953
E05010957,Hucclecote,,E07000081,Gloucester,3954
E05011066,Howlands,,E07000241,Welwyn Hatfield,3955
E05010958,Kingsholm and Wotton,,E07000081,Gloucester,3956
E05011067,Northaw and Cuffley,,E07000241,Welwyn Hatfield,3957
E05010959,Kingsway,,E07000081,Gloucester,3958
E05011068,Panshanger,,E07000241,Welwyn Hatfield,3959
E05010960,Longlevens,,E07000081,Gloucester,3960
E05011069,Peartree,,E07000241,Welwyn Hatfield,3961
E05010961,"Matson, Robinswood and White City",,E07000081,Gloucester,3962
E05011070,Sherrards,,E07000241,Welwyn Hatfield,3963
E05010962,Moreland,,E07000081,Gloucester,3964
E05011071,Welham Green and Hatfield South,,E07000241,Welwyn Hatfield,3965
E05010963,Podsmead,,E07000081,Gloucester,3966
E05011072,Welwyn East,,E07000241,Welwyn Hatfield,3967
E05010964,Quedgeley Fieldcourt,,E07000081,Gloucester,3968
E05011073,Welwyn West,,E07000241,Welwyn Hatfield,3969
E05010965,Quedgeley Severn Vale,,E07000081,Gloucester,3970
E05011074,Claygate,,E07000207,Elmbridge,3971
E05010966,Tuffley,,E07000081,Gloucester,3972
E05011075,Cobham and Downside,,E07000207,Elmbridge,3973
E05010967,Westgate,,E07000081,Gloucester,3974
E05011076,Esher,,E07000207,Elmbridge,3975
E05010969,Berkeley Vale,,E07000082,Stroud,3976
E05011077,Hersham Village,,E07000207,Elmbridge,3977
E05010972,Cam East,,E07000082,Stroud,3978
E05011078,Hinchley Wood and Weston Green,,E07000207,Elmbridge,3979
E05010973,Cam West,,E07000082,Stroud,3980
E05011079,Long Ditton,,E07000207,Elmbridge,3981
E05010975,Coaley and Uley,,E07000082,Stroud,3982
E05011080,Molesey East,,E07000207,Elmbridge,3983
E05010976,Dursley,,E07000082,Stroud,3984
E05011081,Molesey West,,E07000207,Elmbridge,3985
E05010981,Painswick and Upton,,E07000082,Stroud,3986
E05011082,Oatlands and Burwood Park,,E07000207,Elmbridge,3987
E05010982,"Randwick, Whiteshill and Ruscombe",,E07000082,Stroud,3988
E05011083,Oxshott and Stoke D'Abernon,,E07000207,Elmbridge,3989
E05010986,Stroud Central,,E07000082,Stroud,3990
E05011084,Thames Ditton,,E07000207,Elmbridge,3991
E05010987,Stroud Farmhill and Paganhill,,E07000082,Stroud,3992
E05011085,Walton Central,,E07000207,Elmbridge,3993
E05010988,Stroud Slade,,E07000082,Stroud,3994
E05011086,Walton North,,E07000207,Elmbridge,3995
E05011087,Walton South,,E07000207,Elmbridge,3996
E05011088,Weybridge Riverside,,E07000207,Elmbridge,3997
E05011089,Weybridge St George's Hill,,E07000207,Elmbridge,3998
E05011090,Bryher,,E06000053,Isles of Scilly,3999
E05011091,St Agnes,,E06000053,Isles of Scilly,4000
E05011295,Hardwick,,E07000012,South Cambridgeshire,4001
E05011296,Harston & Comberton,,E07000012,South Cambridgeshire,4002
E05011297,Histon & Impington,,E07000012,South Cambridgeshire,4003
E05011298,Linton,,E07000012,South Cambridgeshire,4004
E05011300,Melbourn,,E07000012,South Cambridgeshire,4005
E05011301,Milton & Waterbeach,,E07000012,South Cambridgeshire,4006
E05011304,Shelford,,E07000012,South Cambridgeshire,4007
E05011305,Swavesey,,E07000012,South Cambridgeshire,4008
E05011306,The Mordens,,E07000012,South Cambridgeshire,4009
E05011307,Whittlesford,,E07000012,South Cambridgeshire,4010
E05011348,"Adderbury, Bloxham and Bodicote",,E07000177,Cherwell,4011
E05011349,Banbury Calthorpe and Easington,,E07000177,Cherwell,4012
E05011350,Ancoats & Beswick,,E08000003,Manchester,4013
E05011351,Ardwick,,E08000003,Manchester,4014
E05011352,Baguley,,E08000003,Manchester,4015
E05011353,Brooklands,,E08000003,Manchester,4016
E05011354,Burnage,,E08000003,Manchester,4017
E05011355,Charlestown,,E08000003,Manchester,4018
E05011356,Cheetham,,E08000003,Manchester,4019
E05011357,Chorlton,,E08000003,Manchester,4020
E05011358,Chorlton Park,,E08000003,Manchester,4021
E05011359,Clayton & Openshaw,,E08000003,Manchester,4022
E05011360,Crumpsall,,E08000003,Manchester,4023
E05011361,Deansgate,,E08000003,Manchester,4024
E05011362,Didsbury East,,E08000003,Manchester,4025
E05011363,Didsbury West,,E08000003,Manchester,4026
E05011364,Fallowfield,,E08000003,Manchester,4027
E05011365,Gorton & Abbey Hey,,E08000003,Manchester,4028
E05011366,Harpurhey,,E08000003,Manchester,4029
E05011367,Higher Blackley,,E08000003,Manchester,4030
E05011368,Hulme,,E08000003,Manchester,4031
E05011369,Levenshulme,,E08000003,Manchester,4032
E05011370,Longsight,,E08000003,Manchester,4033
E05011371,Miles Platting & Newton Heath,,E08000003,Manchester,4034
E05011372,Moss Side,,E08000003,Manchester,4035
E05011373,Moston,,E08000003,Manchester,4036
E05011374,Northenden,,E08000003,Manchester,4037
E05011375,Old Moat,,E08000003,Manchester,4038
E05011376,Piccadilly,,E08000003,Manchester,4039
E05011377,Rusholme,,E08000003,Manchester,4040
E05011378,Sharston,,E08000003,Manchester,4041
E05011379,Whalley Range,,E08000003,Manchester,4042
E05011380,Withington,,E08000003,Manchester,4043
E05011381,Woodhouse Park,,E08000003,Manchester,4044
E05011384,Ardsley & Robin Hood,,E08000035,Leeds,4045
E05011385,Armley,,E08000035,Leeds,4046
E05011387,Bramley & Stanningley,,E08000035,Leeds,4047
E05011388,Burmantofts & Richmond Hill,,E08000035,Leeds,4048
E05011389,Calverley & Farsley,,E08000035,Leeds,4049
E05011390,Chapel Allerton,,E08000035,Leeds,4050
E05011192,Eastleigh North,,E07000086,Eastleigh,4051
E05011193,Eastleigh South,,E07000086,Eastleigh,4052
E05011194,Fair Oak & Horton Heath,,E07000086,Eastleigh,4053
E05011195,Hamble & Netley,,E07000086,Eastleigh,4054
E05011196,Hedge End North,,E07000086,Eastleigh,4055
E05011197,Hedge End South,,E07000086,Eastleigh,4056
E05011198,Hiltingbury,,E07000086,Eastleigh,4057
E05011391,Cross Gates & Whinmoor,,E08000035,Leeds,4058
E05011199,West End North,,E07000086,Eastleigh,4059
E05011200,West End South,,E07000086,Eastleigh,4060
E05011201,Ashdown,,E07000062,Hastings,4061
E05011202,Baird,,E07000062,Hastings,4062
E05011203,Braybrooke,,E07000062,Hastings,4063
E05011204,Castle,,E07000062,Hastings,4064
E05011205,Central St Leonards,,E07000062,Hastings,4065
E05011206,Conquest,,E07000062,Hastings,4066
E05011207,Gensing,,E07000062,Hastings,4067
E05011208,Hollington,,E07000062,Hastings,4068
E05011209,Maze Hill,,E07000062,Hastings,4069
E05011210,Old Hastings,,E07000062,Hastings,4070
E05011211,Ore,,E07000062,Hastings,4071
E05011212,St Helens,,E07000062,Hastings,4072
E05011213,Silverhill,,E07000062,Hastings,4073
E05011214,Tressell,,E07000062,Hastings,4074
E05011215,West St Leonards,,E07000062,Hastings,4075
E05011216,Wishing Tree,,E07000062,Hastings,4076
E05011217,Barnehurst,,E09000004,Bexley,4077
E05011218,Belvedere,,E09000004,Bexley,4078
E05011219,Bexleyheath,,E09000004,Bexley,4079
E05011220,Blackfen & Lamorbey,,E09000004,Bexley,4080
E05011221,Blendon & Penhill,,E09000004,Bexley,4081
E05011222,Crayford,,E09000004,Bexley,4082
E05011223,Crook Log,,E09000004,Bexley,4083
E05011224,East Wickham,,E09000004,Bexley,4084
E05011225,Erith,,E09000004,Bexley,4085
E05011226,Falconwood & Welling,,E09000004,Bexley,4086
E05011227,Longlands,,E09000004,Bexley,4087
E05011228,Northumberland Heath,,E09000004,Bexley,4088
E05011229,St Mary's & St James,,E09000004,Bexley,4089
E05011230,Sidcup,,E09000004,Bexley,4090
E05011231,Slade Green & Northend,,E09000004,Bexley,4091
E05011232,Thamesmead East,,E09000004,Bexley,4092
E05011233,West Heath,,E09000004,Bexley,4093
E05011234,Aldborough,,E09000026,Redbridge,4094
E05011235,Barkingside,,E09000026,Redbridge,4095
E05011236,Bridge,,E09000026,Redbridge,4096
E05011237,Chadwell,,E09000026,Redbridge,4097
E05011238,Churchfields,,E09000026,Redbridge,4098
E05011239,Clayhall,,E09000026,Redbridge,4099
E05011240,Clementswood,,E09000026,Redbridge,4100
E05011241,Cranbrook,,E09000026,Redbridge,4101
E05011620,Robertsbridge,,E07000064,Rother,4102
E05011621,Rye & Winchelsea,,E07000064,Rother,4103
E05011622,Sedlescombe & Westfield,,E07000064,Rother,4104
E05011623,South Battle & Telham,,E07000064,Rother,4105
E05011624,Southern Rother,,E07000064,Rother,4106
E05011625,Arlington,,E07000065,Wealden,4107
E05011626,Buxted,,E07000065,Wealden,4108
E05011627,"Chiddingly, East Hoathly & Waldron",,E07000065,Wealden,4109
E05011628,Crowborough Central,,E07000065,Wealden,4110
E05011629,Crowborough Jarvis Brook,,E07000065,Wealden,4111
E05011630,Crowborough North,,E07000065,Wealden,4112
E05011631,Crowborough South East,,E07000065,Wealden,4113
E05011632,Crowborough South West,,E07000065,Wealden,4114
E05011633,Crowborough St Johns,,E07000065,Wealden,4115
E05011634,Danehill & Fletching,,E07000065,Wealden,4116
E05011635,Forest Row,,E07000065,Wealden,4117
E05011636,Framfield & Cross-in-Hand,,E07000065,Wealden,4118
E05011637,Frant & Wadhurst,,E07000065,Wealden,4119
E05011638,Hadlow Down & Rotherfield,,E07000065,Wealden,4120
E05011639,Hailsham Central,,E07000065,Wealden,4121
E05011640,Hailsham East,,E07000065,Wealden,4122
E05011641,Hailsham North,,E07000065,Wealden,4123
E05011642,Hailsham North West,,E07000065,Wealden,4124
E05011643,Hailsham South,,E07000065,Wealden,4125
E05011644,Hailsham West,,E07000065,Wealden,4126
E05011645,Hartfield,,E07000065,Wealden,4127
E05011646,Heathfield North,,E07000065,Wealden,4128
E05011647,Heathfield South,,E07000065,Wealden,4129
E05011648,Hellingly,,E07000065,Wealden,4130
E05011649,Herstmonceux & Pevensey Levels,,E07000065,Wealden,4131
E05011650,Horam & Punnetts Town,,E07000065,Wealden,4132
E05011651,Lower Willingdon,,E07000065,Wealden,4133
E05011652,Maresfield,,E07000065,Wealden,4134
E05011653,Mayfield & Five Ashes,,E07000065,Wealden,4135
E05011654,Pevensey Bay,,E07000065,Wealden,4136
E05011655,Polegate Central,,E07000065,Wealden,4137
E05011656,Polegate North,,E07000065,Wealden,4138
E05011657,Polegate South & Willingdon Watermill,,E07000065,Wealden,4139
E05011658,South Downs,,E07000065,Wealden,4140
E05011659,Stone Cross,,E07000065,Wealden,4141
E05011660,Uckfield East,,E07000065,Wealden,4142
E05011661,Uckfield New Town,,E07000065,Wealden,4143
E05011662,Uckfield North,,E07000065,Wealden,4144
E05011663,Uckfield Ridgewood & Little Horsted,,E07000065,Wealden,4145
E05011664,Upper Willingdon,,E07000065,Wealden,4146
E05011665,Withyham,,E07000065,Wealden,4147
E05011666,Chichester Central,,E07000225,Chichester,4148
E05011667,Chichester East,,E07000225,Chichester,4149
E05011668,Chichester North,,E07000225,Chichester,4150
E05011669,Chichester South,,E07000225,Chichester,4151
E05011446,Fawdon & West Gosforth,,E08000021,Newcastle upon Tyne,4152
E05011570,Soham South,,E07000009,East Cambridgeshire,4153
E05011394,Gipton & Harehills,,E08000035,Leeds,4154
E05011571,Stretham,,E07000009,East Cambridgeshire,4155
E05011572,Sutton,,E07000009,East Cambridgeshire,4156
E05011573,Woodditton,,E07000009,East Cambridgeshire,4157
E05011574,Devonshire,,E07000061,Eastbourne,4158
E05011575,Hampden Park,,E07000061,Eastbourne,4159
E05011576,Langney,,E07000061,Eastbourne,4160
E05011577,Meads,,E07000061,Eastbourne,4161
E05011578,Old Town,,E07000061,Eastbourne,4162
E05011579,Ratton,,E07000061,Eastbourne,4163
E05011580,St Anthony's,,E07000061,Eastbourne,4164
E05011581,Sovereign,,E07000061,Eastbourne,4165
E05011582,Upperton,,E07000061,Eastbourne,4166
E05011583,"Chailey, Barcombe & Hamsey",,E07000063,Lewes,4167
E05011584,Ditchling & Westmeston,,E07000063,Lewes,4168
E05011585,East Saltdean & Telscombe Cliffs,,E07000063,Lewes,4169
E05011586,Kingston,,E07000063,Lewes,4170
E05011587,Lewes Bridge,,E07000063,Lewes,4171
E05011588,Lewes Castle,,E07000063,Lewes,4172
E05011589,Lewes Priory,,E07000063,Lewes,4173
E05011590,Newhaven North,,E07000063,Lewes,4174
E05011591,Newhaven South,,E07000063,Lewes,4175
E05011592,Newick,,E07000063,Lewes,4176
E05011593,Ouse Valley & Ringmer,,E07000063,Lewes,4177
E05011395,Guiseley & Rawdon,,E08000035,Leeds,4178
E05011594,Peacehaven East,,E07000063,Lewes,4179
E05011447,Gosforth,,E08000021,Newcastle upon Tyne,4180
E05011396,Harewood,,E08000035,Leeds,4181
E05011595,Peacehaven North,,E07000063,Lewes,4182
E05011448,Heaton,,E08000021,Newcastle upon Tyne,4183
E05011397,Headingley & Hyde Park,,E08000035,Leeds,4184
E05011596,Peacehaven West,,E07000063,Lewes,4185
E05011449,Kenton,,E08000021,Newcastle upon Tyne,4186
E05011399,Hunslet & Riverside,,E08000035,Leeds,4187
E05011597,"Plumpton, Streat, East Chiltington & St John",,E07000063,Lewes,4188
E05011450,Kingston Park South & Newbiggin Hall,,E08000021,Newcastle upon Tyne,4189
E05011242,Fairlop,,E09000026,Redbridge,4190
E05011514,Darwen East,,E06000008,Blackburn with Darwen,4191
E05011400,Killingbeck & Seacroft,,E08000035,Leeds,4192
E05011598,Seaford Central,,E07000063,Lewes,4193
E05011451,Lemington,,E08000021,Newcastle upon Tyne,4194
E05011243,Fullwell,,E09000026,Redbridge,4195
E05011515,Darwen South,,E06000008,Blackburn with Darwen,4196
E05011244,Goodmayes,,E09000026,Redbridge,4197
E05011401,Kippax & Methley,,E08000035,Leeds,4198
E05011245,Hainault,,E09000026,Redbridge,4199
E05011599,Seaford East,,E07000063,Lewes,4200
E05011452,Manor Park,,E08000021,Newcastle upon Tyne,4201
E05011402,Kirkstall,,E08000035,Leeds,4202
E05011600,Seaford North,,E07000063,Lewes,4203
E05011246,Ilford Town,,E09000026,Redbridge,4204
E05011516,Darwen West,,E06000008,Blackburn with Darwen,4205
E05011403,Little London & Woodhouse,,E08000035,Leeds,4206
E05011517,Ewood,,E06000008,Blackburn with Darwen,4207
E05011247,Loxford,,E09000026,Redbridge,4208
E05011601,Seaford South,,E07000063,Lewes,4209
E05011404,Middleton Park,,E08000035,Leeds,4210
E05011518,Little Harwood & Whitebirk,,E06000008,Blackburn with Darwen,4211
E05011248,Mayfield,,E09000026,Redbridge,4212
E05011602,Seaford West,,E07000063,Lewes,4213
E05011453,Monument,,E08000021,Newcastle upon Tyne,4214
E05011405,Moortown,,E08000035,Leeds,4215
E05011519,Livesey with Pleasington,,E06000008,Blackburn with Darwen,4216
E05011249,Monkhams,,E09000026,Redbridge,4217
E05011603,Wivelsfield,,E07000063,Lewes,4218
E05011454,North Jesmond,,E08000021,Newcastle upon Tyne,4219
E05011406,Morley North,,E08000035,Leeds,4220
E05011520,Mill Hill & Moorgate,,E06000008,Blackburn with Darwen,4221
E05011250,Newbury,,E09000026,Redbridge,4222
E05011604,Bexhill Central,,E07000064,Rother,4223
E05011455,Ouseburn,,E08000021,Newcastle upon Tyne,4224
E05011407,Morley South,,E08000035,Leeds,4225
E05011521,Roe Lee,,E06000008,Blackburn with Darwen,4226
E05011251,Seven Kings,,E09000026,Redbridge,4227
E05011605,Bexhill Collington,,E07000064,Rother,4228
E05011456,Parklands,,E08000021,Newcastle upon Tyne,4229
E05011409,Pudsey,,E08000035,Leeds,4230
E05011522,Shear Brow & Corporation Park,,E06000008,Blackburn with Darwen,4231
E05011252,South Woodford,,E09000026,Redbridge,4232
E05011606,Bexhill Kewhurst,,E07000064,Rother,4233
E05011457,South Jesmond,,E08000021,Newcastle upon Tyne,4234
E05011410,Rothwell,,E08000035,Leeds,4235
E05011523,Wensley Fold,,E06000008,Blackburn with Darwen,4236
E05011253,Valentines,,E09000026,Redbridge,4237
E05011607,Bexhill Old Town & Worsham,,E07000064,Rother,4238
E05011458,Walker,,E08000021,Newcastle upon Tyne,4239
E05011411,Roundhay,,E08000035,Leeds,4240
E05011524,West Pennine,,E06000008,Blackburn with Darwen,4241
E05011254,Wanstead Park,,E09000026,Redbridge,4242
E05011608,Bexhill Pebsham & St Michaels,,E07000064,Rother,4243
E05011459,Walkergate,,E08000021,Newcastle upon Tyne,4244
E05011413,Weetwood,,E08000035,Leeds,4245
E05011525,Avenue,,E06000010,"Kingston upon Hull, City of",4246
E05011255,Wanstead Village,,E09000026,Redbridge,4247
E05011609,Bexhill Sackville,,E07000064,Rother,4248
E05011460,West Fenham,,E08000021,Newcastle upon Tyne,4249
E05011414,Wetherby,,E08000035,Leeds,4250
E05011526,Beverley & Newland,,E06000010,"Kingston upon Hull, City of",4251
E05011256,Alconbury,,E07000011,Huntingdonshire,4252
E05011610,Bexhill Sidley,,E07000064,Rother,4253
E05011461,Wingrove,,E08000021,Newcastle upon Tyne,4254
E05011415,Audley,,E07000195,Newcastle-under-Lyme,4255
E05011527,Boothferry,,E06000010,"Kingston upon Hull, City of",4256
E05011257,Brampton,,E07000011,Huntingdonshire,4257
E05011611,Bexhill St Marks,,E07000064,Rother,4258
E05011462,Addiscombe East,,E09000008,Croydon,4259
E05011416,Bradwell,,E07000195,Newcastle-under-Lyme,4260
E05011528,Bricknell,,E06000010,"Kingston upon Hull, City of",4261
E05011529,Central,,E06000010,"Kingston upon Hull, City of",4262
E05011530,Derringham,,E06000010,"Kingston upon Hull, City of",4263
E05011531,Drypool,,E06000010,"Kingston upon Hull, City of",4264
E05011532,Holderness,,E06000010,"Kingston upon Hull, City of",4265
E05011533,Ings,,E06000010,"Kingston upon Hull, City of",4266
E05011534,Kingswood,,E06000010,"Kingston upon Hull, City of",4267
E05011535,Longhill & Bilton Grange,,E06000010,"Kingston upon Hull, City of",4268
E05011536,Marfleet,,E06000010,"Kingston upon Hull, City of",4269
E05011537,Newington & Gipsyville,,E06000010,"Kingston upon Hull, City of",4270
E05011538,North Carr,,E06000010,"Kingston upon Hull, City of",4271
E05011539,Orchard Park,,E06000010,"Kingston upon Hull, City of",4272
E05011540,Pickering,,E06000010,"Kingston upon Hull, City of",4273
E05011541,St Andrew's & Docklands,,E06000010,"Kingston upon Hull, City of",4274
E05011542,Southcoates,,E06000010,"Kingston upon Hull, City of",4275
E05011543,Sutton,,E06000010,"Kingston upon Hull, City of",4276
E05011544,University,,E06000010,"Kingston upon Hull, City of",4277
E05011545,West Carr,,E06000010,"Kingston upon Hull, City of",4278
E05011547,Horsforth,,E08000035,Leeds,4279
E05011549,Otley & Yeadon,,E08000035,Leeds,4280
E05011552,Balderton North & Coddington,,E07000175,Newark and Sherwood,4281
E05011553,Beacon,,E07000175,Newark and Sherwood,4282
E05011554,Castle,,E07000175,Newark and Sherwood,4283
E05011555,Farndon & Fernwood,,E07000175,Newark and Sherwood,4284
E05011558,"Brasted, Chevening and Sundridge",,E07000111,Sevenoaks,4285
E05011559,Seal and Weald,,E07000111,Sevenoaks,4286
E05011560,Bottisham,,E07000009,East Cambridgeshire,4287
E05011561,Burwell,,E07000009,East Cambridgeshire,4288
E05011562,Downham Villages,,E07000009,East Cambridgeshire,4289
E05011563,Ely East,,E07000009,East Cambridgeshire,4290
E05011564,Ely North,,E07000009,East Cambridgeshire,4291
E05011565,Ely West,,E07000009,East Cambridgeshire,4292
E05011566,Fordham & Isleham,,E07000009,East Cambridgeshire,4293
E05011567,Haddenham,,E07000009,East Cambridgeshire,4294
E05011568,Littleport,,E07000009,East Cambridgeshire,4295
E05011569,Soham North,,E07000009,East Cambridgeshire,4296
E05011417,Clayton,,E07000195,Newcastle-under-Lyme,4297
E05011418,Crackley & Red Street,,E07000195,Newcastle-under-Lyme,4298
E05011419,Cross Heath,,E07000195,Newcastle-under-Lyme,4299
E05011420,Holditch & Chesterton,,E07000195,Newcastle-under-Lyme,4300
E05011421,Keele,,E07000195,Newcastle-under-Lyme,4301
E05011422,Kidsgrove & Ravenscliffe,,E07000195,Newcastle-under-Lyme,4302
E05011423,Knutton,,E07000195,Newcastle-under-Lyme,4303
E05011424,Loggerheads,,E07000195,Newcastle-under-Lyme,4304
E05011425,Madeley & Betley,,E07000195,Newcastle-under-Lyme,4305
E05011426,Maer & Whitmore,,E07000195,Newcastle-under-Lyme,4306
E05011427,May Bank,,E07000195,Newcastle-under-Lyme,4307
E05011428,Newchapel & Mow Cop,,E07000195,Newcastle-under-Lyme,4308
E05011429,Silverdale,,E07000195,Newcastle-under-Lyme,4309
E05011430,Talke & Butt Lane,,E07000195,Newcastle-under-Lyme,4310
E05011431,Thistleberry,,E07000195,Newcastle-under-Lyme,4311
E05011432,Town,,E07000195,Newcastle-under-Lyme,4312
E05011433,Westbury Park & Northwood,,E07000195,Newcastle-under-Lyme,4313
E05011434,Westlands,,E07000195,Newcastle-under-Lyme,4314
E05011435,Wolstanton,,E07000195,Newcastle-under-Lyme,4315
E05011436,Arthur's Hill,,E08000021,Newcastle upon Tyne,4316
E05011437,Benwell & Scotswood,,E08000021,Newcastle upon Tyne,4317
E05011438,Blakelaw,,E08000021,Newcastle upon Tyne,4318
E05011439,Byker,,E08000021,Newcastle upon Tyne,4319
E05011440,Callerton & Throckley,,E08000021,Newcastle upon Tyne,4320
E05011441,Castle,,E08000021,Newcastle upon Tyne,4321
E05011442,Chapel,,E08000021,Newcastle upon Tyne,4322
E05011443,Dene & South Gosforth,,E08000021,Newcastle upon Tyne,4323
E05011444,Denton & Westerhope,,E08000021,Newcastle upon Tyne,4324
E05011445,Elswick,,E08000021,Newcastle upon Tyne,4325
E05011463,Addiscombe West,,E09000008,Croydon,4326
E05011612,Bexhill St Stephens,,E07000064,Rother,4327
E05011258,Buckden,,E07000011,Huntingdonshire,4328
E05011613,Brede & Udimore,,E07000064,Rother,4329
E05011614,Burwash & the Weald,,E07000064,Rother,4330
E05011615,Catsfield & Crowhurst,,E07000064,Rother,4331
E05011616,Eastern Rother,,E07000064,Rother,4332
E05011617,Hurst Green & Ticehurst,,E07000064,Rother,4333
E05011618,"North Battle, Netherfield & Whatlington",,E07000064,Rother,4334
E05011619,Northern Rother,,E07000064,Rother,4335
E05011259,Fenstanton,,E07000011,Huntingdonshire,4336
E05011260,Godmanchester & Hemingford Abbots,,E07000011,Huntingdonshire,4337
E05011261,Great Paxton,,E07000011,Huntingdonshire,4338
E05011262,Great Staughton,,E07000011,Huntingdonshire,4339
E05011263,Hemingford Grey & Houghton,,E07000011,Huntingdonshire,4340
E05011264,Holywell-cum-Needingworth,,E07000011,Huntingdonshire,4341
E05011265,Huntingdon East,,E07000011,Huntingdonshire,4342
E05011266,Huntingdon North,,E07000011,Huntingdonshire,4343
E05011267,Kimbolton,,E07000011,Huntingdonshire,4344
E05011268,Ramsey,,E07000011,Huntingdonshire,4345
E05011269,St Ives East,,E07000011,Huntingdonshire,4346
E05011270,St Ives South,,E07000011,Huntingdonshire,4347
E05011271,St Ives West,,E07000011,Huntingdonshire,4348
E05011272,St Neots East,,E07000011,Huntingdonshire,4349
E05011273,St Neots Eatons,,E07000011,Huntingdonshire,4350
E05011274,St Neots Eynesbury,,E07000011,Huntingdonshire,4351
E05011275,St Neots Priory Park & Little Paxton,,E07000011,Huntingdonshire,4352
E05011276,Sawtry,,E07000011,Huntingdonshire,4353
E05011277,Somersham,,E07000011,Huntingdonshire,4354
E05011278,"Stilton, Folksworth & Washingley",,E07000011,Huntingdonshire,4355
E05011279,The Stukeleys,,E07000011,Huntingdonshire,4356
E05011280,Warboys,,E07000011,Huntingdonshire,4357
E05011281,Yaxley,,E07000011,Huntingdonshire,4358
E05011282,Balsham,,E07000012,South Cambridgeshire,4359
E05011283,Bar Hill,,E07000012,South Cambridgeshire,4360
E05011284,Barrington,,E07000012,South Cambridgeshire,4361
E05011285,Bassingbourn,,E07000012,South Cambridgeshire,4362
E05011286,Caldecote,,E07000012,South Cambridgeshire,4363
E05011289,Cottenham,,E07000012,South Cambridgeshire,4364
E05011291,Fen Ditton & Fulbourn,,E07000012,South Cambridgeshire,4365
E05011292,Foxton,,E07000012,South Cambridgeshire,4366
E05011293,Gamlingay,,E07000012,South Cambridgeshire,4367
E05011294,Girton,,E07000012,South Cambridgeshire,4368
E05011464,Bensham Manor,,E09000008,Croydon,4369
E05011465,Broad Green,,E09000008,Croydon,4370
E05011466,Coulsdon Town,,E09000008,Croydon,4371
E05011467,Crystal Palace & Upper Norwood,,E09000008,Croydon,4372
E05011468,Fairfield,,E09000008,Croydon,4373
E05011469,Kenley,,E09000008,Croydon,4374
E05011470,New Addington North,,E09000008,Croydon,4375
E05011471,New Addington South,,E09000008,Croydon,4376
E05011472,Norbury & Pollards Hill,,E09000008,Croydon,4377
E05011473,Norbury Park,,E09000008,Croydon,4378
E05011474,Old Coulsdon,,E09000008,Croydon,4379
E05011475,Park Hill & Whitgift,,E09000008,Croydon,4380
E05011476,Purley & Woodcote,,E09000008,Croydon,4381
E05011477,Purley Oaks & Riddlesdown,,E09000008,Croydon,4382
E05011478,Sanderstead,,E09000008,Croydon,4383
E05011479,Selhurst,,E09000008,Croydon,4384
E05011480,Selsdon & Addington Village,,E09000008,Croydon,4385
E05011481,Selsdon Vale & Forestdale,,E09000008,Croydon,4386
E05011482,Shirley North,,E09000008,Croydon,4387
E05011483,Shirley South,,E09000008,Croydon,4388
E05011484,South Croydon,,E09000008,Croydon,4389
E05011485,South Norwood,,E09000008,Croydon,4390
E05011486,Thornton Heath,,E09000008,Croydon,4391
E05011487,Waddon,,E09000008,Croydon,4392
E05011488,West Thornton,,E09000008,Croydon,4393
E05011489,Woodside,,E09000008,Croydon,4394
E05011508,Audley & Queen's Park,,E06000008,Blackburn with Darwen,4395
E05011509,Bastwell & Daisyfield,,E06000008,Blackburn with Darwen,4396
E05011510,Billinge & Beardwood,,E06000008,Blackburn with Darwen,4397
E05011511,Blackburn Central,,E06000008,Blackburn with Darwen,4398
E05011512,Blackburn South & Lower Darwen,,E06000008,Blackburn with Darwen,4399
E05011513,Blackburn South East,,E06000008,Blackburn with Darwen,4400
E05011912,Teign Valley,,E07000045,Teignbridge,4401
E05011913,Teignmouth Central,,E07000045,Teignbridge,4402
E05011914,Teignmouth East,,E07000045,Teignbridge,4403
E05011915,Teignmouth West,,E07000045,Teignbridge,4404
E05011916,Appledore,,E07000046,Torridge,4405
E05011917,Bideford East,,E07000046,Torridge,4406
E05011918,Bideford North,,E07000046,Torridge,4407
E05011919,Bideford South,,E07000046,Torridge,4408
E05011920,Bideford West,,E07000046,Torridge,4409
E05011921,Broadheath,,E07000046,Torridge,4410
E05011922,Great Torrington,,E07000046,Torridge,4411
E05011923,Hartland,,E07000046,Torridge,4412
E05011924,Holsworthy,,E07000046,Torridge,4413
E05011925,Milton & Tamarside,,E07000046,Torridge,4414
E05011926,Monkleigh & Putford,,E07000046,Torridge,4415
E05011927,Northam,,E07000046,Torridge,4416
E05011928,Shebbear & Langtree,,E07000046,Torridge,4417
E05011929,Two Rivers & Three Moors,,E07000046,Torridge,4418
E05011930,Westward Ho!,,E07000046,Torridge,4419
E05011931,Winkleigh,,E07000046,Torridge,4420
E05011932,Alresford & Elmstead,,E07000076,Tendring,4421
E05011933,Ardleigh & Little Bromley,,E07000076,Tendring,4422
E05011934,Bluehouse,,E07000076,Tendring,4423
E05011935,Brightlingsea,,E07000076,Tendring,4424
E05011936,Burrsville,,E07000076,Tendring,4425
E05011937,Cann Hall,,E07000076,Tendring,4426
E05011938,Coppins,,E07000076,Tendring,4427
E05011939,Dovercourt All Saints,,E07000076,Tendring,4428
E05011940,Dovercourt Bay,,E07000076,Tendring,4429
E05011941,Dovercourt Tollgate,,E07000076,Tendring,4430
E05011942,Dovercourt Vines & Parkeston,,E07000076,Tendring,4431
E05011943,Eastcliff,,E07000076,Tendring,4432
E05011944,Frinton,,E07000076,Tendring,4433
E05011945,Harwich & Kingsway,,E07000076,Tendring,4434
E05011946,Homelands,,E07000076,Tendring,4435
E05011947,Kirby Cross,,E07000076,Tendring,4436
E05011948,Kirby-le-Soken & Hamford,,E07000076,Tendring,4437
E05011949,"Lawford, Manningtree & Mistley",,E07000076,Tendring,4438
E05011950,Little Clacton,,E07000076,Tendring,4439
E05011951,Pier,,E07000076,Tendring,4440
E05011952,St Bartholomew's,,E07000076,Tendring,4441
E05011953,St James,,E07000076,Tendring,4442
E05011954,St John's,,E07000076,Tendring,4443
E05011955,St Osyth,,E07000076,Tendring,4444
E05011956,St Paul's,,E07000076,Tendring,4445
E05011957,Stour Valley,,E07000076,Tendring,4446
E05011958,The Bentleys & Frating,,E07000076,Tendring,4447
E05011959,The Oakleys & Wix,,E07000076,Tendring,4448
E05011960,"Thorpe, Beaumont & Great Holland",,E07000076,Tendring,4449
E05011961,Walton,,E07000076,Tendring,4450
E05012012,Hurst Green & Whitewell,,E07000124,Ribble Valley,4451
E05012062,Unstone,,E07000038,North East Derbyshire,4452
E05011860,Suffield Park,,E07000147,North Norfolk,4453
E05011760,"Mersham, Sevington South with Finberry",,E07000105,Ashford,4454
E05011861,The Raynhams,,E07000147,North Norfolk,4455
E05011862,Trunch,,E07000147,North Norfolk,4456
E05011863,Walsingham,,E07000147,North Norfolk,4457
E05011864,Wells with Holkham,,E07000147,North Norfolk,4458
E05011865,Worstead,,E07000147,North Norfolk,4459
E05011866,"Beck Vale, Dickleburgh & Scole",,E07000149,South Norfolk,4460
E05011867,Bressingham & Burston,,E07000149,South Norfolk,4461
E05011868,Brooke,,E07000149,South Norfolk,4462
E05011869,Bunwell,,E07000149,South Norfolk,4463
E05011870,Central Wymondham,,E07000149,South Norfolk,4464
E05011871,Cringleford,,E07000149,South Norfolk,4465
E05011872,Diss & Roydon,,E07000149,South Norfolk,4466
E05011874,Easton,,E07000149,South Norfolk,4467
E05011875,Forncett,,E07000149,South Norfolk,4468
E05011877,Hempnall,,E07000149,South Norfolk,4469
E05011878,Hethersett,,E07000149,South Norfolk,4470
E05011879,Hingham & Deopham,,E07000149,South Norfolk,4471
E05011880,Loddon & Chedgrave,,E07000149,South Norfolk,4472
E05011881,Mulbarton & Stoke Holy Cross,,E07000149,South Norfolk,4473
E05011882,New Costessey,,E07000149,South Norfolk,4474
E05011883,Newton Flotman,,E07000149,South Norfolk,4475
E05011884,North Wymondham,,E07000149,South Norfolk,4476
E05011885,Old Costessey,,E07000149,South Norfolk,4477
E05011886,"Poringland, Framinghams & Trowse",,E07000149,South Norfolk,4478
E05011887,Rockland,,E07000149,South Norfolk,4479
E05011888,South Wymondham,,E07000149,South Norfolk,4480
E05011889,Stratton,,E07000149,South Norfolk,4481
E05011890,Thurlton,,E07000149,South Norfolk,4482
E05011891,Wicklewood,,E07000149,South Norfolk,4483
E05011892,Ambrook,,E07000045,Teignbridge,4484
E05011893,Ashburton & Buckfastleigh,,E07000045,Teignbridge,4485
E05011894,Bishopsteignton,,E07000045,Teignbridge,4486
E05011895,Bovey,,E07000045,Teignbridge,4487
E05011896,Bradley,,E07000045,Teignbridge,4488
E05011897,Buckland & Milber,,E07000045,Teignbridge,4489
E05011898,Bushell,,E07000045,Teignbridge,4490
E05011899,Chudleigh,,E07000045,Teignbridge,4491
E05011900,College,,E07000045,Teignbridge,4492
E05011901,Dawlish North East,,E07000045,Teignbridge,4493
E05011902,Dawlish South West,,E07000045,Teignbridge,4494
E05011903,Haytor,,E07000045,Teignbridge,4495
E05011904,Ipplepen,,E07000045,Teignbridge,4496
E05011905,Kenn Valley,,E07000045,Teignbridge,4497
E05011906,Kenton & Starcross,,E07000045,Teignbridge,4498
E05011907,Kerswell-with-Combe,,E07000045,Teignbridge,4499
E05011908,Kingsteignton East,,E07000045,Teignbridge,4500
E05011909,Kingsteignton West,,E07000045,Teignbridge,4501
E05011910,Moretonhampstead,,E07000045,Teignbridge,4502
E05011911,Shaldon & Stokeinteignhead,,E07000045,Teignbridge,4503
E05011761,Norman,,E07000105,Ashford,4504
E05011762,Park Farm North,,E07000105,Ashford,4505
E05011763,Park Farm South,,E07000105,Ashford,4506
E05012063,Wingerworth,,E07000038,North East Derbyshire,4507
E05011764,Repton,,E07000105,Ashford,4508
E05011810,Woodbury & Lympstone,,E07000040,East Devon,4509
E05011670,Chichester West,,E07000225,Chichester,4510
E05011962,Weeley & Tendring,,E07000076,Tendring,4511
E05012064,Badgeworth,,E07000083,Tewkesbury,4512
E05012065,Brockworth East,,E07000083,Tewkesbury,4513
E05012066,Brockworth West,,E07000083,Tewkesbury,4514
E05012067,Churchdown Brookfield with Hucclecote,,E07000083,Tewkesbury,4515
E05012068,Churchdown St John's,,E07000083,Tewkesbury,4516
E05012069,Cleeve Grange,,E07000083,Tewkesbury,4517
E05012070,Cleeve Hill,,E07000083,Tewkesbury,4518
E05012071,Cleeve St Michael's,,E07000083,Tewkesbury,4519
E05012072,Cleeve West,,E07000083,Tewkesbury,4520
E05012073,Highnam with Haw Bridge,,E07000083,Tewkesbury,4521
E05012074,Innsworth,,E07000083,Tewkesbury,4522
E05012075,Isbourne,,E07000083,Tewkesbury,4523
E05012076,Northway,,E07000083,Tewkesbury,4524
E05012077,Severn Vale North,,E07000083,Tewkesbury,4525
E05012078,Severn Vale South,,E07000083,Tewkesbury,4526
E05012079,Shurdington,,E07000083,Tewkesbury,4527
E05012080,Tewkesbury East,,E07000083,Tewkesbury,4528
E05012081,Tewkesbury North & Twyning,,E07000083,Tewkesbury,4529
E05012082,Tewkesbury South,,E07000083,Tewkesbury,4530
E05012083,Winchcombe,,E07000083,Tewkesbury,4531
E05012085,Andover Downlands,,E07000093,Test Valley,4532
E05012088,Andover Romans,,E07000093,Test Valley,4533
E05012093,Blackwater,,E07000093,Test Valley,4534
E05012097,Harewood,,E07000093,Test Valley,4535
E05012098,Mid Test,,E07000093,Test Valley,4536
E05012100,Romsey Abbey,,E07000093,Test Valley,4537
E05012102,Romsey Tadburn,,E07000093,Test Valley,4538
E05012104,Bitton & Oldland Common,,E06000025,South Gloucestershire,4539
E05012105,Boyd Valley,,E06000025,South Gloucestershire,4540
E05012106,Bradley Stoke North,,E06000025,South Gloucestershire,4541
E05012107,Bradley Stoke South,,E06000025,South Gloucestershire,4542
E05012108,Charfield,,E06000025,South Gloucestershire,4543
E05012109,Charlton & Cribbs,,E06000025,South Gloucestershire,4544
E05012110,Chipping Sodbury & Cotswold Edge,,E06000025,South Gloucestershire,4545
E05012111,Dodington,,E06000025,South Gloucestershire,4546
E05012112,Emersons Green,,E06000025,South Gloucestershire,4547
E05012113,Filton,,E06000025,South Gloucestershire,4548
E05012114,Frampton Cotterell,,E06000025,South Gloucestershire,4549
E05012115,Frenchay & Downend,,E06000025,South Gloucestershire,4550
E05012116,Hanham,,E06000025,South Gloucestershire,4551
E05012117,Kingswood,,E06000025,South Gloucestershire,4552
E05012118,Longwell Green,,E06000025,South Gloucestershire,4553
E05012119,New Cheltenham,,E06000025,South Gloucestershire,4554
E05012120,Parkwall & Warmley,,E06000025,South Gloucestershire,4555
E05012121,Patchway Coniston,,E06000025,South Gloucestershire,4556
E05012122,Pilning & Severn Beach,,E06000025,South Gloucestershire,4557
E05012123,Severn Vale,,E06000025,South Gloucestershire,4558
E05012124,Staple Hill & Mangotsfield,,E06000025,South Gloucestershire,4559
E05012013,Littlemoor,,E07000124,Ribble Valley,4560
E05012014,Mellor,,E07000124,Ribble Valley,4561
E05012015,Primrose,,E07000124,Ribble Valley,4562
E05012016,Ribchester,,E07000124,Ribble Valley,4563
E05012017,Sabden,,E07000124,Ribble Valley,4564
E05012018,St Mary's,,E07000124,Ribble Valley,4565
E05012019,Salthill,,E07000124,Ribble Valley,4566
E05012020,"Waddington, Bashall Eaves & Mitton",,E07000124,Ribble Valley,4567
E05012021,West Bradford & Grindleton,,E07000124,Ribble Valley,4568
E05012022,Whalley & Painter Wood,,E07000124,Ribble Valley,4569
E05012023,Whalley Nethertown,,E07000124,Ribble Valley,4570
E05012024,Wilpshire & Ramsgreave,,E07000124,Ribble Valley,4571
E05012025,Wiswell & Barrow,,E07000124,Ribble Valley,4572
E05012026,Bagshot,,E07000214,Surrey Heath,4573
E05012027,Bisley & West End,,E07000214,Surrey Heath,4574
E05012028,Frimley,,E07000214,Surrey Heath,4575
E05012029,Frimley Green,,E07000214,Surrey Heath,4576
E05012030,Heatherside,,E07000214,Surrey Heath,4577
E05012031,Lightwater,,E07000214,Surrey Heath,4578
E05012032,Mytchett & Deepcut,,E07000214,Surrey Heath,4579
E05012033,Old Dean,,E07000214,Surrey Heath,4580
E05012034,Parkside,,E07000214,Surrey Heath,4581
E05012035,St Michaels,,E07000214,Surrey Heath,4582
E05012036,St Pauls,,E07000214,Surrey Heath,4583
E05012037,Town,,E07000214,Surrey Heath,4584
E05012038,Watchetts,,E07000214,Surrey Heath,4585
E05012039,Windlesham & Chobham,,E07000214,Surrey Heath,4586
E05012040,Ashover,,E07000038,North East Derbyshire,4587
E05012041,Barlow & Holmesfield,,E07000038,North East Derbyshire,4588
E05012042,Brampton & Walton,,E07000038,North East Derbyshire,4589
E05012043,Clay Cross North,,E07000038,North East Derbyshire,4590
E05012044,Clay Cross South,,E07000038,North East Derbyshire,4591
E05012045,Coal Aston,,E07000038,North East Derbyshire,4592
E05012046,Dronfield North,,E07000038,North East Derbyshire,4593
E05012047,Dronfield South,,E07000038,North East Derbyshire,4594
E05012048,Dronfield Woodhouse,,E07000038,North East Derbyshire,4595
E05012049,Eckington North,,E07000038,North East Derbyshire,4596
E05012050,Eckington South & Renishaw,,E07000038,North East Derbyshire,4597
E05012051,Gosforth Valley,,E07000038,North East Derbyshire,4598
E05012052,Grassmoor,,E07000038,North East Derbyshire,4599
E05012053,Holmewood & Heath,,E07000038,North East Derbyshire,4600
E05012054,Killamarsh East,,E07000038,North East Derbyshire,4601
E05012055,Killamarsh West,,E07000038,North East Derbyshire,4602
E05012056,North Wingfield Central,,E07000038,North East Derbyshire,4603
E05012057,Pilsley & Morton,,E07000038,North East Derbyshire,4604
E05012058,Ridgeway & Marsh Lane,,E07000038,North East Derbyshire,4605
E05012059,Shirland,,E07000038,North East Derbyshire,4606
E05012060,Sutton,,E07000038,North East Derbyshire,4607
E05012061,Tupton,,E07000038,North East Derbyshire,4608
E05011765,Rolvenden & Tenterden West,,E07000105,Ashford,4609
E05011963,West Clacton & Jaywick Sands,,E07000076,Tendring,4610
E05011811,Yarty,,E07000040,East Devon,4611
E05011671,Easebourne,,E07000225,Chichester,4612
E05011672,Fernhurst,,E07000225,Chichester,4613
E05011673,Fittleworth,,E07000225,Chichester,4614
E05011674,Goodwood,,E07000225,Chichester,4615
E05011675,Harbour Villages,,E07000225,Chichester,4616
E05011676,Harting,,E07000225,Chichester,4617
E05011677,Lavant,,E07000225,Chichester,4618
E05011678,Loxwood,,E07000225,Chichester,4619
E05011679,Midhurst,,E07000225,Chichester,4620
E05011680,North Mundham & Tangmere,,E07000225,Chichester,4621
E05011681,Petworth,,E07000225,Chichester,4622
E05011682,Selsey South,,E07000225,Chichester,4623
E05011683,Sidlesham with Selsey North,,E07000225,Chichester,4624
E05011684,Southbourne,,E07000225,Chichester,4625
E05011685,The Witterings,,E07000225,Chichester,4626
E05011686,Westbourne,,E07000225,Chichester,4627
E05011701,Cholsey,,E07000179,South Oxfordshire,4628
E05011702,Didcot North East,,E07000179,South Oxfordshire,4629
E05011703,Didcot South,,E07000179,South Oxfordshire,4630
E05011704,Forest Hill & Holton,,E07000179,South Oxfordshire,4631
E05011705,Haseley Brook,,E07000179,South Oxfordshire,4632
E05011707,Kidmore End & Whitchurch,,E07000179,South Oxfordshire,4633
E05011708,Sandford & the Wittenhams,,E07000179,South Oxfordshire,4634
E05011710,Wallingford,,E07000179,South Oxfordshire,4635
E05011711,Wheatley,,E07000179,South Oxfordshire,4636
E05011712,Woodcote & Rotherfield,,E07000179,South Oxfordshire,4637
E05011713,Blewbury & Harwell,,E07000180,Vale of White Horse,4638
E05011714,Cumnor,,E07000180,Vale of White Horse,4639
E05011715,Drayton,,E07000180,Vale of White Horse,4640
E05011717,Sutton Courtenay,,E07000180,Vale of White Horse,4641
E05011718,Thames,,E07000180,Vale of White Horse,4642
E05011719,Wootton,,E07000180,Vale of White Horse,4643
E05011743,Aylesford & East Stour,,E07000105,Ashford,4644
E05011744,Beaver,,E07000105,Ashford,4645
E05011745,Biddenden,,E07000105,Ashford,4646
E05011746,Bircholt,,E07000105,Ashford,4647
E05011747,Bockhanger,,E07000105,Ashford,4648
E05011748,Bybrook,,E07000105,Ashford,4649
E05011749,Charing,,E07000105,Ashford,4650
E05011750,Conningbrook & Little Burton Farm,,E07000105,Ashford,4651
E05011751,Downs North,,E07000105,Ashford,4652
E05011752,Downs West,,E07000105,Ashford,4653
E05011753,Furley,,E07000105,Ashford,4654
E05011754,Goat Lees,,E07000105,Ashford,4655
E05011755,Godinton,,E07000105,Ashford,4656
E05011756,Highfield,,E07000105,Ashford,4657
E05011757,Isle of Oxney,,E07000105,Ashford,4658
E05011758,Kennington,,E07000105,Ashford,4659
E05011759,Kingsnorth Village & Bridgefield,,E07000105,Ashford,4660
E05011766,Roman,,E07000105,Ashford,4661
E05011812,Billingshurst,,E07000227,Horsham,4662
E05011964,Billesdon & Tilton,,E07000131,Harborough,4663
E05011813,"Bramber, Upper Beeding & Woodmancote",,E07000227,Horsham,4664
E05011814,Broadbridge Heath,,E07000227,Horsham,4665
E05011815,Colgate & Rusper,,E07000227,Horsham,4666
E05011816,"Cowfold, Shermanbury & West Grinstead",,E07000227,Horsham,4667
E05011817,Denne,,E07000227,Horsham,4668
E05011818,Forest,,E07000227,Horsham,4669
E05011819,Henfield,,E07000227,Horsham,4670
E05011820,Holbrook East,,E07000227,Horsham,4671
E05011821,Holbrook West,,E07000227,Horsham,4672
E05011822,"Itchingfield, Slinfold & Warnham",,E07000227,Horsham,4673
E05011823,Nuthurst & Lower Beeding,,E07000227,Horsham,4674
E05011824,"Pulborough, Coldwaltham & Amberley",,E07000227,Horsham,4675
E05011825,Roffey North,,E07000227,Horsham,4676
E05011826,Roffey South,,E07000227,Horsham,4677
E05011827,Rudgwick,,E07000227,Horsham,4678
E05011828,Southwater North,,E07000227,Horsham,4679
E05011829,Southwater South & Shipley,,E07000227,Horsham,4680
E05011830,Steyning & Ashurst,,E07000227,Horsham,4681
E05011831,Storrington & Washington,,E07000227,Horsham,4682
E05011832,Trafalgar,,E07000227,Horsham,4683
E05011833,"West Chiltington, Thakeham & Ashington",,E07000227,Horsham,4684
E05011834,Bacton,,E07000147,North Norfolk,4685
E05011835,Beeston Regis & The Runtons,,E07000147,North Norfolk,4686
E05011836,Briston,,E07000147,North Norfolk,4687
E05011837,Coastal,,E07000147,North Norfolk,4688
E05011838,Cromer Town,,E07000147,North Norfolk,4689
E05011839,Erpingham,,E07000147,North Norfolk,4690
E05011840,Gresham,,E07000147,North Norfolk,4691
E05011841,Happisburgh,,E07000147,North Norfolk,4692
E05011842,Hickling,,E07000147,North Norfolk,4693
E05011843,Holt,,E07000147,North Norfolk,4694
E05011844,Hoveton & Tunstead,,E07000147,North Norfolk,4695
E05011845,Lancaster North,,E07000147,North Norfolk,4696
E05011846,Lancaster South,,E07000147,North Norfolk,4697
E05011847,Mundesley,,E07000147,North Norfolk,4698
E05011848,North Walsham East,,E07000147,North Norfolk,4699
E05011849,North Walsham Market Cross,,E07000147,North Norfolk,4700
E05011850,North Walsham West,,E07000147,North Norfolk,4701
E05011851,Poppyland,,E07000147,North Norfolk,4702
E05011852,Priory,,E07000147,North Norfolk,4703
E05011853,Roughton,,E07000147,North Norfolk,4704
E05011854,St Benet's,,E07000147,North Norfolk,4705
E05011855,Sheringham North,,E07000147,North Norfolk,4706
E05011856,Sheringham South,,E07000147,North Norfolk,4707
E05011857,Stalham,,E07000147,North Norfolk,4708
E05011858,Stibbard,,E07000147,North Norfolk,4709
E05011859,Stody,,E07000147,North Norfolk,4710
E05011965,Bosworth,,E07000131,Harborough,4711
E05011767,Saxon Shore,,E07000105,Ashford,4712
E05011768,Singleton East,,E07000105,Ashford,4713
E05011769,Singleton West,,E07000105,Ashford,4714
E05011770,Stanhope,,E07000105,Ashford,4715
E05011771,Tenterden North,,E07000105,Ashford,4716
E05011772,Tenterden South,,E07000105,Ashford,4717
E05011773,Tenterden St Michael's,,E07000105,Ashford,4718
E05011774,Upper Weald,,E07000105,Ashford,4719
E05011775,Victoria,,E07000105,Ashford,4720
E05011776,Washford,,E07000105,Ashford,4721
E05011777,Weald Central,,E07000105,Ashford,4722
E05011778,Weald North,,E07000105,Ashford,4723
E05011779,Weald South,,E07000105,Ashford,4724
E05011780,Willesborough,,E07000105,Ashford,4725
E05011781,Wye with Hinxhill,,E07000105,Ashford,4726
E05011782,Axminster,,E07000040,East Devon,4727
E05011783,Beer & Branscombe,,E07000040,East Devon,4728
E05011784,Broadclyst,,E07000040,East Devon,4729
E05011785,Budleigh & Raleigh,,E07000040,East Devon,4730
E05011786,Clyst Valley,,E07000040,East Devon,4731
E05011787,Coly Valley,,E07000040,East Devon,4732
E05011788,Cranbrook,,E07000040,East Devon,4733
E05011789,Dunkeswell & Otterhead,,E07000040,East Devon,4734
E05011790,Exe Valley,,E07000040,East Devon,4735
E05011791,Exmouth Brixington,,E07000040,East Devon,4736
E05011792,Exmouth Halsdon,,E07000040,East Devon,4737
E05011793,Exmouth Littleham,,E07000040,East Devon,4738
E05011794,Exmouth Town,,E07000040,East Devon,4739
E05011795,Exmouth Withycombe Raleigh,,E07000040,East Devon,4740
E05011796,Feniton,,E07000040,East Devon,4741
E05011797,Honiton St Michael's,,E07000040,East Devon,4742
E05011798,Honiton St Paul's,,E07000040,East Devon,4743
E05011799,Newbridges,,E07000040,East Devon,4744
E05011800,Newton Poppleford & Harpford,,E07000040,East Devon,4745
E05011801,Ottery St Mary,,E07000040,East Devon,4746
E05011802,Seaton,,E07000040,East Devon,4747
E05011803,Sidmouth Rural,,E07000040,East Devon,4748
E05011804,Sidmouth Sidford,,E07000040,East Devon,4749
E05011805,Sidmouth Town,,E07000040,East Devon,4750
E05011806,Tale Vale,,E07000040,East Devon,4751
E05011807,Trinity,,E07000040,East Devon,4752
E05011808,West Hill & Aylesbeare,,E07000040,East Devon,4753
E05011809,Whimple & Rockbeare,,E07000040,East Devon,4754
E05011966,Broughton Astley-Primethorpe & Sutton,,E07000131,Harborough,4755
E05011967,Broughton Astley South & Leire,,E07000131,Harborough,4756
E05011968,Dunton,,E07000131,Harborough,4757
E05011969,Fleckney,,E07000131,Harborough,4758
E05011970,Glen,,E07000131,Harborough,4759
E05011971,Kibworths,,E07000131,Harborough,4760
E05011972,Lubenham,,E07000131,Harborough,4761
E05011973,Lutterworth East,,E07000131,Harborough,4762
E05011974,Lutterworth West,,E07000131,Harborough,4763
E05011975,Market Harborough-Great Bowden & Arden,,E07000131,Harborough,4764
E05011976,Market Harborough-Little Bowden,,E07000131,Harborough,4765
E05011977,Market Harborough-Logan,,E07000131,Harborough,4766
E05011978,Market Harborough-Welland,,E07000131,Harborough,4767
E05011979,Misterton,,E07000131,Harborough,4768
E05011980,Nevill,,E07000131,Harborough,4769
E05011981,Thurnby & Houghton,,E07000131,Harborough,4770
E05011982,Ullesthorpe,,E07000131,Harborough,4771
E05011983,Ault Hucknall,,E07000033,Bolsover,4772
E05011984,Barlborough,,E07000033,Bolsover,4773
E05011985,Blackwell,,E07000033,Bolsover,4774
E05011986,Bolsover East,,E07000033,Bolsover,4775
E05011987,Bolsover North & Shuttlewood,,E07000033,Bolsover,4776
E05011988,Bolsover South,,E07000033,Bolsover,4777
E05011989,Clowne East,,E07000033,Bolsover,4778
E05011990,Clowne West,,E07000033,Bolsover,4779
E05011991,Elmton-with-Creswell,,E07000033,Bolsover,4780
E05011992,Langwith,,E07000033,Bolsover,4781
E05011993,Pinxton,,E07000033,Bolsover,4782
E05011994,Shirebrook North,,E07000033,Bolsover,4783
E05011995,Shirebrook South,,E07000033,Bolsover,4784
E05011996,South Normanton East,,E07000033,Bolsover,4785
E05011997,South Normanton West,,E07000033,Bolsover,4786
E05011998,Tibshelf,,E07000033,Bolsover,4787
E05011999,Whitwell,,E07000033,Bolsover,4788
E05012000,Alston & Hothersall,,E07000124,Ribble Valley,4789
E05012001,Billington & Langho,,E07000124,Ribble Valley,4790
E05012002,Bowland,,E07000124,Ribble Valley,4791
E05012003,Brockhall & Dinckley,,E07000124,Ribble Valley,4792
E05012004,Chatburn,,E07000124,Ribble Valley,4793
E05012005,Chipping,,E07000124,Ribble Valley,4794
E05012006,Clayton-le-Dale & Salesbury,,E07000124,Ribble Valley,4795
E05012007,Derby & Thornley,,E07000124,Ribble Valley,4796
E05012008,Dilworth,,E07000124,Ribble Valley,4797
E05012009,"East Whalley, Read & Simonstone",,E07000124,Ribble Valley,4798
E05012010,Edisford & Low Moor,,E07000124,Ribble Valley,4799
E05012011,Gisburn & Rimington,,E07000124,Ribble Valley,4800
E05012275,Bulwell,,E06000018,Nottingham,4801
E05012276,Bulwell Forest,,E06000018,Nottingham,4802
E05012277,Castle,,E06000018,Nottingham,4803
E05012278,Clifton East,,E06000018,Nottingham,4804
E05012279,Clifton West,,E06000018,Nottingham,4805
E05012280,Dales,,E06000018,Nottingham,4806
E05012281,Hyson Green & Arboretum,,E06000018,Nottingham,4807
E05012282,Leen Valley,,E06000018,Nottingham,4808
E05012283,Lenton & Wollaton East,,E06000018,Nottingham,4809
E05012284,Mapperley,,E06000018,Nottingham,4810
E05012285,Meadows,,E06000018,Nottingham,4811
E05012286,Radford,,E06000018,Nottingham,4812
E05012287,St. Ann's,,E06000018,Nottingham,4813
E05012288,Sherwood,,E06000018,Nottingham,4814
E05012289,Wollaton West,,E06000018,Nottingham,4815
E05012290,Alton Amery,,E07000085,East Hampshire,4816
E05012291,Alton Ashdell,,E07000085,East Hampshire,4817
E05012292,Alton Eastbrooke,,E07000085,East Hampshire,4818
E05012293,Alton Holybourne,,E07000085,East Hampshire,4819
E05012294,Alton Westbrooke,,E07000085,East Hampshire,4820
E05012295,Alton Whitedown,,E07000085,East Hampshire,4821
E05012296,Alton Wooteys,,E07000085,East Hampshire,4822
E05012297,Bentworth & Froyle,,E07000085,East Hampshire,4823
E05012298,"Binsted, Bentley & Selborne",,E07000085,East Hampshire,4824
E05012299,Bramshott & Liphook,,E07000085,East Hampshire,4825
E05012300,Buriton & East Meon,,E07000085,East Hampshire,4826
E05012301,Clanfield,,E07000085,East Hampshire,4827
E05012302,Four Marks & Medstead,,E07000085,East Hampshire,4828
E05012303,"Froxfield, Sheet & Steep",,E07000085,East Hampshire,4829
E05012304,Grayshott,,E07000085,East Hampshire,4830
E05012305,Headley,,E07000085,East Hampshire,4831
E05012306,Horndean Catherington,,E07000085,East Hampshire,4832
E05012307,Horndean Downs,,E07000085,East Hampshire,4833
E05012308,Horndean Kings & Blendworth,,E07000085,East Hampshire,4834
E05012309,Horndean Murray,,E07000085,East Hampshire,4835
E05012310,Lindford,,E07000085,East Hampshire,4836
E05012311,Liss,,E07000085,East Hampshire,4837
E05012312,Petersfield Bell Hill,,E07000085,East Hampshire,4838
E05012313,Petersfield Causeway,,E07000085,East Hampshire,4839
E05012314,Petersfield Heath,,E07000085,East Hampshire,4840
E05012315,Petersfield St Peter's,,E07000085,East Hampshire,4841
E05012316,"Ropley, Hawkley & Hangers",,E07000085,East Hampshire,4842
E05012317,Rowlands Castle,,E07000085,East Hampshire,4843
E05012318,Whitehill Chase,,E07000085,East Hampshire,4844
E05012319,Whitehill Hogmoor & Greatham,,E07000085,East Hampshire,4845
E05012320,Whitehill Pinewood,,E07000085,East Hampshire,4846
E05012321,Airfield,,E07000146,King's Lynn and West Norfolk,4847
E05012322,Bircham with Rudhams,,E07000146,King's Lynn and West Norfolk,4848
E05012323,Brancaster,,E07000146,King's Lynn and West Norfolk,4849
E05012324,Burnham Market & Docking,,E07000146,King's Lynn and West Norfolk,4850
E05012125,Stoke Gifford,,E06000025,South Gloucestershire,4851
E05012225,Marbury,,E06000050,Cheshire West and Chester,4852
E05012411,"Wilmington, Sutton-at-Hone & Hawley",,E07000107,Dartford,4853
E05012511,St Mary's,,E06000040,Windsor and Maidenhead,4854
E05012461,Bathavon North,,E06000022,Bath and North East Somerset,4855
E05012325,Clenchwarton,,E07000146,King's Lynn and West Norfolk,4856
E05012175,Tidenham,,E07000080,Forest of Dean,4857
E05012176,Westbury-on-Severn,,E07000080,Forest of Dean,4858
E05012177,Aldenham East,,E07000098,Hertsmere,4859
E05012178,Aldenham West,,E07000098,Hertsmere,4860
E05012179,Bentley Heath & The Royds,,E07000098,Hertsmere,4861
E05012180,Borehamwood Brookmeadow,,E07000098,Hertsmere,4862
E05012181,Borehamwood Cowley Hill,,E07000098,Hertsmere,4863
E05012182,Borehamwood Hillside,,E07000098,Hertsmere,4864
E05012183,Borehamwood Kenilworth,,E07000098,Hertsmere,4865
E05012184,Bushey Heath,,E07000098,Hertsmere,4866
E05012185,Bushey North,,E07000098,Hertsmere,4867
E05012186,Bushey Park,,E07000098,Hertsmere,4868
E05012187,Bushey St James,,E07000098,Hertsmere,4869
E05012188,Elstree,,E07000098,Hertsmere,4870
E05012189,Potters Bar Furzefield,,E07000098,Hertsmere,4871
E05012190,Potters Bar Oakmere,,E07000098,Hertsmere,4872
E05012191,Potters Bar Parkfield,,E07000098,Hertsmere,4873
E05012192,Shenley,,E07000098,Hertsmere,4874
E05012193,Ashton,,E07000123,Preston,4875
E05012194,Brookfield,,E07000123,Preston,4876
E05012195,Cadley,,E07000123,Preston,4877
E05012196,City Centre,,E07000123,Preston,4878
E05012197,Deepdale,,E07000123,Preston,4879
E05012198,Fishwick & Frenchwood,,E07000123,Preston,4880
E05012199,Garrison,,E07000123,Preston,4881
E05012200,Greyfriars,,E07000123,Preston,4882
E05012201,Ingol & Cottam,,E07000123,Preston,4883
E05012512,Sunningdale & Cheapside,,E06000040,Windsor and Maidenhead,4884
E05012202,Lea & Larches,,E07000123,Preston,4885
E05012412,Barnstaple Central,,E07000043,North Devon,4886
E05012326,Denver,,E07000146,King's Lynn and West Norfolk,4887
E05012565,Assington,,E07000200,Babergh,4888
E05012462,Bathavon South,,E06000022,Bath and North East Somerset,4889
E05012203,Plungington,,E07000123,Preston,4890
E05012226,Neston,,E06000050,Cheshire West and Chester,4891
E05012126,Stoke Park & Cheswick,,E06000025,South Gloucestershire,4892
E05012413,Barnstaple with Pilton,,E07000043,North Devon,4893
E05012327,Dersingham,,E07000146,King's Lynn and West Norfolk,4894
E05012566,Box Vale,,E07000200,Babergh,4895
E05012463,Bathwick,,E06000022,Bath and North East Somerset,4896
E05012204,Preston Rural East,,E07000123,Preston,4897
E05012227,Netherpool,,E06000050,Cheshire West and Chester,4898
E05012127,Thornbury,,E06000025,South Gloucestershire,4899
E05012128,Winterbourne,,E06000025,South Gloucestershire,4900
E05012129,Woodstock,,E06000025,South Gloucestershire,4901
E05012130,Yate Central,,E06000025,South Gloucestershire,4902
E05012131,Yate North,,E06000025,South Gloucestershire,4903
E05012132,Aldermaston,,E06000037,West Berkshire,4904
E05012133,Basildon,,E06000037,West Berkshire,4905
E05012134,Bradfield,,E06000037,West Berkshire,4906
E05012135,Bucklebury,,E06000037,West Berkshire,4907
E05012136,Burghfield & Mortimer,,E06000037,West Berkshire,4908
E05012137,Chieveley & Cold Ash,,E06000037,West Berkshire,4909
E05012138,Downlands,,E06000037,West Berkshire,4910
E05012139,Hungerford & Kintbury,,E06000037,West Berkshire,4911
E05012140,Lambourn,,E06000037,West Berkshire,4912
E05012141,Newbury Central,,E06000037,West Berkshire,4913
E05012142,Newbury Clay Hill,,E06000037,West Berkshire,4914
E05012143,Newbury Greenham,,E06000037,West Berkshire,4915
E05012144,Newbury Speen,,E06000037,West Berkshire,4916
E05012145,Newbury Wash Common,,E06000037,West Berkshire,4917
E05012146,Pangbourne,,E06000037,West Berkshire,4918
E05012147,Ridgeway,,E06000037,West Berkshire,4919
E05012148,Thatcham Central,,E06000037,West Berkshire,4920
E05012149,Thatcham Colthrop & Crookham,,E06000037,West Berkshire,4921
E05012150,Thatcham North East,,E06000037,West Berkshire,4922
E05012151,Thatcham West,,E06000037,West Berkshire,4923
E05012152,Theale,,E06000037,West Berkshire,4924
E05012153,Tilehurst & Purley,,E06000037,West Berkshire,4925
E05012154,Tilehurst Birch Copse,,E06000037,West Berkshire,4926
E05012155,Tilehurst South & Holybrook,,E06000037,West Berkshire,4927
E05012156,Berry Hill,,E07000080,Forest of Dean,4928
E05012157,Bream,,E07000080,Forest of Dean,4929
E05012158,Cinderford East,,E07000080,Forest of Dean,4930
E05012159,Cinderford West,,E07000080,Forest of Dean,4931
E05012160,Coleford,,E07000080,Forest of Dean,4932
E05012161,Dymock,,E07000080,Forest of Dean,4933
E05012162,Hartpury & Redmarley,,E07000080,Forest of Dean,4934
E05012163,Longhope & Huntley,,E07000080,Forest of Dean,4935
E05012164,Lydbrook,,E07000080,Forest of Dean,4936
E05012165,Lydney East,,E07000080,Forest of Dean,4937
E05012166,Lydney North,,E07000080,Forest of Dean,4938
E05012167,Lydney West & Aylburton,,E07000080,Forest of Dean,4939
E05012168,"Mitcheldean, Ruardean & Drybrook",,E07000080,Forest of Dean,4940
E05012169,Newent & Taynton,,E07000080,Forest of Dean,4941
E05012170,Newland & Sling,,E07000080,Forest of Dean,4942
E05012171,Newnham,,E07000080,Forest of Dean,4943
E05012172,Pillowell,,E07000080,Forest of Dean,4944
E05012173,Ruspidge,,E07000080,Forest of Dean,4945
E05012174,St. Briavels,,E07000080,Forest of Dean,4946
E05012567,Brantham,,E07000200,Babergh,4947
E05012568,Brett Vale,,E07000200,Babergh,4948
E05012569,Bures St Mary & Nayland,,E07000200,Babergh,4949
E05012328,Downham Old Town,,E07000146,King's Lynn and West Norfolk,4950
E05012570,Capel St Mary,,E07000200,Babergh,4951
E05012464,Chew Valley,,E06000022,Bath and North East Somerset,4952
E05012414,Barnstaple with Westacott,,E07000043,North Devon,4953
E05012329,East Downham,,E07000146,King's Lynn and West Norfolk,4954
E05012205,Preston Rural North,,E07000123,Preston,4955
E05012228,Newton & Hoole,,E06000050,Cheshire West and Chester,4956
E05012571,Chadacre,,E07000200,Babergh,4957
E05012415,Bickington,,E07000043,North Devon,4958
E05012465,Clutton & Farmborough,,E06000022,Bath and North East Somerset,4959
E05012416,Bishop's Nympton,,E07000043,North Devon,4960
E05012466,Combe Down,,E06000022,Bath and North East Somerset,4961
E05012229,Northwich Leftwich,,E06000050,Cheshire West and Chester,4962
E05012417,Bratton Fleming,,E07000043,North Devon,4963
E05012467,High Littleton,,E06000022,Bath and North East Somerset,4964
E05012572,Copdock & Washbrook,,E07000200,Babergh,4965
E05012206,Ribbleton,,E07000123,Preston,4966
E05012330,Emneth & Outwell,,E07000146,King's Lynn and West Norfolk,4967
E05012573,East Bergholt,,E07000200,Babergh,4968
E05012331,Fairstead,,E07000146,King's Lynn and West Norfolk,4969
E05012207,St Matthew's,,E07000123,Preston,4970
E05012574,Ganges,,E07000200,Babergh,4971
E05012332,Feltwell,,E07000146,King's Lynn and West Norfolk,4972
E05012418,Braunton East,,E07000043,North Devon,4973
E05012208,Sharoe Green,,E07000123,Preston,4974
E05012468,Keynsham East,,E06000022,Bath and North East Somerset,4975
E05012230,Northwich Winnington & Castle,,E06000050,Cheshire West and Chester,4976
E05012575,Great Cornard,,E07000200,Babergh,4977
E05012333,Gayton & Grimston,,E07000146,King's Lynn and West Norfolk,4978
E05012419,Braunton West & Georgeham,,E07000043,North Devon,4979
E05012209,Blacon,,E06000050,Cheshire West and Chester,4980
E05012469,Keynsham North,,E06000022,Bath and North East Somerset,4981
E05012231,Northwich Witton,,E06000050,Cheshire West and Chester,4982
E05012576,Hadleigh North,,E07000200,Babergh,4983
E05012334,Gaywood Chase,,E07000146,King's Lynn and West Norfolk,4984
E05012420,Chittlehampton,,E07000043,North Devon,4985
E05012210,Central & Grange,,E06000050,Cheshire West and Chester,4986
E05012470,Keynsham South,,E06000022,Bath and North East Somerset,4987
E05012232,Parkgate,,E06000050,Cheshire West and Chester,4988
E05012577,Hadleigh South,,E07000200,Babergh,4989
E05012335,Gaywood Clock,,E07000146,King's Lynn and West Norfolk,4990
E05012421,Chulmleigh,,E07000043,North Devon,4991
E05012211,Chester City & the Garden Quarter,,E06000050,Cheshire West and Chester,4992
E05012471,Kingsmead,,E06000022,Bath and North East Somerset,4993
E05012233,Rudheath,,E06000050,Cheshire West and Chester,4994
E05012578,Lavenham,,E07000200,Babergh,4995
E05012336,Gaywood North Bank,,E07000146,King's Lynn and West Norfolk,4996
E05012422,Combe Martin,,E07000043,North Devon,4997
E05012212,Christleton & Huntington,,E06000050,Cheshire West and Chester,4998
E05012472,Lambridge,,E06000022,Bath and North East Somerset,4999
E05012234,Sandstone,,E06000050,Cheshire West and Chester,5000
E05012579,Long Melford,,E07000200,Babergh,5001
E05012337,Heacham,,E07000146,King's Lynn and West Norfolk,5002
E05012423,Fremington,,E07000043,North Devon,5003
E05012213,"Davenham, Moulton & Kingsmead",,E06000050,Cheshire West and Chester,5004
E05012473,Lansdown,,E06000022,Bath and North East Somerset,5005
E05012235,Saughall & Mollington,,E06000050,Cheshire West and Chester,5006
E05012580,North West Cosford,,E07000200,Babergh,5007
E05012338,Hunstanton,,E07000146,King's Lynn and West Norfolk,5008
E05012424,Heanton Punchardon,,E07000043,North Devon,5009
E05012214,Farndon,,E06000050,Cheshire West and Chester,5010
E05012474,Mendip,,E06000022,Bath and North East Somerset,5011
E05012236,Shakerley,,E06000050,Cheshire West and Chester,5012
E05012581,Orwell,,E07000200,Babergh,5013
E05012339,Massingham with Castle Acre,,E07000146,King's Lynn and West Norfolk,5014
E05012340,Methwold,,E07000146,King's Lynn and West Norfolk,5015
E05012341,North Downham,,E07000146,King's Lynn and West Norfolk,5016
E05012342,North Lynn,,E07000146,King's Lynn and West Norfolk,5017
E05012343,St. Margaret's with St. Nicholas,,E07000146,King's Lynn and West Norfolk,5018
E05012344,Snettisham,,E07000146,King's Lynn and West Norfolk,5019
E05012345,South & West Lynn,,E07000146,King's Lynn and West Norfolk,5020
E05012346,South Downham,,E07000146,King's Lynn and West Norfolk,5021
E05012347,Springwood,,E07000146,King's Lynn and West Norfolk,5022
E05012348,Terrington,,E07000146,King's Lynn and West Norfolk,5023
E05012349,The Woottons,,E07000146,King's Lynn and West Norfolk,5024
E05012350,"Tilney, Mershe Lande & Wiggenhall",,E07000146,King's Lynn and West Norfolk,5025
E05012351,Upwell & Delph,,E07000146,King's Lynn and West Norfolk,5026
E05012352,"Walsoken, West Walton & Walpole",,E07000146,King's Lynn and West Norfolk,5027
E05012353,Watlington,,E07000146,King's Lynn and West Norfolk,5028
E05012354,West Winch,,E07000146,King's Lynn and West Norfolk,5029
E05012355,Wissey,,E07000146,King's Lynn and West Norfolk,5030
E05012392,Bean & Village Park,,E07000107,Dartford,5031
E05012393,Brent,,E07000107,Dartford,5032
E05012394,Bridge,,E07000107,Dartford,5033
E05012395,Burnham,,E07000107,Dartford,5034
E05012396,Darenth,,E07000107,Dartford,5035
E05012397,Ebbsfleet,,E07000107,Dartford,5036
E05012398,Greenhithe & Knockhall,,E07000107,Dartford,5037
E05012399,Heath,,E07000107,Dartford,5038
E05012400,Joyden's Wood,,E07000107,Dartford,5039
E05012401,"Longfield, New Barn & Southfleet",,E07000107,Dartford,5040
E05012402,Maypole & Leyton Cross,,E07000107,Dartford,5041
E05012403,Newtown,,E07000107,Dartford,5042
E05012404,Princes,,E07000107,Dartford,5043
E05012405,Stone Castle,,E07000107,Dartford,5044
E05012406,Stone House,,E07000107,Dartford,5045
E05012407,Swanscombe,,E07000107,Dartford,5046
E05012408,Temple Hill,,E07000107,Dartford,5047
E05012409,Town,,E07000107,Dartford,5048
E05012410,West Hill,,E07000107,Dartford,5049
E05012582,South East Cosford,,E07000200,Babergh,5050
E05012583,Sproughton & Pinewood,,E07000200,Babergh,5051
E05012584,Stour,,E07000200,Babergh,5052
E05012585,Sudbury North East,,E07000200,Babergh,5053
E05012586,Sudbury North West,,E07000200,Babergh,5054
E05012587,Sudbury South East,,E07000200,Babergh,5055
E05012588,Sudbury South West,,E07000200,Babergh,5056
E05012589,Bacton,,E07000203,Mid Suffolk,5057
E05012590,Battisford & Ringshall,,E07000203,Mid Suffolk,5058
E05012591,Blakenham,,E07000203,Mid Suffolk,5059
E05012592,Bramford,,E07000203,Mid Suffolk,5060
E05012593,Chilton,,E07000203,Mid Suffolk,5061
E05012594,Claydon & Barham,,E07000203,Mid Suffolk,5062
E05012595,Combs Ford,,E07000203,Mid Suffolk,5063
E05012596,Debenham,,E07000203,Mid Suffolk,5064
E05012597,Elmswell & Woolpit,,E07000203,Mid Suffolk,5065
E05012598,Eye,,E07000203,Mid Suffolk,5066
E05012599,Fressingfield,,E07000203,Mid Suffolk,5067
E05012600,Gislingham,,E07000203,Mid Suffolk,5068
E05012601,"Haughley, Stowupland & Wetherden",,E07000203,Mid Suffolk,5069
E05012602,Hoxne & Worlingworth,,E07000203,Mid Suffolk,5070
E05012603,Mendlesham,,E07000203,Mid Suffolk,5071
E05012215,Frodsham,,E06000050,Cheshire West and Chester,5072
E05012604,Needham Market,,E07000203,Mid Suffolk,5073
E05012475,Midsomer Norton North,,E06000022,Bath and North East Somerset,5074
E05012476,Midsomer Norton Redfield,,E06000022,Bath and North East Somerset,5075
E05012425,Ilfracombe East,,E07000043,North Devon,5076
E05012605,Onehouse,,E07000203,Mid Suffolk,5077
E05012237,Strawberry,,E06000050,Cheshire West and Chester,5078
E05012216,Gowy Rural,,E06000050,Cheshire West and Chester,5079
E05012606,Palgrave,,E07000203,Mid Suffolk,5080
E05012217,Great Boughton,,E06000050,Cheshire West and Chester,5081
E05012238,Sutton Villages,,E06000050,Cheshire West and Chester,5082
E05012477,Moorlands,,E06000022,Bath and North East Somerset,5083
E05012607,Rattlesden,,E07000203,Mid Suffolk,5084
E05012426,Ilfracombe West,,E07000043,North Devon,5085
E05012218,Handbridge Park,,E06000050,Cheshire West and Chester,5086
E05012239,Tarporley,,E06000050,Cheshire West and Chester,5087
E05012478,Newbridge,,E06000022,Bath and North East Somerset,5088
E05012608,Rickinghall,,E07000203,Mid Suffolk,5089
E05012427,Instow,,E07000043,North Devon,5090
E05012219,Hartford & Greenbank,,E06000050,Cheshire West and Chester,5091
E05012240,Tarvin & Kelsall,,E06000050,Cheshire West and Chester,5092
E05012479,Odd Down,,E06000022,Bath and North East Somerset,5093
E05012609,St Peter's,,E07000203,Mid Suffolk,5094
E05012428,Landkey,,E07000043,North Devon,5095
E05012220,Helsby,,E06000050,Cheshire West and Chester,5096
E05012241,Tattenhall,,E06000050,Cheshire West and Chester,5097
E05012480,Oldfield Park,,E06000022,Bath and North East Somerset,5098
E05012610,Stonham,,E07000203,Mid Suffolk,5099
E05012429,Lynton & Lynmouth,,E07000043,North Devon,5100
E05012221,Lache,,E06000050,Cheshire West and Chester,5101
E05012242,Upton,,E06000050,Cheshire West and Chester,5102
E05012481,Paulton,,E06000022,Bath and North East Somerset,5103
E05012611,Stow Thorney,,E07000203,Mid Suffolk,5104
E05012430,Marwood,,E07000043,North Devon,5105
E05012431,Mortehoe,,E07000043,North Devon,5106
E05012432,Newport,,E07000043,North Devon,5107
E05012433,North Molton,,E07000043,North Devon,5108
E05012434,Roundswell,,E07000043,North Devon,5109
E05012435,South Molton,,E07000043,North Devon,5110
E05012436,Witheridge,,E07000043,North Devon,5111
E05012437,Belmont,,E06000003,Redcar and Cleveland,5112
E05012438,Brotton,,E06000003,Redcar and Cleveland,5113
E05012439,Coatham,,E06000003,Redcar and Cleveland,5114
E05012440,Dormanstown,,E06000003,Redcar and Cleveland,5115
E05012441,Eston,,E06000003,Redcar and Cleveland,5116
E05012442,Grangetown,,E06000003,Redcar and Cleveland,5117
E05012443,Guisborough,,E06000003,Redcar and Cleveland,5118
E05012444,Hutton,,E06000003,Redcar and Cleveland,5119
E05012445,Kirkleatham,,E06000003,Redcar and Cleveland,5120
E05012446,Lockwood,,E06000003,Redcar and Cleveland,5121
E05012447,Loftus,,E06000003,Redcar and Cleveland,5122
E05012448,Longbeck,,E06000003,Redcar and Cleveland,5123
E05012449,Newcomen,,E06000003,Redcar and Cleveland,5124
E05012450,Normanby,,E06000003,Redcar and Cleveland,5125
E05012451,Ormesby,,E06000003,Redcar and Cleveland,5126
E05012452,St Germain's,,E06000003,Redcar and Cleveland,5127
E05012453,Saltburn,,E06000003,Redcar and Cleveland,5128
E05012454,Skelton East,,E06000003,Redcar and Cleveland,5129
E05012455,Skelton West,,E06000003,Redcar and Cleveland,5130
E05012456,South Bank,,E06000003,Redcar and Cleveland,5131
E05012457,Teesville,,E06000003,Redcar and Cleveland,5132
E05012458,West Dyke,,E06000003,Redcar and Cleveland,5133
E05012459,Wheatlands,,E06000003,Redcar and Cleveland,5134
E05012460,Zetland,,E06000003,Redcar and Cleveland,5135
E05012482,Peasedown,,E06000022,Bath and North East Somerset,5136
E05012483,Publow & Whitchurch,,E06000022,Bath and North East Somerset,5137
E05012484,Radstock,,E06000022,Bath and North East Somerset,5138
E05012485,Saltford,,E06000022,Bath and North East Somerset,5139
E05012486,Southdown,,E06000022,Bath and North East Somerset,5140
E05012487,Timsbury,,E06000022,Bath and North East Somerset,5141
E05012488,Twerton,,E06000022,Bath and North East Somerset,5142
E05012489,Walcot,,E06000022,Bath and North East Somerset,5143
E05012490,Westfield,,E06000022,Bath and North East Somerset,5144
E05012491,Westmoreland,,E06000022,Bath and North East Somerset,5145
E05012492,Weston,,E06000022,Bath and North East Somerset,5146
E05012493,Widcombe & Lyncombe,,E06000022,Bath and North East Somerset,5147
E05012494,Ascot & Sunninghill,,E06000040,Windsor and Maidenhead,5148
E05012495,Belmont,,E06000040,Windsor and Maidenhead,5149
E05012496,Bisham & Cookham,,E06000040,Windsor and Maidenhead,5150
E05012497,Boyn Hill,,E06000040,Windsor and Maidenhead,5151
E05012498,Bray,,E06000040,Windsor and Maidenhead,5152
E05012499,Clewer & Dedworth East,,E06000040,Windsor and Maidenhead,5153
E05012500,Clewer & Dedworth West,,E06000040,Windsor and Maidenhead,5154
E05012501,Clewer East,,E06000040,Windsor and Maidenhead,5155
E05012502,Cox Green,,E06000040,Windsor and Maidenhead,5156
E05012503,"Datchet, Horton & Wraysbury",,E06000040,Windsor and Maidenhead,5157
E05012612,Stradbroke & Laxfield,,E07000203,Mid Suffolk,5158
E05012504,Eton & Castle,,E06000040,Windsor and Maidenhead,5159
E05012243,Weaver & Cuddington,,E06000050,Cheshire West and Chester,5160
E05012222,Ledsham & Manor,,E06000050,Cheshire West and Chester,5161
E05012505,Furze Platt,,E06000040,Windsor and Maidenhead,5162
E05012506,Hurley & Walthams,,E06000040,Windsor and Maidenhead,5163
E05012507,Old Windsor,,E06000040,Windsor and Maidenhead,5164
E05012508,Oldfield,,E06000040,Windsor and Maidenhead,5165
E05012509,Pinkneys Green,,E06000040,Windsor and Maidenhead,5166
E05012510,Riverside,,E06000040,Windsor and Maidenhead,5167
E05012223,Little Neston,,E06000050,Cheshire West and Chester,5168
E05012224,Malpas,,E06000050,Cheshire West and Chester,5169
E05012244,Westminster,,E06000050,Cheshire West and Chester,5170
E05012245,Whitby Groves,,E06000050,Cheshire West and Chester,5171
E05012246,Whitby Park,,E06000050,Cheshire West and Chester,5172
E05012247,Willaston & Thornton,,E06000050,Cheshire West and Chester,5173
E05012248,Winsford Dene,,E06000050,Cheshire West and Chester,5174
E05012249,Winsford Gravel,,E06000050,Cheshire West and Chester,5175
E05012250,Winsford Over & Verdin,,E06000050,Cheshire West and Chester,5176
E05012251,Winsford Swanlow,,E06000050,Cheshire West and Chester,5177
E05012252,Winsford Wharton,,E06000050,Cheshire West and Chester,5178
E05012253,Wolverham,,E06000050,Cheshire West and Chester,5179
E05012254,Barton with Watcombe,,E06000027,Torbay,5180
E05012255,Churston with Galmpton,,E06000027,Torbay,5181
E05012256,Clifton with Maidenway,,E06000027,Torbay,5182
E05012257,Cockington with Chelston,,E06000027,Torbay,5183
E05012258,Collaton St Mary,,E06000027,Torbay,5184
E05012259,Ellacombe,,E06000027,Torbay,5185
E05012260,Furzeham with Summercombe,,E06000027,Torbay,5186
E05012261,Goodrington with Roselands,,E06000027,Torbay,5187
E05012262,King's Ash,,E06000027,Torbay,5188
E05012263,Preston,,E06000027,Torbay,5189
E05012264,Roundham with Hyde,,E06000027,Torbay,5190
E05012265,St Marychurch,,E06000027,Torbay,5191
E05012266,St Peter's with St Mary's,,E06000027,Torbay,5192
E05012267,Shiphay,,E06000027,Torbay,5193
E05012268,Tormohun,,E06000027,Torbay,5194
E05012269,Wellswood,,E06000027,Torbay,5195
E05012270,Aspley,,E06000018,Nottingham,5196
E05012271,Basford,,E06000018,Nottingham,5197
E05012272,Berridge,,E06000018,Nottingham,5198
E05012273,Bestwood,,E06000018,Nottingham,5199
E05012274,Bilborough,,E06000018,Nottingham,5200
E05012663,Hamworthy,,E06000058,"Bournemouth, Christchurch and Poole",5201
E05012664,Highcliffe & Walkford,,E06000058,"Bournemouth, Christchurch and Poole",5202
E05012665,Kinson,,E06000058,"Bournemouth, Christchurch and Poole",5203
E05012666,Littledown & Iford,,E06000058,"Bournemouth, Christchurch and Poole",5204
E05012667,Moordown,,E06000058,"Bournemouth, Christchurch and Poole",5205
E05012668,"Mudeford, Stanpit & West Highcliffe",,E06000058,"Bournemouth, Christchurch and Poole",5206
E05012669,Muscliff & Strouden Park,,E06000058,"Bournemouth, Christchurch and Poole",5207
E05012670,Newtown & Heatherlands,,E06000058,"Bournemouth, Christchurch and Poole",5208
E05012671,Oakdale,,E06000058,"Bournemouth, Christchurch and Poole",5209
E05012672,Parkstone,,E06000058,"Bournemouth, Christchurch and Poole",5210
E05012673,Penn Hill,,E06000058,"Bournemouth, Christchurch and Poole",5211
E05012674,Poole Town,,E06000058,"Bournemouth, Christchurch and Poole",5212
E05012675,Queen's Park,,E06000058,"Bournemouth, Christchurch and Poole",5213
E05012676,Redhill & Northbourne,,E06000058,"Bournemouth, Christchurch and Poole",5214
E05012677,Talbot & Branksome Woods,,E06000058,"Bournemouth, Christchurch and Poole",5215
E05012678,Wallisdown & Winton West,,E06000058,"Bournemouth, Christchurch and Poole",5216
E05012679,West Southbourne,,E06000058,"Bournemouth, Christchurch and Poole",5217
E05012680,Westbourne & West Cliff,,E06000058,"Bournemouth, Christchurch and Poole",5218
E05012681,Winton East,,E06000058,"Bournemouth, Christchurch and Poole",5219
E05012682,Beacon,,E06000059,Dorset,5220
E05012683,Beaminster,,E06000059,Dorset,5221
E05012684,Blackmore Vale,,E06000059,Dorset,5222
E05012685,Blandford,,E06000059,Dorset,5223
E05012686,Bridport,,E06000059,Dorset,5224
E05012687,Chalk Valleys,,E06000059,Dorset,5225
E05012688,Charminster St Mary's,,E06000059,Dorset,5226
E05012689,Chesil Bank,,E06000059,Dorset,5227
E05012690,Chickerell,,E06000059,Dorset,5228
E05012691,Colehill & Wimborne Minster East,,E06000059,Dorset,5229
E05012692,Corfe Mullen,,E06000059,Dorset,5230
E05012693,Cranborne & Alderholt,,E06000059,Dorset,5231
E05012694,Cranborne Chase,,E06000059,Dorset,5232
E05012695,Crossways,,E06000059,Dorset,5233
E05012696,Dorchester East,,E06000059,Dorset,5234
E05012697,Dorchester Poundbury,,E06000059,Dorset,5235
E05012698,Dorchester West,,E06000059,Dorset,5236
E05012699,Eggardon,,E06000059,Dorset,5237
E05012700,Ferndown North,,E06000059,Dorset,5238
E05012701,Ferndown South,,E06000059,Dorset,5239
E05012702,Gillingham,,E06000059,Dorset,5240
E05012703,Hill Forts & Upper Tarrants,,E06000059,Dorset,5241
E05012704,Littlemoor & Preston,,E06000059,Dorset,5242
E05012705,Lyme & Charmouth,,E06000059,Dorset,5243
E05012706,Lytchett Matravers & Upton,,E06000059,Dorset,5244
E05012707,Marshwood Vale,,E06000059,Dorset,5245
E05012708,Melcombe Regis,,E06000059,Dorset,5246
E05012709,Portland,,E06000059,Dorset,5247
E05012710,Puddletown & Lower Winterborne,,E06000059,Dorset,5248
E05012711,Radipole,,E06000059,Dorset,5249
E05012712,Rodwell & Wyke,,E06000059,Dorset,5250
E05012713,St Leonards & St Ives,,E06000059,Dorset,5251
E05012763,Abbeygate,,E07000245,West Suffolk,5252
E05012898,Thorpe,,E07000212,Runnymede,5253
E05013011,Rotherham West,,E08000018,Rotherham,5254
E05012848,Houghton Hall,,E06000056,Central Bedfordshire,5255
E05013012,Sitwell,,E08000018,Rotherham,5256
E05013013,Swinton Rockingham,,E08000018,Rotherham,5257
E05013014,Thurcroft & Wickersley South,,E08000018,Rotherham,5258
E05013015,Wales,,E08000018,Rotherham,5259
E05013016,Wath,,E08000018,Rotherham,5260
E05013017,Wickersley North,,E08000018,Rotherham,5261
E05013018,Barton & Winton,,E08000006,Salford,5262
E05013019,Blackfriars & Trinity,,E08000006,Salford,5263
E05013020,Boothstown & Ellenbrook,,E08000006,Salford,5264
E05013021,Broughton,,E08000006,Salford,5265
E05013022,Cadishead & Lower Irlam,,E08000006,Salford,5266
E05013023,Claremont,,E08000006,Salford,5267
E05013024,Eccles,,E08000006,Salford,5268
E05013025,Higher Irlam & Peel Green,,E08000006,Salford,5269
E05013026,Kersal & Broughton Park,,E08000006,Salford,5270
E05013027,Little Hulton,,E08000006,Salford,5271
E05013028,Ordsall,,E08000006,Salford,5272
E05013029,Pendlebury & Clifton,,E08000006,Salford,5273
E05013030,Pendleton & Charlestown,,E08000006,Salford,5274
E05013031,Quays,,E08000006,Salford,5275
E05013032,Swinton & Wardley,,E08000006,Salford,5276
E05013033,Swinton Park,,E08000006,Salford,5277
E05013034,Walkden North,,E08000006,Salford,5278
E05013035,Walkden South,,E08000006,Salford,5279
E05013036,Weaste & Seedley,,E08000006,Salford,5280
E05013037,Worsley & Westwood Park,,E08000006,Salford,5281
E05013038,Burn Valley,,E06000001,Hartlepool,5282
E05013039,De Bruce,,E06000001,Hartlepool,5283
E05013040,Fens & Greatham,,E06000001,Hartlepool,5284
E05012613,Thurston,,E07000203,Mid Suffolk,5285
E05012961,Gosfield & Greenstead Green,,E07000067,Braintree,5286
E05013041,Foggy Furze,,E06000001,Hartlepool,5287
E05013042,Hart,,E06000001,Hartlepool,5288
E05013043,Headland & Harbour,,E06000001,Hartlepool,5289
E05013044,Manor House,,E06000001,Hartlepool,5290
E05013045,Rossmere,,E06000001,Hartlepool,5291
E05013046,Rural West,,E06000001,Hartlepool,5292
E05013047,Seaton,,E06000001,Hartlepool,5293
E05013048,Throston,,E06000001,Hartlepool,5294
E05013049,Victoria,,E06000001,Hartlepool,5295
E05013050,Abbey,,E07000008,Cambridge,5296
E05013051,Arbury,,E07000008,Cambridge,5297
E05013052,Castle,,E07000008,Cambridge,5298
E05013053,Cherry Hinton,,E07000008,Cambridge,5299
E05013054,Coleridge,,E07000008,Cambridge,5300
E05013055,East Chesterton,,E07000008,Cambridge,5301
E05013056,King's Hedges,,E07000008,Cambridge,5302
E05013057,Market,,E07000008,Cambridge,5303
E05013058,Newnham,,E07000008,Cambridge,5304
E05013059,Petersfield,,E07000008,Cambridge,5305
E05013060,Queen Edith's,,E07000008,Cambridge,5306
E05012714,Shaftesbury Town,,E06000059,Dorset,5307
E05012899,Virginia Water,,E07000212,Runnymede,5308
E05012764,Bardwell,,E07000245,West Suffolk,5309
E05012849,Northill,,E06000056,Central Bedfordshire,5310
E05012850,Sandy,,E06000056,Central Bedfordshire,5311
E05012851,Ditchingham & Earsham,,E07000149,South Norfolk,5312
E05012852,Harleston,,E07000149,South Norfolk,5313
E05012853,Henley-on-Thames,,E07000179,South Oxfordshire,5314
E05012854,Sonning Common,,E07000179,South Oxfordshire,5315
E05012900,Woodham & Rowtown,,E07000212,Runnymede,5316
E05012855,Alkham & Capel-le-Ferne,,E07000108,Dover,5317
E05012765,Barningham,,E07000245,West Suffolk,5318
E05012962,Halstead St Andrew's,,E07000067,Braintree,5319
E05012901,Bowthorpe,,E07000148,Norwich,5320
E05012856,"Aylesham, Eythorne & Shepherdswell",,E07000108,Dover,5321
E05012766,Barrow,,E07000245,West Suffolk,5322
E05012963,Halstead Trinity,,E07000067,Braintree,5323
E05012614,Walsham-le-Willows,,E07000203,Mid Suffolk,5324
E05012715,Sherborne East,,E06000059,Dorset,5325
E05012902,Catton Grove,,E07000148,Norwich,5326
E05012857,Buckland,,E07000108,Dover,5327
E05012767,Brandon Central,,E07000245,West Suffolk,5328
E05012964,Hatfield Peverel & Terling,,E07000067,Braintree,5329
E05012615,Bishop's Tachbrook,,E07000222,Warwick,5330
E05012716,Sherborne Rural,,E06000059,Dorset,5331
E05012903,Crome,,E07000148,Norwich,5332
E05012858,Dover Downs & River,,E07000108,Dover,5333
E05012768,Brandon East,,E07000245,West Suffolk,5334
E05012965,Silver End & Cressing,,E07000067,Braintree,5335
E05012616,Budbrooke,,E07000222,Warwick,5336
E05012717,Sherborne West,,E06000059,Dorset,5337
E05012904,Eaton,,E07000148,Norwich,5338
E05012859,Eastry Rural,,E07000108,Dover,5339
E05012769,Brandon West,,E07000245,West Suffolk,5340
E05012966,Witham Central,,E07000067,Braintree,5341
E05012617,Cubbington & Leek Wootton,,E07000222,Warwick,5342
E05012718,South East Purbeck,,E06000059,Dorset,5343
E05012905,Lakenham,,E07000148,Norwich,5344
E05012860,"Guston, Kingsdown & St Margaret's-at-Cliffe",,E07000108,Dover,5345
E05012770,Chedburgh & Chevington,,E07000245,West Suffolk,5346
E05012967,Witham North,,E07000067,Braintree,5347
E05012618,Kenilworth Abbey & Arden,,E07000222,Warwick,5348
E05012719,Stalbridge & Marnhull,,E06000059,Dorset,5349
E05012906,Mancroft,,E07000148,Norwich,5350
E05012861,Little Stour & Ashstone,,E07000108,Dover,5351
E05012771,"Clare, Hundon & Kedington",,E07000245,West Suffolk,5352
E05012968,Bicester South and Ambrosden,,E07000177,Cherwell,5353
E05012619,Kenilworth Park Hill,,E07000222,Warwick,5354
E05012720,Stour & Allen Vale,,E06000059,Dorset,5355
E05012907,Mile Cross,,E07000148,Norwich,5356
E05012908,Nelson,,E07000148,Norwich,5357
E05012909,Sewell,,E07000148,Norwich,5358
E05012910,Thorpe Hamlet,,E07000148,Norwich,5359
E05012911,Town Close,,E07000148,Norwich,5360
E05012912,University,,E07000148,Norwich,5361
E05012913,Wensum,,E07000148,Norwich,5362
E05012914,Bewbush & North Broadfield,,E07000226,Crawley,5363
E05012915,Broadfield,,E07000226,Crawley,5364
E05012916,Furnace Green,,E07000226,Crawley,5365
E05012917,Gossops Green & North East Broadfield,,E07000226,Crawley,5366
E05012918,Ifield,,E07000226,Crawley,5367
E05012919,Langley Green & Tushmore,,E07000226,Crawley,5368
E05012920,Maidenbower,,E07000226,Crawley,5369
E05012921,Northgate & West Green,,E07000226,Crawley,5370
E05012922,Pound Hill North & Forge Wood,,E07000226,Crawley,5371
E05012923,Pound Hill South & Worth,,E07000226,Crawley,5372
E05012924,Southgate,,E07000226,Crawley,5373
E05012925,Three Bridges,,E07000226,Crawley,5374
E05012926,Tilgate,,E07000226,Crawley,5375
E05012927,Ampfield & Braishfield,,E07000093,Test Valley,5376
E05012928,Andover Harroway,,E07000093,Test Valley,5377
E05012929,Andover Millway,,E07000093,Test Valley,5378
E05012930,Andover St Mary's,,E07000093,Test Valley,5379
E05012931,Andover Winton,,E07000093,Test Valley,5380
E05012932,Anna,,E07000093,Test Valley,5381
E05012933,Bellinger,,E07000093,Test Valley,5382
E05012934,Bourne Valley,,E07000093,Test Valley,5383
E05012935,Charlton & the Pentons,,E07000093,Test Valley,5384
E05012936,"Chilworth, Nursling & Rownhams",,E07000093,Test Valley,5385
E05012937,North Baddesley,,E07000093,Test Valley,5386
E05012938,Romsey Cupernham,,E07000093,Test Valley,5387
E05012939,Valley Park,,E07000093,Test Valley,5388
E05012953,Little Stour & Adisham,,E07000106,Canterbury,5389
E05012954,Nailbourne,,E07000106,Canterbury,5390
E05012955,Reculver,,E07000106,Canterbury,5391
E05012956,Sturry,,E07000106,Canterbury,5392
E05012957,Credenhill,,E06000019,"Herefordshire, County of",5393
E05012958,Queenswood,,E06000019,"Herefordshire, County of",5394
E05012959,Stoney Street,,E06000019,"Herefordshire, County of",5395
E05012960,Sutton Walls,,E06000019,"Herefordshire, County of",5396
E05012721,Sturminster Newton,,E06000059,Dorset,5397
E05012722,Swanage,,E06000059,Dorset,5398
E05012723,Upwey & Broadwey,,E06000059,Dorset,5399
E05012724,Verwood,,E06000059,Dorset,5400
E05012725,Wareham,,E06000059,Dorset,5401
E05012726,West Moors & Three Legged Cross,,E06000059,Dorset,5402
E05012727,West Parley,,E06000059,Dorset,5403
E05012728,West Purbeck,,E06000059,Dorset,5404
E05012729,Westham,,E06000059,Dorset,5405
E05012730,Wimborne Minster,,E06000059,Dorset,5406
E05012731,Winterborne & Broadmayne,,E06000059,Dorset,5407
E05012732,Winterborne North,,E06000059,Dorset,5408
E05012733,Yetminster,,E06000059,Dorset,5409
E05012734,Aldeburgh & Leiston,,E07000244,East Suffolk,5410
E05012735,Beccles & Worlingham,,E07000244,East Suffolk,5411
E05012736,Bungay & Wainford,,E07000244,East Suffolk,5412
E05012737,Carlford & Fynn Valley,,E07000244,East Suffolk,5413
E05012738,Carlton & Whitton,,E07000244,East Suffolk,5414
E05012739,Carlton Colville,,E07000244,East Suffolk,5415
E05012740,Deben,,E07000244,East Suffolk,5416
E05012741,Eastern Felixstowe,,E07000244,East Suffolk,5417
E05012742,Framlingham,,E07000244,East Suffolk,5418
E05012743,Gunton & St Margarets,,E07000244,East Suffolk,5419
E05012744,Halesworth & Blything,,E07000244,East Suffolk,5420
E05012745,Harbour & Normanston,,E07000244,East Suffolk,5421
E05012746,Kelsale & Yoxford,,E07000244,East Suffolk,5422
E05012747,Kesgrave,,E07000244,East Suffolk,5423
E05012748,Kessingland,,E07000244,East Suffolk,5424
E05012749,Kirkley & Pakefield,,E07000244,East Suffolk,5425
E05012750,Lothingland,,E07000244,East Suffolk,5426
E05012751,Martlesham & Purdis Farm,,E07000244,East Suffolk,5427
E05012752,Melton,,E07000244,East Suffolk,5428
E05012753,Orwell & Villages,,E07000244,East Suffolk,5429
E05012754,Oulton Broad,,E07000244,East Suffolk,5430
E05012755,Rendlesham & Orford,,E07000244,East Suffolk,5431
E05012756,Rushmere St Andrew,,E07000244,East Suffolk,5432
E05012757,Saxmundham,,E07000244,East Suffolk,5433
E05012758,Southwold,,E07000244,East Suffolk,5434
E05012759,Western Felixstowe,,E07000244,East Suffolk,5435
E05012760,Wickham Market,,E07000244,East Suffolk,5436
E05012761,Woodbridge,,E07000244,East Suffolk,5437
E05012762,"Wrentham, Wangford & Westleton",,E07000244,East Suffolk,5438
E05012620,Kenilworth St John's,,E07000222,Warwick,5439
E05012969,Fringford and Heyfords,,E07000177,Cherwell,5440
E05012772,Eastgate,,E07000245,West Suffolk,5441
E05012862,Maxton & Elms Vale,,E07000108,Dover,5442
E05012863,Middle Deal,,E07000108,Dover,5443
E05012864,Mill Hill,,E07000108,Dover,5444
E05012865,North Deal,,E07000108,Dover,5445
E05012866,St Radigunds,,E07000108,Dover,5446
E05012867,Sandwich,,E07000108,Dover,5447
E05012868,Tower Hamlets,,E07000108,Dover,5448
E05012869,Town & Castle,,E07000108,Dover,5449
E05012870,Walmer,,E07000108,Dover,5450
E05012871,Whitfield,,E07000108,Dover,5451
E05012872,Banstead Village,,E07000211,Reigate and Banstead,5452
E05012873,"Chipstead, Kingswood & Woodmansterne",,E07000211,Reigate and Banstead,5453
E05012874,Earlswood & Whitebushes,,E07000211,Reigate and Banstead,5454
E05012875,"Hooley, Merstham & Netherne",,E07000211,Reigate and Banstead,5455
E05012876,Horley Central & South,,E07000211,Reigate and Banstead,5456
E05012877,Horley East & Salfords,,E07000211,Reigate and Banstead,5457
E05012878,Horley West & Sidlow,,E07000211,Reigate and Banstead,5458
E05012879,"Lower Kingswood, Tadworth & Walton",,E07000211,Reigate and Banstead,5459
E05012880,Meadvale & St John's,,E07000211,Reigate and Banstead,5460
E05012881,Nork,,E07000211,Reigate and Banstead,5461
E05012882,Redhill East,,E07000211,Reigate and Banstead,5462
E05012883,Redhill West & Wray Common,,E07000211,Reigate and Banstead,5463
E05012884,Reigate,,E07000211,Reigate and Banstead,5464
E05012885,South Park & Woodhatch,,E07000211,Reigate and Banstead,5465
E05012886,Tattenham Corner & Preston,,E07000211,Reigate and Banstead,5466
E05012887,Addlestone North,,E07000212,Runnymede,5467
E05012888,Addlestone South,,E07000212,Runnymede,5468
E05012889,Chertsey Riverside,,E07000212,Runnymede,5469
E05012890,Chertsey St Ann's,,E07000212,Runnymede,5470
E05012891,Egham Hythe,,E07000212,Runnymede,5471
E05012892,Egham Town,,E07000212,Runnymede,5472
E05012893,Englefield Green East,,E07000212,Runnymede,5473
E05012894,Englefield Green West,,E07000212,Runnymede,5474
E05012895,"Longcross, Lyne & Chertsey South",,E07000212,Runnymede,5475
E05012896,New Haw,,E07000212,Runnymede,5476
E05012897,Ottershaw,,E07000212,Runnymede,5477
E05012773,Exning,,E07000245,West Suffolk,5478
E05012774,Haverhill Central,,E07000245,West Suffolk,5479
E05012775,Haverhill East,,E07000245,West Suffolk,5480
E05012776,Haverhill North,,E07000245,West Suffolk,5481
E05012777,Haverhill South,,E07000245,West Suffolk,5482
E05012778,Haverhill South East,,E07000245,West Suffolk,5483
E05012779,Haverhill West,,E07000245,West Suffolk,5484
E05012780,Horringer,,E07000245,West Suffolk,5485
E05012781,Iceni,,E07000245,West Suffolk,5486
E05012782,Ixworth,,E07000245,West Suffolk,5487
E05012783,Kentford & Moulton,,E07000245,West Suffolk,5488
E05012784,Lakenheath,,E07000245,West Suffolk,5489
E05012785,Manor,,E07000245,West Suffolk,5490
E05012786,Mildenhall Great Heath,,E07000245,West Suffolk,5491
E05012787,Mildenhall Kingsway & Market,,E07000245,West Suffolk,5492
E05012788,Mildenhall Queensway,,E07000245,West Suffolk,5493
E05012789,Minden,,E07000245,West Suffolk,5494
E05012790,Moreton Hall,,E07000245,West Suffolk,5495
E05012791,Newmarket East,,E07000245,West Suffolk,5496
E05012792,Newmarket North,,E07000245,West Suffolk,5497
E05012793,Newmarket West,,E07000245,West Suffolk,5498
E05012794,Pakenham & Troston,,E07000245,West Suffolk,5499
E05012795,Risby,,E07000245,West Suffolk,5500
E05012796,Rougham,,E07000245,West Suffolk,5501
E05012797,St Olaves,,E07000245,West Suffolk,5502
E05012798,Southgate,,E07000245,West Suffolk,5503
E05012799,Stanton,,E07000245,West Suffolk,5504
E05012800,The Fornhams & Great Barton,,E07000245,West Suffolk,5505
E05012801,The Rows,,E07000245,West Suffolk,5506
E05012802,Tollgate,,E07000245,West Suffolk,5507
E05012803,Westgate,,E07000245,West Suffolk,5508
E05012804,Whepstead & Wickhambrook,,E07000245,West Suffolk,5509
E05012805,Withersfield,,E07000245,West Suffolk,5510
E05012841,Adel & Wharfedale,,E08000035,Leeds,5511
E05012842,Alwoodley,,E08000035,Leeds,5512
E05012843,Ampthill,,E06000056,Central Bedfordshire,5513
E05012844,Caddington,,E06000056,Central Bedfordshire,5514
E05012845,Dunstable-Manshead,,E06000056,Central Bedfordshire,5515
E05012846,Dunstable-Northfields,,E06000056,Central Bedfordshire,5516
E05012847,Houghton Conquest and Haynes,,E06000056,Central Bedfordshire,5517
E05012970,Abingdon Dunmore,,E07000180,Vale of White Horse,5518
E05012621,Leamington Brunswick,,E07000222,Warwick,5519
E05012622,Leamington Clarendon,,E07000222,Warwick,5520
E05012623,Leamington Lillington,,E07000222,Warwick,5521
E05012624,Leamington Milverton,,E07000222,Warwick,5522
E05012625,Leamington Willes,,E07000222,Warwick,5523
E05012626,Radford Semele,,E07000222,Warwick,5524
E05012627,Warwick All Saints & Woodloes,,E07000222,Warwick,5525
E05012628,Warwick Aylesford,,E07000222,Warwick,5526
E05012629,Warwick Myton & Heathcote,,E07000222,Warwick,5527
E05012630,Warwick Saltisford,,E07000222,Warwick,5528
E05012631,Whitnash,,E07000222,Warwick,5529
E05012632,Barleythorpe,,E06000017,Rutland,5530
E05012633,Braunston & Martinsthorpe,,E06000017,Rutland,5531
E05012634,Cottesmore,,E06000017,Rutland,5532
E05012635,Exton,,E06000017,Rutland,5533
E05012636,Greetham,,E06000017,Rutland,5534
E05012637,Ketton,,E06000017,Rutland,5535
E05012638,Langham,,E06000017,Rutland,5536
E05012639,Lyddington,,E06000017,Rutland,5537
E05012640,Normanton,,E06000017,Rutland,5538
E05012641,Oakham North East,,E06000017,Rutland,5539
E05012642,Oakham North West,,E06000017,Rutland,5540
E05012643,Oakham South,,E06000017,Rutland,5541
E05012644,Ryhall & Casterton,,E06000017,Rutland,5542
E05012645,Uppingham,,E06000017,Rutland,5543
E05012646,Whissendine,,E06000017,Rutland,5544
E05012647,Beeston & Holbeck,,E08000035,Leeds,5545
E05012648,Farnley & Wortley,,E08000035,Leeds,5546
E05012649,Alderney & Bourne Valley,,E06000058,"Bournemouth, Christchurch and Poole",5547
E05012650,Bearwood & Merley,,E06000058,"Bournemouth, Christchurch and Poole",5548
E05012651,Boscombe East & Pokesdown,,E06000058,"Bournemouth, Christchurch and Poole",5549
E05012652,Boscombe West,,E06000058,"Bournemouth, Christchurch and Poole",5550
E05012653,Bournemouth Central,,E06000058,"Bournemouth, Christchurch and Poole",5551
E05012654,Broadstone,,E06000058,"Bournemouth, Christchurch and Poole",5552
E05012655,Burton & Grange,,E06000058,"Bournemouth, Christchurch and Poole",5553
E05012656,Canford Cliffs,,E06000058,"Bournemouth, Christchurch and Poole",5554
E05012657,Canford Heath,,E06000058,"Bournemouth, Christchurch and Poole",5555
E05012658,Christchurch Town,,E06000058,"Bournemouth, Christchurch and Poole",5556
E05012659,Commons,,E06000058,"Bournemouth, Christchurch and Poole",5557
E05012660,Creekmoor,,E06000058,"Bournemouth, Christchurch and Poole",5558
E05012661,East Cliff & Springbourne,,E06000058,"Bournemouth, Christchurch and Poole",5559
E05012662,East Southbourne & Tuckton,,E06000058,"Bournemouth, Christchurch and Poole",5560
E05012971,Abingdon Peachcroft,,E07000180,Vale of White Horse,5561
E05012972,Botley & Sunningwell,,E07000180,Vale of White Horse,5562
E05012973,Faringdon,,E07000180,Vale of White Horse,5563
E05012974,Grove North,,E07000180,Vale of White Horse,5564
E05012975,Hendreds,,E07000180,Vale of White Horse,5565
E05012976,Kennington & Radley,,E07000180,Vale of White Horse,5566
E05012977,Marcham,,E07000180,Vale of White Horse,5567
E05012978,Wantage & Grove Brook,,E07000180,Vale of White Horse,5568
E05012979,Wantage Charlton,,E07000180,Vale of White Horse,5569
E05012980,Watchfield & Shrivenham,,E07000180,Vale of White Horse,5570
E05012981,Bishop's Stortford All Saints,,E07000242,East Hertfordshire,5571
E05012982,Bishop's Stortford Central,,E07000242,East Hertfordshire,5572
E05012983,Bishop's Stortford Meads,,E07000242,East Hertfordshire,5573
E05012984,Bishop's Stortford Silverleys,,E07000242,East Hertfordshire,5574
E05012985,Bishop's Stortford South,,E07000242,East Hertfordshire,5575
E05012986,Buntingford,,E07000242,East Hertfordshire,5576
E05012987,Mundens and Cottered,,E07000242,East Hertfordshire,5577
E05012988,East Malling,,E07000115,Tonbridge and Malling,5578
E05012989,Kings Hill,,E07000115,Tonbridge and Malling,5579
E05012990,Barton,,E07000106,Canterbury,5580
E05012991,Chartham & Stone Street,,E07000106,Canterbury,5581
E05012992,Kingston Bagpuize,,E07000180,Vale of White Horse,5582
E05012993,Anston & Woodsetts,,E08000018,Rotherham,5583
E05012994,Aston & Todwick,,E08000018,Rotherham,5584
E05012995,Aughton & Swallownest,,E08000018,Rotherham,5585
E05012996,Boston Castle,,E08000018,Rotherham,5586
E05012997,Bramley & Ravenfield,,E08000018,Rotherham,5587
E05012998,Brinsworth,,E08000018,Rotherham,5588
E05012999,Dalton & Thrybergh,,E08000018,Rotherham,5589
E05013000,Dinnington,,E08000018,Rotherham,5590
E05013001,Greasbrough,,E08000018,Rotherham,5591
E05013002,Hellaby & Maltby West,,E08000018,Rotherham,5592
E05013003,Hoober,,E08000018,Rotherham,5593
E05013004,Keppel,,E08000018,Rotherham,5594
E05013005,Kilnhurst & Swinton East,,E08000018,Rotherham,5595
E05013006,Maltby East,,E08000018,Rotherham,5596
E05013007,Rawmarsh East,,E08000018,Rotherham,5597
E05013008,Rawmarsh West,,E08000018,Rotherham,5598
E05013009,Rother Vale,,E08000018,Rotherham,5599
E05013010,Rotherham East,,E08000018,Rotherham,5600
E05013211,Whitefield & Walverden,,E07000122,Pendle,5601
E05013212,Cainscross,,E07000082,Stroud,5602
E05013061,Romsey,,E07000008,Cambridge,5603
E05013213,Brickhill and Queensway,,E06000061,North Northamptonshire,5604
E05013214,Burton and Broughton,,E06000061,North Northamptonshire,5605
E05013215,Clover Hill,,E06000061,North Northamptonshire,5606
E05013216,Corby Rural,,E06000061,North Northamptonshire,5607
E05013217,Corby West,,E06000061,North Northamptonshire,5608
E05013218,Croyland and Swanspool,,E06000061,North Northamptonshire,5609
E05013219,Desborough,,E06000061,North Northamptonshire,5610
E05013220,Earls Barton,,E06000061,North Northamptonshire,5611
E05013221,Finedon,,E06000061,North Northamptonshire,5612
E05013222,Hatton Park,,E06000061,North Northamptonshire,5613
E05013223,Higham Ferrers,,E06000061,North Northamptonshire,5614
E05013224,Irchester,,E06000061,North Northamptonshire,5615
E05013225,Irthlingborough,,E06000061,North Northamptonshire,5616
E05013226,Ise,,E06000061,North Northamptonshire,5617
E05013227,Kingswood,,E06000061,North Northamptonshire,5618
E05013228,Lloyds,,E06000061,North Northamptonshire,5619
E05013229,Northall,,E06000061,North Northamptonshire,5620
E05013230,Oakley,,E06000061,North Northamptonshire,5621
E05013231,Oundle,,E06000061,North Northamptonshire,5622
E05013232,Raunds,,E06000061,North Northamptonshire,5623
E05013233,Rothwell and Mawsley,,E06000061,North Northamptonshire,5624
E05013234,Rushden Pemberton West,,E06000061,North Northamptonshire,5625
E05013235,Rushden South,,E06000061,North Northamptonshire,5626
E05013236,Thrapston,,E06000061,North Northamptonshire,5627
E05013237,Wicksteed,,E06000061,North Northamptonshire,5628
E05013238,Windmill,,E06000061,North Northamptonshire,5629
E05013239,Abington and Phippsville,,E06000062,West Northamptonshire,5630
E05013240,Billing and Rectory Farm,,E06000062,West Northamptonshire,5631
E05013241,Boothville and Parklands,,E06000062,West Northamptonshire,5632
E05013242,Brackley,,E06000062,West Northamptonshire,5633
E05013243,Braunston and Crick,,E06000062,West Northamptonshire,5634
E05013244,Brixworth,,E06000062,West Northamptonshire,5635
E05013245,Bugbrooke,,E06000062,West Northamptonshire,5636
E05013246,Castle,,E06000062,West Northamptonshire,5637
E05013247,Dallington Spencer,,E06000062,West Northamptonshire,5638
E05013248,Daventry East,,E06000062,West Northamptonshire,5639
E05013249,Daventry West,,E06000062,West Northamptonshire,5640
E05013250,Deanshanger,,E06000062,West Northamptonshire,5641
E05013251,Delapre and Rushmere,,E06000062,West Northamptonshire,5642
E05013252,Duston East,,E06000062,West Northamptonshire,5643
E05013253,Duston West and St. Crispin,,E06000062,West Northamptonshire,5644
E05013254,East Hunsbury and Shelfleys,,E06000062,West Northamptonshire,5645
E05013255,Hackleton and Grange Park,,E06000062,West Northamptonshire,5646
E05013256,Headlands,,E06000062,West Northamptonshire,5647
E05013257,Kingsthorpe North,,E06000062,West Northamptonshire,5648
E05013258,Kingsthorpe South,,E06000062,West Northamptonshire,5649
E05013259,Long Buckby,,E06000062,West Northamptonshire,5650
E05013260,Middleton Cheney,,E06000062,West Northamptonshire,5651
E05013324,"Porthleven, Breage & Germoe",,E06000052,Cornwall,5652
E05013387,Ryde North West,,E06000046,Isle of Wight,5653
E05013438,Kington,,E06000054,Wiltshire,5654
E05013261,Moulton,,E06000062,West Northamptonshire,5655
E05013161,The Risboroughs,,E06000060,Buckinghamshire,5656
E05013111,Osney & St Thomas,,E07000178,Oxford,5657
E05013112,Quarry & Risinghurst,,E07000178,Oxford,5658
E05013113,Rose Hill & Iffley,,E07000178,Oxford,5659
E05013114,St Clement's,,E07000178,Oxford,5660
E05013115,St Mary's,,E07000178,Oxford,5661
E05013116,Summertown,,E07000178,Oxford,5662
E05013117,Temple Cowley,,E07000178,Oxford,5663
E05013118,Walton Manor,,E07000178,Oxford,5664
E05013119,Wolvercote,,E07000178,Oxford,5665
E05013120,Abbey,,E06000060,Buckinghamshire,5666
E05013121,Amersham and Chesham Bois,,E06000060,Buckinghamshire,5667
E05013122,Aston Clinton and Bierton,,E06000060,Buckinghamshire,5668
E05013123,Aylesbury East,,E06000060,Buckinghamshire,5669
E05013124,Aylesbury North,,E06000060,Buckinghamshire,5670
E05013125,Aylesbury North West,,E06000060,Buckinghamshire,5671
E05013126,Aylesbury South East,,E06000060,Buckinghamshire,5672
E05013127,Aylesbury South West,,E06000060,Buckinghamshire,5673
E05013128,Aylesbury West,,E06000060,Buckinghamshire,5674
E05013129,Beaconsfield,,E06000060,Buckinghamshire,5675
E05013130,Bernwood,,E06000060,Buckinghamshire,5676
E05013131,"Booker, Cressex and Castlefield",,E06000060,Buckinghamshire,5677
E05013132,Buckingham East,,E06000060,Buckinghamshire,5678
E05013133,Buckingham West,,E06000060,Buckinghamshire,5679
E05013134,Chalfont St Giles,,E06000060,Buckinghamshire,5680
E05013135,Chalfont St Peter,,E06000060,Buckinghamshire,5681
E05013136,Chesham,,E06000060,Buckinghamshire,5682
E05013137,Chess Valley,,E06000060,Buckinghamshire,5683
E05013138,Chiltern Ridges,,E06000060,Buckinghamshire,5684
E05013139,Chiltern Villages,,E06000060,Buckinghamshire,5685
E05013140,Cliveden,,E06000060,Buckinghamshire,5686
E05013141,Denham,,E06000060,Buckinghamshire,5687
E05013142,Downley,,E06000060,Buckinghamshire,5688
E05013143,Farnham Common and Burnham Beeches,,E06000060,Buckinghamshire,5689
E05013144,"Flackwell Heath, Little Marlow and Marlow South East",,E06000060,Buckinghamshire,5690
E05013145,Gerrards Cross,,E06000060,Buckinghamshire,5691
E05013146,Great Brickhill,,E06000060,Buckinghamshire,5692
E05013147,Great Missenden,,E06000060,Buckinghamshire,5693
E05013148,Grendon Underwood,,E06000060,Buckinghamshire,5694
E05013149,Hazlemere,,E06000060,Buckinghamshire,5695
E05013150,Iver,,E06000060,Buckinghamshire,5696
E05013151,Ivinghoe,,E06000060,Buckinghamshire,5697
E05013152,Little Chalfont and Amersham Common,,E06000060,Buckinghamshire,5698
E05013153,Marlow,,E06000060,Buckinghamshire,5699
E05013154,Penn Wood and Old Amersham,,E06000060,Buckinghamshire,5700
E05013155,Ridgeway East,,E06000060,Buckinghamshire,5701
E05013156,Ridgeway West,,E06000060,Buckinghamshire,5702
E05013157,Ryemead and Micklefield,,E06000060,Buckinghamshire,5703
E05013158,Stoke Poges and Wexham,,E06000060,Buckinghamshire,5704
E05013159,Stone and Waddesdon,,E06000060,Buckinghamshire,5705
E05013160,Terriers and Amersham Hill,,E06000060,Buckinghamshire,5706
E05013325,Poundstock,,E06000052,Cornwall,5707
E05013062,Trumpington,,E07000008,Cambridge,5708
E05013388,Ryde South East,,E06000046,Isle of Wight,5709
E05013262,Nene Valley,,E06000062,West Northamptonshire,5710
E05013162,"The Wooburns, Bourne End and Hedsor",,E06000060,Buckinghamshire,5711
E05013439,Laverstock,,E06000054,Wiltshire,5712
E05013440,Ludgershall North & Rural,,E06000054,Wiltshire,5713
E05013441,Lyneham,,E06000054,Wiltshire,5714
E05013442,Malmesbury,,E06000054,Wiltshire,5715
E05013443,Marlborough East,,E06000054,Wiltshire,5716
E05013444,Marlborough West,,E06000054,Wiltshire,5717
E05013446,Melksham Forest,,E06000054,Wiltshire,5718
E05013447,Melksham South,,E06000054,Wiltshire,5719
E05013448,Melksham Without North & Shurnhold,,E06000054,Wiltshire,5720
E05013449,Melksham Without West & Rural,,E06000054,Wiltshire,5721
E05013450,Mere,,E06000054,Wiltshire,5722
E05013451,Minety,,E06000054,Wiltshire,5723
E05013452,Nadder Valley,,E06000054,Wiltshire,5724
E05013453,Old Sarum & Lower Bourne Valley,,E06000054,Wiltshire,5725
E05013455,Pewsey Vale East,,E06000054,Wiltshire,5726
E05013457,Purton,,E06000054,Wiltshire,5727
E05013458,Redlynch & Landford,,E06000054,Wiltshire,5728
E05013459,Royal Wootton Bassett East,,E06000054,Wiltshire,5729
E05013460,Royal Wootton Bassett North,,E06000054,Wiltshire,5730
E05013461,Royal Wootton Bassett South & West,,E06000054,Wiltshire,5731
E05013462,Salisbury Bemerton Heath,,E06000054,Wiltshire,5732
E05013463,Salisbury Fisherton & Bemerton Village,,E06000054,Wiltshire,5733
E05013464,Salisbury Harnham East,,E06000054,Wiltshire,5734
E05013465,Salisbury Harnham West,,E06000054,Wiltshire,5735
E05013466,Salisbury Milford,,E06000054,Wiltshire,5736
E05013467,Salisbury St Edmund's,,E06000054,Wiltshire,5737
E05013468,Salisbury St Francis & Stratford,,E06000054,Wiltshire,5738
E05013469,Salisbury St Paul's,,E06000054,Wiltshire,5739
E05013470,Sherston,,E06000054,Wiltshire,5740
E05013471,Southwick,,E06000054,Wiltshire,5741
E05013472,The Lavingtons,,E06000054,Wiltshire,5742
E05013473,Tidworth East & Ludgershall South,,E06000054,Wiltshire,5743
E05013474,Tidworth North & West,,E06000054,Wiltshire,5744
E05013475,Till Valley,,E06000054,Wiltshire,5745
E05013476,Tisbury,,E06000054,Wiltshire,5746
E05013477,Trowbridge Adcroft,,E06000054,Wiltshire,5747
E05013478,Trowbridge Central,,E06000054,Wiltshire,5748
E05013479,Trowbridge Drynham,,E06000054,Wiltshire,5749
E05013480,Trowbridge Grove,,E06000054,Wiltshire,5750
E05013481,Trowbridge Lambrok,,E06000054,Wiltshire,5751
E05013482,Trowbridge Park,,E06000054,Wiltshire,5752
E05013483,Trowbridge Paxcroft,,E06000054,Wiltshire,5753
E05013484,Urchfont & Bishops Cannings,,E06000054,Wiltshire,5754
E05013485,Warminster Broadway,,E06000054,Wiltshire,5755
E05013486,Warminster East,,E06000054,Wiltshire,5756
E05013487,Warminster North & Rural,,E06000054,Wiltshire,5757
E05013488,Warminster West,,E06000054,Wiltshire,5758
E05013489,Westbury East,,E06000054,Wiltshire,5759
E05013490,Westbury North,,E06000054,Wiltshire,5760
E05013163,Totteridge and Bowerdean,,E06000060,Buckinghamshire,5761
E05013263,Riverside Park,,E06000062,West Northamptonshire,5762
E05013389,Ryde West,,E06000046,Isle of Wight,5763
E05013063,West Chesterton,,E07000008,Cambridge,5764
E05013327,Rame Peninsula & St Germans,,E06000052,Cornwall,5765
E05013329,Redruth North,,E06000052,Cornwall,5766
E05013164,Tylers Green and Loudwater,,E06000060,Buckinghamshire,5767
E05013264,St. George,,E06000062,West Northamptonshire,5768
E05013330,Redruth South,,E06000052,Cornwall,5769
E05013165,"Wendover, Halton and Stoke Mandeville",,E06000060,Buckinghamshire,5770
E05013265,Silverstone,,E06000062,West Northamptonshire,5771
E05013390,Sandown North,,E06000046,Isle of Wight,5772
E05013064,Adlington & Anderton,,E07000118,Chorley,5773
E05013331,Roche & Bugle,,E06000052,Cornwall,5774
E05013166,West Wycombe,,E06000060,Buckinghamshire,5775
E05013266,Sixfields,,E06000062,West Northamptonshire,5776
E05013391,Sandown South,,E06000046,Isle of Wight,5777
E05013065,Buckshaw & Whittle,,E07000118,Chorley,5778
E05013336,St Blazey,,E06000052,Cornwall,5779
E05013167,Wing,,E06000060,Buckinghamshire,5780
E05013267,Talavera,,E06000062,West Northamptonshire,5781
E05013392,Shanklin Central,,E06000046,Isle of Wight,5782
E05013066,Chorley East,,E07000118,Chorley,5783
E05013337,St Cleer & Menheniot,,E06000052,Cornwall,5784
E05013168,Winslow,,E06000060,Buckinghamshire,5785
E05013268,Towcester and Roade,,E06000062,West Northamptonshire,5786
E05013393,Shanklin South,,E06000046,Isle of Wight,5787
E05013067,Chorley North East,,E07000118,Chorley,5788
E05013338,"St Columb Major, St Mawgan & St Wenn",,E06000052,Cornwall,5789
E05013169,Appleton,,E06000006,Halton,5790
E05013269,Woodford and Weedon,,E06000062,West Northamptonshire,5791
E05013394,Totland & Colwell,,E06000046,Isle of Wight,5792
E05013068,Chorley North West,,E07000118,Chorley,5793
E05013341,"St Goran, Tregony & the Roseland",,E06000052,Cornwall,5794
E05013170,Bankfield,,E06000006,Halton,5795
E05013270,Newsham,,E06000057,Northumberland,5796
E05013271,Seghill with Seaton Delaval,,E06000057,Northumberland,5797
E05013273,Bodmin St Mary's & St Leonard,,E06000052,Cornwall,5798
E05013274,Bodmin St Petroc's,,E06000052,Cornwall,5799
E05013275,Bude,,E06000052,Cornwall,5800
E05013276,Callington & St Dominic,,E06000052,Cornwall,5801
E05013277,Calstock,,E06000052,Cornwall,5802
E05013278,Camborne Roskear & Tuckingmill,,E06000052,Cornwall,5803
E05013279,Camborne Trelowarren,,E06000052,Cornwall,5804
E05013280,Camborne West & Treswithian,,E06000052,Cornwall,5805
E05013281,Camelford & Boscastle,,E06000052,Cornwall,5806
E05013282,"Constantine, Mabe & Mawnan",,E06000052,Cornwall,5807
E05013284,Falmouth Arwenack,,E06000052,Cornwall,5808
E05013286,Falmouth Penwerris,,E06000052,Cornwall,5809
E05013288,Feock & Kea,,E06000052,Cornwall,5810
E05013289,"Four Lanes, Beacon & Troon",,E06000052,Cornwall,5811
E05013290,"Fowey, Tywardreath & Par",,E06000052,Cornwall,5812
E05013291,"Gloweth, Malabar & Shortlanesend",,E06000052,Cornwall,5813
E05013292,Gwinear-Gwithian & Hayle East,,E06000052,Cornwall,5814
E05013293,Hayle West,,E06000052,Cornwall,5815
E05013295,Helston South & Meneage,,E06000052,Cornwall,5816
E05013297,Land's End,,E06000052,Cornwall,5817
E05013298,"Lanivet, Blisland & Bodmin St Lawrence",,E06000052,Cornwall,5818
E05013301,Launceston South,,E06000052,Cornwall,5819
E05013302,Liskeard Central,,E06000052,Cornwall,5820
E05013303,Liskeard South & Dobwalls,,E06000052,Cornwall,5821
E05013305,Looe East & Deviock,,E06000052,Cornwall,5822
E05013306,"Looe West, Pelynt, Lansallos & Lanteglos",,E06000052,Cornwall,5823
E05013307,Lostwithiel & Lanreath,,E06000052,Cornwall,5824
E05013308,"Ludgvan, Madron, Gulval & Heamoor",,E06000052,Cornwall,5825
E05013309,Lynher,,E06000052,Cornwall,5826
E05013311,"Mousehole, Newlyn & St Buryan",,E06000052,Cornwall,5827
E05013312,Mullion & St Keverne,,E06000052,Cornwall,5828
E05013313,"Mylor, Perranarworthal & Ponsanooth",,E06000052,Cornwall,5829
E05013314,Newquay Central & Pentire,,E06000052,Cornwall,5830
E05013315,Newquay Porth & Tretherras,,E06000052,Cornwall,5831
E05013317,Padstow,,E06000052,Cornwall,5832
E05013319,Penwithick & Boscoppa,,E06000052,Cornwall,5833
E05013320,Penzance East,,E06000052,Cornwall,5834
E05013321,Penzance Promenade,,E06000052,Cornwall,5835
E05013323,Pool & Tehidy,,E06000052,Cornwall,5836
E05013346,St Stephen-in-Brannel,,E06000052,Cornwall,5837
E05013347,St Teath & Tintagel,,E06000052,Cornwall,5838
E05013348,Saltash Essa,,E06000052,Cornwall,5839
E05013349,Saltash Tamar,,E06000052,Cornwall,5840
E05013350,Saltash Trematon & Landrake,,E06000052,Cornwall,5841
E05013351,"Stratton, Kilkhampton & Morwenstow",,E06000052,Cornwall,5842
E05013353,Torpoint,,E06000052,Cornwall,5843
E05013354,Truro Boscawen & Redannick,,E06000052,Cornwall,5844
E05013355,Truro Moresk & Trehaverne,,E06000052,Cornwall,5845
E05013356,Truro Tregolls,,E06000052,Cornwall,5846
E05013357,Wadebridge East & St Minver,,E06000052,Cornwall,5847
E05013358,Wadebridge West & St Mabyn,,E06000052,Cornwall,5848
E05013359,Bembridge,,E06000046,Isle of Wight,5849
E05013360,Binstead & Fishbourne,,E06000046,Isle of Wight,5850
E05013361,Brading & St Helens,,E06000046,Isle of Wight,5851
E05013362,"Brighstone, Calbourne & Shalfleet",,E06000046,Isle of Wight,5852
E05013363,Carisbrooke & Gunville,,E06000046,Isle of Wight,5853
E05013364,Central Rural,,E06000046,Isle of Wight,5854
E05013365,"Chale, Niton & Shorwell",,E06000046,Isle of Wight,5855
E05013366,Cowes Medina,,E06000046,Isle of Wight,5856
E05013367,Cowes North,,E06000046,Isle of Wight,5857
E05013368,Cowes South & Northwood,,E06000046,Isle of Wight,5858
E05013171,Beechwood & Heath,,E06000006,Halton,5859
E05013369,Cowes West & Gurnard,,E06000046,Isle of Wight,5860
E05013370,East Cowes,,E06000046,Isle of Wight,5861
E05013371,Fairlee & Whippingham,,E06000046,Isle of Wight,5862
E05013372,Freshwater North & Yarmouth,,E06000046,Isle of Wight,5863
E05013373,Freshwater South,,E06000046,Isle of Wight,5864
E05013374,Haylands & Swanmore,,E06000046,Isle of Wight,5865
E05013375,Lake North,,E06000046,Isle of Wight,5866
E05013376,Lake South,,E06000046,Isle of Wight,5867
E05013377,Mountjoy & Shide,,E06000046,Isle of Wight,5868
E05013378,Nettlestone & Seaview,,E06000046,Isle of Wight,5869
E05013379,"Newchurch, Havenstreet & Ashey",,E06000046,Isle of Wight,5870
E05013380,Newport Central,,E06000046,Isle of Wight,5871
E05013381,Newport West,,E06000046,Isle of Wight,5872
E05013382,Osborne,,E06000046,Isle of Wight,5873
E05013383,Pan & Barton,,E06000046,Isle of Wight,5874
E05013384,Parkhurst & Hunnyhill,,E06000046,Isle of Wight,5875
E05013385,Ryde Appley & Elmfield,,E06000046,Isle of Wight,5876
E05013386,Ryde Monktonmead,,E06000046,Isle of Wight,5877
E05013069,Chorley North & Astley,,E07000118,Chorley,5878
E05013395,Ventnor & St Lawrence,,E06000046,Isle of Wight,5879
E05013396,Wootton Bridge,,E06000046,Isle of Wight,5880
E05013397,"Wroxall, Lowtherville & Bonchurch",,E06000046,Isle of Wight,5881
E05013398,Aldbourne & Ramsbury,,E06000054,Wiltshire,5882
E05013399,Alderbury & Whiteparish,,E06000054,Wiltshire,5883
E05013400,Amesbury East & Bulford,,E06000054,Wiltshire,5884
E05013401,Amesbury South,,E06000054,Wiltshire,5885
E05013402,Amesbury West,,E06000054,Wiltshire,5886
E05013403,Avon Valley,,E06000054,Wiltshire,5887
E05013405,Box & Colerne,,E06000054,Wiltshire,5888
E05013406,Bradford-on-Avon North,,E06000054,Wiltshire,5889
E05013407,Bradford-on-Avon South,,E06000054,Wiltshire,5890
E05013408,Brinkworth,,E06000054,Wiltshire,5891
E05013409,"Bromham, Rowde & Roundway",,E06000054,Wiltshire,5892
E05013410,By Brook,,E06000054,Wiltshire,5893
E05013411,Calne Central,,E06000054,Wiltshire,5894
E05013412,Calne Chilvester & Abberd,,E06000054,Wiltshire,5895
E05013413,Calne North,,E06000054,Wiltshire,5896
E05013414,Calne Rural,,E06000054,Wiltshire,5897
E05013415,Calne South,,E06000054,Wiltshire,5898
E05013416,Chippenham Cepen Park & Derriads,,E06000054,Wiltshire,5899
E05013417,Chippenham Cepen Park & Hunters Moon,,E06000054,Wiltshire,5900
E05013418,Chippenham Hardenhuish,,E06000054,Wiltshire,5901
E05013419,Chippenham Hardens & Central,,E06000054,Wiltshire,5902
E05013420,Chippenham Lowden & Rowden,,E06000054,Wiltshire,5903
E05013421,Chippenham Monkton,,E06000054,Wiltshire,5904
E05013422,Chippenham Pewsham,,E06000054,Wiltshire,5905
E05013423,Chippenham Sheldon,,E06000054,Wiltshire,5906
E05013424,Corsham Ladbrook,,E06000054,Wiltshire,5907
E05013425,Corsham Pickwick,,E06000054,Wiltshire,5908
E05013426,Corsham Without,,E06000054,Wiltshire,5909
E05013427,Cricklade & Latton,,E06000054,Wiltshire,5910
E05013428,Devizes East,,E06000054,Wiltshire,5911
E05013429,Devizes North,,E06000054,Wiltshire,5912
E05013430,Devizes Rural West,,E06000054,Wiltshire,5913
E05013431,Devizes South,,E06000054,Wiltshire,5914
E05013432,Downton & Ebble Valley,,E06000054,Wiltshire,5915
E05013433,Durrington,,E06000054,Wiltshire,5916
E05013434,Ethandune,,E06000054,Wiltshire,5917
E05013435,Fovant & Chalke Valley,,E06000054,Wiltshire,5918
E05013436,Hilperton,,E06000054,Wiltshire,5919
E05013437,Holt,,E06000054,Wiltshire,5920
E05013070,Chorley South East & Heath Charnock,,E07000118,Chorley,5921
E05013172,Birchfield,,E06000006,Halton,5922
E05013173,Bridgewater,,E06000006,Halton,5923
E05013174,Central & West Bank,,E06000006,Halton,5924
E05013175,"Daresbury, Moore & Sandymoor",,E06000006,Halton,5925
E05013176,"Ditton, Hale Village & Halebank",,E06000006,Halton,5926
E05013177,Farnworth,,E06000006,Halton,5927
E05013178,Grange,,E06000006,Halton,5928
E05013179,Halton Castle,,E06000006,Halton,5929
E05013180,Halton Lea,,E06000006,Halton,5930
E05013181,Halton View,,E06000006,Halton,5931
E05013182,Highfield,,E06000006,Halton,5932
E05013183,Hough Green,,E06000006,Halton,5933
E05013184,Mersey & Weston,,E06000006,Halton,5934
E05013185,Norton North,,E06000006,Halton,5935
E05013186,Norton South & Preston Brook,,E06000006,Halton,5936
E05013187,Amberley and Woodchester,,E07000082,Stroud,5937
E05013188,Bisley,,E07000082,Stroud,5938
E05013189,Chalford,,E07000082,Stroud,5939
E05013190,Hardwicke,,E07000082,Stroud,5940
E05013191,Kingswood,,E07000082,Stroud,5941
E05013192,Minchinhampton,,E07000082,Stroud,5942
E05013193,Nailsworth,,E07000082,Stroud,5943
E05013194,Rodborough,,E07000082,Stroud,5944
E05013195,Severn,,E07000082,Stroud,5945
E05013196,Stonehouse,,E07000082,Stroud,5946
E05013197,Stroud Trinity,,E07000082,Stroud,5947
E05013198,Thrupp,,E07000082,Stroud,5948
E05013199,Wotton-under-Edge,,E07000082,Stroud,5949
E05013200,Barnoldswick,,E07000122,Pendle,5950
E05013201,Barrowford & Pendleside,,E07000122,Pendle,5951
E05013202,Boulsworth & Foulridge,,E07000122,Pendle,5952
E05013203,Bradley,,E07000122,Pendle,5953
E05013204,Brierfield East & Clover Hill,,E07000122,Pendle,5954
E05013205,Brierfield West & Reedley,,E07000122,Pendle,5955
E05013206,Earby & Coates,,E07000122,Pendle,5956
E05013207,Fence & Higham,,E07000122,Pendle,5957
E05013208,Marsden & Southfield,,E07000122,Pendle,5958
E05013209,Vivary Bridge,,E07000122,Pendle,5959
E05013210,Waterside & Horsfield,,E07000122,Pendle,5960
E05013071,Chorley South West,,E07000118,Chorley,5961
E05013072,"Clayton East, Brindle & Hoghton",,E07000118,Chorley,5962
E05013073,Clayton West & Cuerden,,E07000118,Chorley,5963
E05013074,Coppull,,E07000118,Chorley,5964
E05013075,"Croston, Mawdesley & Euxton South",,E07000118,Chorley,5965
E05013076,"Eccleston, Heskin & Charnock Richard",,E07000118,Chorley,5966
E05013077,Euxton,,E07000118,Chorley,5967
E05013078,Basing & Upton Grey,,E07000084,Basingstoke and Deane,5968
E05013079,Bramley,,E07000084,Basingstoke and Deane,5969
E05013080,Brighton Hill,,E07000084,Basingstoke and Deane,5970
E05013081,Brookvale & Kings Furlong,,E07000084,Basingstoke and Deane,5971
E05013082,Chineham,,E07000084,Basingstoke and Deane,5972
E05013083,Eastrop & Grove,,E07000084,Basingstoke and Deane,5973
E05013084,Evingar,,E07000084,Basingstoke and Deane,5974
E05013085,Hatch Warren & Beggarwood,,E07000084,Basingstoke and Deane,5975
E05013086,Kempshott & Buckskin,,E07000084,Basingstoke and Deane,5976
E05013087,Norden,,E07000084,Basingstoke and Deane,5977
E05013088,Oakley & The Candovers,,E07000084,Basingstoke and Deane,5978
E05013089,Popley,,E07000084,Basingstoke and Deane,5979
E05013090,Sherborne St John & Rooksdown,,E07000084,Basingstoke and Deane,5980
E05013091,South Ham,,E07000084,Basingstoke and Deane,5981
E05013092,Tadley & Pamber,,E07000084,Basingstoke and Deane,5982
E05013093,"Tadley North, Kingsclere & Baughurst",,E07000084,Basingstoke and Deane,5983
E05013094,"Whitchurch, Overton & Laverstoke",,E07000084,Basingstoke and Deane,5984
E05013095,Winklebury & Manydown,,E07000084,Basingstoke and Deane,5985
E05013096,Barton & Sandhills,,E07000178,Oxford,5986
E05013097,Blackbird Leys,,E07000178,Oxford,5987
E05013098,Carfax & Jericho,,E07000178,Oxford,5988
E05013099,Churchill,,E07000178,Oxford,5989
E05013100,Cowley,,E07000178,Oxford,5990
E05013101,Cutteslowe & Sunnymead,,E07000178,Oxford,5991
E05013102,Donnington,,E07000178,Oxford,5992
E05013103,Headington,,E07000178,Oxford,5993
E05013104,Headington Hill & Northway,,E07000178,Oxford,5994
E05013105,Hinksey Park,,E07000178,Oxford,5995
E05013106,Holywell,,E07000178,Oxford,5996
E05013107,Littlemore,,E07000178,Oxford,5997
E05013108,Lye Valley,,E07000178,Oxford,5998
E05013109,Marston,,E07000178,Oxford,5999
E05013110,Northfield Brook,,E07000178,Oxford,6000
E05013791,Whitton,,E09000027,Richmond upon Thames,6001
E05013792,Abbey Road,,E09000033,Westminster,6002
E05013793,Bayswater,,E09000033,Westminster,6003
E05013794,Church Street,,E09000033,Westminster,6004
E05013795,Harrow Road,,E09000033,Westminster,6005
E05013796,Hyde Park,,E09000033,Westminster,6006
E05013797,Knightsbridge & Belgravia,,E09000033,Westminster,6007
E05013798,Lancaster Gate,,E09000033,Westminster,6008
E05013799,Little Venice,,E09000033,Westminster,6009
E05013800,Maida Vale,,E09000033,Westminster,6010
E05013801,Marylebone,,E09000033,Westminster,6011
E05013802,Pimlico North,,E09000033,Westminster,6012
E05013803,Pimlico South,,E09000033,Westminster,6013
E05013804,Queen's Park,,E09000033,Westminster,6014
E05013805,Regent's Park,,E09000033,Westminster,6015
E05013806,St James's,,E09000033,Westminster,6016
E05013807,Vincent Square,,E09000033,Westminster,6017
E05013808,West End,,E09000033,Westminster,6018
E05013809,Westbourne,,E09000033,Westminster,6019
E05013810,Abbey,,E09000024,Merton,6020
E05013811,Cannon Hill,,E09000024,Merton,6021
E05013812,Colliers Wood,,E09000024,Merton,6022
E05013813,Cricket Green,,E09000024,Merton,6023
E05013814,Figge's Marsh,,E09000024,Merton,6024
E05013815,Graveney,,E09000024,Merton,6025
E05013816,Hillside,,E09000024,Merton,6026
E05013817,Lavender Fields,,E09000024,Merton,6027
E05013818,Longthornton,,E09000024,Merton,6028
E05013819,Lower Morden,,E09000024,Merton,6029
E05013820,Merton Park,,E09000024,Merton,6030
E05013821,Pollards Hill,,E09000024,Merton,6031
E05013822,Ravensbury,,E09000024,Merton,6032
E05013823,Raynes Park,,E09000024,Merton,6033
E05013824,St Helier,,E09000024,Merton,6034
E05013825,Village,,E09000024,Merton,6035
E05013826,Wandle,,E09000024,Merton,6036
E05013827,West Barnes,,E09000024,Merton,6037
E05013828,Wimbledon Park,,E09000024,Merton,6038
E05013829,Wimbledon Town & Dundonald,,E09000024,Merton,6039
E05013830,Garforth & Swillington,,E08000035,Leeds,6040
E05013831,Temple Newsam,,E08000035,Leeds,6041
E05013832,Bowerhill,,E06000054,Wiltshire,6042
E05013833,Melksham East,,E06000054,Wiltshire,6043
E05013834,Pewsey,,E06000054,Wiltshire,6044
E05013835,Pewsey Vale West,,E06000054,Wiltshire,6045
E05013836,St Austell Poltair & Mount Charles,,E06000052,Cornwall,6046
E05013837,Altarnun & Stoke Climsland,,E06000052,Cornwall,6047
E05013491,Westbury West,,E06000054,Wiltshire,6048
E05013838,"Crowan, Sithney & Wendron",,E06000052,Cornwall,6049
E05013839,Falmouth Boslowick,,E06000052,Cornwall,6050
E05013840,Falmouth Trescobeas & Budock,,E06000052,Cornwall,6051
E05013591,Hermitage & Gardens,,E09000014,Haringey,6052
E05013641,Garden Suburb,,E09000003,Barnet,6053
E05013841,Helston North,,E06000052,Cornwall,6054
E05013842,Illogan & Portreath,,E06000052,Cornwall,6055
E05013691,Southbury,,E09000010,Enfield,6056
E05013592,Highgate,,E09000014,Haringey,6057
E05013492,Wilton,,E06000054,Wiltshire,6058
E05013843,"Lanner, Stithians & Gwennap",,E06000052,Cornwall,6059
E05013541,Walpole,,E09000009,Ealing,6060
E05013642,Golders Green,,E09000003,Barnet,6061
E05013692,Southgate,,E09000010,Enfield,6062
E05013593,Hornsey,,E09000014,Haringey,6063
E05013493,Winsley & Westwood,,E06000054,Wiltshire,6064
E05013844,Launceston North & North Petherwin,,E06000052,Cornwall,6065
E05013741,Hammersmith Broadway,,E09000013,Hammersmith and Fulham,6066
E05013542,Belmont,,E09000015,Harrow,6067
E05013643,Hendon,,E09000003,Barnet,6068
E05013693,Town,,E09000010,Enfield,6069
E05013594,Muswell Hill,,E09000014,Haringey,6070
E05013494,Winterslow & Upper Bourne Valley,,E06000054,Wiltshire,6071
E05013845,"Long Rock, Marazion & St Erth",,E06000052,Cornwall,6072
E05013742,Lillie,,E09000013,Hammersmith and Fulham,6073
E05013543,Canons,,E09000015,Harrow,6074
E05013644,High Barnet,,E09000003,Barnet,6075
E05013694,Upper Edmonton,,E09000010,Enfield,6076
E05013595,Noel Park,,E09000014,Haringey,6077
E05013495,Wylye Valley,,E06000054,Wiltshire,6078
E05013846,Mevagissey & St Austell Bay,,E06000052,Cornwall,6079
E05013743,Munster,,E09000013,Hammersmith and Fulham,6080
E05013544,Centenary,,E09000015,Harrow,6081
E05013645,Mill Hill,,E09000003,Barnet,6082
E05013695,Whitewebbs,,E09000010,Enfield,6083
E05013596,Northumberland Park,,E09000014,Haringey,6084
E05013496,Alperton,,E09000005,Brent,6085
E05013847,Newquay Trenance,,E06000052,Cornwall,6086
E05013744,Palace & Hurlingham,,E09000013,Hammersmith and Fulham,6087
E05013545,Edgware,,E09000015,Harrow,6088
E05013646,Totteridge & Woodside,,E09000003,Barnet,6089
E05013696,Winchmore Hill,,E09000010,Enfield,6090
E05013597,St Ann's,,E09000014,Haringey,6091
E05013497,Barnhill,,E09000005,Brent,6092
E05013848,Penryn,,E06000052,Cornwall,6093
E05013745,Parsons Green & Sandford,,E09000013,Hammersmith and Fulham,6094
E05013546,Greenhill,,E09000015,Harrow,6095
E05013647,Underhill,,E09000003,Barnet,6096
E05013697,Arsenal,,E09000019,Islington,6097
E05013598,Seven Sisters,,E09000014,Haringey,6098
E05013498,Brondesbury Park,,E09000005,Brent,6099
E05013849,Perranporth,,E06000052,Cornwall,6100
E05013746,Ravenscourt,,E09000013,Hammersmith and Fulham,6101
E05013547,Harrow on the Hill,,E09000015,Harrow,6102
E05013648,West Finchley,,E09000003,Barnet,6103
E05013698,Barnsbury,,E09000019,Islington,6104
E05013599,South Tottenham,,E09000014,Haringey,6105
E05013499,Cricklewood & Mapesbury,,E09000005,Brent,6106
E05013850,Probus & St Erme,,E06000052,Cornwall,6107
E05013747,Sands End,,E09000013,Hammersmith and Fulham,6108
E05013548,Harrow Weald,,E09000015,Harrow,6109
E05013649,West Hendon,,E09000003,Barnet,6110
E05013699,Bunhill,,E09000019,Islington,6111
E05013600,Stroud Green,,E09000014,Haringey,6112
E05013500,Dollis Hill,,E09000005,Brent,6113
E05013851,"Redruth Central, Carharrack & St Day",,E06000052,Cornwall,6114
E05013748,Shepherd's Bush Green,,E09000013,Hammersmith and Fulham,6115
E05013549,Hatch End,,E09000015,Harrow,6116
E05013650,Whetstone,,E09000003,Barnet,6117
E05013700,Caledonian,,E09000019,Islington,6118
E05013601,Tottenham Central,,E09000014,Haringey,6119
E05013501,Harlesden & Kensal Green,,E09000005,Brent,6120
E05013852,St Agnes,,E06000052,Cornwall,6121
E05013853,St Austell Bethel & Holmbush,,E06000052,Cornwall,6122
E05013854,St Austell Central & Gover,,E06000052,Cornwall,6123
E05013855,St Columb Minor & Colan,,E06000052,Cornwall,6124
E05013856,St Dennis & St Enoder,,E06000052,Cornwall,6125
E05013857,"St Ives East, Lelant & Carbis Bay",,E06000052,Cornwall,6126
E05013858,St Ives West & Towednack,,E06000052,Cornwall,6127
E05013859,St Mewan & Grampound,,E06000052,Cornwall,6128
E05013860,"St Newlyn East, Cubert & Goonhavern",,E06000052,Cornwall,6129
E05013861,Threemilestone & Chacewater,,E06000052,Cornwall,6130
E05013862,Bothal,,E06000057,Northumberland,6131
E05013863,Pegswood,,E06000057,Northumberland,6132
E05013864,Abbey,,E06000038,Reading,6133
E05013865,Battle,,E06000038,Reading,6134
E05013866,Caversham,,E06000038,Reading,6135
E05013867,Caversham Heights,,E06000038,Reading,6136
E05013868,Church,,E06000038,Reading,6137
E05013869,Coley,,E06000038,Reading,6138
E05013870,Emmer Green,,E06000038,Reading,6139
E05013871,Katesgrove,,E06000038,Reading,6140
E05013872,Kentwood,,E06000038,Reading,6141
E05013873,Norcot,,E06000038,Reading,6142
E05013874,Park,,E06000038,Reading,6143
E05013875,Redlands,,E06000038,Reading,6144
E05013876,Southcote,,E06000038,Reading,6145
E05013877,Thames,,E06000038,Reading,6146
E05013878,Tilehurst,,E06000038,Reading,6147
E05013879,Whitley,,E06000038,Reading,6148
E05013880,Longstanton,,E07000012,South Cambridgeshire,6149
E05013881,Over & Willingham,,E07000012,South Cambridgeshire,6150
E05013882,Cann Hall,,E09000031,Waltham Forest,6151
E05013883,Cathall,,E09000031,Waltham Forest,6152
E05013884,Chapel End,,E09000031,Waltham Forest,6153
E05013885,Chingford Green,,E09000031,Waltham Forest,6154
E05013886,Endlebury,,E09000031,Waltham Forest,6155
E05013887,Forest,,E09000031,Waltham Forest,6156
E05013888,Grove Green,,E09000031,Waltham Forest,6157
E05013889,Hale End & Highams Park South,,E09000031,Waltham Forest,6158
E05013890,Hatch Lane & Highams Park North,,E09000031,Waltham Forest,6159
E05013502,Kenton,,E09000005,Brent,6160
E05013503,Kilburn,,E09000005,Brent,6161
E05013504,Kingsbury,,E09000005,Brent,6162
E05013505,Northwick Park,,E09000005,Brent,6163
E05013506,Preston,,E09000005,Brent,6164
E05013507,Queens Park,,E09000005,Brent,6165
E05013508,Queensbury,,E09000005,Brent,6166
E05013509,Roundwood,,E09000005,Brent,6167
E05013510,Stonebridge,,E09000005,Brent,6168
E05013511,Sudbury,,E09000005,Brent,6169
E05013512,Tokyngton,,E09000005,Brent,6170
E05013513,Welsh Harp,,E09000005,Brent,6171
E05013514,Wembley Central,,E09000005,Brent,6172
E05013515,Wembley Hill,,E09000005,Brent,6173
E05013516,Wembley Park,,E09000005,Brent,6174
E05013517,Willesden Green,,E09000005,Brent,6175
E05013518,Central Greenford,,E09000009,Ealing,6176
E05013519,Dormers Wells,,E09000009,Ealing,6177
E05013651,Woodhouse,,E09000003,Barnet,6178
E05013520,Ealing Broadway,,E09000009,Ealing,6179
E05013602,Tottenham Hale,,E09000014,Haringey,6180
E05013652,Belsize,,E09000007,Camden,6181
E05013521,Ealing Common,,E09000009,Ealing,6182
E05013603,West Green,,E09000014,Haringey,6183
E05013701,Canonbury,,E09000019,Islington,6184
E05013550,Headstone,,E09000015,Harrow,6185
E05013653,Bloomsbury,,E09000007,Camden,6186
E05013522,East Acton,,E09000009,Ealing,6187
E05013604,White Hart Lane,,E09000014,Haringey,6188
E05013605,Woodside,,E09000014,Haringey,6189
E05013606,Bedfont,,E09000018,Hounslow,6190
E05013607,Brentford East,,E09000018,Hounslow,6191
E05013608,Brentford West,,E09000018,Hounslow,6192
E05013609,Chiswick Gunnersbury,,E09000018,Hounslow,6193
E05013610,Chiswick Homefields,,E09000018,Hounslow,6194
E05013611,Chiswick Riverside,,E09000018,Hounslow,6195
E05013612,Cranford,,E09000018,Hounslow,6196
E05013613,Feltham North,,E09000018,Hounslow,6197
E05013614,Feltham West,,E09000018,Hounslow,6198
E05013615,Hanworth Park,,E09000018,Hounslow,6199
E05013616,Hanworth Village,,E09000018,Hounslow,6200
E05013617,Heston Central,,E09000018,Hounslow,6201
E05013618,Heston East,,E09000018,Hounslow,6202
E05013619,Heston West,,E09000018,Hounslow,6203
E05013620,Hounslow Central,,E09000018,Hounslow,6204
E05013621,Hounslow East,,E09000018,Hounslow,6205
E05013622,Hounslow Heath,,E09000018,Hounslow,6206
E05013623,Hounslow South,,E09000018,Hounslow,6207
E05013624,Hounslow West,,E09000018,Hounslow,6208
E05013625,Isleworth,,E09000018,Hounslow,6209
E05013626,Osterley & Spring Grove,,E09000018,Hounslow,6210
E05013627,Syon & Brentford Lock,,E09000018,Hounslow,6211
E05013628,Barnet Vale,,E09000003,Barnet,6212
E05013629,Brunswick Park,,E09000003,Barnet,6213
E05013630,Burnt Oak,,E09000003,Barnet,6214
E05013631,Childs Hill,,E09000003,Barnet,6215
E05013632,Colindale North,,E09000003,Barnet,6216
E05013633,Colindale South,,E09000003,Barnet,6217
E05013634,Cricklewood,,E09000003,Barnet,6218
E05013635,East Barnet,,E09000003,Barnet,6219
E05013636,East Finchley,,E09000003,Barnet,6220
E05013637,Edgware,,E09000003,Barnet,6221
E05013638,Edgwarebury,,E09000003,Barnet,6222
E05013639,Finchley Church End,,E09000003,Barnet,6223
E05013640,Friern Barnet,,E09000003,Barnet,6224
E05013749,Walham Green,,E09000013,Hammersmith and Fulham,6225
E05013551,Kenton East,,E09000015,Harrow,6226
E05013702,Clerkenwell,,E09000019,Islington,6227
E05013703,Finsbury Park,,E09000019,Islington,6228
E05013704,Highbury,,E09000019,Islington,6229
E05013705,Hillrise,,E09000019,Islington,6230
E05013706,Holloway,,E09000019,Islington,6231
E05013707,Junction,,E09000019,Islington,6232
E05013708,Laycock,,E09000019,Islington,6233
E05013709,Mildmay,,E09000019,Islington,6234
E05013710,St Mary's & St James',,E09000019,Islington,6235
E05013711,St Peter's & Canalside,,E09000019,Islington,6236
E05013712,Tollington,,E09000019,Islington,6237
E05013713,Tufnell Park,,E09000019,Islington,6238
E05013714,Bellingham,,E09000023,Lewisham,6239
E05013715,Blackheath,,E09000023,Lewisham,6240
E05013716,Brockley,,E09000023,Lewisham,6241
E05013717,Catford South,,E09000023,Lewisham,6242
E05013718,Crofton Park,,E09000023,Lewisham,6243
E05013719,Deptford,,E09000023,Lewisham,6244
E05013720,Downham,,E09000023,Lewisham,6245
E05013721,Evelyn,,E09000023,Lewisham,6246
E05013722,Forest Hill,,E09000023,Lewisham,6247
E05013723,Grove Park,,E09000023,Lewisham,6248
E05013724,Hither Green,,E09000023,Lewisham,6249
E05013725,Ladywell,,E09000023,Lewisham,6250
E05013726,Lee Green,,E09000023,Lewisham,6251
E05013727,Lewisham Central,,E09000023,Lewisham,6252
E05013728,New Cross Gate,,E09000023,Lewisham,6253
E05013729,Perry Vale,,E09000023,Lewisham,6254
E05013730,Rushey Green,,E09000023,Lewisham,6255
E05013731,Sydenham,,E09000023,Lewisham,6256
E05013732,Telegraph Hill,,E09000023,Lewisham,6257
E05013733,Addison,,E09000013,Hammersmith and Fulham,6258
E05013734,Avonmore,,E09000013,Hammersmith and Fulham,6259
E05013735,Brook Green,,E09000013,Hammersmith and Fulham,6260
E05013736,College Park & Old Oak,,E09000013,Hammersmith and Fulham,6261
E05013737,Coningham,,E09000013,Hammersmith and Fulham,6262
E05013738,Fulham Reach,,E09000013,Hammersmith and Fulham,6263
E05013739,Fulham Town,,E09000013,Hammersmith and Fulham,6264
E05013740,Grove,,E09000013,Hammersmith and Fulham,6265
E05013654,Camden Square,,E09000007,Camden,6266
E05013750,Wendell Park,,E09000013,Hammersmith and Fulham,6267
E05013523,Greenford Broadway,,E09000009,Ealing,6268
E05013552,Kenton West,,E09000015,Harrow,6269
E05013553,Marlborough,,E09000015,Harrow,6270
E05013554,North Harrow,,E09000015,Harrow,6271
E05013555,Pinner,,E09000015,Harrow,6272
E05013556,Pinner South,,E09000015,Harrow,6273
E05013557,Rayners Lane,,E09000015,Harrow,6274
E05013558,Roxbourne,,E09000015,Harrow,6275
E05013559,Roxeth,,E09000015,Harrow,6276
E05013560,Stanmore,,E09000015,Harrow,6277
E05013561,Wealdstone North,,E09000015,Harrow,6278
E05013562,Wealdstone South,,E09000015,Harrow,6279
E05013563,West Harrow,,E09000015,Harrow,6280
E05013564,Belmore,,E09000017,Hillingdon,6281
E05013565,Charville,,E09000017,Hillingdon,6282
E05013566,Colham & Cowley,,E09000017,Hillingdon,6283
E05013567,Eastcote,,E09000017,Hillingdon,6284
E05013568,Harefield Village,,E09000017,Hillingdon,6285
E05013569,Hayes Town,,E09000017,Hillingdon,6286
E05013570,Heathrow Villages,,E09000017,Hillingdon,6287
E05013655,Camden Town,,E09000007,Camden,6288
E05013571,Hillingdon East,,E09000017,Hillingdon,6289
E05013524,Hanger Hill,,E09000009,Ealing,6290
E05013656,Fortune Green,,E09000007,Camden,6291
E05013572,Hillingdon West,,E09000017,Hillingdon,6292
E05013525,Hanwell Broadway,,E09000009,Ealing,6293
E05013751,West Kensington,,E09000013,Hammersmith and Fulham,6294
E05013657,Frognal,,E09000007,Camden,6295
E05013573,Ickenham & South Harefield,,E09000017,Hillingdon,6296
E05013526,Lady Margaret,,E09000009,Ealing,6297
E05013752,White City,,E09000013,Hammersmith and Fulham,6298
E05013658,Gospel Oak,,E09000007,Camden,6299
E05013574,Northwood,,E09000017,Hillingdon,6300
E05013527,North Acton,,E09000009,Ealing,6301
E05013753,Wormholt,,E09000013,Hammersmith and Fulham,6302
E05013659,Hampstead Town,,E09000007,Camden,6303
E05013575,Northwood Hills,,E09000017,Hillingdon,6304
E05013528,North Greenford,,E09000009,Ealing,6305
E05013754,Beddington,,E09000029,Sutton,6306
E05013660,Haverstock,,E09000007,Camden,6307
E05013576,Pinkwell,,E09000017,Hillingdon,6308
E05013529,North Hanwell,,E09000009,Ealing,6309
E05013755,Belmont,,E09000029,Sutton,6310
E05013661,Highgate,,E09000007,Camden,6311
E05013577,Ruislip,,E09000017,Hillingdon,6312
E05013530,Northfield,,E09000009,Ealing,6313
E05013756,Carshalton Central,,E09000029,Sutton,6314
E05013662,Holborn & Covent Garden,,E09000007,Camden,6315
E05013578,Ruislip Manor,,E09000017,Hillingdon,6316
E05013531,Northolt Mandeville,,E09000009,Ealing,6317
E05013757,Carshalton South & Clockhouse,,E09000029,Sutton,6318
E05013663,Kentish Town North,,E09000007,Camden,6319
E05013579,South Ruislip,,E09000017,Hillingdon,6320
E05013532,Northolt West End,,E09000009,Ealing,6321
E05013758,Cheam,,E09000029,Sutton,6322
E05013664,Kentish Town South,,E09000007,Camden,6323
E05013580,Uxbridge,,E09000017,Hillingdon,6324
E05013533,Norwood Green,,E09000009,Ealing,6325
E05013759,Hackbridge,,E09000029,Sutton,6326
E05013665,Kilburn,,E09000007,Camden,6327
E05013581,West Drayton,,E09000017,Hillingdon,6328
E05013582,Wood End,,E09000017,Hillingdon,6329
E05013583,Yeading,,E09000017,Hillingdon,6330
E05013584,Yiewsley,,E09000017,Hillingdon,6331
E05013585,Alexandra Park,,E09000014,Haringey,6332
E05013586,Bounds Green,,E09000014,Haringey,6333
E05013587,Bruce Castle,,E09000014,Haringey,6334
E05013588,Crouch End,,E09000014,Haringey,6335
E05013589,Fortis Green,,E09000014,Haringey,6336
E05013590,Harringay,,E09000014,Haringey,6337
E05013666,King's Cross,,E09000007,Camden,6338
E05013667,Primrose Hill,,E09000007,Camden,6339
E05013668,Regent's Park,,E09000007,Camden,6340
E05013669,St Pancras & Somers Town,,E09000007,Camden,6341
E05013670,South Hampstead,,E09000007,Camden,6342
E05013671,West Hampstead,,E09000007,Camden,6343
E05013672,Arnos Grove,,E09000010,Enfield,6344
E05013673,Bowes,,E09000010,Enfield,6345
E05013674,Brimsdown,,E09000010,Enfield,6346
E05013675,Bullsmoor,,E09000010,Enfield,6347
E05013676,Bush Hill Park,,E09000010,Enfield,6348
E05013677,Carterhatch,,E09000010,Enfield,6349
E05013678,Cockfosters,,E09000010,Enfield,6350
E05013679,Edmonton Green,,E09000010,Enfield,6351
E05013680,Enfield Lock,,E09000010,Enfield,6352
E05013681,Grange Park,,E09000010,Enfield,6353
E05013682,Haselbury,,E09000010,Enfield,6354
E05013683,Highfield,,E09000010,Enfield,6355
E05013684,Jubilee,,E09000010,Enfield,6356
E05013685,Lower Edmonton,,E09000010,Enfield,6357
E05013686,New Southgate,,E09000010,Enfield,6358
E05013687,Oakwood,,E09000010,Enfield,6359
E05013688,Palmers Green,,E09000010,Enfield,6360
E05013534,Perivale,,E09000009,Ealing,6361
E05013689,Ponders End,,E09000010,Enfield,6362
E05013760,North Cheam,,E09000029,Sutton,6363
E05013535,Pitshanger,,E09000009,Ealing,6364
E05013690,Ridgeway,,E09000010,Enfield,6365
E05013761,St Helier East,,E09000029,Sutton,6366
E05013536,South Acton,,E09000009,Ealing,6367
E05013762,St Helier West,,E09000029,Sutton,6368
E05013537,Southall Broadway,,E09000009,Ealing,6369
E05013763,South Beddington & Roundshaw,,E09000029,Sutton,6370
E05013538,Southall Green,,E09000009,Ealing,6371
E05013764,Stonecot,,E09000029,Sutton,6372
E05013539,Southall West,,E09000009,Ealing,6373
E05013765,Sutton Central,,E09000029,Sutton,6374
E05013540,Southfield,,E09000009,Ealing,6375
E05013766,Sutton North,,E09000029,Sutton,6376
E05013767,Sutton South,,E09000029,Sutton,6377
E05013768,Sutton West & East Cheam,,E09000029,Sutton,6378
E05013769,The Wrythe,,E09000029,Sutton,6379
E05013770,Wallington North,,E09000029,Sutton,6380
E05013771,Wallington South,,E09000029,Sutton,6381
E05013772,Worcester Park North,,E09000029,Sutton,6382
E05013773,Worcester Park South,,E09000029,Sutton,6383
E05013774,Barnes,,E09000027,Richmond upon Thames,6384
E05013775,East Sheen,,E09000027,Richmond upon Thames,6385
E05013776,Fulwell & Hampton Hill,,E09000027,Richmond upon Thames,6386
E05013777,"Ham, Petersham & Richmond Riverside",,E09000027,Richmond upon Thames,6387
E05013778,Hampton,,E09000027,Richmond upon Thames,6388
E05013779,Hampton North,,E09000027,Richmond upon Thames,6389
E05013780,Hampton Wick & South Teddington,,E09000027,Richmond upon Thames,6390
E05013781,Heathfield,,E09000027,Richmond upon Thames,6391
E05013782,Kew,,E09000027,Richmond upon Thames,6392
E05013783,Mortlake & Barnes Common,,E09000027,Richmond upon Thames,6393
E05013784,North Richmond,,E09000027,Richmond upon Thames,6394
E05013785,St Margarets & North Twickenham,,E09000027,Richmond upon Thames,6395
E05013786,South Richmond,,E09000027,Richmond upon Thames,6396
E05013787,South Twickenham,,E09000027,Richmond upon Thames,6397
E05013788,Teddington,,E09000027,Richmond upon Thames,6398
E05013789,Twickenham Riverside,,E09000027,Richmond upon Thames,6399
E05013790,West Twickenham,,E09000027,Richmond upon Thames,6400
E05013891,High Street,,E09000031,Waltham Forest,6401
E05013892,Higham Hill,,E09000031,Waltham Forest,6402
E05013893,Hoe Street,,E09000031,Waltham Forest,6403
E05013894,Larkswood,,E09000031,Waltham Forest,6404
E05013895,Lea Bridge,,E09000031,Waltham Forest,6405
E05013896,Leyton,,E09000031,Waltham Forest,6406
E05013897,Leytonstone,,E09000031,Waltham Forest,6407
E05013898,Markhouse,,E09000031,Waltham Forest,6408
E05013899,St James,,E09000031,Waltham Forest,6409
E05013900,Upper Walthamstow,,E09000031,Waltham Forest,6410
E05013901,Valley,,E09000031,Waltham Forest,6411
E05013902,William Morris,,E09000031,Waltham Forest,6412
E05013903,Wood Street,,E09000031,Waltham Forest,6413
E05013904,Beckton,,E09000025,Newham,6414
E05013905,Boleyn,,E09000025,Newham,6415
E05013906,Canning Town North,,E09000025,Newham,6416
E05013907,Canning Town South,,E09000025,Newham,6417
E05013908,Custom House,,E09000025,Newham,6418
E05013909,East Ham,,E09000025,Newham,6419
E05013910,East Ham South,,E09000025,Newham,6420
E05013911,Forest Gate North,,E09000025,Newham,6421
E05013912,Forest Gate South,,E09000025,Newham,6422
E05013913,Green Street East,,E09000025,Newham,6423
E05013914,Green Street West,,E09000025,Newham,6424
E05013915,Little Ilford,,E09000025,Newham,6425
E05013916,Manor Park,,E09000025,Newham,6426
E05013917,Maryland,,E09000025,Newham,6427
E05013918,Plaistow North,,E09000025,Newham,6428
E05013919,Plaistow South,,E09000025,Newham,6429
E05013920,Plaistow West & Canning Town East,,E09000025,Newham,6430
E05013921,Plashet,,E09000025,Newham,6431
E05013922,Royal Albert,,E09000025,Newham,6432
E05013923,Royal Victoria,,E09000025,Newham,6433
E05013924,Stratford,,E09000025,Newham,6434
E05013925,Stratford Olympic Park,,E09000025,Newham,6435
E05013926,Wall End,,E09000025,Newham,6436
E05013927,West Ham,,E09000025,Newham,6437
E05013928,Alexandra,,E09000021,Kingston upon Thames,6438
E05013929,Berrylands,,E09000021,Kingston upon Thames,6439
E05013930,Canbury Gardens,,E09000021,Kingston upon Thames,6440
E05013931,Chessington South & Malden Rushett,,E09000021,Kingston upon Thames,6441
E05013932,Coombe Hill,,E09000021,Kingston upon Thames,6442
E05013933,Coombe Vale,,E09000021,Kingston upon Thames,6443
E05013934,Green Lane & St James,,E09000021,Kingston upon Thames,6444
E05013935,Hook & Chessington North,,E09000021,Kingston upon Thames,6445
E05013936,King George's & Sunray,,E09000021,Kingston upon Thames,6446
E05013937,Kingston Gate,,E09000021,Kingston upon Thames,6447
E05013938,Kingston Town,,E09000021,Kingston upon Thames,6448
E05013939,Motspur Park & Old Malden East,,E09000021,Kingston upon Thames,6449
E05013940,New Malden Village,,E09000021,Kingston upon Thames,6450
E05013991,Bromley Town,,E09000006,Bromley,6451
E05013992,Chelsfield,,E09000006,Bromley,6452
E05013993,Chislehurst,,E09000006,Bromley,6453
E05013994,Clock House,,E09000006,Bromley,6454
E05013995,Crystal Palace & Anerley,,E09000006,Bromley,6455
E05013996,Darwin,,E09000006,Bromley,6456
E05013997,Farnborough & Crofton,,E09000006,Bromley,6457
E05013998,Hayes & Coney Hall,,E09000006,Bromley,6458
E05013999,Kelsey & Eden Park,,E09000006,Bromley,6459
E05014000,Mottingham,,E09000006,Bromley,6460
E05014001,Orpington,,E09000006,Bromley,6461
E05014002,Penge & Cator,,E09000006,Bromley,6462
E05014003,Petts Wood & Knoll,,E09000006,Bromley,6463
E05014004,Plaistow,,E09000006,Bromley,6464
E05014005,Shortlands & Park Langley,,E09000006,Bromley,6465
E05014006,St Mary Cray,,E09000006,Bromley,6466
E05014007,St Paul's Cray,,E09000006,Bromley,6467
E05014008,West Wickham,,E09000006,Bromley,6468
E05014009,Balham,,E09000032,Wandsworth,6469
E05014010,Battersea Park,,E09000032,Wandsworth,6470
E05014011,East Putney,,E09000032,Wandsworth,6471
E05014012,Falconbrook,,E09000032,Wandsworth,6472
E05014013,Furzedown,,E09000032,Wandsworth,6473
E05014014,Lavender,,E09000032,Wandsworth,6474
E05014015,Nine Elms,,E09000032,Wandsworth,6475
E05014016,Northcote,,E09000032,Wandsworth,6476
E05014017,Roehampton,,E09000032,Wandsworth,6477
E05014018,St Mary's,,E09000032,Wandsworth,6478
E05014019,Shaftesbury & Queenstown,,E09000032,Wandsworth,6479
E05014020,South Balham,,E09000032,Wandsworth,6480
E05014021,Southfields,,E09000032,Wandsworth,6481
E05014022,Thamesfield,,E09000032,Wandsworth,6482
E05014023,Tooting Bec,,E09000032,Wandsworth,6483
E05014024,Tooting Broadway,,E09000032,Wandsworth,6484
E05014025,Trinity,,E09000032,Wandsworth,6485
E05014026,Wandle,,E09000032,Wandsworth,6486
E05014027,Wandsworth Common,,E09000032,Wandsworth,6487
E05014028,Wandsworth Town,,E09000032,Wandsworth,6488
E05014029,West Hill,,E09000032,Wandsworth,6489
E05014030,West Putney,,E09000032,Wandsworth,6490
E05014031,Cambourne,,E07000012,South Cambridgeshire,6491
E05014032,Caxton & Papworth,,E07000012,South Cambridgeshire,6492
E05014033,Balderstone & Kirkholt,,E08000005,Rochdale,6493
E05014034,Bamford,,E08000005,Rochdale,6494
E05014035,Castleton,,E08000005,Rochdale,6495
E05014036,Central Rochdale,,E08000005,Rochdale,6496
E05014037,East Middleton,,E08000005,Rochdale,6497
E05014038,Healey,,E08000005,Rochdale,6498
E05014039,Hopwood Hall,,E08000005,Rochdale,6499
E05014040,Kingsway,,E08000005,Rochdale,6500
E05014141,Brockhurst & Privett,,E07000088,Gosport,6501
E05014241,Ormsgill and Parkside,,E07000027,Barrow-in-Furness,6502
E05014242,Penrith North,,E07000030,Eden,6503
E05014243,Penrith South,,E07000030,Eden,6504
E05014244,Risedale and Roosecote,,E07000027,Barrow-in-Furness,6505
E05014245,Sedbergh and Kirkby Lonsdale,,E07000031,South Lakeland,6506
E05014246,Ulverston,,E07000031,South Lakeland,6507
E05014247,Upper Kent,,E07000031,South Lakeland,6508
E05014248,Walney Island,,E07000027,Barrow-in-Furness,6509
E05014249,Windermere and Ambleside,,E07000031,South Lakeland,6510
E05014250,Aire Valley,,E07000163,Craven,6511
E05014251,Aiskew & Leeming,,E07000164,Hambleton,6512
E05014252,Amotherby & Ampleforth,,E07000167,Ryedale,6513
E05014253,Appleton Roebuck & Church Fenton,,E07000169,Selby,6514
E05014254,Barlby & Riccall,,E07000169,Selby,6515
E05014255,Bedale,,E07000164,Hambleton,6516
E05014256,Bentham & Ingleton,,E07000163,Craven,6517
E05014257,Bilton Grange & New Park,,E07000165,Harrogate,6518
E05014258,Bilton & Nidd Gorge,,E07000165,Harrogate,6519
E05014259,Boroughbridge & Claro,,E07000165,Harrogate,6520
E05014260,Brayton & Barlow,,E07000169,Selby,6521
E05014261,Camblesforth & Carlton,,E07000169,Selby,6522
E05014262,Castle,,E07000168,Scarborough,6523
E05014263,Catterick Village & Brompton-on-Swale,,E07000166,Richmondshire,6524
E05014264,Cawood & Escrick,,E07000169,Selby,6525
E05014265,Cayton,,E07000168,Scarborough,6526
E05014266,Cliffe & North Duffield,,E07000169,Selby,6527
E05014267,Coppice Valley & Duchy,,E07000165,Harrogate,6528
E05014268,Danby & Mulgrave,,E07000168,Scarborough,6529
E05014269,Derwent Valley & Moor,,E07000168,Scarborough,6530
E05014270,Easingwold,,E07000164,Hambleton,6531
E05014271,Eastfield,,E07000168,Scarborough,6532
E05014272,Esk Valley & Coast,,E07000168,Scarborough,6533
E05014273,Fairfax & Starbeck,,E07000165,Harrogate,6534
E05014274,Falsgrave & Stepney,,E07000168,Scarborough,6535
E05014275,Filey,,E07000168,Scarborough,6536
E05014276,Great Ayton,,E07000164,Hambleton,6537
E05014277,"Glusburn, Cross Hills & Sutton-in-Craven",,E07000163,Craven,6538
E05014278,Harlow & St. Georges,,E07000165,Harrogate,6539
E05014279,High Harrogate & Kingsley,,E07000165,Harrogate,6540
E05014280,Hipswell & Colburn,,E07000166,Richmondshire,6541
E05014281,Helmsley & Sinnington,,E07000167,Ryedale,6542
E05014282,Hillside & Raskelf,,E07000164,Hambleton,6543
E05014283,Huby & Tollerton,,E07000164,Hambleton,6544
E05014284,Hunmanby & Sherburn (part Ryedale),,E07000167,Ryedale,6545
E05014284,Hunmanby & Sherburn (part Scarborough),,E07000168,Scarborough,6546
E05014285,Hutton Rudby & Osmotherley,,E07000164,Hambleton,6547
E05014286,"Killinghall, Hampsthwaite & Saltergate",,E07000165,Harrogate,6548
E05014287,Kirkbymoorside & Dales,,E07000167,Ryedale,6549
E05014288,Knaresborough East,,E07000165,Harrogate,6550
E05014289,Knaresborough West,,E07000165,Harrogate,6551
E05013941,Norbiton,,E09000021,Kingston upon Thames,6552
E05014191,Harraby North,,E07000028,Carlisle,6553
E05014091,West Thamesmead,,E09000011,Greenwich,6554
E05014041,Littleborough Lakeside,,E08000005,Rochdale,6555
E05014142,Elson,,E07000088,Gosport,6556
E05013942,Old Malden,,E09000021,Kingston upon Thames,6557
E05013943,St Mark's & Seething Wells,,E09000021,Kingston upon Thames,6558
E05013944,Surbiton Hill,,E09000021,Kingston upon Thames,6559
E05013945,Tolworth,,E09000021,Kingston upon Thames,6560
E05013946,Tudor,,E09000021,Kingston upon Thames,6561
E05013947,Batchwood,,E07000240,St Albans,6562
E05013948,Bernards Heath,,E07000240,St Albans,6563
E05013949,Clarence,,E07000240,St Albans,6564
E05013950,Colney Heath,,E07000240,St Albans,6565
E05013951,Cunningham,,E07000240,St Albans,6566
E05013952,Harpenden East,,E07000240,St Albans,6567
E05013953,Harpenden North & Rural,,E07000240,St Albans,6568
E05013954,Harpenden South,,E07000240,St Albans,6569
E05013955,Harpenden West,,E07000240,St Albans,6570
E05013956,Hill End,,E07000240,St Albans,6571
E05013957,London Colney,,E07000240,St Albans,6572
E05013958,Marshalswick East & Jersey Farm,,E07000240,St Albans,6573
E05014143,Forton,,E07000088,Gosport,6574
E05013959,Marshalswick West,,E07000240,St Albans,6575
E05014192,Harraby South,,E07000028,Carlisle,6576
E05014092,Woolwich Arsenal,,E09000011,Greenwich,6577
E05014042,Milkstone & Deeplish,,E08000005,Rochdale,6578
E05014144,Grange & Alver Valley,,E07000088,Gosport,6579
E05013960,Park Street,,E07000240,St Albans,6580
E05014193,Harrington,,E07000026,Allerdale,6581
E05014093,Woolwich Common,,E09000011,Greenwich,6582
E05014043,Milnrow & Newhey,,E08000005,Rochdale,6583
E05014145,Harbourside & Town,,E07000088,Gosport,6584
E05013961,Redbourn,,E07000240,St Albans,6585
E05014194,Hillcrest and Hensingham,,E07000029,Copeland,6586
E05014094,Woolwich Dockyard,,E09000011,Greenwich,6587
E05014044,Norden,,E08000005,Rochdale,6588
E05014045,North Heywood,,E08000005,Rochdale,6589
E05014146,Hardway,,E07000088,Gosport,6590
E05014046,North Middleton,,E08000005,Rochdale,6591
E05013962,Sandridge & Wheathampstead,,E07000240,St Albans,6592
E05014147,Lee East,,E07000088,Gosport,6593
E05014047,Smallbridge & Firgrove,,E08000005,Rochdale,6594
E05014195,Houghton and Irthington,,E07000028,Carlisle,6595
E05014095,Brixton Acre Lane,,E09000022,Lambeth,6596
E05014148,Lee West,,E07000088,Gosport,6597
E05014096,Brixton North,,E09000022,Lambeth,6598
E05014196,Howgate,,E07000029,Copeland,6599
E05014048,South Middleton,,E08000005,Rochdale,6600
E05014149,Leesland & Newtown,,E07000088,Gosport,6601
E05014097,Brixton Rush Common,,E09000022,Lambeth,6602
E05014197,Kells and Sandwith,,E07000029,Copeland,6603
E05014049,Spotland & Falinge,,E08000005,Rochdale,6604
E05013963,Sopwell,,E07000240,St Albans,6605
E05014150,Peel Common,,E07000088,Gosport,6606
E05014098,Brixton Windrush,,E09000022,Lambeth,6607
E05014198,Keswick,,E07000026,Allerdale,6608
E05014050,"Wardle, Shore & West Littleborough",,E08000005,Rochdale,6609
E05013964,St Peters,,E07000240,St Albans,6610
E05014151,Rowner & Holbrook,,E07000088,Gosport,6611
E05014099,Clapham Common & Abbeville,,E09000022,Lambeth,6612
E05014199,Longtown,,E07000028,Carlisle,6613
E05014051,West Heywood,,E08000005,Rochdale,6614
E05013965,St Stephen,,E07000240,St Albans,6615
E05014152,Besses,,E08000002,Bury,6616
E05014100,Clapham East,,E09000022,Lambeth,6617
E05014200,Maryport North,,E07000026,Allerdale,6618
E05014052,West Middleton,,E08000005,Rochdale,6619
E05013966,Verulam,,E07000240,St Albans,6620
E05014153,Bury East,,E08000002,Bury,6621
E05014101,Clapham Park,,E09000022,Lambeth,6622
E05014201,Maryport South,,E07000026,Allerdale,6623
E05014053,Abbey,,E09000002,Barking and Dagenham,6624
E05013967,Beam Park,,E09000016,Havering,6625
E05014154,Bury West,,E08000002,Bury,6626
E05014102,Clapham Town,,E09000022,Lambeth,6627
E05014202,Millom,,E07000029,Copeland,6628
E05014054,Alibon,,E09000002,Barking and Dagenham,6629
E05013968,Cranham,,E09000016,Havering,6630
E05014155,Elton,,E08000002,Bury,6631
E05014103,Gipsy Hill,,E09000022,Lambeth,6632
E05014203,Millom Without,,E07000029,Copeland,6633
E05014055,Barking Riverside,,E09000002,Barking and Dagenham,6634
E05013969,Elm Park,,E09000016,Havering,6635
E05014156,Holyrood,,E08000002,Bury,6636
E05014104,Herne Hill & Loughborough Junction,,E09000022,Lambeth,6637
E05014204,Mirehouse,,E07000029,Copeland,6638
E05014056,Beam,,E09000002,Barking and Dagenham,6639
E05013970,Emerson Park,,E09000016,Havering,6640
E05014157,Moorside,,E08000002,Bury,6641
E05014105,Kennington,,E09000022,Lambeth,6642
E05014205,Morton,,E07000028,Carlisle,6643
E05014057,Becontree,,E09000002,Barking and Dagenham,6644
E05013971,Gooshays,,E09000016,Havering,6645
E05014158,North Manor,,E08000002,Bury,6646
E05014106,Knight's Hill,,E09000022,Lambeth,6647
E05014206,Moss Bay and Moorclose,,E07000026,Allerdale,6648
E05014058,Chadwell Heath,,E09000002,Barking and Dagenham,6649
E05013972,Hacton,,E09000016,Havering,6650
E05014159,Pilkington Park,,E08000002,Bury,6651
E05014107,Myatt's Fields,,E09000022,Lambeth,6652
E05014207,St John's and Great Clifton,,E07000026,Allerdale,6653
E05014059,Eastbrook & Rush Green,,E09000002,Barking and Dagenham,6654
E05013973,Harold Wood,,E09000016,Havering,6655
E05014160,Radcliffe East,,E08000002,Bury,6656
E05014161,Radcliffe North & Ainsworth,,E08000002,Bury,6657
E05014162,Radcliffe West,,E08000002,Bury,6658
E05014163,Ramsbottom,,E08000002,Bury,6659
E05014164,Redvales,,E08000002,Bury,6660
E05014165,Sedgley,,E08000002,Bury,6661
E05014166,St. Mary's,,E08000002,Bury,6662
E05014167,Tottington,,E08000002,Bury,6663
E05014168,Unsworth,,E08000002,Bury,6664
E05014169,Duxford,,E07000012,South Cambridgeshire,6665
E05014170,Sawston,,E07000012,South Cambridgeshire,6666
E05014171,Aspatria,,E07000026,Allerdale,6667
E05014172,Belah,,E07000028,Carlisle,6668
E05014173,Belle Vue,,E07000028,Carlisle,6669
E05014174,Botcherby,,E07000028,Carlisle,6670
E05014175,Bothel and Wharrels,,E07000026,Allerdale,6671
E05014176,Brampton,,E07000028,Carlisle,6672
E05014177,Bransty,,E07000029,Copeland,6673
E05014178,Castle,,E07000028,Carlisle,6674
E05014179,Cleator Moor East and Frizington,,E07000029,Copeland,6675
E05014180,Cleator Moor West,,E07000029,Copeland,6676
E05014181,Cockermouth North,,E07000026,Allerdale,6677
E05014182,Cockermouth South,,E07000026,Allerdale,6678
E05014183,Corby and Hayton,,E07000028,Carlisle,6679
E05014184,Currock,,E07000028,Carlisle,6680
E05014185,Dalston and Burgh,,E07000028,Carlisle,6681
E05014186,Dearham and Broughton,,E07000026,Allerdale,6682
E05014187,Denton Holme,,E07000028,Carlisle,6683
E05014188,Egremont,,E07000029,Copeland,6684
E05014189,Egremont North and St Bees,,E07000029,Copeland,6685
E05014190,Gosforth,,E07000029,Copeland,6686
E05013974,Havering-atte-Bower,,E09000016,Havering,6687
E05013975,Heaton,,E09000016,Havering,6688
E05013976,Hylands & Harrow Lodge,,E09000016,Havering,6689
E05013977,Marshalls & Rise Park,,E09000016,Havering,6690
E05013978,Mawneys,,E09000016,Havering,6691
E05013979,Rainham & Wennington,,E09000016,Havering,6692
E05013980,Rush Green & Crowlands,,E09000016,Havering,6693
E05013981,St Alban's,,E09000016,Havering,6694
E05013982,St Andrew's,,E09000016,Havering,6695
E05013983,St Edward's,,E09000016,Havering,6696
E05013984,South Hornchurch,,E09000016,Havering,6697
E05013985,Squirrels Heath,,E09000016,Havering,6698
E05013986,Upminster,,E09000016,Havering,6699
E05013987,Beckenham Town & Copers Cope,,E09000006,Bromley,6700
E05013988,Bickley & Sundridge,,E09000006,Bromley,6701
E05013989,Biggin Hill,,E09000006,Bromley,6702
E05013990,Bromley Common & Holwood,,E09000006,Bromley,6703
E05014060,Eastbury,,E09000002,Barking and Dagenham,6704
E05014061,Gascoigne,,E09000002,Barking and Dagenham,6705
E05014062,Goresbrook,,E09000002,Barking and Dagenham,6706
E05014063,Heath,,E09000002,Barking and Dagenham,6707
E05014064,Longbridge,,E09000002,Barking and Dagenham,6708
E05014065,Mayesbrook,,E09000002,Barking and Dagenham,6709
E05014066,Northbury,,E09000002,Barking and Dagenham,6710
E05014067,Parsloes,,E09000002,Barking and Dagenham,6711
E05014068,Thames View,,E09000002,Barking and Dagenham,6712
E05014069,Valence,,E09000002,Barking and Dagenham,6713
E05014070,Village,,E09000002,Barking and Dagenham,6714
E05014071,Whalebone,,E09000002,Barking and Dagenham,6715
E05014072,Abbey Wood,,E09000011,Greenwich,6716
E05014073,Blackheath Westcombe,,E09000011,Greenwich,6717
E05014074,Charlton Hornfair,,E09000011,Greenwich,6718
E05014075,Charlton Village & Riverside,,E09000011,Greenwich,6719
E05014076,East Greenwich,,E09000011,Greenwich,6720
E05014077,Eltham Page,,E09000011,Greenwich,6721
E05014078,Eltham Park & Progress,,E09000011,Greenwich,6722
E05014079,Eltham Town & Avery Hill,,E09000011,Greenwich,6723
E05014080,Greenwich Creekside,,E09000011,Greenwich,6724
E05014081,Greenwich Park,,E09000011,Greenwich,6725
E05014082,Greenwich Peninsula,,E09000011,Greenwich,6726
E05014083,Kidbrooke Park,,E09000011,Greenwich,6727
E05014084,Kidbrooke Village & Sutcliffe,,E09000011,Greenwich,6728
E05014085,Middle Park & Horn Park,,E09000011,Greenwich,6729
E05014086,"Mottingham, Coldharbour & New Eltham",,E09000011,Greenwich,6730
E05014087,Plumstead & Glyndon,,E09000011,Greenwich,6731
E05014088,Plumstead Common,,E09000011,Greenwich,6732
E05014089,Shooters Hill,,E09000011,Greenwich,6733
E05014090,Thamesmead Moorings,,E09000011,Greenwich,6734
E05014108,Oval,,E09000022,Lambeth,6735
E05014208,St Michael's,,E07000026,Allerdale,6736
E05014209,Seaton,,E07000026,Allerdale,6737
E05014210,Solway Coast,,E07000026,Allerdale,6738
E05014211,Stanwix Urban,,E07000028,Carlisle,6739
E05014212,Thursby,,E07000026,Allerdale,6740
E05014213,Upperby,,E07000028,Carlisle,6741
E05014214,Wetheral,,E07000028,Carlisle,6742
E05014215,Wigton,,E07000026,Allerdale,6743
E05014216,Yewdale,,E07000028,Carlisle,6744
E05014217,Alston and Fellside,,E07000030,Eden,6745
E05014218,Appleby and Brough,,E07000030,Eden,6746
E05014219,Bowness and Lyth,,E07000031,South Lakeland,6747
E05014220,Burton and Holme,,E07000031,South Lakeland,6748
E05014221,Coniston and Hawkshead,,E07000031,South Lakeland,6749
E05014222,Dalton North,,E07000027,Barrow-in-Furness,6750
E05014223,Dalton South,,E07000027,Barrow-in-Furness,6751
E05014224,Eamont and Shap,,E07000030,Eden,6752
E05014225,Eden and Lyvennet Vale,,E07000030,Eden,6753
E05014226,Grange and Cartmel,,E07000031,South Lakeland,6754
E05014227,Greystoke and Ullswater,,E07000030,Eden,6755
E05014228,Hawcoat and Newbarns,,E07000027,Barrow-in-Furness,6756
E05014229,Hesket and Lazonby,,E07000030,Eden,6757
E05014230,High Furness,,E07000031,South Lakeland,6758
E05014231,Kendal Castle,,E07000031,South Lakeland,6759
E05014232,Kendal Highgate,,E07000031,South Lakeland,6760
E05014233,Kendal Nether,,E07000031,South Lakeland,6761
E05014234,Kendal South,,E07000031,South Lakeland,6762
E05014235,Kendal Strickland and Fell,,E07000031,South Lakeland,6763
E05014236,Kent Estuary,,E07000031,South Lakeland,6764
E05014237,Kirkby Stephen and Tebay,,E07000030,Eden,6765
E05014238,Levens and Crooklands,,E07000031,South Lakeland,6766
E05014239,Low Furness,,E07000031,South Lakeland,6767
E05014240,Old Barrow and Hindpool,,E07000027,Barrow-in-Furness,6768
E05014109,St Martin's,,E09000022,Lambeth,6769
E05014110,Stockwell East,,E09000022,Lambeth,6770
E05014111,Stockwell West & Larkhall,,E09000022,Lambeth,6771
E05014112,Streatham Common & Vale,,E09000022,Lambeth,6772
E05014113,Streatham Hill East,,E09000022,Lambeth,6773
E05014114,Streatham Hill West & Thornton,,E09000022,Lambeth,6774
E05014115,Streatham St Leonard's,,E09000022,Lambeth,6775
E05014116,Streatham Wells,,E09000022,Lambeth,6776
E05014117,Vauxhall,,E09000022,Lambeth,6777
E05014118,Waterloo & South Bank,,E09000022,Lambeth,6778
E05014119,West Dulwich,,E09000022,Lambeth,6779
E05014120,Billinge & Seneley Green,,E08000013,St. Helens,6780
E05014121,Blackbrook,,E08000013,St. Helens,6781
E05014122,Bold & Lea Green,,E08000013,St. Helens,6782
E05014123,Eccleston,,E08000013,St. Helens,6783
E05014124,Haydock,,E08000013,St. Helens,6784
E05014125,Moss Bank,,E08000013,St. Helens,6785
E05014126,Newton-le-Willows East,,E08000013,St. Helens,6786
E05014127,Newton-le-Willows West,,E08000013,St. Helens,6787
E05014128,Parr,,E08000013,St. Helens,6788
E05014129,Peasley Cross & Fingerpost,,E08000013,St. Helens,6789
E05014130,Rainford,,E08000013,St. Helens,6790
E05014131,Rainhill,,E08000013,St. Helens,6791
E05014132,St Helens Town Centre,,E08000013,St. Helens,6792
E05014133,Sutton North West,,E08000013,St. Helens,6793
E05014134,Sutton South East,,E08000013,St. Helens,6794
E05014135,Thatto Heath,,E08000013,St. Helens,6795
E05014136,West Park,,E08000013,St. Helens,6796
E05014137,Windle,,E08000013,St. Helens,6797
E05014138,Alverstoke,,E07000088,Gosport,6798
E05014139,Anglesey,,E07000088,Gosport,6799
E05014140,Bridgemary,,E07000088,Gosport,6800
E05014340,Blackdown & Neroche,,E07000246,Somerset West and Taunton,6801
E05014341,Blackmoor Vale,,E07000189,South Somerset,6802
E05014342,Brent,,E07000188,Sedgemoor,6803
E05014343,Bridgwater East & Bawdrip,,E07000188,Sedgemoor,6804
E05014344,Bridgwater North & Central,,E07000188,Sedgemoor,6805
E05014345,Bridgwater South,,E07000188,Sedgemoor,6806
E05014346,Bridgwater West,,E07000188,Sedgemoor,6807
E05014347,Brympton,,E07000189,South Somerset,6808
E05014348,Burnham on Sea North,,E07000188,Sedgemoor,6809
E05014349,Cannington,,E07000188,Sedgemoor,6810
E05014350,Castle Cary,,E07000189,South Somerset,6811
E05014351,Chard North,,E07000189,South Somerset,6812
E05014352,Chard South,,E07000189,South Somerset,6813
E05014353,Cheddar,,E07000188,Sedgemoor,6814
E05014354,Coker,,E07000189,South Somerset,6815
E05014355,Comeytrowe & Trull,,E07000246,Somerset West and Taunton,6816
E05014356,Crewkerne,,E07000189,South Somerset,6817
E05014357,Curry Rivel & Langport,,E07000189,South Somerset,6818
E05014358,Dulverton & Exmoor,,E07000246,Somerset West and Taunton,6819
E05014359,Dunster,,E07000246,Somerset West and Taunton,6820
E05014360,Frome East,,E07000187,Mendip,6821
E05014361,Frome North,,E07000187,Mendip,6822
E05014362,Frome West,,E07000187,Mendip,6823
E05014363,Glastonbury,,E07000187,Mendip,6824
E05014364,Highbridge & Burnham South,,E07000188,Sedgemoor,6825
E05014365,Huntspill,,E07000188,Sedgemoor,6826
E05014366,Ilminster,,E07000189,South Somerset,6827
E05014367,King Alfred,,E07000188,Sedgemoor,6828
E05014368,Lydeard,,E07000246,Somerset West and Taunton,6829
E05014369,Martock,,E07000189,South Somerset,6830
E05014370,Mendip Central and East,,E07000187,Mendip,6831
E05014371,Mendip Hills,,E07000187,Mendip,6832
E05014372,Mendip South,,E07000187,Mendip,6833
E05014373,Mendip West,,E07000187,Mendip,6834
E05014374,Minehead,,E07000246,Somerset West and Taunton,6835
E05014375,Monkton & North Curry,,E07000246,Somerset West and Taunton,6836
E05014376,North Petherton,,E07000188,Sedgemoor,6837
E05014377,Rowbarton & Staplegrove,,E07000246,Somerset West and Taunton,6838
E05014378,Shepton Mallet,,E07000187,Mendip,6839
E05014379,Somerton,,E07000189,South Somerset,6840
E05014380,South Petherton & Islemoor,,E07000189,South Somerset,6841
E05014381,Street,,E07000187,Mendip,6842
E05014382,Taunton East,,E07000246,Somerset West and Taunton,6843
E05014383,Taunton North,,E07000246,Somerset West and Taunton,6844
E05014384,Taunton South,,E07000246,Somerset West and Taunton,6845
E05014385,Upper Tone,,E07000246,Somerset West and Taunton,6846
E05014290,Leyburn & Middleham,,E07000166,Richmondshire,6847
E05014386,Watchet & Stogursey,,E07000246,Somerset West and Taunton,6848
E05014387,Wellington,,E07000246,Somerset West and Taunton,6849
E05014388,Wells,,E07000187,Mendip,6850
E05014389,Wincanton & Bruton,,E07000189,South Somerset,6851
N08000516,Ebrington,,N09000005,Derry City and Strabane,6852
N08000316,Chichester Park,,N09000003,Belfast,6853
N08000626,Lisbellaw,,N09000006,Fermanagh and Omagh,6854
N08000207,Blackwatertown,,N09000002,"Armagh City, Banbridge and Craigavon",6855
N08000208,Bleary,,N09000002,"Armagh City, Banbridge and Craigavon",6856
N08000209,Brownlow,,N09000002,"Armagh City, Banbridge and Craigavon",6857
N08000210,Cathedral,,N09000002,"Armagh City, Banbridge and Craigavon",6858
N08000211,Corcrain,,N09000002,"Armagh City, Banbridge and Craigavon",6859
N08000212,Craigavon Centre,,N09000002,"Armagh City, Banbridge and Craigavon",6860
N08000213,Demesne,,N09000002,"Armagh City, Banbridge and Craigavon",6861
N08000214,Derrytrasna,,N09000002,"Armagh City, Banbridge and Craigavon",6862
N08000215,Donaghcloney,,N09000002,"Armagh City, Banbridge and Craigavon",6863
N08000216,Dromore,,N09000002,"Armagh City, Banbridge and Craigavon",6864
N08000217,Gilford,,N09000002,"Armagh City, Banbridge and Craigavon",6865
N08000218,Gransha,,N09000002,"Armagh City, Banbridge and Craigavon",6866
N08000219,Hamiltonsbawn,,N09000002,"Armagh City, Banbridge and Craigavon",6867
N08000220,Keady,,N09000002,"Armagh City, Banbridge and Craigavon",6868
N08000221,Kernan,,N09000002,"Armagh City, Banbridge and Craigavon",6869
N08000222,Killycomain,,N09000002,"Armagh City, Banbridge and Craigavon",6870
N08000223,Knocknashane,,N09000002,"Armagh City, Banbridge and Craigavon",6871
N08000224,Lough Road,,N09000002,"Armagh City, Banbridge and Craigavon",6872
N08000225,Loughbrickland,,N09000002,"Armagh City, Banbridge and Craigavon",6873
N08000226,Loughgall,,N09000002,"Armagh City, Banbridge and Craigavon",6874
N08000227,Magheralin,,N09000002,"Armagh City, Banbridge and Craigavon",6875
N08000228,Mahon,,N09000002,"Armagh City, Banbridge and Craigavon",6876
N08000229,Markethill,,N09000002,"Armagh City, Banbridge and Craigavon",6877
N08000230,Mourneview,,N09000002,"Armagh City, Banbridge and Craigavon",6878
N08000231,Navan,,N09000002,"Armagh City, Banbridge and Craigavon",6879
N08000232,Parklake,,N09000002,"Armagh City, Banbridge and Craigavon",6880
N08000233,Quilly,,N09000002,"Armagh City, Banbridge and Craigavon",6881
N08000234,Rathfriland,,N09000002,"Armagh City, Banbridge and Craigavon",6882
N08000235,Richhill,,N09000002,"Armagh City, Banbridge and Craigavon",6883
N08000236,Seagahan,,N09000002,"Armagh City, Banbridge and Craigavon",6884
N08000237,Shankill,,N09000002,"Armagh City, Banbridge and Craigavon",6885
N08000238,Tandragee,,N09000002,"Armagh City, Banbridge and Craigavon",6886
N08000239,The Birches,,N09000002,"Armagh City, Banbridge and Craigavon",6887
N08000240,The Mall,,N09000002,"Armagh City, Banbridge and Craigavon",6888
N08000241,Waringstown,,N09000002,"Armagh City, Banbridge and Craigavon",6889
N08000301,Andersonstown,,N09000003,Belfast,6890
N08000302,Ardoyne,,N09000003,Belfast,6891
N08000303,Ballygomartin,,N09000003,Belfast,6892
N08000304,Ballymacarrett,,N09000003,Belfast,6893
N08000305,Ballymurphy,,N09000003,Belfast,6894
N08000306,Ballysillan,,N09000003,Belfast,6895
N08000307,Beechmount,,N09000003,Belfast,6896
N08000308,Beersbridge,,N09000003,Belfast,6897
N08000309,Bellevue,,N09000003,Belfast,6898
N08000310,Belmont,,N09000003,Belfast,6899
N08000311,Belvoir,,N09000003,Belfast,6900
N08000312,Blackstaff,,N09000003,Belfast,6901
N08000313,Bloomfield,,N09000003,Belfast,6902
N08000314,Cavehill,,N09000003,Belfast,6903
N08000315,Central,,N09000003,Belfast,6904
E05014390,Yeovil Central,,E07000189,South Somerset,6905
N08000406,Ballymoney East,,N09000004,Causeway Coast and Glens,6906
E05014291,Malton,,E07000167,Ryedale,6907
N08000627,Lisnarrick,,N09000006,Fermanagh and Omagh,6908
N08000517,Eglinton,,N09000005,Derry City and Strabane,6909
N08000317,Cliftonville,,N09000003,Belfast,6910
N08000518,Enagh,,N09000005,Derry City and Strabane,6911
N08000519,Finn,,N09000005,Derry City and Strabane,6912
N08000520,Foyle Springs,,N09000005,Derry City and Strabane,6913
N08000521,Galliagh,,N09000005,Derry City and Strabane,6914
N08000522,Glenderg,,N09000005,Derry City and Strabane,6915
N08000523,Glenelly Valley,,N09000005,Derry City and Strabane,6916
N08000524,Kilfennan,,N09000005,Derry City and Strabane,6917
N08000525,Lisnagelvin,,N09000005,Derry City and Strabane,6918
N08000526,Madam's Bank,,N09000005,Derry City and Strabane,6919
N08000527,New Buildings,,N09000005,Derry City and Strabane,6920
N08000528,Newtownstewart,,N09000005,Derry City and Strabane,6921
N08000529,Northland,,N09000005,Derry City and Strabane,6922
N08000530,Park,,N09000005,Derry City and Strabane,6923
N08000531,Shantallow,,N09000005,Derry City and Strabane,6924
N08000532,Shantallow East,,N09000005,Derry City and Strabane,6925
N08000533,Sheriff's Mountain,,N09000005,Derry City and Strabane,6926
N08000534,Sion Mills,,N09000005,Derry City and Strabane,6927
N08000535,Skeoge,,N09000005,Derry City and Strabane,6928
N08000536,Slievekirk,,N09000005,Derry City and Strabane,6929
N08000537,Springtown,,N09000005,Derry City and Strabane,6930
N08000538,Strabane North,,N09000005,Derry City and Strabane,6931
N08000539,Strabane West,,N09000005,Derry City and Strabane,6932
N08000540,Victoria,,N09000005,Derry City and Strabane,6933
N08000601,Ballinamallard,,N09000006,Fermanagh and Omagh,6934
N08000628,Lisnaskea,,N09000006,Fermanagh and Omagh,6935
N08000602,Belcoo and Garrison,,N09000006,Fermanagh and Omagh,6936
N08000318,Clonard,,N09000003,Belfast,6937
N08000629,Maguiresbridge,,N09000006,Fermanagh and Omagh,6938
N08000603,Belleek and Boa,,N09000006,Fermanagh and Omagh,6939
N08000319,Collin Glen,,N09000003,Belfast,6940
E05014292,Masham & Fountains,,E07000165,Harrogate,6941
E05014391,Yeovil East,,E07000189,South Somerset,6942
N08000407,Ballymoney North,,N09000004,Causeway Coast and Glens,6943
N08000630,Newtownbutler,,N09000006,Fermanagh and Omagh,6944
N08000604,Beragh,,N09000006,Fermanagh and Omagh,6945
N08000320,Connswater,,N09000003,Belfast,6946
E05014293,Monk Fryston & South Milford,,E07000169,Selby,6947
E05014392,Yeovil South,,E07000189,South Somerset,6948
N08000408,Ballymoney South,,N09000004,Causeway Coast and Glens,6949
N08000631,Newtownsaville,,N09000006,Fermanagh and Omagh,6950
N08000605,"Boho, Cleenish and Letterbreen",,N09000006,Fermanagh and Omagh,6951
N08000321,Cregagh,,N09000003,Belfast,6952
E05014294,Mid Craven,,E07000163,Craven,6953
E05014393,Yeovil West,,E07000189,South Somerset,6954
N08000409,Castlerock,,N09000004,Causeway Coast and Glens,6955
N08000632,Owenkillew,,N09000006,Fermanagh and Omagh,6956
N08000606,Brookeborough,,N09000006,Fermanagh and Omagh,6957
N08000322,Duncairn,,N09000003,Belfast,6958
E05014295,Morton-on-Swale & Appleton Wiske,,E07000164,Hambleton,6959
N08000101,Abbey,,N09000001,Antrim and Newtownabbey,6960
N08000410,Churchland,,N09000004,Causeway Coast and Glens,6961
N08000633,Portora,,N09000006,Fermanagh and Omagh,6962
N08000607,Camowen,,N09000006,Fermanagh and Omagh,6963
N08000323,Dunmurry,,N09000003,Belfast,6964
E05014296,Newby,,E07000168,Scarborough,6965
N08000102,Aldergrove,,N09000001,Antrim and Newtownabbey,6966
N08000411,Clogh Mills,,N09000004,Causeway Coast and Glens,6967
N08000634,Rosslea,,N09000006,Fermanagh and Omagh,6968
N08000324,Falls,,N09000003,Belfast,6969
N08000608,Castlecoole,,N09000006,Fermanagh and Omagh,6970
N08000325,Falls Park,,N09000003,Belfast,6971
N08000635,Rossorry,,N09000006,Fermanagh and Omagh,6972
N08000609,Coolnagard,,N09000006,Fermanagh and Omagh,6973
N08000412,Coolessan,,N09000004,Causeway Coast and Glens,6974
N08000103,Antrim Centre,,N09000001,Antrim and Newtownabbey,6975
E05014297,North Richmondshire,,E07000166,Richmondshire,6976
N08000636,Sixmilecross,,N09000006,Fermanagh and Omagh,6977
E05014298,Northallerton North & Brompton,,E07000164,Hambleton,6978
N08000104,Ballyclare East,,N09000001,Antrim and Newtownabbey,6979
N08000637,Strule,,N09000006,Fermanagh and Omagh,6980
E05014299,Northallerton South,,E07000164,Hambleton,6981
N08000105,Ballyclare West,,N09000001,Antrim and Newtownabbey,6982
N08000413,Dervock,,N09000004,Causeway Coast and Glens,6983
N08000610,Dergmoney,,N09000006,Fermanagh and Omagh,6984
N08000326,Finaghy,,N09000003,Belfast,6985
N08000638,Tempo,,N09000006,Fermanagh and Omagh,6986
E05014300,Norton,,E07000167,Ryedale,6987
N08000106,Ballyduff,,N09000001,Antrim and Newtownabbey,6988
N08000414,Drumsurn,,N09000004,Causeway Coast and Glens,6989
N08000611,Derrygonnelly,,N09000006,Fermanagh and Omagh,6990
N08000327,Forth River,,N09000003,Belfast,6991
N08000639,Termon,,N09000006,Fermanagh and Omagh,6992
E05014301,Northstead,,E07000168,Scarborough,6993
N08000107,Ballyhenry,,N09000001,Antrim and Newtownabbey,6994
N08000415,Dundooan,,N09000004,Causeway Coast and Glens,6995
N08000612,Derrylin,,N09000006,Fermanagh and Omagh,6996
N08000328,Fortwilliam,,N09000003,Belfast,6997
N08000640,Trillick,,N09000006,Fermanagh and Omagh,6998
E05014302,Oatlands & Pannal,,E07000165,Harrogate,6999
N08000108,Ballynure,,N09000001,Antrim and Newtownabbey,7000
N08000416,Dungiven,,N09000004,Causeway Coast and Glens,7001
N08000613,Donagh,,N09000006,Fermanagh and Omagh,7002
N08000329,Garnerville,,N09000003,Belfast,7003
N08000701,Ballinderry,,N09000007,Lisburn and Castlereagh,7004
E05014303,Osgoldcross,,E07000169,Selby,7005
N08000109,Ballyrobert,,N09000001,Antrim and Newtownabbey,7006
N08000417,Dunloy,,N09000004,Causeway Coast and Glens,7007
N08000614,Dromore,,N09000006,Fermanagh and Omagh,7008
N08000330,Gilnahirk,,N09000003,Belfast,7009
N08000702,Ballyhanwood,,N09000007,Lisburn and Castlereagh,7010
E05014304,Ouseburn,,E07000165,Harrogate,7011
N08000110,Burnthill,,N09000001,Antrim and Newtownabbey,7012
N08000418,Feeny,,N09000004,Causeway Coast and Glens,7013
N08000615,Drumnakilly,,N09000006,Fermanagh and Omagh,7014
N08000331,Hillfoot,,N09000003,Belfast,7015
N08000703,Ballymacash,,N09000007,Lisburn and Castlereagh,7016
E05014305,Pateley Bridge & Nidderdale,,E07000165,Harrogate,7017
N08000111,Carnmoney,,N09000001,Antrim and Newtownabbey,7018
N08000419,Garvagh,,N09000004,Causeway Coast and Glens,7019
N08000616,Drumquin,,N09000006,Fermanagh and Omagh,7020
N08000332,Innisfayle,,N09000003,Belfast,7021
N08000704,Ballymacbrennan,,N09000007,Lisburn and Castlereagh,7022
E05014306,Pickering,,E07000167,Ryedale,7023
N08000112,Carnmoney Hill,,N09000001,Antrim and Newtownabbey,7024
N08000420,Giant's Causeway,,N09000004,Causeway Coast and Glens,7025
N08000617,Ederney and Kesh,,N09000006,Fermanagh and Omagh,7026
N08000333,Knock,,N09000003,Belfast,7027
N08000705,Ballymacoss,,N09000007,Lisburn and Castlereagh,7028
E05014307,Richmond,,E07000166,Richmondshire,7029
N08000113,Clady,,N09000001,Antrim and Newtownabbey,7030
N08000114,Collinbridge,,N09000001,Antrim and Newtownabbey,7031
N08000115,Cranfield,,N09000001,Antrim and Newtownabbey,7032
N08000116,Crumlin,,N09000001,Antrim and Newtownabbey,7033
N08000117,Doagh,,N09000001,Antrim and Newtownabbey,7034
N08000118,Fairview,,N09000001,Antrim and Newtownabbey,7035
N08000119,Fountain Hill,,N09000001,Antrim and Newtownabbey,7036
N08000120,Glebe,,N09000001,Antrim and Newtownabbey,7037
N08000121,Glengormley,,N09000001,Antrim and Newtownabbey,7038
N08000122,Greystone,,N09000001,Antrim and Newtownabbey,7039
N08000123,Hightown,,N09000001,Antrim and Newtownabbey,7040
N08000124,Jordanstown,,N09000001,Antrim and Newtownabbey,7041
N08000125,Mallusk,,N09000001,Antrim and Newtownabbey,7042
N08000126,Monkstown,,N09000001,Antrim and Newtownabbey,7043
N08000127,Mossley,,N09000001,Antrim and Newtownabbey,7044
N08000128,O'Neill,,N09000001,Antrim and Newtownabbey,7045
N08000129,Parkgate,,N09000001,Antrim and Newtownabbey,7046
N08000130,Randalstown,,N09000001,Antrim and Newtownabbey,7047
N08000131,Rathcoole,,N09000001,Antrim and Newtownabbey,7048
N08000132,Rostulla,,N09000001,Antrim and Newtownabbey,7049
N08000133,Shilvodan,,N09000001,Antrim and Newtownabbey,7050
N08000134,Springfarm,,N09000001,Antrim and Newtownabbey,7051
N08000135,Steeple,,N09000001,Antrim and Newtownabbey,7052
N08000136,Stiles,,N09000001,Antrim and Newtownabbey,7053
N08000137,Templepatrick,,N09000001,Antrim and Newtownabbey,7054
N08000138,Toome,,N09000001,Antrim and Newtownabbey,7055
N08000139,Valley,,N09000001,Antrim and Newtownabbey,7056
N08000140,Whitehouse,,N09000001,Antrim and Newtownabbey,7057
N08000201,Aghagallon,,N09000002,"Armagh City, Banbridge and Craigavon",7058
N08000202,Ballybay,,N09000002,"Armagh City, Banbridge and Craigavon",7059
N08000203,Banbridge East,,N09000002,"Armagh City, Banbridge and Craigavon",7060
N08000204,Banbridge North,,N09000002,"Armagh City, Banbridge and Craigavon",7061
N08000205,Banbridge South,,N09000002,"Armagh City, Banbridge and Craigavon",7062
N08000206,Banbridge West,,N09000002,"Armagh City, Banbridge and Craigavon",7063
N08000706,Beechill,,N09000007,Lisburn and Castlereagh,7064
N08000707,Blaris,,N09000007,Lisburn and Castlereagh,7065
N08000708,Cairnshill,,N09000007,Lisburn and Castlereagh,7066
N08000709,Carrowreagh,,N09000007,Lisburn and Castlereagh,7067
N08000710,Carryduff East,,N09000007,Lisburn and Castlereagh,7068
N08000711,Carryduff West,,N09000007,Lisburn and Castlereagh,7069
N08000712,Derryaghy,,N09000007,Lisburn and Castlereagh,7070
N08000713,Dromara,,N09000007,Lisburn and Castlereagh,7071
N08000714,Drumbo,,N09000007,Lisburn and Castlereagh,7072
N08000715,Dundonald,,N09000007,Lisburn and Castlereagh,7073
N08000716,Enler,,N09000007,Lisburn and Castlereagh,7074
N08000717,Galwally,,N09000007,Lisburn and Castlereagh,7075
N08000718,Glenavy,,N09000007,Lisburn and Castlereagh,7076
N08000719,Graham's Bridge,,N09000007,Lisburn and Castlereagh,7077
N08000720,Harmony Hill,,N09000007,Lisburn and Castlereagh,7078
N08000721,Hilden,,N09000007,Lisburn and Castlereagh,7079
N08000722,Hillhall,,N09000007,Lisburn and Castlereagh,7080
N08000723,Hillsborough,,N09000007,Lisburn and Castlereagh,7081
N08000724,Knockbracken,,N09000007,Lisburn and Castlereagh,7082
N08000725,Knockmore,,N09000007,Lisburn and Castlereagh,7083
N08000726,Lagan,,N09000007,Lisburn and Castlereagh,7084
N08000727,Lagan Valley,,N09000007,Lisburn and Castlereagh,7085
N08000728,Lambeg,,N09000007,Lisburn and Castlereagh,7086
N08000729,Lisnagarvey,,N09000007,Lisburn and Castlereagh,7087
N08000730,Maghaberry,,N09000007,Lisburn and Castlereagh,7088
N08000731,Magheralave,,N09000007,Lisburn and Castlereagh,7089
N08000732,Maze,,N09000007,Lisburn and Castlereagh,7090
N08000334,Ladybrook,,N09000003,Belfast,7091
N08000733,Moira,,N09000007,Lisburn and Castlereagh,7092
N08000734,Moneyreagh,,N09000007,Lisburn and Castlereagh,7093
N08000735,Newtownbreda,,N09000007,Lisburn and Castlereagh,7094
E05014308,Ripon Minster & Moorside,,E07000165,Harrogate,7095
N08000421,Greysteel,,N09000004,Causeway Coast and Glens,7096
N08000618,Erne,,N09000006,Fermanagh and Omagh,7097
N08000422,Greystone,,N09000004,Causeway Coast and Glens,7098
N08000423,Hopefield,,N09000004,Causeway Coast and Glens,7099
N08000424,Kilrea,,N09000004,Causeway Coast and Glens,7100
N08000425,Kinbane,,N09000004,Causeway Coast and Glens,7101
N08000426,Loughguile and Stranocum,,N09000004,Causeway Coast and Glens,7102
N08000427,Lurigethan,,N09000004,Causeway Coast and Glens,7103
N08000428,Macosquin,,N09000004,Causeway Coast and Glens,7104
N08000429,Magilligan,,N09000004,Causeway Coast and Glens,7105
N08000430,Mountsandel,,N09000004,Causeway Coast and Glens,7106
N08000431,Portrush and Dunluce,,N09000004,Causeway Coast and Glens,7107
N08000432,Portstewart,,N09000004,Causeway Coast and Glens,7108
N08000433,Quarry,,N09000004,Causeway Coast and Glens,7109
N08000434,Rasharkin,,N09000004,Causeway Coast and Glens,7110
N08000435,Roeside,,N09000004,Causeway Coast and Glens,7111
N08000436,Route,,N09000004,Causeway Coast and Glens,7112
N08000437,Torr Head and Rathlin,,N09000004,Causeway Coast and Glens,7113
N08000438,University,,N09000004,Causeway Coast and Glens,7114
N08000439,Waterside,,N09000004,Causeway Coast and Glens,7115
N08000440,Windy Hall,,N09000004,Causeway Coast and Glens,7116
N08000501,Artigarvan,,N09000005,Derry City and Strabane,7117
N08000502,Ballycolman,,N09000005,Derry City and Strabane,7118
N08000503,Ballymagroarty,,N09000005,Derry City and Strabane,7119
N08000504,Brandywell,,N09000005,Derry City and Strabane,7120
N08000505,Carn Hill,,N09000005,Derry City and Strabane,7121
N08000506,Castlederg,,N09000005,Derry City and Strabane,7122
N08000507,Caw,,N09000005,Derry City and Strabane,7123
N08000508,City Walls,,N09000005,Derry City and Strabane,7124
N08000509,Claudy,,N09000005,Derry City and Strabane,7125
N08000510,Clondermot,,N09000005,Derry City and Strabane,7126
N08000511,Creggan,,N09000005,Derry City and Strabane,7127
N08000512,Creggan South,,N09000005,Derry City and Strabane,7128
N08000513,Culmore,,N09000005,Derry City and Strabane,7129
N08000514,Drumahoe,,N09000005,Derry City and Strabane,7130
N08000515,Dunnamanagh,,N09000005,Derry City and Strabane,7131
N08000619,Fairy Water,,N09000006,Fermanagh and Omagh,7132
N08000620,Fintona,,N09000006,Fermanagh and Omagh,7133
N08000621,Florence Court and Kinawley,,N09000006,Fermanagh and Omagh,7134
N08000622,Gortin,,N09000006,Fermanagh and Omagh,7135
N08000623,Gortrush,,N09000006,Fermanagh and Omagh,7136
N08000624,Irvinestown,,N09000006,Fermanagh and Omagh,7137
N08000625,Killyclogher,,N09000006,Fermanagh and Omagh,7138
E05014309,Ripon Ure Bank & Spa,,E07000165,Harrogate,7139
E05014310,Romanby,,E07000164,Hambleton,7140
E05014311,Scalby & the Coast,,E07000168,Scarborough,7141
E05014312,Scotton & Lower Wensleydale,,E07000166,Richmondshire,7142
E05014313,Seamer,,E07000168,Scarborough,7143
E05014314,Selby East,,E07000169,Selby,7144
E05014315,Selby West,,E07000169,Selby,7145
E05014316,Settle & Penyghent,,E07000163,Craven,7146
E05014317,Sherburn in Elmet,,E07000169,Selby,7147
E05014318,Sheriff Hutton & Derwent,,E07000167,Ryedale,7148
E05014319,Skipton East & South,,E07000163,Craven,7149
E05014320,Skipton North & Embsay-with-Eastby,,E07000163,Craven,7150
E05014321,Skipton West & West Craven,,E07000163,Craven,7151
E05014322,Sowerby & Topcliffe,,E07000164,Hambleton,7152
E05014323,Spofforth with Lower Wharfedale & Tockwith,,E07000165,Harrogate,7153
E05014324,"Stray, Woodlands & Hookstone",,E07000165,Harrogate,7154
E05014325,Stokesley,,E07000164,Hambleton,7155
E05014326,Tadcaster,,E07000169,Selby,7156
E05014327,Thirsk,,E07000164,Hambleton,7157
E05014328,Thornton Dale & Wolds,,E07000167,Ryedale,7158
E05014329,Thorpe Willoughby & Hambleton,,E07000169,Selby,7159
E05014330,Upper Dales,,E07000166,Richmondshire,7160
E05014331,Valley Gardens & Central Harrogate,,E07000165,Harrogate,7161
E05014332,Washburn & Birstwith,,E07000165,Harrogate,7162
E05014333,Wathvale & Bishop Monkton,,E07000165,Harrogate,7163
E05014334,Weaponness & Ramshill,,E07000168,Scarborough,7164
E05014335,Wharfedale,,E07000163,Craven,7165
E05014336,Whitby Streonshalh,,E07000168,Scarborough,7166
E05014337,Whitby West,,E07000168,Scarborough,7167
E05014338,Woodlands,,E07000168,Scarborough,7168
E05014339,Bishop's Hull & Taunton West,,E07000246,Somerset West and Taunton,7169
N08000335,Lagmore,,N09000003,Belfast,7170
N08000336,Legoniel,,N09000003,Belfast,7171
N08000337,Malone,,N09000003,Belfast,7172
N08000338,Merok,,N09000003,Belfast,7173
N08000339,Musgrave,,N09000003,Belfast,7174
N08000340,New Lodge,,N09000003,Belfast,7175
N08000341,Orangefield,,N09000003,Belfast,7176
N08000342,Ormeau,,N09000003,Belfast,7177
N08000343,Poleglass,,N09000003,Belfast,7178
N08000344,Ravenhill,,N09000003,Belfast,7179
N08000345,Rosetta,,N09000003,Belfast,7180
N08000346,Sandown,,N09000003,Belfast,7181
N08000347,Shandon,,N09000003,Belfast,7182
N08000348,Shankill,,N09000003,Belfast,7183
N08000349,Shaw's Road,,N09000003,Belfast,7184
N08000350,Stewartstown,,N09000003,Belfast,7185
N08000351,Stormont,,N09000003,Belfast,7186
N08000352,Stranmillis,,N09000003,Belfast,7187
N08000353,Sydenham,,N09000003,Belfast,7188
N08000354,Turf Lodge,,N09000003,Belfast,7189
N08000355,Twinbrook,,N09000003,Belfast,7190
N08000356,Upper Malone,,N09000003,Belfast,7191
N08000357,Water Works,,N09000003,Belfast,7192
N08000358,Windsor,,N09000003,Belfast,7193
N08000359,Woodstock,,N09000003,Belfast,7194
N08000360,Woodvale,,N09000003,Belfast,7195
N08000401,Aghadowey,,N09000004,Causeway Coast and Glens,7196
N08000402,Altahullion,,N09000004,Causeway Coast and Glens,7197
N08000403,Atlantic,,N09000004,Causeway Coast and Glens,7198
N08000404,Ballycastle,,N09000004,Causeway Coast and Glens,7199
N08000405,Ballykelly,,N09000004,Causeway Coast and Glens,7200
N08000906,Ballysaggart,,N09000009,Mid Ulster,7201
N08000907,Bellaghy,,N09000009,Mid Ulster,7202
N08000908,Caledon,,N09000009,Mid Ulster,7203
N08000909,Castlecaulfield,,N09000009,Mid Ulster,7204
N08000910,Castledawson,,N09000009,Mid Ulster,7205
N08000911,Coagh,,N09000009,Mid Ulster,7206
N08000912,Coalisland North,,N09000009,Mid Ulster,7207
N08000913,Coalisland South,,N09000009,Mid Ulster,7208
N08000914,Cookstown East,,N09000009,Mid Ulster,7209
N08000736,Old Warren,,N09000007,Lisburn and Castlereagh,7210
N08000915,Cookstown South,,N09000009,Mid Ulster,7211
N08000916,Cookstown West,,N09000009,Mid Ulster,7212
N08000917,Coolshinny,,N09000009,Mid Ulster,7213
N08000918,Donaghmore,,N09000009,Mid Ulster,7214
N08000919,Draperstown,,N09000009,Mid Ulster,7215
N08000920,Fivemiletown,,N09000009,Mid Ulster,7216
N08000921,Glebe,,N09000009,Mid Ulster,7217
N08000922,Killyman,,N09000009,Mid Ulster,7218
N08000923,Killymeal,,N09000009,Mid Ulster,7219
N08000924,Lissan,,N09000009,Mid Ulster,7220
N08000925,Loughry,,N09000009,Mid Ulster,7221
N08000926,Lower Glenshane,,N09000009,Mid Ulster,7222
N08000927,Maghera,,N09000009,Mid Ulster,7223
N08000928,Moy,,N09000009,Mid Ulster,7224
N08000929,Moygashel,,N09000009,Mid Ulster,7225
N08000930,Mullaghmore,,N09000009,Mid Ulster,7226
N08000931,Oaklands,,N09000009,Mid Ulster,7227
N08000932,Pomeroy,,N09000009,Mid Ulster,7228
N08000933,Stewartstown,,N09000009,Mid Ulster,7229
N08000934,Swatragh,,N09000009,Mid Ulster,7230
N08000935,Tamlaght O'Crilly,,N09000009,Mid Ulster,7231
N08000936,The Loup,,N09000009,Mid Ulster,7232
N08000937,Tobermore,,N09000009,Mid Ulster,7233
N08000938,Town Parks East,,N09000009,Mid Ulster,7234
N08000939,Valley,,N09000009,Mid Ulster,7235
N08000940,Washing Bay,,N09000009,Mid Ulster,7236
N08001001,Abbey,,N09000010,"Newry, Mourne and Down",7237
N08001002,Annalong,,N09000010,"Newry, Mourne and Down",7238
N08001003,Ballybot,,N09000010,"Newry, Mourne and Down",7239
N08001004,Ballydugan,,N09000010,"Newry, Mourne and Down",7240
N08001005,Ballynahinch,,N09000010,"Newry, Mourne and Down",7241
N08001006,Ballyward,,N09000010,"Newry, Mourne and Down",7242
N08001007,Bessbrook,,N09000010,"Newry, Mourne and Down",7243
N08001008,Binnian,,N09000010,"Newry, Mourne and Down",7244
N08001009,Burren,,N09000010,"Newry, Mourne and Down",7245
N08001010,Camlough,,N09000010,"Newry, Mourne and Down",7246
N08001011,Castlewellan,,N09000010,"Newry, Mourne and Down",7247
N08001012,Cathedral,,N09000010,"Newry, Mourne and Down",7248
N08001013,Crossgar and Killyleagh,,N09000010,"Newry, Mourne and Down",7249
N08001014,Crossmaglen,,N09000010,"Newry, Mourne and Down",7250
N08001015,Damolly,,N09000010,"Newry, Mourne and Down",7251
S13002923,Inverleith,,S12000036,City of Edinburgh,7252
S13002924,Corstorphine/Murrayfield,,S12000036,City of Edinburgh,7253
S13002925,Sighthill/Gorgie,,S12000036,City of Edinburgh,7254
S13002926,Colinton/Fairmilehead,,S12000036,City of Edinburgh,7255
S13002927,Fountainbridge/Craiglockhart,,S12000036,City of Edinburgh,7256
S13002928,Morningside,,S12000036,City of Edinburgh,7257
S13002929,City Centre,,S12000036,City of Edinburgh,7258
S13002930,Leith Walk,,S12000036,City of Edinburgh,7259
S13002931,Leith,,S12000036,City of Edinburgh,7260
S13002932,Craigentinny/Duddingston,,S12000036,City of Edinburgh,7261
S13002933,Southside/Newington,,S12000036,City of Edinburgh,7262
S13002934,Liberton/Gilmerton,,S12000036,City of Edinburgh,7263
S13002935,Portobello/Craigmillar,,S12000036,City of Edinburgh,7264
S13002936,Bo'ness and Blackness,,S12000014,Falkirk,7265
S13002937,Grangemouth,,S12000014,Falkirk,7266
S13002938,Denny and Banknock,,S12000014,Falkirk,7267
S13002939,"Carse, Kinnaird and Tryst",,S12000014,Falkirk,7268
S13002940,Bonnybridge and Larbert,,S12000014,Falkirk,7269
S13002941,Falkirk North,,S12000014,Falkirk,7270
S13002942,Falkirk South,,S12000014,Falkirk,7271
S13002943,Lower Braes,,S12000014,Falkirk,7272
S13002944,Upper Braes,,S12000014,Falkirk,7273
S13002946,Dunfermline North,,S12000047,Fife,7274
S13002947,Dunfermline Central,,S12000047,Fife,7275
S13002948,Dunfermline South,,S12000047,Fife,7276
S13002949,Rosyth,,S12000047,Fife,7277
S13002950,Inverkeithing and Dalgety Bay,,S12000047,Fife,7278
S13002953,"Burntisland, Kinghorn and Western Kirkcaldy",,S12000047,Fife,7279
S13002954,Kirkcaldy North,,S12000047,Fife,7280
S13002955,Kirkcaldy Central,,S12000047,Fife,7281
S13002956,Kirkcaldy East,,S12000047,Fife,7282
S13002958,"Glenrothes North, Leslie and Markinch",,S12000047,Fife,7283
S13002959,Glenrothes Central and Thornton,,S12000047,Fife,7284
S13002960,Howe of Fife and Tay Coast,,S12000047,Fife,7285
S13002961,Tay Bridgehead,,S12000047,Fife,7286
S13002962,St Andrews,,S12000047,Fife,7287
S13002963,East Neuk and Landward,,S12000047,Fife,7288
S13002964,Cupar,,S12000047,Fife,7289
S13002965,"Leven, Kennoway and Largo",,S12000047,Fife,7290
S13002966,"Buckhaven, Methil and Wemyss Villages",,S12000047,Fife,7291
S13002967,Linn,,S12000049,Glasgow City,7292
S13002968,Newlands/Auldburn,,S12000049,Glasgow City,7293
S13002969,Greater Pollok,,S12000049,Glasgow City,7294
S13002970,Cardonald,,S12000049,Glasgow City,7295
S13002971,Govan,,S12000049,Glasgow City,7296
S13002972,Pollokshields,,S12000049,Glasgow City,7297
S13002973,Langside,,S12000049,Glasgow City,7298
S13002974,Southside Central,,S12000049,Glasgow City,7299
S13002975,Calton,,S12000049,Glasgow City,7300
S13002976,Anderston/City/Yorkhill,,S12000049,Glasgow City,7301
N08000737,Ravernet,,N09000007,Lisburn and Castlereagh,7302
N08001125,Holywood,,N09000011,Ards and North Down,7303
N08001126,Kilcooley,,N09000011,Ards and North Down,7304
N08001127,Killinchy,,N09000011,Ards and North Down,7305
N08001128,Kircubbin,,N09000011,Ards and North Down,7306
N08001129,Loughries,,N09000011,Ards and North Down,7307
N08001130,Loughview,,N09000011,Ards and North Down,7308
N08001131,Movilla,,N09000011,Ards and North Down,7309
N08001132,Portaferry,,N09000011,Ards and North Down,7310
N08001133,Portavogie,,N09000011,Ards and North Down,7311
N08001134,Rathgael,,N09000011,Ards and North Down,7312
N08001135,Rathmore,,N09000011,Ards and North Down,7313
N08001136,Scrabo,,N09000011,Ards and North Down,7314
N08001137,Silverbirch,,N09000011,Ards and North Down,7315
N08001138,Silverstream,,N09000011,Ards and North Down,7316
N08001139,Warren,,N09000011,Ards and North Down,7317
N08001140,West Winds,,N09000011,Ards and North Down,7318
S13002516,South Kintyre,,S12000035,Argyll and Bute,7319
S13002517,Kintyre and the Islands,,S12000035,Argyll and Bute,7320
S13002518,Mid Argyll,,S12000035,Argyll and Bute,7321
S13002519,Oban South and the Isles,,S12000035,Argyll and Bute,7322
S13002520,Oban North and Lorn,,S12000035,Argyll and Bute,7323
S13002521,Cowal,,S12000035,Argyll and Bute,7324
S13002522,Dunoon,,S12000035,Argyll and Bute,7325
S13002523,Isle of Bute,,S12000035,Argyll and Bute,7326
S13002524,Lomond North,,S12000035,Argyll and Bute,7327
S13002525,Helensburgh Central,,S12000035,Argyll and Bute,7328
S13002526,Helensburgh and Lomond South,,S12000035,Argyll and Bute,7329
S13002545,Strathmartine,,S12000042,Dundee City,7330
S13002546,Lochee,,S12000042,Dundee City,7331
S13002547,West End,,S12000042,Dundee City,7332
S13002548,Coldside,,S12000042,Dundee City,7333
S13002549,Maryfield,,S12000042,Dundee City,7334
S13002551,East End,,S12000042,Dundee City,7335
S13002552,The Ferry,,S12000042,Dundee City,7336
S13002608,An Taobh Siar agus Nis,,S12000013,Na h-Eileanan Siar,7337
S13002734,Stromness and South Isles,,S12000023,Orkney Islands,7338
S13002735,West Mainland,,S12000023,Orkney Islands,7339
S13002737,North Isles,,S12000023,Orkney Islands,7340
S13002761,Tweeddale West,,S12000026,Scottish Borders,7341
S13002762,Tweeddale East,,S12000026,Scottish Borders,7342
S13002763,Galashiels and District,,S12000026,Scottish Borders,7343
S13002764,Selkirkshire,,S12000026,Scottish Borders,7344
S13002765,Leaderdale and Melrose,,S12000026,Scottish Borders,7345
S13002766,Mid Berwickshire,,S12000026,Scottish Borders,7346
S13002767,East Berwickshire,,S12000026,Scottish Borders,7347
S13002768,Kelso and District,,S12000026,Scottish Borders,7348
S13002769,Jedburgh and District,,S12000026,Scottish Borders,7349
S13002770,Hawick and Denholm,,S12000026,Scottish Borders,7350
S13002771,Hawick and Hermitage,,S12000026,Scottish Borders,7351
S13002772,North Isles,,S12000027,Shetland Islands,7352
N08000738,Stonyford,,N09000007,Lisburn and Castlereagh,7353
S13002873,Arbroath East and Lunan,,S12000041,Angus,7354
N08000739,Wallace Park,,N09000007,Lisburn and Castlereagh,7355
N08000740,White Mountain,,N09000007,Lisburn and Castlereagh,7356
N08000801,Academy,,N09000008,Mid and East Antrim,7357
N08000802,Ahoghill,,N09000008,Mid and East Antrim,7358
N08000803,Ardeevin,,N09000008,Mid and East Antrim,7359
N08000804,Ballee and Harryville,,N09000008,Mid and East Antrim,7360
N08000805,Ballycarry and Glynn,,N09000008,Mid and East Antrim,7361
N08000806,Ballykeel,,N09000008,Mid and East Antrim,7362
N08000807,Boneybefore,,N09000008,Mid and East Antrim,7363
N08000808,Braidwater,,N09000008,Mid and East Antrim,7364
N08000809,Broughshane,,N09000008,Mid and East Antrim,7365
N08000810,Burleigh Hill,,N09000008,Mid and East Antrim,7366
N08000811,Cairncastle,,N09000008,Mid and East Antrim,7367
N08000812,Carnlough and Glenarm,,N09000008,Mid and East Antrim,7368
N08000813,Castle,,N09000008,Mid and East Antrim,7369
N08000814,Castle Demesne,,N09000008,Mid and East Antrim,7370
N08000815,Craigyhill,,N09000008,Mid and East Antrim,7371
N08000816,Cullybackey,,N09000008,Mid and East Antrim,7372
N08000817,Curran and Inver,,N09000008,Mid and East Antrim,7373
N08000818,Fair Green,,N09000008,Mid and East Antrim,7374
N08000819,Galgorm,,N09000008,Mid and East Antrim,7375
N08000820,Gardenmore,,N09000008,Mid and East Antrim,7376
N08000821,Glenravel,,N09000008,Mid and East Antrim,7377
N08000822,Glenwhirry,,N09000008,Mid and East Antrim,7378
N08000823,Gortalee,,N09000008,Mid and East Antrim,7379
N08000824,Grange,,N09000008,Mid and East Antrim,7380
N08000825,Greenisland,,N09000008,Mid and East Antrim,7381
N08000826,Islandmagee,,N09000008,Mid and East Antrim,7382
N08000827,Kells,,N09000008,Mid and East Antrim,7383
N08000828,Kilroot,,N09000008,Mid and East Antrim,7384
N08000829,Kilwaughter,,N09000008,Mid and East Antrim,7385
N08000830,Kirkinriola,,N09000008,Mid and East Antrim,7386
N08000831,Love Lane,,N09000008,Mid and East Antrim,7387
N08000832,Maine,,N09000008,Mid and East Antrim,7388
N08000833,Park,,N09000008,Mid and East Antrim,7389
N08000834,Portglenone,,N09000008,Mid and East Antrim,7390
N08000835,Slemish,,N09000008,Mid and East Antrim,7391
N08000836,Sunnylands,,N09000008,Mid and East Antrim,7392
N08000837,The Maidens,,N09000008,Mid and East Antrim,7393
N08000838,Victoria,,N09000008,Mid and East Antrim,7394
N08000839,Whitehead South,,N09000008,Mid and East Antrim,7395
N08000840,Woodburn,,N09000008,Mid and East Antrim,7396
N08000901,Ardboe,,N09000009,Mid Ulster,7397
N08000902,Augher and Clogher,,N09000009,Mid Ulster,7398
N08000903,Aughnacloy,,N09000009,Mid Ulster,7399
N08000904,Ballygawley,,N09000009,Mid Ulster,7400
N08000905,Ballymaguigan,,N09000009,Mid Ulster,7401
N08001016,Derryboy,,N09000010,"Newry, Mourne and Down",7402
S13002874,Montrose and District,,S12000041,Angus,7403
S13002773,Shetland North,,S12000027,Shetland Islands,7404
S13002977,Hillhead,,S12000049,Glasgow City,7405
S13002978,Victoria Park,,S12000049,Glasgow City,7406
S13002979,Garscadden/Scotstounhill,,S12000049,Glasgow City,7407
S13002980,Drumchapel/Anniesland,,S12000049,Glasgow City,7408
S13002981,Maryhill,,S12000049,Glasgow City,7409
S13002982,Canal,,S12000049,Glasgow City,7410
S13002983,Springburn/Robroyston,,S12000049,Glasgow City,7411
S13002984,East Centre,,S12000049,Glasgow City,7412
S13002985,Shettleston,,S12000049,Glasgow City,7413
S13002986,Baillieston,,S12000049,Glasgow City,7414
S13002988,Dennistoun,,S12000049,Glasgow City,7415
S13002989,Partick East/Kelvindale,,S12000049,Glasgow City,7416
S13002990,"North, West and Central Sutherland",,S12000017,Highland,7417
S13002991,Thurso and Northwest Caithness,,S12000017,Highland,7418
S13002992,Wick and East Caithness,,S12000017,Highland,7419
S13002993,East Sutherland and Edderton,,S12000017,Highland,7420
S13002994,"Wester Ross, Strathpeffer and Lochalsh",,S12000017,Highland,7421
S13002995,Cromarty Firth,,S12000017,Highland,7422
S13002996,Tain and Easter Ross,,S12000017,Highland,7423
S13002997,Dingwall and Seaforth,,S12000017,Highland,7424
S13002998,Black Isle,,S12000017,Highland,7425
S13002999,Eilean á Chèo,,S12000017,Highland,7426
S13003000,Caol and Mallaig,,S12000017,Highland,7427
S13003001,Aird and Loch Ness,,S12000017,Highland,7428
S13003002,Inverness West,,S12000017,Highland,7429
S13003003,Inverness Central,,S12000017,Highland,7430
S13002777,Lerwick North and Bressay,,S12000027,Shetland Islands,7431
S13003004,Inverness Ness-side,,S12000017,Highland,7432
S13002875,Clackmannanshire West,,S12000005,Clackmannanshire,7433
S13002820,Linlithgow,,S12000040,West Lothian,7434
N08001017,Derryleckagh,,N09000010,"Newry, Mourne and Down",7435
S13003005,Inverness Millburn,,S12000017,Highland,7436
S13002876,Clackmannanshire North,,S12000005,Clackmannanshire,7437
S13002821,"Broxburn, Uphall and Winchburgh",,S12000040,West Lothian,7438
N08001018,Donard,,N09000010,"Newry, Mourne and Down",7439
S13003006,Culloden and Ardersier,,S12000017,Highland,7440
S13002877,Clackmannanshire Central,,S12000005,Clackmannanshire,7441
S13002822,Livingston North,,S12000040,West Lothian,7442
N08001019,Drumalane,,N09000010,"Newry, Mourne and Down",7443
S13003007,Nairn and Cawdor,,S12000017,Highland,7444
S13002878,Clackmannanshire South,,S12000005,Clackmannanshire,7445
S13002823,Livingston South,,S12000040,West Lothian,7446
N08001020,Drumaness,,N09000010,"Newry, Mourne and Down",7447
S13003008,Inverness South,,S12000017,Highland,7448
S13002879,Clackmannanshire East,,S12000005,Clackmannanshire,7449
S13002824,East Livingston and East Calder,,S12000040,West Lothian,7450
N08001021,Dundrum,,N09000010,"Newry, Mourne and Down",7451
S13003009,Badenoch and Strathspey,,S12000017,Highland,7452
S13002880,Stranraer and the Rhins,,S12000006,Dumfries and Galloway,7453
S13002825,Fauldhouse and the Breich Valley,,S12000040,West Lothian,7454
N08001022,Fathom,,N09000010,"Newry, Mourne and Down",7455
S13003010,Fort William and Ardnamurchan,,S12000017,Highland,7456
S13002881,Mid Galloway and Wigtown West,,S12000006,Dumfries and Galloway,7457
S13002826,Whitburn and Blackburn,,S12000040,West Lothian,7458
N08001023,Forkhill,,N09000010,"Newry, Mourne and Down",7459
S13003011,Inverclyde East,,S12000018,Inverclyde,7460
S13002882,Dee and Glenkens,,S12000006,Dumfries and Galloway,7461
S13002883,Castle Douglas and Crocketford,,S12000006,Dumfries and Galloway,7462
S13002884,Abbey,,S12000006,Dumfries and Galloway,7463
S13002885,North West Dumfries,,S12000006,Dumfries and Galloway,7464
S13002886,Mid and Upper Nithsdale,,S12000006,Dumfries and Galloway,7465
S13002887,Lochar,,S12000006,Dumfries and Galloway,7466
S13002888,Nith,,S12000006,Dumfries and Galloway,7467
S13002889,Annandale South,,S12000006,Dumfries and Galloway,7468
S13002890,Annandale North,,S12000006,Dumfries and Galloway,7469
S13002891,Annandale East and Eskdale,,S12000006,Dumfries and Galloway,7470
S13002892,Annick,,S12000008,East Ayrshire,7471
S13002893,Kilmarnock North,,S12000008,East Ayrshire,7472
S13002894,Kilmarnock West and Crosshouse,,S12000008,East Ayrshire,7473
S13002895,Kilmarnock East and Hurlford,,S12000008,East Ayrshire,7474
S13002896,Kilmarnock South,,S12000008,East Ayrshire,7475
S13002897,Irvine Valley,,S12000008,East Ayrshire,7476
S13002898,Ballochmyle,,S12000008,East Ayrshire,7477
S13002899,Cumnock and New Cumnock,,S12000008,East Ayrshire,7478
S13002900,Doon Valley,,S12000008,East Ayrshire,7479
S13002901,Milngavie,,S12000045,East Dunbartonshire,7480
S13002902,Bearsden North,,S12000045,East Dunbartonshire,7481
S13002903,Bearsden South,,S12000045,East Dunbartonshire,7482
S13002904,Bishopbriggs North and Campsie,,S12000045,East Dunbartonshire,7483
S13002905,Bishopbriggs South,,S12000045,East Dunbartonshire,7484
S13002906,Lenzie and Kirkintilloch South,,S12000045,East Dunbartonshire,7485
S13002907,Kirkintilloch East and North and Twechar,,S12000045,East Dunbartonshire,7486
S13002908,Musselburgh,,S12000010,East Lothian,7487
S13002909,"Preston, Seton and Gosford",,S12000010,East Lothian,7488
S13002910,"Tranent, Wallyford and Macmerry",,S12000010,East Lothian,7489
S13002911,North Berwick Coastal,,S12000010,East Lothian,7490
S13002912,Haddington and Lammermuir,,S12000010,East Lothian,7491
S13002913,Dunbar and East Linton,,S12000010,East Lothian,7492
S13002914,"Barrhead, Liboside and Uplawmoor",,S12000011,East Renfrewshire,7493
S13002915,Newton Mearns North and Neilston,,S12000011,East Renfrewshire,7494
S13002916,Giffnock and Thornliebank,,S12000011,East Renfrewshire,7495
S13002917,"Clarkston, Netherlee and Williamwood",,S12000011,East Renfrewshire,7496
S13002918,Newton Mearns South and Eaglesham,,S12000011,East Renfrewshire,7497
S13002919,Almond,,S12000036,City of Edinburgh,7498
S13002920,Pentland Hills,,S12000036,City of Edinburgh,7499
S13002921,Drum Brae/Gyle,,S12000036,City of Edinburgh,7500
S13002922,Forth,,S12000036,City of Edinburgh,7501
N08001024,Hilltown,,N09000010,"Newry, Mourne and Down",7502
N08001025,Kilkeel,,N09000010,"Newry, Mourne and Down",7503
N08001026,Kilmore,,N09000010,"Newry, Mourne and Down",7504
N08001027,Knocknashinna,,N09000010,"Newry, Mourne and Down",7505
N08001028,Lecale,,N09000010,"Newry, Mourne and Down",7506
N08001029,Lisnacree,,N09000010,"Newry, Mourne and Down",7507
N08001030,Mayobridge,,N09000010,"Newry, Mourne and Down",7508
N08001031,Mullaghbane,,N09000010,"Newry, Mourne and Down",7509
N08001032,Murlough,,N09000010,"Newry, Mourne and Down",7510
N08001033,Newtownhamilton,,N09000010,"Newry, Mourne and Down",7511
N08001034,Quoile,,N09000010,"Newry, Mourne and Down",7512
N08001035,Rostrevor,,N09000010,"Newry, Mourne and Down",7513
N08001036,Saintfield,,N09000010,"Newry, Mourne and Down",7514
N08001037,St. Patrick's,,N09000010,"Newry, Mourne and Down",7515
N08001038,Strangford,,N09000010,"Newry, Mourne and Down",7516
N08001039,Tollymore,,N09000010,"Newry, Mourne and Down",7517
N08001040,Warrenpoint,,N09000010,"Newry, Mourne and Down",7518
N08001041,Whitecross,,N09000010,"Newry, Mourne and Down",7519
N08001101,Ballycrochan,,N09000011,Ards and North Down,7520
N08001102,Ballygowan,,N09000011,Ards and North Down,7521
N08001103,Ballygrainey,,N09000011,Ards and North Down,7522
N08001104,Ballyholme,,N09000011,Ards and North Down,7523
N08001105,Ballymagee,,N09000011,Ards and North Down,7524
N08001106,Ballywalter,,N09000011,Ards and North Down,7525
N08001107,Bloomfield,,N09000011,Ards and North Down,7526
N08001108,Broadway,,N09000011,Ards and North Down,7527
N08001109,Bryansburn,,N09000011,Ards and North Down,7528
N08001110,Carrowdore,,N09000011,Ards and North Down,7529
N08001111,Castle,,N09000011,Ards and North Down,7530
N08001112,Clandeboye,,N09000011,Ards and North Down,7531
N08001113,Comber North,,N09000011,Ards and North Down,7532
N08001114,Comber South,,N09000011,Ards and North Down,7533
N08001115,Comber West,,N09000011,Ards and North Down,7534
N08001116,Conway Square,,N09000011,Ards and North Down,7535
N08001117,Cronstown,,N09000011,Ards and North Down,7536
N08001118,Cultra,,N09000011,Ards and North Down,7537
N08001119,Donaghadee,,N09000011,Ards and North Down,7538
N08001120,Glen,,N09000011,Ards and North Down,7539
N08001121,Gregstown,,N09000011,Ards and North Down,7540
N08001122,Groomsport,,N09000011,Ards and North Down,7541
N08001123,Harbour,,N09000011,Ards and North Down,7542
N08001124,Helen's Bay,,N09000011,Ards and North Down,7543
S13003012,Inverclyde East Central,,S12000018,Inverclyde,7544
S13002827,Bathgate,,S12000040,West Lothian,7545
S13003013,Inverclyde Central,,S12000018,Inverclyde,7546
S13003014,Inverclyde North,,S12000018,Inverclyde,7547
S13003015,Inverclyde West,,S12000018,Inverclyde,7548
S13003016,Inverclyde South West,,S12000018,Inverclyde,7549
S13003017,Inverclyde South,,S12000018,Inverclyde,7550
S13003018,Penicuik,,S12000019,Midlothian,7551
S13003019,Bonnyrigg,,S12000019,Midlothian,7552
S13003020,Dalkeith,,S12000019,Midlothian,7553
S13003021,Midlothian West,,S12000019,Midlothian,7554
S13003022,Midlothian East,,S12000019,Midlothian,7555
S13003023,Midlothian South,,S12000019,Midlothian,7556
S13003024,Speyside Glenlivet,,S12000020,Moray,7557
S13003025,Keith and Cullen,,S12000020,Moray,7558
S13003026,Buckie,,S12000020,Moray,7559
S13003027,Fochabers Lhanbryde,,S12000020,Moray,7560
S13002828,Armadale and Blackridge,,S12000040,West Lothian,7561
S13002830,North East,,S12000042,Dundee City,7562
S13002835,Dyce/Bucksburn/Danestone,,S12000033,Aberdeen City,7563
S13002836,Bridge of Don,,S12000033,Aberdeen City,7564
S13002837,Kingswells/Sheddocksley/Summerhill,,S12000033,Aberdeen City,7565
S13002838,Northfield/Mastrick North,,S12000033,Aberdeen City,7566
S13002839,Hilton/Woodside/Stockethill,,S12000033,Aberdeen City,7567
S13002840,Tillydrone/Seaton/Old Aberdeen,,S12000033,Aberdeen City,7568
S13002841,Midstocket/Rosemount,,S12000033,Aberdeen City,7569
S13002842,George St/Harbour,,S12000033,Aberdeen City,7570
S13002843,Lower Deeside,,S12000033,Aberdeen City,7571
S13002844,Hazlehead/Queens Cross/Countesswells,,S12000033,Aberdeen City,7572
S13002845,Airyhall/Broomhill/Garthdee,,S12000033,Aberdeen City,7573
S13002846,Torry/Ferryhill,,S12000033,Aberdeen City,7574
S13002847,Kincorth/Nigg/Cove,,S12000033,Aberdeen City,7575
S13002848,Banff and District,,S12000034,Aberdeenshire,7576
S13002849,Troup,,S12000034,Aberdeenshire,7577
S13002850,Fraserburgh and District,,S12000034,Aberdeenshire,7578
S13002851,Central Buchan,,S12000034,Aberdeenshire,7579
S13002852,Peterhead North and Rattray,,S12000034,Aberdeenshire,7580
S13002853,Peterhead South and Cruden,,S12000034,Aberdeenshire,7581
S13002854,Turriff and District,,S12000034,Aberdeenshire,7582
S13002855,Mid Formartine,,S12000034,Aberdeenshire,7583
S13002856,Ellon and District,,S12000034,Aberdeenshire,7584
S13002857,West Garioch,,S12000034,Aberdeenshire,7585
S13002858,Inverurie and District,,S12000034,Aberdeenshire,7586
S13002859,East Garioch,,S12000034,Aberdeenshire,7587
S13002860,Westhill and District,,S12000034,Aberdeenshire,7588
S13002861,"Huntly, Strathbogie and Howe of Alford",,S12000034,Aberdeenshire,7589
S13002862,"Aboyne, Upper Deeside and Donside",,S12000034,Aberdeenshire,7590
S13002863,Banchory and Mid Deeside,,S12000034,Aberdeenshire,7591
S13002864,North Kincardine,,S12000034,Aberdeenshire,7592
S13002865,Stonehaven and Lower Deeside,,S12000034,Aberdeenshire,7593
S13002866,Mearns,,S12000034,Aberdeenshire,7594
S13002867,Kirriemuir and Dean,,S12000041,Angus,7595
S13002868,Brechin and Edzell,,S12000041,Angus,7596
S13002869,Forfar and District,,S12000041,Angus,7597
S13002870,Monifieth and Sidlaw,,S12000041,Angus,7598
S13002871,Carnoustie and District,,S12000041,Angus,7599
S13002872,"Arbroath West, Letham and Friockheim",,S12000041,Angus,7600
S13003136,Loch a Tuath,,S12000013,Na h-Eileanan Siar,7601
S13003137,Na Hearadh,,S12000013,Na h-Eileanan Siar,7602
S13003138,Sgìr Ùige agus Càrlabhagh,,S12000013,Na h-Eileanan Siar,7603
S13003139,Sgìre an Rubha,,S12000013,Na h-Eileanan Siar,7604
S13003140,Sgìre nan Loch,,S12000013,Na h-Eileanan Siar,7605
S13003141,Steòrnabhagh a Deas,,S12000013,Na h-Eileanan Siar,7606
S13003142,Steòrnabhagh a Tuath,,S12000013,Na h-Eileanan Siar,7607
S13003143,"Uibhist a Deas, Èirisgeigh agus Beinn na Faoghla",,S12000013,Na h-Eileanan Siar,7608
S13003144,Uibhist a Tuath,,S12000013,Na h-Eileanan Siar,7609
S13003145,Ardrossan,,S12000021,North Ayrshire,7610
S13003146,Arran,,S12000021,North Ayrshire,7611
S13003147,Garnock Valley,,S12000021,North Ayrshire,7612
S13003148,North Coast,,S12000021,North Ayrshire,7613
S13003149,Saltcoats and Stevenston,,S12000021,North Ayrshire,7614
S13003150,"East Mainland, South Ronaldsay and Burray",,S12000023,Orkney Islands,7615
S13003151,Kirkwall East,,S12000023,Orkney Islands,7616
S13003152,Kirkwall West and Orphir,,S12000023,Orkney Islands,7617
S13003153,Lerwick South,,S12000027,Shetland Islands,7618
S13003154,Shetland Central,,S12000027,Shetland Islands,7619
S13003155,Shetland South,,S12000027,Shetland Islands,7620
S13003156,Shetland West,,S12000027,Shetland Islands,7621
W05001039,Bishopston,Llandeilo Ferwallt,W06000011,Swansea,7622
W05001040,Bôn-y-maen,Bôn-y-maen,W06000011,Swansea,7623
W05001041,Castle,Y Castell,W06000011,Swansea,7624
W05001042,Clydach,Clydach,W06000011,Swansea,7625
W05001043,Cockett,Y Cocyd,W06000011,Swansea,7626
W05001044,Cwmbwrla,Cwmbwrla,W06000011,Swansea,7627
W05001045,Dunvant and Killay,Dyfnant a Chilâ,W06000011,Swansea,7628
W05001046,Fairwood,Fairwood,W06000011,Swansea,7629
W05001047,Gorseinon and Penyrheol,Gorseinon a Phenyrheol,W06000011,Swansea,7630
W05001048,Gower,Gŵyr,W06000011,Swansea,7631
W05001049,Gowerton,Tregŵyr,W06000011,Swansea,7632
S13003028,Heldon and Laich,,S12000020,Moray,7633
W05001050,Landore,Glandŵr,W06000011,Swansea,7634
W05001051,Llangyfelach,Llangyfelach,W06000011,Swansea,7635
W05001052,Llansamlet,Llansamlet,W06000011,Swansea,7636
W05001053,Llwchwr,Llwchwr,W06000011,Swansea,7637
W05001054,Mayals,Mayals,W06000011,Swansea,7638
W05001055,Morriston,Treforys,W06000011,Swansea,7639
W05001056,Mumbles,Y Mwmbwls,W06000011,Swansea,7640
W05001057,Mynydd-bach,Mynydd-bach,W06000011,Swansea,7641
W05001058,Pen-clawdd,Pen-clawdd,W06000011,Swansea,7642
W05001059,Penderry,Penderi,W06000011,Swansea,7643
W05001060,Penllergaer,Penlle'r-gaer,W06000011,Swansea,7644
W05001061,Pennard,Pennard,W06000011,Swansea,7645
W05001062,Pontarddulais,Pontarddulais,W06000011,Swansea,7646
W05001063,Pontlliw and Tircoed,Pont-lliw a Thir-coed,W06000011,Swansea,7647
W05001064,Sketty,Sgeti,W06000011,Swansea,7648
W05001065,St Thomas,St Thomas,W06000011,Swansea,7649
W05001066,Townhill,Townhill,W06000011,Swansea,7650
W05001067,Uplands,Uplands,W06000011,Swansea,7651
W05001268,Sirhowy,Sirhywi,W06000019,Blaenau Gwent,7652
W05001118,"Banwy, Llanfihangel and Llanwddyn","Banwy, Llanfihangel a Llanwddyn",W06000023,Powys,7653
W05001168,Talgarth,Talgarth,W06000023,Powys,7654
W05001218,Penygroes,Pen-y-groes,W06000010,Carmarthenshire,7655
W05001219,Pontyberem,Pontyberem,W06000010,Carmarthenshire,7656
W05001220,Saron,Saron,W06000010,Carmarthenshire,7657
W05001221,St Clears and Llansteffan,Sanclêr a Llansteffan,W06000010,Carmarthenshire,7658
W05001222,Swiss Valley,Swiss Valley,W06000010,Carmarthenshire,7659
W05001223,Trelech,Tre-lech,W06000010,Carmarthenshire,7660
W05001224,Trimsaran,Trimsaran,W06000010,Carmarthenshire,7661
W05001225,Tycroes,Tŷ-croes,W06000010,Carmarthenshire,7662
W05001226,Tyisha,Tyisha,W06000010,Carmarthenshire,7663
W05001227,Whitland,Hendy-gwyn ar Daf,W06000010,Carmarthenshire,7664
W05001228,Aberkenfig,Abercynffig,W06000013,Bridgend,7665
W05001229,Blackmill,Melin Ifan Ddu,W06000013,Bridgend,7666
W05001230,Brackla East and Coychurch Lower,Dwyrain Bracla a Llangrallo Isaf,W06000013,Bridgend,7667
W05001231,Brackla East Central,Canol Dwyrain Bracla,W06000013,Bridgend,7668
W05001232,Brackla West,Gorllewin Bracla,W06000013,Bridgend,7669
W05001233,Brackla West Central,Canol Gorllewin Bracla,W06000013,Bridgend,7670
W05001234,Bridgend Central,Canol Pen-y-bont ar Ogwr,W06000013,Bridgend,7671
W05001235,"Bryntirion, Laleston and Merthyr Mawr","Bryntirion, Trelales a Merthyr Mawr",W06000013,Bridgend,7672
W05001236,Caerau,Caerau,W06000013,Bridgend,7673
W05001237,Cefn-glas,Cefn-glas,W06000013,Bridgend,7674
W05001238,Coity Higher,Coety Uchaf,W06000013,Bridgend,7675
W05001239,Cornelly,Corneli,W06000013,Bridgend,7676
W05001240,Garw Valley,Gwm Garw,W06000013,Bridgend,7677
W05001241,Llangynwyd,Llangynwyd,W06000013,Bridgend,7678
W05001242,Maesteg East,Dwyrain Maesteg,W06000013,Bridgend,7679
W05001243,Maesteg West,Gorllewin Maesteg,W06000013,Bridgend,7680
W05001244,Nant-y-moel,Nant-y-moel,W06000013,Bridgend,7681
W05001245,Newton,Drenewydd,W06000013,Bridgend,7682
W05001246,Nottage,Notais,W06000013,Bridgend,7683
W05001247,Ogmore Vale,Bro Ogwr,W06000013,Bridgend,7684
W05001248,Oldcastle,Hengastell,W06000013,Bridgend,7685
W05001249,Pencoed and Penprysg,Pencoed a Phen-prysg,W06000013,Bridgend,7686
W05001250,Pen-y-fai,Pen-y-fai,W06000013,Bridgend,7687
W05001251,Porthcawl East Central,Canol Dwyrain Porthcawl,W06000013,Bridgend,7688
W05001252,Porthcawl West Central,Canol Gorllewin Porthcawl,W06000013,Bridgend,7689
W05001253,"Pyle, Kenfig Hill and Cefn Cribwr","Y Pîl, Cynffig a Chefn Cribwr",W06000013,Bridgend,7690
W05001254,Rest Bay,Rest Bay,W06000013,Bridgend,7691
W05001255,St Bride's Minor and Ynysawdre,Llansanffraid-ar-Ogwr ac Ynysawdre,W06000013,Bridgend,7692
W05001068,Waterfront,Y Glannau,W06000011,Swansea,7693
S13003086,Erskine and Inchinnan,,S12000038,Renfrewshire,7694
W05001256,Abertillery and Six Bells,Abertyleri a Six Bells,W06000019,Blaenau Gwent,7695
W05001257,Beaufort,Cendl,W06000019,Blaenau Gwent,7696
W05001258,Blaina,Blaenau,W06000019,Blaenau Gwent,7697
W05001259,Brynmawr,Bryn-mawr,W06000019,Blaenau Gwent,7698
W05001260,Cwm,Cwm,W06000019,Blaenau Gwent,7699
W05001261,Cwmtillery,Cwmtyleri,W06000019,Blaenau Gwent,7700
S13003029,Elgin City North,,S12000020,Moray,7701
W05001262,Ebbw Vale North,Gogledd Glynebwy,W06000019,Blaenau Gwent,7702
W05001263,Ebbw Vale South,De Glynebwy,W06000019,Blaenau Gwent,7703
W05001264,Georgetown,Georgetown,W06000019,Blaenau Gwent,7704
W05001265,Llanhilleth,Llanhiledd,W06000019,Blaenau Gwent,7705
W05001266,Nantyglo,Nant-y-glo,W06000019,Blaenau Gwent,7706
W05001267,Rassau and Garnlydan,Rasa a Garnlydan,W06000019,Blaenau Gwent,7707
W05001119,Berriew and Castle Caereinion,Aberriw a Chastell Caereinion,W06000023,Powys,7708
W05001269,Tredegar,Tredegar,W06000019,Blaenau Gwent,7709
W05001169,Talybont-on-Usk,Tal-y-bont ar Wysg,W06000023,Powys,7710
W05001170,Tawe Uchaf,Tawe Uchaf,W06000023,Powys,7711
W05001171,Trelystan and Trewern,Trelystan a Thre-wern,W06000023,Powys,7712
W05001172,Welshpool Castle,Y Trallwng Castell,W06000023,Powys,7713
W05001173,Welshpool Gungrog,Y Trallwng Gungrog,W06000023,Powys,7714
W05001174,Welshpool Llanerchyddol,Y Trallwng Llanerchyddol,W06000023,Powys,7715
W05001175,Ynyscedwyn,Ynysgedwyn,W06000023,Powys,7716
W05001176,Yscir with Honddu Isaf and Llanddew,Ysgir gyda Honddu Isaf a Llan-ddew,W06000023,Powys,7717
W05001177,Abergwili,Abergwili,W06000010,Carmarthenshire,7718
W05001178,Ammanford,Rhydaman,W06000010,Carmarthenshire,7719
W05001179,Betws,Y Betws,W06000010,Carmarthenshire,7720
W05001180,Bigyn,Bigyn,W06000010,Carmarthenshire,7721
W05001181,Burry Port,Porth Tywyn,W06000010,Carmarthenshire,7722
W05001182,Bynea,Bynea,W06000010,Carmarthenshire,7723
W05001183,Carmarthen Town North and South,Gogledd a De Tref Caerfyrddin,W06000010,Carmarthenshire,7724
W05001184,Carmarthen Town West,Gorllewin Tref Caerfyrddin,W06000010,Carmarthenshire,7725
W05001185,Cenarth and Llangeler,Cenarth a Llangeler,W06000010,Carmarthenshire,7726
W05001186,Cilycwm,Cil-y-cwm,W06000010,Carmarthenshire,7727
W05001187,Cwarter Bach,Cwarter Bach,W06000010,Carmarthenshire,7728
W05001188,Cynwyl Elfed,Cynwyl Elfed,W06000010,Carmarthenshire,7729
W05001189,Dafen and Felinfoel,Dafen a Felin-foel,W06000010,Carmarthenshire,7730
W05001190,Elli,Elli,W06000010,Carmarthenshire,7731
W05001191,Garnant,Y Garnant,W06000010,Carmarthenshire,7732
W05001192,Glanamman,Glanaman,W06000010,Carmarthenshire,7733
W05001193,Glanymor,Glan-y-môr,W06000010,Carmarthenshire,7734
W05001194,Glyn,Glyn,W06000010,Carmarthenshire,7735
W05001195,Gorslas,Gors-las,W06000010,Carmarthenshire,7736
W05001196,Hendy,Hendy,W06000010,Carmarthenshire,7737
W05001197,Hengoed,Hengoed,W06000010,Carmarthenshire,7738
W05001198,Kidwelly and St Ishmael,Cydweli a Llanismel,W06000010,Carmarthenshire,7739
W05001199,Laugharne Township,Lacharn,W06000010,Carmarthenshire,7740
W05001200,Llanboidy,Llanboidy,W06000010,Carmarthenshire,7741
W05001201,Llanddarog,Llandarrog,W06000010,Carmarthenshire,7742
W05001202,Llandeilo,Llandeilo,W06000010,Carmarthenshire,7743
W05001203,Llandovery,Llanymddyfri,W06000010,Carmarthenshire,7744
W05001204,Llandybie,LlandybÏe,W06000010,Carmarthenshire,7745
W05001205,Llanegwad,Llanegwad,W06000010,Carmarthenshire,7746
W05001206,Llanfihangel Aberbythych,Llanfihangel Aberbythych,W06000010,Carmarthenshire,7747
W05001207,Llanfihangel-ar-Arth,Llanfihangel-ar-arth,W06000010,Carmarthenshire,7748
W05001208,Llangadog,Llangadog,W06000010,Carmarthenshire,7749
W05001209,Llangennech,Llangennech,W06000010,Carmarthenshire,7750
W05001210,Llangunnor,Llangynnwr,W06000010,Carmarthenshire,7751
W05001211,Llangyndeyrn,Llangyndeyrn,W06000010,Carmarthenshire,7752
W05001212,Llannon,Llan-non,W06000010,Carmarthenshire,7753
W05001213,Llanybydder,Llanybydder,W06000010,Carmarthenshire,7754
W05001214,Lliedi,Lliedi,W06000010,Carmarthenshire,7755
W05001215,Llwynhendy,Llwynhendy,W06000010,Carmarthenshire,7756
W05001216,Manordeilo and Salem,Maenordeilo a Salem,W06000010,Carmarthenshire,7757
W05001217,Pembrey,Pen-bre,W06000010,Carmarthenshire,7758
W05001270,Adamsdown,Adamsdown,W06000015,Cardiff,7759
W05001120,Brecon East,Dwyrain Aberhonddu,W06000023,Powys,7760
S13003030,Elgin City South,,S12000020,Moray,7761
W05001069,Waunarlwydd,Waunarlwydd,W06000011,Swansea,7762
S13003087,Troon,,S12000028,South Ayrshire,7763
W05001271,Butetown,Butetown,W06000015,Cardiff,7764
W05001272,Caerau,Caerau,W06000015,Cardiff,7765
W05001273,Canton,Treganna,W06000015,Cardiff,7766
W05001274,Cathays,Cathays,W06000015,Cardiff,7767
W05001275,Cyncoed,Cyncoed,W06000015,Cardiff,7768
W05001276,Ely,Trelái,W06000015,Cardiff,7769
W05001277,Fairwater,Y Tyllgoed,W06000015,Cardiff,7770
W05001278,Gabalfa,Gabalfa,W06000015,Cardiff,7771
W05001279,Grangetown,Grangetown,W06000015,Cardiff,7772
W05001280,Heath,Y Mynydd Bychan,W06000015,Cardiff,7773
W05001281,Lisvane and Thornhill,Llys-faen a'r Ddraenen,W06000015,Cardiff,7774
W05001282,Llandaff,Llandaf,W06000015,Cardiff,7775
W05001283,Llandaff North,Ystum Taf,W06000015,Cardiff,7776
W05001121,Brecon West,Gorllewin Aberhonddu,W06000023,Powys,7777
W05001284,Llanishen,Llanisien,W06000015,Cardiff,7778
W05001122,Bronllys and Felin-fach,Bronllys a Felin-fach,W06000023,Powys,7779
S13003031,Forres,,S12000020,Moray,7780
W05001285,Llanrumney,Llanrhymni,W06000015,Cardiff,7781
W05001123,Builth,Llanfair-ym-Muallt,W06000023,Powys,7782
S13003032,Irvine West,,S12000021,North Ayrshire,7783
W05001070,West Cross,West Cross,W06000011,Swansea,7784
S13003088,Prestwick,,S12000028,South Ayrshire,7785
W05001286,Pentwyn,Pentwyn,W06000015,Cardiff,7786
W05001124,Caersws,Caersŵs,W06000023,Powys,7787
S13003033,Irvine East,,S12000021,North Ayrshire,7788
W05001071,Aberaman,Aberaman,W06000016,Rhondda Cynon Taf,7789
S13003089,Ayr North,,S12000028,South Ayrshire,7790
W05001287,Pentyrch and St Fagans,Pentyrch a Sain Ffagan,W06000015,Cardiff,7791
W05001125,Churchstoke,Yr Ystog,W06000023,Powys,7792
S13003034,Kilwinning,,S12000021,North Ayrshire,7793
W05001072,Abercynon,Abercynon,W06000016,Rhondda Cynon Taf,7794
S13003090,Ayr East,,S12000028,South Ayrshire,7795
W05001288,Penylan,Pen-y-lan,W06000015,Cardiff,7796
W05001126,Crickhowell with Cwmdu and Tretower,Crucywel gyda Chwm-du a Thretŵr,W06000023,Powys,7797
S13003041,Irvine South,,S12000021,North Ayrshire,7798
W05001073,Aberdare East,Dwyrain Aberdâr,W06000016,Rhondda Cynon Taf,7799
S13003091,Ayr West,,S12000028,South Ayrshire,7800
W05001289,Plasnewydd,Plasnewydd,W06000015,Cardiff,7801
W05001127,Cwm-twrch,Cwm-twrch,W06000023,Powys,7802
S13003042,Kilsyth,,S12000050,North Lanarkshire,7803
W05001074,Aberdare West and Llwydcoed,Gorllewin Aberdâr a Llwydcoed,W06000016,Rhondda Cynon Taf,7804
S13003092,Kyle,,S12000028,South Ayrshire,7805
W05001290,Pontprennau and Old St Mellons,Pontprennau a Phentref Llaneirwg,W06000015,Cardiff,7806
W05001128,Disserth and Trecoed with Newbridge,Diserth a Thre-coed gyda'r Bontnewydd-ar-Wy,W06000023,Powys,7807
S13003043,Cumbernauld North,,S12000050,North Lanarkshire,7808
W05001075,Beddau and Tyn-y-nant,Beddau a Thyn-y-nant,W06000016,Rhondda Cynon Taf,7809
S13003093,"Maybole, North Carrick and Coylton",,S12000028,South Ayrshire,7810
W05001291,Radyr,Radur,W06000015,Cardiff,7811
W05001129,Dolforwyn,Dolforwyn,W06000023,Powys,7812
W05001292,Rhiwbina,Rhiwbeina,W06000015,Cardiff,7813
S13003044,Cumbernauld South,,S12000050,North Lanarkshire,7814
W05001293,Riverside,Glanyrafon,W06000015,Cardiff,7815
S13003045,Cumbernauld East,,S12000050,North Lanarkshire,7816
W05001294,Rumney,Tredelerch,W06000015,Cardiff,7817
S13003047,"Gartcosh, Glenboig and Moodiesburn",,S12000050,North Lanarkshire,7818
W05001130,Forden and Montgomery,Ffordun a Threfaldwyn,W06000023,Powys,7819
W05001295,Splott,Y Sblot,W06000015,Cardiff,7820
S13003048,Coatbridge North,,S12000050,North Lanarkshire,7821
S13003094,Girvan and South Carrick,,S12000028,South Ayrshire,7822
W05001076,Brynna and Llanharan,Brynna a Llanharan,W06000016,Rhondda Cynon Taf,7823
W05001296,Trowbridge,Trowbridge,W06000015,Cardiff,7824
W05001077,Church Village,Pentre'r Eglwys,W06000016,Rhondda Cynon Taf,7825
S13003095,Clydesdale West,,S12000029,South Lanarkshire,7826
W05001297,Whitchurch and Tongwynlais,Yr Eglwys Newydd a Thongwynlais,W06000015,Cardiff,7827
W05001078,Cilfynydd,Cilfynydd,W06000016,Rhondda Cynon Taf,7828
S13003096,Clydesdale North,,S12000029,South Lanarkshire,7829
S13003049,Airdrie North,,S12000050,North Lanarkshire,7830
W05001131,Glantwymyn,Glantwymyn,W06000023,Powys,7831
W05001298,Aberaeron and Aberarth,Aberaeron ac Aber-arth,W06000008,Ceredigion,7832
W05001079,Cwm Clydach,Cwm Clydach,W06000016,Rhondda Cynon Taf,7833
S13003097,Clydesdale East,,S12000029,South Lanarkshire,7834
S13003050,Airdrie Central,,S12000050,North Lanarkshire,7835
W05001132,Glasbury,Y Clas-ar-Wy,W06000023,Powys,7836
W05001299,Aberporth and Y Ferwig,Aber-porth a'r Ferwig,W06000008,Ceredigion,7837
W05001080,Cwmbach,Cwm-bach,W06000016,Rhondda Cynon Taf,7838
S13003098,Clydesdale South,,S12000029,South Lanarkshire,7839
S13003051,Coatbridge West,,S12000050,North Lanarkshire,7840
W05001133,Guilsfield,Cegidfa,W06000023,Powys,7841
W05001300,Aberystwyth Morfa a Glais,Aberystwyth Morfa a Glais,W06000008,Ceredigion,7842
W05001081,Cymer,Cymer,W06000016,Rhondda Cynon Taf,7843
S13003099,Avondale and Stonehouse,,S12000029,South Lanarkshire,7844
S13003052,Coatbridge South,,S12000050,North Lanarkshire,7845
W05001134,Gwernyfed,Gwernyfed,W06000023,Powys,7846
W05001301,Aberystwyth Penparcau,Aberystwyth Penparcau,W06000008,Ceredigion,7847
W05001082,Ferndale and Maerdy,Glynrhedynog a'r Maerdy,W06000016,Rhondda Cynon Taf,7848
S13003100,East Kilbride South,,S12000029,South Lanarkshire,7849
S13003053,Airdrie South,,S12000050,North Lanarkshire,7850
W05001135,Hay,Y Gelli,W06000023,Powys,7851
W05001302,Aberystwyth Rheidol,Aberystwyth Rheidol,W06000008,Ceredigion,7852
W05001083,Gilfach-goch,Gilfach-goch,W06000016,Rhondda Cynon Taf,7853
S13003101,East Kilbride Central South,,S12000029,South Lanarkshire,7854
S13003054,Fortissat,,S12000050,North Lanarkshire,7855
W05001136,Ithon Valley,Dyffryn Ieithon,W06000023,Powys,7856
W05001303,Beulah and Llangoedmor,Beulah a Llangoedmor,W06000008,Ceredigion,7857
W05001084,Glyn-coch,Glyn-coch,W06000016,Rhondda Cynon Taf,7858
S13003102,East Kilbride Central North,,S12000029,South Lanarkshire,7859
S13003055,Thorniewood,,S12000050,North Lanarkshire,7860
W05001137,Kerry,Ceri,W06000023,Powys,7861
W05001304,Borth,Y Borth,W06000008,Ceredigion,7862
W05001085,Graig and Pontypridd West,Y Graig a Gorllewin Pontypridd,W06000016,Rhondda Cynon Taf,7863
S13003103,East Kilbride West,,S12000029,South Lanarkshire,7864
S13003056,Bellshill,,S12000050,North Lanarkshire,7865
W05001138,Knighton with Beguildy,Trefyclo gyda Bugeildy,W06000023,Powys,7866
W05001139,Llanafanfawr with Garth,Llanafan-fawr gyda Garth,W06000023,Powys,7867
W05001140,Llanbrynmair,Llanbrynmair,W06000023,Powys,7868
W05001141,Llandinam with Dolfor,Llandinam gyda Dolfor,W06000023,Powys,7869
W05001142,Llandrindod North,Gogledd Llandrindod,W06000023,Powys,7870
W05001143,Llandrindod South,De Llandrindod,W06000023,Powys,7871
W05001144,Llandrinio,Llandrinio,W06000023,Powys,7872
W05001145,Llandysilio,Llandysilio,W06000023,Powys,7873
W05001146,Llanelwedd,Llanelwedd,W06000023,Powys,7874
W05001147,Llanfair Caereinion and Llanerfyl,Llanfair Caereinion a Llanerfyl,W06000023,Powys,7875
W05001148,Llanfyllin,Llanfyllin,W06000023,Powys,7876
W05001149,Llangattock and Llangynidr,Llangatwg a Llangynidr,W06000023,Powys,7877
W05001150,Llangors with Bwlch,Llan-gors gyda Bwlch,W06000023,Powys,7878
W05001151,Llangunllo with Norton,Llangynllo gyda Norton,W06000023,Powys,7879
W05001152,Llangyniew and Meifod,Llangynyw a Meifod,W06000023,Powys,7880
W05001153,Llanidloes,Llanidloes,W06000023,Powys,7881
W05001154,Llanrhaeadr-ym-Mochnant and Llansilin,Llanrhaeadr-ym-Mochnant a Llansilin,W06000023,Powys,7882
W05001155,Llansantffraid,Llansanffraid,W06000023,Powys,7883
W05001156,Llanwrtyd Wells,Llanwrtyd,W06000023,Powys,7884
W05001157,Llanyre with Nantmel,Llanllŷr gyda Nantmel,W06000023,Powys,7885
W05001158,Machynlleth,Machynlleth,W06000023,Powys,7886
W05001159,Maescar and Llywel,Maes-car a Llywel,W06000023,Powys,7887
W05001160,Newtown Central and South,Canol a De'r Drenewydd,W06000023,Powys,7888
W05001161,Newtown East,Dwyrain y Drenewydd,W06000023,Powys,7889
W05001162,Newtown North,Gogledd y Drenewydd,W06000023,Powys,7890
W05001163,Newtown West,Gorllewin y Drenewydd,W06000023,Powys,7891
W05001164,Old Radnor,Pencraig,W06000023,Powys,7892
W05001165,Presteigne,Llanandras,W06000023,Powys,7893
W05001166,Rhayader,Rhaeadr Gwy,W06000023,Powys,7894
W05001167,Rhiwcynon,Rhiwcynon,W06000023,Powys,7895
W05001305,Ceulan a Maesmawr,Ceulan a Maesmawr,W06000008,Ceredigion,7896
W05001086,Hawthorn and Lower Rhydfelen,Y Ddraenen-wen a Rhydfelen Isaf,W06000016,Rhondda Cynon Taf,7897
W05001306,Ciliau Aeron,Ciliau Aeron,W06000008,Ceredigion,7898
W05001307,Faenor,Faenor,W06000008,Ceredigion,7899
W05001087,"Hirwaun, Penderyn and Rhigos","Hirwaun, Penderyn a'r Rhigos",W06000016,Rhondda Cynon Taf,7900
W05001308,Lampeter,Llanbedr Pont Steffan,W06000008,Ceredigion,7901
S13003104,East Kilbride East,,S12000029,South Lanarkshire,7902
W05001088,Llanharry,Llanhari,W06000016,Rhondda Cynon Taf,7903
S13003057,Mossend and Holytown,,S12000050,North Lanarkshire,7904
W05001309,Llannarth,Llannarth,W06000008,Ceredigion,7905
S13003105,Rutherglen South,,S12000029,South Lanarkshire,7906
W05001089,Llantrisant and Talbot Green,Llantrisant a Thonysguboriau,W06000016,Rhondda Cynon Taf,7907
S13003058,Motherwell West,,S12000050,North Lanarkshire,7908
W05001310,Llanbadarn Fawr,Llanbadarn Fawr,W06000008,Ceredigion,7909
S13003106,Rutherglen Central and North,,S12000029,South Lanarkshire,7910
W05001090,Llantwit Fardre,Llanilltud Faerdref,W06000016,Rhondda Cynon Taf,7911
S13003059,Motherwell North,,S12000050,North Lanarkshire,7912
W05001311,Llandyfriog,LlandyfrÏog,W06000008,Ceredigion,7913
S13003107,Cambuslang West,,S12000029,South Lanarkshire,7914
W05001091,Llwyn-y-pia,Llwynypia,W06000016,Rhondda Cynon Taf,7915
S13003060,Motherwell South East and Ravenscraig,,S12000050,North Lanarkshire,7916
W05001312,Llandysilio and Llangrannog,Llandysilio a Llangrannog,W06000008,Ceredigion,7917
W05001313,Llandysul North and Troedyraur,Gogledd Llandysul a Throed-yr-aur,W06000008,Ceredigion,7918
W05001314,Llandysul South,De Llansysul,W06000008,Ceredigion,7919
W05001315,Llanfarian,Llanfarian,W06000008,Ceredigion,7920
W05001316,Llanfihangel Ystrad,Llanfihangel Ystrad,W06000008,Ceredigion,7921
W05001317,Llangeitho,Llangeitho,W06000008,Ceredigion,7922
S13003061,Murdostoun,,S12000050,North Lanarkshire,7923
S13003062,Wishaw,,S12000050,North Lanarkshire,7924
S13003063,Carse of Gowrie,,S12000048,Perth and Kinross,7925
S13003064,Strathmore,,S12000048,Perth and Kinross,7926
S13003065,Blairgowrie and Glens,,S12000048,Perth and Kinross,7927
S13003066,Highland,,S12000048,Perth and Kinross,7928
S13003067,Strathtay,,S12000048,Perth and Kinross,7929
S13003068,Strathearn,,S12000048,Perth and Kinross,7930
S13003069,Strathallan,,S12000048,Perth and Kinross,7931
S13003071,Almond and Earn,,S12000048,Perth and Kinross,7932
S13003072,Perth City South,,S12000048,Perth and Kinross,7933
S13003073,Perth City North,,S12000048,Perth and Kinross,7934
S13003074,Perth City Centre,,S12000048,Perth and Kinross,7935
S13003075,Renfrew North and Braehead,,S12000038,Renfrewshire,7936
S13003076,Renfrew South and Gallowhill,,S12000038,Renfrewshire,7937
S13003077,Paisley Northeast and Ralston,,S12000038,Renfrewshire,7938
S13003078,Paisley Northwest,,S12000038,Renfrewshire,7939
S13003079,Paisley East and Central,,S12000038,Renfrewshire,7940
S13003080,Paisley Southeast,,S12000038,Renfrewshire,7941
S13003081,Paisley Southwest,,S12000038,Renfrewshire,7942
S13003082,Johnstone South and Elderslie,,S12000038,Renfrewshire,7943
S13003083,"Johnstone North, Kilbarchan, Howwood and Lochwinnoch",,S12000038,Renfrewshire,7944
S13003084,"Houston, Crosslee and Linwood",,S12000038,Renfrewshire,7945
S13003085,"Bishopton, Bridge of Weir and Langbank",,S12000038,Renfrewshire,7946
W05001092,Mountain Ash,Aberpennar,W06000016,Rhondda Cynon Taf,7947
W05001093,Penrhiw-ceibr,Penrhiw-ceibr,W06000016,Rhondda Cynon Taf,7948
W05001094,Pentre,Pentre,W06000016,Rhondda Cynon Taf,7949
W05001095,Pen-y-graig,Pen-y-graig,W06000016,Rhondda Cynon Taf,7950
W05001096,Pen-y-waun,Pen-y-waun,W06000016,Rhondda Cynon Taf,7951
W05001097,Pontyclun Central,Canol Pont-y-clun,W06000016,Rhondda Cynon Taf,7952
W05001098,Pontyclun East,Dwyrain Pont-y-clun,W06000016,Rhondda Cynon Taf,7953
W05001099,Pontyclun West,Gorllewin Pont-y-clun,W06000016,Rhondda Cynon Taf,7954
W05001100,Pontypridd Town,Tref Pontypridd,W06000016,Rhondda Cynon Taf,7955
W05001101,Porth,Porth,W06000016,Rhondda Cynon Taf,7956
W05001102,Rhydfelen Central,Canol Rhydfelen,W06000016,Rhondda Cynon Taf,7957
W05001103,Taff's Well,Ffynnon Taf,W06000016,Rhondda Cynon Taf,7958
W05001104,Ton-teg,Ton-teg,W06000016,Rhondda Cynon Taf,7959
W05001105,Tonypandy,Tonypandy,W06000016,Rhondda Cynon Taf,7960
W05001106,Tonyrefail East,Dwyrain Tonyrefail,W06000016,Rhondda Cynon Taf,7961
W05001107,Tonyrefail West,Gorllewin Tonyrefail,W06000016,Rhondda Cynon Taf,7962
W05001108,Trallwng,Trallwng,W06000016,Rhondda Cynon Taf,7963
W05001109,Trealaw,Trealaw,W06000016,Rhondda Cynon Taf,7964
W05001110,Treforest,Trefforest,W06000016,Rhondda Cynon Taf,7965
W05001111,Treherbert,Treherbert,W06000016,Rhondda Cynon Taf,7966
W05001112,Treorchy,Treorci,W06000016,Rhondda Cynon Taf,7967
W05001113,Tylorstown and Ynyshir,Tylorstown ac Ynys-hir,W06000016,Rhondda Cynon Taf,7968
W05001114,Upper Rhydfelen and Glyn-taf,Rhydfelen Uchaf a Glyn-taf,W06000016,Rhondda Cynon Taf,7969
W05001115,Ynysybwl,Ynys-y-bwl,W06000016,Rhondda Cynon Taf,7970
W05001116,Ystrad,Ystrad,W06000016,Rhondda Cynon Taf,7971
W05001117,Aber-craf and Ystradgynlais,Aber-craf ac Ystradgynlais,W06000023,Powys,7972
S13003108,Cambuslang East,,S12000029,South Lanarkshire,7973
S13003109,Blantyre,,S12000029,South Lanarkshire,7974
S13003110,Bothwell and Uddingston,,S12000029,South Lanarkshire,7975
S13003111,Hamilton North and East,,S12000029,South Lanarkshire,7976
S13003112,Hamilton West and Earnock,,S12000029,South Lanarkshire,7977
S13003113,Hamilton South,,S12000029,South Lanarkshire,7978
S13003114,Larkhall,,S12000029,South Lanarkshire,7979
S13003115,Trossachs and Teith,,S12000030,Stirling,7980
S13003116,Forth and Endrick,,S12000030,Stirling,7981
S13003117,Dunblane and Bridge of Allan,,S12000030,Stirling,7982
S13003118,Stirling North,,S12000030,Stirling,7983
S13003119,Stirling West,,S12000030,Stirling,7984
S13003120,Stirling East,,S12000030,Stirling,7985
S13003121,Bannockburn,,S12000030,Stirling,7986
S13003122,Lomond,,S12000039,West Dunbartonshire,7987
S13003123,Leven,,S12000039,West Dunbartonshire,7988
S13003124,Dumbarton,,S12000039,West Dunbartonshire,7989
S13003125,Kilpatrick,,S12000039,West Dunbartonshire,7990
S13003126,Clydebank Central,,S12000039,West Dunbartonshire,7991
S13003127,Clydebank Waterfront,,S12000039,West Dunbartonshire,7992
S13003128,Cowdenbeath,,S12000047,Fife,7993
S13003129,Glenrothes West and Kinglassie,,S12000047,Fife,7994
S13003130,"Lochgelly, Cardenden and Benarty",,S12000047,Fife,7995
S13003131,West Fife and Coastal Villages,,S12000047,Fife,7996
S13003132,Kinross-shire,,S12000048,Perth and Kinross,7997
S13003133,North East,,S12000049,Glasgow City,7998
S13003134,"Stepps, Chryston and Muirhead",,S12000050,North Lanarkshire,7999
S13003135,Barraigh agus Bhatarsaigh,,S12000013,Na h-Eileanan Siar,8000
W05001318,Llangybi,Llangybi,W06000008,Ceredigion,8001
W05001319,Llanrhystyd,Llanrhystud,W06000008,Ceredigion,8002
W05001320,Llansanffraid,Llansanffraid,W06000008,Ceredigion,8003
W05001321,Llanwenog,Llanwenog,W06000008,Ceredigion,8004
W05001322,Lledrod,Lledrod,W06000008,Ceredigion,8005
W05001323,Melindwr,Melindwr,W06000008,Ceredigion,8006
W05001324,Mwldan,Mwldan,W06000008,Ceredigion,8007
W05001325,New Quay and Llanllwchaearn,Ceinewydd a Llanllwchaearn,W06000008,Ceredigion,8008
W05001326,Penbryn,Penbryn,W06000008,Ceredigion,8009
W05001327,Teifi,Teifi,W06000008,Ceredigion,8010
W05001328,Tirymynach,Tirymynach,W06000008,Ceredigion,8011
W05001329,Trefeurig,Trefeurig,W06000008,Ceredigion,8012
W05001330,Tregaron and Ystrad Fflur,Tregaron ac Ystrad-Fflur,W06000008,Ceredigion,8013
W05001331,Ystwyth,Ystwyth,W06000008,Ceredigion,8014
W05001332,Alyn Valley,Dyffryn Alun,W06000004,Denbighshire,8015
W05001333,Bodelwyddan,Bodelwyddan,W06000004,Denbighshire,8016
W05001334,Denbigh Caledfryn Henllan,Dinbych Caledfryn Henllan,W06000004,Denbighshire,8017
W05001335,Denbigh Lower,Dinbych Isaf,W06000004,Denbighshire,8018
W05001336,Dyserth,Dyserth,W06000004,Denbighshire,8019
W05001337,Edeirnion,Edeirnion,W06000004,Denbighshire,8020
W05001338,Efenechdyd,Efenechdyd,W06000004,Denbighshire,8021
W05001339,Llandyrnog,Llandyrnog,W06000004,Denbighshire,8022
W05001340,Llanfair Dyffryn Clwyd Gwyddelwern,Llanfair Dyffryn Clwyd Gwyddelwern,W06000004,Denbighshire,8023
W05001341,Llangollen,Llangollen,W06000004,Denbighshire,8024
W05001342,Llanrhaeadr-yng-Nghinmeirch,Llanrhaeadr-yng-Nghinmeirch,W06000004,Denbighshire,8025
W05001343,Moel Famau,Moel Famau,W06000004,Denbighshire,8026
W05001668,Penmaen,Penmaen,W06000018,Caerphilly,8027
W05001344,Prestatyn Central,Canol Prestatyn,W06000004,Denbighshire,8028
W05001345,Prestatyn East,Dwyrain Prestatyn,W06000004,Denbighshire,8029
W05001346,Prestatyn Meliden,Prestatyn Alltmelyd,W06000004,Denbighshire,8030
W05001347,Prestatyn North,Gogledd Prestatyn,W06000004,Denbighshire,8031
W05001348,Prestatyn South West,De-orllewin Prestatyn,W06000004,Denbighshire,8032
W05001349,Rhuddlan,Rhuddlan,W06000004,Denbighshire,8033
W05001350,Rhyl East,Dwyrain y Rhyl,W06000004,Denbighshire,8034
W05001351,Rhyl South,De'r Rhyl,W06000004,Denbighshire,8035
W05001352,Rhyl South West,De-orllewin y Rhyl,W06000004,Denbighshire,8036
W05001353,Rhyl Trellewelyn,Y Rhyl Trellewelyn,W06000004,Denbighshire,8037
W05001354,Rhyl Tŷ Newydd,Y Rhyl Tŷ Newydd,W06000004,Denbighshire,8038
W05001355,Rhyl West,Gorllewin y Rhyl,W06000004,Denbighshire,8039
W05001356,Ruthin,Rhuthun,W06000004,Denbighshire,8040
W05001357,St Asaph East,Dwyrain Llanelwy,W06000004,Denbighshire,8041
W05001358,St Asaph West,Gorllewin Llanelwy,W06000004,Denbighshire,8042
W05001359,Trefnant,Trefnant,W06000004,Denbighshire,8043
W05001360,Tremeirchion,Tremeirchion,W06000004,Denbighshire,8044
W05001361,Abersychan,Abersychan,W06000020,Torfaen,8045
W05001362,Blaenavon,Blaenafon,W06000020,Torfaen,8046
W05001363,Coed Eva,Coed Efa,W06000020,Torfaen,8047
W05001364,Croesyceiliog,Croesyceiliog,W06000020,Torfaen,8048
W05001365,Fairwater,Fairwater,W06000020,Torfaen,8049
W05001366,Greenmeadow,Greenmeadow,W06000020,Torfaen,8050
W05001367,Llanfrechfa and Ponthir,Llanfrechfa a Phont-hir,W06000020,Torfaen,8051
W05001368,Llantarnam,Llantarnam,W06000020,Torfaen,8052
W05001618,Dowlais and Pant,Dowlais a Phant,W06000024,Merthyr Tydfil,8053
W05001619,Gurnos,Gurnos,W06000024,Merthyr Tydfil,8054
W05001620,Merthyr Vale,Ynysowen,W06000024,Merthyr Tydfil,8055
W05001621,Park,Y Parc,W06000024,Merthyr Tydfil,8056
W05001622,Penydarren,Penydarren,W06000024,Merthyr Tydfil,8057
W05001623,Plymouth,Plymouth,W06000024,Merthyr Tydfil,8058
W05001624,Town,Y Dref,W06000024,Merthyr Tydfil,8059
W05001625,Treharris,Treharris,W06000024,Merthyr Tydfil,8060
W05001626,Vaynor,Faenor,W06000024,Merthyr Tydfil,8061
W05001627,Allt-yr-yn,Allt-yr-ynn,W06000022,Newport,8062
W05001628,Alway,Alway,W06000022,Newport,8063
W05001629,Beechwood,Beechwood,W06000022,Newport,8064
W05001630,Bettws,Betws,W06000022,Newport,8065
W05001631,Bishton and Langstone,Trefesgob a Langstone,W06000022,Newport,8066
W05001632,Caerleon,Caerllion,W06000022,Newport,8067
W05001633,Gaer,Gaer,W06000022,Newport,8068
W05001634,Graig,Graig,W06000022,Newport,8069
W05001635,Lliswerry,Llyswyry,W06000022,Newport,8070
W05001636,Llanwern,Llan-wern,W06000022,Newport,8071
W05001637,Malpas,Malpas,W06000022,Newport,8072
W05001638,Pillgwenlly,Pilgwenlli,W06000022,Newport,8073
W05001639,Ringland,Ringland,W06000022,Newport,8074
W05001640,Rogerstone East,Dwyrain Tŷ-du,W06000022,Newport,8075
W05001641,Rogerstone North,Gogledd Tŷ-du,W06000022,Newport,8076
W05001642,Rogerstone West,Gorllewin Tŷ-du,W06000022,Newport,8077
W05001643,Shaftesbury,Shaftesbury,W06000022,Newport,8078
W05001644,St Julians,Sain Silian,W06000022,Newport,8079
W05001645,Stow Hill,Stow Hill,W06000022,Newport,8080
W05001646,Tredegar Park and Marshfield,Parc Tredegar a Maerun,W06000022,Newport,8081
W05001647,Victoria,Victoria,W06000022,Newport,8082
W05001648,Aber Valley,Cwm Aber,W06000018,Caerphilly,8083
W05001649,Aberbargoed and Bargoed,Aberbargod a Bargod,W06000018,Caerphilly,8084
W05001650,Abercarn,Aber-carn,W06000018,Caerphilly,8085
W05001651,Argoed,Argoed,W06000018,Caerphilly,8086
W05001652,Bedwas and Trethomas,Bedwas a Threthomas,W06000018,Caerphilly,8087
W05001653,Blackwood,Coed-duon,W06000018,Caerphilly,8088
W05001654,Cefn Fforest and Pengam,Cefn Fforest a Phengam,W06000018,Caerphilly,8089
W05001655,Crosskeys,Crosskeys,W06000018,Caerphilly,8090
W05001656,Crumlin,Crymlyn,W06000018,Caerphilly,8091
W05001657,Darran Valley,Cwm Darran,W06000018,Caerphilly,8092
W05001658,Gilfach,Gilfach,W06000018,Caerphilly,8093
W05001659,Hengoed,Hengoed,W06000018,Caerphilly,8094
W05001660,Llanbradach,Llanbradach,W06000018,Caerphilly,8095
W05001661,Machen and Rudry,Machen a Rhydri,W06000018,Caerphilly,8096
W05001662,Maesycwmmer,Maesycwmwr,W06000018,Caerphilly,8097
W05001663,Morgan Jones,Morgan,W06000018,Caerphilly,8098
W05001664,Moriah and Pontlottyn,Moriah a Phontlotyn,W06000018,Caerphilly,8099
W05001665,Nelson,Nelson,W06000018,Caerphilly,8100
W05001666,New Tredegar,Tredegar Newydd,W06000018,Caerphilly,8101
W05001667,Newbridge,Trecelyn,W06000018,Caerphilly,8102
W05001369,Llanyrafon,Llanyrafon,W06000020,Torfaen,8103
W05001468,Narberth: Urban,Arberth Drefol,W06000009,Pembrokeshire,8104
W05001518,Canol Bethesda,Canol Bethesda,W06000002,Gwynedd,8105
W05001418,Llandrillo-yn-Rhos,Llandrillo-yn-Rhos,W06000003,Conwy,8106
W05001568,Y Faenol,Y Faenol,W06000002,Gwynedd,8107
W05001669,Penyrheol,Penyrheol,W06000018,Caerphilly,8108
W05001469,Narberth: Rural,Arberth Wledig,W06000009,Pembrokeshire,8109
W05001470,Newport and Dinas,Trefdraeth a Dinas,W06000009,Pembrokeshire,8110
W05001471,Neyland: East,Dwyrain Neyland,W06000009,Pembrokeshire,8111
W05001472,Neyland: West,Gorllewin Neyland,W06000009,Pembrokeshire,8112
W05001473,Pembroke Dock: Bufferland,Doc Penfro: Bufferland,W06000009,Pembrokeshire,8113
W05001474,Pembroke Dock: Bush,Doc Penfro: Bush,W06000009,Pembrokeshire,8114
W05001475,Pembroke Dock: Central,Canol Doc Penfro,W06000009,Pembrokeshire,8115
W05001476,Pembroke Dock: Market,Doc Penfro: Y Farchnad,W06000009,Pembrokeshire,8116
W05001477,Pembroke Dock: Pennar,Doc Penfro: Pennar,W06000009,Pembrokeshire,8117
W05001478,Pembroke: Monkton and St Mary South,Penfro: Cil-maen a De St Mary,W06000009,Pembrokeshire,8118
W05001479,Pembroke: St Mary North,Penfro: Gogledd St Mary,W06000009,Pembrokeshire,8119
W05001480,Pembroke: St Michael,Penfro: St Michael,W06000009,Pembrokeshire,8120
W05001481,Rudbaxton and Spittal,Rudbaxton a Spittal,W06000009,Pembrokeshire,8121
W05001482,Saundersfoot South,De Saundersfoot,W06000009,Pembrokeshire,8122
W05001483,Solva,Solfach,W06000009,Pembrokeshire,8123
W05001484,St David's,Tyddewi,W06000009,Pembrokeshire,8124
W05001485,St Dogmaels,Llandudoch,W06000009,Pembrokeshire,8125
W05001670,Pontllanfraith,Pontllan-fraith,W06000018,Caerphilly,8126
W05001370,New Inn,New Inn,W06000020,Torfaen,8127
W05001486,St Florence and St Mary Out Liberty,St Florence a Llanfair Dinbych-y-pysgod,W06000009,Pembrokeshire,8128
W05001519,Canol Tref Caernarfon,Canol Tref Caernarfon,W06000002,Gwynedd,8129
W05001671,Risca East,Dwyrain Rhisga,W06000018,Caerphilly,8130
W05001371,Panteg,Pant-teg,W06000020,Torfaen,8131
W05001419,Llanrwst a Llanddoged,Llanrwst a Llanddoged,W06000003,Conwy,8132
W05001487,St Ishmael's,Llanisan-yn-Rhos,W06000009,Pembrokeshire,8133
W05001520,Clynnog,Clynnog,W06000002,Gwynedd,8134
W05001569,Y Groeslon,Y Groeslon,W06000002,Gwynedd,8135
W05001672,Risca West,Gorllewin Rhisga,W06000018,Caerphilly,8136
W05001372,Pontnewydd,Pontnewydd,W06000020,Torfaen,8137
W05001420,Llansanffraid,Llansanffraid,W06000003,Conwy,8138
W05001488,Tenby: North,Gogledd Dinbych-y-pysgod,W06000009,Pembrokeshire,8139
W05001489,Tenby: South,De Dinbych-y-pysgod,W06000009,Pembrokeshire,8140
W05001490,The Havens,Yr Aberoedd,W06000009,Pembrokeshire,8141
W05001491,Wiston,Cas-wis,W06000009,Pembrokeshire,8142
W05001492,Aethwy,Aethwy,W06000001,Isle of Anglesey,8143
W05001493,Bodowyr,Bodowyr,W06000001,Isle of Anglesey,8144
W05001494,Bro Aberffraw,Bro Aberffraw,W06000001,Isle of Anglesey,8145
W05001495,Bro'r Llynnoedd,Bro'r Llynnoedd,W06000001,Isle of Anglesey,8146
W05001496,Canolbarth Môn,Canolbarth Môn,W06000001,Isle of Anglesey,8147
W05001497,Cefni,Cefni,W06000001,Isle of Anglesey,8148
W05001498,Crigyll,Crigyll,W06000001,Isle of Anglesey,8149
W05001499,Lligwy,Lligwy,W06000001,Isle of Anglesey,8150
W05001500,Parc a'r Mynydd,Parc a'r Mynydd,W06000001,Isle of Anglesey,8151
W05001501,Seiriol,Seiriol,W06000001,Isle of Anglesey,8152
W05001502,Talybolion,Talybolion,W06000001,Isle of Anglesey,8153
W05001503,Tref Cybi,Tref Cybi,W06000001,Isle of Anglesey,8154
W05001504,Twrcelyn,Twrcelyn,W06000001,Isle of Anglesey,8155
W05001505,Ynys Gybi,Ynys Gybi,W06000001,Isle of Anglesey,8156
W05001506,Aberdyfi,Aberdyfi,W06000002,Gwynedd,8157
W05001507,Abererch,Abererch,W06000002,Gwynedd,8158
W05001508,Abermaw,Abermaw,W06000002,Gwynedd,8159
W05001509,Abersoch gyda Llanengan,Abersoch gyda Llanengan,W06000002,Gwynedd,8160
W05001510,Arllechwedd,Arllechwedd,W06000002,Gwynedd,8161
W05001511,Arthog a Llangelynnin,Arthog a Llangelynnin,W06000002,Gwynedd,8162
W05001512,Bethel a'r Felinheli,Bethel a'r Felinheli,W06000002,Gwynedd,8163
W05001513,Bowydd a'r Rhiw,Bowydd a'r Rhiw,W06000002,Gwynedd,8164
W05001514,Brithdir and Llanfachreth/Ganllwyd/Llanelltyd,Brithdir a Llanfachreth/Y Ganllwyd/Llanelltud,W06000002,Gwynedd,8165
W05001515,Bro Dysynni,Bro Dysynni,W06000002,Gwynedd,8166
W05001516,Cadnant,Cadnant,W06000002,Gwynedd,8167
W05001517,Canol Bangor,Canol Bangor,W06000002,Gwynedd,8168
W05001373,Pontnewynydd and Snatchwood,Pontnewynydd a Snatchwood,W06000020,Torfaen,8169
W05001374,Pontypool Fawr,Pont-y-pŵl Fawr,W06000020,Torfaen,8170
W05001375,St. Dials,St. Dials,W06000020,Torfaen,8171
W05001376,Trevethin and Penygarn,Trefddyn a Phen-y-garn,W06000020,Torfaen,8172
W05001377,Two Locks,Two Locks,W06000020,Torfaen,8173
W05001378,Upper Cwmbran,Cwmbrân Uchaf,W06000020,Torfaen,8174
W05001379,Baruc,Baruc,W06000014,Vale of Glamorgan,8175
W05001380,Buttrills,Buttrills,W06000014,Vale of Glamorgan,8176
W05001381,Cadoc,Cadog,W06000014,Vale of Glamorgan,8177
W05001382,Castleland,Castleland,W06000014,Vale of Glamorgan,8178
W05001383,Cornerswell,Cornerswell,W06000014,Vale of Glamorgan,8179
W05001384,Court,Court,W06000014,Vale of Glamorgan,8180
W05001385,Cowbridge,Y Bont-faen,W06000014,Vale of Glamorgan,8181
W05001386,Dinas Powys,Dinas Powys,W06000014,Vale of Glamorgan,8182
W05001387,Dyfan,Dyfan,W06000014,Vale of Glamorgan,8183
W05001388,Gibbonsdown,Gibbonsdown,W06000014,Vale of Glamorgan,8184
W05001389,Illtyd,Illtud,W06000014,Vale of Glamorgan,8185
W05001390,Llandough,Llandochau,W06000014,Vale of Glamorgan,8186
W05001521,Corris a Mawddwy,Corris a Mawddwy,W06000002,Gwynedd,8187
W05001391,Llandow,Llandŵ,W06000014,Vale of Glamorgan,8188
W05001673,St Cattwg,Sant Catwg,W06000018,Caerphilly,8189
W05001522,Criccieth,Criccieth,W06000002,Gwynedd,8190
W05001570,Yr Eifl,Yr Eifl,W06000002,Gwynedd,8191
W05001392,Llantwit Major,Llanilltud Fawr,W06000014,Vale of Glamorgan,8192
W05001421,Llansannan,Llansannan,W06000003,Conwy,8193
W05001674,St Martins,Sant Martin,W06000018,Caerphilly,8194
W05001393,Peterston-super-Ely,Llanbedr-y-fro,W06000014,Vale of Glamorgan,8195
W05001422,Llysfaen,Llysfaen,W06000003,Conwy,8196
W05001675,Twyn Carno,Twyncarno,W06000018,Caerphilly,8197
W05001571,Argoed and New Brighton,Argoed a New Brighton,W06000005,Flintshire,8198
W05001523,Cwm-y-glo,Cwm-y-glo,W06000002,Gwynedd,8199
W05001676,Van,Y Fan,W06000018,Caerphilly,8200
W05001524,De Dolgellau,De Dolgellau,W06000002,Gwynedd,8201
W05001572,Bagillt,Bagillt,W06000005,Flintshire,8202
W05001677,Ynysddu,Ynys-ddu,W06000018,Caerphilly,8203
W05001525,De Pwllheli,De Pwllheli,W06000002,Gwynedd,8204
W05001394,Plymouth,Plymouth,W06000014,Vale of Glamorgan,8205
W05001573,Broughton North East,Gogledd-ddwyrain Brychdyn,W06000005,Flintshire,8206
W05001423,Mochdre,Mochdre,W06000003,Conwy,8207
W05001678,Ystrad Mynach,Ystrad Mynach,W06000018,Caerphilly,8208
W05001526,Deiniolen,Deiniolen,W06000002,Gwynedd,8209
W05001395,Rhoose,Y Rhws,W06000014,Vale of Glamorgan,8210
W05001574,Broughton South,De Brychdyn,W06000005,Flintshire,8211
W05001424,Pandy,Pandy,W06000003,Conwy,8212
W05001679,Aberavon,Aberafan,W06000012,Neath Port Talbot,8213
W05001527,Dewi,Dewi,W06000002,Gwynedd,8214
W05001396,St Athan,Sain Tathan,W06000014,Vale of Glamorgan,8215
W05001575,Brynford and Halkyn,Brynffordd a Helygain,W06000005,Flintshire,8216
W05001425,Penmaenmawr,Penmaenmawr,W06000003,Conwy,8217
W05001680,Aberdulais,Aberdulais,W06000012,Neath Port Talbot,8218
W05001528,Diffwys a Maenofferen,Diffwys a Maenofferen,W06000002,Gwynedd,8219
W05001397,St Bride's Major,Saint-y-brid,W06000014,Vale of Glamorgan,8220
W05001576,Buckley: Bistre East,Bwcle: Bwyrain Bistre,W06000005,Flintshire,8221
W05001426,Penrhyn,Penrhyn,W06000003,Conwy,8222
W05001427,Pen-sarn Pentre Mawr,Pen-sarn Pentre Mawr,W06000003,Conwy,8223
W05001428,Rhiw,Rhiw,W06000003,Conwy,8224
W05001429,Towyn,Tywyn,W06000003,Conwy,8225
W05001430,Tudno,Tudno,W06000003,Conwy,8226
W05001431,Uwch Aled,Uwch Aled,W06000003,Conwy,8227
W05001432,Uwch Conwy,Uwch Conwy,W06000003,Conwy,8228
W05001433,Amroth and Saundersfoot North,Amroth a Gogledd Saundersfoot,W06000009,Pembrokeshire,8229
W05001434,Boncath and Clydau,Boncath a Chlydau,W06000009,Pembrokeshire,8230
W05001435,Burton,Burton,W06000009,Pembrokeshire,8231
W05001436,Bro Gwaun,Bro Gwaun,W06000009,Pembrokeshire,8232
W05001437,Camrose,Camros,W06000009,Pembrokeshire,8233
W05001438,Carew and Jeffreyston,Caeriw a Jeffreyston,W06000009,Pembrokeshire,8234
W05001439,Cilgerran and Eglwyswrw,Cilgerran ac Eglwyswrw,W06000009,Pembrokeshire,8235
W05001440,Crymych and Mynachlog-ddu,Crymych a Mynachlog-ddu,W06000009,Pembrokeshire,8236
W05001441,East Williamston,East Williamston,W06000009,Pembrokeshire,8237
W05001442,Fishguard: North East,Gogledd-ddwyrain Abergwaun,W06000009,Pembrokeshire,8238
W05001443,Fishguard: North West,Gogledd-orllewin Abergwaun,W06000009,Pembrokeshire,8239
W05001444,Goodwick,Wdig,W06000009,Pembrokeshire,8240
W05001445,Haverfordwest: Castle,Hwlffordd: Y Castell,W06000009,Pembrokeshire,8241
W05001446,Haverfordwest: Garth,Hwlffordd: Garth,W06000009,Pembrokeshire,8242
W05001447,Haverfordwest: Portfield,Hwlffordd: Portfield,W06000009,Pembrokeshire,8243
W05001448,Haverfordwest: Prendergast,Hwlffordd: Prendergast,W06000009,Pembrokeshire,8244
W05001449,Haverfordwest: Priory,Hwlffordd: Y Priordy,W06000009,Pembrokeshire,8245
W05001450,Hundleton,Hundleton,W06000009,Pembrokeshire,8246
W05001451,Johnston,Johnston,W06000009,Pembrokeshire,8247
W05001452,Kilgetty and Begelly,Cilgeti a Begeli,W06000009,Pembrokeshire,8248
W05001453,Lampeter Velfrey,Llanbedr Felffre,W06000009,Pembrokeshire,8249
W05001454,Lamphey,Llandyfái,W06000009,Pembrokeshire,8250
W05001455,Letterston,Treletert,W06000009,Pembrokeshire,8251
W05001456,Llangwm,Llangwm,W06000009,Pembrokeshire,8252
W05001457,Llanrhian,Llanrhian,W06000009,Pembrokeshire,8253
W05001458,Maenclochog,Maenclochog,W06000009,Pembrokeshire,8254
W05001459,Manorbier and Penally,Maenorbŷr a Phenalun,W06000009,Pembrokeshire,8255
W05001460,Martletwy,Martletwy,W06000009,Pembrokeshire,8256
W05001461,Merlin's Bridge,Pont Fadlen,W06000009,Pembrokeshire,8257
W05001462,Milford: Central,Canol Aberdaugleddau,W06000009,Pembrokeshire,8258
W05001463,Milford: East,Dwyrain Aberdaugleddau,W06000009,Pembrokeshire,8259
W05001464,Milford: Hakin,Aberdaugleddau: Hakin,W06000009,Pembrokeshire,8260
W05001465,Milford: Hubberston,Aberdaugleddau: Hubberston,W06000009,Pembrokeshire,8261
W05001466,Milford: North,Gogledd Aberdaugleddau,W06000009,Pembrokeshire,8262
W05001467,Milford: West,Gorllewin Aberdaugleddau,W06000009,Pembrokeshire,8263
W05001398,St Nicholas and Llancarfan,Sain Nicolas a Llancarfan,W06000014,Vale of Glamorgan,8264
W05001399,St Augustine's,St Augustine's,W06000014,Vale of Glamorgan,8265
W05001400,Stanwell,Stanwell,W06000014,Vale of Glamorgan,8266
W05001401,Sully,Sili,W06000014,Vale of Glamorgan,8267
W05001402,Wenvoe,Gwenfô,W06000014,Vale of Glamorgan,8268
W05001403,Betws-yn-Rhos,Betws-yn-Rhos,W06000003,Conwy,8269
W05001404,Betws-y-Coed and Trefriw,Betws-y-coed a Threfriw,W06000003,Conwy,8270
W05001405,Bryn,Bryn,W06000003,Conwy,8271
W05001406,Caerhun,Caerhun,W06000003,Conwy,8272
W05001407,Colwyn,Colwyn,W06000003,Conwy,8273
W05001408,Conwy,Conwy,W06000003,Conwy,8274
W05001409,Craig-y-don,Craig-y-don,W06000003,Conwy,8275
W05001410,Deganwy,Deganwy,W06000003,Conwy,8276
W05001411,Eglwys-bach a Llangernyw,Eglwys-bach a Llangernyw,W06000003,Conwy,8277
W05001412,Eirias,Eirias,W06000003,Conwy,8278
W05001413,Gele and Llanddulas,Gele a Llanddulas,W06000003,Conwy,8279
W05001414,Glyn,Glyn,W06000003,Conwy,8280
W05001415,Glyn y Marl,Glyn y Marl,W06000003,Conwy,8281
W05001416,Gogarth Mostyn,Gogarth Mostyn,W06000003,Conwy,8282
W05001417,Kinmel Bay,Bae Cinmel,W06000003,Conwy,8283
W05001577,Buckley: Bistre West,Bwcle: Gorllewin Bistre,W06000005,Flintshire,8284
W05001681,Allt-wen,Allt-wen,W06000012,Neath Port Talbot,8285
W05001529,Dolbenmaen,Dolbenmaen,W06000002,Gwynedd,8286
W05001530,Dwyrain Bangor,Dwyrain Bangor,W06000002,Gwynedd,8287
W05001531,Dwyrain Porthmadog,Dwyrain Porthmadog,W06000002,Gwynedd,8288
W05001532,Dyffryn Ardudwy,Dyffryn Ardudwy,W06000002,Gwynedd,8289
W05001533,Efailnewydd a Buan,Efailnewydd a Buan,W06000002,Gwynedd,8290
W05001534,Gerlan,Gerlan,W06000002,Gwynedd,8291
W05001535,Glaslyn,Glaslyn,W06000002,Gwynedd,8292
W05001536,Glyder,Glyder,W06000002,Gwynedd,8293
W05001537,Gogledd Dolgellau,Gogledd Dolgellau,W06000002,Gwynedd,8294
W05001538,Gogledd Pwllheli,Gogledd Pwllheli,W06000002,Gwynedd,8295
W05001539,Gorllewin Porthmadog,Gorllewin Porthmadog,W06000002,Gwynedd,8296
W05001540,Gorllewin Tywyn,Gorllewin Tywyn,W06000002,Gwynedd,8297
W05001541,Harlech a Llanbedr,Harlech a Llanbedr,W06000002,Gwynedd,8298
W05001542,Hendre,Hendre,W06000002,Gwynedd,8299
W05001543,Llanbedrog gyda Mynytho,Llanbedrog gyda Mynytho,W06000002,Gwynedd,8300
W05001544,Llanberis,Llanberis,W06000002,Gwynedd,8301
W05001545,Llandderfel,Llandderfel,W06000002,Gwynedd,8302
W05001546,Llanllyfni,Llanllyfni,W06000002,Gwynedd,8303
W05001547,Llanrug,Llanrug,W06000002,Gwynedd,8304
W05001548,Llanuwchllyn,Llanuwchllyn,W06000002,Gwynedd,8305
W05001549,Llanwnda,Llanwnda,W06000002,Gwynedd,8306
W05001550,Llanystumdwy,Llanystumdwy,W06000002,Gwynedd,8307
W05001551,Menai,Menai,W06000002,Gwynedd,8308
W05001552,Morfa Nefyn a Thudweiliog,Morfa Nefyn a Thudweiliog,W06000002,Gwynedd,8309
W05001553,Morfa Tywyn,Morfa Tywyn,W06000002,Gwynedd,8310
W05001554,Nefyn,Nefyn,W06000002,Gwynedd,8311
W05001682,Baglan,Baglan,W06000012,Neath Port Talbot,8312
W05001555,Peblig,Peblig,W06000002,Gwynedd,8313
W05001578,Buckley: Mountain,Bwlce: Mynydd,W06000005,Flintshire,8314
W05001683,Blaengwrach and Glynneath West,Blaen-gwrach a Gorllewin Glyn-nedd,W06000012,Neath Port Talbot,8315
W05001556,Pen draw Llŷn,Pen draw Llŷn,W06000002,Gwynedd,8316
W05001579,Buckley: Pentrobin,Bwlce: Pentrobin,W06000005,Flintshire,8317
W05001684,Briton Ferry East,Dwyrain Llansawel,W06000012,Neath Port Talbot,8318
W05001557,Penisa'r-waun,Penisa'r-waun,W06000002,Gwynedd,8319
W05001580,Caergwrle,Caergwrle,W06000005,Flintshire,8320
W05001685,Briton Ferry West,Gorllewin Llansawel,W06000012,Neath Port Talbot,8321
W05001558,Penrhyndeudraeth,Penrhyndeudraeth,W06000002,Gwynedd,8322
W05001581,Caerwys,Caerwys,W06000005,Flintshire,8323
W05001686,Bryn and Cwmavon,Bryn a Chwmafan,W06000012,Neath Port Talbot,8324
W05001559,Pen-y-groes,Pen-y-groes,W06000002,Gwynedd,8325
W05001582,Cilcain,Cilcain,W06000005,Flintshire,8326
W05001687,Bryn-coch North,Gogledd Bryn-coch,W06000012,Neath Port Talbot,8327
W05001560,Rachub,Rachub,W06000002,Gwynedd,8328
W05001583,Connah's Quay Central,Canol Cei Connah,W06000005,Flintshire,8329
W05001688,Bryn-coch South,De Bryn-coch,W06000012,Neath Port Talbot,8330
W05001561,Teigl,Teigl,W06000002,Gwynedd,8331
W05001584,Connah's Quay: Golftyn,Cei Connah: Golftyn,W06000005,Flintshire,8332
W05001585,Connah's Quay South,De Cei Connah,W06000005,Flintshire,8333
W05001586,Connah's Quay: Wepre,Cei Connah: Gwepra,W06000005,Flintshire,8334
W05001587,Flint: Castle,Y Fflint: Y Castell,W06000005,Flintshire,8335
W05001588,Flint: Coleshill and Trelawny,Y Fflint: Cynswllt a Threlawny,W06000005,Flintshire,8336
W05001589,Flint: Oakenholt,Y Fflint: Oakenholt,W06000005,Flintshire,8337
W05001590,Greenfield,Maes-glas,W06000005,Flintshire,8338
W05001591,Gwernaffield and Gwernymynydd,Y Waun a Gwernymynydd,W06000005,Flintshire,8339
W05001592,Hawarden: Aston,Penarlâg: Aston,W06000005,Flintshire,8340
W05001593,Hawarden: Ewloe,Penarlâg: Ewloe,W06000005,Flintshire,8341
W05001594,Hawarden: Mancot,Penarlâg: Mancot,W06000005,Flintshire,8342
W05001595,Higher Kinnerton,Kinnerton Uchaf,W06000005,Flintshire,8343
W05001596,Holywell Central,Canol Treffynnon,W06000005,Flintshire,8344
W05001597,Holywell East,Dwyrain Treffynnon,W06000005,Flintshire,8345
W05001598,Holywell West,Gorllewin Treffynnon,W06000005,Flintshire,8346
W05001599,Hope,Yr Hôb,W06000005,Flintshire,8347
W05001600,Leeswood,Coed-Ilai,W06000005,Flintshire,8348
W05001601,Llanasa and Trelawnyd,Llanasa a Threlawnyd,W06000005,Flintshire,8349
W05001602,Llanfynydd,Llanfynydd,W06000005,Flintshire,8350
W05001603,Mold: Broncoed,Yr Wyddgrug: Broncoed,W06000005,Flintshire,8351
W05001604,Mold East,Dwyrain yr Wyddgrug,W06000005,Flintshire,8352
W05001605,Mold South,De'r Wyddgrug,W06000005,Flintshire,8353
W05001606,Mold West,Gorllewin yr Wyddgrug,W06000005,Flintshire,8354
W05001607,Mostyn,Mostyn,W06000005,Flintshire,8355
W05001608,Northop,Llaneurgain,W06000005,Flintshire,8356
W05001609,Pen-y-ffordd,Pen-y-ffordd,W06000005,Flintshire,8357
W05001610,Queensferry and Sealand,Queensferry a Sealand,W06000005,Flintshire,8358
W05001611,Saltney Ferry,Saltney Ferry,W06000005,Flintshire,8359
W05001612,Shotton East and Shotton Higher,Dwyrain Shotton a Shotton Uchaf,W06000005,Flintshire,8360
W05001613,Shotton West,Gorllewin Shotton,W06000005,Flintshire,8361
W05001614,Treuddyn,Treuddyn,W06000005,Flintshire,8362
W05001615,Whitford,Chwitffordd,W06000005,Flintshire,8363
W05001616,Bedlinog and Trelewis,Bedlinog a Threlewis,W06000024,Merthyr Tydfil,8364
W05001617,Cyfarthfa,Cyfarthfa,W06000024,Merthyr Tydfil,8365
W05001689,Cadoxton,Llangatwg,W06000012,Neath Port Talbot,8366
W05001690,Cimla and Pelenna,Cimla a Phelenna,W06000012,Neath Port Talbot,8367
W05001691,Coedffranc Central,Canol Coed-ffranc,W06000012,Neath Port Talbot,8368
W05001692,Coedffranc North,Gogledd Coed-ffranc,W06000012,Neath Port Talbot,8369
W05001693,Coedffranc West,Gorllewin Coed-ffranc,W06000012,Neath Port Talbot,8370
W05001694,"Crynant, Onllwyn and Seven Sisters","Y Creunant, Onllwyn a Blaendulais",W06000012,Neath Port Talbot,8371
W05001695,Cwmllynfell and Ystalyfera,Cwmllynfell ac Ystalyfera,W06000012,Neath Port Talbot,8372
W05001696,Cymer and Glyncorrwg,Cymer a Glyncorrwg,W06000012,Neath Port Talbot,8373
W05001697,Dyffryn,Dyffryn,W06000012,Neath Port Talbot,8374
W05001698,Glynneath Central and East,Canol a Dwyrain Glyn-nedd,W06000012,Neath Port Talbot,8375
W05001699,Godre'r Graig,Godre'r-graig,W06000012,Neath Port Talbot,8376
W05001700,Gwaun-Cae-Gurwen and Lower Brynamman,Gwauncaegurwen a Brynaman Isaf,W06000012,Neath Port Talbot,8377
W05001701,Gwynfi and Croeserw,Gwynfi a Chroeserw,W06000012,Neath Port Talbot,8378
W05001702,Margam and Tai-bach,Margam a Thai-bach,W06000012,Neath Port Talbot,8379
W05001703,Neath East,Dwyrain Castell-nedd,W06000012,Neath Port Talbot,8380
W05001704,Neath North,Gogledd Castell-nedd,W06000012,Neath Port Talbot,8381
W05001705,Neath South,De Castell-nedd,W06000012,Neath Port Talbot,8382
W05001706,Pontardawe,Pontardawe,W06000012,Neath Port Talbot,8383
W05001707,Port Talbot,Port Talbot,W06000012,Neath Port Talbot,8384
W05001708,Resolven and Tonna,Resolfen a Thonna,W06000012,Neath Port Talbot,8385
W05001709,Rhos,Rhos,W06000012,Neath Port Talbot,8386
W05001710,Sandfields East,Dwyrain Sandfields,W06000012,Neath Port Talbot,8387
W05001711,Sandfields West,Gorllewin Sandfields,W06000012,Neath Port Talbot,8388
W05001712,Trebanos,Trebanos,W06000012,Neath Port Talbot,8389
W05001713,Acrefair North,Gogledd Acre-fair,W06000006,Wrexham,8390
W05001714,Acton and Maesydre,Gwaunyterfyn a Maes-y-dre,W06000006,Wrexham,8391
W05001715,Bangor Is-y-Coed,Bangor-is-y-coed,W06000006,Wrexham,8392
W05001716,Borras Park,Parc Borras,W06000006,Wrexham,8393
W05001717,Bronington and Hanmer,Bronington a Hanmer,W06000006,Wrexham,8394
W05001562,Trawsfynydd,Trawsfynydd,W06000002,Gwynedd,8395
W05001563,Tre-garth a Mynydd Llandygái,Tre-garth a Mynydd Llandygái,W06000002,Gwynedd,8396
W05001564,Tryfan,Tryfan,W06000002,Gwynedd,8397
W05001565,Waunfawr,Waunfawr,W06000002,Gwynedd,8398
W05001566,Y Bala,Y Bala,W06000002,Gwynedd,8399
W05001567,Y Bontnewydd,Y Bontnewydd,W06000002,Gwynedd,8400
W05001718,Brymbo,Brymbo,W06000006,Wrexham,8401
W05001719,Bryn Cefn,Bryn Cefn,W06000006,Wrexham,8402
W05001720,Brynyffynnon,Brynyffynnon,W06000006,Wrexham,8403
W05001721,Cartrefle,Cartrefle,W06000006,Wrexham,8404
W05001722,Cefn East,Dwyrain Cefn,W06000006,Wrexham,8405
W05001723,Cefn West,Gorllewin Cefn,W06000006,Wrexham,8406
W05001724,Chirk North,Gogledd y Waun,W06000006,Wrexham,8407
W05001725,Chirk South,De'r Waun,W06000006,Wrexham,8408
W05001726,Coedpoeth,Coed-poeth,W06000006,Wrexham,8409
W05001727,Dyffryn Ceiriog,Dyffryn Ceiriog,W06000006,Wrexham,8410
W05001728,Erddig,Erddig,W06000006,Wrexham,8411
W05001729,Esclusham,Esclusham,W06000006,Wrexham,8412
W05001730,Garden Village,Garden Village,W06000006,Wrexham,8413
W05001731,Gresford East and West,Dwyrain a Gorllewin Gresffordd,W06000006,Wrexham,8414
W05001732,Grosvenor,Grosvenor,W06000006,Wrexham,8415
W05001733,Gwenfro,Gwenfro,W06000006,Wrexham,8416
W05001734,Gwersyllt East,Dwyrain Gwersyllt,W06000006,Wrexham,8417
W05001735,Gwersyllt North,Gogledd Gwersyllt,W06000006,Wrexham,8418
W05001736,Gwersyllt South,De Gwersyllt,W06000006,Wrexham,8419
W05001737,Gwersyllt West,Gorllewin Gwersyllt,W06000006,Wrexham,8420
W05001738,Hermitage,Hermitage,W06000006,Wrexham,8421
W05001739,Holt,Holt,W06000006,Wrexham,8422
W05001740,Little Acton,Acton Fechan,W06000006,Wrexham,8423
W05001741,Llangollen Rural,Llangollen Wledig,W06000006,Wrexham,8424
W05001742,Llay,Llai,W06000006,Wrexham,8425
W05001743,Marchwiel,Marchwiel,W06000006,Wrexham,8426
W05001744,Marford and Hoseley,Marford a Hoseley,W06000006,Wrexham,8427
W05001745,Minera,Mwynglawdd,W06000006,Wrexham,8428
W05001746,New Broughton,New Broughton,W06000006,Wrexham,8429
W05001747,Offa,Offa,W06000006,Wrexham,8430
W05001748,Overton and Maelor South,Owrtyn a De Maelor,W06000006,Wrexham,8431
W05001749,Pant and Johnstown,Pant a Johnstown,W06000006,Wrexham,8432
W05001750,Penycae,Pen-y-cae,W06000006,Wrexham,8433
W05001751,Penycae and Ruabon South,Pen-y-cae a De Rhiwabon,W06000006,Wrexham,8434
W05001752,Ponciau,Ponciau,W06000006,Wrexham,8435
W05001753,Queensway,Queensway,W06000006,Wrexham,8436
W05001754,Rhos,Rhos,W06000006,Wrexham,8437
W05001755,Rhosnesni,Rhosnesni,W06000006,Wrexham,8438
W05001756,Rossett,Yr Orsedd,W06000006,Wrexham,8439
W05001757,Ruabon,Rhiwabon,W06000006,Wrexham,8440
W05001758,Smithfield,Smithfield,W06000006,Wrexham,8441
W05001759,Stansty,Stansty,W06000006,Wrexham,8442
W05001760,Whitegate,Whitegate,W06000006,Wrexham,8443
W05001761,Wynnstay,Wynnstay,W06000006,Wrexham,8444
W05001762,Bulwark and Thornwell,Bulwark a Thornwell,W06000021,Monmouthshire,8445
W05001763,Caerwent,Caer-went,W06000021,Monmouthshire,8446
W05001764,Caldicot Castle,Castell Cil-y-coed,W06000021,Monmouthshire,8447
W05001765,Caldicot Cross,Croes Cil-y-coed,W06000021,Monmouthshire,8448
W05001766,Cantref,Cantref,W06000021,Monmouthshire,8449
W05001767,Chepstow Castle and Larkfield,Castell Cas-gwent a Larkfield,W06000021,Monmouthshire,8450
W05001768,Croesonen,Croesonnen,W06000021,Monmouthshire,8451
W05001769,Crucorney,Crucornau Fawr,W06000021,Monmouthshire,8452
W05001770,Devauden,Devauden,W06000021,Monmouthshire,8453
W05001771,Dewstow,Llanddewi,W06000021,Monmouthshire,8454
W05001772,Drybridge,Drybridge,W06000021,Monmouthshire,8455
W05001773,Gobion Fawr,Gobion Fawr,W06000021,Monmouthshire,8456
W05001774,Goetre Fawr,Goetre Fawr,W06000021,Monmouthshire,8457
W05001775,Grofield,Grofield,W06000021,Monmouthshire,8458
W05001776,Lansdown,Lansdown,W06000021,Monmouthshire,8459
W05001777,Llanbadoc and Usk,Llanbadog a Brynbuga,W06000021,Monmouthshire,8460
W05001778,Llanelly,Llanelli,W06000021,Monmouthshire,8461
W05001779,Llanfoist Fawr and Govilon,Llan-ffwyst Fawr a Gofilon,W06000021,Monmouthshire,8462
W05001780,Llangybi Fawr,Llangybi Fawr,W06000021,Monmouthshire,8463
W05001781,Llantilio Crossenny,Llandeilo Gresynni,W06000021,Monmouthshire,8464
W05001782,Magor East with Undy,Dwyrain Magwyr gyda Gwndy,W06000021,Monmouthshire,8465
W05001783,Magor West,Gorllewin Magwyr,W06000021,Monmouthshire,8466
W05001784,Mardy,Y Maerdy,W06000021,Monmouthshire,8467
W05001785,Mitchel Troy and Trellech United,Llanfihangel Troddi a Thryleg Unedig,W06000021,Monmouthshire,8468
W05001786,Mount Pleasant,Mount Pleasant,W06000021,Monmouthshire,8469
W05001787,Osbaston,Osbaston,W06000021,Monmouthshire,8470
W05001788,Overmonnow,Overmonnow,W06000021,Monmouthshire,8471
W05001789,Park,Y Parc,W06000021,Monmouthshire,8472
W05001790,Pen Y Fal,Pen-y-fâl,W06000021,Monmouthshire,8473
W05001791,Portskewett,Porthsgiwed,W06000021,Monmouthshire,8474
W05001792,Raglan,Rhaglan,W06000021,Monmouthshire,8475
W05001793,Rogiet,Rogiet,W06000021,Monmouthshire,8476
W05001794,Severn,Hafren,W06000021,Monmouthshire,8477
W05001795,Shirenewton,Drenewydd Gelli-farch,W06000021,Monmouthshire,8478
W05001796,St Arvans,Llanarfan,W06000021,Monmouthshire,8479
W05001797,St Kingsmark,Llangynfarch,W06000021,Monmouthshire,8480
W05001798,Town,Y Dref,W06000021,Monmouthshire,8481
W05001799,West End,West End,W06000021,Monmouthshire,8482
W05001800,Wyesham,Wyesham,W06000021,Monmouthshire,8483
