event_id,title,category_name,start_time,end_time,location,postcode,constituency,constituency_code,is_online_event,is_private,is_unlisted,rsvp_is_allowed,capacity,attendees,rsvps,priority,meeting_point,location_is_tbc,contact_number,description,event_url
523832,Morning Wednesday 01/04/2026 - POLLOCKSHIELDS,Canvassing,2026-04-01 10:30:00,2026-04-01 12:00:00,"Pollokshaws Rd, Glasgow G41 2QB, UK",G412QB,Glasgow South,S14000087,False,False,False,True,0,0,0,3,"Corner of Pollokshaws Road and Nithsdale Road, G42 2AD",False,,Lets win this and make a change,https://events.labour.org.uk/event/523832
523986,Wednesday  Morning 01/04/2026 Motherwell,Canvassing,2026-04-01 10:30:00,2026-04-01 12:00:00,"Chesters Cres, Motherwell ML1 3QU, UK",ML13QU,"Motherwell, Wishaw and Carluke",S14000099,False,False,False,True,0,0,0,3,"Corner of Vickers Street and Chesters Crescent, ML1 3QU",False,,"Sharing this week’s campaign grid for Motherwell & Wishaw and some NL-wide sessions as we kick off the short campaign.

It includes the days, times and venues for the week ahead. If you’re able to lend a hand at any of these, it would make a real difference, even an hour helps.

Please jump in where you can and let us know your availability. Let’s give this a strong start 🌹",https://events.labour.org.uk/event/523986
524492,Canvassing in Balderstone and Kirkholt (morning),Canvassing,2026-04-01 11:00:00,2026-04-01 12:30:00,"The Strand, Rochdale OL11 2JG, UK",OL112JG,Rochdale,E14001446,False,False,False,True,0,0,0,2,"The Strand, Rochdale OL11 2JG",False,,Join the local Labour Party on the doors as we campaign for our local councillors in Rochdale Borough ahead of polling day on the 7th May.,https://events.labour.org.uk/event/524492
524622,Ceredigion Penfro Senedd Election - Canvassing in Newport,Canvassing,2026-04-01 11:00:00,2026-04-01 13:00:00,"Long St, Newport SA42 0TJ, UK",SA420TJ,Ceredigion Preseli,W07000093,False,False,False,True,0,0,0,3,Car Park on long st.,False,,Please join us for a short canvassing session in Newport. Remember to wear comfortable shoes and dress for the weather.,https://events.labour.org.uk/event/524622
524617,Campaigning in Halesowen North,Canvassing,2026-04-01 11:30:00,2026-04-01 13:00:00,"Springfield Dr & Springfield Rd, Halesowen, UK",B628JY,Halesowen,E14001261,False,False,False,True,0,0,0,3,,False,,Join Alex Ballinger MP and local candidate Fiona Murray as we campaign ahead of the local elections on May 7th.,https://events.labour.org.uk/event/524617
520538,Ladywood Canvassing 🌹,Canvassing,2026-04-01 12:30:00,2026-04-01 13:30:00,"Library of Birmingham, Centenary Square, Birmingham, UK",B12EP,Birmingham Ladywood,E14001096,False,False,False,True,0,0,0,1,,False,,"Join us as we canvass in Ladywood Ward for our 2026 local elections, Sally Benton and Satvir Dosanjh. All new and experienced canvassers are welcome - training will be provided. RSVP for address details.",https://events.labour.org.uk/event/520538
524728,Campaigning in Streatham Hill East,Canvassing,2026-04-01 12:30:00,2026-04-01 14:00:00,"Streatham Hill, London SW2 4UG, UK",SW24UG,Streatham and Croydon North,E14001527,False,False,False,True,0,0,0,2,Bottom of Amesbury Avenue and Streatham High Road,False,,"Join us as we speak to residents in Streatham Hill East ahead of the May 2026 local elections! There will be plenty of experienced campaigners and councillors, so if you've never campaigned before this will be the perfect starting point.",https://events.labour.org.uk/event/524728
522132,Uddingston and Bellshill Big Campaign Day,Canvassing,2026-04-01 13:00:00,2026-04-01 15:00:00,"Viewpark Community Education Centre, Old Edinburgh Rd, Uddingston, Glasgow G71 6PG, UK",G716PG,Coatbridge and Bellshill,S14000070,False,False,False,True,0,3,3,3,"Viewpark Community Centre, Old Edinburgh Rd, Uddingston, G71 6PG",False,,Join us as we kick off the start of the short campaign in Uddingston and Bellshill with a big campaign day with teams from across North Lanarkshire as we take the Labour message to doors.,https://events.labour.org.uk/event/522132
524002,Wednesday 01/04/2026 - Uddingston,Canvassing,2026-04-01 13:00:00,2026-04-01 15:00:00,"Viewpark Community Education Centre, Old Edinburgh Road, Uddingston, Glasgow, UK",G716PG,Coatbridge and Bellshill,S14000070,False,False,False,True,0,0,0,3,"Outside Viewpark Community Education Centre, Old Edinburgh Road, Uddingston",False,,"Sharing this week’s campaign grid for Motherwell & Wishaw and some NL-wide sessions as we kick off the short campaign.

It includes the days, times and venues for the week ahead. If you’re able to lend a hand at any of these, it would make a real difference, even an hour helps.

Please jump in where you can and let us know your availability. Let’s give this a strong start 🌹",https://events.labour.org.uk/event/524002
522831,Canvassing in Wrexham,Canvassing,2026-04-01 14:00:00,2026-04-01 16:00:00,"Pentre Street & Llay New Road, Llay, Wrexham, UK",LL120BZ,Wrexham,W07000111,False,False,False,True,0,1,1,3,"Pentre Street & Llay New Road, Llay, Wrexham, UK",False,,"Join us canvassing in Fflint-Wrecsam! If you've never canvassed before, or haven't for a while, don't worry - you'll be paired with an experienced canvasser who will guide you and show you the ropes. Simply RSVP so we know to expect you, and see you there!",https://events.labour.org.uk/event/522831
524442,Shooters Hill canvassing 🌹,Canvassing,2026-04-01 14:00:00,2026-04-01 15:00:00,"Shrewsbury Ln, London SE18 3JL, UK",SE183JL,Erith and Thamesmead,E14001229,False,False,False,True,0,1,1,2,Meet corner of Foxcroft and Shrewsbury Lane,False,,Canvassing in Shooters Hill Road,https://events.labour.org.uk/event/524442
525101,Canvassing in Lee Green ward,Canvassing,2026-04-01 14:00:00,2026-04-01 16:00:00,"Burnt Ash Hill & Holme Lacey Road, London, UK",SE120AA,Lewisham East,E14001331,False,False,False,True,0,0,0,2,Junction of Burnt Ash Hill & Holme Lacey Road,False,,"Join our Lee Green team out on the doors speaking to residents about the issues that matter to them. If you've never canvassed before you'll be given a full briefing ahead of the session, and you can pair up with an experienced member of the team while you learn the ropes!",https://events.labour.org.uk/event/525101
522392,Canvassing in Romsey - 1 April,Canvassing,2026-04-01 16:00:00,2026-04-01 18:00:00,"Co-op Food - Cambridge - Mill Road, Mill Road, Cambridge, UK",CB13AN,Cambridge,E14001149,False,False,False,True,0,1,1,2,Mill Rd Co-op,False,,Join us canvassing in Romsey!,https://events.labour.org.uk/event/522392
524623,Ceredigion Penfro Senedd Election - Canvassing in Newport,Canvassing,2026-04-01 16:00:00,2026-04-01 18:00:00,"Long St, Newport SA42 0TJ, UK",SA420TJ,Ceredigion Preseli,W07000093,False,False,False,True,0,0,0,3,Car Park on long st.,False,,Please join us for a short canvassing session in Newport. Remember to wear comfortable shoes and dress for the weather.,https://events.labour.org.uk/event/524623
523988,Wednesday Afternoon 01/04/2026 Motherwell,Canvassing,2026-04-01 16:30:00,2026-04-01 18:00:00,"Watling St, Motherwell ML1 3RP, UK",ML13RP,"Motherwell, Wishaw and Carluke",S14000099,False,False,False,True,0,0,0,3,"Corner of Watling Street and Horatius Street, ML1 3RP",False,,"Sharing this week’s campaign grid for Motherwell & Wishaw and some NL-wide sessions as we kick off the short campaign.

It includes the days, times and venues for the week ahead. If you’re able to lend a hand at any of these, it would make a real difference, even an hour helps.

Please jump in where you can and let us know your availability. Let’s give this a strong start 🌹",https://events.labour.org.uk/event/523988
524626,Ceredigion Penfro Senedd Election - Canvassing in Neyland,Canvassing,2026-04-01 17:00:00,2026-04-01 19:00:00,"1 Queen Elizabeth Avenue, Neyland, Milford Haven, UK",SA731TS,Mid and South Pembrokeshire,W07000100,False,False,False,True,0,1,1,3,Corner of Riverside Ave and Queen Elizabeth Ave,False,,Please join us for a short canvassing session in Neyland. Remember to wear comfortable shoes and dress for the weather.,https://events.labour.org.uk/event/524626
519976,🌹Canvassing in Greets Green & Lyng🌹,Canvassing,2026-04-01 17:30:00,2026-04-01 19:00:00,"Brandon Way, West Bromwich, UK",B708JW,West Bromwich,E14001574,False,False,False,True,0,0,0,3,,False,,Join us in Greets Green and Lyng to help our amazing candidates to help spread Labour's message of renewal to residents! Never canvassed before? Don't worry! Training will be delivered on the day! 🌹,https://events.labour.org.uk/event/519976
520053,Canvassing in Arbury - 1 April,Canvassing,2026-04-01 17:30:00,2026-04-01 19:00:00,"Carlton Way & Perse Way, Cambridge, UK",CB42DE,Cambridge,E14001149,False,False,False,True,0,0,0,2,Carlton Way shops,False,,Join us canvassing in Arbury!,https://events.labour.org.uk/event/520053
523764,Local Elections 2026: Thorpe Hamlet,Canvassing,2026-04-01 17:30:00,2026-04-01 19:30:00,"Wellesley Avenue South & Cintra Road, Norwich, UK",NR14AD,Norwich South,E14001409,False,False,False,True,0,0,0,2,"Thorpe Hamlet: Corner of Wellesley Avenue South and Cintra Road, NR1 4AD",False,,"Join us on the Labour Doortstep for the 2026 Local Elections. Labour is lowering the cost of living, getting the NHS back on its feet and putting pride back into our neighbourhoods. That's why we are proud to be Labour. Join us now.",https://events.labour.org.uk/event/523764
523812,Campaigning in Walkley,Canvassing,2026-04-01 17:30:00,2026-04-01 19:00:00,"Freedom Road, Sheffield, UK",S62XD,Sheffield Central,E14001467,False,False,False,True,0,1,1,2,Meet the bottom of top of Freedom Road,False,,Join us on the doorstep to re-elect Cllr Tom Hunt on Thursday 7th May. We'll provide a briefing beforehand and pair newcomers with experienced campaigners.,https://events.labour.org.uk/event/523812
524584,Doorknocking in Quarry Bank,Campaigning,2026-04-01 17:30:00,2026-04-01 19:00:00,"Park Road, Quarry Bank, Brierley Hill, UK",DY52DF,Halesowen,E14001261,False,False,False,True,0,0,0,3,Corner of Park Road and Bower Lane,False,,Join Jules Singh for doorknocking in his campaign to become a councillor in Quarry Bank and Dudley Wood,https://events.labour.org.uk/event/524584
523821,Coley doorknocking (Re-elect Ellie Emberson),Canvassing,2026-04-01 18:00:00,2026-04-01 19:30:00,"Morrisons Daily, Wensley Road, Coley Park, Reading, UK",RG16DJ,Reading Central,E14001438,False,False,False,True,0,0,0,2,Outside Wensley Road shops,False,,"Join us as we speak to residents ahead of the local election on 7 May. Ellie is seeking voters support for a third time. 

Do not worry if you have not canvassed before, you can shadow before you feel comfortable!",https://events.labour.org.uk/event/523821
523828,Canvassing in Lillie (evening),Canvassing,2026-04-01 18:00:00,2026-04-01 20:00:00,"The Goose, North End Road, London, UK",SW61NL,Chelsea and Fulham,E14001160,False,False,False,True,0,1,1,3,"The Goose, North End Road, SW6 1NL",False,,"Join us on for our canvassing session in Lillie alongside our local councillors and other volunteers. If you've never been campaigning before, now is the perfect time to start and we can promise you a very warm welcome. We will offer training and will make sure you are paired with an experienced canvasser until you feel comfortable doing it on our own. Contact - Lydia (07860369979)",https://events.labour.org.uk/event/523828
524489,Canvassing in Balderstone and Kirkholt (evening),Canvassing,2026-04-01 18:00:00,2026-04-01 19:30:00,"The Strand, Rochdale OL11 2JG, UK",OL112JG,Rochdale,E14001446,False,False,False,True,0,0,0,2,"The Strand, Rochdale OL11 2JG",False,,Join the local Labour Party on the doors as we campaign for our local councillors in Rochdale Borough ahead of polling day on the 7th May.,https://events.labour.org.uk/event/524489
524591,Win26 Broad Green Labour Canvass for Croydon,Canvassing,2026-04-01 18:00:00,2026-04-01 20:00:00,"Stonecroft Way, Croydon CR0 3DG, UK",CR03DG,Croydon West,E14001188,False,False,False,True,0,0,0,2,Corner of Alfriston Avenue and Stonecroft Way,False,,Campaign for Croydon Labour,https://events.labour.org.uk/event/524591
524005,Middlewich canvassing,Canvassing,2026-04-01 18:15:00,2026-04-01 19:45:00,"Booth Lane & Cross Lane, Middlewich, UK",CW100ET,Mid Cheshire,E14001361,False,False,False,True,0,1,1,3,Booth Lane and Cross Lane CW10 0ET,False,,Come and help cmapign for Helen!,https://events.labour.org.uk/event/524005
519913,Crystal Palace power hour meeting at Crystal Palace station,Canvassing,2026-04-01 18:30:00,2026-04-01 19:30:00,"Crystal Palace Station, London, UK",SE192AY,Beckenham and Penge,E14001083,False,False,False,True,0,0,0,3,Crystal Palace station SE19 2AZ,False,,Join your local councillors be out in Crystal Palace for a Wednesday evening power hour,https://events.labour.org.uk/event/519913
525429,Devonport Leaflet Drop,Leafletting,2026-04-02 08:30:00,2026-04-02 10:00:00,"Salvation Army, Park Avenue, Devonport, Plymouth, UK",PL14BA,Plymouth Sutton and Devonport,E14001427,False,False,False,True,0,0,0,2,"Meeting at the Salvation Army, Granby Way",False,,Join us as we leaflet in Devonport!,https://events.labour.org.uk/event/525429
522833,Canvassing in Wrexham,Canvassing,2026-04-02 10:30:00,2026-04-02 12:30:00,"Gwenfro & Prince Charles Road, Wrexham, UK",LL139PG,Wrexham,W07000111,False,False,False,True,0,0,0,3,"Gwenfro & Prince Charles Road, Wrexham, UK",False,,"Join us canvassing in Fflint-Wrecsam! If you've never canvassed before, or haven't for a while, don't worry - you'll be paired with an experienced canvasser who will guide you and show you the ropes. Simply RSVP so we know to expect you, and see you there!",https://events.labour.org.uk/event/522833
524001,Campaigning with Katherine Sangster,Campaigning,2026-04-02 10:30:00,2026-04-02 12:30:00,"Musselburgh, UK",EH217DX,Edinburgh East and Musselburgh,S14000078,False,False,False,True,0,0,0,3,15 Bridge Street Musselburgh,False,,"Join our candidate for Holyrood, Katherine Sangster, speaking to voters in Edinburgh East, Musselburgh, and Tranent. If you've never door-knocked before, experienced campaigners will be on hand to teach you! Looking forward to seeing you there!",https://events.labour.org.uk/event/524001
523992,Canvassing in Hillrise ward,Canvassing,2026-04-02 11:00:00,2026-04-02 13:00:00,"Brickworks Community Centre, Crouch Hill, London, UK",N44AJ,Islington North,E14001305,False,False,False,True,0,1,1,2,Outside Brickworks Community Centre,False,,"Join our Hillrise team out on the doors speaking to residents about the issues that matter to them. If you've never canvassed before you'll be given a full briefing ahead of the session, and you can pair up with an experienced member of the team while you learn the ropes!",https://events.labour.org.uk/event/523992
522133,Motherwell and Wishaw Big Campaign Day,Canvassing,2026-04-02 12:00:00,2026-04-02 15:00:00,"St Thomas' Catholic Church, 12 Tarbert Ave, Pather, Wishaw ML2 0JH, UK",ML20JH,"Motherwell, Wishaw and Carluke",S14000099,False,False,False,True,0,2,2,3,"St Thomas’ Church, 12 Tarbert Ave, Pather, Wishaw ML2 0JH",False,,Join us as we kick off the start of the short campaign in Motherwell and Wishaw with a big campaign day with teams from across North Lanarkshire as we take the Labour message to doors.,https://events.labour.org.uk/event/522133
523991,Thursday Midday 02/04/2026 - Wishaw,Canvassing,2026-04-02 12:00:00,2026-04-02 14:00:00,"Caledonian Rd, Wishaw ML2 0JA, UK",ML20JA,"Motherwell, Wishaw and Carluke",S14000099,False,False,False,True,0,1,1,3,"Outside St Thomas's RC Church, Caledonian Road",False,,"Sharing this week’s campaign grid for Motherwell & Wishaw and some NL-wide sessions as we kick off the short campaign.

It includes the days, times and venues for the week ahead. If you’re able to lend a hand at any of these, it would make a real difference, even an hour helps.

Please jump in where you can and let us know your availability. Let’s give this a strong start 🌹",https://events.labour.org.uk/event/523991
524567,Girvan Campaigning,Canvassing,2026-04-02 12:00:00,2026-04-02 14:00:00,"Mote Hill Road, Girvan, UK",KA260EB,"Ayr, Carrick and Cumnock",S14000107,False,False,False,True,0,0,0,1,Mote Hill Road/ South Park Avenue,False,,Door knocking and leafleting with Carol Mochan,https://events.labour.org.uk/event/524567
523744,Local Elections 2026: Wensum,Canvassing,2026-04-02 13:00:00,2026-04-02 15:00:00,"Cadge Road & Dereham Road, Norwich, UK",NR58TU,Norwich South,E14001409,False,False,False,True,0,0,0,2,"Wensum: Corner of Cadge Road and Dereham Road, NR5 8TU",False,,"Join us on the Labour Doortstep for the 2026 Local Elections. Labour is lowering the cost of living, getting the NHS back on its feet and putting pride back into our neighbourhoods. That's why we are proud to be Labour. Join us now.",https://events.labour.org.uk/event/523744
522835,Canvassing in Wrexham,Canvassing,2026-04-02 14:00:00,2026-04-02 16:00:00,"Bryn Goleu & Darby Road, Brynteg, Wrexham, UK",LL116LW,Wrexham,W07000111,False,False,False,True,0,2,2,3,"Bryn Goleu & Darby Road, Brynteg, Wrexham, UK",False,,"Join us canvassing in Fflint-Wrecsam! If you've never canvassed before, or haven't for a while, don't worry - you'll be paired with an experienced canvasser who will guide you and show you the ropes. Simply RSVP so we know to expect you, and see you there!",https://events.labour.org.uk/event/522835
522839,Senedd 2026 - Canvassing in Colwyn Bay,Canvassing,2026-04-02 14:00:00,2026-04-02 16:00:00,"Lawson Rd, Colwyn Bay LL29 8HB, UK",LL298HB,Clwyd North,W07000095,False,False,False,True,0,2,2,3,The corner of Lawson Road and Abergele Road,False,,Hello members and supporters! The Senedd campaign is underway. We are weeks out from polling day and we need your help to get as many of our candidates elected. See you on the doors!,https://events.labour.org.uk/event/522839
523987,Campaigning,Campaigning,2026-04-02 14:00:00,2026-04-02 16:00:00,"Durham Road South, Edinburgh, UK",EH153PD,Edinburgh East and Musselburgh,S14000078,False,False,False,True,0,0,0,3,"Outside Gogis 1B Magdalene Dr, Edinburgh EH15 3DA",False,,"Join our candidate for Holyrood, Katherine Sangster, speaking to voters in Edinburgh East, Musselburgh, and Tranent. If you've never door-knocked before, experienced campaigners will be on hand to teach you! Looking forward to seeing you there!",https://events.labour.org.uk/event/523987
524006,Middlewich Canvassing,Canvassing,2026-04-02 14:00:00,2026-04-02 15:30:00,"Chadwick Rd & The Green, Middlewich, UK",CW100EA,Mid Cheshire,E14001361,False,False,False,True,0,0,0,3,Meet at Chadwick Rd and The Green CW10 0EA,False,,Lets get out canvassing for Helen!,https://events.labour.org.uk/event/524006
524494,Canvassing in South Middleton (afternoon),Canvassing,2026-04-02 14:00:00,2026-04-02 15:30:00,"Kemp Street, Middleton, Manchester M24 4UA, UK",M244UA,Blackley and Middleton South,E14001103,False,False,False,True,0,0,0,2,"The Archer, Kemp Street, M24 4UA",False,,Join the local Labour Party on the doors as we campaign for our local councillors in Rochdale Borough ahead of polling day on the 7th May.,https://events.labour.org.uk/event/524494
524619,Campaigning in Cradley,Canvassing,2026-04-02 14:00:00,2026-04-02 16:00:00,"HYDE GARDENS, HYDE GARDENS, Halesowen, UK",B632FG,Halesowen,E14001261,False,False,False,True,0,0,0,3,Corner of Hyde Gardens & James Scott Rd,False,,Join Alex Ballinger MP and local candidate Matt Collins to campaign ahead of the local elections on May 7th.,https://events.labour.org.uk/event/524619
524486,Temple Newsam Doorknocking,Canvassing,2026-04-02 15:00:00,2026-04-02 16:30:00,"Carter Avenue, Leeds, UK",LS157AJ,Leeds East,E14001320,False,False,False,True,0,0,0,2,Where Hollyshaw Lane meets Carter Avenue,False,,Join candidates Tim and Julia and your Temple Newsam Labour team out on the doorstep for campaigning in this key seat! If you've not canvassed before - don't worry - you'll be paired up with a buddy until you feel more confident and full training will be provided. Point of contact: James 0783011370,https://events.labour.org.uk/event/524486
520202,🌹Canvassing in Old Warley🌹,Canvassing,2026-04-02 16:00:00,2026-04-02 17:30:00,"Barston Road, Oldbury, UK",B680PU,Smethwick,E14001478,False,False,False,True,0,1,1,2,,False,,Join us in Old Warley to help our amazing candidates to help spread Labour's message of renewal to residents! Never canvassed before? Don't worry! Training will be delivered on the day! 🌹,https://events.labour.org.uk/event/520202
523147,🌹 Barnsley Labour Blitz Session - Athersley and New Lodge🌹,Canvassing,2026-04-02 16:00:00,2026-04-02 17:00:00,"135 Wingfield Road, Barnsley, UK",S713PW,Barnsley North,E14001074,False,False,False,True,0,0,0,2,,False,,"Join the Barnsley Labour team for a morning of door-knocking to support our excellent local Labour candidates - Dave Leech, Sarah Tattersall and Neil Wright.

Don't worry if you've not campaigned before, we'll pair you with an experienced campaigner until you find your feet!",https://events.labour.org.uk/event/523147
524636,Canvassing in Southwick Green,Canvassing,2026-04-02 17:00:00,2026-04-02 18:30:00,"Victoria Rd, Southwick, Brighton BN42 4DJ, UK",BN424DJ,East Worthing and Shoreham,E14001218,False,False,False,True,0,1,1,3,Corner of Park Lane and Victoria Road,False,,Join the team out canvassing in Southwick Green for the upcoming elections on May 7th.   If you are new to canvassing you will be paired with an experienced campaigner until you feel ready to fly solo.,https://events.labour.org.uk/event/524636
524714,Campaigning in Old Trafford,Canvassing,2026-04-02 17:00:00,2026-04-02 18:30:00,"Seymour Grove, Old Trafford, Stretford, Manchester M16 0LW, UK",M160LW,Stretford and Urmston,E14001528,False,False,False,True,0,0,0,2,corner of Seymour Grove and Ayres Road,False,,"Come join the Old Trafford team campaigning in our ward. We're a friendly bunch, and if you're new to canvassing, we're happy to support you. We can pair you up with an experienced canvasser. We're keen to find out how voters are feeling about local and national issues. Contact Ben Slater",https://events.labour.org.uk/event/524714
519956,🌹Canvassing in Tipton Green🌹,Canvassing,2026-04-02 17:30:00,2026-04-02 19:00:00,"Crompton Road, Tipton, UK",DY48RZ,Tipton and Wednesbury,E14001547,False,False,False,True,0,0,0,3,,False,,Join us in Tipton Green to help our amazing candidates to help spread Labour's message of renewal to residents! Never canvassed before? Don't worry! Training will be delivered on the day! 🌹,https://events.labour.org.uk/event/519956
522836,Canvassing in Wrexham,Canvassing,2026-04-02 17:30:00,2026-04-02 19:30:00,"Rockwood Road & Long Lane, Brynteg, Wrexham, UK",LL116LW,Wrexham,W07000111,False,False,False,True,0,0,0,3,"Rockwood Road & Long Lane, Brynteg, Wrexham, UK",False,,"Join us canvassing in Fflint-Wrecsam! If you've never canvassed before, or haven't for a while, don't worry - you'll be paired with an experienced canvasser who will guide you and show you the ropes. Simply RSVP so we know to expect you, and see you there!",https://events.labour.org.uk/event/522836
523765,Local Elections 2026: Thorpe Hamlet,Canvassing,2026-04-02 17:30:00,2026-04-02 19:30:00,"Cotman Road & Telegraph Lane East, Norwich, UK",NR14AN,Norwich South,E14001409,False,False,False,True,0,0,0,2,"Thorpe Hamlet: Corner of Cotman Road and Telegraph Lane East, NR1 4AN",False,,"Join us on the Labour Doortstep for the 2026 Local Elections. Labour is lowering the cost of living, getting the NHS back on its feet and putting pride back into our neighbourhoods. That's why we are proud to be Labour. Join us now.",https://events.labour.org.uk/event/523765
523831,Door Knocking in Waun-Lwyd,Canvassing,2026-04-02 17:30:00,2026-04-02 19:00:00,"Howards Way, Victoria, Ebbw Vale NP23 8AX, UK",NP238AX,Blaenau Gwent and Rhymney,W07000084,False,False,False,True,0,3,3,2,Junction for Howard's Way,False,,Door Knocking session ahead of the Senedd election in May.,https://events.labour.org.uk/event/523831
519606,Canvassing in Kidbrooke Village and Sutcliffe🌹,Canvassing,2026-04-02 18:00:00,2026-04-02 19:30:00,"Embry Road, London, UK",SE39NG,Eltham and Chislehurst,E14001223,False,False,False,True,0,0,0,3,Meet at the corner of Tudway Rd and Embry Rd,False,,Join local councillors and Greenwich Labour activists as we speak to residents in Kidbrooke Village and Sutcliffe. No experience required!,https://events.labour.org.uk/event/519606
519785,Salford CLP Campaigning - Weaste & Seedley,Campaigning,2026-04-02 18:00:00,2026-04-02 19:30:00,"4 Devonshire Rd, Salford M6 8JH, UK",M68HY,Salford,E14001459,False,False,False,True,0,2,2,2,,False,,Campaigning for our fantastic candidates,https://events.labour.org.uk/event/519785
519786,Worsley & Eccles CLP Campaigning - Barton & Winton,Campaigning,2026-04-02 18:00:00,2026-04-02 19:30:00,"Worsley Road & Chesterfield Close, Eccles, Manchester M30 8LS, UK",M308LS,Worsley and Eccles,E14001598,False,False,False,True,0,1,1,2,Corner of Worsley Rd & Chesterfield Cl,False,,Campaigning for our fantastic candidates,https://events.labour.org.uk/event/519786
523995,Campaigning with katherine Sangster,Campaigning,2026-04-02 18:00:00,2026-04-02 19:30:00,"Durham Square, Edinburgh, UK",EH151PU,Edinburgh East and Musselburgh,S14000078,False,False,False,True,0,0,0,3,"Outside Lindsay & Gilmour Pharmacy Milton Road, 6 Milton Rd W, Edinburgh EH15 1LF",False,,"Join our candidate for Holyrood, Katherine Sangster, speaking to voters in Edinburgh East, Musselburgh, and Tranent. If you've never door-knocked before, experienced campaigners will be on hand to teach you! Looking forward to seeing you there!",https://events.labour.org.uk/event/523995
524495,Canvassing in South Middleton (evening),Canvassing,2026-04-02 18:00:00,2026-04-02 19:30:00,"Kemp Street, Middleton, Manchester M24 4UA, UK",M244UA,Blackley and Middleton South,E14001103,False,False,False,True,0,0,0,2,"The Archer, Kemp Street, M24 4UA",False,,Join the local Labour Party on the doors as we campaign for our local councillors in Rochdale Borough ahead of polling day on the 7th May.,https://events.labour.org.uk/event/524495
524620,Campaigning in Halesowen North,Canvassing,2026-04-02 18:00:00,2026-04-02 19:30:00,"Clifton Rd & Belgrave Rd, Halesowen, UK",B629EY,Halesowen,E14001261,False,False,False,True,0,0,0,3,Corner of Clifton Rd & Belgrave Rd,False,,Join Alex Ballinger MP and local candidate Fiona Murray campaigning in Halesowen North ahead of the local elections on May 7th.,https://events.labour.org.uk/event/524620
525171,Canvassing in Minster Ward,Canvassing,2026-04-02 18:00:00,2026-04-02 19:00:00,"Woodhall Dr, Lincoln LN2 2DE, UK",LN22DE,Lincoln,E14001336,False,False,False,True,0,1,1,3,Sudbrooke Drive / Woodhall Drive junction,False,,Join the team for a canvassing session in Minster Ward. Parking is available in the community centre car park.,https://events.labour.org.uk/event/525171
525440,2 April 2026 Evening Canvass,Canvassing,2026-04-02 18:00:00,2026-04-02 19:30:00,"Brighton Rd, South Croydon CR2 6EH, UK",CR26EH,Croydon South,E14001187,False,False,False,True,0,1,1,3,Between Newark Road and Brighton Road,False,,"Recovered from all the leafleting?

Then please join Benji, Bridget and Mathew for the second of two South Croydon sessions tomorrow.",https://events.labour.org.uk/event/525440
524008,Middlewich canvassing,Canvassing,2026-04-02 18:15:00,2026-04-02 19:45:00,"Booth Lane & Long Lane South, Middlewich, UK",CW100JN,Mid Cheshire,E14001361,False,False,False,True,0,1,1,3,Meet at Booth Lane and Long Lane South CW10 0JN,False,,Another doorknock to help Helen win!,https://events.labour.org.uk/event/524008
522849,Canvassing Congleton,Canvassing,2026-04-02 18:30:00,2026-04-02 20:30:00,"Congleton CW12 1GP, UK",CW121GP,Congleton,E14001178,False,False,False,True,0,1,1,2,Macclesfield Rd/Dobson Way,False,,An opportunity to converse with residents to identify any local issues or concerns.,https://events.labour.org.uk/event/522849
520317,Mid Bedfordshire Constituency Party All Members Meeting,Members' Meeting,2026-04-02 19:30:00,2026-04-02 21:00:00,"The Hub (Flitwick Town Council), Dunstable Road, Flitwick, Bedford, UK",MK451HP,Mid Bedfordshire,E14001359,False,False,False,True,0,1,1,2,The Hub,False,,Mid Bedfordshire Constituency Party All Members Meeting,https://events.labour.org.uk/event/520317
524487,Campaign Meeting,Campaign Prep & Admin,2026-04-02 19:30:00,2026-04-02 21:30:00,"17 Maltravers Dr, Littlehampton, UK",BN175EY,Bognor Regis and Littlehampton,E14001108,False,False,False,True,0,2,2,2,,False,,"Come along for an informal campaign meeting, discuss your thoughts on the county council local campaign across the constituency with like-minded friends over a drink and a snack (please bring something along to share).",https://events.labour.org.uk/event/524487
524621,Campaigning in Cradley Heath,Canvassing,2026-04-03 10:00:00,2026-04-03 12:00:00,"Barrs Rd & Barrs Crescent, Cradley Heath, UK",B647EX,Halesowen,E14001261,False,False,False,True,0,0,0,3,Corner of Barrs Rd & Barrs Crescent,False,,Join Alex Ballinger MP and local candidates Dr Tom Knowles and Sheraz Khan campaigning in Cradley Heath ahead of the local election on May 7th.,https://events.labour.org.uk/event/524621
524003,Campaigning with Katherine Sangster,Campaigning,2026-04-03 10:30:00,2026-04-03 12:30:00,"Musselburgh, UK",EH217DX,Edinburgh East and Musselburgh,S14000078,False,False,False,True,0,0,0,3,15 Bridge Street Musselburgh,False,,"Join our candidate for Holyrood, Katherine Sangster, speaking to voters in Edinburgh East, Musselburgh, and Tranent. If you've never door-knocked before, experienced campaigners will be on hand to teach you! Looking forward to seeing you there!",https://events.labour.org.uk/event/524003
523746,Local Elections 2026: Wensum,Canvassing,2026-04-03 11:00:00,2026-04-03 13:00:00,"Cadge Road & Dereham Road, Norwich, UK",NR58TU,Norwich South,E14001409,False,False,False,True,0,0,0,2,"Wensum: Corner of Cadge Road and Dereham Road, NR5 8TU",False,,"Join us on the Labour Doortstep for the 2026 Local Elections. Labour is lowering the cost of living, getting the NHS back on its feet and putting pride back into our neighbourhoods. That's why we are proud to be Labour. Join us now.",https://events.labour.org.uk/event/523746
523908,Campaigning with Catriona in Oxgangs,Campaigning,2026-04-03 11:00:00,2026-04-03 12:30:00,"Oxgangs Bank & Caiystane Gardens, Edinburgh, UK",EH139LN,Edinburgh South West,S14000081,False,False,False,True,0,0,0,1,"Oxgangs Bank & Caiystane Gardens, Edinburgh, UK",False,,"Join us in Balerno for a campaign session for Catriona Munro; if you haven't door-knocked before, there will be people there to show you the ropes.",https://events.labour.org.uk/event/523908
524498,Canvassing in Milkstone and Deeplish (morning),Canvassing,2026-04-03 11:00:00,2026-04-03 12:30:00,"Zam Zam Cash & Carry, Milkstone Road, Rochdale, UK",OL111ED,Rochdale,E14001446,False,False,False,True,0,0,0,2,"ZamZam Cash and Carry, Milkstone Road, OL11 1ER",False,,Join the local Labour Party on the doors as we campaign for our local councillors in Rochdale Borough ahead of polling day on the 7th May.,https://events.labour.org.uk/event/524498
525465,Campaigning in Bishopton with Mike McKirdy,Canvassing,2026-04-03 11:00:00,2026-04-03 13:00:00,"Bishopton PA7 5FJ, UK",PA75FJ,Paisley and Renfrewshire North,S14000101,False,False,False,True,0,0,0,3,"Visitor parking near 74 Forge Crescent  PA7 5FJ, in centre of development",False,,"Our local team and candidate Mike McKirdy will be talking to voters, door-to-door, late morning/ lunch-time on Friday in Bishopton.   
Do not worry if you are new to canvassing.  Experienced activists will show you how we do it. 
Get involved in our campaign to elect an outstanding Labour representative to the Scottish Parliament. 

Meet at the resident and visitor parking near 74 Forge Crescent, PA7 5FJ.",https://events.labour.org.uk/event/525465
525715,Waddon Fridays: 03/04/2026,Canvassing,2026-04-03 12:00:00,2026-04-03 13:00:00,"Crowley Cres, Croydon CR0 4EB, UK",CR04EB,Croydon West,E14001188,False,False,False,True,0,1,1,2,"Corner of Crowley Crescent and Foss Avenue, CR0 4EB",False,,"Waddon Fridays: 03/04/2026

SESSION 1: 12pm

SESSION 2: 2:30pm

LOCATION: Corner of Crowley Crescent and Foss Avenue, CR0 4EB",https://events.labour.org.uk/event/525715
523993,Canvassing in Hillrise ward,Canvassing,2026-04-03 12:30:00,2026-04-03 14:30:00,"Fairbridge Mini Market, Fairbridge Road, London, UK",N193HS,Islington North,E14001305,False,False,False,True,0,1,1,2,Outside Fairbridge Mini Market,False,,"Join our Hillrise team out on the doors speaking to residents about the issues that matter to them. If you've never canvassed before you'll be given a full briefing ahead of the session, and you can pair up with an experienced member of the team while you learn the ropes!",https://events.labour.org.uk/event/523993
523096,Canvassing in Llanfairfechan,Canvassing,2026-04-03 13:00:00,2026-04-03 14:30:00,"Llwyn Gwgan, Llanfairfechan LL33 0UR, UK",LL330UR,Bangor Aberconwy,W07000083,False,False,False,True,0,2,2,3,On the corner between Llwyn Gwgan and Bryn Rhedyn,False,,Meeting point: On the corner between Llwyn Gwgan and Bryn Rhedyn,https://events.labour.org.uk/event/523096
519942,🌹Canvassing in Hill Top🌹,Canvassing,2026-04-03 14:00:00,2026-04-03 15:30:00,"Old College Drive, Wednesbury, UK",WS100DS,Tipton and Wednesbury,E14001547,False,False,False,True,0,0,0,3,,False,,Join us in Hill Top to help our amazing candidates to help spread Labour's message of renewal to residents! Never canvassed before? Don't worry! Training will be delivered on the day! 🌹,https://events.labour.org.uk/event/519942
523997,Phone banking for Hillrise / Junction,Phonebanking,2026-04-03 14:00:00,2026-04-03 15:30:00,Virtual,N44AJ,Islington North,E14001305,False,False,False,True,0,0,0,2,Online only,False,,"Please come along to our phone banking session in Hillrise! We will be calling up voters and asking them for their support in the upcoming local elections. If you've never done phone banking before, don't worry, an experienced campaigner will be there to show you the ropes! This will be a virtual session, please RSVP and we will send you the link!",https://events.labour.org.uk/event/523997
524007,Campaigning with katherine Sangster,Campaigning,2026-04-03 14:00:00,2026-04-03 16:00:00,"Promenade, Musselburgh, UK",EH216DE,Edinburgh East and Musselburgh,S14000078,False,False,False,True,0,0,0,3,"Outside Notary Scotland 27 Promenade, Musselburgh EH21 6LD",False,,"Join our candidate for Holyrood, Katherine Sangster, speaking to voters in Edinburgh East, Musselburgh, and Tranent. If you've never door-knocked before, experienced campaigners will be on hand to teach you! Looking forward to seeing you there!",https://events.labour.org.uk/event/524007
525592,Local Election Campaign - Ashton St Michaels,Canvassing,2026-04-03 15:00:00,2026-04-03 16:00:00,"Tameside One، Ashton-under-Lyne, UK",OL66XL,Ashton-under-Lyne,E14001070,False,False,False,True,0,0,0,2,Please RSVP to receive specific meeting point.,False,,"Come and be part of our campaign in Ashton, speaking with residents about the issues that matter most to them. As we head towards the local elections in May, every conversation really does make a difference. The more people we have out talking to voters, the stronger our campaign will be. Never canvassed before? No problem at all. You will be paired with an experienced campaigner who will guide you and help you feel confident from the start. Just RSVP to receive the exact meeting point. Bring your energy, your voice, and your enthusiasm. We would love to see you there!",https://events.labour.org.uk/event/525592
525195,3:30pm Friday afternoon door knocking in Paisley,Canvassing,2026-04-03 15:30:00,2026-04-03 17:00:00,"1 Selkirk Avenue, Paisley, UK",PA29JF,Paisley and Renfrewshire South,S14000102,False,False,False,True,0,1,1,3,1 Selkirk Ave,False,,"Join Team Bibby and help speak to as many voters as possible ahead of the election on 7 May. Even if you can spare half an hour, any time will help make a difference to the result in Paisley. 

Don't worry if you've never door knocked before, there will be plenty of people to show you the ropes.",https://events.labour.org.uk/event/525195
523747,Local Elections 2026: Wensum,Canvassing,2026-04-03 18:00:00,2026-04-03 20:00:00,"Cadge Road & Dereham Road, Norwich, UK",NR58TU,Norwich South,E14001409,False,False,False,True,0,0,0,2,"Wensum: Corner of Cadge Road and Dereham Road, NR5 8TU",False,,"Join us on the Labour Doortstep for the 2026 Local Elections. Labour is lowering the cost of living, getting the NHS back on its feet and putting pride back into our neighbourhoods. That's why we are proud to be Labour. Join us now.",https://events.labour.org.uk/event/523747
524010,Campaigning with Katherine Sangster,Campaigning,2026-04-03 18:00:00,2026-04-03 19:30:00,"Stoneyhill Terrace, Musselburgh, UK",EH216SG,Edinburgh East and Musselburgh,S14000078,False,False,False,True,0,0,0,3,"Co-op Food - Musselburgh - Clayknowes Road, Clayknowes Rd, Stoneyhill Dr, Musselburgh EH21 6UW",False,,"Join our candidate for Holyrood, Katherine Sangster, speaking to voters in Edinburgh East, Musselburgh, and Tranent. If you've never door-knocked before, experienced campaigners will be on hand to teach you! Looking forward to seeing you there!",https://events.labour.org.uk/event/524010
524496,Canvassing in Milkstone and Deeplish (evening),Canvassing,2026-04-03 18:00:00,2026-04-03 19:30:00,"Zam Zam Cash & Carry, Milkstone Road, Rochdale, UK",OL111ED,Rochdale,E14001446,False,False,False,True,0,0,0,2,"ZamZam Cash and Carry, Milkstone Road, OL11 1ER",False,,Join the local Labour Party on the doors as we campaign for our local councillors in Rochdale Borough ahead of polling day on the 7th May.,https://events.labour.org.uk/event/524496
525853,Doorknocking in Barmulloch,Campaigning,2026-04-03 18:00:00,2026-04-03 19:30:00,"Berryburn Road, Glasgow, UK",G213DA,Glasgow North East,S14000086,False,False,False,True,0,0,0,3,,False,,Canvassing with our fantastic candidate Paul Sweeney! Beginners welcome.,https://events.labour.org.uk/event/525853
525893,Canvassing in South Bermondsey ward 🌹 Labour Group session,Canvassing,2026-04-03 18:00:00,2026-04-03 20:00:00,"Bell’s Cafe, Grange Road, London, UK",SE13EU,Bermondsey and Old Southwark,E14001085,False,False,False,True,0,0,0,2,"Outside Bell's Café, Bermondsey Spa Gardens (off Grange Road) SE1 3EU",False,,"⭐ Join Southwark Labour Labour out on the doors in South Bermondsey ward speaking to residents about the issues that matter to them. If you've never canvassed before you'll be given a full briefing ahead of the session, and you can pair up with an experienced member of the team while you learn the ropes!",https://events.labour.org.uk/event/525893
525045,Peckham Rye Big Saturday Campaigning - 3 times to choose from,Canvassing,2026-04-04 10:00:00,2026-04-04 15:30:00,"London SE22 0NR, UK",SE220NR,Lewisham West and East Dulwich,E14001333,False,False,False,True,0,0,0,2,"Zebra crossing outside Harris Girls School, Homestall Road",False,,"Join us canvassing in Peckham Rye at 10, 12 and 1.30!",https://events.labour.org.uk/event/525045
519871,Ladywood Canvassing 🌹,Canvassing,2026-04-04 10:15:00,2026-04-04 12:00:00,"Library of Birmingham, Centenary Square, Birmingham, UK",B12EP,Birmingham Ladywood,E14001096,False,False,False,True,0,1,1,1,,False,,"Join us as we canvass in Ladywood Ward for our 2026 local elections, Sally Benton and Satvir Dosanjh. All new and experienced canvassers are welcome - training will be provided. RSVP for address details.",https://events.labour.org.uk/event/519871
520203,🌹Canvassing in Old Warley🌹,Canvassing,2026-04-04 10:30:00,2026-04-04 12:00:00,"Barston Road, Oldbury, UK",B680PU,Smethwick,E14001478,False,False,False,True,0,0,0,2,,False,,Join us in Old Warley to help our amazing candidates to help spread Labour's message of renewal to residents! Never canvassed before? Don't worry! Training will be delivered on the day! 🌹,https://events.labour.org.uk/event/520203
522134,Airdrie Big Campaign Day,Canvassing,2026-04-04 10:30:00,2026-04-04 15:00:00,"Victoria Place & Viewfield, Airdrie ML6 9BY, UK",ML69BY,Airdrie and Shotts,S14000063,False,False,False,True,0,3,3,3,"Corner of Victoria Place and Viewfield, Airdrie, ML6 9BY",False,,Join us as we kick off the start of the short campaign in Airdrie with a big campaign day with teams from across North Lanarkshire as we take the Labour message to doors.,https://events.labour.org.uk/event/522134
522834,Senedd 2026 - Canvassing in Colwyn Bay,Canvassing,2026-04-04 10:30:00,2026-04-04 12:30:00,"Nant-Y-Glyn Road, Colwyn Bay LL29 7PU, UK",LL297PU,Clwyd North,W07000095,False,False,False,True,0,0,0,3,The corner of Nant y Glyn Road and Nant y Glyn Avenue,False,,Hello members and supporters! The Senedd campaign is underway. We are weeks out from polling day and we need your help to get as many of our candidates elected. See you on the doors!,https://events.labour.org.uk/event/522834
523127,Canvassing in Holyhead,Canvassing,2026-04-04 10:30:00,2026-04-04 12:30:00,"Ffordd Tudur, Holyhead LL65 2DH, UK",LL652DH,Ynys Mon,W07000112,False,False,False,True,0,2,2,3,"The entrance to Ffordd Tudur, the Turkey Shore Road end",False,,Hello members and supporters! The Senedd campaign is underway. We are weeks out from polling day and we need your help to get as many of our candidates elected. See you on the doors!,https://events.labour.org.uk/event/523127
523748,Local Elections 2026: Wensum,Canvassing,2026-04-04 10:30:00,2026-04-04 12:30:00,"St Edmunds Cl & Hellesdon Road, Norwich, UK",NR65ER,Norwich South,E14001409,False,False,False,True,0,0,0,2,"Wensum: Corner of St Edmunds Close and Hellesdon Road, NR6 5ER",False,,"Join us on the Labour Doortstep for the 2026 Local Elections. Labour is lowering the cost of living, getting the NHS back on its feet and putting pride back into our neighbourhoods. That's why we are proud to be Labour. Join us now.",https://events.labour.org.uk/event/523748
523833,Door Knocking in Bedwas,Canvassing,2026-04-04 10:30:00,2026-04-04 12:00:00,"Dol Y Pandy, Bedwas, Caerphilly CF83 8HP, UK",CF838HP,Caerphilly,W07000088,False,False,False,True,0,4,4,2,Junction between Dol-y-Pandy and Maes-y-Pandy,False,,Door Knocking session ahead of the Senedd election in May.,https://events.labour.org.uk/event/523833
523996,Saturday Morning Airdrie  04/04/2026,Canvassing,2026-04-04 10:30:00,2026-04-04 12:00:00,"Victoria Cres, Airdrie ML6 9DB, UK",ML69DB,Airdrie and Shotts,S14000063,False,False,False,True,0,0,0,3,"Corner of Victoria Crescent and Viewfield, ML6 9DB",False,,"Sharing this week’s campaign grid for Motherwell & Wishaw and some NL-wide sessions as we kick off the short campaign.

It includes the days, times and venues for the week ahead. If you’re able to lend a hand at any of these, it would make a real difference, even an hour helps.

Please jump in where you can and let us know your availability. Let’s give this a strong start 🌹",https://events.labour.org.uk/event/523996
524490,Temple Newsam Door knocking,Canvassing,2026-04-04 10:30:00,2026-04-04 12:00:00,"2 Gibson Drive, Leeds LS15 9BG, UK",LS159BG,Leeds East,E14001320,False,False,False,True,0,0,0,2,Where Gibson Drive meets Colton Drive,False,,Join candidates Tim and Julia and your Temple Newsam Labour team out on the doorstep for campaigning in this key seat! If you've not canvassed before - don't worry - you'll be paired up with a buddy until you feel more confident and full training will be provided. Point of contact: James 0783011370,https://events.labour.org.uk/event/524490
525314,Freemantle canvass,Canvassing,2026-04-04 10:30:00,2026-04-04 11:45:00,"Paynes Rd, Freemantle, Southampton SO15 3BZ, UK",SO153BZ,Southampton Test,E14001500,False,False,False,True,0,1,1,2,Corner of Paynes Rd & Queenstown Rd,False,,Join our friendly ward team for this local election canvass and help us win the seat for Labour.,https://events.labour.org.uk/event/525314
525852,Labour Listens in Cramlington South West Ward,Canvassing,2026-04-04 10:30:00,2026-04-04 12:00:00,"Foxton Mill, Fisher Lane, Cramlington NE23 8FU, UK",NE238FU,Cramlington and Killingworth,E14001183,False,False,False,True,0,0,0,1,"Foxton Mill, Fisher Lane, Cramlington NE23 8FU, UK",False,,"On Saturday 4th April at 10.30am please meet on Holly Way, Foxton Mill, Cramlington, NE23 8FU  for canvassing in Cramlington South West Ward.
Even if you can only join us for a short time, your support really does make a difference! Doorstep conversations remain one of the most important ways we connect with residents and show that Labour is listening. If you have not been out campaigning before please do not worry, you will be fully supported, paired up, and given everything you need on the day.",https://events.labour.org.uk/event/525852
525869,Canvassing in St Giles ward 🌹 Labour Group session,Canvassing,2026-04-04 10:30:00,2026-04-04 12:30:00,"133 Benhill Road, London SE5 7LZ, UK",SE57LZ,Peckham,E14001421,False,False,False,True,0,0,0,2,"133 Benhill Road, SE5 7LZ",False,,"⭐ Join Southwark Labour Labour out on the doors in St Giles ward speaking to residents about the issues that matter to them. If you've never canvassed before you'll be given a full briefing ahead of the session, and you can pair up with an experienced member of the team while you learn the ropes!",https://events.labour.org.uk/event/525869
525873,Canvassing in North Walworth ward 🌹 Labour Group session,Canvassing,2026-04-04 10:30:00,2026-04-04 12:30:00,"The Rocketvan Coffee Shop and The Box Shop Bar, Brandon Street, London SE17 1AL, UK",SE171AL,Peckham,E14001421,False,False,False,True,0,0,0,2,"Rocketvan Coffee Shop, SE17 1AL",False,,"⭐ Join Southwark Labour Labour out on the doors in North Walworth ward speaking to residents about the issues that matter to them. If you've never canvassed before you'll be given a full briefing ahead of the session, and you can pair up with an experienced member of the team while you learn the ropes!",https://events.labour.org.uk/event/525873
525901,Canvassing in South Bermondsey ward 🌹 Labour Group session,Canvassing,2026-04-04 10:30:00,2026-04-04 12:30:00,"The Blue Market Bermondsey, Market Place, London, UK",SE163TS,Bermondsey and Old Southwark,E14001085,False,False,False,True,0,0,0,2,"The Blue Marketplace, Southwark Park Road SE16 3TS",False,,"⭐ Join Southwark Labour Labour out on the doors in South Bermondsey ward speaking to residents about the issues that matter to them. If you've never canvassed before you'll be given a full briefing ahead of the session, and you can pair up with an experienced member of the team while you learn the ropes!",https://events.labour.org.uk/event/525901
523814,Campaigning in Walkley,Canvassing,2026-04-04 11:00:00,2026-04-04 12:30:00,"The Cut, Walkley Lane, Sheffield, UK",S62PA,Sheffield Central,E14001467,False,False,False,True,0,4,4,2,"Meet outside The Cut hairdressers, Walkley Lane",False,,Join us on the doorstep to re-elect Cllr Tom Hunt on Thursday 7th May. We'll provide a briefing beforehand and pair newcomers with experienced campaigners.,https://events.labour.org.uk/event/523814
524009,Canvassing in Sands End (morning),Canvassing,2026-04-04 11:00:00,2026-04-04 13:00:00,"St Matthew's Church, Fulham, Wandsworth Bridge Road, London, UK",SW62TX,Chelsea and Fulham,E14001160,False,False,False,True,0,0,0,3,"St Matthew's Church, Fulham, SW6 2TX",False,,"Join us for our canvassing session in Sands End alongside our local councillors and other volunteers. If you've never been campaigning before, now is the perfect time to start and we can promise you a very warm welcome. We will offer training and will make sure you are paired with an experienced canvasser until you feel comfortable doing it on our own. Contact - Ken (07956985180)",https://events.labour.org.uk/event/524009
524499,Canvassing in Littleborough Lakeside (morning),Canvassing,2026-04-04 11:00:00,2026-04-04 12:30:00,"Littleborough War Memorial, Littleborough OL15 8DE, UK",OL158DE,Rochdale,E14001446,False,False,False,True,0,0,0,2,"Littleborough War Memorial, Littleborough OL15 8DE",False,,Join the local Labour Party on the doors as we campaign for our local councillors in Rochdale Borough ahead of polling day on the 7th May.,https://events.labour.org.uk/event/524499
524595,Canvassing - TROWBRIDGE,Canvassing,2026-04-04 11:00:00,2026-04-04 12:30:00,"Coleford Drive / Clos Pen Y Clawdd, Saint Mellons, Cardiff, UK",CF30BQ,Cardiff East,W07000089,False,False,False,True,0,0,0,2,,False,,Join our Senedd candidates as we carry on campaigning ahead of the Senedd election day in May,https://events.labour.org.uk/event/524595
524684,Chapeltown Street Surgery - Re-elect Craig!,Canvassing,2026-04-04 11:00:00,2026-04-04 13:00:00,"The Commercial, 107-109 Station Rd, Chapeltown, Sheffield S35 2XF, UK",S352XF,Penistone and Stocksbridge,E14001423,False,False,False,True,0,0,0,3,"near The Commercial, 107-109 Station Rd, Chapeltown S35 2XF",False,,"Join Councillor Craig Gamble Pugh and the local team for a Street Surgery, speaking to residents and identifying local concerns. Training and support will be provided for new members or those wanting a refresher.",https://events.labour.org.uk/event/524684
524734,Campaigning in Streatham Hill East,Canvassing,2026-04-04 11:00:00,2026-04-04 12:30:00,"Streatham Hill, London SW2 4UG, UK",SW24UG,Streatham and Croydon North,E14001527,False,False,False,True,0,0,0,2,Bottom of Amesbury Avenue and Streatham High Road,False,,"Join us as we speak to residents in Streatham Hill East ahead of the May 2026 local elections! There will be plenty of experienced campaigners and councillors, so if you've never campaigned before this will be the perfect starting point.",https://events.labour.org.uk/event/524734
524736,Campaigning in Streatham Hill East,Canvassing,2026-04-04 11:00:00,2026-04-04 12:30:00,"Streatham Hill, London SW2 4UG, UK",SW24UG,Streatham and Croydon North,E14001527,False,False,False,True,0,0,0,2,Bottom of Amesbury Avenue and Streatham High Road,False,,"Join us as we speak to residents in Streatham Hill East ahead of the May 2026 local elections! There will be plenty of experienced campaigners and councillors, so if you've never campaigned before this will be the perfect starting point.",https://events.labour.org.uk/event/524736
525058,Campaign Saturday  - Harlow!,Canvassing,2026-04-04 11:00:00,2026-04-04 13:00:00,"1 Whitewaits, Harlow, UK",CM203LJ,Harlow,E14001267,False,False,False,True,0,0,0,3,1 Whitewalls,False,,Join us as we canvass in Harlow with the MP and local councillors.,https://events.labour.org.uk/event/525058
525844,Campaigning in Vauxhall,Canvassing,2026-04-04 11:00:00,2026-04-04 12:30:00,"Vauxhall Underground Station, London, UK",SW82LN,Vauxhall and Camberwell Green,E14001559,False,False,False,True,0,0,0,2,,False,,"Join us as we speak to residents in Vauxhall ahead of the May 2026 local elections! There will be plenty of experienced campaigners and councillors, so if you've never campaigned before this will be the perfect starting point.",https://events.labour.org.uk/event/525844
525686,Door knocking in Lower Stoke,Canvassing,2026-04-04 11:15:00,2026-04-04 12:45:00,"Coventry CV3 1JZ, UK",CV31JZ,Coventry South,E14001182,False,False,False,True,20,1,1,2,on the junction of  Gwendolyn Dr and Brindle Avenue,False,,We have a door-knocking session in Lower Stoke. Come and support the progressive agenda of the Labour Party. Any issue ring Rupinder Singh on 07960962642,https://events.labour.org.uk/event/525686
519878,Newtown Canvassing 🌹,Canvassing,2026-04-04 12:00:00,2026-04-04 13:30:00,"Farm Street, Birmingham, UK",B192UF,Birmingham Ladywood,E14001096,False,False,False,True,0,3,3,1,Junction of Farm Street & Wheeler Street,False,,"Join us as we canvass in Newtown Ward for Rasheda Begum, our candidate for the 2026 local elections. All new and experienced canvassers are welcome - training will be provided!",https://events.labour.org.uk/event/519878
522969,Saturday Campaigning in Wakefield Rural,Campaigning,2026-04-04 12:30:00,2026-04-04 14:00:00,"Howard Cres, Durkar, Wakefield WF4 3AJ, UK",WF43AJ,Ossett and Denby Dale,E14001418,False,False,False,True,0,0,0,3,Hollin Drive off Howard Crescent,False,,"Meeting on Hollin Drive off Howard Crescent

WR 02 (WA)",https://events.labour.org.uk/event/522969
525209,Canvassing in Winsford,Canvassing,2026-04-04 12:30:00,2026-04-04 14:00:00,"Durham Drive & Bedford Rise, Winsford, UK",CW71EZ,Mid Cheshire,E14001361,False,False,False,True,0,0,0,3,Meet at Durham Drive & Bedford Rise CW7 1E7,False,,"Now is the time to come out with other party members, councillors and our MP and talk to residents to tell them how the Labour Party is helping with the cost of living...
Doorknocking is the most effective campaigning we can do to prevent populism and division taking root in our towns. 
If you haven't been doorknocking before, you are very welcome and will be supported with a buddy until you feel confident.
It'd be great to see new faces!",https://events.labour.org.uk/event/525209
525939,Canvassing in London Bridge and West Bermondsey ward 🌹 Labour Group session,Canvassing,2026-04-04 12:30:00,2026-04-04 14:30:00,"Casse-Croûte, Bermondsey Street, London, UK",SE13XB,Bermondsey and Old Southwark,E14001085,False,False,False,True,0,0,0,2,Casse-Croute Bermondsey,False,,"⭐ Join Southwark Labour Labour out on the doors in London Bridge and West Bermondsey ward speaking to residents about the issues that matter to them. If you've never canvassed before you'll be given a full briefing ahead of the session, and you can pair up with an experienced member of the team while you learn the ropes!",https://events.labour.org.uk/event/525939
523994,Saturday 04/04/2026 - Newmains,Canvassing,2026-04-04 13:00:00,2026-04-04 15:00:00,"Braedale Cres, Newmains, Wishaw ML2 9AF, UK",ML29AF,Airdrie and Shotts,S14000063,False,False,False,True,0,0,0,3,Corner of Auchter Avenue and Braedale Crescent,False,,"Sharing this week’s campaign grid for Motherwell & Wishaw and some NL-wide sessions as we kick off the short campaign.

It includes the days, times and venues for the week ahead. If you’re able to lend a hand at any of these, it would make a real difference, even an hour helps.

Please jump in where you can and let us know your availability. Let’s give this a strong start 🌹",https://events.labour.org.uk/event/523994
525797,Campaigning in Tile Hill and Canley,Campaigning,2026-04-04 13:00:00,2026-04-04 14:00:00,"The Sovereign, Charter Avenue, Coventry, UK",CV48DA,Coventry South,E14001182,False,False,False,True,0,0,0,2,,False,,"Join Abdul, Christine and Randhir to help keep Reform out of the Council House",https://events.labour.org.uk/event/525797
524592,CAMPAIGN LAUNCH — Woodside Labour Canvass for Croydon,Canvassing,2026-04-04 13:30:00,2026-04-04 15:00:00,"Waverley Rd, London SE25 4HU, UK",SE254HU,Croydon West,E14001188,False,False,False,True,0,12,12,2,Corner of Waverley Road and Love Lane,False,,Campaign for Croydon Labour,https://events.labour.org.uk/event/524592
524686,Chapeltown Street Surgery - Re-elect Craig!,Canvassing,2026-04-04 13:30:00,2026-04-04 15:00:00,"Market Place, Chapeltown, Sheffield S35 2UU, UK",S352UU,Penistone and Stocksbridge,E14001423,False,False,False,True,0,0,0,3,"near Wetherspoons, Market Place, Chapeltown, S35 2UU",False,,"Join Councillor Craig Gamble Pugh and the local team for a Street Surgery, speaking to residents and identifying local concerns. Training and support will be provided for new members or those wanting a refresher.",https://events.labour.org.uk/event/524686
525859,Doorknocking in Royston with Paul Sweeney!,Campaigning,2026-04-04 13:30:00,2026-04-04 15:00:00,"Charles Street, Glasgow, UK",G212PR,Glasgow North East,S14000086,False,False,False,True,0,0,0,3,Charles Street high rises,False,,Canvassing with our fantastic candidate Paul Sweeney! Beginners welcome.,https://events.labour.org.uk/event/525859
519943,🌹Canvassing in Hill Top🌹,Canvassing,2026-04-04 14:00:00,2026-04-04 15:30:00,"Old College Drive, Wednesbury, UK",WS100DS,Tipton and Wednesbury,E14001547,False,False,False,True,0,0,0,3,,False,,Join us in Hill Top to help our amazing candidates to help spread Labour's message of renewal to residents! Never canvassed before? Don't worry! Training will be delivered on the day! 🌹,https://events.labour.org.uk/event/519943
519977,🌹Canvassing in Greets Green & Lyng🌹,Canvassing,2026-04-04 14:00:00,2026-04-04 15:30:00,"Brandon Way, West Bromwich, UK",B708JW,West Bromwich,E14001574,False,False,False,True,0,0,0,3,,False,,Join us in Greets Green and Lyng to help our amazing candidates to help spread Labour's message of renewal to residents! Never canvassed before? Don't worry! Training will be delivered on the day! 🌹,https://events.labour.org.uk/event/519977
522842,Canvassing in Wrexham,Canvassing,2026-04-04 14:00:00,2026-04-04 16:00:00,"Ffordd Tudno & Box Lane, Wrexham, UK",LL127RL,Wrexham,W07000111,False,False,False,True,0,2,2,3,"Ffordd Tudno & Box Lane, Wrexham, UK",False,,"Join us canvassing in Fflint-Wrecsam! If you've never canvassed before, or haven't for a while, don't worry - you'll be paired with an experienced canvasser who will guide you and show you the ropes. Simply RSVP so we know to expect you, and see you there!",https://events.labour.org.uk/event/522842
523749,Local Elections 2026: Wensum,Canvassing,2026-04-04 14:00:00,2026-04-04 16:00:00,"St Edmunds Cl & Hellesdon Road, Norwich, UK",NR65ER,Norwich South,E14001409,False,False,False,True,0,0,0,2,"Wensum: Corner of St Edmunds Close and Hellesdon Road, NR6 5ER",False,,"Join us on the Labour Doortstep for the 2026 Local Elections. Labour is lowering the cost of living, getting the NHS back on its feet and putting pride back into our neighbourhoods. That's why we are proud to be Labour. Join us now.",https://events.labour.org.uk/event/523749
523803,Local Elections 2026: Crome,Canvassing,2026-04-04 14:00:00,2026-04-04 16:00:00,"Hilary Avenue & Lloyd Road, Norwich, UK",NR14LF,Norwich North,E14001408,False,False,False,True,0,0,0,3,"Crome: Corner of Hilary Avenue and Lloyd Road, NR1 4LF",False,,"Join us on the Labour Doortstep for the 2026 Local Elections. Labour is lowering the cost of living, getting the NHS back on its feet and putting pride back into our neighbourhoods. That's why we are proud to be Labour. Join us now.",https://events.labour.org.uk/event/523803
523822,Coley doorknocking (Re-elect Ellie Emberson),Canvassing,2026-04-04 14:00:00,2026-04-04 15:30:00,"Rose & Thistle, Argyle Road, Reading, UK",RG17YL,Reading Central,E14001438,False,False,False,True,0,1,1,2,Outside Rose & Thistle pub,False,,"Join us as we speak to residents ahead of the local election on 7 May. Ellie is seeking voters support for a third time. 

Do not worry if you have not canvassed before, you can shadow before you feel comfortable!",https://events.labour.org.uk/event/523822
523918,Burngreave campaign,Campaigning,2026-04-04 14:00:00,2026-04-04 15:30:00,"Scott Rd, Sheffield S4 7BG, UK",S47BG,Sheffield Brightside and Hillsborough,E14001466,False,False,False,True,0,1,1,2,Entrance to the cemetery on Scott Road,False,,"The Burngreave team are out again on Saturday the 4th of April at 2pm. Meeting at the entrance to the cemetery on Scott Road. 
Please come along to help Hannah Cawley get elected on May the 7th. 
No experience is needed if you are new to door knocking you can shadow someone. 
See you there.",https://events.labour.org.uk/event/523918
524500,Canvassing in Littleborough Lakeside (afternoon),Canvassing,2026-04-04 14:00:00,2026-04-04 15:30:00,"Littleborough War Memorial, Littleborough OL15 8DE, UK",OL158DE,Rochdale,E14001446,False,False,False,True,0,0,0,2,"Littleborough War Memorial, Littleborough OL15 8DE",False,,Join the local Labour Party on the doors as we campaign for our local councillors in Rochdale Borough ahead of polling day on the 7th May.,https://events.labour.org.uk/event/524500
524639,Canvassing in Southwick Green,Canvassing,2026-04-04 14:00:00,2026-04-04 16:00:00,"Cross Rd, Southwick, Brighton BN42 4HH, UK",BN424HH,East Worthing and Shoreham,E14001218,False,False,False,True,0,4,4,3,Corner of Cross Road and Kingston Lane,False,,Join the team out canvassing in Southwick Green for the upcoming elections on May 7th.   If you are new to canvassing you will be paired with an experienced campaigner until you feel ready to fly solo.,https://events.labour.org.uk/event/524639
525867,Washington South - Canvassing,Canvassing,2026-04-04 14:00:00,2026-04-04 15:00:00,"Ewesley, Washington, UK",NE389JG,Washington and Gateshead South,E14001567,False,False,False,True,0,1,1,2,"Ewesley, Washington, UK",False,,Join us canvassing in Rickleton and help us keep Washington South Labour,https://events.labour.org.uk/event/525867
525952,Listening in Potternewton,Canvassing,2026-04-04 14:00:00,2026-04-04 16:00:00,"Sunny Bank Grove, Chapel Allerton, Leeds LS8 4EQ, UK",LS84EQ,Leeds North East,E14001321,False,False,False,True,0,0,0,2,,False,,"Spend an hour or so productively and make a difference by listening to residents as well as collecting valuable data. No experience is needed, training is always provided and if this is your first time or if you’d like to, you will be paired with experienced campaigners. Sign-up via the links (to help us plan for numbers), or just turn up. Usually we finish with lunch or drinks. Contact the number provided with any queries, if you are joining us late on the day, or if you need a lift. Or contact labourleedsnortheast@gmail.com for any other queries. 👍🌹 ✊",https://events.labour.org.uk/event/525952
524726,Silksworth Door Knocking,Canvassing,2026-04-04 14:15:00,2026-04-04 15:15:00,"Seaham Street, New Silksworth, Sunderland, UK",SR31HN,Houghton and Sunderland South,E14001295,False,False,False,True,0,5,5,2,Junction of Seaham Street and Blind Lane,False,,Please help with this door knock and keep Reform out of Silksworth,https://events.labour.org.uk/event/524726
520048,Canvassing in Arbury - 4 April,Canvassing,2026-04-04 15:00:00,2026-04-04 17:00:00,"Kingsway, Arbury, Cambridge, UK",CB42EP,Cambridge,E14001149,False,False,False,True,0,1,1,2,Kingsway flats,False,,Join us canvassing in Arbury!,https://events.labour.org.uk/event/520048
524687,Chapeltown Street Surgery - Re-elect Craig!,Canvassing,2026-04-04 15:00:00,2026-04-04 17:00:00,"The Barrel, 191 Lane End, Chapeltown, Sheffield S35 2UL, UK",S352UL,Penistone and Stocksbridge,E14001423,False,False,False,True,0,0,0,3,"near The Barrel, 191 Lane End, Chapeltown, S35 2UL",False,,"Join Councillor Craig Gamble Pugh and the local team for a Street Surgery, speaking to residents and identifying local concerns. Training and support will be provided for new members or those wanting a refresher.",https://events.labour.org.uk/event/524687
525602,Newbiggin Hall & Callerton,Canvassing,2026-04-04 16:00:00,2026-04-04 18:00:00,"Newcastle upon Tyne NE5 1DH, UK",NE51DH,Hexham,E14001285,False,False,False,True,0,0,0,3,Carnatiom Way/Cosmos Gdns,False,,Join our team in Newbiggin Hall & Callerton canvassing in a crucial ward ahead of mays election. Everyone is welcome.,https://events.labour.org.uk/event/525602
525066,Listening in Bulwell,Canvassing,2026-04-04 17:00:00,2026-04-04 18:15:00,"Bulwell Riverside, Coventry Road, Bulwell, Nottingham NG6 8PS, UK",NG68QJ,Nottingham North and Kimberley,E14001411,False,False,False,True,0,1,1,2,"Bulwell riverside, NG6 8PS",False,,Join the Nottingham North and Kimberley Labour team as we canvass for our MP Alex and our amazing local Labour Councillors. Come and join us as we talk to voters and ask them about their local issues. It doesn't matter if you have never canvassed before you will be more than welcome and paired with a more experienced canvasser to help show you the ropes.,https://events.labour.org.uk/event/525066
526064,Canvassing in Brunswick Park ward 🌹 Labour Group session,Canvassing,2026-04-04 17:00:00,2026-04-04 19:00:00,"Osidge Arms, Osidge Lane, London, UK",N145DS,Chipping Barnet,E14001169,False,False,False,True,0,0,0,3,Osidge Arms,False,,"⭐ Join Barnet Labour out on the doors in Brunswick Park ward speaking to residents about the issues that matter to them. If you've never canvassed before you'll be given a full briefing ahead of the session, and you can pair up with an experienced member of the team while you learn the ropes!",https://events.labour.org.uk/event/526064
523009,Falkirk East & Linlithgow Campaigning - 04/04/26,Canvassing,2026-04-04 18:30:00,2026-04-04 20:00:00,"Bruce Gardens, Brightons, Falkirk, UK",FK20HD,Falkirk,S14000083,False,False,False,True,0,0,0,1,,False,,"Falkirk East and Linlithgow needs your help! Come door knocking with your local Scottish Labour candidate. 

With just a matter of weeks to go until the Scottish Parliamentary Elections we need everyone we can! Use the link below to sign up, no experience needed!",https://events.labour.org.uk/event/523009
525881,Canvassing in Nunhead and Queens Road ward 🌹 Labour Group session,Canvassing,2026-04-05 10:00:00,2026-04-05 12:00:00,"Old Nunshead, Nunhead Green, London, UK",SE153QQ,Peckham,E14001421,False,False,False,True,0,0,0,2,The Old Nunshead Pub,False,,"⭐ Join Southwark Labour Labour out on the doors in Nunhead and Queens Road ward speaking to residents about the issues that matter to them. If you've never canvassed before you'll be given a full briefing ahead of the session, and you can pair up with an experienced member of the team while you learn the ropes!",https://events.labour.org.uk/event/525881
525905,Canvassing in South Bermondsey ward 🌹 Labour Group session,Canvassing,2026-04-05 10:30:00,2026-04-05 12:30:00,"The Blue Market Bermondsey, Market Place, London, UK",SE163TS,Bermondsey and Old Southwark,E14001085,False,False,False,True,0,0,0,2,"The Blue Marketplace, Southwark Park Road SE16 3TS",False,,"⭐ Join Southwark Labour Labour out on the doors in South Bermondsey ward speaking to residents about the issues that matter to them. If you've never canvassed before you'll be given a full briefing ahead of the session, and you can pair up with an experienced member of the team while you learn the ropes!",https://events.labour.org.uk/event/525905
519957,🌹Canvassing in Tipton Green🌹,Canvassing,2026-04-05 11:00:00,2026-04-05 12:30:00,"Crompton Road, Tipton, UK",DY48RZ,Tipton and Wednesbury,E14001547,False,False,False,True,0,0,0,3,,False,,Join us in Tipton Green to help our amazing candidates to help spread Labour's message of renewal to residents! Never canvassed before? Don't worry! Training will be delivered on the day! 🌹,https://events.labour.org.uk/event/519957
524504,Canvassing in Central Rochdale (morning),Canvassing,2026-04-05 11:00:00,2026-04-05 12:30:00,"Rochdale Community Fire Station, Halifax Rd, Rochdale OL12 9BD, UK",OL162LR,Rochdale,E14001446,False,False,False,True,0,0,0,2,"Rochdale Fire Station, Halifax Rd, Rochdale OL12 9BD",False,,Join the local Labour Party on the doors as we campaign for our local councillors in Rochdale Borough ahead of polling day on the 7th May.,https://events.labour.org.uk/event/524504
525910,Canvassing in South Bermondsey ward 🌹 Labour Group session,Canvassing,2026-04-05 14:00:00,2026-04-05 16:00:00,"Bell’s Cafe, Grange Road, London, UK",SE13EU,Bermondsey and Old Southwark,E14001085,False,False,False,True,0,0,0,2,"Outside Bell's Café, Bermondsey Spa Gardens (off Grange Road) SE1 3EU",False,,"⭐ Join Southwark Labour Labour out on the doors in South Bermondsey ward speaking to residents about the issues that matter to them. If you've never canvassed before you'll be given a full briefing ahead of the session, and you can pair up with an experienced member of the team while you learn the ropes!",https://events.labour.org.uk/event/525910
524502,Canvassing in Balderstone and Kirkholt (evening),Canvassing,2026-04-05 18:00:00,2026-04-05 19:30:00,"The Strand, Rochdale OL11 2JG, UK",OL112JG,Rochdale,E14001446,False,False,False,True,0,0,0,2,"The Strand, Rochdale OL11 2JG",False,,Join the local Labour Party on the doors as we campaign for our local councillors in Rochdale Borough ahead of polling day on the 7th May.,https://events.labour.org.uk/event/524502
525992,Door Knocking Henley,Canvassing,2026-04-06 10:00:00,2026-04-06 11:15:00,"Woodway Walk, Coventry CV2 2AS, UK",CV22AS,Coventry East,E14001180,False,False,False,True,0,0,0,2,Junction of  Woodway Lane and Woodway Walk,False,,"Join the Coventry East Team to speak to residents about their issues and concerns.
Meeting point Woodway Lane and Woodway Walk.
We hope you can join us.",https://events.labour.org.uk/event/525992
523111,Local Elections Thurrock,Campaigning,2026-04-06 10:30:00,2026-04-06 12:00:00,"Orchis Grove, Badgers Dene, Grays RM17 5JG, UK",RM175JG,Thurrock,E14001546,False,False,False,True,0,9,9,3,Corner of Orchis Grove & Curling Lane RM17 5JG,False,,"Let’s Make Every Conversation Count
We’re entering the final stretch, and the work we do from now until 7th May will shape the future of our community. Every weekend from here on, we’ll be out speaking with residents, knocking on doors, sharing information, and making sure every voice is heard.
This is a defining moment. Polls don’t decide outcomes — people do. And the effort we put in together will make all the difference.
Whether you’ve been involved before or you’re thinking about stepping in for the first time, there’s a place for you. You can help by:
🔴 Talking with residents
🔴 Delivering information and materials
🔴 Supporting the team behind the scenes
🔴 Helping share our message online
This is about teamwork, visibility, and showing the strength of our community. Momentum matters, and staying active on the ground is how we make sure people have the facts they need.
If you’re able to join any of the upcoming sessions, let us know below — every person who gets involved helps move us forward.",https://events.labour.org.uk/event/523111
523134,Canvassing in Bangor,Canvassing,2026-04-06 10:30:00,2026-04-06 12:30:00,"Trefonwys, Bangor LL57 2HU, UK",LL572HU,Bangor Aberconwy,W07000083,False,False,False,True,0,3,3,3,The corner of Trefonwys and Belmont Rd,False,,Hello members and supporters! The Senedd campaign is underway. We are weeks out from polling day and we need your help to get as many of our candidates elected. See you on the doors!,https://events.labour.org.uk/event/523134
524594,Norbury + Pollards Hill Labour Canvass for Croydon,Canvassing,2026-04-06 10:30:00,2026-04-06 12:30:00,"Ardfern Ave, Norbury, London SW16 4QX, UK",SW164QX,Streatham and Croydon North,E14001527,False,False,False,True,0,1,1,2,Corner of Ardfern Ave and Melrose Avenue,False,,Campaign for Croydon Labour,https://events.labour.org.uk/event/524594
525611,Harringay Super Monday morning!,Canvassing,2026-04-06 10:30:00,2026-04-06 12:00:00,"The Salisbury Hotel (Harringay), Grand Parade, Green Lanes, London, UK",N41JX,Hornsey and Friern Barnet,E14001293,False,False,False,True,0,2,2,2,,False,,Join our Super Monday team out on the doors in Harringay speaking to residents about the issues that matter to them.,https://events.labour.org.uk/event/525611
525975,Canvassing in Heath,Canvassing,2026-04-06 10:30:00,2026-04-06 12:00:00,"Newcomen Cl, Bedworth, UK",CV120ER,North Warwickshire and Bedworth,E14001400,False,False,False,True,0,0,0,3,,False,,"Join Labour's candidate for Heath, Julie Jackson, speaking to voters about the issues that matter to them.",https://events.labour.org.uk/event/525975
526142,Canvassing in Chaucer ward 🌹 Labour Group session,Canvassing,2026-04-06 10:30:00,2026-04-06 12:30:00,"The Roebuck, Great Dover Street, London, UK",SE14YG,Bermondsey and Old Southwark,E14001085,False,False,False,True,0,0,0,2,Roebuck Great Dover Street,False,,"⭐ Join Southwark Labour out on the doors in Chaucer ward speaking to residents about the issues that matter to them. If you've never canvassed before you'll be given a full briefing ahead of the session, and you can pair up with an experienced member of the team while you learn the ropes!",https://events.labour.org.uk/event/526142
519966,🌹Canvassing in Blackheath🌹,Canvassing,2026-04-06 11:00:00,2026-04-06 12:30:00,"Park Avenue, Rowley Regis, UK",B659ES,West Bromwich,E14001574,False,False,False,True,0,0,0,3,,False,,Join us in Blackheath to help our amazing candidates to help spread Labour's message of renewal to residents! Never canvassed before? Don't worry! Training will be delivered on the day! 🌹,https://events.labour.org.uk/event/519966
519975,🌹Canvassing in Blackheath🌹,Canvassing,2026-04-06 11:00:00,2026-04-06 12:30:00,"Regis Road, Rowley Regis, UK",B658BD,Smethwick,E14001478,False,False,False,True,0,0,0,2,,False,,Join us in Blackheath to help our amazing candidates to help spread Labour's message of renewal to residents! Never canvassed before? Don't worry! Training will be delivered on the day! 🌹,https://events.labour.org.uk/event/519975
524631,Canvassing in West Heywood (morning),Canvassing,2026-04-06 11:00:00,2026-04-06 12:30:00,"Darnhill Library and Community Cafè, Argyle Street, Heywood OL10 3RY, UK",OL103RY,Heywood and Middleton North,E14001286,False,False,False,True,0,1,1,1,"Darnhill Library, Heywood OL10 3RY",False,,Join the local Labour Party on the doors as we campaign for our local councillors in Rochdale Borough ahead of polling day on the 7th May.,https://events.labour.org.uk/event/524631
525937,WBC - South Balham Borough Canvass,Canvassing,2026-04-06 11:00:00,2026-04-06 13:00:00,"Tooting Bec Station, London, UK",SW177AA,Tooting,E14001550,False,False,False,True,0,1,1,2,Tooting Bec Station,False,,"Come and join our team for a canvassing session. We will be out on the doors speaking to voters about what matters most to them. If this is your first time, don't worry we can pair you up with someone who can show you the ropes.

Session Lead: Luke Place",https://events.labour.org.uk/event/525937
526655,Canvassing in Slade Green & North End,Canvassing,2026-04-06 11:00:00,2026-04-06 12:00:00,"Bridge Rd, Erith DA8 2HS, UK",DA82HS,Bexleyheath and Crayford,E14001089,False,False,False,True,0,0,0,1,,False,,"Join us canvassing as we work to get Donna and Stefano elected as Councillors for Slade Green & North End. 

Volunteer for Labour, Stop Reform. 

Please use the pin as the start location (Junction of Forest Road and Bridge Road). 

📞 Contact on the day is Tommy Hill (Bexley Campaign Assistant) - 7508 656326",https://events.labour.org.uk/event/526655
525988,Campaigning in Renfrew with Mike McKirdy,Canvassing,2026-04-06 11:30:00,2026-04-06 13:30:00,"French St, Renfrew PA4 8DG, UK",PA48DG,Paisley and Renfrewshire North,S14000101,False,False,False,True,0,1,1,3,"Meet on French Street at corner of Porterfield Road, PA4 8DG.",False,,"Our local team and candidate Mike McKirdy will be talking to voters, door-to-door, on Monday lunchtime Moorpark, Renfrew
Do not worry if you are new to canvassing.  Experienced activists will show you how we do it. 
Get involved in our campaign to elect an outstanding Labour representative to the Scottish Parliament. 

Meet on French Street at corner of Porterfield Road, PA4 8DG. Plentiful roadside parking.",https://events.labour.org.uk/event/525988
525982,Canvassing in Cliftonville Division - 3 days to beat Reform!,Canvassing,2026-04-06 12:00:00,2026-04-06 13:30:00,"60 Madeira Rd, Cliftonville, Margate CT9 2QQ, UK",CT92QQ,East Thanet,E14001216,False,False,False,True,0,0,0,3,"meet outside 60 Madeira Rd, Cliftonville, Margate CT9 2QQ",False,,"Join us canvasssing as we work to get Joanne Bright elected as the new County Councillor for Cliftonville.

Volunteer for Joanne, Stop Reform.

Please use the meeting point as the start location",https://events.labour.org.uk/event/525982
519609,Canvassing in Kidbrooke Village and Sutcliffe🌹,Canvassing,2026-04-06 13:00:00,2026-04-06 14:30:00,"London SE3 9FT, UK",SE39FT,Eltham and Chislehurst,E14001223,False,False,False,True,0,0,0,3,Meet at corner of Ottley drive and Ryan Close,False,,Join local councillors and Greenwich Labour activists as we speak to local residents in Kidbrooke Village and Sutcliffe. No experience required!,https://events.labour.org.uk/event/519609
524740,Campaigning in Streatham Hill East,Canvassing,2026-04-06 13:00:00,2026-04-06 14:30:00,"Palace Road Nature Garden, Palace Road, London, UK",SW23SL,Streatham and Croydon North,E14001527,False,False,False,True,0,0,0,2,,False,,"Join us as we speak to residents in Streatham Hill East ahead of the May 2026 local elections! There will be plenty of experienced campaigners and councillors, so if you've never campaigned before this will be the perfect starting point.",https://events.labour.org.uk/event/524740
523112,Local Elections Thurrock,Campaigning,2026-04-06 13:30:00,2026-04-06 15:00:00,"Goldsmith, Grays RM17 6PJ, UK",RM176PJ,Thurrock,E14001546,False,False,False,True,0,5,5,3,Corner of Argent street & Goldsmith RM17 6PJ,False,,"Let’s Make Every Conversation Count
We’re entering the final stretch, and the work we do from now until 7th May will shape the future of our community. Every weekend from here on, we’ll be out speaking with residents, knocking on doors, sharing information, and making sure every voice is heard.
This is a defining moment. Polls don’t decide outcomes — people do. And the effort we put in together will make all the difference.
Whether you’ve been involved before or you’re thinking about stepping in for the first time, there’s a place for you. You can help by:
🔴 Talking with residents
🔴 Delivering information and materials
🔴 Supporting the team behind the scenes
🔴 Helping share our message online
This is about teamwork, visibility, and showing the strength of our community. Momentum matters, and staying active on the ground is how we make sure people have the facts they need.
If you’re able to join any of the upcoming sessions, let us know below — every person who gets involved helps move us forward.",https://events.labour.org.uk/event/523112
522917,Falkirk West Campaigning - 06/04/26,Canvassing,2026-04-06 14:00:00,2026-04-06 16:00:00,"Muirhall Road, Larbert, UK",FK54RE,Alloa and Grangemouth,S14000064,False,False,False,True,0,0,0,1,,False,,"Falkirk West needs your help! Come door knocking with your local Scottish Labour candidate. With just a matter of weeks to go until the Scottish Parliamentary Elections we need everyone we can! Use the link below to sign up, no experience needed!",https://events.labour.org.uk/event/522917
523139,Canvassing in Bangor,Canvassing,2026-04-06 14:00:00,2026-04-06 16:00:00,"Penrhyn Ave, Bangor LL57 1LY, UK",LL571LY,Bangor Aberconwy,W07000083,False,False,False,True,0,1,1,3,The corner of Penrhyn Avenue and Queen's Avenue,False,,Hello members and supporters! The Senedd campaign is underway. We are weeks out from polling day and we need your help to get as many of our candidates elected. See you on the doors!,https://events.labour.org.uk/event/523139
523153,Bank Holiday Canvassing in St Paul's Cray,Canvassing,2026-04-06 14:00:00,2026-04-06 18:00:00,"Longbury Drive & Broomwood Road, Orpington, UK",BR52JJ,Orpington,E14001417,False,False,False,True,0,0,0,2,,False,,"Join us in St Paul's Cray to talk to voters about their and to campaign for the 2026 Local Elections with our candidates Chris, Debbie, and Janvier!
First time canvassing? No worries! We will buddy you up with an experienced team member to help you learn the ropes.

This is a double session day, please do join us for the 2pm canvass or the 4pm canvass, or both! Homemade cake and refreshments will be provided in the gap between canvassing sessions.",https://events.labour.org.uk/event/523153
524632,Canvassing in West Heywood (afternoon),Canvassing,2026-04-06 14:00:00,2026-04-06 15:30:00,"Darnhill Library and Community Cafè, Argyle Street, Heywood OL10 3RY, UK",OL103RY,Heywood and Middleton North,E14001286,False,False,False,True,0,1,1,1,"Darnhill Library, Heywood OL10 3RY",False,,Join the local Labour Party on the doors as we campaign for our local councillors in Rochdale Borough ahead of polling day on the 7th May.,https://events.labour.org.uk/event/524632
525204,Canvassing in Catford South,Canvassing,2026-04-06 14:00:00,2026-04-06 16:00:00,"Tesco Express, Bromley Rd, London SE6 2RP, UK",SE62RP,Lewisham East,E14001331,False,False,False,True,0,0,0,2,"Tesco Express, Bromley Rd",False,,"Join our Catford South team out on the doors speaking to residents about the issues that matter to them. If you've never canvassed before you'll be given a full briefing ahead of the session, and you can pair up with an experienced member of the team while you learn the ropes!",https://events.labour.org.uk/event/525204
526122,"Campaigning with Jenny Laing, Aberdeen Central",Canvassing,2026-04-06 14:00:00,2026-04-06 16:00:00,"Gairn Terrace, Aberdeen, UK",AB106BA,Aberdeen South,S14000061,False,False,False,True,0,0,0,1,Gairn Terrace,False,,"If you cannot manage these times but can leaflet in your own time, please call Willie on 07968959838",https://events.labour.org.uk/event/526122
526437,Campaigning in Derringham,Campaigning,2026-04-06 14:00:00,2026-04-06 16:00:00,"Sorrel Dr, Hull HU5 5GD, UK",HU55GD,Kingston upon Hull West and Haltemprice,E14001315,False,False,False,True,0,0,0,3,at the junction where Sorrel Drive meets County Road North,False,,"Join us for campaigning in Derringham with local candidate, Jake Croft",https://events.labour.org.uk/event/526437
526668,Canvassing with Brian McGinley in Ayr East (Kincaidston Dr/Heather Park),Canvassing,2026-04-06 14:00:00,2026-04-06 15:30:00,"Kincaidston Drive, Ayr, UK",KA73XQ,"Ayr, Carrick and Cumnock",S14000107,False,False,False,True,0,0,0,1,Kincaidston Dr/Heather Park,False,,Door knocking and leafleting with Brian McGinley in Ayr East. Meet at Kincaidston Dr/Heather Park,https://events.labour.org.uk/event/526668
526881,Daniel Johnson 2026 Campaign Session,Canvassing,2026-04-06 14:00:00,2026-04-06 15:30:00,"Moredunvale Road & Gilmerton Road, Edinburgh, UK",EH177QR,Edinburgh South,S14000080,False,False,False,True,0,0,0,1,Meet at the junction of Moredunvale Road & Gilmerton Road,False,,Join Daniel Johnson on his 2026 Scottish Election Campaign.,https://events.labour.org.uk/event/526881
526895,Local Elections 2026: Wensum,Canvassing,2026-04-06 14:00:00,2026-04-06 16:00:00,"Cadge Road & Dereham Road, Norwich, UK",NR58TU,Norwich South,E14001409,False,False,False,True,0,0,0,2,"Wensum: Corner of Cadge Road and Dereham Road, NR5 8TU",False,,"Join us on the Labour Doortstep for the 2026 Local Elections. Labour is lowering the cost of living, getting the NHS back on its feet and putting pride back into our neighbourhoods. That's why we are proud to be Labour. Join us now.",https://events.labour.org.uk/event/526895
527002,Crystal Palace bank holday canvassing,Canvassing,2026-04-06 14:00:00,2026-04-06 15:30:00,"The Bridge House Theatre, High Street, London, UK",SE208RZ,Beckenham and Penge,E14001083,False,False,False,True,0,0,0,3,The Bridge House  SE20 8RZ,False,,Crystal Palace canvassing,https://events.labour.org.uk/event/527002
520049,Canvassing in Arbury - 6 April,Canvassing,2026-04-06 15:00:00,2026-04-06 17:00:00,"Arbury Court, Cambridge, UK",CB42JQ,Cambridge,E14001149,False,False,False,True,0,0,0,2,Arbury Court,False,,Join us canvassing in Arbury!,https://events.labour.org.uk/event/520049
524614,Bank Holiday Campaigning Eastwood - 1500,Canvassing,2026-04-06 15:00:00,2026-04-06 16:30:00,"Co-op Food - Newton Mearns - Mearns Road, Mearnskirk Road, Mearns Road, Newton Mearns, Glasgow, UK",G775RY,East Renfrewshire,S14000021,False,False,False,True,0,0,0,3,,False,,Join us for campaigning in Mearnskirk on the Bank Holiday,https://events.labour.org.uk/event/524614
525612,Harringay Super Monday late afternoon!,Canvassing,2026-04-06 15:30:00,2026-04-06 17:00:00,"The Salisbury Hotel (Harringay), Grand Parade, Green Lanes, London, UK",N41JX,Hornsey and Friern Barnet,E14001293,False,False,False,True,0,1,1,2,,False,,Join our Super Monday team out on the doors in Harringay speaking to residents about the issues that matter to them.,https://events.labour.org.uk/event/525612
526220,Canvassing in Peckham Rye ward 🌹 Labour Group session,Canvassing,2026-04-06 17:00:00,2026-04-06 19:00:00,"Nunhead Cemetery, Gordon Road, London, UK",SE153RW,Peckham,E14001421,False,False,False,True,0,0,0,2,Nunhead Cemetery,False,,"⭐ Join Southwark Labour out on the doors in Peckham Rye ward speaking to residents about the issues that matter to them. If you've never canvassed before you'll be given a full briefing ahead of the session, and you can pair up with an experienced member of the team while you learn the ropes!",https://events.labour.org.uk/event/526220
526334,Welwyn Hatfield Canvassing,Canvassing,2026-04-06 17:00:00,2026-04-06 19:00:00,"Moorlands & Hall Grove, Welwyn Garden City, UK",AL74PJ,Welwyn Hatfield,E14001573,False,False,False,True,100,0,0,3,,False,,Join Welwyn Hatfield Labour in the 2026 local election campaign. A full briefing will be provided at the start of every session and if you're new you can be paired up with an experienced door knocker until you're comfortable. Every volunteer makes a huge difference and we hope to see you on the doorstep soon.,https://events.labour.org.uk/event/526334
526624,Canvassing in Bletchley Park,Campaigning,2026-04-06 17:00:00,2026-04-06 18:30:00,"Oliver Road, Bletchley, Milton Keynes, UK",MK22LW,Buckingham and Bletchley,E14001141,False,False,False,True,0,0,0,3,,False,,"Join the Bletchley Park team to speak to local residents on the doorstep about what matters to them, and how Labour is working nationally and locally to help people in Milton Keynes. Don't worry if you've never campaigned before, you'll be paired up with someone until you get the hang of it.",https://events.labour.org.uk/event/526624
525665,Canvassing with Katy Clark in Cunninghame South,Canvassing,2026-04-06 17:30:00,2026-04-06 19:00:00,"1 Carrick Drive, Irvine, UK",KA128SA,Central Ayrshire,S14000109,False,False,False,True,0,0,0,1,"1 Carrick Drive, Irvine KA12 8SA",False,,Conversations on the doorstep with potential Labour voters,https://events.labour.org.uk/event/525665
526422,Doorknocking in Manor Castle,Canvassing,2026-04-06 17:30:00,2026-04-06 19:30:00,"450 Manor Lane, Sheffield, UK",S21UP,Sheffield Heeley,E14001469,False,False,False,True,0,0,0,2,Junction of Harborough Avenue and Manor Lane,False,,Help us elect Michael as our next councillor in Manor Castle,https://events.labour.org.uk/event/526422
519904,Camden Phonebanking,Phonebanking,2026-04-06 18:00:00,2026-04-06 19:30:00,"Malden Rd, London NW5 4DA, UK",NW54DA,Holborn and St Pancras,E14001290,True,False,False,True,0,0,0,2,Address will be circulated once you have RSVP'd,False,,"Join us for phonebanking in Camden every Tuesday night, talking to voters and members ahead of the elections on 7th May 2026.",https://events.labour.org.uk/event/519904
525319,Doorstep Surgery in Colham and Cowley,Canvassing,2026-04-06 18:00:00,2026-04-06 20:00:00,"Benbow Waye & High Street, Cowley, Uxbridge, UK",UB82HG,Uxbridge and South Ruislip,E14001558,False,False,False,True,0,4,4,3,"Benbow Waye & High Road, UB8 2HG",False,,"Join us for a doorstep surgery in Colham and Cowley! Help us identify local issues that matter most to residents and how Hillingdon Labour and our Labour candidates can help improve the area. If it's your first time, don't worry, we will pair you up with someone more experience who can show you the ropes!",https://events.labour.org.uk/event/525319
524742,Campaigning in Streatham Hill East,Canvassing,2026-04-06 18:30:00,2026-04-06 20:00:00,"Palace Road Nature Garden, Palace Road, London, UK",SW23SL,Streatham and Croydon North,E14001527,False,False,False,True,0,0,0,2,,False,,"Join us as we speak to residents in Streatham Hill East ahead of the May 2026 local elections! There will be plenty of experienced campaigners and councillors, so if you've never campaigned before this will be the perfect starting point.",https://events.labour.org.uk/event/524742
523032,Falkirk East & Linlithgow Campaigning - 07/04/26,Canvassing,2026-04-07 10:00:00,2026-04-07 12:00:00,"Ward Birkby Drive, Bo'ness, UK",EH519TE,Bathgate and Linlithgow,S14000068,False,False,False,True,0,0,0,3,,False,,"Falkirk East and Linlithgow needs your help! Come door knocking with your local Scottish Labour candidate. 

With just a matter of weeks to go until the Scottish Parliamentary Elections we need everyone we can! Use the link below to sign up, no experience needed!",https://events.labour.org.uk/event/523032
526925,"Campaigning with Jenny Laing, Aberdeen Central",Leafletting,2026-04-07 10:00:00,2026-04-07 12:00:00,"Inn At The Park Hotel, Deemount Terrace, Aberdeen, UK",AB117RX,Aberdeen South,S14000061,False,False,False,True,0,0,0,1,Inn at the Park Hotel,False,,"If you cannot manage these times but can leaflet in your own time, please call Willie on 07968959838",https://events.labour.org.uk/event/526925
523132,Canvassing in Menai Bridge,Canvassing,2026-04-07 10:30:00,2026-04-07 12:30:00,"Tyddyn Isaf, Menai Bridge LL59 5DA, UK",LL595DA,Ynys Mon,W07000112,False,False,False,True,0,3,3,3,The corner of Tyddyn Isaf and Penlon,False,,Hello members and supporters! The Senedd campaign is underway. We are weeks out from polling day and we need your help to get as many of our candidates elected. See you on the doors!,https://events.labour.org.uk/event/523132
526404,Doorknocking in Milton with Paul Sweeney!,Canvassing,2026-04-07 10:30:00,2026-04-07 12:00:00,"Harmetray St, Glasgow, UK",G227SA,Glasgow North,S14000085,False,False,False,True,0,0,0,3,Harmetray Rd,False,,Canvassing with our fantastic candidate for Glasgow Easterhouse and Springburn Paul Sweeney! Beginners welcome with briefings and support given at every session.,https://events.labour.org.uk/event/526404
524638,Canvassing in Milkstone and Deeplish (morning),Canvassing,2026-04-07 11:00:00,2026-04-07 12:30:00,"Zam Zam Cash & Carry, Milkstone Road, Rochdale, UK",OL111ED,Rochdale,E14001446,False,False,False,True,0,0,0,2,"ZamZam Cash and Carry, Milkstone Road, OL11 1ER",False,,Join the local Labour Party on the doors as we campaign for our local councillors in Rochdale Borough ahead of polling day on the 7th May.,https://events.labour.org.uk/event/524638
525916,Swan Squad - Penclawdd,Canvassing,2026-04-07 11:00:00,2026-04-07 12:30:00,"Pen-clawdd, Swansea SA4 3YF, UK",SA43YF,Gower,W07000097,False,False,False,True,0,2,2,2,Meet @ the car park,False,,Join us for a Swan Squad canvass in Penclawdd ahead of the Senedd elections. All welcome regardless of experience!,https://events.labour.org.uk/event/525916
526335,Welwyn Hatfield Canvassing,Canvassing,2026-04-07 11:00:00,2026-04-07 13:00:00,"Claves Crescent & A1000, Welwyn Garden City, UK",AL71WU,Welwyn Hatfield,E14001573,False,False,False,True,100,0,0,3,Corner of Claves Lane and Bessemer Road,False,,Join Welwyn Hatfield Labour in the 2026 local election campaign. A full briefing will be provided at the start of every session and if you're new you can be paired up with an experienced door knocker until you're comfortable. Every volunteer makes a huge difference and we hope to see you on the doorstep soon.,https://events.labour.org.uk/event/526335
526545,Airdrie campaign session,Canvassing,2026-04-07 11:00:00,2026-04-07 13:00:00,"Dunrobin Rd, Airdrie ML6 8LR, UK",ML68LR,Airdrie and Shotts,S14000063,False,False,False,True,0,0,0,3,Corner of Dunrobin Road and Sunnybank Drive,False,,Doorknocking session in Airdrie,https://events.labour.org.uk/event/526545
525140,CENTRAL SESSION - BOW WEST,Canvassing,2026-04-07 12:30:00,2026-04-07 14:00:00,"Roman Road & Grove Road, London, UK",E35RQ,Stratford and Bow,E14001525,False,False,False,True,0,0,0,2,Roman Road & Grove Road,False,,Canvassing in Bow West with Labour candidates Cllr Asma Begum & Kevin Brady,https://events.labour.org.uk/event/525140
523033,Falkirk East & Linlithgow Campaigning - 07/04/26,Canvassing,2026-04-07 13:00:00,2026-04-07 15:00:00,"Erngath Road, Bo'ness, UK",EH519EN,Bathgate and Linlithgow,S14000068,False,False,False,True,0,0,0,3,,False,,"Falkirk East and Linlithgow needs your help! Come door knocking with your local Scottish Labour candidate. 

With just a matter of weeks to go until the Scottish Parliamentary Elections we need everyone we can! Use the link below to sign up, no experience needed!",https://events.labour.org.uk/event/523033
524579,Tonge with the Haulgh door knocking,Campaigning,2026-04-07 13:00:00,2026-04-07 14:00:00,"Hallbridge Gardens, Bolton BL1 8UT, UK",BL18UT,Bolton North East,E14001110,False,False,False,True,0,0,0,3,"corner of Hallbridge Gardens and Crompton Way, BL1 8UT",False,,"Come and join us for a canvassing session with Councillor Nick Peel in Tonge with the Haulgh. We will be out on the doorstep to speak with local residents, listen to their priorities, and build support for Labour ahead of the May elections. All welcome and a full briefing will be provided on the day for anyone new to campaigning.",https://events.labour.org.uk/event/524579
527788,Canvassing in Valley ward,Canvassing,2026-04-07 13:00:00,2026-04-07 14:30:00,"Waltham Way, London, UK",E48AW,Chingford and Woodford Green,E14001167,False,False,False,True,0,0,0,3,Herriot Avenue and Waltham Way,False,,"Join our Valley team out on the doors speaking to residents about the issues that matter to them. If you've never canvassed before you'll be given a full briefing ahead of the session, and you can pair up with an experienced member of the team while you learn the ropes!",https://events.labour.org.uk/event/527788
526897,Canvassing in Belvedere,Canvassing,2026-04-07 13:10:00,2026-04-07 14:10:00,"Tunstock Way, Belvedere DA17 5RU, UK",DA175RU,Erith and Thamesmead,E14001229,False,False,False,True,0,0,0,2,,False,,"Join us canvassing as we work to get Anthony, Jeremy, and Sally elected as Councillors for Belvedere. 

Volunteer for Labour, Stop Reform. 

Please use the pin as the start location (Junction of Tunstock Way and Abbey Road). 

📞 Contact on the day is Tommy Hill (Bexley Campaign Assistant) - 7508 656326",https://events.labour.org.uk/event/526897
519936,🌹Canvassing in Newton 🌹,Canvassing,2026-04-07 14:00:00,2026-04-07 15:30:00,"Appleton Ave, Birmingham B43 5NB, UK",B435NB,West Bromwich,E14001574,False,False,False,True,0,1,1,3,,False,,Join us in Newton ward to help our amazing candidates to help spread Labour's message of renewal to residents! Never canvassed before? Don't worry! Training will be delivered on the day! 🌹,https://events.labour.org.uk/event/519936
523130,Canvassing in LlanfairPG,Canvassing,2026-04-07 14:00:00,2026-04-07 16:00:00,"Lon Y Wylan, Llanfairpwllgwyngyll LL61 5JU, UK",LL615JU,Ynys Mon,W07000112,False,False,False,True,0,0,0,3,The corner of Lon y Wylan and Ffordd Penmynydd,False,,Hello members and supporters! The Senedd campaign is underway. We are weeks out from polling day and we need your help to get as many of our candidates elected. See you on the doors!,https://events.labour.org.uk/event/523130
524637,Canvassing in Milkstone and Deeplish (afternoon),Canvassing,2026-04-07 14:00:00,2026-04-07 15:30:00,"Zam Zam Cash & Carry, Milkstone Road, Rochdale, UK",OL111ED,Rochdale,E14001446,False,False,False,True,0,0,0,2,"ZamZam Cash and Carry, Milkstone Road, OL11 1ER",False,,Join the local Labour Party on the doors as we campaign for our local councillors in Rochdale Borough ahead of polling day on the 7th May.,https://events.labour.org.uk/event/524637
525917,Swan Squad - Uplands,Canvassing,2026-04-07 14:00:00,2026-04-07 15:30:00,"2 Pinewood Rd, Uplands, Swansea SA2 0LT, UK",SA20LT,Swansea West,W07000108,False,False,False,True,0,1,1,2,,False,,Join us for a Swan Squad canvass in Uplands ahead of the Senedd elections. All welcome regardless of experience!,https://events.labour.org.uk/event/525917
527219,Re-elect Minesh: Canvassing in Crookes,Canvassing,2026-04-07 14:00:00,2026-04-07 15:30:00,"Co-op Food - Sheffield - Crookes, Crookes, Sheffield, UK",S101TG,Sheffield Hallam,E14001468,False,False,False,True,0,0,0,1,Meeting opposite the Crookes Co-op,False,,"Join our lovely Crookes and Crosspool team for this canvassing as we seek to re-elect Minesh. We will be meeting on Tuesday the 7th at 14:00pm opposites the Co-op in Crookes.

If you are new to canvassing, it would be great to have you join us. No experience is needed, and you will be paired up with someone until you feel confident.",https://events.labour.org.uk/event/527219
527581,Come and Canvass in Plaistow South,Canvassing,2026-04-07 14:00:00,2026-04-07 16:00:00,"Ali’s Deli Cafe, Barking Road, London, UK",E139JU,West Ham and Beckton,E14001576,False,False,False,True,0,0,0,2,,False,,Come and canvass with our candidates,https://events.labour.org.uk/event/527581
525220,Canvassing in Telegraph Hill with MP Vicky Foxcroft,Canvassing,2026-04-07 15:00:00,2026-04-07 17:00:00,"Queen's Rd, London SE14 5JN, UK",SE145JN,Lewisham North,E14001332,False,False,False,True,0,0,0,2,Somerville Adventure Playground,False,,"Join our MP Vicky Foxcroft and the Telegraph Hill team out on the doors speaking to residents about the issues that matter to them. If you've never canvassed before you'll be given a full briefing ahead of the session, and you can pair up with an experienced member of the team while you learn the ropes!",https://events.labour.org.uk/event/525220
523023,Southbourne and Tuckton Canvassing,Canvassing,2026-04-07 16:00:00,2026-04-07 17:30:00,"Paisley Road & Sunnyhill Road, Bournemouth, UK",BH65ET,Bournemouth East,E14001115,False,False,False,True,0,3,3,3,,False,,"Help Tom Hayes MP and our local Labour councillors meet with and hear residents' concerns so we can build a better Bournemouth together.

This is vital campaigning - every conversation, all year round, enables us to understand what matters to local people, drive change for them, and lay the foundation for success at future elections.

If you're new to campaigning, not to worry! We'll pair you up with an experienced campaigner to help you learn the ropes at your own pace.

If you need help, please call Chris on 07450 958795.",https://events.labour.org.uk/event/523023
525719,Canvassing in Burnt Oak ward,Canvassing,2026-04-07 16:00:00,2026-04-07 18:00:00,"International Gospel Church, Watling Avenue, Burnt Oak, Edgware, UK",HA80LN,Hendon,E14001279,False,False,False,True,0,1,1,3,"International Gospel Church, Watling Avenue, Burnt Oak, Edgware, UK",False,,"Join our Burnt Oak team out on the doors speaking to residents about the issues that matter to them. If you've never canvassed before you'll be given a full briefing ahead of the session, and you can pair up with an experienced member of the team while you learn the ropes!",https://events.labour.org.uk/event/525719
525720,Canvassing in Friern Barnet ward,Canvassing,2026-04-07 16:00:00,2026-04-07 18:00:00,"Holybella, Colney Hatch Lane, London, UK",N101ET,Hornsey and Friern Barnet,E14001293,False,False,False,True,0,0,0,2,"Holybella, Colney Hatch Lane",False,,"Join our Friern Barnet team out on the doors speaking to residents about the issues that matter to them. If you've never canvassed before you'll be given a full briefing ahead of the session, and you can pair up with an experienced member of the team while you learn the ropes!",https://events.labour.org.uk/event/525720
526379,Campaigning for Jayne in Fox Hill,Canvassing,2026-04-07 16:00:00,2026-04-07 17:30:00,"Fox Hill Cres, Sheffield S6 1GA, UK",S61GA,Sheffield Brightside and Hillsborough,E14001466,False,False,False,True,0,0,0,2,"Corner of Fox Hill Crescent and Fox Hill Road (opposite Carrill Drive), S6 1GA",False,,"Join our friendly team listening to voters in Fox Hill, Southey ward. Meet at the corner of Fox Hill Crescent and Fox Hill Road (opposite Carrill Drive), S6 1GA at 4pm on Tuesday 7th April.",https://events.labour.org.uk/event/526379
526948,Canvassing in Thamesmead East,Canvassing,2026-04-07 16:00:00,2026-04-07 17:00:00,"Teeswater Ct, Erith DA18 4DG, UK",DA184DG,Erith and Thamesmead,E14001229,False,False,False,True,0,0,0,2,,False,,"Join us canvassing as we work to get Abi, Larry and Zainab elected as Councillors for Thamesmead East. 

Volunteer for Labour, Stop Reform. 

Please use the pin as the start location (Junction of Maran Way and Mangold Way) 

📞 Contact on the day is Tommy Hill (Bexley Campaign Assistant) - 7508 656326",https://events.labour.org.uk/event/526948
527792,Canvassing in Markhouse ward,Canvassing,2026-04-07 16:00:00,2026-04-07 17:30:00,"Waltham Forest Adult Learning Service, Queens Road, London, UK",E178QR,Walthamstow,E14001563,False,False,False,True,0,0,0,2,"Adult Learning Centre, Queens Road",False,,"Join our Markhouse team out on the doors speaking to residents about the issues that matter to them. If you've never canvassed before you'll be given a full briefing ahead of the session, and you can pair up with an experienced member of the team while you learn the ropes!",https://events.labour.org.uk/event/527792
520268,Tuesday evening canvassing,Canvassing,2026-04-07 17:00:00,2026-04-07 19:00:00,"Wycombe Swan Theatre, Saint Mary Street, High Wycombe, UK",HP112XE,Wycombe,E14001600,False,False,False,True,0,0,0,3,TBD,False,,"Please join our regular Tuesday evening canvassing to talk with  residents to learn about the issues that concern them most. 

The meeting point is a placeholder. Please check back later for the actual location.

Don't worry if you've not canvassed before. We will show you what to do and pair you up with somebody more experienced. Please bring a charged smart phone and your Labour login if you are able to. If you can't, don't worry at all, come along anyway.",https://events.labour.org.uk/event/520268
526605,Canvassing in New Bradwell Ward,Canvassing,2026-04-07 17:00:00,2026-04-07 18:30:00,"Bradwell Road & Withington, Bradville, Milton Keynes, UK",MK137DS,Milton Keynes North,E14001370,False,False,False,True,0,1,1,3,,False,,"Join the New Bradwell team to speak to local residents on the doorstep about what matters to them, and how Labour is working nationally and locally to help people in Milton Keynes. Don't worry if you've never campaigned before, you'll be paired up with someone until you get the hang of it.",https://events.labour.org.uk/event/526605
527397,Doorknocking for Danny,Canvassing,2026-04-07 17:00:00,2026-04-07 19:00:00,"Oldale Grove, Sheffield S13 7NA, UK",S137NA,Sheffield South East,E14001470,False,False,False,True,0,0,0,2,,False,,Doorknocking in Woodhouse for Danny,https://events.labour.org.uk/event/527397
527793,Canvassing in William Morris ward,Canvassing,2026-04-07 17:00:00,2026-04-07 18:30:00,"King Edward Road & Forest Road, London, UK",E176HE,Walthamstow,E14001563,False,False,False,True,0,0,0,2,King Edward Road and Forest Road,False,,"Join our William Morris team out on the doors speaking to residents about the issues that matter to them. If you've never canvassed before you'll be given a full briefing ahead of the session, and you can pair up with an experienced member of the team while you learn the ropes!",https://events.labour.org.uk/event/527793
525870,"Haggis Gap, Fulbourn Canvass",Canvassing,2026-04-07 17:30:00,2026-04-07 19:00:00,"2 Haggis Gap, Fulbourn, Cambridge, UK",CB215HD,South Cambridgeshire,E14001481,False,False,False,True,0,2,2,2,Junction of Haggis Gap and Pierce Lane,False,,Haggis Gap and some of the roads on the Swifts Estate,https://events.labour.org.uk/event/525870
526591,Doorknocking in Cradley North and Wollescote,Campaigning,2026-04-07 17:30:00,2026-04-07 19:30:00,"Highfield Cres, Halesowen B63 2AZ, UK",B632AZ,Halesowen,E14001261,False,False,False,True,0,0,0,3,Meeting at the junction of Highfield Road and Highfield Crescent,False,,Join Matt Collins for doorknocking in his campaign to become a councillor in Cradley North and Wollescote.,https://events.labour.org.uk/event/526591
526932,Campaigning with Catriona Munro in Oxgangs,Campaigning,2026-04-07 17:30:00,2026-04-07 19:00:00,"Oxgangs Library, Oxgangs Road North, Edinburgh, UK",EH139LY,Edinburgh South West,S14000081,False,False,False,True,0,0,0,1,"Curriehill Road & Pentland View, Currie, UK",False,,"Join us in Oxgangs for a campaign session for Catriona Munro; if you haven't door-knocked before, there will be people there to show you the ropes.",https://events.labour.org.uk/event/526932
527221,Re-elect Minesh: Canvassing in Crookes,Canvassing,2026-04-07 17:30:00,2026-04-07 19:00:00,"Co-op Food - Sheffield - Crookes, Crookes, Sheffield, UK",S101TG,Sheffield Hallam,E14001468,False,False,False,True,0,1,1,1,Meeting opposite the Crookes Co-op,False,,"Join our lovely Crookes and Crosspool team for this canvassing as we seek to re-elect Minesh. We will be meeting on Tuesday the 7th at 17:30pm opposites the Co-op in Crookes.

If you are new to canvassing, it would be great to have you join us. No experience is needed, and you will be paired up with someone until you feel confident.",https://events.labour.org.uk/event/527221
527320,"Re-elect Susan, Alex and Liz in Windhill & Wrose",Canvassing,2026-04-07 17:30:00,2026-04-07 19:30:00,"Thackley Old Rd, Shipley BD18 1DR, UK",BD181DR,Shipley,E14001472,False,False,False,True,0,1,1,3,Meet at the junction of Thackley Old Road and Alma Street,False,,Door knocking,https://events.labour.org.uk/event/527320
527338,Chapeltown Street Surgery - Re-elect Craig Gamble Pugh!,Canvassing,2026-04-07 17:30:00,2026-04-07 19:00:00,"Willow Cres, Chapeltown, Sheffield S35 1QS, UK",S351QS,Penistone and Stocksbridge,E14001423,False,False,False,True,0,1,1,3,"corner of Willow Crescent / Chapel Rd., S35 1QS",False,,"Join Councillor Craig Gamble Pugh and the local team for a Street Surgery, speaking to residents and identifying local concerns. Training and support will be provided for new members or those wanting a refresher.",https://events.labour.org.uk/event/527338
527490,Canvassing in Broadlands,Canvassing,2026-04-07 17:30:00,2026-04-07 19:30:00,"Tesco Express, Tesco Express, Broadlands, Gentle Way, Bridgend, UK",CF315EJ,Bridgend,W07000086,False,False,False,True,0,0,0,1,outside Tesco Express,False,,"The Senedd election is just around the corner and this is our moment. Come and support our short campaign and help us reach voters while it matters most. New or experienced, everyone's welcome. We'll support you every step of the way. Every conversation counts. Get involved, make an impact, and be part of something positive.",https://events.labour.org.uk/event/527490
527493,Southport Canvassing - Birkdale,Canvassing,2026-04-07 17:30:00,2026-04-07 19:00:00,"9 Walmer Road, Southport PR8 4SX, UK",PR84SX,Southport,E14001504,False,False,False,True,0,3,3,3,,False,,Come and join us on the doorstep campaigning for Cllr Sonya Kelly and candidates Carla Curtis-Tansley and Callum Naylor in Birkdale ward,https://events.labour.org.uk/event/527493
519500,Canvassing in Highfield ward,Canvassing,2026-04-07 18:00:00,2026-04-07 19:00:00,"Sainsbury's, Green Lanes, London, UK",N213RS,Edmonton and Winchmore Hill,E14001221,False,False,False,True,0,1,1,2,Winchmore Hill Sainsburys,False,,"Join our Highfield team out on the doors speaking to residents about the issues that matter to them. If you've never canvassed before you'll be given a full briefing ahead of the session, and you can pair up with an experienced member of the team while you learn the ropes!",https://events.labour.org.uk/event/519500
519789,City Campaigning - Ordsall,Campaigning,2026-04-07 18:00:00,2026-04-07 19:30:00,"Ryall Avenue, Salford M5 3HX, UK",M53HX,Salford,E14001459,False,False,False,True,0,0,0,2,,False,,Join us to campaign for our incredible candidates!,https://events.labour.org.uk/event/519789
524580,Tonge with the Haulgh door knocking,Campaigning,2026-04-07 18:00:00,2026-04-07 19:00:00,"Wheatfield St, Haulgh, Bolton BL2 1LH, UK",BL21LH,Bolton North East,E14001110,False,False,False,True,0,1,1,3,"corner of Wheatfield Street and Radcliffe Road, BL2 1LH",False,,"Come and join us for a canvassing session with Councillor Nick Peel in Tonge with the Haulgh. We will be out on the doorstep to speak with local residents, listen to their priorities, and build support for Labour ahead of the May elections. All welcome and a full briefing will be provided on the day for anyone new to campaigning.",https://events.labour.org.uk/event/524580
524634,Canvassing in Milkstone and Deeplish (evening),Canvassing,2026-04-07 18:00:00,2026-04-07 19:30:00,"Zam Zam Cash & Carry, Milkstone Road, Rochdale, UK",OL111ED,Rochdale,E14001446,False,False,False,True,0,0,0,2,"ZamZam Cash and Carry, Milkstone Road, OL11 1ER",False,,Join the local Labour Party on the doors as we campaign for our local councillors in Rochdale Borough ahead of polling day on the 7th May.,https://events.labour.org.uk/event/524634
525040,Peckham Rye Campaigning,Canvassing,2026-04-07 18:00:00,2026-04-07 20:00:00,"London SE22 0NR, UK",SE220NR,Lewisham West and East Dulwich,E14001333,False,False,False,True,0,0,0,2,"Zebra crossing outside Harris Girls School, Homestall Road",False,,Join us canvassing in Peckham Rye,https://events.labour.org.uk/event/525040
525070,Campaigning in Bucklow St Martins,Canvassing,2026-04-07 18:00:00,2026-04-07 19:30:00,"Manor Avenue, Sale M33 5JR, UK",M335JR,Stretford and Urmston,E14001528,False,False,False,True,0,0,0,2,corner of Manor Avenue and Epping Drive,False,,"Come join the Bucklow St Martins team campaigning in our ward. We're a friendly bunch, and if you're new to canvassing, we're happy to support you. We can pair you up with an experienced canvasser. We're keen to find out how voters are feeling about local and national issues. Contact Ben Slater",https://events.labour.org.uk/event/525070
525222,Canvassing in Telegraph Hill,Canvassing,2026-04-07 18:00:00,2026-04-07 20:00:00,"Seymour Gardens, London SE4 2DZ, UK",SE42DW,Lewisham North,E14001332,False,False,False,True,0,0,0,2,"Seymour Gardens, SE4 2DZ",False,,"Join our Telegraph Hill team out on the doors speaking to residents about the issues that matter to them. If you've never canvassed before you'll be given a full briefing ahead of the session, and you can pair up with an experienced member of the team while you learn the ropes!",https://events.labour.org.uk/event/525222
526271,Tuesday evening door knocking with Neil Bibby,Canvassing,2026-04-07 18:00:00,2026-04-07 19:30:00,"165 Netherhill Road, Paisley, UK",PA34PN,Paisley and Renfrewshire North,S14000101,False,False,False,True,0,0,0,3,Where Netherhill Rd meets Dundonald Rd,False,,"Join Team Bibby and help speak to as many voters as possible ahead of the election on 7 May. Even if you can spare half an hour, any time will help make a difference to the result in Paisley. 

Don't worry if you've never door knocked before, there will be plenty of people to show you the ropes.",https://events.labour.org.uk/event/526271
527203,Canvassing in Whitton,Canvassing,2026-04-07 18:00:00,2026-04-07 20:00:00,"Man on the Moon, Palmcroft Road, Ipswich, UK",IP16QX,Central Suffolk and North Ipswich,E14001156,False,False,False,True,0,0,0,2,Meet outside The Man on The Moon pub,False,,Join us on the doorstep in Whitton,https://events.labour.org.uk/event/527203
527356,Bromley North Plaistow Canvassing,Canvassing,2026-04-07 18:00:00,2026-04-07 19:00:00,"Burnt Ash Ln, Bromley BR1 4DJ, UK",BR14DJ,Bromley and Biggin Hill,E14001137,False,False,False,True,0,0,0,2,Corner of Burnt Ash Lane and Lake Avenue,False,,"Join Liz and Tony campaigning to beat Reform in Plaistow, in Bromley North.

Closest buses 126, 261, 336, 638",https://events.labour.org.uk/event/527356
527676,Canvassing in Highbury ward,Canvassing,2026-04-07 18:00:00,2026-04-07 20:00:00,"Highbury Library, Drayton Park, London, UK",N51ND,Islington North,E14001305,False,False,False,True,0,0,0,2,Highbury Library,False,,"Join our Highbury team out on the doors speaking to residents about the issues that matter to them. If you've never canvassed before you'll be given a full briefing ahead of the session, and you can pair up with an experienced member of the team while you learn the ropes!",https://events.labour.org.uk/event/527676
527799,Canvassing in Leytonstone ward,Canvassing,2026-04-07 18:00:00,2026-04-07 19:30:00,"Drayton Road & Grove Green Road, London E11 4AA, UK",E114AA,Leyton and Wanstead,E14001334,False,False,False,True,0,0,0,2,"Drayton and Grove Green Rds, E11",False,,"Join our Leytonstone team out on the doors speaking to residents about the issues that matter to them. If you've never canvassed before you'll be given a full briefing ahead of the session, and you can pair up with an experienced member of the team while you learn the ropes!",https://events.labour.org.uk/event/527799
527800,Canvassing in St James ward,Canvassing,2026-04-07 18:00:00,2026-04-07 19:30:00,"Cornwallis Road & Blackhorse Road, London, UK",E177DP,Walthamstow,E14001563,False,False,False,True,0,0,0,2,Cornwallis and Blackhorse Roads,False,,"Join our St James team out on the doors speaking to residents about the issues that matter to them. If you've never canvassed before you'll be given a full briefing ahead of the session, and you can pair up with an experienced member of the team while you learn the ropes!",https://events.labour.org.uk/event/527800
523034,Falkirk East & Linlithgow Campaigning - 07/04/26,Canvassing,2026-04-07 18:30:00,2026-04-07 20:00:00,"Meadowbank Street, Redding, Falkirk, UK",FK29XE,Falkirk,S14000083,False,False,False,True,0,0,0,1,,False,,"Falkirk East and Linlithgow needs your help! Come door knocking with your local Scottish Labour candidate. 

With just a matter of weeks to go until the Scottish Parliamentary Elections we need everyone we can! Use the link below to sign up, no experience needed!",https://events.labour.org.uk/event/523034
526277,Canvassing in Rye Lane ward 🌹 Labour Group session,Canvassing,2026-04-07 18:30:00,2026-04-07 20:30:00,"Peckham Rye Station, London, UK",SE155DQ,Peckham,E14001421,False,False,False,True,0,0,0,2,Peckham Rye Station,False,,"⭐ Join Southwark Labour out on the doors in Rye Lane ward speaking to residents about the issues that matter to them. If you've never canvassed before you'll be given a full briefing ahead of the session, and you can pair up with an experienced member of the team while you learn the ropes!",https://events.labour.org.uk/event/526277
527680,Canvassing in Tollington ward,Canvassing,2026-04-07 18:30:00,2026-04-07 20:00:00,"Hamlet Cafe & Restaurant, Hornsey Road, London, UK",N194DX,Islington North,E14001305,False,False,False,True,0,0,0,2,Hamlet Cafe,False,,"Join our Tollington team out on the doors speaking to residents about the issues that matter to them. If you've never canvassed before you'll be given a full briefing ahead of the session, and you can pair up with an experienced member of the team while you learn the ropes!",https://events.labour.org.uk/event/527680
522840,Canvassing in Wrexham,Canvassing,2026-04-08 10:30:00,2026-04-08 12:30:00,"Third Avenue & First Avenue, Llay, Wrexham, UK",LL120TW,Wrexham,W07000111,False,False,False,True,0,1,1,3,"Third Avenue & First Avenue, Llay, Wrexham, UK",False,,"Join us canvassing in Fflint-Wrecsam! If you've never canvassed before, or haven't for a while, don't worry - you'll be paired with an experienced canvasser who will guide you and show you the ropes. Simply RSVP so we know to expect you, and see you there!",https://events.labour.org.uk/event/522840
523133,Canvassing in Menai Bridge,Canvassing,2026-04-08 10:30:00,2026-04-08 12:30:00,"Penlon, Menai Bridge LL59 5LW, UK",LL595LW,Ynys Mon,W07000112,False,False,False,True,0,2,2,3,The corner of Lon Menai and Penlon,False,,Hello members and supporters! The Senedd campaign is underway. We are weeks out from polling day and we need your help to get as many of our candidates elected. See you on the doors!,https://events.labour.org.uk/event/523133
525236,Listening in Castle,Canvassing,2026-04-08 10:30:00,2026-04-08 12:00:00,"The Ropewalk, Nottingham NG1 5DT, UK",NG15DT,Nottingham East,E14001410,False,False,False,True,0,2,2,2,"Jctn of the ropewalk/ park terrace, NG1 5EF",False,,Join the Nottingham East Labour team as we canvass for our MP Nadia and our amazing local Labour Councillors. Come and join us as we talk to voters and ask them about their local issues. It doesn't matter if you have never canvassed before you will be more than welcome and paired with a more experienced canvasser to help show you the ropes.,https://events.labour.org.uk/event/525236
526101,Wed Campaigning Eastwood - 1030,Canvassing,2026-04-08 10:30:00,2026-04-08 12:00:00,"Braidpark Dr, Giffnock, Glasgow G46 6NB, UK",G466NB,East Renfrewshire,S14000021,False,False,False,True,0,0,0,3,Braidpark Drive at Kyle Drive,False,,Join us for campaigning in Eastwood ahead of the Scottish Parliament election,https://events.labour.org.uk/event/526101
526867,Door knocking Heckmondwike,Campaigning,2026-04-08 10:30:00,2026-04-08 12:00:00,"Lineham Court, Liversedge, UK",WF157EJ,Spen Valley,E14001506,False,False,False,True,0,2,2,3,,False,,Regular Weds morning door knock,https://events.labour.org.uk/event/526867
527425,Glasgow Kelvin & Maryhill Wednesday Morning Campaigning,Canvassing,2026-04-08 10:30:00,2026-04-08 12:00:00,"Murano Street & Firhill Road, Glasgow G20 7SW, UK",G207SW,Glasgow North,S14000085,False,False,False,True,0,0,0,3,"Murano Street & Firhill Road, Glasgow G20 7SW, UK",False,,We will be out campaigning across Glasgow Kelvin & Maryhill Speaking to voters on the doorstep about the issues that matter to them and their community. This is our chance to end almost two decades of SNP decline and help secure a New Direction with a Scottish Labour government.,https://events.labour.org.uk/event/527425
527457,More Listening on Ocean Boulevard Bargate,Canvassing,2026-04-08 10:30:00,2026-04-08 12:00:00,"Co-op, High Street, Southampton, UK",SO142DZ,Southampton Itchen,E14001499,False,False,False,True,0,0,0,3,Outside Co-op Shop High Street Southampton,False,,"We're speaking with people about their concerns and finding out how they intend to vote in the local government election. Please help us get John Noon re-elected on 7th May 2026.  If you're new to canvassing, don't worry! You'll partner with someone experienced until you feel confident.  On the day, if you run late, can't find the team, or need to contact someone for any other reason, call John at 0772 043 6706",https://events.labour.org.uk/event/527457
523708,Canvassing In Clwydyfagwyr,Canvassing,2026-04-08 11:00:00,2026-04-08 13:00:00,"Monmouth Drive, Merthyr Tydfil CF48 1JB, UK",CF481JB,Merthyr Tydfil and Aberdare,W07000099,False,False,False,True,0,2,2,2,Monmouth Drive CF48 1JB,False,,Canvassing in Clwydyfagwyr  with Welsh Labour's Senedd candidates for Pontypridd Cynon Merthyr.,https://events.labour.org.uk/event/523708
523919,Delivering and canvassing in Llandaff North 11am Wednesday 8 April - celebrate Labour`s New Deal,Canvassing,2026-04-08 11:00:00,2026-04-08 12:30:00,"Llandaff North and Gabalfa Hub, College Road, Cardiff, UK",CF142HU,Cardiff North,W07000090,False,False,False,True,0,0,0,2,outside the hub,False,,"Join us delivering and canvassing in Llandaff North ahead of the New Deal Campaign weekend https://labourunions.org.uk/newdealcampaign/
With our 8 Senedd candidates headed by Shav Taj of Wales TUC, Cllr Jackie Jones (MEP 2019-20) Cllrs Dan De`Ath and Sarah Merry we have a great story to tell - Keep the gains made by Welsh Labour in power - free prescriptions, free school meals, keeping EMA, the Social Partnership and Public Procurement Act - our Red Welsh Way. Now reinforced by the New Deal for Working People.",https://events.labour.org.uk/event/523919
526339,Welwyn Hatfield Canvassing,Canvassing,2026-04-08 11:00:00,2026-04-08 13:00:00,"New Road & Great North Road, Welwyn Garden City, UK",AL87TQ,Welwyn Hatfield,E14001573,False,False,False,True,100,0,0,3,,False,,Join Welwyn Hatfield Labour in the 2026 local election campaign. A full briefing will be provided at the start of every session and if you're new you can be paired up with an experienced door knocker until you're comfortable. Every volunteer makes a huge difference and we hope to see you on the doorstep soon.,https://events.labour.org.uk/event/526339
524578,Canvassing in Sale Central,Canvassing,2026-04-08 12:00:00,2026-04-08 13:00:00,"Symons Rd, Sale M33 7FJ, UK",M337FJ,Wythenshawe and Sale East,E14001602,False,False,False,True,0,1,1,2,Corner of Symons Rd and Chapel Rd in Sale Central,False,,Come and join us for a canvassing session in Sale Central!,https://events.labour.org.uk/event/524578
525987,Canvassing in Cliftonville Division - 1 day to beat Reform!,Canvassing,2026-04-08 12:00:00,2026-04-08 13:30:00,"5 Percy Ave, Broadstairs CT10 3LB, UK",CT103LB,East Thanet,E14001216,False,False,False,True,0,1,1,3,"meet outside 5 Percy Ave, Broadstairs CT10 3LB",False,,"Join us canvasssing as we work to get Joanne Bright elected as the new County Councillor for Cliftonville.

Volunteer for Joanne, Stop Reform.

Please use the meeting point as the start location",https://events.labour.org.uk/event/525987
520541,Ladywood Canvassing 🌹,Canvassing,2026-04-08 12:30:00,2026-04-08 13:30:00,"Library of Birmingham, Centenary Square, Birmingham, UK",B12EP,Birmingham Ladywood,E14001096,False,False,False,True,0,0,0,1,,False,,"Join us as we canvass in Ladywood Ward for our 2026 local elections, Sally Benton and Satvir Dosanjh. All new and experienced canvassers are welcome - training will be provided. RSVP for address details.",https://events.labour.org.uk/event/520541
526886,Daniel Johnson 2026 Campaign Session,Canvassing,2026-04-08 12:30:00,2026-04-08 14:00:00,"Tweedsmuir Gait & Old Dalkeith Road, Edinburgh, UK",EH164XW,Edinburgh South,S14000080,False,False,False,True,0,0,0,1,Meet at the junction of Tweedsmuir Gait and Old Dalkeith Road,False,,Join Daniel Johnson on his 2026 Scottish Election Campaign.,https://events.labour.org.uk/event/526886
519501,Canvassing in New Southgate ward,Canvassing,2026-04-08 13:00:00,2026-04-08 14:00:00,"Bowes Primary School, Bowes Road, London, UK",N112SJ,Southgate and Wood Green,E14001503,False,False,False,True,0,4,4,2,Bowes Primary School,False,,"Join our New Southgate team out on the doors speaking to residents about the issues that matter to them. If you've never canvassed before you'll be given a full briefing ahead of the session, and you can pair up with an experienced member of the team while you learn the ropes!",https://events.labour.org.uk/event/519501
524581,Tonge with the Haulgh door knocking,Campaigning,2026-04-08 13:00:00,2026-04-08 14:00:00,"Entrance to Castle Hill Centre car park, Castleton Street,  BL2 2JW, UK",BL22JW,Bolton North East,E14001110,False,False,False,True,0,0,0,3,"entrance to Castle Hill Centre car park, Castleton Street,  BL2 2JW, UK",False,,"Come and join us for a canvassing session with Councillor Nick Peel in Tonge with the Haulgh. We will be out on the doorstep to speak with local residents, listen to their priorities, and build support for Labour ahead of the May elections. All welcome and a full briefing will be provided on the day for anyone new to campaigning.",https://events.labour.org.uk/event/524581
526054,Canvassing in Grangetown | Caerdydd Penarth,Canvassing,2026-04-08 13:00:00,2026-04-08 14:30:00,"55-57 Cornwall Street, Cardiff, UK",CF116PP,Cardiff South and Penarth,W07000091,False,False,False,True,0,0,0,2,Corner of Channel View Road and Ferry Road,False,,Join us as we speak to residents in Caerdydd Penarth ahead of the Senedd election.,https://events.labour.org.uk/event/526054
526102,Wed Campaigning Eastwood - 1300,Canvassing,2026-04-08 13:00:00,2026-04-08 14:30:00,"Clarkston Hall, Clarkston Road, Clarkston, Glasgow, UK",G768NE,East Renfrewshire,S14000021,False,False,False,True,0,0,0,3,,False,,Join us for campaigning in Eastwood ahead of the Scottish Parliament Election,https://events.labour.org.uk/event/526102
527428,Glasgow Kelvin & Maryhill Tuesday Afternoon Campaigning,Canvassing,2026-04-08 13:00:00,2026-04-08 15:00:00,"Murano Street & Firhill Road, Glasgow G20 7SW, UK",G207SW,Glasgow North,S14000085,False,False,False,True,0,0,0,3,at the corner Murano Street and Firhill Road G20 7RS,False,,We will be out campaigning across Glasgow Kelvin & Maryhill Speaking to voters on the doorstep about the issues that matter to them and their community. This is our chance to end almost two decades of SNP decline and help secure a New Direction with a Scottish Labour government.,https://events.labour.org.uk/event/527428
527877,Canvassing in Illtyd,Canvassing,2026-04-08 13:00:00,2026-04-08 15:00:00,"Coed-Y-Felin, Barry, UK",CF626LG,Vale of Glamorgan,W07000110,False,False,False,True,0,0,0,3,the entrance to Coed-Y-Felin,False,,"The Senedd election is just around the corner and this is our moment. Come and support our short campaign and help us reach voters while it matters most. New or experienced, everyone's welcome. We'll support you every step of the way. Every conversation counts. Get involved, make an impact, and be part of something positive.",https://events.labour.org.uk/event/527877
528065,Labour Listens in North Shields,Canvassing,2026-04-08 13:00:00,2026-04-08 14:30:00,"Saville Street, North Shields NE30 1NT, UK",NE301NT,Tynemouth,E14001557,False,False,False,True,0,0,0,2,"Business Centre, Saville Street, NE30 1NT",False,,"On Wednesday 8th April at 1pm meet for canvassing in North Shields, please meet outside the Business Centre, Saville Street, NE30 1NT
Even if you can only join us for a short time, your support really does make a difference! Doorstep conversations remain one of the most important ways we connect with residents and show that Labour is listening. If you have not been out campaigning before please do not worry, you will be fully supported, paired up, and given everything you need on the day.",https://events.labour.org.uk/event/528065
523131,Canvassing in LlanfairPG,Canvassing,2026-04-08 14:00:00,2026-04-08 16:00:00,"Trem Eryri, Llanfairpwllgwyngyll LL61 5JF, UK",LL615JF,Ynys Mon,W07000112,False,False,False,True,0,0,0,3,The corner of Lon Ty Croes and Ffordd Penmynydd,False,,Hello members and supporters! The Senedd campaign is underway. We are weeks out from polling day and we need your help to get as many of our candidates elected. See you on the doors!,https://events.labour.org.uk/event/523131
523709,Canvassing in Gellideg,Canvassing,2026-04-08 14:00:00,2026-04-08 16:00:00,"Juggy's Plaice, Heol Tai Mawr, Gellideg, Merthyr Tydfil CF48 1ND, UK",CF481ND,Merthyr Tydfil and Aberdare,W07000099,False,False,False,True,0,1,1,2,Juggys Plaice CF48 1ND,False,,Canvassing in Gellideg with Welsh Labour's Senedd candidates for Pontypridd Cynon Merthyr.,https://events.labour.org.uk/event/523709
524641,Canvassing in Balderstone and Kirkholt (afternoon),Canvassing,2026-04-08 14:00:00,2026-04-08 15:30:00,"The Strand, Rochdale OL11 2JG, UK",OL112JG,Rochdale,E14001446,False,False,False,True,0,0,0,2,"The Strand, Rochdale OL11 2JG",False,,Join the local Labour Party on the doors as we campaign for our local councillors in Rochdale Borough ahead of polling day on the 7th May.,https://events.labour.org.uk/event/524641
526340,Welwyn Hatfield Canvassing,Canvassing,2026-04-08 14:00:00,2026-04-08 16:00:00,"Little Wade, Welwyn Garden City, UK",AL74HD,Welwyn Hatfield,E14001573,False,False,False,True,100,1,1,3,,False,,Join Welwyn Hatfield Labour in the 2026 local election campaign. A full briefing will be provided at the start of every session and if you're new you can be paired up with an experienced door knocker until you're comfortable. Every volunteer makes a huge difference and we hope to see you on the doorstep soon.,https://events.labour.org.uk/event/526340
527824,Re-elect Minesh: Canvassing in Crosspool,Canvassing,2026-04-08 14:00:00,2026-04-08 15:30:00,"SPAR Crosspool, Sandygate Road, Crosspool, Sheffield, UK",S105NH,Sheffield Hallam,E14001468,False,False,False,True,0,0,0,1,Meet opposite the SPAR in Crosspool,False,,"Join our lovely Crookes and Crosspool team for this canvassing as we seek to re-elect Minesh. We will be meeting on Wednesday the 8th at 14:00pm opposite the Crosspool SPAR.

If you are new to canvassing, it would be great to have you join us. No experience is needed, and you will be paired up with someone until you feel confident.",https://events.labour.org.uk/event/527824
524604,Canvassing - PENYLAN,Canvassing,2026-04-08 14:30:00,2026-04-08 16:30:00,"Waterloo Tea, Waterloo Gardens, Cardiff, UK",CF235AA,Cardiff East,W07000089,False,False,False,True,0,0,0,2,,False,,Join our Senedd candidates as we carry on campaigning ahead of the Senedd election day in May,https://events.labour.org.uk/event/524604
526248,Canvassing in Caerphilly,Canvassing,2026-04-08 14:30:00,2026-04-08 16:00:00,"Cae Caradog, Caerphilly CF83 2AA, UK",CF832AA,Caerphilly,W07000088,False,False,False,True,0,1,1,2,Cae Caradog,False,,"This is a door knocking session in the Blaenau Gwent Caerffili Rhymni Senedd constituency ahead of the election in May. Everyone is welcome, regardless of your experience. If you have any questions, please contact us on 07463 939028 or any of the following emails addresses: caerphillylabour@outlook.com; blaenauglabour@outlook.com; rhymneylabour@outlook.com.",https://events.labour.org.uk/event/526248
527781,Campaigning in Clydebank and Milngavie,Canvassing,2026-04-08 15:00:00,2026-04-08 16:30:00,"Gartconnell Rd, Bearsden, Glasgow G61 3BE, UK",G613BE,Mid Dunbartonshire,S14000097,False,False,False,True,0,0,0,1,Meeting at the corner of Gartconnell Road and Russell Drive,False,,"Join us in speaking to voters across Clydebank and Milngavie ahead of next years Scottish parliament election. Don't worry if you have never campaigned before, training will be provided by one of our more experienced volunteers.",https://events.labour.org.uk/event/527781
527546,Canvassing in Eastbrook,Canvassing,2026-04-08 16:15:00,2026-04-08 18:00:00,"The Gardens, Southwick, Brighton BN42 4AR, UK",BN424AR,East Worthing and Shoreham,E14001218,False,False,False,True,0,2,2,3,Corner of Seaview Estate (A259) and The Gardens,False,,Join Dave and his team canvassing for the upcoming elections on May 7th.  If you are new to canvassing you will be paired with an experienced campaigner.,https://events.labour.org.uk/event/527546
523999,Door knocking in Goldsmid,Canvassing,2026-04-08 16:30:00,2026-04-08 18:30:00,"108 Highdown Road, Hove, UK",BN36EP,Hove and Portslade,E14001296,False,False,False,True,0,0,0,2,"Meet outside 108 Highdown Road, on the corner of Montefiore Road",False,,Talking to residents along with our Councillors.,https://events.labour.org.uk/event/523999
522393,Canvassing in Romsey - 8 April,Canvassing,2026-04-08 17:00:00,2026-04-08 19:00:00,"Cromwell Rd & Catharine Street, Cambridge, UK",CB13BB,Cambridge,E14001149,False,False,False,True,0,0,0,2,Cromwell Rd & Catharine Street,False,,Join us canvassing in Romsey!,https://events.labour.org.uk/event/522393
526475,Canvassing in Llantwit Major,Canvassing,2026-04-08 17:00:00,2026-04-08 19:00:00,"Fitzhamon Ave, Llantwit Major CF61 1TN, UK",CF611TN,Vale of Glamorgan,W07000110,False,False,False,True,0,1,1,3,at intersection of Stallcourt Avenue and Fitzhamon,False,,"The Senedd election is just around the corner and this is our moment. Come and support our short campaign and help us reach voters while it matters most. New or experienced, everyone's welcome. We'll support you every step of the way. Every conversation counts. Get involved, make an impact, and be part of something positive.",https://events.labour.org.uk/event/526475
526626,Canvassing in Bletchley Park,Campaigning,2026-04-08 17:00:00,2026-04-08 18:30:00,"Barons Close, Bletchley, Milton Keynes, UK",MK22UR,Buckingham and Bletchley,E14001141,False,False,False,True,0,0,0,3,,False,,"Join the Bletchley Park team to speak to local residents on the doorstep about what matters to them, and how Labour is working nationally and locally to help people in Milton Keynes. Don't worry if you've never campaigned before, you'll be paired up with someone until you get the hang of it.",https://events.labour.org.uk/event/526626
527204,Canvassing in Eltham Page,Canvassing,2026-04-08 17:00:00,2026-04-08 18:30:00,"Eltham Green Road, London, UK",SE96BJ,Eltham and Chislehurst,E14001223,False,False,False,True,0,1,1,3,Meet on the corner of Eltham Green road and Edgeworth Road,False,,Join local candidates and Greenwich Labour activists as we speak to residents in Eltham Page. No experience required!,https://events.labour.org.uk/event/527204
528086,Campaigning in Hermitage & Gardens,Canvassing,2026-04-08 17:00:00,2026-04-08 18:00:00,"Hermitage Road & Vale Road, London N4 1NN, UK",N41NR,Tottenham,E14001553,False,False,False,True,0,0,0,2,"Hermitage Road & Vale Road, N4 1LY",False,,"Join our Hermitage & Gardens team out on the doors speaking to residents about the issues that matter to them. If you've never canvassed before you'll be given a full briefing ahead of the session, and you can pair up with an experienced member of the team while you learn the ropes",https://events.labour.org.uk/event/528086
519978,🌹Canvassing in Greets Green & Lyng🌹,Canvassing,2026-04-08 17:30:00,2026-04-08 19:00:00,"Turner Street, West Bromwich, UK",B709HY,West Bromwich,E14001574,False,False,False,True,0,0,0,3,,False,,Join us in Greets Green and Lyng to help our amazing candidates to help spread Labour's message of renewal to residents! Never canvassed before? Don't worry! Training will be delivered on the day! 🌹,https://events.labour.org.uk/event/519978
522282,Labour Listening in Bishop Auckland,Canvassing,2026-04-08 17:30:00,2026-04-08 19:30:00,"Helena Terrace, Bishop Auckland, UK",DL146NW,Bishop Auckland,E14001101,False,False,False,True,100,0,0,3,Outside Cockton Bowling Green,False,,"Join us in Cockton Hill, Bishop Auckland, as part of our Labour Listening campaign across the Bishop Auckland constituency.
Don't worry if you haven't been out before or a while, we can pair you with an experienced campaigner.  And there will be a briefing about local issues to help you on the doorstep!",https://events.labour.org.uk/event/522282
522843,Canvassing in Wrexham,Canvassing,2026-04-08 17:30:00,2026-04-08 19:30:00,"Derwent Crescent & Herbert Jennings Avenue, Wrexham, UK",LL127YE,Wrexham,W07000111,False,False,False,True,0,0,0,3,"Derwent Crescent & Herbert Jennings Avenue, Wrexham, UK",False,,"Join us canvassing in Fflint-Wrecsam! If you've never canvassed before, or haven't for a while, don't worry - you'll be paired with an experienced canvasser who will guide you and show you the ropes. Simply RSVP so we know to expect you, and see you there!",https://events.labour.org.uk/event/522843
524605,Canvassing - PLASNEWYDD,Canvassing,2026-04-08 17:30:00,2026-04-08 19:30:00,"Roath Park Primary School, Pen-Y-Wain Road, Cardiff, UK",CF244BB,Cardiff East,W07000089,False,False,False,True,0,0,0,2,,False,,Join our Senedd candidates as we carry on campaigning ahead of the Senedd election day in May,https://events.labour.org.uk/event/524605
525508,Help Us Win In Bolehall!,Canvassing,2026-04-08 17:30:00,2026-04-08 19:00:00,"Lindisfarne, Glascote, Tamworth, UK",B772QW,Tamworth,E14001538,False,False,False,True,0,4,4,3,Junction of Abbey Road and Lindisfarne,False,,"🚪✨ Join us for campaign sessions across Tamworth as we get out, knock on doors, and speak directly with residents ahead of the local elections! 🗳️🌹

We’re taking the fight to Reform, the Conservatives, and the Green —making sure Labour’s message is heard loud and clear in every part of our town. 

These sessions are all about listening to what matters most to local people—from everyday concerns to the big issues shaping our community.

Whether you’re experienced or brand new , come along, get involved, and help us build a stronger Tamworth together 🌟",https://events.labour.org.uk/event/525508
525655,Newbiggin Hall & Callerton Canvassing,Canvassing,2026-04-08 17:30:00,2026-04-08 19:00:00,,0,No Constituency Found,,False,False,False,True,0,0,0,1,,True,,"Join the Newbiggin Hall & Callerton team canvassing a crucial ward ahead of Mays elections, everyone is welcome. Location is TBC contact Alex Hay for details",https://events.labour.org.uk/event/525655
525846,Campaigning in Vauxhall,Canvassing,2026-04-08 17:30:00,2026-04-08 19:00:00,"Vauxhall Underground Station, London, UK",SW82LN,Vauxhall and Camberwell Green,E14001559,False,False,False,True,0,0,0,2,,False,,"Join us as we speak to residents in Vauxhall ahead of the May 2026 local elections! There will be plenty of experienced campaigners and councillors, so if you've never campaigned before this will be the perfect starting point.",https://events.labour.org.uk/event/525846
526484,Local Elections 2026: Thorpe Hamlet,Canvassing,2026-04-08 17:30:00,2026-04-08 19:30:00,"Quayside, Norwich NR3 1RQ, UK",NR31RQ,Norwich South,E14001409,False,False,False,True,0,0,0,2,"Thorpe Hamlet: Quayside, NR3 1RQ",False,,"Join us on the Labour Doortstep for the 2026 Local Elections. Labour is lowering the cost of living, getting the NHS back on its feet and putting pride back into our neighbourhoods. That's why we are proud to be Labour. Join us now.",https://events.labour.org.uk/event/526484
526497,Local Elections 2026: Lakenham,Canvassing,2026-04-08 17:30:00,2026-04-08 19:30:00,"Mansfield Ln, Norwich NR1 2JT, UK",NR12JT,Norwich South,E14001409,False,False,False,True,0,0,0,2,"Lakenham: Outside Mansfield Lane old housing office, NR1 2JT",False,,"Join us on the Labour Doortstep for the 2026 Local Elections. Labour is lowering the cost of living, getting the NHS back on its feet and putting pride back into our neighbourhoods. That's why we are proud to be Labour. Join us now.",https://events.labour.org.uk/event/526497
527102,Canvassing in Severnside,Canvassing,2026-04-08 17:30:00,2026-04-08 19:00:00,Severnside,NP79LF,Monmouthshire,W07000101,False,False,False,True,0,1,1,3,Crnr of Redwick Rd/West End,False,,Join us as we speak to voters about local issues and the upcoming Senedd elections,https://events.labour.org.uk/event/527102
527322,Canvassing in Castle Ward,Canvassing,2026-04-08 17:30:00,2026-04-08 19:00:00,"Burton Rd, Lincoln LN1 3TX, UK",LN13TX,Lincoln,E14001336,False,False,False,True,0,2,2,3,Junction of Yarborough Crescent and Burton Road,False,,Join Helena Mair and the Castle team as they go out and speak to voters.,https://events.labour.org.uk/event/527322
527548,West Park Wednesday,Campaigning,2026-04-08 17:30:00,2026-04-08 19:00:00,"Taylor Park, Regents Road, Saint Helens, UK",WA103HU,St Helens South and Whiston,E14001510,False,False,False,True,0,1,1,2,"Taylor Park car park, near Boathouse cafe, usual meeting point",False,,A session in West Park!,https://events.labour.org.uk/event/527548
527608,Ladywood Canvassing 🌹,Canvassing,2026-04-08 17:45:00,2026-04-08 19:00:00,"Library of Birmingham, Centenary Square, Birmingham, UK",B12EP,Birmingham Ladywood,E14001096,False,False,False,True,0,0,0,1,,False,,"Join us as we canvass in Ladywood Ward for our 2026 local elections, Sally Benton and Satvir Dosanjh. All new and experienced canvassers are welcome - training will be provided. RSVP for address details.",https://events.labour.org.uk/event/527608
519502,Canvassing in Palmers Green ward,Canvassing,2026-04-08 18:00:00,2026-04-08 19:00:00,"The Fox, Green Lanes, London, UK",N134JD,Southgate and Wood Green,E14001503,False,False,False,True,0,2,2,2,"The Fox, Green Lanes",False,,"Join our Palmers Green team out on the doors speaking to residents about the issues that matter to them. If you've never canvassed before you'll be given a full briefing ahead of the session, and you can pair up with an experienced member of the team while you learn the ropes!",https://events.labour.org.uk/event/519502
521307,Selhurst Ward - People First Canvass,Canvassing,2026-04-08 18:00:00,2026-04-08 19:30:00,"Selhurst Rd, London SE25 5QF, UK",SE255QF,Croydon West,E14001188,False,False,False,True,0,0,0,2,Corner of Selhurst Road and Selhurst New Road,False,,"Join your Selhurst councillors for a local canvass in Selhurst. We'll be out speaking to residents, listening to concerns, and sharing Rowenna's People First plan to tackle the issues people are raising most, fly tipping, anti-social behaviour, housing repairs and potholes. No experience needed. Just come along for an hour (or more), meet neighbours, and help us build the change Selhurst and Croydon need. DM to get the meeting point and time on 07958121079.",https://events.labour.org.uk/event/521307
523710,Canvassing in Heolgerrig,Canvassing,2026-04-08 18:00:00,2026-04-08 19:30:00,"Heolgerrig Social Club, Heolgerrig, Merthyr Tydfil CF48 1RP, UK",CF481RP,Merthyr Tydfil and Aberdare,W07000099,False,False,False,True,0,2,2,2,Heolgerrig Social Club CF48 1RP,False,,Canvassing in Heolgerrig with Welsh Labour's Senedd candidates for Pontypridd Cynon Merthyr.,https://events.labour.org.uk/event/523710
523823,Coley doorknocking (Re-elect Ellie Emberson),Canvassing,2026-04-08 18:00:00,2026-04-08 19:30:00,"The Foresters Arms, Brunswick Street, Reading, UK",RG16NY,Reading Central,E14001438,False,False,False,True,0,0,0,2,Outside The Foresters Arms pub,False,,"Join us as we speak to residents ahead of the local election on 7 May. Ellie is seeking voters support for a third time. 

Do not worry if you have not canvassed before, you can shadow before you feel comfortable!",https://events.labour.org.uk/event/523823
524585,Tonge with the Haulgh door knocking,Campaigning,2026-04-08 18:00:00,2026-04-08 19:00:00,"Wheatfield St, Haulgh, Bolton BL2 1LH, UK",BL21LH,Bolton North East,E14001110,False,False,False,True,0,0,0,3,"corner of Wheatfield Street and Radcliffe Road, BL2 1LH",False,,"Come and join us for a canvassing session with Councillor Nick Peel in Tonge with the Haulgh. We will be out on the doorstep to speak with local residents, listen to their priorities, and build support for Labour ahead of the May elections. All welcome and a full briefing will be provided on the day for anyone new to campaigning.",https://events.labour.org.uk/event/524585
524642,Canvassing in Balderstone and Kirkholt (evening),Canvassing,2026-04-08 18:00:00,2026-04-08 19:30:00,"The Strand, Rochdale OL11 2JG, UK",OL112JG,Rochdale,E14001446,False,False,False,True,0,0,0,2,"The Strand, Rochdale OL11 2JG",False,,Join the local Labour Party on the doors as we campaign for our local councillors in Rochdale Borough ahead of polling day on the 7th May.,https://events.labour.org.uk/event/524642
525042,Peckham Rye Campaigning,Canvassing,2026-04-08 18:00:00,2026-04-08 20:00:00,"London SE22 0NR, UK",SE220NR,Lewisham West and East Dulwich,E14001333,False,False,False,True,0,0,0,2,"Zebra crossing outside Harris Girls School, Homestall Road",False,,Join us canvassing in Peckham Rye,https://events.labour.org.uk/event/525042
526034,🌹Maida Vale Canvassing🌹,Canvassing,2026-04-08 18:00:00,2026-04-08 20:00:00,"Milad Supermarket, Maida Vale, London, UK",W91QH,Queen's Park and Maida Vale,E14001435,False,False,False,True,0,0,0,2,,False,,"Come and join our team as we speak to voters ahead of the May 2026 local elections. We will be out on the doorstep speaking to residents about the issues that matter most to them. If it is your first time canvassing, do not worry. We will pair you up with an experienced campaigner.",https://events.labour.org.uk/event/526034
526212,Canvassing in Nunhead and Queens Road ward 🌹 Labour Group session,Canvassing,2026-04-08 18:00:00,2026-04-08 20:00:00,"Queens Road Peckham station, London, UK",SE152ND,Peckham,E14001421,False,False,False,True,0,0,0,2,Queens Road Station,False,,"⭐ Join Southwark Labour out on the doors in Nunhead and Queens Road ward speaking to residents about the issues that matter to them. If you've never canvassed before you'll be given a full briefing ahead of the session, and you can pair up with an experienced member of the team while you learn the ropes!",https://events.labour.org.uk/event/526212
526218,Canvassing in Old Kent Road ward 🌹 Labour Group session,Canvassing,2026-04-08 18:00:00,2026-04-08 20:00:00,"Old Kent Road Fire Station, Old Kent Road, London SE1 5AA, UK",SE15JH,Peckham,E14001421,False,False,False,True,0,0,0,2,"Outside Old Kent Road fire station, 381 Old Kent Road SE1 5AA",False,,"⭐ Join Southwark Labour out on the doors in Old Kent Road ward speaking to residents about the issues that matter to them. If you've never canvassed before you'll be given a full briefing ahead of the session, and you can pair up with an experienced member of the team while you learn the ropes!",https://events.labour.org.uk/event/526218
526291,Wednesday evening door knocking with Neil Bibby,Canvassing,2026-04-08 18:00:00,2026-04-08 19:30:00,"11 Ivy Gardens, Paisley, UK",PA12BT,Paisley and Renfrewshire South,S14000102,False,False,False,True,0,0,0,3,Where Ivy Gardens meets Station Road,False,,"Join Team Bibby and help speak to as many voters as possible ahead of the election on 7 May. Even if you can spare half an hour, any time will help make a difference to the result in Paisley. 

Don't worry if you've never door knocked before, there will be plenty of people to show you the ropes.",https://events.labour.org.uk/event/526291
526519,Campaigning with Katherine Sangster,Campaigning,2026-04-08 18:00:00,2026-04-08 19:30:00,"Brunstane Bank, Edinburgh, UK",EH152NR,Edinburgh East and Musselburgh,S14000078,False,False,False,True,0,0,0,3,Brunstane station Edinburgh EH15 2QY,False,,"Join our candidate for Holyrood, Katherine Sangster, speaking to voters in Edinburgh East, Musselburgh, and Tranent. If you've never door-knocked before, experienced campaigners will be on hand to teach you! Looking forward to seeing you there!",https://events.labour.org.uk/event/526519
527246,Doorknocking in Honicknowle,Canvassing,2026-04-08 18:00:00,2026-04-08 20:00:00,"Montacute Avenue, Plymouth, UK",PL53PW,Plymouth Moor View,E14001426,False,False,False,True,0,1,1,3,Junction of Montacute Avenue and Stowe Gardens,False,,"With just a month to go until polling day, now is the time to get involved and help us defeat Reform in Plymouth. Join us as we knock on doors in Honicknowle and talk to residents about the local and national issues that matter to them.",https://events.labour.org.uk/event/527246
527700,Canvassing in Tufnell Park ward,Canvassing,2026-04-08 18:00:00,2026-04-08 20:00:00,"Tufnell Park Tavern, Tufnell Park Road, London, UK",N70EE,Islington North,E14001305,False,False,False,True,0,0,0,2,Tufnell Park Tavern,False,,"Join our Tufnell Park team out on the doors speaking to residents about the issues that matter to them. If you've never canvassed before you'll be given a full briefing ahead of the session, and you can pair up with an experienced member of the team while you learn the ropes!",https://events.labour.org.uk/event/527700
527815,Canvassing in Grove Green ward,Canvassing,2026-04-08 18:00:00,2026-04-08 19:30:00,"Francis Road, London, UK",E106NT,Leyton and Wanstead,E14001334,False,False,False,True,0,0,0,2,Richmond and Francis,False,,"Join our Grove Green team out on the doors speaking to residents about the issues that matter to them. If you've never canvassed before you'll be given a full briefing ahead of the session, and you can pair up with an experienced member of the team while you learn the ropes!",https://events.labour.org.uk/event/527815
527816,Canvassing in High Street ward,Canvassing,2026-04-08 18:00:00,2026-04-08 19:30:00,"High Street & Buxton Road, London, UK",E177LD,Walthamstow,E14001563,False,False,False,True,0,0,0,2,High Street and Buxton,False,,"Join our High Street team out on the doors speaking to residents about the issues that matter to them. If you've never canvassed before you'll be given a full briefing ahead of the session, and you can pair up with an experienced member of the team while you learn the ropes!",https://events.labour.org.uk/event/527816
528072,Canvassing in Westgate,Canvassing,2026-04-08 18:00:00,2026-04-08 20:00:00,"Westwood Ave, Ipswich IP1 4EQ, UK",IP14EQ,Ipswich,E14001302,False,False,False,True,0,1,1,3,Meet at junction of Westwood Avenue and Norwich Rd.,False,,Join us on the doorstep in Westgate,https://events.labour.org.uk/event/528072
528082,Campaigning in Fortis Green,Canvassing,2026-04-08 18:00:00,2026-04-08 19:00:00,"Coppetts Rd & Greenham Rd, London N10 1JY, UK",N101JY,Hornsey and Friern Barnet,E14001293,False,False,False,True,0,0,0,2,"Coppetts Rd & Greenham Rd, N10 1JY",False,,"Join our Fortis Green team out on the doors speaking to residents about the issues that matter to them. If you've never canvassed before you'll be given a full briefing ahead of the session, and you can pair up with an experienced member of the team while you learn the ropes",https://events.labour.org.uk/event/528082
527179,🌹Lancaster Gate Canvassing🌹,Canvassing,2026-04-08 18:30:00,2026-04-08 20:00:00,"Waitrose & Partners, Porchester Road, London, UK",W26AP,Kensington and Bayswater,E14001310,False,False,False,True,0,0,0,3,,False,,"Come and join our team as we speak to voters ahead of the May 2026 local elections. We will be out on the doorstep speaking to residents about the issues that matter most to them. If it is your first time canvassing, do not worry. We will pair you up with an experienced campaigner.",https://events.labour.org.uk/event/527179
528248,Campaigning in Alexandra Park,Canvassing,2026-04-08 18:30:00,2026-04-08 19:30:00,"Sweet Tree Bakery, Crescent Road, London N22 7RP, UK",N227RP,Hornsey and Friern Barnet,E14001293,False,False,False,True,0,0,0,2,"Sweet Tree Bakery, N22 7RP",False,,"Join our Alexandra Park team out on the doors speaking to residents about the issues that matter to them. If you've never canvassed before you'll be given a full briefing ahead of the session, and you can pair up with an experienced member of the team while you learn the ropes",https://events.labour.org.uk/event/528248
523035,Falkirk East & Linlithgow Campaigning - 09/04/26,Canvassing,2026-04-09 10:00:00,2026-04-09 12:00:00,"Kinglass Dr, Bo'ness, UK",EH519RF,Bathgate and Linlithgow,S14000068,False,False,False,True,0,0,0,3,,False,,"Falkirk East and Linlithgow needs your help! Come door knocking with your local Scottish Labour candidate. 

With just a matter of weeks to go until the Scottish Parliamentary Elections we need everyone we can! Use the link below to sign up, no experience needed!",https://events.labour.org.uk/event/523035
527414,Shirley canvass,Canvassing,2026-04-09 10:00:00,2026-04-09 11:15:00,"Winchester Rd, Southampton SO16 6TS, UK",SO166TS,Southampton Test,E14001500,False,False,False,True,0,0,0,2,Corner of Luccombe Rd & Winchester Rd,False,,Join our friendly ward team for this local election canvass and help us win the seat for Labour.,https://events.labour.org.uk/event/527414
521160,Senedd 2026 - Canvassing in Mold,Canvassing,2026-04-09 10:30:00,2026-04-09 12:30:00,"Mold CH7 1UW, UK",CH71UW,Clwyd East,W07000094,False,False,False,True,0,0,0,3,The corner of Woodlands Road and Woodlands Close,False,,Hello members and supporters! The Senedd campaign is underway. We are weeks out from polling day and we need your help to get as many of our candidates elected. See you on the doors!,https://events.labour.org.uk/event/521160
522844,Canvassing in Wrexham,Canvassing,2026-04-09 10:30:00,2026-04-09 12:30:00,"Bickleywood Drive & Stryt Holt, Wrexham, UK",LL139AU,Wrexham,W07000111,False,False,False,True,0,1,1,3,"Bickleywood Drive & Stryt Holt, Wrexham, UK",False,,"Join us canvassing in Fflint-Wrecsam! If you've never canvassed before, or haven't for a while, don't worry - you'll be paired with an experienced canvasser who will guide you and show you the ropes. Simply RSVP so we know to expect you, and see you there!",https://events.labour.org.uk/event/522844
526106,Thu Campaigning Eastwood - 1030,Canvassing,2026-04-09 10:30:00,2026-04-09 12:00:00,"Bica Netherlee, Clarkston Road, Glasgow, UK",G443SQ,East Renfrewshire,S14000021,False,False,False,True,0,0,0,3,,False,,Join us for campaigning in Eastwood ahead of the Scottish Parliament election,https://events.labour.org.uk/event/526106
526254,Paisley leafleting Thursday,Leafletting,2026-04-09 10:30:00,2026-04-09 12:00:00,"13 New Street, Paisley, UK",PA11XU,Paisley and Renfrewshire South,S14000102,False,False,False,True,0,0,0,3,Neil Bibby's campaign shop,False,,"Meet the team at Neil Bibby's campaign office on New Street, Paisley to deliver leaflets and targeted letters to voters.",https://events.labour.org.uk/event/526254
526478,Canvassing in St Brides Major,Canvassing,2026-04-09 10:30:00,2026-04-09 12:30:00,"Meadow Court, Saint Brides Major, Bridgend, UK",CF320SW,Vale of Glamorgan,W07000110,False,False,False,True,0,0,0,3,the entrance to Meadow Court,False,,"The Senedd election is just around the corner and this is our moment. Come and support our short campaign and help us reach voters while it matters most. New or experienced, everyone's welcome. We'll support you every step of the way. Every conversation counts. Get involved, make an impact, and be part of something positive.",https://events.labour.org.uk/event/526478
524646,Canvassing in South Middleton (morning),Canvassing,2026-04-09 11:00:00,2026-04-09 12:30:00,"Kemp Street, Middleton, Manchester M24 4UA, UK",M244UA,Blackley and Middleton South,E14001103,False,False,False,True,0,0,0,2,"The Archer, Kemp Street, M24 4UA",False,,Join the local Labour Party on the doors as we campaign for our local councillors in Rochdale Borough ahead of polling day on the 7th May.,https://events.labour.org.uk/event/524646
525817,Canvassing in Aintree & Maghull South,Canvassing,2026-04-09 11:00:00,2026-04-09 13:00:00,"Glovers Farm Nurseries, Glovers Farm, Angers Ln, Melling L31 1AJ, UK",L311AJ,Sefton Central,E14001463,False,False,False,True,0,0,0,2,,False,,"Come and join Sefton Labour on the doors! We will be out across our communities speaking with residents about the issues that matter most to them. If this is your first time canvassing, no need to worry, we will pair you up with an experienced campaigner to show you the ropes.",https://events.labour.org.uk/event/525817
526090,Campaigning in Colonsay,Campaigning,2026-04-09 11:00:00,2026-04-09 18:00:00,"Scalasaig, Isle of Colonsay, UK",PA617YW,"Argyll, Bute and South Lochaber",S14000067,False,False,False,True,0,0,0,1,Burnside Square Car Park,False,,"The SNP are finished and need to be swept aside - and we can't let the people of Colonsay waste their votes on fringe parties. Let's get our positive message of change out to voters. Join the Scottish Labour Parliamentary Candidate for Argyll and Bute, Dr Callum George, for an afternoon of leafletting and canvassing around the Isle of Colonsay. We'll meet at the ferry slip initially at 4pm, but please come along for as long or as little time as you can spare - call the contact number or email campaign@callumdgeorge.com if you need more information. No prior experience needed, let's get out there and help bring a new direction for Scotland! 
This campaign event is TBC - it's dependent on ferry service availability. Confirmation will be sent out if it is going ahead.",https://events.labour.org.uk/event/526090
526841,Billinge and Seneley Green - Wednesday 11am,Campaigning,2026-04-09 11:00:00,2026-04-09 12:30:00,,WA93AL,No Constituency Found,,False,False,False,True,0,1,1,1,Car park,True,,Join us for a campaigning sessioni in Billinge and Seneley Green!,https://events.labour.org.uk/event/526841
526464,Campaigning in Renfrew with Mike McKirdy,Canvassing,2026-04-09 11:30:00,2026-04-09 13:30:00,"Wright Street, Paisley, Renfrew PA4 8BA, UK",PA48AY,Paisley and Renfrewshire North,S14000101,False,False,False,True,0,0,0,3,Corner of Wright Street and Douglas Road,False,,"Our local team and candidate Mike McKirdy will be talking to voters, door-to-door, on Thursday lunchtime Westway, Renfrew
Do not worry if you are new to canvassing.  Experienced activists will show you how we do it. 
Get involved in our campaign to elect an outstanding Labour representative to the Scottish Parliament. 

Meet at corner of Wright Street and Douglas Road, GA4 8BA.",https://events.labour.org.uk/event/526464
526694,New Cumnock Campaigning,Canvassing,2026-04-09 11:30:00,2026-04-09 13:00:00,"New Cumnock Outdoor Swimming Pool, Castle, New Cumnock, Cumnock, UK",KA184AH,"Ayr, Carrick and Cumnock",S14000107,False,False,False,True,0,0,0,1,Swimming Pool Car Park,False,,Door knocking and leafleting with Carol Mochan,https://events.labour.org.uk/event/526694
526941,Canvassing in Tattenhoe,Canvassing,2026-04-09 12:00:00,2026-04-09 13:30:00,"Allington Circle & Raglan Drive, Kingsmead, Milton Keynes, UK",MK44EE,Buckingham and Bletchley,E14001141,False,False,False,True,0,0,0,3,,False,,"Join the Tattenhoe team to speak to local residents on the doorstep about what matters to them, and how Labour is working nationally and locally to help people in Milton Keynes. Don't worry if you've never campaigned before, you'll be paired up with someone until you get the hang of it.",https://events.labour.org.uk/event/526941
527420,South Croydon Canvass,Canvassing,2026-04-09 12:00:00,2026-04-09 13:30:00,"Sabores da Terra, Brighton Road, South Croydon, UK",CR26ED,Croydon South,E14001187,False,False,False,True,0,0,0,3,"At Sabores da Terra [Brighton Road, South Croydon, UK]",False,,"Only a month left.

Please join the South Croydon Labour team this week as we continue working on getting the vote for our brilliant Mayoral candidate, Rowenna and our AMAZING three council candidates in the ward!",https://events.labour.org.uk/event/527420
519503,Canvassing in Palmers Green ward,Canvassing,2026-04-09 13:00:00,2026-04-09 14:00:00,"Palmers Green Library, Broomfield Lane, London N13 4EY, UK",N134ET,Southgate and Wood Green,E14001503,False,False,False,True,0,2,2,2,"Palmers Green Library, Broomfield Lane, N13 4EY",False,,"Join our Palmers Green team out on the doors speaking to residents about the issues that matter to them. If you've never canvassed before you'll be given a full briefing ahead of the session, and you can pair up with an experienced member of the team while you learn the ropes!",https://events.labour.org.uk/event/519503
528327,Doorknocking in Motherwell & Wishaw!,Canvassing,2026-04-09 13:00:00,2026-04-09 14:15:00,"Charles Street, Wishaw, UK",ML27UB,"Motherwell, Wishaw and Carluke",S14000099,False,False,False,True,0,0,0,3,Corner of Carfin Road & Charles Street,False,,"Canvassing with our fantastic candidate for Motherwell and Wishaw, Ayeshah Khan! Beginners welcome with support and briefings given at every session.",https://events.labour.org.uk/event/528327
526245,Campaigning with Dr Oliver Thomas,Canvassing,2026-04-09 13:30:00,2026-04-09 15:30:00,"Harrismith Pl, Edinburgh EH7 5PA, UK",EH75PA,Edinburgh East and Musselburgh,S14000078,False,False,False,True,0,0,0,3,Corner of Albion Road/Easter Road,False,,"Join our candidate for Holyrood, Dr Oliver Thomas, speaking to voters in the new seat of Edinburgh North Eastern and Leith. If you've never doorknocked before, experienced campaigners will be on hand to teach you. Looking forward to seeing you there!",https://events.labour.org.uk/event/526245
522845,Canvassing in Wrexham,Canvassing,2026-04-09 14:00:00,2026-04-09 16:00:00,"Penybryn & Pentre Street, Llay, Wrexham, UK",LL120NF,Wrexham,W07000111,False,False,False,True,0,0,0,3,"Penybryn & Pentre Street, Llay, Wrexham, UK",False,,"Join us canvassing in Fflint-Wrecsam! If you've never canvassed before, or haven't for a while, don't worry - you'll be paired with an experienced canvasser who will guide you and show you the ropes. Simply RSVP so we know to expect you, and see you there!",https://events.labour.org.uk/event/522845
523137,Canvassing in Bangor,Canvassing,2026-04-09 14:00:00,2026-04-09 16:00:00,"Ffriddoedd Rd, Bangor LL57 2TT, UK",LL572TT,Bangor Aberconwy,W07000083,False,False,False,True,0,0,0,3,The corner of Lon Powys and Ffriddoedd Road,False,,Hello members and supporters! The Senedd campaign is underway. We are weeks out from polling day and we need your help to get as many of our candidates elected. See you on the doors!,https://events.labour.org.uk/event/523137
524645,Canvassing in South Middleton (afternoon),Canvassing,2026-04-09 14:00:00,2026-04-09 15:30:00,"Kemp Street, Middleton, Manchester M24 4UA, UK",M244UA,Blackley and Middleton South,E14001103,False,False,False,True,0,0,0,2,"The Archer, Kemp Street, M24 4UA",False,,Join the local Labour Party on the doors as we campaign for our local councillors in Rochdale Borough ahead of polling day on the 7th May.,https://events.labour.org.uk/event/524645
525925,Swan Squad - Langland,Canvassing,2026-04-09 14:00:00,2026-04-09 15:30:00,"Cambridge Rd, Newton, Swansea SA3 4PE, UK",SA34PE,Gower,W07000097,False,False,False,True,0,0,0,2,,False,,Join us for a Swan Squad canvass in Langland ahead of the Senedd elections. All welcome regardless of experience!,https://events.labour.org.uk/event/525925
526528,Campaigning with Katherine Sangster,Campaigning,2026-04-09 14:00:00,2026-04-09 16:00:00,"Duddingston Park, Edinburgh, UK",EH151JY,Edinburgh East and Musselburgh,S14000078,False,False,False,True,0,0,0,3,"St John’s RC Primary School, 10 Duddingston Rd, Edinburgh EH15 1NF",False,,"Join our candidate for Holyrood, Katherine Sangster, speaking to voters in Edinburgh East, Musselburgh, and Tranent. If you've never door-knocked before, experienced campaigners will be on hand to teach you! Looking forward to seeing you there!",https://events.labour.org.uk/event/526528
527508,Re-elect Nabeela in Park and Arbourthorne,Canvassing,2026-04-09 14:00:00,2026-04-09 16:00:00,"Co-op Food - Sheffield - Northern Avenue, Northern Avenue, Sheffield, UK",S22EJ,Sheffield Heeley,E14001469,False,False,False,True,0,1,1,2,"Outside Co-op Food, Northern Avenue",False,,"Come canvassing with local councillors Nabeela, Mia, and Ben, and show your support for our fantastic MP Louise Haigh.

We'll be speaking with voters, listening to their concerns, and taking action to make a real difference in our community.

New to canvassing? No problem at all - full training will be provided, and we'll pair you with an experienced canvasser to guide you through.",https://events.labour.org.uk/event/527508
525778,Old Hastings Canvassing,Canvassing,2026-04-09 15:00:00,2026-04-09 17:00:00,"The Bourne Car Park, The Bourne, Hastings, UK",TN343BD,Hastings and Rye,E14001274,False,False,False,True,0,0,0,3,Meeting in The Bourne Car Park (back of the FILO),False,,Come canvassing with local candidate James Bacon and the Labour team. All welcome! Car pick-ups and drop-offs available,https://events.labour.org.uk/event/525778
520204,🌹Canvassing in Old Warley🌹,Canvassing,2026-04-09 16:00:00,2026-04-09 17:30:00,"Quinton Court, Hagley Road West, Oldbury, UK",B680BL,Smethwick,E14001478,False,False,False,True,0,0,0,2,,False,,Join us in Old Warley to help our amazing candidates to help spread Labour's message of renewal to residents! Never canvassed before? Don't worry! Training will be delivered on the day! 🌹,https://events.labour.org.uk/event/520204
526463,Local Elections 2026: Town Close,Canvassing,2026-04-09 16:00:00,2026-04-09 18:00:00,"Brunswick Road & Newmarket Street, Norwich, UK",NR22TF,Norwich South,E14001409,False,False,False,True,0,0,0,2,"Town Close: Corner of Newmarket Street and Brunswick Road, NR2 2TF",False,,"Join us on the Labour Doortstep for the 2026 Local Elections. Labour is lowering the cost of living, getting the NHS back on its feet and putting pride back into our neighbourhoods. That's why we are proud to be Labour. Join us now.",https://events.labour.org.uk/event/526463
527829,Canvassing in Cann Hall ward,Canvassing,2026-04-09 16:00:00,2026-04-09 17:30:00,"Cann Hall Rd & Selby Rd, London, UK",E113NJ,Leyton and Wanstead,E14001334,False,False,False,True,0,0,0,2,Cann Hall Rd and Selby Rd,False,,"Join our Cann Hall team out on the doors speaking to residents about the issues that matter to them. If you've never canvassed before you'll be given a full briefing ahead of the session, and you can pair up with an experienced member of the team while you learn the ropes!",https://events.labour.org.uk/event/527829
522297,Labour Listening in Tow Law,Canvassing,2026-04-09 17:00:00,2026-04-09 19:00:00,"16 Castle Bank, Tow Law, Bishop Auckland, UK",DL134AE,Bishop Auckland,E14001101,False,False,False,True,100,1,1,3,Opposite Vickers & Barrass,False,,"Join us in Tow Law, as part of our Labour Listening campaign across the Bishop Auckland constituency.  We will be talking to residents about the £20 million Pride In Place programme that our Labour Government has committed to Crook and Tow Law.  
Don't worry if you haven't been out before or a while, we can pair you with an experienced campaigner. And there will be a briefing about local issues to help you on the doorstep!",https://events.labour.org.uk/event/522297
522394,Canvassing in Romsey - 9 April,Canvassing,2026-04-09 17:00:00,2026-04-09 19:00:00,"Cromwell Rd & Catharine Street, Cambridge, UK",CB13BB,Cambridge,E14001149,False,False,False,True,0,0,0,2,Cromwell Rd shops,False,,Join us canvassing in Romsey!,https://events.labour.org.uk/event/522394
524716,Campaigning in Old Trafford,Canvassing,2026-04-09 17:00:00,2026-04-09 18:30:00,"Seymour Grove, Stretford, Manchester M16 0DS, UK",M160DS,Stretford and Urmston,E14001528,False,False,False,True,0,1,1,2,corner of Seymour Grove and Chatham Road,False,,"Come join the Old Trafford team campaigning in our ward. We're a friendly bunch, and if you're new to canvassing, we're happy to support you. We can pair you up with an experienced canvasser. We're keen to find out how voters are feeling about local and national issues. Contact Ben Slater",https://events.labour.org.uk/event/524716
526074,Canvassing in Priory Vale,Canvassing,2026-04-09 17:00:00,2026-04-09 18:30:00,"Thursday St, Swindon SN25 1RG, UK",SN251RG,Swindon North,E14001536,False,False,False,True,0,0,0,3,corner of Thursday st and Kopernik rd SN25 1RG,False,,Come and join the team out on the doorstep in Priory Vale.,https://events.labour.org.uk/event/526074
526346,Welwyn Hatfield Canvassing,Canvassing,2026-04-09 17:00:00,2026-04-09 19:00:00,"Sovereigns Place and Mount Pleasant Lane,  AL9 5EL, UK",AL95EL,Welwyn Hatfield,E14001573,False,False,False,True,100,1,1,3,"Sovereigns Place and Mount Pleasant Lane,",False,,Join Welwyn Hatfield Labour in the 2026 local election campaign. A full briefing will be provided at the start of every session and if you're new you can be paired up with an experienced door knocker until you're comfortable. Every volunteer makes a huge difference and we hope to see you on the doorstep soon.,https://events.labour.org.uk/event/526346
527104,Canvassing in Abergavenny,Canvassing,2026-04-09 17:00:00,2026-04-09 18:30:00,"Abergavenny, UK",NP75UB,Monmouthshire,W07000101,False,False,False,True,0,1,1,3,St Andrew's Crescent/St Teilo's Rd,False,,Join us as we speak to voters about local issues and the upcoming Senedd elections,https://events.labour.org.uk/event/527104
527274,🌹 Canvassing in Priory 🌹,Canvassing,2026-04-09 17:00:00,2026-04-09 19:00:00,"Brooke Avenue & Shakespeare Road, Exeter, UK",EX26BZ,Exeter,E14001231,False,False,False,True,10,1,1,2,"Junction of Brooke Avenue & Shakespeare Road, EX2 6BZ",False,,Join us as we knock on doors in Priory and talk to residents about the local and national issues that matter to them. No experience required - if it's your first time we can pair you with a more experienced volunteer.,https://events.labour.org.uk/event/527274
527465,Stevenage Canvassing,Canvassing,2026-04-09 17:00:00,2026-04-09 19:00:00,"2 Barnwell, Shephall, Stevenage, UK",SG29SR,Stevenage,E14001516,False,False,False,True,0,0,0,3,,False,,Join us on Thursday in Shephall where we will be campaigning to get a strong Labour councillor elected. The session will start at 11am and we will meet at 2 Barnwell- SG2 9SR,https://events.labour.org.uk/event/527465
519958,🌹Canvassing in Tipton Green🌹,Canvassing,2026-04-09 17:30:00,2026-04-09 19:00:00,"Thunderbolt Way, Tipton, UK",DY49SR,Tipton and Wednesbury,E14001547,False,False,False,True,0,0,0,3,,False,,Join us in Tipton Green to help our amazing candidates to help spread Labour's message of renewal to residents! Never canvassed before? Don't worry! Training will be delivered on the day! 🌹,https://events.labour.org.uk/event/519958
522846,Canvassing in Wrexham,Canvassing,2026-04-09 17:30:00,2026-04-09 19:30:00,"Carlton Meadows & Straight Mile, Llay, Wrexham, UK",LL120AB,Wrexham,W07000111,False,False,False,True,0,0,0,3,"Carlton Meadows & Straight Mile, Llay, Wrexham, UK",False,,"Join us canvassing in Fflint-Wrecsam! If you've never canvassed before, or haven't for a while, don't worry - you'll be paired with an experienced canvasser who will guide you and show you the ropes. Simply RSVP so we know to expect you, and see you there!",https://events.labour.org.uk/event/522846
526108,Thu Campaigning Eastwood - 1730,Canvassing,2026-04-09 17:30:00,2026-04-09 19:00:00,"The Greenlaw Works, South Greenlaw Way, Newton Mearns, Glasgow, UK",G776EF,East Renfrewshire,S14000021,False,False,False,True,0,0,0,3,,False,,Join us for campaigning in Eastwod ahead of the Scottish Parliament election!,https://events.labour.org.uk/event/526108
527223,Campaigning in Gorton and Abbey Hey - Thursday 9th April 5.30pm,Canvassing,2026-04-09 17:30:00,2026-04-09 19:00:00,"Gorton Hub Jobcentre, Garratt Way, Manchester, UK",M188HE,Gorton and Denton,E14001251,False,False,False,True,0,0,0,2,,False,,"The Gorton and Abbey Hey Councillors will be joined by activists to chat to residents, and show that Labour is here to help. If you're an experienced campaigner, or new to door knocking and looking to get involved, please come along to help us listen to people's concerns. If you're new to campaigning, we're happy to support you and can pair you up with an experienced colleague. We hope to see you there! 🌹",https://events.labour.org.uk/event/527223
527236,🌹 Canvassing in Pennsylvania 🌹,Canvassing,2026-04-09 17:30:00,2026-04-09 19:30:00,"Greyfriars Road & Monk's Road, Exeter, UK",EX47BQ,Exeter,E14001231,False,False,False,True,10,0,0,2,"Junction of Greyfriars Road & Monk's Road, EX4 7BQ",False,,Join us as we knock on doors in Pennsylvania and talk to residents about the local and national issues that matter to them. No experience required - if it's your first time we can pair you with a more experienced volunteer.,https://events.labour.org.uk/event/527236
527554,Blackbrook Thursday 5.30pm,Campaigning,2026-04-09 17:30:00,2026-04-09 19:00:00,"Rangoli Sankey Arms, Blackbrook Road, Saint Helens, UK",WA110AB,St Helens North,E14001509,False,False,False,True,0,2,2,2,Rangoli car park 275 Blackbrook Road,False,,A campaigning session in Blackbrook!,https://events.labour.org.uk/event/527554
528050,"Canvassing in Whitton ward, Richmond upon Thames",Canvassing,2026-04-09 17:30:00,2026-04-09 19:30:00,"Cypress Avenue, Twickenham TW2 7JY, UK",TW27JY,Brentford and Isleworth,E14001124,False,False,False,True,0,0,0,2,,False,,"Come and join us canvassing in Whitton ward, Richmond upon Thames, for London local elections to be held on Thursday 7th May. 
We are fielding candidates in every seat and have three excellent members standing in Whitton: Pam Marum, Junaid Ahmed and David Eckert.
Meet at the junction of Redway Drive and Cypress Avenue TW2 7JY.
Details from Steve Guichard 07525 216064",https://events.labour.org.uk/event/528050
528126,Campaigning in St Ann's,Canvassing,2026-04-09 17:30:00,2026-04-09 18:30:00,"Chestnuts Community Centre, Saint Ann's Road, London N15 5BN, UK",N155BN,Tottenham,E14001553,False,False,False,True,0,0,0,2,"Chestnuts Community Centre, N15 5BN",False,,"Join our St Ann's team out on the doors speaking to residents about the issues that matter to them. If you've never canvassed before you'll be given a full briefing ahead of the session, and you can pair up with an experienced member of the team while you learn the ropes",https://events.labour.org.uk/event/528126
528333,Senedd 2026 - Canvassing in Sychdyn,Canvassing,2026-04-09 17:30:00,2026-04-09 19:00:00,"Vownog Newydd, Sychdyn, Mold CH7 6ER, UK",CH76ER,Clwyd East,W07000094,False,False,False,True,0,1,1,3,The corner of Vownog Newydd and New Brighton Road,False,,Hello members and supporters! The Senedd campaign is underway. We are weeks out from polling day and we need your help to get as many of our candidates elected. See you on the doors!,https://events.labour.org.uk/event/528333
528342,Re-elect Nabeela in Park and Arbourthorne,Canvassing,2026-04-09 17:30:00,2026-04-09 19:00:00,"Norfolk Park Medical Practice, Park Grange Road, Sheffield, UK",S23TA,Sheffield Heeley,E14001469,False,False,False,True,0,0,0,2,Meet outside Norfolk Park Medical Centre,False,,"Come canvassing with local councillors Nabeela, Mia, and Ben, and show your support for our fantastic MP Louise Haigh.

We'll be speaking with voters, listening to their concerns, and taking action to make a real difference in our community.

New to canvassing? No problem at all - full training will be provided, and we'll pair you with an experienced canvasser to guide you through.",https://events.labour.org.uk/event/528342
527342,Canvassing in Boultham,Canvassing,2026-04-09 17:45:00,2026-04-09 19:00:00,"High St, Lincoln LN5 8AA, UK",LN58AA,Lincoln,E14001336,False,False,False,True,0,3,3,3,Junction of Peel Street and the High Street,False,,Join the team canvassing in Boultham Ward,https://events.labour.org.uk/event/527342
519506,Canvassing in New Southgate ward,Canvassing,2026-04-09 18:00:00,2026-04-09 19:00:00,"Arnos Grove tube station, London, UK",N111BP,Southgate and Wood Green,E14001503,False,False,False,True,0,1,1,2,Arnos Grove Tube Station,False,,"Join our New Southgate team out on the doors speaking to residents about the issues that matter to them. If you've never canvassed before you'll be given a full briefing ahead of the session, and you can pair up with an experienced member of the team while you learn the ropes!",https://events.labour.org.uk/event/519506
519791,Salford CLP Campaigning - Ordsall,Campaigning,2026-04-09 18:00:00,2026-04-09 19:30:00,"Ryall Avenue South, Salford M5 3HX, UK",M53QH,Salford,E14001459,False,False,False,True,0,0,0,2,junction of Phoebe Street and Robert Hall Street,False,,Campaigning for our fantastic candidates,https://events.labour.org.uk/event/519791
519792,Worsley & Eccles CLP Campaigning - Eccles,Campaigning,2026-04-09 18:00:00,2026-04-09 19:30:00,"Ellesmere Park, Eccles, UK",M309DL,Worsley and Eccles,E14001598,False,False,False,True,0,2,2,2,Somerset Rd Car Park,False,,Campaigning for our fantastic candidate Nathaniel Tetteh,https://events.labour.org.uk/event/519792
524589,Tonge with the Haulgh door knocking,Campaigning,2026-04-09 18:00:00,2026-04-09 19:00:00,"Tonge Moor Health Centre, Thicketford Road, Bolton, UK",BL22LW,Bolton North East,E14001110,False,False,False,True,0,0,0,3,"Tonge Moor Health Centre car park, Ainsworth Lane, BL2 2LW",False,,"Come and join us for a canvassing session with Councillor Nick Peel in Tonge with the Haulgh. We will be out on the doorstep to speak with local residents, listen to their priorities, and build support for Labour ahead of the May elections. All welcome and a full briefing will be provided on the day for anyone new to campaigning.",https://events.labour.org.uk/event/524589
525926,Swan Squad - Landore,Canvassing,2026-04-09 18:00:00,2026-04-09 19:30:00,"Plasmarl Primary School, Davis Street, Plasmarl, Swansea, UK",SA68LH,Swansea West,W07000108,False,False,False,True,0,2,2,2,Meet outside Plasmarl Primary,False,,Join us for a Swan Squad canvass in Landore ahead of the Senedd elections. All welcome regardless of experience!,https://events.labour.org.uk/event/525926
526507,Doorknocking in Manor Castle,Canvassing,2026-04-09 18:00:00,2026-04-09 20:00:00,"Kestrel Grn, Sheffield S2 5GA, UK",S25GA,Sheffield Heeley,E14001469,False,False,False,True,0,0,0,2,Junction of Skye Edge Avenue and Curlew Way,False,,Help us elect Michael as our next councillor in Manor Castle,https://events.labour.org.uk/event/526507
526548,Canvassing in Dulwich Wood ward 🌹 Labour Group session,Canvassing,2026-04-09 18:00:00,2026-04-09 20:00:00,"Melford Road & Lordship Lane, London SE22 8JY, UK",SE228JY,Dulwich and West Norwood,E14001205,False,False,False,True,0,0,0,2,"Junction of Melford Road and Lordship Lane, SE22",False,,"⭐ Join Southwark Labour out on the doors in Dulwich Wood ward speaking to residents about the issues that matter to them. If you've never canvassed before you'll be given a full briefing ahead of the session, and you can pair up with an experienced member of the team while you learn the ropes!",https://events.labour.org.uk/event/526548
527422,South Croydon Canvass,Canvassing,2026-04-09 18:00:00,2026-04-09 19:30:00,"Nicola Cl, South Croydon CR2 6NA, UK",CR26NA,Croydon South,E14001187,False,False,False,True,0,1,1,3,Between Haling Park Road and Nicola Close,False,,"Only a month left.

Please join the South Croydon Labour team this week as we continue working on getting the vote for our brilliant Mayoral candidate, Rowenna and our AMAZING three council candidates in the ward!",https://events.labour.org.uk/event/527422
527703,Canvassing in Tufnell Park ward,Canvassing,2026-04-09 18:00:00,2026-04-09 20:00:00,"Tufnell Park Tavern, Tufnell Park Road, London, UK",N70EE,Islington North,E14001305,False,False,False,True,0,0,0,2,Tufnell Park Tavern,False,,"Join our Tufnell Park team out on the doors speaking to residents about the issues that matter to them. If you've never canvassed before you'll be given a full briefing ahead of the session, and you can pair up with an experienced member of the team while you learn the ropes!",https://events.labour.org.uk/event/527703
527783,Come and Canvass in Canning Town North,Canvassing,2026-04-09 18:00:00,2026-04-09 20:00:00,"ibis London Canning Town, Silvertown Way, London, UK",E161YE,West Ham and Beckton,E14001576,False,False,False,True,0,0,0,2,,False,,Come and canvass with our candiates,https://events.labour.org.uk/event/527783
527883,Glasgow Kelvin & Maryhill Thursday evening campaigning,Canvassing,2026-04-09 18:00:00,2026-04-09 20:00:00,"Cowal Road & Millhouse Drive, Glasgow G20 0TX, UK",G200TX,Glasgow North,S14000085,False,False,False,True,0,1,1,3,corner of Cowal Road and MIllhouse Drive  G20 0TX,False,,"We will be out campaigning across Glasgow Kelvin & Maryhill Speaking to voters on the doorstep about the issues that matter to them and their community. This is our chance to end almost two decades of SNP decline and help secure a New Direction with a Scottish Labour government.


Don't worry if you've never been door knocking before; training will be provided.",https://events.labour.org.uk/event/527883
528067,Labour Listens in North Shields,Canvassing,2026-04-09 18:00:00,2026-04-09 19:30:00,"North Shields NE29 6GL, UK",NE296GL,Tynemouth,E14001557,False,False,False,True,0,0,0,2,"the bottom of Coach Lane (overlooking the Plateau), Trinity Terrace, NE29 6GL",False,,"On Thursday 9th April at 6pm meet for canvassing in North Shields, please meet at the bottom of Coach Lane (overlooking the Plateau), Trinity Terrace, NE29 6GL
Even if you can only join us for a short time, your support really does make a difference! Doorstep conversations remain one of the most important ways we connect with residents and show that Labour is listening. If you have not been out campaigning before please do not worry, you will be fully supported, paired up, and given everything you need on the day.",https://events.labour.org.uk/event/528067
528079,Campaigning in Bounds Green,Canvassing,2026-04-09 18:00:00,2026-04-09 19:00:00,"Bounds Green Station, London N11 2DE, UK",N112DE,Southgate and Wood Green,E14001503,False,False,False,True,0,0,0,2,"Bounds Green Station, N11 2DE",False,,"Join our Bounds Green team out on the doors speaking to residents about the issues that matter to them. If you've never canvassed before you'll be given a full briefing ahead of the session, and you can pair up with an experienced member of the team while you learn the ropes",https://events.labour.org.uk/event/528079
528483,Doorknocking in Easterhouse with Paul Sweeney!,Campaigning,2026-04-09 18:00:00,2026-04-09 19:30:00,"Dubton Street, Glasgow, UK",G340NG,Glasgow North East,S14000086,False,False,False,True,0,0,0,3,Lochend Rd/Dubton St,False,,Canvassing with our fantastic candidate for Glasgow Easterhouse and Springburn Paul Sweeney! Beginners welcome with briefings and advice available at every session.,https://events.labour.org.uk/event/528483
526302,Canvassing in St Giles ward 🌹 Labour Group session,Canvassing,2026-04-09 18:30:00,2026-04-09 20:30:00,"132 Benhill Road, London SE5 7LZ, UK",SE57LZ,Peckham,E14001421,False,False,False,True,0,1,1,2,"132 Benhill Road, SE5 7LZ",False,,"⭐ Join Southwark Labour Labour out on the doors in St Giles ward speaking to residents about the issues that matter to them. If you've never canvassed before you'll be given a full briefing ahead of the session, and you can pair up with an experienced member of the team while you learn the ropes!",https://events.labour.org.uk/event/526302
526560,Canvassing in Walham Green (evening),Canvassing,2026-04-09 18:30:00,2026-04-09 20:00:00,"Becky Blooms Flowers, Jerdan Place, London, UK",SW65NH,Chelsea and Fulham,E14001160,False,False,False,True,0,2,2,3,"Becky Blooms Flowers, Jerdan Place, SW6 5NH",False,,"Join us for our canvassing session in Walham Green alongside our local councillors and other volunteers. If you've never been campaigning before, now is the perfect time to start and we can promise you a very warm welcome. We will offer training and will make sure you are paired with an experienced canvasser until you feel comfortable doing it on our own. Contact - Sam (07594568752)",https://events.labour.org.uk/event/526560
527662,Canvassing in Barnsbury ward,Canvassing,2026-04-09 18:30:00,2026-04-09 20:00:00,"65 Barnsbury Street, London, UK",N11EJ,Islington South and Finsbury,E14001306,False,False,False,True,0,0,0,2,65 Barnsbury Street,False,,"Join our Barnsbury team out on the doors speaking to residents about the issues that matter to them. If you've never canvassed before you'll be given a full briefing ahead of the session, and you can pair up with an experienced member of the team while you learn the ropes!",https://events.labour.org.uk/event/527662
527807,Canvassing in Catford South,Canvassing,2026-04-09 18:30:00,2026-04-09 20:00:00,"Sandhurst Parade, Sandhurst Road, London, UK",SE61DH,Lewisham East,E14001331,False,False,False,True,0,0,0,2,Sandhurst Parade,False,,"Join our Catford South team out on the doors speaking to residents about the issues that matter to them. If you've never canvassed before you'll be given a full briefing ahead of the session, and you can pair up with an experienced member of the team while you learn the ropes!",https://events.labour.org.uk/event/527807
526225,Canvassing in Peckham Rye ward 🌹 Labour Group session,Canvassing,2026-04-10 09:30:00,2026-04-10 11:30:00,"Nunhead Cemetery, Gordon Road, London, UK",SE153RW,Peckham,E14001421,False,False,False,True,0,0,0,2,Nunhead Cemetery,False,,"⭐ Join Southwark Labour Labour out on the doors in Peckham Rye ward speaking to residents about the issues that matter to them. If you've never canvassed before you'll be given a full briefing ahead of the session, and you can pair up with an experienced member of the team while you learn the ropes!",https://events.labour.org.uk/event/526225
527213,Leafleting in Stoke,Leafletting,2026-04-10 09:30:00,2026-04-10 11:00:00,"Melville Rd, Ford, Plymouth, UK",PL21PL,Plymouth Sutton and Devonport,E14001427,False,False,False,True,0,0,0,2,Junction of Henderson Place and Melville Road,False,,"With just a month to go until polling day, now is the time to get involved and help us defeat Reform in Plymouth. Join us to leaflet drop in Stoke!",https://events.labour.org.uk/event/527213
526213,Canvassing in Nunhead and Queens Road ward 🌹 Labour Group session,Canvassing,2026-04-10 10:00:00,2026-04-10 12:00:00,"Queens Road Peckham station, London, UK",SE152ND,Peckham,E14001421,False,False,False,True,0,0,0,2,Queens Road Station,False,,"⭐ Join Southwark Labour out on the doors in Nunhead and Queens Road ward speaking to residents about the issues that matter to them. If you've never canvassed before you'll be given a full briefing ahead of the session, and you can pair up with an experienced member of the team while you learn the ropes!",https://events.labour.org.uk/event/526213
526289,Canvassing in South Bermondsey ward 🌹 Labour Group session,Canvassing,2026-04-10 10:00:00,2026-04-10 12:00:00,"The Blue Market Bermondsey, Market Place, London, UK",SE163TS,Bermondsey and Old Southwark,E14001085,False,False,False,True,0,0,0,2,"The Blue Marketplace, Southwark Park Road SE16 3TS",False,,"⭐ Join Southwark Labour out on the doors in South Bermondsey ward speaking to residents about the issues that matter to them. If you've never canvassed before you'll be given a full briefing ahead of the session, and you can pair up with an experienced member of the team while you learn the ropes!",https://events.labour.org.uk/event/526289
526950,Come and Canvass in Custom House,Canvassing,2026-04-10 10:00:00,2026-04-10 12:00:00,,0,No Constituency Found,,False,False,False,True,0,0,0,1,,True,,Come and Canvass with our candidates,https://events.labour.org.uk/event/526950
527518,Darton East Branch  Campaign,Leafletting,2026-04-10 10:00:00,2026-04-10 12:00:00,"Staincross Club, New Road, Mapplewell, Barnsley, UK",S756EW,Barnsley North,E14001074,False,False,False,True,0,0,0,2,Staincross Club,False,,"Join us for a leaflet session to support our excellent Darton East Branch Labour candidates 
Don't worry if you've not campaigned before, we'll pair you with an experienced campaigner until you find your feet!
Contact Teresa (Candidate Branch Secretary)
New Road (lower)  road group to be covered on this session.",https://events.labour.org.uk/event/527518
526166,Canvassing in Cathays | Caerdydd Penarth,Canvassing,2026-04-10 10:30:00,2026-04-10 12:00:00,"Woodville Road, Cardiff CF24 4DW",CF244DW,Cardiff South and Penarth,W07000091,False,False,False,True,0,0,0,2,"Woodville Pub, Woodville Road",False,,Join us as we speak to residents in Caerdydd Penarth ahead of the Senedd election.,https://events.labour.org.uk/event/526166
527431,Freemantle canvass,Canvassing,2026-04-10 10:30:00,2026-04-10 11:45:00,"Heysham Rd, Shirley, Southampton SO15 3JL, UK",SO153JL,Southampton Test,E14001500,False,False,False,True,0,0,0,2,Corner of Heysham Road & Villiers Road,False,,Join our friendly ward team for this local election canvass and help us win the seat for Labour.,https://events.labour.org.uk/event/527431
528111,NCW  Muswell Hill,Canvassing,2026-04-10 10:30:00,2026-04-10 11:30:00,"The Mossy Well, Muswell Hill Broadway, London N10 3SH, UK",N103SH,Hornsey and Friern Barnet,E14001293,False,False,False,True,0,0,0,2,"The Mossy Well, N10 3SH",False,,"Join our NCW  Muswell Hill team out on the doors speaking to residents about the issues that matter to them. If you've never canvassed before you'll be given a full briefing ahead of the session, and you can pair up with an experienced member of the team while you learn the ropes",https://events.labour.org.uk/event/528111
519967,🌹Canvassing in Blackheath🌹,National Campaign Weekend,2026-04-10 11:00:00,2026-04-10 12:30:00,"Park Avenue, Rowley Regis, UK",B659ES,West Bromwich,E14001574,False,False,False,True,0,0,0,3,,False,,Join us in Blackheath to help our amazing candidates to help spread Labour's message of renewal to residents! Never canvassed before? Don't worry! Training will be delivered on the day! 🌹,https://events.labour.org.uk/event/519967
526250,Campaigning with Dr Oliver Thomas,Canvassing,2026-04-10 11:00:00,2026-04-10 13:00:00,"Leith, Edinburgh EH6 7JR, UK",EH67JR,Edinburgh North and Leith,S14000079,False,False,False,True,0,0,0,3,Corner of Salamander Place/Salamander Street,False,,"Join our candidate for Holyrood, Dr Oliver Thomas, speaking to voters in the new seat of Edinburgh North Eastern and Leith. If you've never doorknocked before, experienced campaigners will be on hand to teach you. Looking forward to seeing you there!",https://events.labour.org.uk/event/526250
526347,Welwyn Hatfield Canvassing,Canvassing,2026-04-10 11:00:00,2026-04-10 13:00:00,"Leigh Common & Homestead Lane, Welwyn Garden City, UK",AL74NF,Welwyn Hatfield,E14001573,False,False,False,True,100,3,3,3,,False,,Join Welwyn Hatfield Labour in the 2026 local election campaign. A full briefing will be provided at the start of every session and if you're new you can be paired up with an experienced door knocker until you're comfortable. Every volunteer makes a huge difference and we hope to see you on the doorstep soon.,https://events.labour.org.uk/event/526347
527560,Newton-le-Willows Friday 10th April,Campaigning,2026-04-10 11:00:00,2026-04-10 12:00:00,"Sanderling Road, Newton-le-Willows, UK",WA129JD,St Helens North,E14001509,False,False,False,True,0,2,2,2,"Layby, Sanderling Road",False,,A campaigning session in Newton le Willows,https://events.labour.org.uk/event/527560
528189,🌹National Campaign Weekend in Harborne! 🌹,National Campaign Weekend,2026-04-10 11:00:00,2026-04-10 13:30:00,"Wentworth Way, Birmingham, UK",B322UX,Birmingham Edgbaston,E14001092,False,False,False,True,100,0,0,2,the junction of Wentworth Way and Minton Road,False,,Join us in Harborne ward to help our amazing candidates spread Labour's message of renewal to residents! Never canvassed before? Don't worry! Training will be delivered on the day! 🌹💼,https://events.labour.org.uk/event/528189
528244,NCW  Campaigning in Hornsey,Canvassing,2026-04-10 11:00:00,2026-04-10 12:00:00,"Priory Park, Middle Lane, London, UK",N88LN,Hornsey and Friern Barnet,E14001293,False,False,False,True,0,0,0,2,"Priory Park Entrance, Priory Ave, N8 8LN",False,,"Join our Hornsey team out on the doors speaking to residents about the issues that matter to them. If you've never canvassed before you'll be given a full briefing ahead of the session, and you can pair up with an experienced member of the team while you learn the ropes",https://events.labour.org.uk/event/528244
526003,🌹Lancaster Gate Canvassing🌹,Canvassing,2026-04-10 12:00:00,2026-04-10 14:00:00,"Leinster Arms, Leinster Terrace, London, UK",W23EU,Kensington and Bayswater,E14001310,False,False,False,True,0,0,0,3,,False,,"Come and join our team as we speak to voters ahead of the May 2026 local elections. We will be out on the doorstep speaking to residents about the issues that matter most to them. If it is your first time canvassing, do not worry. We will pair you up with an experienced campaigner.",https://events.labour.org.uk/event/526003
527704,🚪🌹Door knocking in Park🚪🌹,National Campaign Weekend,2026-04-10 12:00:00,2026-04-10 13:30:00,"Farndale Ave, Wolverhampton WV6 0TA, UK",WV60TA,Wolverhampton West,E14001596,False,False,False,True,0,0,0,3,Farndale Ave/Horden Ave,False,,"Come and join the team as we go out and speak to residents about their concerns and any local issues. Don't worry if you've never campaigned before - full training and briefing will be given, and we can buddy you up with an experienced campaigner for your first doors.",https://events.labour.org.uk/event/527704
528001,Campaigning for Sarah and Fran at Lane Top,Canvassing,2026-04-10 12:00:00,2026-04-10 13:30:00,"Iceland Supermarket Sheffield, Elm Lane, Pismire Hill, Sheffield, UK",S50QF,Sheffield Brightside and Hillsborough,E14001466,False,False,False,True,0,0,0,2,"0utside Iceland at Lane Top, Elm Lane S5 0QF",False,,"Join our friendly team listening to voters at Lane Top, Firth Park ward. Meet outside Iceland at Lane Top, Elm Lane S5 0QF at 12 noon on Friday 10th April.",https://events.labour.org.uk/event/528001
523117,Local Elections Thurrock,Campaigning,2026-04-10 12:30:00,2026-04-10 14:00:00,"N View Ave, Tilbury RM18 7RT, UK",RM187RT,Thurrock,E14001546,False,False,False,True,0,1,1,3,Corner of Central Avenue & North view Avenue RM18 7RT,False,,"Let’s Make Every Conversation Count
We’re entering the final stretch, and the work we do from now until 7th May will shape the future of our community. Every weekend from here on, we’ll be out speaking with residents, knocking on doors, sharing information, and making sure every voice is heard.
This is a defining moment. Polls don’t decide outcomes — people do. And the effort we put in together will make all the difference.
Whether you’ve been involved before or you’re thinking about stepping in for the first time, there’s a place for you. You can help by:
🔴 Talking with residents
🔴 Delivering information and materials
🔴 Supporting the team behind the scenes
🔴 Helping share our message online
This is about teamwork, visibility, and showing the strength of our community. Momentum matters, and staying active on the ground is how we make sure people have the facts they need.
If you’re able to join any of the upcoming sessions, let us know below — every person who gets involved helps move us forward.",https://events.labour.org.uk/event/523117
527812,Canvassing in Rushey Green ward,Canvassing,2026-04-10 12:30:00,2026-04-10 14:00:00,"Servesmiths Coffee, Doggett Road, London, UK",SE64PZ,Lewisham East,E14001331,False,False,False,True,0,0,0,2,"Servesmiths, Doggett Road",False,,"Join our Rushey Green team out on the doors speaking to residents about the issues that matter to them. If you've never canvassed before you'll be given a full briefing ahead of the session, and you can pair up with an experienced member of the team while you learn the ropes!",https://events.labour.org.uk/event/527812
528029,Canvassing in Ashton upon Mersey,Canvassing,2026-04-10 12:30:00,2026-04-10 13:30:00,"Corner of Glebelands Rd/Grosvenor Road, Sale M33 6PB, UK",M336PB,Altrincham and Sale West,E14001065,False,False,False,True,0,0,0,3,Outside entrance to Ashton Park,False,,Join your local Labour team to speak to residents about why they should vote Labour on 7 May,https://events.labour.org.uk/event/528029
528479,🌹 Canvassing in Exwick 🌹,Canvassing,2026-04-10 12:30:00,2026-04-10 14:30:00,"Ashleigh Mount Road & Redhills, Exeter, UK",EX41SW,Exeter,E14001231,False,False,False,True,10,0,0,2,"Junction of Ashleigh Mount Road & Redhills, EX4 1SW",False,,Join us as we knock on doors in Exwick and talk to residents about the local and national issues that matter to them. No experience required - if it's your first time we can pair you with a more experienced volunteer.,https://events.labour.org.uk/event/528479
519507,Canvassing in Bullsmoor ward,Canvassing,2026-04-10 13:00:00,2026-04-10 14:00:00,"Lidl, Hertford Road, Enfield, UK",EN36LZ,Enfield North,E14001225,False,False,False,True,0,0,0,2,Hertford Road Lidl,False,,"Join our Bullsmoor team out on the doors speaking to residents about the issues that matter to them. If you've never canvassed before you'll be given a full briefing ahead of the session, and you can pair up with an experienced member of the team while you learn the ropes!",https://events.labour.org.uk/event/519507
523039,Falkirk East & Linlithgow Campaigning - 10/04/26,Canvassing,2026-04-10 13:00:00,2026-04-10 15:00:00,"Grange Terrace, Bo'ness, UK",EH519DS,Bathgate and Linlithgow,S14000068,False,False,False,True,0,0,0,3,,False,,"Falkirk East and Linlithgow needs your help! Come door knocking with your local Scottish Labour candidate. 

With just a matter of weeks to go until the Scottish Parliamentary Elections we need everyone we can! Use the link below to sign up, no experience needed!",https://events.labour.org.uk/event/523039
524590,Tonge with the Haulgh door knocking,Campaigning,2026-04-10 13:00:00,2026-04-10 14:00:00,"Colenso Rd, Tonge Fold, Bolton BL2 6DA, UK",BL26DA,Bolton North East,E14001110,False,False,False,True,0,0,0,3,"corner of Colenso Road and Tonge Old Road, BL2 6DA",False,,"Come and join us for a canvassing session with Councillor Nick Peel in Tonge with the Haulgh. We will be out on the doorstep to speak with local residents, listen to their priorities, and build support for Labour ahead of the May elections. All welcome and a full briefing will be provided on the day for anyone new to campaigning.",https://events.labour.org.uk/event/524590
528024,"Greenstead canvassing - Friday 10th April, 1pm",Canvassing,2026-04-10 13:00:00,2026-04-10 14:00:00,"Greenstead Community Centre, Hawthorn Avenue, Colchester, UK",CO43QE,Colchester,E14001176,False,False,False,True,20,0,0,3,Meet at Greenstead Community Centre car park,False,,Come and meet the residents of Greenstead with councillor Julie Young and team. Check the weather forecast and dress appropriately. Bring a smile and a willingness to help local people..,https://events.labour.org.uk/event/528024
526253,Campaigning with Dr Oliver Thomas,Canvassing,2026-04-10 13:30:00,2026-04-10 15:30:00,"Mountcastle Grove, Edinburgh, UK",EH87SL,Edinburgh East and Musselburgh,S14000078,False,False,False,True,0,0,0,3,Corner of Mountcastle Grove/Mountcastle Drive North,False,,"Join our candidate for Holyrood, Dr Oliver Thomas, speaking to voters in the new seat of Edinburgh North Eastern and Leith. If you've never doorknocked before, experienced campaigners will be on hand to teach you. Looking forward to seeing you there!",https://events.labour.org.uk/event/526253
528113,NCW  St Ann's,Canvassing,2026-04-10 13:30:00,2026-04-10 14:30:00,"Chestnuts Community Centre, Saint Ann's Road, London N15 5BN, UK",N155BN,Tottenham,E14001553,False,False,False,True,0,0,0,2,"Chestnuts Community Centre, N15 5BN",False,,"Join our NCW  St Ann's team out on the doors speaking to residents about the issues that matter to them. If you've never canvassed before you'll be given a full briefing ahead of the session, and you can pair up with an experienced member of the team while you learn the ropes",https://events.labour.org.uk/event/528113
519944,🌹Canvassing in Hill Top🌹,National Campaign Weekend,2026-04-10 14:00:00,2026-04-10 15:30:00,"Ardav Road, West Bromwich, UK",B700QX,Tipton and Wednesbury,E14001547,False,False,False,True,0,0,0,3,,False,,Join us in Hill Top to help our amazing candidates to help spread Labour's message of renewal to residents! Never canvassed before? Don't worry! Training will be delivered on the day! 🌹,https://events.labour.org.uk/event/519944
525766,Silverhill and St Helens Canvassing,Canvassing,2026-04-10 14:00:00,2026-04-10 16:00:00,"Ashford Road & Park View, Hastings, UK",TN342HA,Hastings and Rye,E14001274,False,False,False,True,0,0,0,3,Meet on the corner of Ashford Way and Park View,False,,Come canvassing with local candidate Margi and the Labour team. All welcome!,https://events.labour.org.uk/event/525766
527473,Stevenage Canvassing,Canvassing,2026-04-10 14:00:00,2026-04-10 16:00:00,"Bedwell Cres, Stevenage SG1 1NA, UK",SG11NA,Stevenage,E14001516,False,False,False,True,0,0,0,3,,False,,Join us on Friday in Bedwell where we will be campaigning to get a strong Labour councillor elected. The session will start at 2pm and we will meet at Bedwell Shops- SG1 1NA,https://events.labour.org.uk/event/527473
528123,NCW  Bounds Green,Canvassing,2026-04-10 14:00:00,2026-04-10 15:00:00,"Bounds Green Station, London N11 2DE, UK",N112DE,Southgate and Wood Green,E14001503,False,False,False,True,0,1,1,2,"Bounds Green Station, N11 2DE",False,,"Join our NCW  Bounds Green team out on the doors speaking to residents about the issues that matter to them. If you've never canvassed before you'll be given a full briefing ahead of the session, and you can pair up with an experienced member of the team while you learn the ropes",https://events.labour.org.uk/event/528123
527117,Canvassing in Abergavenny,Canvassing,2026-04-10 14:30:00,2026-04-10 16:00:00,"Abergavenny, UK",NP75UB,Monmouthshire,W07000101,False,False,False,True,0,1,1,3,Crnr of Greystones Crescent/Greystones ave,False,,Join us as we speak to voters about local issues and the upcoming Senedd elections,https://events.labour.org.uk/event/527117
527728,🚪🌹Door knocking in Bushbury South & Low Hill🚪🌹,National Campaign Weekend,2026-04-10 14:30:00,2026-04-10 16:00:00,"Luce Rd, Wolverhampton WV10 9NF, UK",WV109NF,Wolverhampton North East,E14001594,False,False,False,True,0,0,0,3,Luce Road/Guy Avenue,False,,"Come and join the team as we go out and speak to residents about their concerns and any local issues. Don't worry if you've never campaigned before - full training and briefing will be given, and we can buddy you up with an experienced campaigner for your first doors.",https://events.labour.org.uk/event/527728
528487,Doorknocking in Robroyston with Paul Sweeney!,Campaigning,2026-04-10 15:00:00,2026-04-10 16:30:00,"Dochart Ave, Glasgow, UK",G331PJ,Glasgow North East,S14000086,False,False,False,True,0,0,0,3,,False,,Canvassing with our fantastic candidate for Glasgow Easterhouse and Springburn Paul Sweeney! Beginners welcome with briefings and advice available at every session.,https://events.labour.org.uk/event/528487
523930,Doorknocking in Wincobank - Elect Josiah!,Canvassing,2026-04-10 15:15:00,2026-04-10 16:00:00,"Standon Road/Standon Drive, Sheffield, UK",S91PJ,Sheffield Brightside and Hillsborough,E14001466,False,False,False,True,0,0,0,2,Standon Rd / Standon Dr S9 1PJ,False,,"Come and support Josiah, Mark and Dawn in Shiregreen and Brightside. Support and training available for new members or those wanting a refresher.",https://events.labour.org.uk/event/523930
525475,Hollington Canvassing,Canvassing,2026-04-10 16:00:00,2026-04-10 17:30:00,"Coneyburrow Gardens, Hastings, Saint Leonards-on-sea TN38 9RZ, UK",TN389RZ,Hastings and Rye,E14001274,False,False,False,True,0,0,0,3,next to number 1 Coneyburrow Gardens (TN38 9RY),False,,Come canvassing with candidate Angela. All welcome,https://events.labour.org.uk/event/525475
527732,🚪🌹Door knocking in Bushbury South & Low Hill🚪🌹,National Campaign Weekend,2026-04-10 16:00:00,2026-04-10 18:00:00,"Nine Elms Ln, Park Village, Wolverhampton WV10 9AE, UK",WV109AE,Wolverhampton North East,E14001594,False,False,False,True,0,0,0,3,Nine Elms Lane/Cannock Road,False,,"Come and join the team as we go out and speak to residents about their concerns and any local issues. Don't worry if you've never campaigned before - full training and briefing will be given, and we can buddy you up with an experienced campaigner for your first doors.",https://events.labour.org.uk/event/527732
527784,Braybrooke and Castle Canvassing,Canvassing,2026-04-10 16:30:00,2026-04-10 18:00:00,"Redmayne Dr, Hastings TN34 1RD, UK",TN341RD,Hastings and Rye,E14001274,False,False,False,True,0,0,0,3,Meet at the junction of Holmesdale Gardens and Redmayne Drive (TN34 1RD),False,,Join the campaign with local candidates Josh and Judy. All welcome!,https://events.labour.org.uk/event/527784
525481,Ceredigion Penfro Senedd Election - Canvassing in St Davids,Canvassing,2026-04-10 17:00:00,2026-04-10 19:00:00,"Heol Dewi, St Davids, Haverfordwest SA62 6NY, UK",SA626NY,Mid and South Pembrokeshire,W07000100,False,False,False,True,0,1,1,3,Corner of Heol Dewi and Noddfa Dewi,False,,Please join us for a short canvassing session in St. Davids.  Remember to wear comfortable shoes and dress for the weather.,https://events.labour.org.uk/event/525481
527474,Stevenage Canvassing,Canvassing,2026-04-10 17:00:00,2026-04-10 19:00:00,"Bedwell Cres, Stevenage SG1 1NA, UK",SG11NA,Stevenage,E14001516,False,False,False,True,0,0,0,3,,False,,Join us on Friday in Bedwell where we will be campaigning to get a strong Labour councillor elected. The session will start at 5pm and we will meet at Bedwell Shops- SG1 1NA,https://events.labour.org.uk/event/527474
527635,Bordesley & Highgate Canvassing 🌹,National Campaign Weekend,2026-04-10 17:00:00,2026-04-10 19:00:00,"Highgate Street, Birmingham",B120XR,Birmingham Ladywood,E14001096,False,False,False,True,0,0,0,1,,False,,"Join us as we canvass in Bordesley & Highgate ward for our 2026 local election candidate, Tyrone Fowles All new and experienced canvassers are welcome - training will be provided. RSVP for address details.",https://events.labour.org.uk/event/527635
527739,Campaigning in Radford,National Campaign Weekend,2026-04-10 17:00:00,2026-04-10 18:30:00,"The Pilot Pub, Burnaby Road, Coventry, UK",CV64AU,Coventry North West,E14001181,False,False,False,True,0,0,0,2,Outside The Pilot,False,,Join #TeamRadford for door knocking ahead of the May elections,https://events.labour.org.uk/event/527739
527758,Doorknocking in Weetwood!,Canvassing,2026-04-10 17:00:00,2026-04-10 19:30:00,"Copper Beech Court, Leeds, UK",LS166FW,Leeds Central and Headingley,E14001319,False,False,False,True,0,0,0,2,,False,,"Join us out on the doorstep in Weetwood, campaigning to re-elect Izaak! 

If you've never campaign with us before, all training is provided and you'll be paired up with an experienced volunteer.",https://events.labour.org.uk/event/527758
528191,Canvassing in Brockley,Canvassing,2026-04-10 17:00:00,2026-04-10 19:00:00,"Brockley, Coulgate Street, London, UK",SE42RW,Lewisham North,E14001332,False,False,False,True,0,0,0,2,Brockley Station,False,,"Join our Brockley teams out on the doors speaking to residents about the issues that matter to them. If you've never canvassed before you'll be given a full briefing ahead of the session, and you can pair up with an experienced member of the team while you learn the ropes!",https://events.labour.org.uk/event/528191
528421,Doorknocking in Woodhouse for Danny,Canvassing,2026-04-10 17:00:00,2026-04-10 19:00:00,"Beighton Rd, Woodhouse, Sheffield S13 7PP, UK",S137PP,Sheffield South East,E14001470,False,False,False,True,0,0,0,2,Corner of John Calvert and Beighton Road,False,,Doorknocking for Danny,https://events.labour.org.uk/event/528421
524611,Canvassing - PENTWYN,Canvassing,2026-04-10 17:30:00,2026-04-10 19:30:00,"Maelfa, Llanedeyrn, Cardiff, UK",CF239PN,Cardiff East,W07000089,False,False,False,True,0,0,0,2,,False,,Join our Senedd candidates as we carry on campaigning ahead of the Senedd election day in May,https://events.labour.org.uk/event/524611
526259,Canvassing in Cwmtillery,Canvassing,2026-04-10 17:30:00,2026-04-10 19:00:00,"Abertillery NP13 1YL, UK",NP131YL,Blaenau Gwent and Rhymney,W07000084,False,False,False,True,0,1,1,2,Outside Abertillery Learning Community School,False,,"This is a door knocking session in the Blaenau Gwent Caerffili Rhymni Senedd constituency ahead of the election in May. Everyone is welcome, regardless of your experience. If you have any questions, please contact us on 07463 939028 or any of the following emails addresses: caerphillylabour@outlook.com; blaenauglabour@outlook.com; rhymneylabour@outlook.com.",https://events.labour.org.uk/event/526259
526525,Canvassing in Bridgend Central,Canvassing,2026-04-10 17:30:00,2026-04-10 19:30:00,"South Street, Bridgend, UK",CF313ED,Bridgend,W07000086,False,False,False,True,0,0,0,1,on South Street,False,,"The Senedd election is just around the corner and this is our moment. Come and support our short campaign and help us reach voters while it matters most. New or experienced, everyone's welcome. We'll support you every step of the way. Every conversation counts. Get involved, make an impact, and be part of something positive.",https://events.labour.org.uk/event/526525
526662,Canvassing in Great Linford!,Canvassing,2026-04-10 17:30:00,2026-04-10 18:30:00,"Parklands & Saint Leger Drive, Great Linford, Milton Keynes, UK",MK145DZ,Milton Keynes North,E14001370,False,False,False,True,0,1,1,3,,False,,"Help us win Great Linford Ward by joining George Humphrey Thomas, Naseem Khan, and Martin Petchey on the doorstep in Great Linford! Speaking to residents about their concerns and our work locally makes a huge difference. If you've never gone canvassing before, don't worry - we'll buddy you up with one of our experienced doorknockers.",https://events.labour.org.uk/event/526662
526989,Canvassing in Cross and Neithrop,Canvassing,2026-04-10 17:30:00,2026-04-10 18:30:00,"1 Woodfield, Banbury, UK",OX161PU,Banbury,E14001072,False,False,False,True,0,1,1,3,,False,,Join our brilliant candidate Jose and help us defeat Tories and Reform in Cross and Neithrop! Everyone's welcome - training will be provided to new canvassers,https://events.labour.org.uk/event/526989
528289,Friday 10 April Night Canvassing in Bridges,Canvassing,2026-04-10 17:30:00,2026-04-10 18:30:00,"Locomotive Way, Gateshead NE8 3FN, UK Meeting point 6pm Friday 10 April Asda Gateshead Old Fold Road, Gateshead NE10 0DH",NE83FN,Gateshead Central and Whickham,E14001244,False,False,False,True,0,1,1,2,"Meeting point 17.30pm Friday 10 April Asda Gateshead Old Fold Road, Gateshead NE10 0DH",False,,Join the Labour Candidates for Bridges in the run up to the 7 May finding out what matters most to people living and working in the ward.,https://events.labour.org.uk/event/528289
519509,Canvassing in Bowes ward,Canvassing,2026-04-10 18:00:00,2026-04-10 19:00:00,"Tottenhall Road & Green Lanes, London N13 6JU, UK",N136JU,Southgate and Wood Green,E14001503,False,False,False,True,0,0,0,2,"Corner of Tottenhall Road and Green Lanes, N13 6JU",False,,"Join our Bowes team out on the doors speaking to residents about the issues that matter to them. If you've never canvassed before you'll be given a full briefing ahead of the session, and you can pair up with an experienced member of the team while you learn the ropes!",https://events.labour.org.uk/event/519509
523118,Local Elections Thurrock,Campaigning,2026-04-10 18:00:00,2026-04-10 19:00:00,"Hill House Dr, Chadwell St Mary, Grays RM16 4DS, UK",RM164DS,South Basildon and East Thurrock,E14001480,False,False,False,True,0,1,1,2,Corner of St John’s Road & Linfiord Road,False,,"Let’s Make Every Conversation Count
We’re entering the final stretch, and the work we do from now until 7th May will shape the future of our community. Every weekend from here on, we’ll be out speaking with residents, knocking on doors, sharing information, and making sure every voice is heard.
This is a defining moment. Polls don’t decide outcomes — people do. And the effort we put in together will make all the difference.
Whether you’ve been involved before or you’re thinking about stepping in for the first time, there’s a place for you. You can help by:
🔴 Talking with residents
🔴 Delivering information and materials
🔴 Supporting the team behind the scenes
🔴 Helping share our message online
This is about teamwork, visibility, and showing the strength of our community. Momentum matters, and staying active on the ground is how we make sure people have the facts they need.
If you’re able to join any of the upcoming sessions, let us know below — every person who gets involved helps move us forward.",https://events.labour.org.uk/event/523118
526146,Canvassing in Chaucer ward 🌹 Labour Group session,Canvassing,2026-04-10 18:00:00,2026-04-10 20:00:00,"The Roebuck, Great Dover Street, London, UK",SE14YG,Bermondsey and Old Southwark,E14001085,False,False,False,True,0,0,0,2,Roebuck Great Dover Street,False,,"⭐ Join Southwark Labour out on the doors in Chaucer ward speaking to residents about the issues that matter to them. If you've never canvassed before you'll be given a full briefing ahead of the session, and you can pair up with an experienced member of the team while you learn the ropes!",https://events.labour.org.uk/event/526146
526208,Canvassing in North Walworth ward 🌹 Labour Group session,Canvassing,2026-04-10 18:00:00,2026-04-10 20:00:00,"The Rocketvan Coffee Shop and The Box Shop Bar, Brandon Street, London, UK",SE171AL,Peckham,E14001421,False,False,False,True,0,0,0,2,Rocketvan Coffee Shop,False,,"⭐ Join Southwark Labour out on the doors in North Walworth ward speaking to residents about the issues that matter to them. If you've never canvassed before you'll be given a full briefing ahead of the session, and you can pair up with an experienced member of the team while you learn the ropes!",https://events.labour.org.uk/event/526208
526557,Campaigning with Katherine Sangster,Campaigning,2026-04-10 18:00:00,2026-04-10 19:00:00,"East Brighton Crescent, Edinburgh, UK",EH151LR,Edinburgh East and Musselburgh,S14000078,False,False,False,True,0,0,0,3,"Douglas Bar 163, Edinburgh EH15 1EU",False,,"Join our candidate for Holyrood, Katherine Sangster, speaking to voters in Edinburgh East, Musselburgh, and Tranent. If you've never door-knocked before, experienced campaigners will be on hand to teach you! Looking forward to seeing you there!",https://events.labour.org.uk/event/526557
528314,🚪🌹Canvassing in Park Ward  🚪🌹,Canvassing,2026-04-10 18:00:00,2026-04-10 19:30:00,"Cranmore Road & Tettenhall Road, Wolverhampton, UK",WV14TB,Wolverhampton West,E14001596,False,False,False,True,0,0,0,3,,False,,"Come and join the Park ward team as we go out and speak to residents about their concerns and any local issues. Don't worry if you've never campaigned before - full training and briefing will be given, and we can buddy you up with an experienced campaigner for your first doors.",https://events.labour.org.uk/event/528314
523040,Falkirk East & Linlithgow Campaigning - 10/04/26,Canvassing,2026-04-10 18:30:00,2026-04-10 20:00:00,"Friars Brae, Linlithgow, UK",EH496BX,Bathgate and Linlithgow,S14000068,False,False,False,True,0,0,0,3,,False,,"Falkirk East and Linlithgow needs your help! Come door knocking with your local Scottish Labour candidate. 

With just a matter of weeks to go until the Scottish Parliamentary Elections we need everyone we can! Use the link below to sign up, no experience needed!",https://events.labour.org.uk/event/523040
528059,Canvassing in Eltham Town and Avery Hill🌹,Canvassing,2026-04-10 18:30:00,2026-04-10 19:30:00,"North Park, London, UK",SE95AP,Eltham and Chislehurst,E14001223,False,False,False,True,0,1,1,3,Meet on the corner of North Park and Footscray Road,False,,Join local candidates and Greenwich Labour activists as we speak to residents in Eltham Town and Avery Hill. No experience required!,https://events.labour.org.uk/event/528059
524627,Romford Day of action,Canvassing,2026-04-11 09:30:00,2026-04-11 16:00:00,"High Street, Romford RM1 1HR, UK",RM11HR,Romford,E14001448,False,False,False,True,0,2,2,2,Cafe Bueno (next to the Golden Lion),False,,With less than 4 weeks until the local elections lets hit those doors. An all day event we will start at the Cafe and make our way up Angel Way to the flats. Accross St Edwards way we will door knock up the Mawney Rd with St Edwards ward on the even side and Rush Green and Crowlands on the odd side. After a nice break for lunch we will then head off to Saffron House to reconvene at Saffon House (273 South St RM1 2BE) at 13:30 for doorknocking in St Alban's ward. If you haven't done it before you can pair up with someone else. It would be great to see lots of us there!,https://events.labour.org.uk/event/524627
521331,Cambridge Labour leafletting & canvassing - 11 April,Campaigning,2026-04-11 10:00:00,2026-04-11 15:00:00,"Cambridge North Station Car Park, Cowley Road, Cambridge, UK",CB40AE,Ely and East Cambridgeshire,E14001224,False,False,False,True,0,1,1,2,in front of Cambridge North station,False,,Leafletting & canvassing for Cambridge Labour.,https://events.labour.org.uk/event/521331
525353,Canvassing in Westgate,National Campaign Weekend,2026-04-11 10:00:00,2026-04-11 13:00:00,"South Street, Ipswich, UK",IP13PD,Ipswich,E14001302,False,False,False,True,0,1,1,3,Meet in IBC Car park,False,,Join us on the doorstep in Westgate,https://events.labour.org.uk/event/525353
526161,Canvassing in Faraday ward 🌹 Labour Group session,National Campaign Weekend,2026-04-11 10:00:00,2026-04-11 12:00:00,"Michael Faraday Primary School, Portland Street, London, UK",SE172HR,Peckham,E14001421,False,False,False,True,0,0,0,2,Michael Faraday School,False,,"⭐ Join Southwark Labour Labour out on the doors in Faraday ward speaking to residents about the issues that matter to them. If you've never canvassed before you'll be given a full briefing ahead of the session, and you can pair up with an experienced member of the team while you learn the ropes!",https://events.labour.org.uk/event/526161
526214,Canvassing in Nunhead and Queens Road ward 🌹 Labour Group session,National Campaign Weekend,2026-04-11 10:00:00,2026-04-11 12:00:00,"Old Nunshead, Nunhead Green, London, UK",SE153QQ,Peckham,E14001421,False,False,False,True,0,0,0,2,The Old Nunshead Pub,False,,"⭐ Join Southwark Labour out on the doors in Nunhead and Queens Road ward speaking to residents about the issues that matter to them. If you've never canvassed before you'll be given a full briefing ahead of the session, and you can pair up with an experienced member of the team while you learn the ropes!",https://events.labour.org.uk/event/526214
526876,Local Elections 2026: Crome,Canvassing,2026-04-11 10:00:00,2026-04-11 12:00:00,"Don Pratt Ct, Norwich, UK",NR31LZ,Norwich North,E14001408,False,False,False,True,0,0,0,3,"Crome: Outside Don Pratt Court, Mousehold Street, NR3 1LZ",False,,"Join us on the Labour Doortstep for the 2026 Local Elections. Labour is lowering the cost of living, getting the NHS back on its feet and putting pride back into our neighbourhoods. That's why we are proud to be Labour. Join us now.",https://events.labour.org.uk/event/526876
519872,Ladywood Canvassing 🌹,National Campaign Weekend,2026-04-11 10:15:00,2026-04-11 12:00:00,"Library of Birmingham, Centenary Square, Birmingham, UK",B12EP,Birmingham Ladywood,E14001096,False,False,False,True,0,0,0,1,,False,,"Join us as we canvass in Ladywood Ward for our 2026 local elections, Sally Benton and Satvir Dosanjh. All new and experienced canvassers are welcome - training will be provided. RSVP for address details.",https://events.labour.org.uk/event/519872
519794,City Campaigning -  Weaste & Seedley,Campaigning,2026-04-11 10:30:00,2026-04-11 12:00:00,"Weaste Hotel, West Manchester, Edward Ave, Salford, UK",M68DA,Salford,E14001459,False,False,False,True,0,0,0,2,,False,,Join us to campaign for our incredible candidates!,https://events.labour.org.uk/event/519794
520205,🌹Canvassing in Old Warley🌹,National Campaign Weekend,2026-04-11 10:30:00,2026-04-11 12:00:00,"Quinton Court, Hagley Road West, Oldbury, UK",B680BL,Smethwick,E14001478,False,False,False,True,0,0,0,2,,False,,Join us in Old Warley to help our amazing candidates to help spread Labour's message of renewal to residents! Never canvassed before? Don't worry! Training will be delivered on the day! 🌹,https://events.labour.org.uk/event/520205
522889,Canvassing in Wrexham,National Campaign Weekend,2026-04-11 10:30:00,2026-04-11 12:30:00,"Park Lane & Vounog Hill, Penyffordd, Chester, UK",CH40EZ,Alyn and Deeside,W07000082,False,False,False,True,0,2,2,2,"Park Lane & Vounog Hill, Penyffordd, Chester, UK",False,,"Join us canvassing in Fflint-Wrecsam! If you've never canvassed before, or haven't for a while, don't worry - you'll be paired with an experienced canvasser who will guide you and show you the ropes. Simply RSVP so we know to expect you, and see you there!",https://events.labour.org.uk/event/522889
523122,Local Elections Thurrock,Campaigning,2026-04-11 10:30:00,2026-04-11 12:00:00,"West Thurrock, Grays RM20 3WE, UK",RM203WE,Thurrock,E14001546,False,False,False,True,0,5,5,3,Meet in the Car PArk of TGI Fridays Loweswater Way RM20 3WE,False,,"Let’s Make Every Conversation Count
We’re entering the final stretch, and the work we do from now until 7th May will shape the future of our community. Every weekend from here on, we’ll be out speaking with residents, knocking on doors, sharing information, and making sure every voice is heard.
This is a defining moment. Polls don’t decide outcomes — people do. And the effort we put in together will make all the difference.
Whether you’ve been involved before or you’re thinking about stepping in for the first time, there’s a place for you. You can help by:
🔴 Talking with residents
🔴 Delivering information and materials
🔴 Supporting the team behind the scenes
🔴 Helping share our message online
This is about teamwork, visibility, and showing the strength of our community. Momentum matters, and staying active on the ground is how we make sure people have the facts they need.
If you’re able to join any of the upcoming sessions, let us know below — every person who gets involved helps move us forward.",https://events.labour.org.uk/event/523122
526137,Canvassing in Splott | Caerdydd Penarth,National Campaign Weekend,2026-04-11 10:30:00,2026-04-11 12:00:00,"Mervyn Rd, Tremorfa, Cardiff CF24 2SR, UK",CF242SR,Cardiff South and Penarth,W07000091,False,False,False,True,0,2,2,2,Corner of Mervyn Rd and Muirton Rd,False,,Join us as we speak to residents in Caerdydd Penarth ahead of the Senedd election.,https://events.labour.org.uk/event/526137
526503,Local Elections 2026: Bowthorpe,Canvassing,2026-04-11 10:30:00,2026-04-11 12:30:00,"Bowthorpe Southern Park Car Park, Three Score Road, Norwich, UK",NR59HB,Norwich South,E14001409,False,False,False,True,0,0,0,2,"Bowthorpe: Southern Park Car Park, Three Score, NR5 9HB",False,,"Join us on the Labour Doortstep for the 2026 Local Elections. Labour is lowering the cost of living, getting the NHS back on its feet and putting pride back into our neighbourhoods. That's why we are proud to be Labour. Join us now.",https://events.labour.org.uk/event/526503
526905,Local Elections 2026: Wensum,Canvassing,2026-04-11 10:30:00,2026-04-11 12:00:00,"St Edmunds Cl & Hellesdon Road, Norwich, UK",NR65ER,Norwich South,E14001409,False,False,False,True,0,0,0,2,"Wensum: Corner of St Edmunds Close and Hellesdon Road, NR6 5ER",False,,"Join us on the Labour Doortstep for the 2026 Local Elections. Labour is lowering the cost of living, getting the NHS back on its feet and putting pride back into our neighbourhoods. That's why we are proud to be Labour. Join us now.",https://events.labour.org.uk/event/526905
527119,Canvassing in Greenmeadow,National Campaign Weekend,2026-04-11 10:30:00,2026-04-11 12:00:00,"Greenmeadow, Cwmbran, UK",NP444SF,Torfaen,W07000109,False,False,False,True,0,0,0,2,Junction of Oaklands View / Penmaes Rd,False,,Join us as we speak to voters about local issues and the upcoming Senedd elections,https://events.labour.org.uk/event/527119
527125,Canvassing in Monmouth,National Campaign Weekend,2026-04-11 10:30:00,2026-04-11 12:00:00,"Monmouth, UK",NP253EF,Monmouthshire,W07000101,False,False,False,True,0,1,1,3,Crnr of woodland view/Wyesham Rd,False,,Join us as we speak to voters about local issues and the upcoming Senedd elections,https://events.labour.org.uk/event/527125
527127,Canvassing in Severnside,National Campaign Weekend,2026-04-11 10:30:00,2026-04-11 12:00:00,"Caldicot, UK",NP264HX,Monmouthshire,W07000101,False,False,False,True,0,1,1,3,St Mary's Crescent/Station Rd,False,,Join us as we speak to voters about local issues and the upcoming Senedd elections,https://events.labour.org.uk/event/527127
528112,Labour Listens in Wallsend Central,Canvassing,2026-04-11 10:30:00,2026-04-11 12:00:00,"Coronation Street Car Park, Coronation Street, Wallsend NE28 7RH, UK",NE287NA,Newcastle upon Tyne East and Wallsend,E14001378,False,False,False,True,0,0,0,2,"Coronation Street car park, Coronation Street, NE28 7RH",False,,"On Saturday 11th April at 10.30am meet for canvassing in Wallsend Central, please meet in Coronation Street car park, Coronation Street, NE28 7RH.
Even if you can only join us for a short time, your support really does make a difference! Doorstep conversations remain one of the most important ways we connect with residents and show that Labour is listening. If you have not been out campaigning before please do not worry, you will be fully supported, paired up, and given everything you need on the day.",https://events.labour.org.uk/event/528112
528591,Tod West Sat am,National Campaign Weekend,2026-04-11 10:30:00,2026-04-11 12:30:00,"15 Bridge Street, Todmorden, UK",OL145AQ,Calder Valley,E14001147,False,False,False,True,0,0,0,3,By the newsagent,False,,Doorknocking,https://events.labour.org.uk/event/528591
519510,National Campaign Weekend: Canvassing in Southbury ward,National Campaign Weekend,2026-04-11 11:00:00,2026-04-11 12:00:00,"Toby Carvery Enfield, Great Cambridge Road, Enfield EN1 3PN, UK",EN13PN,Enfield North,E14001225,False,False,False,True,0,2,2,2,"Toby Carvery Enfield, Great Cambridge Road, EN1 3PN",False,,"Join our Southbury team out on the doors speaking to residents about the issues that matter to them. If you've never canvassed before you'll be given a full briefing ahead of the session, and you can pair up with an experienced member of the team while you learn the ropes!",https://events.labour.org.uk/event/519510
521159,National Campaign Weekend - Formby West Canvassing,Campaigning,2026-04-11 11:00:00,2026-04-11 13:00:00,"Formby Station, Formby, Liverpool L37 2JF, UK",L372EA,Sefton Central,E14001463,False,False,False,True,0,3,3,2,,False,,"Come and join Sefton Labour on the doors! We’ll be out across our communities speaking with residents about the issues that matter most to them. If it’s your first time canvassing, don’t worry - we’ll pair you up with an experienced campaigner to show you the ropes.",https://events.labour.org.uk/event/521159
522106,Door knocking Training,Campaigning,2026-04-11 11:00:00,2026-04-11 13:30:00,"Acomb Explore Library, Front Street, Acomb, York, UK",YO243BZ,York Central,E14001604,False,False,False,True,0,13,13,2,,False,,"Doorknocking training (how to meet people on the doorstep, how to run a road group using the app, how to stay safe)... then practising... then socialising.  It WILL be fun.",https://events.labour.org.uk/event/522106
523718,Canvassing in Hirwaun,National Campaign Weekend,2026-04-11 11:00:00,2026-04-11 13:00:00,"Greenwood Drive, Hirwaun, Aberdare CF44 9QZ, UK",CF449QZ,Merthyr Tydfil and Aberdare,W07000099,False,False,False,True,0,1,1,2,Greenwood Drive CF44 9QZ,False,,Canvassing in Hirwaun with Welsh Labour's Senedd candidates for Pontypridd Cynon Merthyr.,https://events.labour.org.uk/event/523718
524729,Campaigning in Old Trafford,Canvassing,2026-04-11 11:00:00,2026-04-11 12:30:00,"Ayres Road, Old Trafford, Stretford, Manchester M16 9GE, UK",M169GE,Stretford and Urmston,E14001528,False,False,False,True,0,1,1,2,corner of Ayres Road and Auburn Road,False,,"Come join the Old Trafford team campaigning in our ward. We're a friendly bunch, and if you're new to canvassing, we're happy to support you. We can pair you up with an experienced canvasser. We're keen to find out how voters are feeling about local and national issues. Contact Ben Slater",https://events.labour.org.uk/event/524729
525569,Maze Hill and West St Leonards Canvassing,Canvassing,2026-04-11 11:00:00,2026-04-11 13:00:00,"Bulverhythe Road & Cliftonville Road, Hastings, Saint Leonards-on-sea TN38 8AF, UK",TN388AE,Hastings and Rye,E14001274,False,False,False,True,0,0,0,3,on the corner of Bulverhythe Road and Cliftonville Road (TN38 8AH),False,,Come canvassing with local candidate Anna. All welcome!,https://events.labour.org.uk/event/525569
526018,🌹Pimlico South Canvassing🌹,National Campaign Weekend,2026-04-11 11:00:00,2026-04-11 13:00:00,"Tesco Express, Tesco Stores, Lupus Street, London, UK",SW1V4PE,Cities of London and Westminster,E14001172,False,False,False,True,0,1,1,3,,False,,"Come and join our team as we speak to voters ahead of the May 2026 local elections. We will be out on the doorstep speaking to residents about the issues that matter most to them. If it is your first time canvassing, do not worry. We will pair you up with an experienced campaigner.",https://events.labour.org.uk/event/526018
526279,Canvassing in Rye Lane ward 🌹 Labour Group session,National Campaign Weekend,2026-04-11 11:00:00,2026-04-11 13:00:00,"Peckham Rye Station, London, UK",SE155DQ,Peckham,E14001421,False,False,False,True,0,0,0,2,Peckham Rye Station,False,,"⭐ Join Southwark Labour out on the doors in Rye Lane ward speaking to residents about the issues that matter to them. If you've never canvassed before you'll be given a full briefing ahead of the session, and you can pair up with an experienced member of the team while you learn the ropes!",https://events.labour.org.uk/event/526279
526352,Welwyn Hatfield Canvassing,National Campaign Weekend,2026-04-11 11:00:00,2026-04-11 13:00:00,"Appletree Way & Herns Lane, Welwyn Garden City, UK",AL72AG,Welwyn Hatfield,E14001573,False,False,False,True,100,1,1,3,,False,,Join Welwyn Hatfield Labour in the 2026 local election campaign. A full briefing will be provided at the start of every session and if you're new you can be paired up with an experienced door knocker until you're comfortable. Every volunteer makes a huge difference and we hope to see you on the doorstep soon.,https://events.labour.org.uk/event/526352
526425,Canvassing in Hillrise ward,Canvassing,2026-04-11 11:00:00,2026-04-11 13:00:00,"Brickworks Community Centre, Crouch Hill, London, UK",N44AJ,Islington North,E14001305,False,False,False,True,0,1,1,2,Brickworks,False,,"Join our Hillrise team out on the doors speaking to residents about the issues that matter to them. If you've never canvassed before you'll be given a full briefing ahead of the session, and you can pair up with an experienced member of the team while you learn the ropes!",https://events.labour.org.uk/event/526425
526435,Door knocking in Penicuik,Canvassing,2026-04-11 11:00:00,2026-04-11 13:00:00,"Glenview, Penicuik, UK",EH260AY,Midlothian,S14000045,False,False,False,True,0,0,0,3,Corner of Glenview and Cuiken Terrace,False,,"Join Midlothian South, Tweeddale and Lauderdale candidate Daniel Coleman for door knocking in Penicuik!",https://events.labour.org.uk/event/526435
526551,Canvassing in Dulwich Wood ward 🌹 Labour Group session,National Campaign Weekend,2026-04-11 11:00:00,2026-04-11 13:00:00,"Lymer Avenue & Dulwich Wood Park, London, UK",SE191LS,Dulwich and West Norwood,E14001205,False,False,False,True,0,0,0,2,"Junction of Lymer Avenue and Dulwich Wood Park, SE19",False,,"⭐ Join Southwark Labour out on the doors in Dulwich Wood ward speaking to residents about the issues that matter to them. If you've never canvassed before you'll be given a full briefing ahead of the session, and you can pair up with an experienced member of the team while you learn the ropes!",https://events.labour.org.uk/event/526551
527224,Campaigning in Gorton and Abbey Hey - Saturday 11th April 11am,Canvassing,2026-04-11 11:00:00,2026-04-11 12:30:00,"Gorton Hub Jobcentre, Garratt Way, Manchester, UK",M188HE,Gorton and Denton,E14001251,False,False,False,True,0,0,0,2,,False,,"The Gorton and Abbey Hey Councillors will be joined by activists to chat to residents, and show that Labour is here to help. If you're an experienced campaigner, or new to door knocking and looking to get involved, please come along to help us listen to people's concerns. If you're new to campaigning, we're happy to support you and can pair you up with an experienced colleague. We hope to see you there! 🌹",https://events.labour.org.uk/event/527224
527511,Re-elect Nabeela in Park and Arbourthorne,Canvassing,2026-04-11 11:00:00,2026-04-11 13:00:00,"Gleadless Common/Durlstone Crescent, Sheffield, UK",S122SW,Sheffield Heeley,E14001469,False,False,False,True,0,0,0,2,At the Gleadless Common/Durlstone Crescent Bus Stop next to Gleadless Common Open Space,False,,"Come canvassing with local councillors Nabeela, Mia, and Ben, and show your support for our fantastic MP Louise Haigh.

We'll be speaking with voters, listening to their concerns, and taking action to make a real difference in our community.

New to canvassing? No problem at all - full training will be provided, and we'll pair you with an experienced canvasser to guide you through.",https://events.labour.org.uk/event/527511
527742,Campaigning in Radford,National Campaign Weekend,2026-04-11 11:00:00,2026-04-11 12:30:00,"Widdrington Road & Sandy Lane, Coventry, UK",CV14EW,Coventry North West,E14001181,False,False,False,True,0,0,0,2,junction of Widdrington Road & Sandy Lane,False,,Join #TeamRadford for door knocking ahead of the May elections,https://events.labour.org.uk/event/527742
527759,Weetwood Campaign Launch!,Canvassing,2026-04-11 11:00:00,2026-04-11 12:30:00,"St Chad's Church, Far Headingley, Far, Otley Road, Headingley, Leeds, UK",LS165JT,Leeds Central and Headingley,E14001319,False,False,False,True,0,3,3,2,,False,,"Join us out on the doorstep in Weetwood, campaigning to re-elect Izaak! 

If you've never campaign with us before, all training is provided and you'll be paired up with an experienced volunteer.",https://events.labour.org.uk/event/527759
527915,National Campaign Weekend: Cazenove Canvassing,Canvassing,2026-04-11 11:00:00,2026-04-11 13:00:00,"George Downing Estate, Cazenove Road, London N16 6BE, UK",N166BE,Hackney North and Stoke Newington,E14001259,False,False,False,True,0,0,0,2,"Boiler House, George Downing Est, N16 6BE",False,,Join Hackney Labour as we meet and listen to local residents!,https://events.labour.org.uk/event/527915
527983,NATIONAL CAMPAIGN WEEKEND Canvassing in East Barnet ward 🌹 Labour Group session,National Campaign Weekend,2026-04-11 11:00:00,2026-04-11 13:00:00,"New Barnet Leisure Centre, Lawton Road, London, Barnet, UK",EN49BS,Chipping Barnet,E14001169,False,False,False,True,0,2,2,3,New Barnet Leisure Centre,False,,"⭐ Join Barnet Labour out on the doors in East Barnet ward speaking to residents about the issues that matter to them. If you've never canvassed before you'll be given a full briefing ahead of the session, and you can pair up with an experienced member of the team while you learn the ropes!",https://events.labour.org.uk/event/527983
528590,Hebden Bridge Sat am,National Campaign Weekend,2026-04-11 11:00:00,2026-04-11 13:00:00,"Moorfield, Hebden Bridge HX7 8SG, UK",HX78SG,Calder Valley,E14001147,False,False,False,True,0,0,0,3,Corner of Walker Lane and Billy Lane,False,,Door knocking,https://events.labour.org.uk/event/528590
528644,Door-knocking in Nether Edge and Sharrow 11 April,Canvassing,2026-04-11 11:00:00,2026-04-11 12:30:00,"Abbeydale Rd, Nether Edge, Sheffield S7 1FP, UK",S71FP,Sheffield Central,E14001467,False,False,False,True,0,0,0,2,Corner of Empire Road and Abbeydale Road (Opposite Old Picture House),False,,"Please help our team in Nether Edge and Sharrow team for door-knocking as we work to re-elect Nighat. 

We would love you to come even if you are not used to door-knocking - we can pair you up with someone to help you get the hang of it. Your help would be very welcome!",https://events.labour.org.uk/event/528644
528748,Campaigning in Foleshill,Campaigning,2026-04-11 11:00:00,2026-04-11 12:30:00,"Shortridge Drive, Coventry, UK",CV65AW,Coventry East,E14001180,False,False,False,True,0,0,0,2,Junction of Shortrige Drive and Dunshaw Road,False,,"Campaigning in Foleshill ahead of 7 May 2026 elections. Team Foleshill will be delivering campaign materials and engaging with residents, all are welcome.",https://events.labour.org.uk/event/528748
526650,Canvassing in Erith,Canvassing,2026-04-11 11:30:00,2026-04-11 13:00:00,"Galleon Cl, Erith DA8 1DD, UK",DA81DD,Erith and Thamesmead,E14001229,False,False,False,True,0,0,0,2,,False,,"Join us canvassing as we work to get Chris and Nicola elected as Councillors for Erith. 

Volunteer for Labour, Stop Reform. 

Please use the pin as the start location (Junction of Galleon Close and West Street). 

📞 Contact on the day is Tommy Hill (Bexley Campaign Assistant) - 7508 656326",https://events.labour.org.uk/event/526650
526712,NCW 🌹 Canvassing in Forest ward,National Campaign Weekend,2026-04-11 11:30:00,2026-04-11 13:00:00,"Canterbury Road & Essex Road, London, UK",E106HF,Leyton and Wanstead,E14001334,False,False,False,True,0,0,0,2,Canterbury Road and Essex Road,False,,"National Campaign Weekend 🌹 Join our Forest team out on the doors speaking to residents about how Labour is tackling the cost of living head-on. If you've never canvassed before you'll be given a full briefing ahead of the session, and you can pair up with an experienced member of the team while you learn the ropes!",https://events.labour.org.uk/event/526712
522943,Falkirk West Campaigning - 11/04/26,Canvassing,2026-04-11 12:00:00,2026-04-11 14:00:00,"Inglis Drive, Carronshore, Falkirk, UK",FK28FD,Alloa and Grangemouth,S14000064,False,False,False,True,0,0,0,1,,False,,"Falkirk West needs your help! Come door knocking with your local Scottish Labour candidate. With just a matter of weeks to go until the Scottish Parliamentary Elections we need everyone we can! Use the link below to sign up, no experience needed!",https://events.labour.org.uk/event/522943
525998,🌹Hyde Park Canvassing🌹,National Campaign Weekend,2026-04-11 12:00:00,2026-04-11 14:00:00,"Duke of Kendal, Connaught Street, London, UK",W22AF,Cities of London and Westminster,E14001172,False,False,False,True,0,2,2,3,,False,,"Come and join our team as we speak to voters ahead of the May 2026 local elections. We will be out on the doorstep speaking to residents about the issues that matter most to them. If it is your first time canvassing, do not worry. We will pair you up with an experienced campaigner.",https://events.labour.org.uk/event/525998
528106,NCW  Crouch End,Canvassing,2026-04-11 12:00:00,2026-04-11 13:00:00,"Hornsey Library, Haringey Park, London, UK",N89JH,Hornsey and Friern Barnet,E14001293,False,False,False,True,0,0,0,2,"Hornsey Library, N8 9QH",False,,"Join our NCW  Crouch End team out on the doors speaking to residents about the issues that matter to them. If you've never canvassed before you'll be given a full briefing ahead of the session, and you can pair up with an experienced member of the team while you learn the ropes",https://events.labour.org.uk/event/528106
528627,Lightmoor - Gorge Parish Council Byelection Doorknocking,Canvassing,2026-04-11 12:00:00,2026-04-11 13:30:00,"Lightmoor Village Car Park, Furnace Ave, Telford, UK",TF43NY,Telford,E14001541,False,False,False,True,0,0,0,3,,False,,Join us to speak to voters ahead of the Lightmoor Ward Byelection on Thursday 30th April!,https://events.labour.org.uk/event/528627
522972,Saturday Campaigning for Wakefield Rural,Campaigning,2026-04-11 12:30:00,2026-04-11 14:00:00,"River View, Woolley Grange, Barnsley S75 5RP, UK",S755RP,Ossett and Denby Dale,E14001418,False,False,False,True,0,3,3,3,River View,False,,"Meeting on River View
WR 43 (WI)",https://events.labour.org.uk/event/522972
527718,Canvassing in Tollington ward,National Campaign Weekend,2026-04-11 12:30:00,2026-04-11 14:00:00,"The Swimmer at the Grafton Arms, Eburne Road, London, UK",N76AS,Islington North,E14001305,False,False,False,True,0,0,0,2,Swimmer's Pub on Eburne Road,False,,"Join our Tollington team out on the doors speaking to residents about the issues that matter to them. If you've never canvassed before you'll be given a full briefing ahead of the session, and you can pair up with an experienced member of the team while you learn the ropes!",https://events.labour.org.uk/event/527718
527225,Campaigning in Gorton and Abbey Hey - Saturday 11th April 1pm,Canvassing,2026-04-11 13:00:00,2026-04-11 14:30:00,"Gorton Hub Jobcentre, Garratt Way, Manchester, UK",M188HE,Gorton and Denton,E14001251,False,False,False,True,0,0,0,2,,False,,"The Gorton and Abbey Hey Councillors will be joined by activists to chat to residents, and show that Labour is here to help. If you're an experienced campaigner, or new to door knocking and looking to get involved, please come along to help us listen to people's concerns. If you're new to campaigning, we're happy to support you and can pair you up with an experienced colleague. We hope to see you there! 🌹",https://events.labour.org.uk/event/527225
528058,NCW Super Saturday early afternoon!,Canvassing,2026-04-11 13:00:00,2026-04-11 15:00:00,"Bounds Green Station, London N11 2DE, UK",N112DE,Southgate and Wood Green,E14001503,False,False,False,True,0,0,0,2,"Bounds Green Station, N11 2DE",False,,"Join our Super Saturday team out on the doors in Bounds Green speaking to residents about the issues that matter to them. If you've never canvassed before you'll be given a full briefing ahead of the session, and you can pair up with an experienced member of the team while you learn the ropes",https://events.labour.org.uk/event/528058
528165,🌹National Campaign Weekend in Edgbaston!🌹,National Campaign Weekend,2026-04-11 13:00:00,2026-04-11 14:30:00,"Deeley Close, Birmingham, UK",B152NR,Birmingham Edgbaston,E14001092,False,False,False,True,100,0,0,2,the junction of Deeley Close and Pakenham Drive,False,,Join us in  Edgbaston ward to help our amazing candidates spread Labour's message of renewal to residents! Never canvassed before? Don't worry! Training will be delivered on the day! 🌹💼,https://events.labour.org.uk/event/528165
528743,Leafleting with Liam Byrne,Campaigning,2026-04-11 13:00:00,2026-04-11 15:00:00,"Dove Way, Birmingham, UK",B360TG,Birmingham Hodge Hill and Solihull North,E14001095,False,False,False,True,0,1,1,1,On the junction with Windward Way,False,,Leafleting with Liam Byrne MP and Cllr Hazel Dawkins for the Local Elections,https://events.labour.org.uk/event/528743
523123,Local Elections Thurrock,Campaigning,2026-04-11 13:30:00,2026-04-11 15:00:00,"London Rd, Grays RM20 4AA, UK",RM204AA,Thurrock,E14001546,False,False,False,True,0,7,7,3,Meet at the corner of east street & Gumley Road RM20 4AA,False,,"Let’s Make Every Conversation Count
We’re entering the final stretch, and the work we do from now until 7th May will shape the future of our community. Every weekend from here on, we’ll be out speaking with residents, knocking on doors, sharing information, and making sure every voice is heard.
This is a defining moment. Polls don’t decide outcomes — people do. And the effort we put in together will make all the difference.
Whether you’ve been involved before or you’re thinking about stepping in for the first time, there’s a place for you. You can help by:
🔴 Talking with residents
🔴 Delivering information and materials
🔴 Supporting the team behind the scenes
🔴 Helping share our message online
This is about teamwork, visibility, and showing the strength of our community. Momentum matters, and staying active on the ground is how we make sure people have the facts they need.
If you’re able to join any of the upcoming sessions, let us know below — every person who gets involved helps move us forward.",https://events.labour.org.uk/event/523123
527168,🌹 Canvassing in Topsham 🌹,National Campaign Weekend,2026-04-11 13:30:00,2026-04-11 15:30:00,"River Plate Road & Resolution Road, Exeter, UK",EX27FE,Exmouth and Exeter East,E14001232,False,False,False,True,20,0,0,2,"Junction of River Plate Road & Resolution Road, EX2 7FE",False,,Join us as we knock on doors in Topsham and talk to residents about the local and national issues that matter to them. No experience required - if it's your first time we can pair you with a more experienced volunteer.,https://events.labour.org.uk/event/527168
528587,Sowerby Bridge Sat pm,National Campaign Weekend,2026-04-11 13:30:00,2026-04-11 15:30:00,"Church View, Sowerby Bridge, UK",HX62LW,Halifax,E14001262,False,False,False,True,0,0,0,2,,False,,Doorknocking and leafletting,https://events.labour.org.uk/event/528587
519512,National Campaign Weekend: Canvassing in Highfield ward,National Campaign Weekend,2026-04-11 14:00:00,2026-04-11 15:00:00,"Firs Lane, London N13 5LU, UK",N135LU,Edmonton and Winchmore Hill,E14001221,False,False,False,True,0,2,2,2,"Corner of Hedge Lane and Firs Lane, N13 5LU",False,,"Join our Highfield team out on the doors speaking to residents about the issues that matter to them. If you've never canvassed before you'll be given a full briefing ahead of the session, and you can pair up with an experienced member of the team while you learn the ropes!",https://events.labour.org.uk/event/519512
519945,🌹Canvassing in Hill Top🌹,National Campaign Weekend,2026-04-11 14:00:00,2026-04-11 15:30:00,"Ardav Road, West Bromwich, UK",B700QX,Tipton and Wednesbury,E14001547,False,False,False,True,0,0,0,3,,False,,Join us in Hill Top to help our amazing candidates to help spread Labour's message of renewal to residents! Never canvassed before? Don't worry! Training will be delivered on the day! 🌹,https://events.labour.org.uk/event/519945
520050,Canvassing in Arbury - 11 April,Canvassing,2026-04-11 14:00:00,2026-04-11 16:00:00,"Mayfield Primary School, Warwick Road, Cambridge, UK",CB43HN,Cambridge,E14001149,False,False,False,True,0,0,0,2,Mayfield Primary School,False,,Join us canvassing in Arbury!,https://events.labour.org.uk/event/520050
523717,Canvassing In Cwmbach,National Campaign Weekend,2026-04-11 14:00:00,2026-04-11 16:00:00,"Gower Rd, Aberdare CF44 0LE, UK",CF440LE,Merthyr Tydfil and Aberdare,W07000099,False,False,False,True,0,1,1,2,CF44 0LE,False,,Canvassing in Cwmbach with Welsh Labour's Senedd candidates for Pontypridd Cynon Merthyr.,https://events.labour.org.uk/event/523717
524583,Canvassing in Sale Central!,Canvassing,2026-04-11 14:00:00,2026-04-11 15:00:00,"Winstanley Road, Sale, UK",M332AT,Wythenshawe and Sale East,E14001602,False,False,False,True,0,1,1,2,Meet on the corner of Winstanley Road and Dane Road,False,,Come and join us for a canvassing session in Sale Central!,https://events.labour.org.uk/event/524583
526280,Canvassing in Rye Lane ward 🌹 Labour Group session,National Campaign Weekend,2026-04-11 14:00:00,2026-04-11 16:00:00,"Peckham Rye Station, London, UK",SE155DQ,Peckham,E14001421,False,False,False,True,0,0,0,2,Peckham Rye Station,False,,"⭐ Join Southwark Labour out on the doors in Rye Lane ward speaking to residents about the issues that matter to them. If you've never canvassed before you'll be given a full briefing ahead of the session, and you can pair up with an experienced member of the team while you learn the ropes!",https://events.labour.org.uk/event/526280
526293,Canvassing in South Bermondsey ward 🌹 Labour Group session,National Campaign Weekend,2026-04-11 14:00:00,2026-04-11 16:00:00,"Bell’s Cafe, Grange Road, London, UK",SE13EU,Bermondsey and Old Southwark,E14001085,False,False,False,True,0,0,0,2,"Outside Bell's Café, Bermondsey Spa Gardens (off Grange Road) SE1 3EU",False,,"⭐ Join Southwark Labour out on the doors in South Bermondsey ward speaking to residents about the issues that matter to them. If you've never canvassed before you'll be given a full briefing ahead of the session, and you can pair up with an experienced member of the team while you learn the ropes!",https://events.labour.org.uk/event/526293
526531,Canvassing in Aberkenfig,National Campaign Weekend,2026-04-11 14:00:00,2026-04-11 16:00:00,"Dunraven Street, Aberkenfig, Bridgend, UK",CF329AS,Bridgend,W07000086,False,False,False,True,0,0,0,1,on Dunraven Street,False,,"The Senedd election is just around the corner and this is our moment. Come and support our short campaign and help us reach voters while it matters most. New or experienced, everyone's welcome. We'll support you every step of the way. Every conversation counts. Get involved, make an impact, and be part of something positive.",https://events.labour.org.uk/event/526531
526834,Temple Newsam Doorknocking,Canvassing,2026-04-11 14:00:00,2026-04-11 15:30:00,"Morritt Drive, Halton, Leeds, UK",LS157HZ,Leeds South,E14001323,False,False,False,True,0,0,0,2,"Park along Primrose Lane for doorknocking on Morritt Drive, Morritt Grove and streets off Selby Road",False,,Join candidates Tim and Julia and your Temple Newsam Labour team out on the doorstep for campaigning in this key seat! If you've not canvassed before - don't worry - you'll be paired up with a buddy until you feel more confident and full training will be provided. Point of contact: James 0783011370,https://events.labour.org.uk/event/526834
526889,Canvassing with Cheryl-Ann on Saturday 11th Apr 14:00 in Broughty Ferry,Canvassing,2026-04-11 14:00:00,2026-04-11 15:10:00,"Ceres Cres, Broughty Ferry, Dundee DD5 3JN, UK",DD53JN,Arbroath and Broughty Ferry,S14000066,False,False,False,True,20,0,0,1,"At entrance to Ceres Crescent, just off Balgillo Road - at red marker below",False,,"We visited here on Monday 6th, but this is to finish off this road group ( FERRY 22) . The streets are listed in the picture below.",https://events.labour.org.uk/event/526889
527124,Aberdeenshire West - canvassing in Insch with Kate Blake,Canvassing,2026-04-11 14:00:00,2026-04-11 15:30:00,"Denwell Rd, Insch AB52 6LH, UK",AB526LH,Gordon and Buchan,S14000091,False,False,False,True,0,2,2,1,Corner of Denwell Drive & B992,False,,"Please join us in this canvassing session with our candidate, Kate Blake. 

Don't worry if you have never done this before - there will be experienced members to help you get the hang of it.

Everyone is welcome.",https://events.labour.org.uk/event/527124
527596,Ilford South National Campaign Weekend - Newbury,National Campaign Weekend,2026-04-11 14:00:00,2026-04-11 16:00:00,"Mafeking Ave, Ilford IG2 7AP, UK",IG27AP,Ilford South,E14001301,False,False,False,True,0,2,2,2,Intersection of Wards Road and Mafeking Avenue,False,,"Join us for our National Campaign Weekend Super Saturday. Join your local MP Jas Athwal, local councillors, new candidates, and members from across Ilford South, as we find out the concerns of local residents and let them know all the great things Redbridge Labour is doing for them.

There will be a briefing at the start of the session covering doorstep conversations, the script, board running, data recording, and postal vote sign-ups. Buddying up with an experienced canvasser to shadow on doors will also be available. 

These sessions are ideal for new canvassers or people who want a slight refresher.",https://events.labour.org.uk/event/527596
527638,Bordesley & Highgate Canvassing 🌹,National Campaign Weekend,2026-04-11 14:00:00,2026-04-11 16:00:00,"Highgate Street, Birmingham",B120XR,Birmingham Ladywood,E14001096,False,False,False,True,0,0,0,1,,False,,"Join us as we canvass in Bordesley & Highgate ward for our 2026 local election candidate, Tyrone Fowles All new and experienced canvassers are welcome - training will be provided. RSVP for address details.",https://events.labour.org.uk/event/527638
527774,NCW 🌹 Canvassing in HEHPS ward,National Campaign Weekend,2026-04-11 14:00:00,2026-04-11 15:30:00,"Highams Park Station, London, UK",E49LA,Chingford and Woodford Green,E14001167,False,False,False,True,0,0,0,3,Highams Park Station,False,,"National Campaign Weekend 🌹 Join our HEHPS team out on the doors speaking to residents about how Labour is tackling the cost of living head-on. If you've never canvassed before you'll be given a full briefing ahead of the session, and you can pair up with an experienced member of the team while you learn the ropes!",https://events.labour.org.uk/event/527774
528161,National Campaign Weekend - Saturday 11th April - 2pm - West Park,Campaigning,2026-04-11 14:00:00,2026-04-11 16:00:00,"Taylor Park, Regents Road, Saint Helens, UK",WA103HU,St Helens South and Whiston,E14001510,False,False,False,True,0,2,2,2,"Usual car park meeting point, Grosvenor Road entrance",False,,Join us in West Park for the second session of the St Helens National Campaign Weekend!,https://events.labour.org.uk/event/528161
528250,NCW  Campaigning in Alexandra Park,Canvassing,2026-04-11 14:00:00,2026-04-11 15:00:00,"Sweet Tree Bakery, Crescent Road, London N22 7RP, UK",N227RP,Hornsey and Friern Barnet,E14001293,False,False,False,True,0,0,0,2,"Sweet Tree Bakery, N22 7RP",False,,"Join our Alexandra Park team out on the doors speaking to residents about the issues that matter to them. If you've never canvassed before you'll be given a full briefing ahead of the session, and you can pair up with an experienced member of the team while you learn the ropes",https://events.labour.org.uk/event/528250
528323,Canvassing in Ryton and Crookhill Ward,Campaigning,2026-04-11 14:00:00,2026-04-11 16:00:00,"21 Cushy Cow Ln, Ryton, UK",NE403NJ,Blaydon and Consett,E14001106,False,False,False,True,0,1,1,2,Entrance to Bellway Estate on Cushy Cow Lane,False,,"Come campaigning with Chris Buckley, Becky Skoyles and Eleanor Baggaley",https://events.labour.org.uk/event/528323
528452,Longfleet & Sterte Canvassing,Canvassing,2026-04-11 14:00:00,2026-04-11 15:30:00,"Jolliffe Road, Poole BH15 2HA, UK",BH152HA,Poole,E14001429,False,False,False,True,0,0,0,2,Corner of Jolliffe Road and Sandbourne Road,False,,Canvassing voters in Poole Town ward.,https://events.labour.org.uk/event/528452
528583,Halifax Town Sat pm,National Campaign Weekend,2026-04-11 14:00:00,2026-04-11 16:00:00,"Lee Mount Primary School, Lee Mount Road, Halifax, UK",HX35EB,Halifax,E14001262,False,False,False,True,0,0,0,2,,False,,Doorknocking,https://events.labour.org.uk/event/528583
526724,NCW 🌹 Canvassing in Grove Green ward,National Campaign Weekend,2026-04-11 14:30:00,2026-04-11 16:00:00,"Murchison Road & Norlington Road, London, UK",E106JZ,Leyton and Wanstead,E14001334,False,False,False,True,0,0,0,2,Murchison Road and Norlington Road,False,,"National Campaign Weekend 🌹 Join our Grove Green team out on the doors speaking to residents about how Labour is tackling the cost of living head-on. If you've never canvassed before you'll be given a full briefing ahead of the session, and you can pair up with an experienced member of the team while you learn the ropes!",https://events.labour.org.uk/event/526724
526901,Doorstep Surgery in Hillingdon West,Canvassing,2026-04-11 14:30:00,2026-04-11 16:30:00,"The Rise & Vine Lane, Uxbridge, UK",UB100AY,Uxbridge and South Ruislip,E14001558,False,False,False,True,0,2,2,3,"The Rise & Vine Lane, UB10 0AY",False,,"Join us for a doorstep surgery in Hillingdon West! Help us identify local issues that matter most to residents and how Hillingdon Labour and our Labour candidates can help improve the area. If it's your first time, don't worry, we will pair you up with someone more experience who can show you the ropes!",https://events.labour.org.uk/event/526901
527667,Canvassing in Barnsbury ward,National Campaign Weekend,2026-04-11 14:30:00,2026-04-11 16:00:00,"65 Barnsbury Street, London, UK",N11EJ,Islington South and Finsbury,E14001306,False,False,False,True,0,0,0,2,65 Barnsbury Street,False,,"Join our Barnsbury team out on the doors speaking to residents about the issues that matter to them. If you've never canvassed before you'll be given a full briefing ahead of the session, and you can pair up with an experienced member of the team while you learn the ropes!",https://events.labour.org.uk/event/527667
526561,Campaigning with Katherine Sangster,Campaigning,2026-04-11 15:00:00,2026-04-11 17:00:00,"Ashgrove, Musselburgh, UK",EH217HA,Lothian East,S14000096,False,False,False,True,0,1,1,3,Pinkie Farm Shop Musselburgh,False,,"Join our candidate for Holyrood, Katherine Sangster, speaking to voters in Edinburgh East, Musselburgh, and Tranent. If you've never door-knocked before, experienced campaigners will be on hand to teach you! Looking forward to seeing you there!",https://events.labour.org.uk/event/526561
526854,Campaigning in Heene for Anthony Squires and Sam Theodoridi,Canvassing,2026-04-11 15:00:00,2026-04-11 16:30:00,"Cats Protection - Worthing Charity Shop, Rowlands Road, Worthing, UK",BN113JJ,Worthing West,E14001599,False,False,False,True,100,3,3,3,Outside Cats Protection Shop on Rowlands Road,False,,"Come and campaign for our candidates Anthony Squires and Sam Theodoridi in Heene.

Not keen on door knocking? No problem, there will also be leaflets to deliver, and every bit of help makes a difference. Hope to see you there.",https://events.labour.org.uk/event/526854
526487,East Wickham ward canvassing,Canvassing,2026-04-11 15:30:00,2026-04-11 17:00:00,"Charmouth Road & Lyme Road, Welling, UK",DA161RJ,Old Bexley and Sidcup,E14001414,False,False,False,True,0,0,0,2,"Charmouth Road & Lyme Road, Welling, UK DA16 1RJ",False,,"Contact on the day is Philip Segurola, East Wickham Candidate 
we will be using the Labour One  app for canvassing, please download your member login, we will share the codes on the door. Look forward to seeing you",https://events.labour.org.uk/event/526487
528117,NCW  Tottenham Central,National Campaign Weekend,2026-04-11 15:30:00,2026-04-11 16:30:00,"Bruce Grove Station, London N17 6PY, UK",N176UR,Tottenham,E14001553,False,False,False,True,0,0,0,2,Bruce Grove Station N17 6PY,False,,"Join our NCW  Tottenham Central team out on the doors speaking to residents about the issues that matter to them. If you've never canvassed before you'll be given a full briefing ahead of the session, and you can pair up with an experienced member of the team while you learn the ropes",https://events.labour.org.uk/event/528117
526600,Doorknocking in Halesowen North,National Campaign Weekend,2026-04-11 16:00:00,2026-04-11 18:00:00,"Beaumont Rd, Halesowen B62 9HD, UK",B629HD,Halesowen,E14001261,False,False,False,True,0,0,0,3,Meeting at the junction of Beaumont Road and Belgrave Road,False,,Join Fiona Murray for doorknocking in her campaign to become a councillor in Halesowen North.,https://events.labour.org.uk/event/526600
519513,National Campaign Weekend: Canvassing in Bowes ward,National Campaign Weekend,2026-04-11 17:00:00,2026-04-11 18:00:00,"Empire Parade, Empire Parade, Great Cambridge Road, London N18 1AA, UK",N181AA,Southgate and Wood Green,E14001503,False,False,False,True,0,1,1,2,Empire Parade N18 1AA,False,,"Join our Bowes team out on the doors speaking to residents about the issues that matter to them. If you've never canvassed before you'll be given a full briefing ahead of the session, and you can pair up with an experienced member of the team while you learn the ropes!",https://events.labour.org.uk/event/519513
519980,🌹Canvassing in Greets Green & Lyng🌹,National Campaign Weekend,2026-04-11 17:30:00,2026-04-11 19:00:00,"Turner Street, West Bromwich, UK",B709HY,West Bromwich,E14001574,False,False,False,True,0,0,0,3,,False,,Join us in Greets Green and Lyng to help our amazing candidates to help spread Labour's message of renewal to residents! Never canvassed before? Don't worry! Training will be delivered on the day! 🌹,https://events.labour.org.uk/event/519980
525634,Canvassing in Ladywell,National Campaign Weekend,2026-04-11 17:30:00,2026-04-11 19:00:00,"Le Delice, Ladywell Road, London, UK",SE137UZ,Lewisham North,E14001332,False,False,False,True,0,1,1,2,"La Delice, Ladywell",False,,"Join our Ladywell team out on the doors speaking to residents about the issues that matter to them. If you've never canvassed before you'll be given a full briefing ahead of the session, and you can pair up with an experienced member of the team while you learn the ropes!",https://events.labour.org.uk/event/525634
528588,Sowerby Bridge Sun am leafleting,Leafletting,2026-04-12 06:45:00,2026-04-12 08:45:00,"246 Rochdale Road, Sowerby Bridge, UK",HX27NL,Halifax,E14001262,False,False,False,True,0,0,0,2,,False,,Leafleting,https://events.labour.org.uk/event/528588
526215,Canvassing in Nunhead and Queens Road ward 🌹 Labour Group session,National Campaign Weekend,2026-04-12 10:00:00,2026-04-12 12:00:00,"Old Nunshead, Nunhead Green, London, UK",SE153QQ,Peckham,E14001421,False,False,False,True,0,0,0,2,The Old Nunshead Pub,False,,"⭐ Join Southwark Labour out on the doors in Nunhead and Queens Road ward speaking to residents about the issues that matter to them. If you've never canvassed before you'll be given a full briefing ahead of the session, and you can pair up with an experienced member of the team while you learn the ropes!",https://events.labour.org.uk/event/526215
525357,Canvassing in Bridge,National Campaign Weekend,2026-04-12 10:30:00,2026-04-12 13:00:00,"Maidenhall Green, Ipswich, UK",IP28PQ,Ipswich,E14001302,False,False,False,True,0,0,0,3,Meet outside 10-28 Maidenhall Green,False,,Join us on the doorstep in Bridge,https://events.labour.org.uk/event/525357
526643,Canvassing in Bletchley Park,Canvassing,2026-04-12 10:30:00,2026-04-12 11:30:00,"Eaton Avenue & Leon Avenue, Fenny Stratford, Bletchley, Milton Keynes, UK",MK22HN,Buckingham and Bletchley,E14001141,False,False,False,True,0,0,0,3,,False,,"Join the Bletchley Park team to speak to local residents on the doorstep about what matters to them, and how Labour is working nationally and locally to help people in Milton Keynes. Don't worry if you've never campaigned before, you'll be paired up with someone until you get the hang of it.",https://events.labour.org.uk/event/526643
519514,National Campaign Weekend: Canvassing in Bullsmoor ward,National Campaign Weekend,2026-04-12 11:00:00,2026-04-12 12:00:00,"Turkey Street Station, Turkey Street, Enfield, UK",EN14PP,Enfield North,E14001225,False,False,False,True,0,0,0,2,Turkey Street Station,False,,"Join our Bullsmoor team out on the doors speaking to residents about the issues that matter to them. If you've never canvassed before you'll be given a full briefing ahead of the session, and you can pair up with an experienced member of the team while you learn the ropes!",https://events.labour.org.uk/event/519514
519799,Worsley & Eccles CLP Campaigning - Swinton & Wardley,Campaigning,2026-04-12 11:00:00,2026-04-12 12:30:00,"Salford Civic Centre, Chorley Road, Swinton, Manchester, UK",M275AP,Worsley and Eccles,E14001598,False,False,False,True,0,2,2,2,The clock tower,False,,Campaigning for our fantastic candidates!,https://events.labour.org.uk/event/519799
519959,🌹Canvassing in Tipton Green🌹,National Campaign Weekend,2026-04-12 11:00:00,2026-04-12 12:30:00,"Thunderbolt Way, Tipton, UK",DY49SR,Tipton and Wednesbury,E14001547,False,False,False,True,0,0,0,3,,False,,Join us in Tipton Green to help our amazing candidates to help spread Labour's message of renewal to residents! Never canvassed before? Don't worry! Training will be delivered on the day! 🌹,https://events.labour.org.uk/event/519959
520087,🌹Canvassing in Newton 🌹,National Campaign Weekend,2026-04-12 11:00:00,2026-04-12 12:30:00,"Appleton Ave, Birmingham B43 5NB, UK",B435NB,West Bromwich,E14001574,False,False,False,True,0,0,0,3,,False,,Join us in Newton ward to help our amazing candidates to help spread Labour's message of renewal to residents! Never canvassed before? Don't worry! Training will be delivered on the day! 🌹,https://events.labour.org.uk/event/520087
520088,🌹Canvassing in Newton 🌹,National Campaign Weekend,2026-04-12 11:00:00,2026-04-12 12:30:00,"Appleton Ave, Birmingham B43 5NB, UK",B435NB,West Bromwich,E14001574,False,False,False,True,0,0,0,3,,False,,Join us in Newton ward to help our amazing candidates to help spread Labour's message of renewal to residents! Never canvassed before? Don't worry! Training will be delivered on the day! 🌹,https://events.labour.org.uk/event/520088
522398,Canvassing in Romsey - 12  April morning,Canvassing,2026-04-12 11:00:00,2026-04-12 13:00:00,"Cromwell Rd & Coldhams Lane, Cambridge, UK",CB13HZ,Cambridge,E14001149,False,False,False,True,0,0,0,2,Cromwell Rd & Coldhams Lane,False,,Join us canvassing in Romsey!,https://events.labour.org.uk/event/522398
525181,Stevenage National Campaign Weekend,National Campaign Weekend,2026-04-12 11:00:00,2026-04-12 13:00:00,"Bedwell Cres, Stevenage SG1 1NA, UK",SG11NA,Stevenage,E14001516,False,False,False,True,0,1,1,3,,False,,Join us for the National Campaign Weekend in Stevenage. It will start at 11am and the meet point is Bedwell Shops- SG1 1NA.,https://events.labour.org.uk/event/525181
525834,National Campaign Weekend - Canvassing in Aintree & Maghull South,Canvassing,2026-04-12 11:00:00,2026-04-12 13:00:00,"Moorhey Rd & Moorland Rd, Liverpool L31 5LW, UK",L315LW,Sefton Central,E14001463,False,False,False,True,0,0,0,2,,False,,"Come and join Sefton Labour on the doors! We will be out across our communities speaking with residents about the issues that matter most to them. If this is your first time canvassing, no need to worry, we will pair you up with an experienced campaigner to show you the ropes.",https://events.labour.org.uk/event/525834
525847,Campaigning in Vauxhall,Canvassing,2026-04-12 11:00:00,2026-04-12 12:30:00,"Vauxhall Underground Station, London, UK",SW82LN,Vauxhall and Camberwell Green,E14001559,False,False,False,True,0,0,0,2,,False,,"Join us as we speak to residents in Vauxhall ahead of the May 2026 local elections! There will be plenty of experienced campaigners and councillors, so if you've never campaigned before this will be the perfect starting point.",https://events.labour.org.uk/event/525847
526954,Campaigning with Catriona Munro in Greenbank,Campaigning,2026-04-12 11:00:00,2026-04-12 12:30:00,"Glenlockhart Road & The Steils, Edinburgh, UK",EH105XA,Edinburgh South West,S14000081,False,False,False,True,0,0,0,1,,False,,"Join us in Greenbank for a campaign session for Catriona Munro; if you haven't door-knocked before, there will be people there to show you the ropes.",https://events.labour.org.uk/event/526954
527018,Canvassing in Charlton Hornfair🌹,National Campaign Weekend,2026-04-12 11:00:00,2026-04-12 12:00:00,"Charlton Park Ln, London SE7 8QU, UK",SE78QU,Eltham and Chislehurst,E14001223,False,False,False,True,0,0,0,3,Meet on the corner of Charlton Park Lane and Charlton Dene,False,,Join local candidates and Greenwich Labour activists as we speak to residents in Charlton Hornfair. No experience required!,https://events.labour.org.uk/event/527018
527658,Canvassing in Arsenal ward,National Campaign Weekend,2026-04-12 11:00:00,2026-04-12 13:00:00,"Co-op Food - Highbury - Queensland Terrace, Benwell Road, London, UK",N77BA,Islington North,E14001305,False,False,False,True,0,0,0,2,Benwell Coop,False,,"Join our Arsenal team out on the doors speaking to residents about the issues that matter to them. If you've never canvassed before you'll be given a full briefing ahead of the session, and you can pair up with an experienced member of the team while you learn the ropes!",https://events.labour.org.uk/event/527658
527929,National Campaign Weekend: Haggerston Canvassing,National Campaign Weekend,2026-04-12 11:00:00,2026-04-12 13:00:00,"Pownall Road & Queensbridge Rd, London E8 4SG, UK",E84SG,Hackney South and Shoreditch,E14001260,False,False,False,True,0,0,0,2,"Jct Pownell Rd & Queensbridge Rd, E8 4SG",False,,Join Hackney Labour as we meet and listen to local residents!,https://events.labour.org.uk/event/527929
528296,Pitshanger - canvassing,Canvassing,2026-04-12 11:00:00,2026-04-12 12:30:00,"Castle Bar Park Station, London, UK",W130DH,Ealing North,E14001208,False,False,False,True,0,0,0,1,Outside castle bar park station,False,,"Ealing Labour will be out on the doorstep in Pitshanger! Please do join us if you can whilst we stay in touch with residents in the build up to the local elections this year. If it is your first time on the doors, don't worry, we will team you up with an experienced canvasser.",https://events.labour.org.uk/event/528296
528300,Hanwell Broadway - canvassing,Canvassing,2026-04-12 11:00:00,2026-04-12 12:30:00,"Boston Manor Hotel, Boston Road, London, UK",W72HJ,Ealing Southall,E14001209,False,False,False,True,0,0,0,2,Boston Manor Hotel,False,,"Ealing Labour will be out on the doorstep in Hanwell Broadway! Please do join us if you can whilst we stay in touch with residents in the build up to the local elections this year. If it is your first time on the doors, don't worry, we will team you up with an experienced canvasser.",https://events.labour.org.uk/event/528300
528407,Wingrove Door Knocking,Canvassing,2026-04-12 11:00:00,2026-04-12 12:30:00,"Cedar Road & Grange Road, Fenham, Newcastle upon Tyne, UK",NE49LD,Newcastle upon Tyne Central and West,E14001377,False,False,False,True,0,0,0,2,,False,,Join us for door knocking. Bus number 12 gets you to the meeting point.,https://events.labour.org.uk/event/528407
528633,Glasgow Cathcart and Pollok Campaigning!,Campaigning,2026-04-12 11:00:00,2026-04-12 12:30:00,"Barberry Avenue, Glasgow G53 7YP, UK",G537YP,Glasgow South West,S14000088,False,False,False,True,0,0,0,3,"Barberry Avenue, Southpark Village, Glasgow G53 7YP",False,,"Join us this Sunday for campaigning in Glasgow Cathcart and Pollok! We will be out chatting with voters on the doorstep about what matters most to them and we need your help. We will be meeting at Barberry Avenue, Southpark Village, Glasgow G53 7YP for 11:00am. Please come along and join us, don't worry if you haven't campaigned before we will have experienced volunteers there to lend a hand!",https://events.labour.org.uk/event/528633
529021,Narborough Canvassing,Canvassing,2026-04-12 11:00:00,2026-04-12 12:30:00,"1 Copt Oak Road, Narborough, Leicester, UK",LE193WY,South Leicestershire,E14001488,False,False,False,True,0,1,1,2,1 Copt Oak Road,False,,Canvassing ahead of Narborough and Whetstone by-election,https://events.labour.org.uk/event/529021
526002,Canvassing in Eltham Park and Progress,National Campaign Weekend,2026-04-12 11:30:00,2026-04-12 13:00:00,"Dairsie Road, London, UK",SE91RD,Eltham and Chislehurst,E14001223,False,False,False,True,0,0,0,3,Meet on the corner of Dairsie Road and Westmount Road,False,,Join local candidates and Greenwich Labour activists as we speak to residents in Eltham Park and Progress. No experience required!,https://events.labour.org.uk/event/526002
521478,"Shrub End Canvassing - Sunday 12th April, 12am",Canvassing,2026-04-12 12:00:00,2026-04-12 13:00:00,"Oakapple Close, Colchester, UK",CO29FS,Colchester,E14001176,False,False,False,True,20,0,0,3,Meet at the junction of Oakapple Close/Baronswood Way,False,,"Come and meet the voters of Shrub End with county council candidate Dave Harris, city council candidate Cameron Hope and the Shrub End Labour Team. Check the forecast and dress appropriately.",https://events.labour.org.uk/event/521478
525894,Canvassing in Kidbrooke Village and Sutcliffe🌹,National Campaign Weekend,2026-04-12 13:00:00,2026-04-12 14:00:00,"Courtlands Avenue, London, UK",SE128JA,Eltham and Chislehurst,E14001223,False,False,False,True,0,1,1,3,The corner of Courtlands Avenue and Eltham Road,False,,Join local candidates and Greenwich Labour activists as we speak to residents in Kidbrooke Village and Sutcliffe. No experience required!,https://events.labour.org.uk/event/525894
528252,Campaigning in Bishopton with Mike McKirdy,Canvassing,2026-04-12 13:00:00,2026-04-12 15:00:00,"Gatehead Avenue, Bishopton PA7 5QS, UK",PA75QQ,Paisley and Renfrewshire North,S14000101,False,False,False,True,0,0,0,3,"Gatehead Avenue, PA7 5QS",False,,Join us on the campaign trail to elect Mike McKirdy as our next Scottish Labour MSP in Renfrewshire North and Cardonald. Don't worry if you are new to canvassing - experienced activists will be on hand to support you.,https://events.labour.org.uk/event/528252
526980,Canvassing in Woolwich Dockyard,National Campaign Weekend,2026-04-12 13:30:00,2026-04-12 15:00:00,"Sunbury Street, London, UK",SE185AN,Greenwich and Woolwich,E14001257,False,False,False,True,0,2,2,2,Meet on the corner of Sunbury Street and Greenlaw Street,False,,Join local candidates and Greenwich Labour activists as we speak to residents in Woolwich Dockyard. No experience required!,https://events.labour.org.uk/event/526980
519515,National Campaign Weekend: Canvassing in Palmers Green ward,National Campaign Weekend,2026-04-12 14:00:00,2026-04-12 15:00:00,"Palmers Green Station, London, UK",N134HZ,Southgate and Wood Green,E14001503,False,False,False,True,0,1,1,2,Palmers Green Station,False,,"Join our Palmers Green team out on the doors speaking to residents about the issues that matter to them. If you've never canvassed before you'll be given a full briefing ahead of the session, and you can pair up with an experienced member of the team while you learn the ropes!",https://events.labour.org.uk/event/519515
520051,Canvassing in Arbury - 12 April,Canvassing,2026-04-12 14:00:00,2026-04-12 16:00:00,"Mayfield Primary School, Warwick Road, Cambridge, UK",CB43HN,Cambridge,E14001149,False,False,False,True,0,1,1,2,Mayfield Primary School,False,,Join us canvassing in Arbury!,https://events.labour.org.uk/event/520051
523146,Canvassing in Bangor,National Campaign Weekend,2026-04-12 14:00:00,2026-04-12 16:00:00,"Orme Rd, Bangor LL57 1AY, UK",LL571AY,Bangor Aberconwy,W07000083,False,False,False,True,0,3,3,3,The corner of Orme Road and Glynne Road,False,,Hello members and supporters! The Senedd campaign is underway. We are weeks out from polling day and we need your help to get as many of our candidates elected. See you on the doors!,https://events.labour.org.uk/event/523146
525837,National Campaign Weekend - Canvassing in Waterloo,Canvassing,2026-04-12 14:00:00,2026-04-12 16:00:00,"Brook Vale, Waterloo, Liverpool, UK",L223YB,Bootle,E14001113,False,False,False,True,0,0,0,2,,False,,"Come and join Sefton Labour on the doors! We will be out across our communities speaking with residents about the issues that matter most to them. If this is your first time canvassing, no need to worry, we will pair you up with an experienced campaigner to show you the ropes.",https://events.labour.org.uk/event/525837
526005,🌹Lancaster Gate Canvassing🌹,National Campaign Weekend,2026-04-12 14:00:00,2026-04-12 16:00:00,"Waitrose & Partners, Porchester Road, London, UK",W26AP,Kensington and Bayswater,E14001310,False,False,False,True,0,0,0,3,,False,,"Come and join our team as we speak to voters ahead of the May 2026 local elections. We will be out on the doorstep speaking to residents about the issues that matter most to them. If it is your first time canvassing, do not worry. We will pair you up with an experienced campaigner.",https://events.labour.org.uk/event/526005
527846,Re-elect Minesh: Canvassing in Crookes,Canvassing,2026-04-12 14:00:00,2026-04-12 15:30:00,"Co-op Food - Sheffield - Crookes, Crookes, Sheffield, UK",S101TG,Sheffield Hallam,E14001468,False,False,False,True,0,1,1,1,Meet opposite the Crookes Co-op,False,,"Join our lovely Crookes and Crosspool team for this canvassing as we seek to re-elect Minesh. We will be meeting on Friday the 10th at 14:00pm opposite the Crookes Co-op.

If you are new to canvassing, it would be great to have you join us. No experience is needed, and you will be paired up with someone until you feel confident.",https://events.labour.org.uk/event/527846
528104,NCW  Bounds Green,Canvassing,2026-04-12 14:00:00,2026-04-12 15:00:00,"Bounds Green Station, London N11 2DE, UK",N112DE,Southgate and Wood Green,E14001503,False,False,False,True,0,0,0,2,"Bounds Green Station, N11 2DE",False,,"Join our NCW  Bounds Green team out on the doors speaking to residents about the issues that matter to them. If you've never canvassed before you'll be given a full briefing ahead of the session, and you can pair up with an experienced member of the team while you learn the ropes",https://events.labour.org.uk/event/528104
528398,Canvassing - ADAMSDOWN,Canvassing,2026-04-12 14:00:00,2026-04-12 15:30:00,"Royal Oak, Broadway, Cardiff, UK",CF241QJ,Cardiff East,W07000089,False,False,False,True,0,0,0,2,,False,,Join our Senedd candidates as we carry on campaigning ahead of the Senedd election day in May,https://events.labour.org.uk/event/528398
528457,Poole Town Leafletting,Leafletting,2026-04-12 14:00:00,2026-04-12 15:30:00,"Sterte Road, Poole BH15 2AE, UK",BH152AE,Poole,E14001429,False,False,False,True,0,2,2,2,Corner of Sterte Rd and Sterte Avenue,False,,Lealfeltting in Sterte. May be changed depending on Saturday weather.,https://events.labour.org.uk/event/528457
519941,Canvassing in Brislington - MAKE WORK PAY NATIONAL CAMPAIGN WEEKEND,Canvassing,2026-04-12 15:00:00,2026-04-12 16:30:00,"Wick Rd, Brislington, Bristol BS4 4HA, UK",BS44HA,Bristol East,E14001132,False,False,False,True,0,3,3,2,Crossing of Wick Rd and Trewlawney Park,False,,Join Bristol East Labour as we head out on a listening session to listen to the views and concerns of local residents.,https://events.labour.org.uk/event/519941
523046,Falkirk East & Linlithgow Campaigning - 12/04/26,Canvassing,2026-04-12 15:00:00,2026-04-12 17:00:00,"Falkirk, UK",FK11RA,No Constituency Found,,False,False,False,True,0,0,0,1,,True,,"Falkirk East and Linlithgow needs your help! Come door knocking with your local Scottish Labour candidate. 

With just a matter of weeks to go until the Scottish Parliamentary Elections we need everyone we can! Use the link below to sign up, no experience needed!",https://events.labour.org.uk/event/523046
527913,Canvassing St Luke's,Canvassing,2026-04-12 15:00:00,2026-04-12 16:30:00,"St Luke's Rd, Southend-on-Sea SS2 4AA, UK",SS24AA,Southend West and Leigh,E14001502,False,False,False,True,0,3,3,1,"St Luke's Road, Junction with Bournmouth Park Road",False,,"Join us speaking to residents in St Luke's ward. If possible please arrive 10 minutes early so we can make a prompt start.

Don't worry if you haven't canvassed before - you can pair up with an experienced canvasser.",https://events.labour.org.uk/event/527913
528075,NCW Super Sunday late afternoon!,Canvassing,2026-04-12 15:30:00,2026-04-12 16:30:00,"St Mary's CE Primary School, Rectory Gardens, London N8 7QN, UK",N87QN,Hornsey and Friern Barnet,E14001293,False,False,False,True,0,0,0,2,"Outside St. Mary’s CE Primary School, N8 7QN",False,,"Join our SPECIAL GUEST Adam Jogee MP and our Super Sunday team out on the doors in Hornsey speaking to residents about the issues that matter to them. If you've never canvassed before you'll be given a full briefing ahead of the session, and you can pair up with an experienced member of the team while you learn the ropes",https://events.labour.org.uk/event/528075
522395,Canvassing in Romsey - 12 April,Canvassing,2026-04-12 16:00:00,2026-04-12 18:00:00,"Coldham's Grove & Coldhams Lane, Cambridge CB1 3HG, UK",CB13HG,Cambridge,E14001149,False,False,False,True,0,0,0,2,Coldham's Grove & Coldhams Lane,False,,Join us canvassing in Romsey!,https://events.labour.org.uk/event/522395
526553,Canvassing in Dulwich Wood ward 🌹 Labour Group session,National Campaign Weekend,2026-04-12 16:00:00,2026-04-12 18:00:00,"Melford Road & Lordship Lane, London SE22 8JY, UK",SE228JY,Dulwich and West Norwood,E14001205,False,False,False,True,0,0,0,2,"Junction of Melford Road and Lordship Lane, SE22",False,,"⭐ Join Southwark Labour out on the doors in Dulwich Wood ward speaking to residents about the issues that matter to them. If you've never canvassed before you'll be given a full briefing ahead of the session, and you can pair up with an experienced member of the team while you learn the ropes!",https://events.labour.org.uk/event/526553
527615,Ladywood Canvassing 🌹,Canvassing,2026-04-12 16:00:00,2026-04-12 17:30:00,"Library of Birmingham, Centenary Square, Birmingham, UK",B12EP,Birmingham Ladywood,E14001096,False,False,False,True,0,0,0,1,,False,,"Join us as we canvass in Ladywood Ward for our 2026 local elections, Sally Benton and Satvir Dosanjh. All new and experienced canvassers are welcome - training will be provided. RSVP for address details.",https://events.labour.org.uk/event/527615
526148,Canvassing in Chaucer ward 🌹 Labour Group session,National Campaign Weekend,2026-04-12 16:30:00,2026-04-12 18:30:00,"The Roebuck, Great Dover Street, London, UK",SE14YG,Bermondsey and Old Southwark,E14001085,False,False,False,True,0,0,0,2,Roebuck Great Dover Street,False,,"⭐ Join Southwark Labour out on the doors in Chaucer ward speaking to residents about the issues that matter to them. If you've never canvassed before you'll be given a full briefing ahead of the session, and you can pair up with an experienced member of the team while you learn the ropes!",https://events.labour.org.uk/event/526148
526938,Come and Canvass in East Ham,National Campaign Weekend,2026-04-12 16:30:00,2026-04-12 18:30:00,"East Ham Library, Barking Road, London, UK",E62RT,East Ham,E14001213,False,False,False,True,0,7,7,2,,False,,Come and canvass with our candidates,https://events.labour.org.uk/event/526938
525185,Stevenage National Campaign Weekend,National Campaign Weekend,2026-04-12 17:00:00,2026-04-12 19:00:00,"1 Leaves Spring, Shephall, Stevenage, UK",SG29AB,Stevenage,E14001516,False,False,False,True,0,0,0,3,,False,,Join us for the National Campaign Weekend in Stevenage. It will start at 5pm and the meet point is 1 Leaves Spring- SG2 9AB.,https://events.labour.org.uk/event/525185
527935,National Campaign Weekend: Lea Bridge Canvassing,National Campaign Weekend,2026-04-12 17:00:00,2026-04-12 19:00:00,"Co-op Food - Hackney - Theydon Road, Theydon Road, London E5 9BQ, UK",E59BQ,Hackney North and Stoke Newington,E14001259,False,False,False,True,0,0,0,2,"Co-op, Theydon Rd, E5 9BQ",False,,Join Hackney Labour as we meet and listen to local residents!,https://events.labour.org.uk/event/527935
528301,Hanwell Broadway - canvassing,Canvassing,2026-04-12 17:30:00,2026-04-12 19:00:00,"Boston Manor Hotel, Boston Road, London, UK",W72HJ,Ealing Southall,E14001209,False,False,False,True,0,0,0,2,Boston Manor Hotel,False,,"Ealing Labour will be out on the doorstep in Hanwell Broadway! Please do join us if you can whilst we stay in touch with residents in the build up to the local elections this year. If it is your first time on the doors, don't worry, we will team you up with an experienced canvasser.",https://events.labour.org.uk/event/528301
528099,Campaigning in Muswell Hill,Canvassing,2026-04-13 10:30:00,2026-04-13 11:30:00,"The Mossy Well, Muswell Hill Broadway, London N10 3SH, UK",N103SH,Hornsey and Friern Barnet,E14001293,False,False,False,True,0,0,0,2,"The Mossy Well, N10 3SH",False,,"Join our Muswell Hill team out on the doors speaking to residents about the issues that matter to them. If you've never canvassed before you'll be given a full briefing ahead of the session, and you can pair up with an experienced member of the team while you learn the ropes",https://events.labour.org.uk/event/528099
529331,Monday morning door knocking in Paisley,Canvassing,2026-04-13 10:30:00,2026-04-13 12:00:00,"9 Craigfaulds Avenue, Paisley, UK",PA29QQ,Paisley and Renfrewshire South,S14000102,False,False,False,True,0,0,0,3,Where Craigfaulds Ave meets Cross Rd,False,,"Join Team Bibby and help speak to as many voters as possible ahead of the election on 7 May. Even if you can spare half an hour, any time will help make a difference to the result in Paisley. 

Don't worry if you've never door knocked before, there will be plenty of people to show you the ropes.",https://events.labour.org.uk/event/529331
519968,🌹Canvassing in Blackheath🌹,Canvassing,2026-04-13 11:00:00,2026-04-13 12:30:00,"Majestic Way, Rowley Regis, UK",B659RH,Smethwick,E14001478,False,False,False,True,0,0,0,2,,False,,Join us in Blackheath to help our amazing candidates to help spread Labour's message of renewal to residents! Never canvassed before? Don't worry! Training will be delivered on the day! 🌹,https://events.labour.org.uk/event/519968
523047,Falkirk East & Linlithgow Campaigning - 13/04/26,Canvassing,2026-04-13 11:00:00,2026-04-13 13:00:00,"Deanfield Dr, Bo'ness, UK",EH510EZ,Bathgate and Linlithgow,S14000068,False,False,False,True,0,0,0,3,,False,,"Falkirk East and Linlithgow needs your help! Come door knocking with your local Scottish Labour candidate. 

With just a matter of weeks to go until the Scottish Parliamentary Elections we need everyone we can! Use the link below to sign up, no experience needed!",https://events.labour.org.uk/event/523047
528946,Welwyn Hatfield Canvassing,Canvassing,2026-04-13 11:00:00,2026-04-13 13:00:00,"Boundary Lane & Boundary Court, Welwyn Garden City, UK",AL74EA,Welwyn Hatfield,E14001573,False,False,False,True,100,0,0,3,,False,,Join Welwyn Hatfield Labour in the 2026 local election campaign. A full briefing will be provided at the start of every session and if you're new you can be paired up with an experienced door knocker until you're comfortable. Every volunteer makes a huge difference and we hope to see you on the doorstep soon.,https://events.labour.org.uk/event/528946
529148,Re-elect Minesh: Canvassing in Crookes,Canvassing,2026-04-13 11:00:00,2026-04-13 12:30:00,"Co-op Food - Sheffield - Crookes, Crookes, Sheffield, UK",S101TG,Sheffield Hallam,E14001468,False,False,False,True,0,0,0,1,Meeting opposite the Crookes Co-op,False,,"Join our lovely Crookes and Crosspool team for this canvassing as we seek to re-elect Minesh. We will be meeting on Monday the 13th at 11:00am opposite the Co-op in Crookes.

If you are new to canvassing, it would be great to have you join us. No experience is needed, and you will be paired up with someone until you feel confident.",https://events.labour.org.uk/event/529148
529893,Canvassing in Junction ward,Canvassing,2026-04-13 12:00:00,2026-04-13 14:00:00,"Archway Station, Junction Road, London, UK",N193TD,Islington North,E14001305,False,False,False,True,0,0,0,2,Archway Station,False,,"Join our Junction team out on the doors speaking to residents about the issues that matter to them. If you've never canvassed before you'll be given a full briefing ahead of the session, and you can pair up with an experienced member of the team while you learn the ropes!",https://events.labour.org.uk/event/529893
528645,Canvassing in Splott | Caerdydd Penarth,Canvassing,2026-04-13 12:30:00,2026-04-13 14:00:00,"Clydesmuir Rd, Cardiff CF24 2PX",CF242PX,Cardiff South and Penarth,W07000091,False,False,False,True,0,2,2,2,Corner of Tweedsmuir Rd and Clydesmuir Rd,False,,Join us as we speak to residents in Caerdydd Penarth ahead of the Senedd election.,https://events.labour.org.uk/event/528645
528670,Danny's Election Address Delivery,Leafletting,2026-04-13 13:00:00,2026-04-13 15:00:00,"Chapel Street, Woodhouse, Sheffield S13 7JN, UK",S137JN,Sheffield South East,E14001470,False,False,False,True,0,0,0,2,Co-op Car Park,False,,Deliver Danny's election address,https://events.labour.org.uk/event/528670
529338,Campaigning with Caitlin Stott!,Canvassing,2026-04-13 13:00:00,2026-04-13 15:00:00,"Stobhill Road & Lingerwood Walk, Newtongrange, Dalkeith, UK",EH224NY,Midlothian,S14000045,False,False,False,True,0,0,0,3,Corner of Stobhill Road and Lingerwood Walk,False,,"Its election year in Midlothian North! Join our Scottish Parliamentary candidate Caitlin Stott for a session of campaigning to take Scotland in the New Direction it needs! If you've never campaigned before not to worry! - we'll give you training at the start before pairing you up with an experienced campaigner while you hit the doors. We always have a good blether in between doors as well, so I promise you'll have a good time whilst also helping us make Midlothian North a Labour Gain! Any questions? Email stottcaitlin41@gmail.com",https://events.labour.org.uk/event/529338
529491,Canvassing in Northumberland Heath,Canvassing,2026-04-13 13:30:00,2026-04-13 14:30:00,"Dalmeny Rd, Erith DA8 1JX, UK",DA81JX,Bexleyheath and Crayford,E14001089,False,False,False,True,0,0,0,1,,False,,"Join us canvassing as we work to get Rachel and Matthew elected as Councillors for Barnehurst. 

Volunteer for Labour, Stop Reform. 

Please use the pin as the start location (Junction of Belmont Road and Dalmeny Road). 

📞 Contact on the day is Tommy Hill (Bexley Campaign Assistant) - 7508 656326",https://events.labour.org.uk/event/529491
528878,Canvassing in Llandudno,Canvassing,2026-04-13 14:00:00,2026-04-13 16:00:00,"Maesdu Rd, Llandudno LL30 1LW, UK",LL301LW,Bangor Aberconwy,W07000083,False,False,False,True,0,0,0,3,"The corner of Maesdu Road and Cwm Road, outside the secondary school",False,,Hello members and supporters! The Senedd campaign is underway. We are weeks out from polling day and we need your help to get as many of our candidates elected. See you on the doors!,https://events.labour.org.uk/event/528878
529553,Darton East Branch Leafleting,Leafletting,2026-04-13 14:30:00,2026-04-13 15:30:00,"Carr Green Lane, Mapplewell, Barnsley, UK",S756DY,Barnsley North,E14001074,False,False,False,True,0,1,1,2,"Mapplewell Co op, Blacker Rd, Mapplewell",False,,"Join us for a leaflet session to support our excellent Darton East Branch Labour candidates Don't worry if you've not campaigned before, we'll pair you with an experienced campaigner until you find your feet! Contact Teresa (Candidate Branch Secretary)",https://events.labour.org.uk/event/529553
528889,Campaigning with Caitlin Stott!,Canvassing,2026-04-13 15:00:00,2026-04-13 17:00:00,"Eskbank Road & Pendreich Drive, Bonnyrigg, UK",EH193AJ,Midlothian,S14000045,False,False,False,True,0,0,0,3,Corner of Eskbank Road and Pendriech Drive,False,,"Its election year in Midlothian North! Join our Scottish Parliamentary candidate Caitlin Stott for a session of campaigning to take Scotland in the New Direction it needs! If you've never campaigned before not to worry! - we'll give you training at the start before pairing you up with an experienced campaigner while you hit the doors. We always have a good blether in between doors as well, so I promise you'll have a good time whilst also helping us make Midlothian North a Labour Gain! Any questions? Email stottcaitlin41@gmail.com",https://events.labour.org.uk/event/528889
529033,Campaigning with Catriona Munro in Westburn,Campaigning,2026-04-13 15:00:00,2026-04-13 16:30:00,"Westburn Avenue & Westburn Park, Edinburgh, UK",EH142RU,Edinburgh South West,S14000081,False,False,False,True,0,0,0,1,,False,,"Join us in Westburn for a campaign session for Catriona Munro; if you haven't door-knocked before, there will be people there to show you the ropes.",https://events.labour.org.uk/event/529033
529631,Campaigning in Clydebank and Milngavie,Canvassing,2026-04-13 15:30:00,2026-04-13 17:00:00,"Scotmid Coop Bearsden, Ledi Drive, Bearsden, Glasgow, UK",G614JJ,Mid Dunbartonshire,S14000097,False,False,False,True,0,0,0,1,"Meeting at the Scotmid Co-op Bearsden, Ledi Drive, Bearsden",False,,"Join us in speaking to voters across Clydebank and Milngavie ahead of next years Scottish parliament election. Don't worry if you have never campaigned before, training will be provided by one of our more experienced volunteers.",https://events.labour.org.uk/event/529631
522810,🌹 Barnsley Labour Blitz Session - Worsbrough 🌹,Canvassing,2026-04-13 16:00:00,2026-04-13 17:00:00,"Park Road Chippy, Park Road, Barnsley, UK",S701YJ,Barnsley South,E14001075,False,False,False,True,100,0,0,2,,False,,"Join the Barnsley Labour team for a morning of canvassing to support our excellent local Labour candidates - Roy Bowser & John Clarke.

Don't worry if you've not campaigned before, we'll pair you with an experienced campaigner until you find your feet!",https://events.labour.org.uk/event/522810
529283,Leaflet delivery in Partington,Leafletting,2026-04-13 16:00:00,2026-04-13 16:15:00,"Broadway, Partington, Manchester M31 4DH, UK",M314DH,Stretford and Urmston,E14001528,False,False,False,True,0,0,0,2,"Meet at the junction of Broadway and Manchester Road, M31 4DH",False,,Join Aidan and the Labour team for a leaflet delivery session in Partington.  Rounds will be available for collection between 4pm and 4.15pm on Monday 13 April.,https://events.labour.org.uk/event/529283
529446,Ravenscraig Sports Centre Monday Afternoon 4pm 13/04/2026,Campaigning,2026-04-13 16:00:00,2026-04-13 17:30:00,"Ravenscraig Regional Sports Facility, O'Donnell Way, Wishaw, Motherwell, UK",ML12TZ,"Motherwell, Wishaw and Carluke",S14000099,False,False,False,True,0,2,2,3,Ravenscraig Sports Centre,False,,Campaigning with our excellent candidate for Motherwell and Wishaw Ayesha Khan. Also Anas Sarwar and the battle bus will be turning up.,https://events.labour.org.uk/event/529446
529861,West Thornton canvass: Monday 13th April @ 2026,Campaigning,2026-04-13 16:00:00,2026-04-13 17:00:00,"Gonville Rd, Thornton Heath CR7 6DE, UK",CR76DE,Croydon West,E14001188,False,False,False,True,0,0,0,2,"Corner of Gonville Road and Thornton Road, CR7 6DE",False,,"Join Rowenna Davis and West Thornton Labour as we speak to voters about our plan to put People First.

TIME: 4pm

LOCATION: Corner of Gonville Road and Thornton Road, CR7 6DE

NEAREST TRANSPORT: Bus route 289 (""Thornton Heath Pond/ Fairlands Avenue"", 3 min walk)",https://events.labour.org.uk/event/529861
529949,Campaigning in Fallowfield- Monday 13th April 4pm,Canvassing,2026-04-13 16:00:00,2026-04-13 17:30:00,"ALDI, Lloyd Street South, Fallowfield, Manchester, UK",M147LA,Manchester Rusholme,E14001353,False,False,False,True,0,0,0,2,,False,,"The Fallowfield Councillors will be joined by activists to chat to residents, and show that Labour is here to help. If you're an experienced campaigner, or new to door knocking and looking to get involved, please come along to help us listen to people's concerns. If you're new to campaigning, we're happy to support you and can pair you up with an experienced colleague. We hope to see you there! 🌹",https://events.labour.org.uk/event/529949
528142,Campaigning in Tottenham Central,Canvassing,2026-04-13 16:30:00,2026-04-13 17:30:00,"Expa Supermarkets London, Philip Lane, London N15 4HQ, UK",N154HQ,Tottenham,E14001553,False,False,False,True,0,0,0,2,Expa N15 4HQ,False,,"Join our Tottenham Central team out on the doors speaking to residents about the issues that matter to them. If you've never canvassed before you'll be given a full briefing ahead of the session, and you can pair up with an experienced member of the team while you learn the ropes",https://events.labour.org.uk/event/528142
524717,Campaigning in Old Trafford,Canvassing,2026-04-13 17:00:00,2026-04-13 18:30:00,"Old Trafford, Stretford, Manchester M16 9PJ, UK",M169PJ,Stretford and Urmston,E14001528,False,False,False,True,0,0,0,2,corner of St Hildas Road and Northumberland Road,False,,"Come join the Old Trafford team campaigning in our ward. We're a friendly bunch, and if you're new to canvassing, we're happy to support you. We can pair you up with an experienced canvasser. We're keen to find out how voters are feeling about local and national issues. Contact Ben Slater",https://events.labour.org.uk/event/524717
525706,Canvassing in King's Hedges - 13 April,Canvassing,2026-04-13 17:00:00,2026-04-13 19:00:00,"Tesco Express, Tesco Stores Ltd, Campkin Road, Cambridge, UK",CB42NF,Cambridge,E14001149,False,False,False,True,0,0,0,2,Campkin Road Tesco,False,,Come and join us canvassing in King's Hedges!,https://events.labour.org.uk/event/525706
526955,Canvassing in  Gabalfa 5pm Monday 13 April at Parkfield Place,Canvassing,2026-04-13 17:00:00,2026-04-13 18:30:00,"Parkfield Place, Cardiff, UK",CF143AR,Cardiff North,W07000090,False,False,False,True,0,0,0,2,Parkfield Place by bus stop up from Llys Tal-y-Bont,False,,"Join us delivering and canvassing in Gabalfa - just by Llys Tal-y-Bont
With our 8 Senedd candidates headed by Shav Taj of Wales TUC, Cllr Jackie Jones (MEP 2019-20) Cllrs Dan De`Ath and Sarah Merry we have a great story to tell - Keep the gains made by Welsh Labour in power - free prescriptions, free school meals, keeping EMA, the Social Partnership and Public Procurement Act - our Red Welsh Way. Now reinforced by the New Deal for Working People.",https://events.labour.org.uk/event/526955
527763,Canvassing in East Finchley ward with a special guest!,Canvassing,2026-04-13 17:00:00,2026-04-13 19:00:00,"38 Church Lane, London N2 8DT, UK",N28DT,Finchley and Golders Green,E14001238,False,False,False,True,0,20,20,3,"38 Church Lane, London N28DT",False,,"Join our East Finchley team with a special guest out on the doors speaking to residents about the issues that matter to them. If you've never canvassed before you'll be given a full briefing ahead of the session, and you can pair up with an experienced member of the team while you learn the ropes!",https://events.labour.org.uk/event/527763
520283,Environment and Climate Policy Event,Local NPF Event,2026-04-13 17:30:00,2026-04-13 19:30:00,"City of York Council, West Offices Station Rise, York, UK",YO16GD,York Central,E14001604,False,False,False,True,0,6,6,2,,False,,We focus on the Climate Emergency: what's the council doing to meet its long-standing commitments to 2030 Net Zero.  First half of the meeting will be with Shaun Gibbons (under Chatham House rules)...  the second half will be a Labour-only conversation on policy implications for '27 onwards...,https://events.labour.org.uk/event/520283
528205,Monday 13th April - 5.30pm - Moss Bank,Campaigning,2026-04-13 17:30:00,2026-04-13 19:00:00,"Chain Lane Community Centre, Hinckley Road, Saint Helens, UK",WA119HT,St Helens North,E14001509,False,False,False,True,0,3,3,2,,False,,A campaigning session in Moss Bank!,https://events.labour.org.uk/event/528205
528950,Welwyn Hatfield Canvassing,Canvassing,2026-04-13 17:30:00,2026-04-13 19:00:00,"Birds Close & Caponfield, Welwyn Garden City, UK",AL74AS,Welwyn Hatfield,E14001573,False,False,False,True,100,0,0,3,,False,,Join Welwyn Hatfield Labour in the 2026 local election campaign. A full briefing will be provided at the start of every session and if you're new you can be paired up with an experienced door knocker until you're comfortable. Every volunteer makes a huge difference and we hope to see you on the doorstep soon.,https://events.labour.org.uk/event/528950
529154,Re-elect Minesh: Canvassing in Crookes,Canvassing,2026-04-13 17:30:00,2026-04-13 19:00:00,"Co-op Food - Sheffield - Crookes, Crookes, Sheffield, UK",S101TG,Sheffield Hallam,E14001468,False,False,False,True,0,1,1,1,Meeting opposite the Crookes Co-op,False,,"Join our lovely Crookes and Crosspool team for this canvassing as we seek to re-elect Minesh. We will be meeting on Monday the 13th at 17:30pm opposite the Co-op in Crookes.

If you are new to canvassing, it would be great to have you join us. No experience is needed, and you will be paired up with someone until you feel confident.",https://events.labour.org.uk/event/529154
527617,Ladywood Canvassing 🌹,Canvassing,2026-04-13 17:45:00,2026-04-13 19:00:00,"Library of Birmingham, Centenary Square, Birmingham, UK",B12EP,Birmingham Ladywood,E14001096,False,False,False,True,0,0,0,1,,False,,"Join us as we canvass in Ladywood Ward for our 2026 local elections, Sally Benton and Satvir Dosanjh. All new and experienced canvassers are welcome - training will be provided. RSVP for address details.",https://events.labour.org.uk/event/527617
519804,City Campaigning - Barton & Winton,Campaigning,2026-04-13 18:00:00,2026-04-13 19:30:00,"104 Barton Ln, Eccles, Manchester M30 0FG, UK",M300FG,Worsley and Eccles,E14001598,False,False,False,True,0,0,0,2,Corner of Barton Lane and Oxford Street,False,,Join us to campaign for our incredible candidates!,https://events.labour.org.uk/event/519804
519905,Camden Phonebanking,Phonebanking,2026-04-13 18:00:00,2026-04-13 19:30:00,"Malden Rd, London NW5 4DA, UK",NW54DA,Holborn and St Pancras,E14001290,True,False,False,True,0,0,0,2,Address will be circulated once you have RSVP'd,False,,"Join us for phonebanking in Camden every Tuesday night, talking to voters and members ahead of the elections on 7th May 2026.",https://events.labour.org.uk/event/519905
526757,Canvassing in North Walworth ward 🌹 Labour Group session,Canvassing,2026-04-13 18:00:00,2026-04-13 20:00:00,"The Rocketvan Coffee Shop and The Box Shop Bar, Brandon Street, London, UK",SE171AL,Peckham,E14001421,False,False,False,True,0,0,0,2,Rocketvan Coffee Shop,False,,"⭐ Join Southwark Labour out on the doors in North Walworth ward speaking to residents about the issues that matter to them. If you've never canvassed before you'll be given a full briefing ahead of the session, and you can pair up with an experienced member of the team while you learn the ropes!",https://events.labour.org.uk/event/526757
526855,Campaigning in Central Ward for Odul Bozkurt and Sam Theodoridi,Canvassing,2026-04-13 18:00:00,2026-04-13 19:30:00,"1 West Buildings, Worthing, UK",BN113QF,Worthing West,E14001599,False,False,False,True,0,1,1,3,Sea end of West Buildings,False,,"Come and campaign for our wonderful candidates in Central ward.

 Hope to see you there.",https://events.labour.org.uk/event/526855
526878,Local Elections 2026: Crome,Canvassing,2026-04-13 18:00:00,2026-04-13 20:00:00,"Borrowdale Drive Shops, Norwich, UK",NR14NS,Norwich North,E14001408,False,False,False,True,0,1,1,3,"Crome: Outside the Borrowdale Drive Shops, NR1 4NS",False,,"Join us on the Labour Doortstep for the 2026 Local Elections. Labour is lowering the cost of living, getting the NHS back on its feet and putting pride back into our neighbourhoods. That's why we are proud to be Labour. Join us now.",https://events.labour.org.uk/event/526878
527286,Canvassing in Littleborough Lakeside (evening),Canvassing,2026-04-13 18:00:00,2026-04-13 19:30:00,"Littleborough War Memorial, Littleborough OL15 8DE, UK",OL158DE,Rochdale,E14001446,False,False,False,True,0,0,0,2,"Littleborough War Memorial, Littleborough OL15 8DE",False,,Join the local Labour Party on the doors as we campaign for our local councillors in Rochdale Borough ahead of polling day on the 7th May.,https://events.labour.org.uk/event/527286
527542,Local Election Campaign - Dukinfield,Canvassing,2026-04-13 18:00:00,2026-04-13 19:00:00,"Tameside One، Ashton-under-Lyne, UK",OL66XL,Ashton-under-Lyne,E14001070,False,False,False,True,0,1,1,2,Please RSVP to receive specific location.,False,,"Come and be part of our campaign in Dukinfield, speaking with residents about the issues that matter most to them. As we head towards the local elections in May, every conversation really does make a difference. The more people we have out talking to voters, the stronger our campaign will be. Never canvassed before? No problem at all. You will be paired with an experienced campaigner who will guide you and help you feel confident from the start. Just RSVP to receive the exact meeting point. Bring your energy, your voice, and your enthusiasm. We would love to see you there!",https://events.labour.org.uk/event/527542
527572,"Brooklands, Trafford - Monday 13 April",Canvassing,2026-04-13 18:00:00,2026-04-13 19:00:00,"Little B, Marsland Road, Sale, UK",M333ND,Wythenshawe and Sale East,E14001602,False,False,False,True,0,1,1,2,,False,,Canvassing session to re-elect Rose Thompson,https://events.labour.org.uk/event/527572
527894,Canvassing in Lillie (evening),Canvassing,2026-04-13 18:00:00,2026-04-13 20:00:00,"The Goose, North End Road, London SW6 1NL, UK",SW61NL,Chelsea and Fulham,E14001160,False,False,False,True,0,0,0,3,"The Goose, North End Road, SW6 1NL",False,,"Join us on for our canvassing session in Lillie alongside our local councillors and other volunteers. If you've never been campaigning before, now is the perfect time to start and we can promise you a very warm welcome. We will offer training and will make sure you are paired with an experienced canvasser until you feel comfortable doing it on our own. Contact - Lydia (07860369979)",https://events.labour.org.uk/event/527894
527904,Canvassing in Hoe Street ward,Canvassing,2026-04-13 18:00:00,2026-04-13 19:30:00,"Clarendon Road & Hoe Street, London, UK",E179AP,Walthamstow,E14001563,False,False,False,True,0,0,0,2,Junction of Clarendon Road and Hoe Street,False,,"Join our Hoe Street team out on the doors speaking to residents about the issues that matter to them. If you've never canvassed before you'll be given a full briefing ahead of the session, and you can pair up with an experienced member of the team while you learn the ropes!",https://events.labour.org.uk/event/527904
527905,Canvassing in Lea Bridge ward,Canvassing,2026-04-13 18:00:00,2026-04-13 19:30:00,"Whitney Road & A104, London, UK",E107DT,Walthamstow,E14001563,False,False,False,True,0,0,0,2,Whitney Road and Lea Bridge Road,False,,"Join our Lea Bridge team out on the doors speaking to residents about the issues that matter to them. If you've never canvassed before you'll be given a full briefing ahead of the session, and you can pair up with an experienced member of the team while you learn the ropes!",https://events.labour.org.uk/event/527905
528179,CENTRAL SESSION - MILE END,Canvassing,2026-04-13 18:00:00,2026-04-13 19:30:00,"Lidl, Burdett Road, London, UK",E147DL,Poplar and Limehouse,E14001430,False,False,False,True,0,0,0,2,Lidl - Burdett Road,False,,"Canvassing in Mile End with Labour candidates Cllr Leelu Ahmed, Cllr Mohammad Chowdhury & Cllr Asma Islam",https://events.labour.org.uk/event/528179
528578,Addiscombe East canvassing,Canvassing,2026-04-13 18:00:00,2026-04-13 19:30:00,"182 Shirley Road, Croydon, UK",CR07LN,Croydon East,E14001186,False,False,False,True,0,0,0,1,Corner of Green Court Avenue and Shirley Road,False,,Join us for a canvassing session in marginal ward Addiscombe East! Contact - Chris 07547 879978,https://events.labour.org.uk/event/528578
528634,Ryde Branch Campaign Meeting,Campaigning,2026-04-13 18:00:00,2026-04-13 19:30:00,"The Solent Inn, Monkton Street, Ryde, UK",PO331JW,Isle of Wight East,E14001303,False,False,False,True,0,1,1,1,,False,,Brief catch up on recent campaigning activity delivering Ryde South East Candidate Letter and further action required,https://events.labour.org.uk/event/528634
528911,Falkirk West GOTPV Campaigning - 13/04/26,Canvassing,2026-04-13 18:00:00,2026-04-13 20:00:00,"Gartcows Road, Falkirk, UK",FK15LU,Falkirk,S14000083,False,False,False,True,0,0,0,1,,False,,"Falkirk West needs your help! Come door knocking with your local Scottish Labour candidate. With postal votes dropping this week we need everyones help to reach as many voters as possible. Use the link below to sign up, no experience needed!",https://events.labour.org.uk/event/528911
529086,Canvassing in Tufnell Park ward,Canvassing,2026-04-13 18:00:00,2026-04-13 20:00:00,"Cat and Mouse Library, Camden Road, London, UK",N70JN,Islington North,E14001305,False,False,False,True,0,0,0,2,Cat and Mouse,False,,"Join our Tufnell Park team out on the doors speaking to residents about the issues that matter to them. If you've never canvassed before you'll be given a full briefing ahead of the session, and you can pair up with an experienced member of the team while you learn the ropes!",https://events.labour.org.uk/event/529086
529333,Acomb Doorknocking,Canvassing,2026-04-13 18:00:00,2026-04-13 19:30:00,"Danebury Drive & Wetherby Road, Acomb, York, UK",YO265BS,York Central,E14001604,False,False,False,True,0,0,0,2,Corner of Danebury Drive and Wetherby Road,False,,"Come and join us for some canvassing in Acomb this Monday! Here are the details:
⏰6 PM
📍 the corner of Danebury Drive and Rosedale Avenue",https://events.labour.org.uk/event/529333
529394,Postal Voters Canvassing with Brian McGinley in Ayr West (Bellevale Ave/Bellevale Quad),Canvassing,2026-04-13 18:00:00,2026-04-13 19:30:00,"Bellevale Ave, Ayr, UK",KA72RP,"Ayr, Carrick and Cumnock",S14000107,False,False,False,True,0,0,0,1,Bellevale Ave/Bellevale Quad,False,,Door knocking and leafleting for Postal Voters with Brian McGinley in Ayr West. Meet at Bellevale Ave/Bellevale Quad,https://events.labour.org.uk/event/529394
529518,Local Elections 2026 - Moseley Door Knocking,Canvassing,2026-04-13 18:00:00,2026-04-13 19:30:00,"Yardley Wood Rd, Birmingham B13 9JW, UK",B139JW,Birmingham Hall Green and Moseley,E14001094,False,False,False,True,0,0,0,2,Corner of Yardley Wood Road and St Agnes Road,False,,On Monday 13 April we will be supporting Stephen Pihlaja and Gwaza Mabhena by speaking to residents in the Yadley Road area of Moseley Ward as part of the 2026 local election campaign.,https://events.labour.org.uk/event/529518
529806,🌹 Oxford Labour Doorknocking 🌹 Littlemore,Canvassing,2026-04-13 18:00:00,2026-04-13 19:00:00,"Busy Bees at Oxford, Armstrong Road, Littlemore, Oxford, UK",OX44XT,Oxford East,E14001419,False,False,False,True,0,0,0,2,,False,,"⏰ 6pm
📌 Littlemore: Busy Bees Nursery, Armstrong Road
☎️ Tiago - 07496 817 598

Oxford Labour is out knocking on doors, listening to residents, and sorting out issues all year round - not just at election time. Join us!

All volunteers welcome. Training and support will be provided, and no prior experience is needed. Please email Klaudia at organiser@oxfordlabour.org.uk if you have any questions. If you're a local member, we can add you to our campaigning WhatsApp group too!",https://events.labour.org.uk/event/529806
529836,Evening Power Hour for our Egham Candidates,Canvassing,2026-04-13 18:30:00,2026-04-13 19:30:00,"Thorpe Lea Rd, Egham TW20 8HA, UK",TW208HA,Runnymede and Weybridge,E14001456,False,False,False,True,0,0,0,2,Medlake Rd N.,False,,Canvassing for our Egham Candidates for the West Surrey elections.,https://events.labour.org.uk/event/529836
529890,Canvassing in Canonbury ward,Canvassing,2026-04-13 18:30:00,2026-04-13 20:00:00,"Essex Road Post Office, Essex Road, London, UK",N13AY,Islington South and Finsbury,E14001306,False,False,False,True,0,0,0,2,Essex Road Post Office,False,,"Join our Canonbury team out on the doors speaking to residents about the issues that matter to them. If you've never canvassed before you'll be given a full briefing ahead of the session, and you can pair up with an experienced member of the team while you learn the ropes!",https://events.labour.org.uk/event/529890
530276,Canvassing in William Morris ward,Canvassing,2026-04-14 09:30:00,2026-04-14 11:00:00,"Priory Court Community Centre, Priory Court, London, UK",E175NB,Walthamstow,E14001563,False,False,False,True,0,0,0,2,Priory Court Community Centre,False,,"Join our William Morris team out on the doors speaking to residents about the issues that matter to them. If you've never canvassed before you'll be given a full briefing ahead of the session, and you can pair up with an experienced member of the team while you learn the ropes!",https://events.labour.org.uk/event/530276
528888,Campaigning with Caitlin Stott!,Canvassing,2026-04-14 10:00:00,2026-04-14 12:00:00,"Dean Park Place & Main Street, Newtongrange, Dalkeith, UK",EH224PG,Midlothian,S14000045,False,False,False,True,0,0,0,3,Corner of Dean Park Place and Main Street,False,,"Its election year in Midlothian North! Join our Scottish Parliamentary candidate Caitlin Stott for a session of campaigning to take Scotland in the New Direction it needs! If you've never campaigned before not to worry! - we'll give you training at the start before pairing you up with an experienced campaigner while you hit the doors. We always have a good blether in between doors as well, so I promise you'll have a good time whilst also helping us make Midlothian North a Labour Gain! Any questions? Email stottcaitlin41@gmail.com",https://events.labour.org.uk/event/528888
529192,🌹West End Canvassing🌹,Canvassing,2026-04-14 10:00:00,2026-04-14 12:00:00,"John Snow, Broadwick Street, London, UK",W1F9QJ,Cities of London and Westminster,E14001172,False,False,False,True,0,0,0,3,,False,,"Come and join our team as we speak to voters ahead of the May 2026 local elections. We will be out on the doorstep speaking to residents about the issues that matter most to them. If it is your first time canvassing, do not worry. We will pair you up with an experienced campaigner.",https://events.labour.org.uk/event/529192
526828,Canvassing in St Giles ward 🌹 Labour Group session,Canvassing,2026-04-14 10:30:00,2026-04-14 12:30:00,"132 Benhill Road, London SE5 7LZ, UK",SE57LZ,Peckham,E14001421,False,False,False,True,0,0,0,2,"132 Benhill Road, SE5 7LZ",False,,"⭐ Join Southwark Labour out on the doors in St Giles ward speaking to residents about the issues that matter to them. If you've never canvassed before you'll be given a full briefing ahead of the session, and you can pair up with an experienced member of the team while you learn the ropes!",https://events.labour.org.uk/event/526828
528415,Canvassing - RUMNEY,Canvassing,2026-04-14 10:30:00,2026-04-14 12:30:00,"SPAR New Road, New Road, Rumney, Cardiff, UK",CF33BN,Cardiff East,W07000089,False,False,False,True,0,0,0,2,,False,,Join our Senedd candidates as we carry on campaigning ahead of the Senedd election day in May,https://events.labour.org.uk/event/528415
528431,Freemantle canvass,Canvassing,2026-04-14 10:30:00,2026-04-14 11:45:00,"Edward Rd, Shirley, Southampton SO15 3GY, UK",SO153GY,Southampton Test,E14001500,False,False,False,True,0,0,0,2,Corner of Edward Road & Kentish Rd,False,,Join our friendly ward team for this local election canvass and help us win the seat for Labour.,https://events.labour.org.uk/event/528431
529328,Canvassing in Northumberland Heath,Canvassing,2026-04-14 10:30:00,2026-04-14 11:30:00,"Stream Way, Belvedere DA17 6ND, UK",DA176ND,Bexleyheath and Crayford,E14001089,False,False,False,True,0,0,0,1,,False,,"Join us canvassing as we work to get Baljeet and Temilola elected as councillors for Northumberland Heath. 

Volunteer for Labour, Stop Reform.

 Please use the pin as the start location (Junction of Matfield Road and Stream Way). 

📞 Contact on the day is Tommy Hill (Bexley Campaign Assistant) - 7508 656326",https://events.labour.org.uk/event/529328
529398,Postal Voters Canvassing with Brian McGinley in Ayr West (The Loaning/Woodend Rd),Canvassing,2026-04-14 10:30:00,2026-04-14 12:00:00,"The Loaning, Ayr, UK",KA74QL,"Ayr, Carrick and Cumnock",S14000107,False,False,False,True,0,0,0,1,The Loaning/Woodend Rd,False,,Door knocking and leafleting for Postal Voters with Brian McGinley in Ayr West. Meet at The Loaning/Woodend Rd,https://events.labour.org.uk/event/529398
527332,Delivering and canvassing in  Whitchurch 11am Tuesday 14 April - meet Three Horse Shoes,Canvassing,2026-04-14 11:00:00,2026-04-14 12:30:00,"Three Horse Shoes, Merthyr Road, Whitchurch, Cardiff, UK",CF141DL,Cardiff North,W07000090,False,False,False,True,0,0,0,2,outside the Three Horse Shoes,False,,"Join us delivering and canvassing in Whitchurch
With our 8 Senedd candidates headed by Shav Taj of Wales TUC, Cllr Jackie Jones (MEP 2019-20) Cllrs Dan De`Ath and Sarah Merry we have a great story to tell - Keep the gains made by Welsh Labour in power - free prescriptions, free school meals, keeping EMA, the Social Partnership and Public Procurement Act - our Red Welsh Way. Now reinforced by the New Deal for Working People.",https://events.labour.org.uk/event/527332
529312,Campaigning in Cardonald with Mike McKirdy,Canvassing,2026-04-14 11:00:00,2026-04-14 13:00:00,"Mosspark Square, Bellahouston, Glasgow, UK",G521NE,Glasgow South West,S14000088,False,False,False,True,0,0,0,3,"Mosspark Square, G52 1NE",False,,Join us on the campaign trail to elect Mike McKirdy as our next Scottish Labour MSP in Renfrewshire North and Cardonald. Don't worry if you are new to canvassing - experienced activists will be on hand to support you.,https://events.labour.org.uk/event/529312
529348,Campaigning with Dr Oliver Thomas,Canvassing,2026-04-14 11:00:00,2026-04-14 13:00:00,"Tytler Ct, Edinburgh EH8 8HJ, UK",EH88HJ,Edinburgh East and Musselburgh,S14000078,False,False,False,True,0,0,0,3,Corner of Milton Street/Spring Gardens,False,,"Join our candidate for Holyrood, Dr Oliver Thomas, speaking to voters in the new seat of Edinburgh North Eastern and Leith. If you've never doorknocked before, experienced campaigners will be on hand to teach you. Looking forward to seeing you there!",https://events.labour.org.uk/event/529348
530115,Stevenage Canvassing,Canvassing,2026-04-14 11:00:00,2026-04-14 13:00:00,"2 Barnwell, Shephall, Stevenage SG2 9SR, UK",SG29SR,Stevenage,E14001516,False,False,False,True,0,0,0,3,,False,,Join us on Tuesday in Shephall where we will be campaigning to get a strong Labour councillor elected. The session will start at 11am and we will meet at 2 Barnwell- SG2 9SR,https://events.labour.org.uk/event/530115
523138,Canvassing in Bangor,Canvassing,2026-04-14 12:30:00,2026-04-14 14:30:00,"Ainon Rd, Bangor LL57 2YE, UK",LL572YE,Bangor Aberconwy,W07000083,False,False,False,True,0,2,2,3,The corner of Ainon Road and Penchwintan Road,False,,Hello members and supporters! The Senedd campaign is underway. We are weeks out from polling day and we need your help to get as many of our candidates elected. See you on the doors!,https://events.labour.org.uk/event/523138
528203,CENTRAL SESSION - ST. KATHARINES & WAPPING,Canvassing,2026-04-14 12:30:00,2026-04-14 14:00:00,"Wapping Station, London, UK",E1W3NG,Poplar and Limehouse,E14001430,False,False,False,True,0,0,0,2,Wapping Station,False,,Canvassing in Wapping with Labour candidates Victoria Lupton & Cllr Abdal Ullah,https://events.labour.org.uk/event/528203
529028,Croydon Labour Woodside Canvass,Canvassing,2026-04-14 13:00:00,2026-04-14 14:30:00,"Towpath Way, Croydon CR0 6BW, UK",CR06BW,Croydon East,E14001186,False,False,False,True,0,1,1,1,Corner of Towpath Way and Canal Walk,False,,Croydon Labour Woodside Canvass,https://events.labour.org.uk/event/529028
529223,Canvassing in Coity Higher,Canvassing,2026-04-14 13:30:00,2026-04-14 15:30:00,"Bryn Llidiard, Bridgend CF31 1QN, UK",CF311QN,Bridgend,W07000086,False,False,False,True,0,0,0,1,the junction of Bryn Llidiard and Bryn Hill,False,,"The Senedd election is just around the corner and this is our moment. Come and support our short campaign and help us reach voters while it matters most. New or experienced, everyone's welcome. We'll support you every step of the way. Every conversation counts. Get involved, make an impact, and be part of something positive.",https://events.labour.org.uk/event/529223
529511,1:30pm Tuesday door knocking in Paisley,Canvassing,2026-04-14 13:30:00,2026-04-14 15:00:00,"2 Southfield Avenue, Glenburn, Paisley, UK",PA28BY,Paisley and Renfrewshire South,S14000102,False,False,False,True,0,0,0,3,,False,,"Join Team Bibby and help speak to as many voters as possible ahead of the election on 7 May. Even if you can spare half an hour, any time will help make a difference to the result in Paisley. 

Don't worry if you've never door knocked before, there will be plenty of people to show you the ropes.",https://events.labour.org.uk/event/529511
520090,🌹Canvassing in Newton 🌹,Canvassing,2026-04-14 14:00:00,2026-04-14 15:30:00,"Eastwood Rd, Great Barr, Birmingham B43 5RR, UK",B435RR,West Bromwich,E14001574,False,False,False,True,0,1,1,3,the junction of Eastwood Road and Gorse Farm Road,False,,Join us in Newton ward to help our amazing candidates to help spread Labour's message of renewal to residents! Never canvassed before? Don't worry! Training will be delivered on the day! 🌹,https://events.labour.org.uk/event/520090
528668,Canvassing in Cathays | Caerdydd Penarth,Canvassing,2026-04-14 14:00:00,2026-04-14 15:30:00,"North Road, Cardiff CF10 3DX, UK",CF103DX,Cardiff South and Penarth,W07000091,False,False,False,True,0,0,0,2,"Blackweir Tavern, North Road",False,,Join us as we speak to residents in Caerdydd Penarth ahead of the Senedd election.,https://events.labour.org.uk/event/528668
529170,Canvassing In Hirwaun,Canvassing,2026-04-14 14:00:00,2026-04-14 16:00:00,"Longfield Court, Hirwaun, Aberdare CF44 9NG, UK",CF449NG,Merthyr Tydfil and Aberdare,W07000099,False,False,False,True,0,2,2,2,Longfield Crt CF44 9NG,False,,Canvassing with Pontypridd Cynon Merthyr Candidates,https://events.labour.org.uk/event/529170
529955,Darfield leafleting (Barnsley Road/Woodhall Flats),Leafletting,2026-04-14 14:00:00,2026-04-14 15:30:00,"Woodall Flats, Barnsley Rd, Darfield, Barnsley, UK",S739EN,Barnsley South,E14001075,False,False,False,True,0,0,0,2,,False,,Delivering main address,https://events.labour.org.uk/event/529955
528357,Hackleton and Roade By-Election : Canvassing in Roade 14th April 3pm,Canvassing,2026-04-14 15:00:00,2026-04-14 17:00:00,"Bailey Brooks Lane, Roade, Northampton, UK",NN72LS,South Northamptonshire,E14001490,False,False,False,True,0,2,2,2,Junction of Bailey Brooks Lane and London Road,False,,Join us for canvassing with our by-election candidate Peter French,https://events.labour.org.uk/event/528357
530215,Chapeltown Street Surgery - Re-elect Craig Gamble Pugh!,Canvassing,2026-04-14 15:00:00,2026-04-14 16:00:00,"Lound Side, Chapeltown, Sheffield S35 2US, UK",S352US,Penistone and Stocksbridge,E14001423,False,False,False,True,0,1,1,3,"corner of Lound side/ Westbrook Rd, S35 2US",False,,"Join Councillor Craig Gamble Pugh and the local team for a Street Surgery, speaking to residents and identifying local concerns. Training and support will be provided for new members or those wanting a refresher.",https://events.labour.org.uk/event/530215
523020,Southbourne and Tuckton Canvassing,Canvassing,2026-04-14 16:00:00,2026-04-14 17:30:00,"Stourcliffe Avenue & Pinecliffe Avenue, Southbourne, Bournemouth, UK",BH63PT,Bournemouth East,E14001115,False,False,False,True,0,3,3,3,,False,,"Help Tom Hayes MP and our local Labour councillors meet with and hear residents' concerns so we can build a better Bournemouth together.

This is vital campaigning - every conversation, all year round, enables us to understand what matters to local people, drive change for them, and lay the foundation for success at future elections.

If you're new to campaigning, not to worry! We'll pair you up with an experienced campaigner to help you learn the ropes at your own pace.

If you need help, please call Chris on 07450 958795.",https://events.labour.org.uk/event/523020
528913,Falkirk West GOTPV Campaigning - 14/04/26,Canvassing,2026-04-14 16:00:00,2026-04-14 18:00:00,Queen Drive,FK27US,Falkirk,S14000083,False,False,False,True,0,0,0,1,,False,,"Falkirk West needs your help! Come door knocking with your local Scottish Labour candidate. With postal votes dropping this week we need everyones help to reach as many voters as possible. Use the link below to sign up, no experience needed!",https://events.labour.org.uk/event/528913
529456,Campaigning in Motherwell,Canvassing,2026-04-14 16:00:00,2026-04-14 18:00:00,"Chestnut Grove, Motherwell ML1 3JF, UK",ML13JF,"Motherwell, Wishaw and Carluke",S14000099,False,False,False,True,0,2,2,3,Corner of Airbles Crescent and Chestnut Grove,False,,Campaigning with our excellent candidate for Motherwell and Wishaw Ayesha Khan.,https://events.labour.org.uk/event/529456
530284,Canvassing in Hoe Street ward,Canvassing,2026-04-14 16:15:00,2026-04-14 17:45:00,"Soho Theatre Walthamstow, Hoe Street, London, UK",E174QH,Walthamstow,E14001563,False,False,False,True,0,0,0,2,Outside Soho Theatre Walthamstow,False,,"Join our Hoe Street team out on the doors speaking to residents about the issues that matter to them. If you've never canvassed before you'll be given a full briefing ahead of the session, and you can pair up with an experienced member of the team while you learn the ropes!",https://events.labour.org.uk/event/530284
529811,🌹 Oxford Labour Doorknocking 🌹 Walton Manor,Canvassing,2026-04-14 16:30:00,2026-04-14 18:00:00,"Woodstock Rd, Oxford OX2 6HQ, UK",OX26HQ,Oxford West and Abingdon,E14001420,False,False,False,True,0,0,0,2,,False,,"⏰ 4:30pm
📌 Walton Manor: Observatory Street/Woodstock Road
☎️ Louise - 07949 081 343

Oxford Labour is out knocking on doors, listening to residents, and sorting out issues all year round - not just at election time. Join us!

All volunteers welcome. Training and support will be provided, and no prior experience is needed. Please email Klaudia at organiser@oxfordlabour.org.uk if you have any questions. If you're a local member, we can add you to our campaigning WhatsApp group too!",https://events.labour.org.uk/event/529811
529974,Campaigning in Newington and Gipsyville,Campaigning,2026-04-14 16:30:00,2026-04-14 18:00:00,"Hull HU3 6DU, UK",HU36DU,Kingston upon Hull West and Haltemprice,E14001315,False,False,False,True,0,0,0,3,at the junction where Riley Way meets Spring Bank West,False,,Join us for campaigning with local candidate Simon Kelsey,https://events.labour.org.uk/event/529974
522396,Canvassing in Romsey - 14  April,Canvassing,2026-04-14 17:00:00,2026-04-14 19:00:00,"Co-op Food - Cambridge - Mill Road, Mill Road, Cambridge, UK",CB13AN,No Constituency Found,,False,False,False,True,0,0,0,1,Mill Rd Co-op,True,,Join us canvassing in Romsey!,https://events.labour.org.uk/event/522396
528089,Campaigning in Hermitage & Gardens,Canvassing,2026-04-14 17:00:00,2026-04-14 18:00:00,"The Salisbury Hotel (Harringay), Grand Parade, Green Lanes, London N4 1JX, UK",N41JX,Hornsey and Friern Barnet,E14001293,False,False,False,True,0,0,0,2,"Salisbury Hotel, N4 1JX",False,,"Join our Hermitage & Gardens team out on the doors speaking to residents about the issues that matter to them. If you've never canvassed before you'll be given a full briefing ahead of the session, and you can pair up with an experienced member of the team while you learn the ropes",https://events.labour.org.uk/event/528089
525278,"Gibbs Road, Greenlands & Lakeside",Canvassing,2026-04-14 17:30:00,2026-04-14 19:00:00,"Gibbs Road, Redditch, UK",B988JL,Redditch,E14001441,False,False,False,True,0,0,0,3,"1, Gibbs Road",False,,"Gibbs Road, Greenkands & Lakeside",https://events.labour.org.uk/event/525278
528690,Canvassing in Severnside,Canvassing,2026-04-14 17:30:00,2026-04-14 19:30:00,"Caldicot, Wales, UK",NP264HX,Monmouthshire,W07000101,False,False,False,True,0,2,2,3,Blenheim gardens/Blenheim avenue,False,,Join us as we speak to voters about local issues and the upcoming Senedd elections,https://events.labour.org.uk/event/528690
529013,Canvassing in East Chesterton - 14 April,Canvassing,2026-04-14 17:30:00,2026-04-14 19:30:00,"Eastfield & Dundee Close, Cambridge, UK",CB41SD,Cambridge,E14001149,False,False,False,True,0,0,0,2,Eastfield & Dundee Close,False,,Join us canvassing in East Chesterton!,https://events.labour.org.uk/event/529013
529036,Campaigning with Catriona Munro in Sighthill,Campaigning,2026-04-14 17:30:00,2026-04-14 19:00:00,"Sighthill Court & Glenalmond Place, Edinburgh, UK",EH114BN,Edinburgh South West,S14000081,False,False,False,True,0,0,0,1,,False,,"Join us in Currie for a campaign session for Catriona Munro; if you haven't door-knocked before, there will be people there to show you the ropes.",https://events.labour.org.uk/event/529036
529230,Canvassing in Oldcastle,Canvassing,2026-04-14 17:30:00,2026-04-14 19:30:00,"Wyndham Cres, Bridgend CF31 3DW, UK",CF313DW,Bridgend,W07000086,False,False,False,True,0,0,0,1,between Wyndham Crescent and Ewenny Road,False,,"The Senedd election is just around the corner and this is our moment. Come and support our short campaign and help us reach voters while it matters most. New or experienced, everyone's welcome. We'll support you every step of the way. Every conversation counts. Get involved, make an impact, and be part of something positive.",https://events.labour.org.uk/event/529230
530105,Southport Canvassing - Birkdale,Canvassing,2026-04-14 17:30:00,2026-04-14 19:00:00,"9 Walmer Road, Southport PR8 4SX, UK",PR84SX,Southport,E14001504,False,False,False,True,0,2,2,3,,False,,Come and join us on the doorstep campaigning for Cllr Sonya Kelly and candidates Carla Curtis-Tansley and Callum Naylor in Birkdale ward,https://events.labour.org.uk/event/530105
525515,Tonge with the Haulgh door knocking,Campaigning,2026-04-14 18:00:00,2026-04-14 19:00:00,"Kentfield Drive, Bolton, UK",BL18FX,Bolton North East,E14001110,False,False,False,True,0,0,0,3,"corner of Kentfield Drive and Crompton Way, BL1 8FX",False,,"Come and join us for a canvassing session with Councillor Nick Peel in Tonge with the Haulgh. We will be out on the doorstep to speak with local residents, listen to their priorities, and build support for Labour ahead of the May elections. All welcome and a full briefing will be provided on the day for anyone new to campaigning.",https://events.labour.org.uk/event/525515
527863,Doorknocking in Weetwood!,Canvassing,2026-04-14 18:00:00,2026-04-14 19:30:00,"Haven Croft, Leeds, UK",LS166SF,Leeds Central and Headingley,E14001319,False,False,False,True,0,0,0,2,,False,,"Join us out on the doorstep in Weetwood, campaigning to re-elect Izaak! 

If you've never campaign with us before, all training is provided and you'll be paired up with an experienced volunteer.",https://events.labour.org.uk/event/527863
528140,Campaigning in Harringay with SPECIAL GUEST!⭐,Canvassing,2026-04-14 18:00:00,2026-04-14 19:30:00,"London Alevi Cultural Centre & Cemevi, Clarendon Road, London, UK",N80DD,Southgate and Wood Green,E14001503,False,False,False,True,0,7,7,2,"Cemevi Centre, Clarendon Road, N8 0DD",False,,"Join our Harringay team and their SPECIAL GUEST!⭐ out on the doors speaking to residents about the issues that matter to them. If you've never canvassed before you'll be given a full briefing ahead of the session, and you can pair up with an experienced member of the team while you learn the ropes",https://events.labour.org.uk/event/528140
528416,Canvassing in Sydenham Ward,Canvassing,2026-04-14 18:00:00,2026-04-14 19:30:00,"Sydenham Road & Champion Road, London, UK",SE265SE,Lewisham East,E14001331,False,False,False,True,0,0,0,2,Junction of Sydenham Road and Champion Road,False,,"Join our Sydenham team out on the doors speaking to residents about the issues that matter to them. If you've never canvassed before you'll be given a full briefing ahead of the session, and you can pair up with an experienced member of the team while you learn the ropes!",https://events.labour.org.uk/event/528416
528921,Falkirk West GOTPV Campaigning - 14/04/26,Canvassing,2026-04-14 18:00:00,2026-04-14 20:00:00,"Alloa Road, Carron, Falkirk, UK",FK28EP,Alloa and Grangemouth,S14000064,False,False,False,True,0,0,0,1,,False,,"Falkirk West needs your help! Come door knocking with your local Scottish Labour candidate. With postal votes dropping this week we need everyones help to reach as many voters as possible. Use the link below to sign up, no experience needed!",https://events.labour.org.uk/event/528921
529057,Local Election Campaign - Longdendale,Canvassing,2026-04-14 18:00:00,2026-04-14 19:00:00,"Hyde Town Hall Business Centre, Corporation Street, Hyde, UK",SK141AB,Stalybridge and Hyde,E14001515,False,False,False,True,0,2,2,2,Please RSVP for specific meeting point.,False,,"Come and be part of our campaign in Longdendale, speaking with residents about the issues that matter most to them. As we head towards the local elections in May, every conversation really does make a difference. The more people we have out talking to voters, the stronger our campaign will be. Never canvassed before? No problem at all. You will be paired with an experienced campaigner who will guide you and help you feel confident from the start. Just RSVP to receive the exact meeting point. Bring your energy, your voice, and your enthusiasm. We would love to see you there!",https://events.labour.org.uk/event/529057
529123,Canvassing in Laycock ward,Canvassing,2026-04-14 18:00:00,2026-04-14 20:00:00,"65 Barnsbury Street, London, UK",N11EJ,Islington South and Finsbury,E14001306,False,False,False,True,0,0,0,2,65 Barnsbury Street,False,,"Join our Laycock team out on the doors speaking to residents about the issues that matter to them. If you've never canvassed before you'll be given a full briefing ahead of the session, and you can pair up with an experienced member of the team while you learn the ropes!",https://events.labour.org.uk/event/529123
529160,GOTPV Airdrie Session,Canvassing,2026-04-14 18:00:00,2026-04-14 20:00:00,"Chapelside Community Centre, Waddell Street, Airdrie, UK",ML66JU,Airdrie and Shotts,S14000063,False,False,False,True,0,0,0,3,Chapelside Community Centre,False,,GOTPV session in Airdrie,https://events.labour.org.uk/event/529160
529171,Canvassing In Cwmbach,Canvassing,2026-04-14 18:00:00,2026-04-14 19:00:00,"Cae Coed, Aberdare CF44 0BF, UK",CF440BF,Merthyr Tydfil and Aberdare,W07000099,False,False,False,True,0,1,1,2,Grassed Roundabout,False,,Canvassing with Pontypridd Cynon Merthyr Candidates,https://events.labour.org.uk/event/529171
530133,Campaign in Birmingham Northfield,Canvassing,2026-04-14 18:00:00,2026-04-14 19:30:00,"Bristol Road South & Hawkesley Mill Lane, Birmingham, UK",B312RH,Birmingham Northfield,E14001097,False,False,False,True,0,0,0,3,Bristol Road South and Hawkesley Mill Lane,False,,"Join us in Birmingham Northfield speaking to voters ahead of the 2026 Birmingham elections, listening to any concerns they have.",https://events.labour.org.uk/event/530133
530381,Hither Green canvassing,Canvassing,2026-04-14 18:00:00,2026-04-14 19:30:00,"Goldsmiths Community Preschool, Boundfield Road, London, UK",SE61QD,Lewisham East,E14001331,False,False,False,True,0,0,0,2,Goldsmiths Preschool,False,,"Join our Hither Green team out on the doors speaking to residents about the issues that matter to them. If you've never canvassed before you'll be given a full briefing ahead of the session, and you can pair up with an experienced member of the team while you learn the ropes!",https://events.labour.org.uk/event/530381
530157,"Rushey Green, Catford Canvassing",Canvassing,2026-04-14 18:30:00,2026-04-14 19:45:00,"McDonald's Catford, London, UK",SE62DD,Lewisham East,E14001331,False,False,False,True,0,0,0,2,McDonald’s on Plassy Island,False,,"Join James-J, John & Judith canvassing in Catford central",https://events.labour.org.uk/event/530157
530271,Canvassing in Eltham Town and Avery Hill🌹,Canvassing,2026-04-14 18:30:00,2026-04-14 20:00:00,"Sparrows Lane, London, UK",SE92BT,Eltham and Chislehurst,E14001223,False,False,False,True,0,0,0,3,Meet on the corner of Sparrows Lane and Avery Hill Road,False,,Join local candidates and Greenwich Labour activists as we speak to residents in Eltham Town and Avery Hill. No experience required!,https://events.labour.org.uk/event/530271
529958,Darfield and Great Houghton leafleting (Great Houghton),Leafletting,2026-04-15 09:00:00,2026-04-15 10:30:00,"Sandhill Tavern, Turner Street, Great Houghton, Barnsley, UK",S720DL,Barnsley North,E14001074,False,False,False,True,0,0,0,2,,False,,Delivery of Main Address,https://events.labour.org.uk/event/529958
526818,Canvassing in South Bermondsey ward 🌹 Labour Group session,Canvassing,2026-04-15 10:00:00,2026-04-15 12:00:00,"Bell’s Cafe, Grange Road, London, UK",SE13EU,Bermondsey and Old Southwark,E14001085,False,False,False,True,0,0,0,2,"Outside Bell's Café, Bermondsey Spa Gardens (off Grange Road) SE1 3EU",False,,"⭐ Join Southwark Labour out on the doors in South Bermondsey ward speaking to residents about the issues that matter to them. If you've never canvassed before you'll be given a full briefing ahead of the session, and you can pair up with an experienced member of the team while you learn the ropes!",https://events.labour.org.uk/event/526818
530369,Highfield and Clun Road Canvassing,Canvassing,2026-04-15 10:00:00,2026-04-15 11:30:00,"Heo Green, Wick, Littlehampton BN17 7JB, UK",BN177JB,Bognor Regis and Littlehampton,E14001108,False,False,False,True,0,0,0,2,"Highfield & Phoenix Close, Wick, Littlehampton, UK",False,,Campaigning with PURPOSE!,https://events.labour.org.uk/event/530369
522848,Canvassing in Wrexham,Canvassing,2026-04-15 10:30:00,2026-04-15 12:30:00,"Gresford Rd, Llay, Wrexham LL12 0NW, UK",LL120NW,Wrexham,W07000111,False,False,False,True,0,1,1,3,Fairoakes Crescent and Gresford Road,False,,"Join us canvassing in Fflint-Wrecsam! If you've never canvassed before, or haven't for a while, don't worry - you'll be paired with an experienced canvasser who will guide you and show you the ropes. Simply RSVP so we know to expect you, and see you there!",https://events.labour.org.uk/event/522848
529245,Canvassing in Bridgend Central,Canvassing,2026-04-15 10:30:00,2026-04-15 12:30:00,"Oaklands Ave, Bridgend CF31 4ST, UK",CF314ST,Bridgend,W07000086,False,False,False,True,0,0,0,1,betweenHeol-y-Bardd and Oaklands Avenue,False,,"The Senedd election is just around the corner and this is our moment. Come and support our short campaign and help us reach voters while it matters most. New or experienced, everyone's welcome. We'll support you every step of the way. Every conversation counts. Get involved, make an impact, and be part of something positive.",https://events.labour.org.uk/event/529245
529534,Wednesday morning door knocking in Paisley,Canvassing,2026-04-15 10:30:00,2026-04-15 12:00:00,"Gallowhill Court, Paisley, UK",PA34PX,Paisley and Renfrewshire North,S14000101,False,False,False,True,0,0,0,3,Where Gallowhill Court meets Montgomery Road,False,,"Join Team Bibby and help speak to as many voters as possible ahead of the election on 7 May. Even if you can spare half an hour, any time will help make a difference to the result in Paisley. 

Don't worry if you've never door knocked before, there will be plenty of people to show you the ropes.",https://events.labour.org.uk/event/529534
530099,Wednesday doorknocking in Glasgow Central (Kinning Park),Canvassing,2026-04-15 10:30:00,2026-04-15 12:30:00,"Govan Road & Rutland Crescent, Kinning Park, Glasgow, UK",G511HS,Glasgow South West,S14000088,False,False,False,True,0,0,0,3,"At the bus stop at the junction of Govan Road and Rutland Crescent, G51 1HS",False,,"With just 22 days to go until the Scottish Parliament election, and with postal votes landing this week, we'll be out in the doors in Kinning Park this Wednesday morning from 10.30am.

It is so important that we get out and speak to our voters. Don't worry if you haven't campaigned before, we will have experienced volunteers on hand to provide guidance.

I'd be grateful for your help and support - see you there?",https://events.labour.org.uk/event/530099
528188,Wednesday 15th April - 11am - Peasley Cross and Fingerpost,Campaigning,2026-04-15 11:00:00,2026-04-15 13:00:00,"BrewDog Stadium, McManus Dr, Peasley Cross Lane, Saint Helens, UK",WA93AL,St Helens South and Whiston,E14001510,False,False,False,True,0,3,3,2,Car park,False,,A campaigning session in Peasley Cross and Fingerpost!,https://events.labour.org.uk/event/528188
528947,Falkirk East & Linlithgow Campaigning - 15/04/26,Canvassing,2026-04-15 11:00:00,2026-04-15 13:00:00,"Kettilstoun Road, Linlithgow Bridge, Linlithgow, UK",EH497QR,Bathgate and Linlithgow,S14000068,False,False,False,True,0,0,0,3,,False,,"Falkirk East and Linlithgow needs your help! Come door knocking with your local Scottish Labour candidate. 

With just a matter of weeks to go until the Scottish Parliamentary Elections we need everyone we can! Use the link below to sign up, no experience needed!",https://events.labour.org.uk/event/528947
529391,Canvassing in Hillrise ward,Canvassing,2026-04-15 11:00:00,2026-04-15 13:00:00,"Shaftesbury Tavern, Hornsey Road, London, UK",N193QN,Islington North,E14001305,False,False,False,True,0,0,0,2,Shaftesbury Tavern,False,,"Join our Hillrise team out on the doors speaking to residents about the issues that matter to them. If you've never canvassed before you'll be given a full briefing ahead of the session, and you can pair up with an experienced member of the team while you learn the ropes!",https://events.labour.org.uk/event/529391
529663,St Michaels Doorknocking,Canvassing,2026-04-15 11:30:00,2026-04-15 13:00:00,"Volair Spa, Knowsley Leisure and Culture Park, Longview Drive, Huyton, Liverpool L36 6EG, UK",L366EG,Knowsley,E14001317,False,False,False,True,0,0,0,2,"Huyton Volair Car Park, L36 6EG",False,,"We'll be out speaking to voters in St Michaels ward, picking up any local issues and promoting the positive work our Councillors do. Please feel free to reach out if you have any questions or would like further details on how to get involved. If you have never campaigned before then don't worry, you'll be paired with someone who has experience campaigning and will show you the ropes!",https://events.labour.org.uk/event/529663
526830,Canvassing in St Giles ward 🌹 Labour Group session,Canvassing,2026-04-15 12:00:00,2026-04-15 14:00:00,"132 Benhill Road, London SE5 7LZ, UK",SE57LZ,Peckham,E14001421,False,False,False,True,0,0,0,2,"132 Benhill Road, SE5 7LZ",False,,"⭐ Join Southwark Labour out on the doors in St Giles ward speaking to residents about the issues that matter to them. If you've never canvassed before you'll be given a full briefing ahead of the session, and you can pair up with an experienced member of the team while you learn the ropes!",https://events.labour.org.uk/event/526830
530296,Canvassing in Cathall ward,Canvassing,2026-04-15 12:00:00,2026-04-15 13:30:00,"S Birkbeck Rd, London, UK",E114HL,Leyton and Wanstead,E14001334,False,False,False,True,0,0,0,2,South Birkbeck Rd,False,,"Join our Cathall team out on the doors speaking to residents about the issues that matter to them. If you've never canvassed before you'll be given a full briefing ahead of the session, and you can pair up with an experienced member of the team while you learn the ropes!",https://events.labour.org.uk/event/530296
529418,Postal Voters Canvassing with Brian McGinley in Prestwick (Allanvale Rd/Burgh Rd),Canvassing,2026-04-15 13:00:00,2026-04-15 14:30:00,"Allanvale Road, Prestwick, UK",KA91QX,Central Ayrshire,S14000109,False,False,False,True,0,0,0,1,Allanvale Rd/Burgh Rd,False,,Door knocking and leafleting for Postal Voters with Brian McGinley in Prestwick. Meet at Allanvale Rd/Burgh Rd,https://events.labour.org.uk/event/529418
529617,Canvassing in Wandle ward with Eleanor and Sebastian,Canvassing,2026-04-15 13:00:00,2026-04-15 14:30:00,"North Rd, London SW19 1TP, UK",SW191TP,Wimbledon,E14001586,False,False,False,True,0,0,0,1,Meet at corner of Chaucer Way and North Road,False,,"Come and join us on the doorstep with Cllr Eleanor Stringer and Sebastian Budner, your Wandle Labour Action Team and candidates in the 2026 local election to Merton council. 

Wednesday lunchtime in Wandle ward alongside our local councillors and other volunteers.

🤝 New to campaigning? No problem at all, we pair you up with someone experienced. Its all about being a friendly face and chatting to residents.",https://events.labour.org.uk/event/529617
529536,1:30pm Wednesday door knocking in Paisley,Canvassing,2026-04-15 13:30:00,2026-04-15 15:00:00,"51A Blackstoun Road, Paisley, UK",PA31LU,Paisley and Renfrewshire North,S14000101,False,False,False,True,0,0,0,3,Where Oakridge Crescent meets Blackstoun Road,False,,"Join Team Bibby and help speak to as many voters as possible ahead of the election on 7 May. Even if you can spare half an hour, any time will help make a difference to the result in Paisley. 

Don't worry if you've never door knocked before, there will be plenty of people to show you the ropes.",https://events.labour.org.uk/event/529536
528539,Senedd 2026 - Canvassing in Pensarn,Canvassing,2026-04-15 14:00:00,2026-04-15 16:00:00,"Lon-Y-Cyll, Pensarn, Abergele LL22 7RP, UK",LL227RP,Clwyd North,W07000095,False,False,False,True,0,0,0,3,The corner of Lon y Cyll and Craig y Don,False,,"Hello members and supporters! Please sign up now if you are available to help on polling day on May 7th. We need as many members out as possible, it's going to be a really tight election where just a few votes could make a massive difference.",https://events.labour.org.uk/event/528539
528755,Suzanne Grahame: Clackmannanshire & Dunblane - Holyrood 2026 Campaign,Canvassing,2026-04-15 14:00:00,2026-04-15 15:30:00,"Fountain Rd, Bridge of Allan, Stirling FK9 4AT, UK",FK94AT,Stirling and Strathallan,S14000105,False,False,False,True,0,0,0,1,Kier Street/Fountain Road,False,,"Please join us in this door knocking session to introduce our excellent candidate, Suzanne Grahame, to the people of the constituency of Clackmannanshire and Dunblane. 

Don't worry if you have never done this before - you will receive a briefing before you start, and be paired up with an experienced campaigner to shadow and guide you through the conversations.

Everyone is welcome.",https://events.labour.org.uk/event/528755
529175,Canvassing In Talbot Green,Canvassing,2026-04-15 14:00:00,2026-04-15 16:00:00,"Heol Johnson, Talbot Green, Pontyclun CF72 8HR, UK",CF728HR,Pontypridd,W07000106,False,False,False,True,0,2,2,2,Heol Johnson CF72 8HR,False,,Canvassing with Pontypridd Cynon Merthyr Candidates,https://events.labour.org.uk/event/529175
529496,Ceredigion Penfro Senedd Election - Campaigning in Llandissilio,Canvassing,2026-04-15 14:00:00,2026-04-15 16:00:00,"Maesybryn, Llandissilio, Clynderwen SA66 7SY, UK",SA667SY,Ceredigion Preseli,W07000093,False,False,False,True,0,0,0,3,Maesybryn,False,,Please join us for a short canvassing session in Llandissilio. Remember to wear comfortable shoes and dress for the weather,https://events.labour.org.uk/event/529496
530019,Campaigning with Ewan Macphee,Canvassing,2026-04-15 14:00:00,2026-04-15 15:30:00,"Rugby Rd, Kilmarnock KA1 2DQ, UK",KA12DQ,Kilmarnock and Loudoun,S14000110,False,False,False,True,0,0,0,1,,False,,"Join us in speaking to voters across Kilmarnock and the Irvine Valley for our fantastic candidate Ewan Macphee. We need your help to take on Reform and the SNP. Don't worry if you have never campaigned before, training will be provided by one of our more experienced volunteers.",https://events.labour.org.uk/event/530019
529111,Canvassing in Pengam,Canvassing,2026-04-15 14:30:00,2026-04-15 16:00:00,"Pengam Station, Pengam Road, Glan Y Nant, Pengam, Blackwood, UK",NP123XL,Caerphilly,W07000088,False,False,False,True,0,1,1,2,Pengam Station,False,,"This is a door knocking session in the Blaenau Gwent Caerffili Rhymni Senedd constituency ahead of the election in May. Everyone is welcome, regardless of your experience. If you have any questions, please contact us on 07463 939028 or any of the following emails addresses: caerphillylabour@outlook.com; blaenauglabour@outlook.com; rhymneylabour@outlook.com.",https://events.labour.org.uk/event/529111
529504,Ceredigion Penfro Senedd Election - Campaigning in Narberth,Canvassing,2026-04-15 15:30:00,2026-04-15 17:00:00,"John Morgan Cl, Narberth SA67 7FD, UK",SA677FD,Mid and South Pembrokeshire,W07000100,False,False,False,True,0,4,4,3,john morgan close / station road,False,,Please join us for a short canvassing session in Penally. Remember to wear comfortable shoes and dress for the weather,https://events.labour.org.uk/event/529504
528701,Canvassing with Katy Clark in Cunninghame South,Canvassing,2026-04-15 16:00:00,2026-04-15 17:30:00,"Kilwinning Station, Townhead, Kilwinning, UK",KA136NT,North Ayrshire and Arran,S14000048,False,False,False,True,0,0,0,1,"Meeting Kilwinning Train Station, Kilwinning KA13 6NT",False,,Doorstep conversation with potential voters,https://events.labour.org.uk/event/528701
528924,Falkirk West GOTPV Campaigning - 15/04/26,Canvassing,2026-04-15 16:00:00,2026-04-15 18:00:00,"Union Road, Camelon, Falkirk, UK",FK14PG,Falkirk,S14000083,False,False,False,True,0,0,0,1,,False,,"Falkirk West needs your help! Come door knocking with your local Scottish Labour candidate. With postal votes dropping this week we need everyones help to reach as many voters as possible. Use the link below to sign up, no experience needed!",https://events.labour.org.uk/event/528924
530549,Doorknocking in Moortown,Canvassing,2026-04-15 16:30:00,2026-04-15 18:00:00,"Junction of Stonegate Road & Castle View, Moortown, Leeds, UK",LS175BY,Leeds North East,E14001321,False,False,False,True,0,0,0,2,"Junction of Stonegate Road & Castle View, Moortown, Leeds, UK",False,,Join us on the doorsteps speaking to residents about Laura Jane's plan for Moortown!,https://events.labour.org.uk/event/530549
520054,Canvassing in Arbury - 15 April,Canvassing,2026-04-15 17:00:00,2026-04-15 19:00:00,"Kingsway, Arbury, Cambridge, UK",CB42EP,Cambridge,E14001149,False,False,False,True,0,0,0,2,Kingsway flats,False,,Join us canvassing in Arbury!,https://events.labour.org.uk/event/520054
522397,Canvassing in Romsey - 15  April,Canvassing,2026-04-15 17:00:00,2026-04-15 19:00:00,"Co-op Food - Cambridge - Mill Road, Mill Road, Cambridge, UK",CB13AN,No Constituency Found,,False,False,False,True,0,0,0,1,Mill Rd Co-op,True,,Join us canvassing in Romsey!,https://events.labour.org.uk/event/522397
524718,Campaigning in Old Trafford,Canvassing,2026-04-15 17:00:00,2026-04-15 18:30:00,"Carver Close, Old Trafford, Stretford, Manchester M16 9DJ, UK",M169DJ,Stretford and Urmston,E14001528,False,False,False,True,0,0,0,2,corner of Stanley Road and Carver Street,False,,"Come join the Old Trafford team campaigning in our ward. We're a friendly bunch, and if you're new to canvassing, we're happy to support you. We can pair you up with an experienced canvasser. We're keen to find out how voters are feeling about local and national issues. Contact Ben Slater",https://events.labour.org.uk/event/524718
527641,Bordesley & Highgate Canvassing 🌹,Canvassing,2026-04-15 17:00:00,2026-04-15 19:00:00,"Highgate Street, Birmingham",B120XR,Birmingham Ladywood,E14001096,False,False,False,True,0,0,0,1,,False,,"Join us as we canvass in Bordesley & Highgate ward for our 2026 local election candidate, Tyrone Fowles All new and experienced canvassers are welcome - training will be provided. RSVP for address details.",https://events.labour.org.uk/event/527641
529674,"Door Knocking in Throckley- Wed 15th April 5pm Meet: Leazes Parkway/ Coach Rd Throckley, NE15 9QF",Canvassing,2026-04-15 17:00:00,2026-04-15 19:00:00,"Leazes Parkway, Newcastle upon Tyne NE15 9QF, UK",NE159QF,Hexham,E14001285,False,False,False,True,0,0,0,3,"5pm Meet: Leazes Parkway/ Coach Rd Throckley, NE15 9QF",False,,"Join Mark Hardy, Linda Wright and Adam Walker - Labour candidate in Throckley, Walbottle and Newburn ward as they campaign to get elected at the  May 2026 Newcastle City Council elections
No previous experience needed

Contact: John Hanley 07899981012",https://events.labour.org.uk/event/529674
530489,Stevenage Canvassing,Canvassing,2026-04-15 17:00:00,2026-04-15 19:00:00,"1 Trafford Close, Stevenage SG1 3RY, UK",SG13RY,Stevenage,E14001516,False,False,False,True,0,0,0,3,,False,,Join us on Wednesday in Old Town where we will be campaigning to get a strong Labour councillor elected. The session will start at 5pm and we will meet at 1 Trafford Close,https://events.labour.org.uk/event/530489
530491,Knock Doors: Milton Ward,Canvassing,2026-04-15 17:00:00,2026-04-15 19:00:00,"St Helen's Rd & Cossington Rd, Westcliff-on-Sea, Southend-on-Sea, Westcliff-on-Sea SS0 7LA, UK",SS07LA,Southend East and Rochford,E14001501,False,False,False,True,0,1,1,3,,False,,Join Team Southend we will be having conversations with voters about the issues that matter to them to win more elections for Labour and stop Reform.,https://events.labour.org.uk/event/530491
519981,🌹Canvassing in Greets Green & Lyng🌹,Canvassing,2026-04-15 17:30:00,2026-04-15 19:00:00,"Change Road, West Bromwich, UK",B709BW,West Bromwich,E14001574,False,False,False,True,0,0,0,3,,False,,Join us in Greets Green and Lyng to help our amazing candidates to help spread Labour's message of renewal to residents! Never canvassed before? Don't worry! Training will be delivered on the day! 🌹,https://events.labour.org.uk/event/519981
521161,Aintree & Maghull South Canvassing,Campaigning,2026-04-15 17:30:00,2026-04-15 19:00:00,"Aintree Village Youth & Community Centre, and Community Centre, Aintree Youth Centre, 241 Oriel Dr, Aintree, Liverpool L10 6NL, UK",L106NJ,Liverpool Walton,E14001339,False,False,False,True,0,1,1,2,,False,,"Come and join Sefton Labour on the doors! We’ll be out across our communities speaking with residents about the issues that matter most to them. If it’s your first time canvassing, don’t worry - we’ll pair you up with an experienced campaigner to show you the ropes.",https://events.labour.org.uk/event/521161
522852,Canvassing in Wrexham,Canvassing,2026-04-15 17:30:00,2026-04-15 19:30:00,"Ffordd Maddock & Watts Dyke, Llay, Wrexham, UK",LL120RN,Wrexham,W07000111,False,False,False,True,0,1,1,3,"Ffordd Maddock & Watts Dyke, Llay, Wrexham, UK",False,,"Join us canvassing in Fflint-Wrecsam! If you've never canvassed before, or haven't for a while, don't worry - you'll be paired with an experienced canvasser who will guide you and show you the ropes. Simply RSVP so we know to expect you, and see you there!",https://events.labour.org.uk/event/522852
528100,Campaigning in Muswell Hill,Canvassing,2026-04-15 17:30:00,2026-04-15 18:30:00,"The Mossy Well, Muswell Hill Broadway, London N10 3SH, UK",N103SH,Hornsey and Friern Barnet,E14001293,False,False,False,True,0,0,0,2,"The Mossy Well, N10 3SH",False,,"Join our Muswell Hill team out on the doors speaking to residents about the issues that matter to them. If you've never canvassed before you'll be given a full briefing ahead of the session, and you can pair up with an experienced member of the team while you learn the ropes",https://events.labour.org.uk/event/528100
528507,Re-elect Nabeela in Park and Arbourthorne,Canvassing,2026-04-15 17:30:00,2026-04-15 19:30:00,"Norfolk Park Medical Practice, Park Grange Road, Sheffield, UK",S23TA,Sheffield Heeley,E14001469,False,False,False,True,0,0,0,2,Meet outside Norfolk Park Medical Centre,False,,"Come canvassing with local councillors Nabeela, Mia, and Ben, and show your support for our fantastic MP Louise Haigh.

We'll be speaking with voters, listening to their concerns, and taking action to make a real difference in our community.

New to canvassing? No problem at all - full training will be provided, and we'll pair you with an experienced canvasser to guide you through.",https://events.labour.org.uk/event/528507
528760,Suzanne Grahame: Clackmannanshire & Dunblane - Holyrood 2026 Campaign,Canvassing,2026-04-15 17:30:00,2026-04-15 19:00:00,"Myretoungate, Alva FK12 5NH, UK",FK125NH,Alloa and Grangemouth,S14000064,False,False,False,True,0,0,0,1,Myretoungate,False,,"Please join us in this door knocking session to introduce our excellent candidate, Suzanne Grahame, to the people of the constituency of Clackmannanshire and Dunblane. 

Don't worry if you have never done this before - you will receive a briefing before you start, and be paired up with an experienced campaigner to shadow and guide you through the conversations.

Everyone is welcome.",https://events.labour.org.uk/event/528760
529665,St Michaels Doorknocking,Canvassing,2026-04-15 17:30:00,2026-04-15 19:00:00,"Volair Spa, Knowsley Leisure and Culture Park, Longview Drive, Huyton, Liverpool L36 6EG, UK",L366EG,Knowsley,E14001317,False,False,False,True,0,0,0,2,"Huyton Volair Car Park, L36 6EG",False,,"We'll be out speaking to voters in St Michaels ward, picking up any local issues and promoting the positive work our Councillors do. Please feel free to reach out if you have any questions or would like further details on how to get involved. If you have never campaigned before then don't worry, you'll be paired with someone who has experience campaigning and will show you the ropes!",https://events.labour.org.uk/event/529665
525356,Campaigning in Brixton Acre Lane,Canvassing,2026-04-15 18:00:00,2026-04-15 19:30:00,"White Horse Brixton, Brixton Hill, London, UK",SW21QN,Clapham and Brixton Hill,E14001175,False,False,False,True,0,0,0,2,,False,,"Join us as we speak to residents in Brixton Acre Lane ahead of the May 2026 local elections! There will be plenty of experienced campaigners and councillors, so if you've never campaigned before this will be the perfect starting point.",https://events.labour.org.uk/event/525356
527864,Doorknocking in Weetwood!,Canvassing,2026-04-15 18:00:00,2026-04-15 19:30:00,"Cookridge Primary School, Tinshill Drive, Leeds, UK",LS167DH,Leeds Central and Headingley,E14001319,False,False,False,True,0,0,0,2,,False,,"Join us out on the doorstep in Weetwood, campaigning to re-elect Izaak! 

If you've never campaign with us before, all training is provided and you'll be paired up with an experienced volunteer.",https://events.labour.org.uk/event/527864
527897,Canvassing in Ravenscourt Park (evening),Canvassing,2026-04-15 18:00:00,2026-04-15 20:00:00,"Ravenscourt Park Station, London, UK",W60UD,Hammersmith and Chiswick,E14001264,False,False,False,True,0,0,0,2,"Ravenscourt Underground Station, W6 0UD",False,,"Join us on for our canvassing session in Ravenscourt Park alongside our local councillors and other volunteers. If you've never been campaigning before, now is the perfect time to start and we can promise you a very warm welcome. We will offer training and will make sure you are paired with an experienced canvasser until you feel comfortable doing it on our own. Contact - Natalie (+44 7774 694969)",https://events.labour.org.uk/event/527897
528025,"Greenstead canvassing - Wednesday 15th April, 6pm",Canvassing,2026-04-15 18:00:00,2026-04-15 19:00:00,"Greenstead Community Centre, Hawthorn Avenue, Colchester, UK",CO43QE,Colchester,E14001176,False,False,False,True,20,0,0,3,Meet at Greenstead Community Centre car park,False,,Come and meet the residents of Greenstead with councillor Julie Young and team. Check the weather forecast and dress appropriately. Bring a smile and a willingness to help local people..,https://events.labour.org.uk/event/528025
528206,CENTRAL SESSION - BOW WEST,Canvassing,2026-04-15 18:00:00,2026-04-15 19:30:00,"Roman Road & Grove Road, London, UK",E35RQ,Stratford and Bow,E14001525,False,False,False,True,0,0,0,2,Roman Road & Grove Road,False,,Canvassing in Bow West with Labour candidates Cllr Asma Begum & Kevin Brady,https://events.labour.org.uk/event/528206
528885,Clock House Canvassing,Canvassing,2026-04-15 18:00:00,2026-04-15 19:15:00,"Beckenham Rd, Beckenham BR3 4PT, UK",BR34PT,Beckenham and Penge,E14001083,False,False,False,True,0,0,0,3,Corner of Clock House Rd and Beckenham Rd,False,,"Clock House Canvassing
Join Jenny, Jeremy and Josh campaigning in Clock House for a power hour.
Meeting point: Corner of Clock House Rd and Beckenham Rd",https://events.labour.org.uk/event/528885
529215,🌹Westbourne Canvassing🌹,Canvassing,2026-04-15 18:00:00,2026-04-15 20:00:00,"Health @ the Stowe, Harrow Road, London, UK",W25ES,Queen's Park and Maida Vale,E14001435,False,False,False,True,0,0,0,2,,False,,"Come and join our team as we speak to voters ahead of the May 2026 local elections. We will be out on the doorstep speaking to residents about the issues that matter most to them. If it is your first time canvassing, do not worry. We will pair you up with an experienced campaigner.",https://events.labour.org.uk/event/529215
529358,Campaigning with Dr Oliver Thomas,Canvassing,2026-04-15 18:00:00,2026-04-15 20:00:00,"Mountcastle Dr N, Edinburgh EH8 7SJ, UK",EH87SJ,Edinburgh East and Musselburgh,S14000078,False,False,False,True,0,0,0,3,Corner of Mountcastle Drive North/Mountcastle Grove,False,,"Join our candidate for Holyrood, Dr Oliver Thomas, speaking to voters in the new seat of Edinburgh North Eastern and Leith. If you've never doorknocked before, experienced campaigners will be on hand to teach you. Looking forward to seeing you there!",https://events.labour.org.uk/event/529358
529546,Manor Castle doorknocking,Canvassing,2026-04-15 18:00:00,2026-04-15 19:30:00,"Castledale Pl, Sheffield S2 1NH, UK",S21NH,Sheffield Heeley,E14001469,False,False,False,True,0,0,0,2,Junction of Harborough Avenue and Castlebeck Drive,False,,Help elect Michael as our next Manor Castle councillor as we talk to postal voters ahead of postal ballots dropping thorugh letter boxes.,https://events.labour.org.uk/event/529546
529579,Wednesday evening canvassing in Westbourne Town Council ward,Canvassing,2026-04-15 18:00:00,2026-04-15 19:00:00,"Leven Avenue & Benellen Avenue, Bournemouth, UK",BH49LH,Bournemouth West,E14001116,False,False,False,True,0,0,0,3,Corner of Leven Avenue and Benellen Avenue,False,,"We will be out talking to residents in Westbourne ward. Enquiring if there are any questions or concerns for Jessica and our Labour Government as well as canvassing for our three Town Council candidates, Jamie, Dan and Dan. If you have never done this before, don't worry. We will buddy you up with one of our experienced comrades. This is a very important part of our campaigning work and the best way to collect peoples opinion. Come and join us, it's great fun. Dan will be leading this session.",https://events.labour.org.uk/event/529579
529596,Local Election Campaign - Mossley,Canvassing,2026-04-15 18:00:00,2026-04-15 19:00:00,"Hyde Town Hall Business Centre, Corporation Street, Hyde, UK",SK141AB,Stalybridge and Hyde,E14001515,False,False,False,True,0,0,0,2,Please RSVP to receive specific location.,False,,"Come and be part of our campaign in Mossley, speaking with residents about the issues that matter most to them. As we head towards the local elections in May, every conversation really does make a difference. The more people we have out talking to voters, the stronger our campaign will be. Never canvassed before? No problem at all. You will be paired with an experienced campaigner who will guide you and help you feel confident from the start. Just RSVP to receive the exact meeting point. Bring your energy, your voice, and your enthusiasm. We would love to see you there!",https://events.labour.org.uk/event/529596
529829,Campaigning in Piccadilly- Wednesday 15th April 6pm,Canvassing,2026-04-15 18:00:00,2026-04-15 19:30:00,"Neptune Mill, Chapeltown Street, Manchester, UK",M12WQ,Manchester Central,E14001352,False,False,False,True,0,1,1,2,,False,,"The Piccadilly team will be joined by activists to chat to residents, and show that Labour is here to help. If you're an experienced campaigner, or new to door knocking and looking to get involved, please come along to help us listen to people's concerns. If you're new to campaigning, we're happy to support you and can pair you up with an experienced colleague. We hope to see you there! 🌹",https://events.labour.org.uk/event/529829
530516,Eve of Poll Canvassing in Narborough,Canvassing,2026-04-15 18:00:00,2026-04-15 20:00:00,"1 Stainmore Avenue, Narborough, Leicester, UK",LE193ZB,South Leicestershire,E14001488,False,False,False,True,0,0,0,2,,False,,Eve of Poll Canvassing in Narborough,https://events.labour.org.uk/event/530516
529842,Evening Power Hour for our Egham Candidates,Canvassing,2026-04-15 18:30:00,2026-04-15 19:30:00,"Glebe Road, Egham, UK",TW208BT,Runnymede and Weybridge,E14001456,False,False,False,True,0,0,0,2,Glebe Road,False,,Canvassing for our Egham Candidates for the West Surrey elections.,https://events.labour.org.uk/event/529842
530642,Halton Lea Ward,Canvassing,2026-04-15 18:30:00,2026-04-15 21:00:00,"Eagles Way, Halton, Runcorn WA7 2GF, UK",WA72FX,Runcorn and Helsby,E14001455,False,False,False,True,0,0,0,2,Eagles Way @ 6.30pm,False,,Canvassing/Leafleting for Nia Hayes for the Halton Local Election Campaign- all welcome,https://events.labour.org.uk/event/530642
530684,Daniel Johnson 2026 Campaign Session,Canvassing,2026-04-15 18:30:00,2026-04-15 19:30:00,"Morningside Road, Edinburgh, UK",EH104PU,Edinburgh South,S14000080,False,False,False,True,0,0,0,1,Meet at the Morningside Clock,False,,Join Daniel Johnson on his 2026 Scottish Election Campaign.,https://events.labour.org.uk/event/530684
530174,Doorknocking in Stoke,Canvassing,2026-04-16 08:30:00,2026-04-16 10:30:00,"Cambridge Road, Ford, Plymouth, UK",PL21PU,Plymouth Sutton and Devonport,E14001427,False,False,False,True,0,0,0,2,Meet at the junction of Cambridge Road and Alfred Road,False,,Join us as we chat to local residents in Stoke. Let's get these postal votes locked down!!,https://events.labour.org.uk/event/530174
528540,Lynne Robinson for Cramlington South West Ward - Polling Day,Polling Day Campaign Centre,2026-04-16 10:00:00,2026-04-16 22:00:00,"Cramlington NE23 8FQ, UK",NE238FQ,Cramlington and Killingworth,E14001183,False,False,False,True,0,0,0,1,"corner of Snowdrop Way and Violet Drive, West Meadows, Cramlington, NE23 8FQ t",False,,"Polling Day
We will be running a full polling day operation in the ward. Below are meeting times and locations. If you can join outside of those times, please head to the corner of Snowdrop Way and Violet Drive, West Meadows, Cramlington, NE23 8FQ to be directed to a team or call 07769187781.
 10am: Meet on Sheringham Drive, Cramlington NE23 8HB
12pm: Meet at the corner of Snowdrop Way and Violet Drive, Cramlington, NE23 8FQ
2pm: Meet on Sheringham Drive, Cramlington NE23 8HB
4pm: Meet on Holly Way, Foxton Mill, Cramlington, NE23 8FU
6pm: Meet at the corner of Snowdrop Way and Violet Drive, Cramlington, NE23 8FQ",https://events.labour.org.uk/event/528540
529964,Darfield & Great Houghton leafletting (Upper Italian Estate),Leafletting,2026-04-16 10:00:00,2026-04-16 11:30:00,"84 Upperwood Road, Darfield, Barnsley, UK",S739RQ,Barnsley South,E14001075,False,False,False,True,0,1,1,2,,False,,Delivery of main address,https://events.labour.org.uk/event/529964
522854,Canvassing in Wrexham,Canvassing,2026-04-16 10:30:00,2026-04-16 12:30:00,"Cromar Crescent & Chester Road, Rossett, Wrexham, UK",LL120DE,Wrexham,W07000111,False,False,False,True,0,1,1,3,"Cromar Crescent & Chester Road, Rossett, Wrexham, UK",False,,"Join us canvassing in Fflint-Wrecsam! If you've never canvassed before, or haven't for a while, don't worry - you'll be paired with an experienced canvasser who will guide you and show you the ropes. Simply RSVP so we know to expect you, and see you there!",https://events.labour.org.uk/event/522854
528795,Canvassing in Stanwell | Caerdydd Penarth,Canvassing,2026-04-16 10:30:00,2026-04-16 12:00:00,"Dinas Rd, Penarth CF64 3PJ",CF643PJ,Cardiff South and Penarth,W07000091,False,False,False,True,0,0,0,2,Corner of Dinas Road and St Peter's Rd,False,,Join us as we speak to residents in Caerdydd Penarth ahead of the Senedd election.,https://events.labour.org.uk/event/528795
530172,Doorknocking in St Peter and The Waterfront,Canvassing,2026-04-16 10:30:00,2026-04-16 12:00:00,"St Paul's Church, Durnford Street, Stonehouse, Plymouth, UK",PL13RX,Plymouth Sutton and Devonport,E14001427,False,False,False,True,0,0,0,2,"Meet outside St Paul's Church, Durnford Street",False,,Now is the time to get involved and help us defeat Reform in Plymouth. Join us as we chat to local residents in St Peter & The Waterfront!,https://events.labour.org.uk/event/530172
528192,Thursday 16th April - 11am - Billinge and Seneley Green,Campaigning,2026-04-16 11:00:00,2026-04-16 13:00:00,"Birchley St Mary's Catholic Primary, Birchley Road, Billinge, WN5 7QJ, UK",WN57QJ,St Helens North,E14001509,False,False,False,True,0,2,2,2,Car park,False,,"A campaigning session in Billinge!

Postcode:  WN5 7QJ",https://events.labour.org.uk/event/528192
528699,Canvassing in Croesyceiliog,Canvassing,2026-04-16 11:00:00,2026-04-16 13:00:00,"Croesyceiliog, Cwmbran, UK",NP442EZ,Torfaen,W07000109,False,False,False,True,0,0,0,2,"Ashford Close / Ashford Cl North, NP44 2AZ",False,,Join us as we speak to voters about local issues and the upcoming Senedd elections,https://events.labour.org.uk/event/528699
528966,Welwyn Hatfield Canvassing,Canvassing,2026-04-16 11:00:00,2026-04-16 13:00:00,"Bramble Road & Poplar Avenue, Hatfield, UK",AL109RZ,Welwyn Hatfield,E14001573,False,False,False,True,100,1,1,3,,False,,Join Welwyn Hatfield Labour in the 2026 local election campaign. A full briefing will be provided at the start of every session and if you're new you can be paired up with an experienced door knocker until you're comfortable. Every volunteer makes a huge difference and we hope to see you on the doorstep soon.,https://events.labour.org.uk/event/528966
529113,Canvassing in Machen (Morning),Canvassing,2026-04-16 11:00:00,2026-04-16 12:30:00,"Ridgeway, Machen, Caerphilly CF83 8RB, UK",CF838RB,Caerphilly,W07000088,False,False,False,True,0,1,1,2,Ridgeway,False,,"This is a door knocking session in the Blaenau Gwent Caerffili Rhymni Senedd constituency ahead of the election in May. Everyone is welcome, regardless of your experience. If you have any questions, please contact us on 07463 939028 or any of the following emails addresses: caerphillylabour@outlook.com; blaenauglabour@outlook.com; rhymneylabour@outlook.com.",https://events.labour.org.uk/event/529113
529396,Canvassing in Hillrise ward,Canvassing,2026-04-16 11:00:00,2026-04-16 13:00:00,"Caxton House Community Centre, Saint John's Way, London, UK",N193RQ,Islington North,E14001305,False,False,False,True,0,1,1,2,Caxton House,False,,"Join our Hillrise team out on the doors speaking to residents about the issues that matter to them. If you've never canvassed before you'll be given a full briefing ahead of the session, and you can pair up with an experienced member of the team while you learn the ropes!",https://events.labour.org.uk/event/529396
530548,Longford Campaigning,Campaigning,2026-04-16 11:00:00,2026-04-16 12:00:00,"Woodshires Road & Rowley's Green Lane, Longford, Coventry, UK",CV66AA,Coventry East,E14001180,False,False,False,True,0,0,0,2,,False,,"Join us as we speak to voters and deliver campaign materials in Longford. Junction of Woodshires Road and Rowleys Green Lane, Coventry, CV6 6AA.",https://events.labour.org.uk/event/530548
529458,Door Knocking Wyken,Canvassing,2026-04-16 11:30:00,2026-04-16 13:00:00,"Brinklow Rd, Binley, Coventry CV3 2JB, UK",CV32JB,Coventry East,E14001180,False,False,False,True,0,1,1,2,Junction of Brinklow Road and Porchester Close,False,,"Join the Coventry East Team to speak to residents about their issues and concerns.
Meeting point junction of Brinklow Road and Porchester Close. It would be wonderful if you could come out and support us.",https://events.labour.org.uk/event/529458
529970,Broad Green Thursday Canvass,Campaigning,2026-04-16 12:00:00,2026-04-16 13:00:00,"Pemdevon Rd, Croydon CR0 3QQ, UK",CR03QQ,Croydon West,E14001188,False,False,False,True,0,0,0,2,"Junction of Pemdevon Road and London Road, Croydon CR0 3QQ",False,,"Please join Broad Green Labour team for campaign session on Thursday 16th April 2026 at 12 PM. 
Meet at the Junction of Pemdevon Road and London Road, Croydon CR0 3QQ.",https://events.labour.org.uk/event/529970
530220,Doorknocking in Hoylandswaine,Canvassing,2026-04-16 12:00:00,2026-04-16 13:00:00,"The Rose & Crown Hoylandswaine, Barnsley Rd, Hoylandswaine, Sheffield S36 7HA, UK",S367JA,Penistone and Stocksbridge,E14001423,False,False,False,True,0,0,0,3,"near the Rose and Crown, Barnsley Rd, S36 7JA",False,,"Join Alex, John, Frances and the local team for a Street Surgery, speaking to residents and identifying local concerns. Training and support will be provided for new members or those wanting a refresher.",https://events.labour.org.uk/event/530220
530778,Stevenage Canvassing,Canvassing,2026-04-16 12:00:00,2026-04-16 14:00:00,"Royal Oak, Walkern Road, Stevenage, UK",SG13RA,Stevenage,E14001516,False,False,False,True,0,1,1,3,,False,,Join us on Thursday in Old Town where we will be campaigning with a SPECIAL GUEST to get a strong Labour councillor elected. The session will start at 12pm and we will meet outside the Royal Oak Pub- SG1 3RA,https://events.labour.org.uk/event/530778
527361,Canvassing in Haydon Wick,Canvassing,2026-04-16 12:30:00,2026-04-16 14:00:00,"1 Deben Crescent, Swindon, UK",SN253QB,Swindon North,E14001536,False,False,False,True,0,1,1,3,corner of Thames and Deben cres SN25 3QB,False,,Come and Join our team on the doorstep in Haydon Wick.,https://events.labour.org.uk/event/527361
530683,Houghton and Sunderland South canvassing session.,Canvassing,2026-04-16 12:30:00,2026-04-16 13:30:00,"1 Monarch road, Houghton le Spring, UK",DH46FG,Houghton and Sunderland South,E14001295,False,False,False,True,0,5,5,2,The junction of Monarch road and Blind lane,False,,"This is a Happy Hour event brought to you by the Houghton and Sunderland South constituency veterans club. If you have previously received support from the veteran club we would appreciate your support now. That is how solidarity works.
If you intend joining us please remember to RSVP the session. T.Y.I.A for your support Charlie",https://events.labour.org.uk/event/530683
529468,Thursday Lunchtime Netherton 16/04/2026,Campaigning,2026-04-16 13:00:00,2026-04-16 14:00:00,"Netherton Community Centre, Netherton Road, Glasgow, UK",G132TE,Glasgow West,S14000089,False,False,False,True,0,0,0,3,Carpark of Netherton Community Centre,False,,Campaigning with our excellent candidate for Motherwell and Wishaw Ayesha Khan.,https://events.labour.org.uk/event/529468
529513,Ceredigion Penfro Senedd Election - campaigning in Cardigan,Canvassing,2026-04-16 13:00:00,2026-04-16 15:00:00,"Bron-Y-Dre, Cardigan SA43 1LD, UK",SA431LD,Ceredigion Preseli,W07000093,False,False,False,True,0,4,4,3,Bron -y - Dre / Greenfield row,False,,Please join us for a short canvassing session in Penally. Remember to wear comfortable shoes and dress for the weather,https://events.labour.org.uk/event/529513
529583,Thursday early afternoon canvassing in Westbourne Town Council wards,Canvassing,2026-04-16 13:30:00,2026-04-16 15:00:00,"Alumhurst Road & Westerham Road, Westbourne, Bournemouth, UK",BH48EL,Bournemouth West,E14001116,False,False,False,True,0,0,0,3,Corner of Alumhurst Road and Westerham Road,False,,"We will be out talking to residents in Westbourne ward. Enquiring if there are any questions or concerns for Jessica and our Labour Government as well as canvassing for our three Town Council candidates, Jamie, Dan and Dan. If you have never done this before, don't worry. We will buddy you up with one of our experienced comrades. This is a very important part of our campaigning work and the best way to collect peoples opinion. Come and join us, it's great fun. Dan will be leading this session.",https://events.labour.org.uk/event/529583
522856,Canvassing in Wrexham,Canvassing,2026-04-16 14:00:00,2026-04-16 16:00:00,"Rossett, Wrexham LL12 0EY, UK",LL120EY,Wrexham,W07000111,False,False,False,True,0,2,2,3,"Harwood's Lane and Holt Road, Rossett",False,,"Join us canvassing in Fflint-Wrecsam! If you've never canvassed before, or haven't for a while, don't worry - you'll be paired with an experienced canvasser who will guide you and show you the ropes. Simply RSVP so we know to expect you, and see you there!",https://events.labour.org.uk/event/522856
527738,Bevois canvass,Canvassing,2026-04-16 14:00:00,2026-04-16 15:15:00,"Portswood Rd, Southampton SO17 2FU, UK",SO172FU,Southampton Test,E14001500,False,False,False,True,0,0,0,2,Fullerton Place (off Portswood Rd) near outside mail boxes,False,,Join our friendly ward team for this local election canvass and help us win the seat for Labour.,https://events.labour.org.uk/event/527738
528726,Senedd 2026 - Canvassing in Gwernaffield,Canvassing,2026-04-16 14:00:00,2026-04-16 16:00:00,"Gwernaffield, Mold CH7 5DJ, UK",CH75DJ,Clwyd East,W07000094,False,False,False,True,0,2,2,3,The corner of The Links and Bwlch Y Ddeufryn,False,,"Hello members and supporters! Please sign up now if you are available to help on polling day on May 7th. We need as many members out as possible, it's going to be a really tight election where just a few votes could make a massive difference.",https://events.labour.org.uk/event/528726
528762,Suzanne Grahame: Clackmannanshire & Dunblane - Holyrood 2026 Campaign,Canvassing,2026-04-16 14:00:00,2026-04-16 15:30:00,"Atholl Place, Dunblane, UK",FK159AQ,Stirling and Strathallan,S14000105,False,False,False,True,0,0,0,1,Atholl Place/Anderson Street,False,,"Please join us in this door knocking session to introduce our excellent candidate, Suzanne Grahame, to the people of the constituency of Clackmannanshire and Dunblane. 

Don't worry if you have never done this before - you will receive a briefing before you start, and be paired up with an experienced campaigner to shadow and guide you through the conversations.

Everyone is welcome.",https://events.labour.org.uk/event/528762
528926,Falkirk West GOTPV Campaigning - 16/04/26,Canvassing,2026-04-16 14:00:00,2026-04-16 16:00:00,"McLachlan Avenue, D",FK53HL,Alloa and Grangemouth,S14000064,False,False,False,True,0,0,0,1,,False,,"Falkirk West needs your help! Come door knocking with your local Scottish Labour candidate. With postal votes dropping this week we need everyones help to reach as many voters as possible. Use the link below to sign up, no experience needed!",https://events.labour.org.uk/event/528926
530222,Doorknocking in Oxspring,Canvassing,2026-04-16 14:00:00,2026-04-16 15:00:00,"Oxspring Playground, Sheffield Road, Oxspring, Sheffield, UK",S368WZ,Penistone and Stocksbridge,E14001423,False,False,False,True,0,1,1,3,"near Oxspring Playground car park, Roughbirchworth Ln., S36 8WZ",False,,"Join Alex, John, Frances and the local team for a Street Surgery, speaking to residents and identifying local concerns. Training and support will be provided for new members or those wanting a refresher.",https://events.labour.org.uk/event/530222
530529,Campaigning with Katherine Sangster,Campaigning,2026-04-16 14:00:00,2026-04-16 16:00:00,"Joppa, Edinburgh, UK",EH152HB,Edinburgh East and Musselburgh,S14000078,False,False,False,True,0,0,0,3,"Junction of Joppa Road and Coillesdene Terrace, Portobello, EH15 2ET",False,,"Join our candidate for Holyrood, Katherine Sangster, speaking to voters in Edinburgh East, Musselburgh, and Tranent. If you've never door-knocked before, experienced campaigners will be on hand to teach you! Looking forward to seeing you there!",https://events.labour.org.uk/event/530529
528177,Shirley canvass,Canvassing,2026-04-16 15:00:00,2026-04-16 16:15:00,"Anglesea Rd, Southampton SO15 5QJ, UK",SO155QJ,Southampton Test,E14001500,False,False,False,True,0,0,0,2,Corner of Anglesea Rd & Medina Rd,False,,Join our friendly ward team for this local election canvass and help us win the seat for Labour.,https://events.labour.org.uk/event/528177
530781,Stevenage Canvassing,Canvassing,2026-04-16 15:00:00,2026-04-16 17:00:00,"Hydean Way, Shephall, Stevenage SG2 9XH, UK",SG29XH,Stevenage,E14001516,False,False,False,True,0,0,0,3,,False,,Join us on Thursday in Shephall where we will be campaigning with  to get a strong Labour councillor elected. The session will start at 3pm and we will meet at the Hydean Way Shops- SG2 9XH,https://events.labour.org.uk/event/530781
527012,Campaigning in Birley,Campaigning,2026-04-16 15:30:00,2026-04-16 17:00:00,"Jaunty Ave, Sheffield S12 3DD, UK",S123DD,Sheffield South East,E14001470,False,False,False,True,0,0,0,2,"Corner Jaunty Lane and Jaunty Ave, Sheffield S12 3DD",False,,Join us out on the doorstep to talk to residents about the issues that matter to them and help reelect Karen McGowan,https://events.labour.org.uk/event/527012
529363,Campaigning with Dr Oliver Thomas,Canvassing,2026-04-16 15:30:00,2026-04-16 17:30:00,"Brunswick Rd, Edinburgh EH7 5NG, UK",EH75NG,Edinburgh North and Leith,S14000079,False,False,False,True,0,0,0,3,Corner of Mcdonald Road/Leith Walk,False,,"Join our candidate for Holyrood, Dr Oliver Thomas, speaking to voters in the new seat of Edinburgh North Eastern and Leith. If you've never doorknocked before, experienced campaigners will be on hand to teach you. Looking forward to seeing you there!",https://events.labour.org.uk/event/529363
520206,🌹Canvassing in Old Warley🌹,Canvassing,2026-04-16 16:00:00,2026-04-16 17:30:00,"Birch Road, Oldbury, UK",B680ND,Smethwick,E14001478,False,False,False,True,0,0,0,2,,False,,Join us in Old Warley to help our amazing candidates to help spread Labour's message of renewal to residents! Never canvassed before? Don't worry! Training will be delivered on the day! 🌹,https://events.labour.org.uk/event/520206
522812,🌹 Barnsley Labour Blitz Session - Penistone East 🌹,Canvassing,2026-04-16 16:00:00,2026-04-16 17:00:00,"Silkstone Pharmacy, High Street, Silkstone, Barnsley, UK",S754JH,Penistone and Stocksbridge,E14001423,False,False,False,True,100,0,0,3,,False,,"Join the Barnsley Labour team for a morning of door-knocking to support our excellent local Labour Candidates - Dr Alex Burnett, John Roberts and Frances Nixon.

Don't worry if you've not campaigned before, we'll pair you with an experienced campaigner until you find your feet!",https://events.labour.org.uk/event/522812
522863,🌹 Barnsley Labour Blitz Session - Stairfoot 🌹,Canvassing,2026-04-16 16:00:00,2026-04-16 17:00:00,"The Ash Inn, Wombwell Lane, Wombwell, Barnsley, UK",S738EP,Barnsley South,E14001075,False,False,False,True,100,1,1,2,,False,,"Join the Barnsley Labour team for a morning of door-knocking to support our excellent local Labour candidates - Karen Dyson, Paul Murray and Ian Shirt.

Don't worry if you've not campaigned before, we'll pair you with an experienced campaigner until you find your feet!",https://events.labour.org.uk/event/522863
523017,Southbourne and Tuckton Canvassing,Canvassing,2026-04-16 16:00:00,2026-04-16 17:30:00,"Merrivale Avenue & Seafield Road, Bournemouth, UK",BH63JP,Bournemouth East,E14001115,False,False,False,True,0,5,5,3,,False,,"Help Tom Hayes MP and our local Labour councillors meet with and hear residents' concerns so we can build a better Bournemouth together.

This is vital campaigning - every conversation, all year round, enables us to understand what matters to local people, drive change for them, and lay the foundation for success at future elections.

If you're new to campaigning, not to worry! We'll pair you up with an experienced campaigner to help you learn the ropes at your own pace.

If you need help, please call Chris on 07450 958795.",https://events.labour.org.uk/event/523017
530888,Get Out the Postal Vote Woodhouse,Campaigning,2026-04-16 16:00:00,2026-04-16 18:00:00,"Mayfield Avenue & Friary Road, London, UK",N129PB,Finchley and Golders Green,E14001238,False,False,False,True,0,0,0,3,Mayfield Avenue and Friary Road,False,,GOTPV,https://events.labour.org.uk/event/530888
526750,Canvassing in Bletchley West,Canvassing,2026-04-16 16:30:00,2026-04-16 18:30:00,"Melrose Avenue Post Office, Melrose Avenue, Bletchley, Milton Keynes, UK",MK36PB,Buckingham and Bletchley,E14001141,False,False,False,True,0,0,0,3,,False,,"Join the Bletchley West team to speak to local residents on the doorstep about what matters to them, and how Labour is working nationally and locally to help people in Milton Keynes. Don't worry if you've never campaigned before, you'll be paired up with someone until you get the hang of it.",https://events.labour.org.uk/event/526750
527371,Canvassing in Priory Vale,Canvassing,2026-04-16 17:00:00,2026-04-16 18:30:00,"2 Thetford Way, Swindon, UK",SN251WJ,Swindon North,E14001536,False,False,False,True,0,0,0,3,corner of Queen Elizabeth Dr and Thetford wy SN25 1WJ,False,,Come and join the team out on the doorstep in Priory Vale.,https://events.labour.org.uk/event/527371
528092,Campaigning in Hermitage & Gardens,Canvassing,2026-04-16 17:00:00,2026-04-16 18:00:00,"Hakuna Matata Cafe, Seven Sisters Road, London N15 6HT, UK",N156HT,Tottenham,E14001553,False,False,False,True,0,0,0,2,"Hakuna Matata, N15 6HT",False,,"Join our Hermitage & Gardens team out on the doors speaking to residents about the issues that matter to them. If you've never canvassed before you'll be given a full briefing ahead of the session, and you can pair up with an experienced member of the team while you learn the ropes",https://events.labour.org.uk/event/528092
528434,Canvassing in Southwick Green,Canvassing,2026-04-16 17:00:00,2026-04-16 18:30:00,"Kingston Ln, Southwick, Brighton BN42 4SJ, UK",BN424SJ,East Worthing and Shoreham,E14001218,False,False,False,True,0,0,0,3,Corner of Kingston Lane and Clarendon Road,False,,Join Dan and his team canvassing for the upcoming elections on May 7th.,https://events.labour.org.uk/event/528434
529661,Get Out the Postal Vote Launch with Cabinet Minister,Public rally or speech,2026-04-16 17:00:00,2026-04-16 19:00:00,"Cheylesmore Community Centre & C3 Coffee, Arundel Road, Coventry, UK",CV35JL,Coventry South,E14001182,False,False,False,True,0,60,60,2,Cheylesmore Community Centre,False,,"From next week, postal votes will be landing on doormats across Coventry - meaning polling day will come early for thousands of voters.

Join us on Thursday 16 April as we kick off our postal vote campaign. We’ll be joined by our fantastic Labour MPs, Mary and Taiwo, alongside a special guest from the Cabinet.

Be part of the launch and help us get the vote out across Coventry.",https://events.labour.org.uk/event/529661
530170,Doorknocking in Honicknowle,Canvassing,2026-04-16 17:00:00,2026-04-16 19:00:00,"Co-op Food - Ernesettle - Hornchurch Road, Hornchurch Road, Ernesettle, Plymouth, UK",PL52TG,Plymouth Moor View,E14001426,False,False,False,True,0,0,0,3,"Meet at the Co-op, Hornchurch Road, Ernesettle",False,,Join us as we knock on doors in Honicknowle and talk to residents about the local and national issues that matter to them.,https://events.labour.org.uk/event/530170
530194,New Road Canvassing,Canvassing,2026-04-16 17:00:00,2026-04-16 19:00:00,"New Rd, Littlehampton BN17 5AT, UK",BN175AT,Bognor Regis and Littlehampton,E14001108,False,False,False,True,0,1,1,2,New Road and Clifton Road,False,,"The election feels so close! The Reform candidate claims he's out canvassing 10 hours a day... We know their message is weak, and their listening skills worse, but we need to make sure we get out, knock door and ensure LA Town residents' are heard.",https://events.labour.org.uk/event/530194
530328,Canvassing in Wood Street ward,Canvassing,2026-04-16 17:00:00,2026-04-16 18:30:00,"Karya Café and Bistro, Wood Street, London, UK",E173HX,Walthamstow,E14001563,False,False,False,True,0,0,0,2,Karya Cafe,False,,"Join our Wood Street team out on the doors speaking to residents about the issues that matter to them. If you've never canvassed before you'll be given a full briefing ahead of the session, and you can pair up with an experienced member of the team while you learn the ropes!",https://events.labour.org.uk/event/530328
530494,Knock Doors: Blenhiem,Canvassing,2026-04-16 17:00:00,2026-04-16 19:00:00,"29 Eastwood Blvd, Westcliff-on-Sea, Southend-on-Sea, Westcliff-on-Sea SS0 0BY, UK",SS00BY,Southend West and Leigh,E14001502,False,False,False,True,0,1,1,1,Outside CJ the Butchers,False,,Join Team Southend we will be having conversations with voters about the issues that matter to them to win more elections for Labour and stop Reform.,https://events.labour.org.uk/event/530494
519960,🌹Canvassing in Tipton Green🌹,Canvassing,2026-04-16 17:30:00,2026-04-16 19:00:00,"Baker Street, Tipton, UK",DY48JX,Tipton and Wednesbury,E14001547,False,False,False,True,0,0,0,3,,False,,Join us in Tipton Green to help our amazing candidates to help spread Labour's message of renewal to residents! Never canvassed before? Don't worry! Training will be delivered on the day! 🌹,https://events.labour.org.uk/event/519960
524468,"Highwoods Canvass - Thursday 16th April, 5:30pm",Canvassing,2026-04-16 17:30:00,2026-04-16 18:30:00,"Gavin Way, Highwoods, Colchester, UK",CO49EY,Colchester,E14001176,False,False,False,True,20,0,0,3,Meet at 71 Gavin Way,False,,Come and meet the residents of Highwoods with Councillor Jocelyn Law and team. Check the weather and dress appropriately,https://events.labour.org.uk/event/524468
528764,Suzanne Grahame: Clackmannanshire & Dunblane - Holyrood 2026 Campaign,Canvassing,2026-04-16 17:30:00,2026-04-16 19:00:00,"Cragganmore, Tullibody, Alloa FK10 2SY, UK",FK102SY,Alloa and Grangemouth,S14000064,False,False,False,True,0,0,0,1,Gragganmore/The Orchard,False,,"Please join us in this door knocking session to introduce our excellent candidate, Suzanne Grahame, to the people of the constituency of Clackmannanshire and Dunblane. 

Don't worry if you have never done this before - you will receive a briefing before you start, and be paired up with an experienced campaigner to shadow and guide you through the conversations.

Everyone is welcome.",https://events.labour.org.uk/event/528764
528960,Door Knocking Henley,Campaigning,2026-04-16 17:30:00,2026-04-16 19:00:00,"Mount Pleasant, Hinckley Road, Walsgrave on Sowe, Coventry, UK",CV22EU,Coventry East,E14001180,False,False,False,True,0,0,0,2,Mount Pleasant car park CV2 2EU,False,,"Join the Coventry East Team to speak to residents about their issues and concerns.
Meeting point  Mount Pleasant car park CV2 2EU. Hope you can come and support us.",https://events.labour.org.uk/event/528960
529041,Campaigning with Catriona Munro in Craiglockhart,Campaigning,2026-04-16 17:30:00,2026-04-16 19:00:00,"Craiglockhart Park & Craiglockhart Crescent, Edinburgh, UK",EH141EU,Edinburgh South West,S14000081,False,False,False,True,0,0,0,1,,False,,"Join us in Craiglockhart for a campaign session for Catriona Munro; if you haven't door-knocked before, there will be people there to show you the ropes.",https://events.labour.org.uk/event/529041
529064,Campaigning in Walkley,Canvassing,2026-04-16 17:30:00,2026-04-16 19:00:00,"Harold Street Medical Centre, Harold Street, Sheffield, UK",S63QW,Sheffield Central,E14001467,False,False,False,True,0,1,1,2,"outside Harold Street Medical Centre, Harold Street",False,,Join us on the doorstep to re-elect Cllr Tom Hunt on Thursday 7 May. We'll provide a briefing beforehand and pair newcomers with experienced campaigners.,https://events.labour.org.uk/event/529064
530154,Canvassing in St John's,Canvassing,2026-04-16 17:30:00,2026-04-16 19:00:00,"Cauldwell Ave, Ipswich IP4 4EA, UK",IP44EA,Ipswich,E14001302,False,False,False,True,0,0,0,3,Meet at junction of Caudwell Ave/ Tovells Rd,False,,Join us on the doorstep in St John's,https://events.labour.org.uk/event/530154
530746,Canvassing in Roker,Canvassing,2026-04-16 17:30:00,2026-04-16 18:30:00,"Givens Street, Roker, Sunderland, UK",SR60NP,Sunderland Central,E14001531,False,False,False,True,0,0,0,2,Meet at Cooper St and Given St,False,,Join us in Roker,https://events.labour.org.uk/event/530746
519810,Salford CLP Campaigning - Blackfriars & Trinity,Campaigning,2026-04-16 18:00:00,2026-04-16 19:30:00,"Bexley Square, Salford, UK",M36DB,Salford,E14001459,False,False,False,True,0,0,0,2,,False,,Campaigning for our fantastic candidates,https://events.labour.org.uk/event/519810
528139,Campaigning in Stroud Green,Canvassing,2026-04-16 18:00:00,2026-04-16 19:00:00,"Perth Rd & Woodstock Rd, London N4 3EU, UK",N43EU,Hornsey and Friern Barnet,E14001293,False,False,False,True,0,0,0,2,"Perth Rd & Woodstock Rd, N4 3EU",False,,"Join our Stroud Green team out on the doors speaking to residents about the issues that matter to them. If you've never canvassed before you'll be given a full briefing ahead of the session, and you can pair up with an experienced member of the team while you learn the ropes",https://events.labour.org.uk/event/528139
529373,Canvassing in Sands End (evening),Canvassing,2026-04-16 18:00:00,2026-04-16 20:00:00,"St Matthew's Church, Fulham, Wandsworth Bridge Road, London, UK",SW62TX,Chelsea and Fulham,E14001160,False,False,False,True,0,2,2,3,"St Matthew's Church, Fulham, SW6 2TX",False,,"Join us on for our canvassing session in Sands End alongside our local councillors and other volunteers. If you've never been campaigning before, now is the perfect time to start and we can promise you a very warm welcome. We will offer training and will make sure you are paired with an experienced canvasser until you feel comfortable doing it on our own. Contact - Roseanne (‪07808723767)",https://events.labour.org.uk/event/529373
529503,Canvassing in Holywell Ward - Thursday 16 April,Canvassing,2026-04-16 18:00:00,2026-04-16 19:00:00,"Vimco, Whippendell Road, Watford, UK",WD187PA,Watford,E14001568,False,False,False,True,0,0,0,3,,False,,We will be canvassing with our great councillor Asma Suleman,https://events.labour.org.uk/event/529503
529706,Labour Listens in Wallsend Ward,Canvassing,2026-04-16 18:00:00,2026-04-16 19:30:00,"Coach Road, Wallsend NE28 6JA, UK",NE286JA,Newcastle upon Tyne East and Wallsend,E14001378,False,False,False,True,0,0,0,2,"junction of Coach Road and High Street East, NE28 6JA",False,,"On Thursday 16th April meet at 6pm for canvassing in Wallsend Ward (Coach Road area), meet at the junction of Coach Road and High Street East, NE28 6JA.
Even if you can only join us for a short time, your support really does make a difference! Doorstep conversations remain one of the most important ways we connect with residents and show that Labour is listening. If you have not been out campaigning before please do not worry, you will be fully supported, paired up, and given everything you need on the day.",https://events.labour.org.uk/event/529706
529767,Campaigning in Burnage - Thursday 16th April 6pm,Canvassing,2026-04-16 18:00:00,2026-04-16 19:30:00,"The Victoria Inn, Burnage Lane, Manchester, UK",M191FL,Gorton and Denton,E14001251,False,False,False,True,0,0,0,2,,False,,"The Burnage Councillors will be joined by activists to chat to residents, and show that Labour is here to help. If you're an experienced campaigner, or new to door knocking and looking to get involved, please come along to help us listen to people's concerns. If you're new to campaigning, we're happy to support you and can pair you up with an experienced colleague. We hope to see you there! 🌹",https://events.labour.org.uk/event/529767
530330,Canvassing in Forest ward,Canvassing,2026-04-16 18:00:00,2026-04-16 19:30:00,"Canterbury Road & Essex Road, London, UK",E106HF,Leyton and Wanstead,E14001334,False,False,False,True,0,0,0,2,Canterbury Road and Essex Road,False,,"Join our Forest team out on the doors speaking to residents about the issues that matter to them. If you've never canvassed before you'll be given a full briefing ahead of the session, and you can pair up with an experienced member of the team while you learn the ropes!",https://events.labour.org.uk/event/530330
530332,Canvassing in Higham Hill ward,Canvassing,2026-04-16 18:00:00,2026-04-16 19:30:00,"Blackhorse Workshop Cafe, Sutherland Road, London, UK",E176BX,Walthamstow,E14001563,False,False,False,True,0,0,0,2,"Blackhorse Workshop Cafe, 1-2 Sutherland Road Path, E17 6BX",False,,"Join our Higham Hill team out on the doors speaking to residents about the issues that matter to them. If you've never canvassed before you'll be given a full briefing ahead of the session, and you can pair up with an experienced member of the team while you learn the ropes!",https://events.labour.org.uk/event/530332
530763,Waddon Thursdays: 16/03/2026 @ 6pm,Campaigning,2026-04-16 18:00:00,2026-04-16 19:00:00,"Croydon CR0 4WF, UK",CR04XT,Croydon West,E14001188,False,False,False,True,0,0,0,2,"Weatherill House Business Centre, 23 Whitestone Way, Croydon, CR0 4WF",False,,"TIME: 6pm

LOCATION: Weatherill House Business Centre, 23 Whitestone Way, Croydon, CR0 4WF

NEAREST TRANSPORT: Wimbledon-branch Trams from Wandle Park (3 min walk). Bus routes 289, 439 (""Purley Way/ Waddon Road"" stop, 5 min walk)",https://events.labour.org.uk/event/530763
530882,Local Elections 2026: University,Canvassing,2026-04-16 18:00:00,2026-04-16 19:00:00,"Jessopp Rd, Norwich NR2 3QA, UK",NR23QA,Norwich South,E14001409,False,False,False,True,0,0,0,2,"University: Corner of Meadowrise Avenue and Jessopp Road, NR2 3QA",False,,"Join us on the Labour Doortstep for the 2026 Local Elections. Labour is lowering the cost of living, getting the NHS back on its feet and putting pride back into our neighbourhoods. That's why we are proud to be Labour. Join us now.",https://events.labour.org.uk/event/530882
519527,Levenshulme Branch Fundraising Quiz,Fundraiser,2026-04-16 18:30:00,2026-04-16 22:30:00,"The Blue Bell Inn, Barlow Road, Levenshulme, Manchester M19 3HF, UK",M193HF,Gorton and Denton,E14001251,False,False,False,True,0,18,18,2,,False,,"Join us for our annual fundraising quiz in support of Levenshulme Labour as we gear up for the upcoming local elections and campaign to re-elect Cllr Dzidra Noor.

Tickets can be paid for on the door.
£10 (waged)
£5 (unwaged)

Everyone is welcome — come along for a fun evening while supporting the campaign! 🎉",https://events.labour.org.uk/event/519527
526730,Canvassing in Faraday ward 🌹 Labour Group session,Canvassing,2026-04-16 18:30:00,2026-04-16 20:30:00,"Michael Faraday Primary School, Portland Street, London, UK",SE172HR,Peckham,E14001421,False,False,False,True,0,0,0,2,Michael Faraday School,False,,"⭐ Join Southwark Labour out on the doors in Faraday ward speaking to residents about the issues that matter to them. If you've never canvassed before you'll be given a full briefing ahead of the session, and you can pair up with an experienced member of the team while you learn the ropes!",https://events.labour.org.uk/event/526730
529228,🌹Lancaster Gate Canvassing🌹,Canvassing,2026-04-16 18:30:00,2026-04-16 20:00:00,"Waitrose & Partners, Porchester Road, London, UK",W26AP,Kensington and Bayswater,E14001310,False,False,False,True,0,1,1,3,,False,,"Come and join our team as we speak to voters ahead of the May 2026 local elections. We will be out on the doorstep speaking to residents about the issues that matter most to them. If it is your first time canvassing, do not worry. We will pair you up with an experienced campaigner.",https://events.labour.org.uk/event/529228
526782,Canvassing in Peckham Rye ward 🌹 Labour Group session,Canvassing,2026-04-17 09:30:00,2026-04-17 11:30:00,"Nunhead Cemetery, Gordon Road, London, UK",SE153RW,Peckham,E14001421,False,False,False,True,0,0,0,2,Nunhead Cemetery,False,,"⭐ Join Southwark Labour out on the doors in Peckham Rye ward speaking to residents about the issues that matter to them. If you've never canvassed before you'll be given a full briefing ahead of the session, and you can pair up with an experienced member of the team while you learn the ropes!",https://events.labour.org.uk/event/526782
530561,Kathryn for Calverley and Farsley- Postal Vote Letter Delivery,Leafletting,2026-04-17 09:30:00,2026-04-17 11:30:00,"Salisbury St, Calverley, Pudsey LS28 5PY, UK",LS285PY,Leeds West and Pudsey,E14001325,False,False,False,True,0,0,0,2,Victoria Street next to the park near the junction with Salisbury St,False,,Join us on the campaign trail as we deliver letters to key postal vote targets! This is one of the most important times of the campaign so please join us if you can.,https://events.labour.org.uk/event/530561
525711,Postal Vote Polling Week in Camden,Polling Day Campaign Centre,2026-04-17 10:00:00,2026-04-17 22:00:00,"Camden Rd, London NW1 9DL, UK",NW19DL,Holborn and St Pancras,E14001290,False,False,False,True,0,21,21,2,Please Ignore Meeting Point. Actual Meeting Points will be sent directly.,False,,"Sign up today to help Camden Labour win the Camden council elections!

From Friday 17th April, voters go to the polls to elect their councillors in Camden. We need you to help during the week of postal votes landing, please sign up to help us win here!. 

We will get in touch with you to see what you can do to help us win, and provide further details for you.",https://events.labour.org.uk/event/525711
526766,Canvassing in Nunhead and Queens Road ward 🌹 Labour Group session,Canvassing,2026-04-17 10:00:00,2026-04-17 12:00:00,"Queens Road Peckham station, London, UK",SE152ND,Peckham,E14001421,False,False,False,True,0,0,0,2,Queens Road Station,False,,"⭐ Join Southwark Labour out on the doors in Nunhead and Queens Road ward speaking to residents about the issues that matter to them. If you've never canvassed before you'll be given a full briefing ahead of the session, and you can pair up with an experienced member of the team while you learn the ropes!",https://events.labour.org.uk/event/526766
530794,Rye Lane Postal GOTV,Polling Day Campaign Centre,2026-04-17 10:00:00,2026-04-17 16:00:00,"189 Bellenden Road, London, UK",SE154DG,Peckham,E14001421,False,False,False,True,100,0,0,2,189 Bellenden Road,False,,Help Southwark Labour get out the postal vote in Rye Lane!,https://events.labour.org.uk/event/530794
526833,Canvassing in St Giles ward 🌹 Labour Group session,Canvassing,2026-04-17 10:30:00,2026-04-17 12:30:00,"132 Benhill Road, London SE5 7LZ, UK",SE57LZ,Peckham,E14001421,False,False,False,True,0,0,0,2,"132 Benhill Road, SE5 7LZ",False,,"⭐ Join Southwark Labour out on the doors in St Giles ward speaking to residents about the issues that matter to them. If you've never canvassed before you'll be given a full briefing ahead of the session, and you can pair up with an experienced member of the team while you learn the ropes!",https://events.labour.org.uk/event/526833
528439,Freemantle canvass,Canvassing,2026-04-17 10:30:00,2026-04-17 11:45:00,"Norfolk Rd, Southampton SO15 5AS, UK",SO155AS,Southampton Test,E14001500,False,False,False,True,0,0,0,2,Corner of Malmesbury Road & Norfolk Rd,False,,Join our friendly ward team for this local election canvass and help us win the seat for Labour.,https://events.labour.org.uk/event/528439
528915,Senedd 2026 - Canvassing in Bodelwyddan,Canvassing,2026-04-17 10:30:00,2026-04-17 12:00:00,"Ronaldsway, Bodelwyddan, Rhyl LL18 5TS, UK",LL185TS,Clwyd North,W07000095,False,False,False,True,0,1,1,3,The corner of Maes Owen and Ronaldsway,False,,"Hello members and supporters! Please sign up now if you are available to help on polling day on May 7th. We need as many members out as possible, it's going to be a really tight election where just a few votes could make a massive difference.",https://events.labour.org.uk/event/528915
529365,Campaigning with Dr Oliver Thomas,Canvassing,2026-04-17 10:30:00,2026-04-17 12:30:00,"Western Harbour Terrace, Leith, Edinburgh EH6 6JQ, UK",EH66JQ,Edinburgh North and Leith,S14000079,False,False,False,True,0,0,0,3,Corner of Western Harbour Drive/Western Harbour Terrace,False,,"Join our candidate for Holyrood, Dr Oliver Thomas, speaking to voters in the new seat of Edinburgh North Eastern and Leith. If you've never doorknocked before, experienced campaigners will be on hand to teach you. Looking forward to seeing you there!",https://events.labour.org.uk/event/529365
531223,Come and Campaign in Plaistow West & Canning Town East,Canvassing,2026-04-17 10:30:00,2026-04-17 12:30:00,"Mattcup Roastery, Plaistow Road, London, UK",E130DX,West Ham and Beckton,E14001576,False,False,False,True,0,0,0,2,,False,,Help our candidates reach our postal voters,https://events.labour.org.uk/event/531223
531230,Friday morning door knocking in Paisley,Canvassing,2026-04-17 10:30:00,2026-04-17 12:00:00,"60 Alloway Crescent, Paisley, UK",PA27DR,Paisley and Renfrewshire South,S14000102,False,False,False,True,0,0,0,3,Where Alloway Crescent meets Grahamston Road,False,,"Join Team Bibby and help speak to as many voters as possible ahead of the election on 7 May. Even if you can spare half an hour, any time will help make a difference to the result in Paisley. 

Don't worry if you've never door knocked before, there will be plenty of people to show you the ropes.",https://events.labour.org.uk/event/531230
519971,🌹Canvassing in Blackheath🌹,Canvassing,2026-04-17 11:00:00,2026-04-17 12:30:00,"Majestic Way, Rowley Regis, UK",B659RH,Smethwick,E14001478,False,False,False,True,0,0,0,2,,False,,Join us in Blackheath to help our amazing candidates to help spread Labour's message of renewal to residents! Never canvassed before? Don't worry! Training will be delivered on the day! 🌹,https://events.labour.org.uk/event/519971
529826,Whiston & Cronton Doorknocking,Canvassing,2026-04-17 11:00:00,2026-04-17 12:30:00,"Hampton Dr, Widnes WA8 5BZ, UK",WA85BZ,Widnes and Halewood,E14001584,False,False,False,True,0,0,0,2,Junction of Hampton Drive/Smitty Lane,False,,"We'll be out speaking to voters in Whiston and Cronton ward, picking up any local issues and promoting the positive work our Councillors do. Please feel free to reach out if you have any questions or would like further details on how to get involved. If you have never campaigned before then don't worry, you'll be paired with someone who has experience campaigning and will show you the ropes!",https://events.labour.org.uk/event/529826
527326,Doorstep Surgery in Hillingdon West,Canvassing,2026-04-17 12:00:00,2026-04-17 14:00:00,"Masterman Pl & Bader Way, Uxbridge, UK",UB100QX,Uxbridge and South Ruislip,E14001558,False,False,False,True,0,0,0,3,"Masterman Pl & Bader Way, UB10 0QX",False,,"Join us for a doorstep surgery in Hillingdon West! Help us identify local issues that matter most to residents and how Hillingdon Labour and our Labour candidates can help improve the area. If it's your first time, don't worry, we will pair you up with someone more experience who can show you the ropes!",https://events.labour.org.uk/event/527326
528579,Addiscombe East canvas,Canvassing,2026-04-17 12:00:00,2026-04-17 13:00:00,"348 Lower Addiscombe Road, Croydon, UK",CR07AF,Croydon East,E14001186,False,False,False,True,0,0,0,1,Corner of Lower Addiscombe Road and Brockenhurst Road,False,,Join us for a canvassing session in marginal ward Addiscombe East! Contact - Chris 07547 879978,https://events.labour.org.uk/event/528579
529903,Canvassing in Junction ward,Canvassing,2026-04-17 12:00:00,2026-04-17 14:00:00,"Archway Station, Junction Road, London, UK",N193TD,Islington North,E14001305,False,False,False,True,0,0,0,2,Archway Station,False,,"Join our Junction team out on the doors speaking to residents about the issues that matter to them. If you've never canvassed before you'll be given a full briefing ahead of the session, and you can pair up with an experienced member of the team while you learn the ropes!",https://events.labour.org.uk/event/529903
529927,Canvassing in Mildmay ward,Canvassing,2026-04-17 12:00:00,2026-04-17 14:00:00,"60 Newington Green, London, UK",N169PX,Islington North,E14001305,False,False,False,True,0,0,0,2,60 Newington Green,False,,"Join our Mildmay team out on the doors speaking to residents about the issues that matter to them. If you've never canvassed before you'll be given a full briefing ahead of the session, and you can pair up with an experienced member of the team while you learn the ropes!",https://events.labour.org.uk/event/529927
530449,🌹Canvassing in Wednesbury 🌹,Canvassing,2026-04-17 12:00:00,2026-04-17 13:00:00,"Beebee Rd, Wednesbury WS10 9RY, UK",WS109RY,Tipton and Wednesbury,E14001547,False,False,False,True,0,0,0,3,the junction of Beebee Road and Westbury Road,False,,Join us in Wednesbury to help our amazing candidates to help spread Labour's message of renewal to residents! Never canvassed before? Don't worry! Training will be delivered on the day! 🌹,https://events.labour.org.uk/event/530449
530764,Waddon Fridays: 17/04/2026 @ 12:30pm,Campaigning,2026-04-17 12:30:00,2026-04-17 13:30:00,"Barrow Rd, Croydon CR0 4EY, UK",CR04EY,Croydon West,E14001188,False,False,False,True,0,0,0,2,"Corner of Crowley Crescent and Barrow Road, CR0 4EY",False,,"TIME: 12:30pm

LOCATION: Corner of Crowley Crescent and Barrow Road, CR0 4EY

NEAREST TRANSPORT: Bus routes 119, 289, 439 (""Coldharbour Road"" stop, 5 min walk)",https://events.labour.org.uk/event/530764
524588,Canvassing in Sale Central,Canvassing,2026-04-17 13:00:00,2026-04-17 14:00:00,"Friar's Road, Sale, UK",M337UL,Wythenshawe and Sale East,E14001602,False,False,False,True,0,0,0,2,meeting on Friar's Road in Sale Central,False,,Come and join us for a canavassing session in Sale Central!,https://events.labour.org.uk/event/524588
528026,"Greenstead canvassing - Friday 17th April, 1pm",Canvassing,2026-04-17 13:00:00,2026-04-17 14:00:00,"Greenstead Community Centre, Hawthorn Avenue, Colchester, UK",CO43QE,Colchester,E14001176,False,False,False,True,20,0,0,3,Meet at Greenstead Community Centre car park,False,,Come and meet the residents of Greenstead with councillor Julie Young and team. Check the weather forecast and dress appropriately. Bring a smile and a willingness to help local people..,https://events.labour.org.uk/event/528026
530196,Westway Canvassing,Canvassing,2026-04-17 13:00:00,2026-04-17 14:30:00,"Westway, Wick, Littlehampton BN17 7LY, UK",BN177LY,Bognor Regis and Littlehampton,E14001108,False,False,False,True,0,2,2,2,Westway & Wick Street,False,,"The election feels so close! The Reform candidate claims he's out canvassing 10 hours a day... We know their message is weak, and their listening skills worse, but we need to make sure we get out, knock door and ensure LA Town residents' are heard.",https://events.labour.org.uk/event/530196
530700,"Get Out the Postal Vote Barnet Vale, Whetstone and East Barnet",Campaigning,2026-04-17 13:00:00,2026-04-17 15:00:00,"Oakleigh Park Station, United Kingdom",N209AX,Chipping Barnet,E14001169,False,False,False,True,0,1,1,3,,False,,GOTPV,https://events.labour.org.uk/event/530700
519946,🌹Canvassing in Hill Top🌹,Canvassing,2026-04-17 14:00:00,2026-04-17 15:30:00,"John Woodward Way, Hill Top, West Bromwich, UK",B700FF,Tipton and Wednesbury,E14001547,False,False,False,True,0,0,0,3,,False,,Join us in Hill Top to help our amazing candidates to help spread Labour's message of renewal to residents! Never canvassed before? Don't worry! Training will be delivered on the day! 🌹,https://events.labour.org.uk/event/519946
528970,Welwyn Hatfield Canvassing,Canvassing,2026-04-17 14:00:00,2026-04-17 16:00:00,"Upperfield Road & Wheatley Road, Welwyn Garden City, UK",AL73LL,Welwyn Hatfield,E14001573,False,False,False,True,100,1,1,3,,False,,Join Welwyn Hatfield Labour in the 2026 local election campaign. A full briefing will be provided at the start of every session and if you're new you can be paired up with an experienced door knocker until you're comfortable. Every volunteer makes a huge difference and we hope to see you on the doorstep soon.,https://events.labour.org.uk/event/528970
529181,Canvassing in Castle Ward Friday 17 April 14:00 Meeting Saxon St / Gray St,Canvassing,2026-04-17 14:00:00,2026-04-17 15:30:00,"Saxon Street, Lincoln, UK",LN13HN,Lincoln,E14001336,False,False,False,True,0,1,1,3,Corner Saxon St/Gray St,False,,Join us canvassing in Castle Ward Friday 17 April 14:00 Meeting Saxon St / Gray St,https://events.labour.org.uk/event/529181
529326,Campaigning in Renfrew with Mike McKirdy,Canvassing,2026-04-17 14:00:00,2026-04-17 16:00:00,"Tiree Avenue, Renfrew PA4 0EP, UK",PA40EP,Paisley and Renfrewshire North,S14000101,False,False,False,True,0,0,0,3,"Meet on Tiree Avenue, PA4 0EP",False,,Join us on the campaign trail to elect Mike McKirdy as our next Scottish Labour MSP in Renfrewshire North and Cardonald. Don't worry if you are new to canvassing - experienced activists will be on hand to support you.,https://events.labour.org.uk/event/529326
529938,Canvassing in Holloway ward,Canvassing,2026-04-17 14:00:00,2026-04-17 16:00:00,"Rua Coffee Bar, Holloway Road, London, UK",N78HS,Islington South and Finsbury,E14001306,False,False,False,True,0,0,0,2,Cafe Rua,False,,"Join our Holloway team out on the doors speaking to residents about the issues that matter to them. If you've never canvassed before you'll be given a full briefing ahead of the session, and you can pair up with an experienced member of the team while you learn the ropes!",https://events.labour.org.uk/event/529938
530344,Canvassing in Chapel End ward,Canvassing,2026-04-17 14:00:00,2026-04-17 15:30:00,"Monoux Coffee House, Chingford Road, London, UK",E175AL,Walthamstow,E14001563,False,False,False,True,0,0,0,2,Monoux Coffee House on Chingford Rd,False,,"Join our Chapel End team out on the doors speaking to residents about the issues that matter to them. If you've never canvassed before you'll be given a full briefing ahead of the session, and you can pair up with an experienced member of the team while you learn the ropes!",https://events.labour.org.uk/event/530344
530499,Canvassing in Chippy,Canvassing,2026-04-17 14:00:00,2026-04-17 15:00:00,"24 Over Norton Road, Chipping Norton, UK",OX75NR,Banbury,E14001072,False,False,False,True,0,0,0,3,,False,,"Join our brilliant candidate Sian for a canvassing session! We are fighting Tories, Reform and Lib Dems in Chippy - this will be an extremely close election so every conversation we have with voters will matter. Everyone's welcome - training will be provided to new volunteers",https://events.labour.org.uk/event/530499
531336,Canvassing in Coleridge - 17  April afternoon,Canvassing,2026-04-17 14:00:00,2026-04-17 16:00:00,"Perne Avenue & Perne Road, Cambridge, UK",CB13RR,Cambridge,E14001149,False,False,False,True,0,0,0,2,Perne Avenue & Perne Road,False,,Come and join us canvassing in Coleridge!,https://events.labour.org.uk/event/531336
528432,Canvassing - PLASNEWYDD,Canvassing,2026-04-17 14:30:00,2026-04-17 16:30:00,"116 Albany Road, Cardiff, UK",CF243RU,Cardiff East,W07000089,False,False,False,True,0,1,1,2,,False,,Join our Senedd candidates as we carry on campaigning ahead of the Senedd election day in May,https://events.labour.org.uk/event/528432
523145,Canvassing in Beaumaris,Canvassing,2026-04-17 15:30:00,2026-04-17 17:30:00,"Stanley St, Beaumaris LL58 8ET, UK",LL588ET,Ynys Mon,W07000112,False,False,False,True,0,5,5,3,"The entrance to Stanley Street, the Wrexham Street end",False,,Hello members and supporters! The Senedd campaign is underway. We are weeks out from polling day and we need your help to get as many of our candidates elected. See you on the doors!,https://events.labour.org.uk/event/523145
529140,Canvassing in Mildmay ward 🌹 Labour Group session,Canvassing,2026-04-17 16:00:00,2026-04-17 18:00:00,"60 Newington Green, London, UK",N169PX,Islington North,E14001305,False,False,False,True,0,0,0,2,60 Newington Green,False,,"⭐ Join Islington Labour and Special Guess Dr Rosena Allin Khan MP out on the doors in Mildmay ward speaking to residents about the issues that matter to them. If you've never canvassed before you'll be given a full briefing ahead of the session, and you can pair up with an experienced member of the team while you learn the ropes!",https://events.labour.org.uk/event/529140
529872,🌹 Oxford Labour Doorknocking 🌹 Northfield Brook,Canvassing,2026-04-17 16:00:00,2026-04-17 17:00:00,"Frys Hill, Oxford OX4 7GW, UK",OX47GW,Oxford East,E14001419,False,False,False,True,0,0,0,2,,False,,"⏰ 4pm
📌 Leys: Frys Hill/Nightingale Avenue
☎️ Trish - 07796 988 722

Oxford Labour is out knocking on doors, listening to residents, and sorting out issues all year round - not just at election time. Join us!

All volunteers welcome. Training and support will be provided, and no prior experience is needed. Please email Klaudia at organiser@oxfordlabour.org.uk if you have any questions. If you're a local member, we can add you to our campaigning WhatsApp group too!",https://events.labour.org.uk/event/529872
527385,Canvassing in St Andrews West and Tadpole,Canvassing,2026-04-17 16:30:00,2026-04-17 18:00:00,"caffe vialottie, Isambard Way, Redhouse Way, Blunsdon Saint Andrew, Swindon SN25 2NT, UK",SN252NT,Swindon North,E14001536,False,False,False,True,0,1,1,3,Caffe Vialottie SN25 2NT,False,,Come and join the team out on the doorstep in St Andrews West and Tadpole.,https://events.labour.org.uk/event/527385
531295,Canvassing in West Chesterton - 17 April afternoon,Canvassing,2026-04-17 16:30:00,2026-04-17 18:30:00,"Corona Road & Victoria Road, Cambridge, UK",CB43DU,Cambridge,E14001149,False,False,False,True,0,1,1,2,Corona Road & Victoria Road,False,,Join us canvassing in West Chesterton!,https://events.labour.org.uk/event/531295
527350,Delivering and canvassing 5pm Friday 17 April meet Pantmawr Inn Rhiwbina,Canvassing,2026-04-17 17:00:00,2026-04-17 18:30:00,"Haul Fryn, Cardiff CF14 7TR, UK",CF147TR,Cardiff North,W07000090,False,False,False,True,0,0,0,2,the Pantmawr Inn carpark,False,,"Join us delivering and canvassing in Rhiwbina as the postal votes drop
With our 8 Senedd candidates headed by Shav Taj of Wales TUC, Cllr Jackie Jones (MEP 2019-20) Cllrs Dan De`Ath and Sarah Merry we have a great story to tell - Keep the gains made by Welsh Labour in power - free prescriptions, free school meals, keeping EMA, the Social Partnership and Public Procurement Act - our Red Welsh Way. Now reinforced by the New Deal for Working People.",https://events.labour.org.uk/event/527350
530775,Southall West - canvassing session,Canvassing,2026-04-17 17:00:00,2026-04-17 18:30:00,"McDonald's, The Broadway, Southall, UK",UB11NN,Ealing Southall,E14001209,False,False,False,True,0,0,0,2,outside McDonald's on the broadway,False,,"Ealing Labour will be out on the doorstep in Southall West! Please do join us if you can whilst we stay in touch with residents in the build up to the local elections this year.

If it is your first time on the doors, don't worry, we will team you up with an experienced canvasser.",https://events.labour.org.uk/event/530775
528616,"Friday Night Fun in Holmcroft, Stafford",Campaigning,2026-04-17 17:30:00,2026-04-17 19:00:00,"Stafford North End Community Centre, Holmcroft Road, Stafford, UK",ST161JG,Stafford,E14001513,False,False,False,True,0,1,1,3,,False,,"Come and join us for our 2026 Friday Night Fun session! 

Come and speak to voters about what this Labour Government and our brilliant MP Leigh Ingham are delivering for them 🌹  We'll go straight into the evening's policy workshop afterwards.",https://events.labour.org.uk/event/528616
530824,"Door Knocking in Throckley-Friday 17th April 5.30pm  Meet Rudchester Cl / Newburn Rd, NE15 9BW",Canvassing,2026-04-17 17:30:00,2026-04-17 19:30:00,"Rudchester Close, Newcastle upon Tyne NE15 9BW, UK",NE159BW,Hexham,E14001285,False,False,False,True,0,1,1,3,"Meet 5,30pm Rudchester Cl / Newburn Rd, NE15 9BW",False,,"Join Mark Hardy, Linda Wright and Adam Walker - Labour candidate in Throckley, Walbottle and Newburn ward as they campaign to get elected at the  May 2026 Newcastle City Council elections
No previous experience needed

Contact: John Hanley 07899981012",https://events.labour.org.uk/event/530824
527363,Canvassing in Haydon Wick,Canvassing,2026-04-17 18:00:00,2026-04-17 19:30:00,"Moredon Community Centre, The Street, Swindon, UK",SN253EP,Swindon North,E14001536,False,False,False,True,0,0,0,3,Moredon Community Centre SN25 3EP,False,,Come and Join our team on the doorstep in Haydon Wick.,https://events.labour.org.uk/event/527363
528214,Canvassing in Lillie (evening),Canvassing,2026-04-17 18:00:00,2026-04-17 20:00:00,"The Goose, North End Road, London SW6 1NL, UK",SW61NL,Chelsea and Fulham,E14001160,False,False,False,True,0,0,0,3,"The Goose, North End Road, SW6 1NL",False,,"Join us on for our canvassing session in Lillie alongside our local councillors and other volunteers. If you've never been campaigning before, now is the perfect time to start and we can promise you a very warm welcome. We will offer training and will make sure you are paired with an experienced canvasser until you feel comfortable doing it on our own. Contact - Lydia (07860369979)",https://events.labour.org.uk/event/528214
528989,Campaigning in Tarring for Rita Garner and Henna Chowdhury,Canvassing,2026-04-17 18:00:00,2026-04-17 19:30:00,"Lindum Rd, Worthing BN13 1LX, UK",BN131LX,Worthing West,E14001599,False,False,False,True,0,1,1,3,,False,,Join us door knocking to re-elect our councillors in Tarring.,https://events.labour.org.uk/event/528989
529238,🌹Maida Vale Canvassing🌹,Canvassing,2026-04-17 18:00:00,2026-04-17 20:00:00,"Maida Vale Station, Randolph Avenue, London, UK",W91JZ,Queen's Park and Maida Vale,E14001435,False,False,False,True,0,0,0,2,,False,,"Come and join our team as we speak to voters ahead of the May 2026 local elections. We will be out on the doorstep speaking to residents about the issues that matter most to them. If it is your first time canvassing, do not worry. We will pair you up with an experienced campaigner.",https://events.labour.org.uk/event/529238
529244,🌹Harrow Road Canvassing🌹,Canvassing,2026-04-17 18:00:00,2026-04-17 20:00:00,"Pitchkins & Currans Pharmacy, Chippenham Road, London, UK",W92AF,Queen's Park and Maida Vale,E14001435,False,False,False,True,0,0,0,2,,False,,"Come and join our team as we speak to voters ahead of the May 2026 local elections. We will be out on the doorstep speaking to residents about the issues that matter most to them. If it is your first time canvassing, do not worry. We will pair you up with an experienced campaigner.",https://events.labour.org.uk/event/529244
529521,Local Elections 2026 - Moseley Door Knocking,Canvassing,2026-04-17 18:00:00,2026-04-17 19:30:00,"Yardley Wood Rd, Birmingham B13 9JX, UK",B139JX,Birmingham Hall Green and Moseley,E14001094,False,False,False,True,0,0,0,2,Corner of Yardley Wood Road and Windermere Road,False,,On Friday 17 April we will be supporting Stephen Pihlaja and Gwaza Mabhena by speaking to residents in the Windermere Road area of Moseley Ward as part of the 2026 local election campaign.,https://events.labour.org.uk/event/529521
530326,Get Out The Postal Vote - Brockley,Canvassing,2026-04-17 18:00:00,2026-04-17 20:00:00,"St John's Vale, London SE8 4EA, UK",SE84EA,Lewisham North,E14001332,False,False,False,True,0,0,0,2,St John's Church,False,,"Join us for a door-knocking session in Brockley ahead of the important local elections! We'll be speaking to voters across the ward about their concerns and tell them all about the great work Lewisham Labour has been doing. Whether you are a first-timer or a seasoned canvasser, support and camaraderie will be provided!",https://events.labour.org.uk/event/530326
531388,Local Election Campaign - Mossley,Canvassing,2026-04-17 18:00:00,2026-04-17 19:00:00,"Hyde Town Hall Business Centre, Corporation Street, Hyde, UK",SK141AB,Stalybridge and Hyde,E14001515,False,False,False,True,0,0,0,2,Please RSVP for specific meeting point.,False,,"Come and be part of our local election campaign, speaking with residents about the issues that matter most to them. As we head towards the local elections in May, every conversation really does make a difference. The more people we have out talking to voters, the stronger our campaign will be. Never canvassed before? No problem at all. You will be paired with an experienced campaigner who will guide you and help you feel confident from the start. Just RSVP to receive the exact meeting point. Bring your energy, your voice, and your enthusiasm. We would love to see you there!",https://events.labour.org.uk/event/531388
531271,Get Out The Postal Vote - Telegraph Hill,Canvassing,2026-04-17 18:30:00,2026-04-17 20:00:00,"The Hill Station Cafe, Kitto Road, London, UK",SE145TY,Lewisham North,E14001332,False,False,False,True,0,0,0,2,,False,,"Join us for a door-knocking session in Telegraph Hill ahead of the important local elections! We'll be speaking to voters across the ward about their concerns and tell them all about the great work Lewisham Labour has been doing. Whether you are a first-timer or a seasoned canvasser, support and camaraderie will be provided!",https://events.labour.org.uk/event/531271
529655,🌹GOTPV Smethwick on Saturday!🌹,Canvassing,2026-04-18 09:00:00,2026-04-18 18:00:00,"44 Stanley Road, Oldbury B68 0EQ, UK",B680EQ,Smethwick,E14001478,False,False,False,True,0,10,10,2,,False,,"Postal voters across Sandwell will be receiving their ballots this weekend, and many will cast their votes within 72 hours of receiving them. With the elections likely to come down to a small number of votes, this weekend is a crucial opportunity to maximise our contact with postal voters.🌹",https://events.labour.org.uk/event/529655
522826,Get Out The Postal Vote in Darfield & Great Houghton,Canvassing,2026-04-18 10:00:00,2026-04-18 11:00:00,"1 High Street, Great Houghton, Barnsley, UK",S720BL,Barnsley North,E14001074,False,False,False,True,0,3,3,2,,False,,"Come along throughout the day for a big 'Get Out the Postal Vote' operation across the Barnsley Borough.

Teams will be out throughout the day talking to postal voters about Barnsley Labour's track record of delivery for the town and the risk of Reform taking over.

Don't worry if you've not campaigned before, we'll pair you with an experienced member until you find your feet!",https://events.labour.org.uk/event/522826
525151,Campaigning in Streatham Wells,Canvassing,2026-04-18 10:00:00,2026-04-18 11:30:00,"ODEON Streatham, Streatham High Road, London, UK",SW161PW,Streatham and Croydon North,E14001527,False,False,False,True,0,1,1,2,,False,,"Join us as we speak to residents in Streatham Wells ahead of the May 2026 local elections! There will be plenty of experienced campaigners and councillors, so if you've never campaigned before this will be the perfect starting point.",https://events.labour.org.uk/event/525151
526731,Canvassing in Faraday ward 🌹 Labour Group session,Canvassing,2026-04-18 10:00:00,2026-04-18 12:00:00,"Michael Faraday Primary School, Portland Street, London, UK",SE172HR,Peckham,E14001421,False,False,False,True,0,1,1,2,Michael Faraday School,False,,"⭐ Join Southwark Labour out on the doors in Faraday ward speaking to residents about the issues that matter to them. If you've never canvassed before you'll be given a full briefing ahead of the session, and you can pair up with an experienced member of the team while you learn the ropes!",https://events.labour.org.uk/event/526731
526743,Canvassing in Newington ward 🌹 Labour Group session,Canvassing,2026-04-18 10:00:00,2026-04-18 12:00:00,"Brandon Library, London, UK",SE173NH,Vauxhall and Camberwell Green,E14001559,False,False,False,True,0,1,1,2,Brandon Library,False,,"⭐ Join Southwark Labour out on the doors in Newington ward speaking to residents about the issues that matter to them. If you've never canvassed before you'll be given a full briefing ahead of the session, and you can pair up with an experienced member of the team while you learn the ropes!",https://events.labour.org.uk/event/526743
529184,Canvassing in Castle Ward Saturday 18 April 10:00 Meeting Burton Rd / Yarborough Crescent,Canvassing,2026-04-18 10:00:00,2026-04-18 11:30:00,"Yarborough Crescent, Lincoln, UK",LN13NF,Lincoln,E14001336,False,False,False,True,0,1,1,3,Meeting Burton Rd / Yarborough Crescent,False,,Join us canvassing in Castle Ward Saturday 18 April 10:00 Meeting Burton Rd / Yarborough Crescent,https://events.labour.org.uk/event/529184
529653,🌹GOTPV Tipton and Wednesbury Saturday!🌹,Canvassing,2026-04-18 10:00:00,2026-04-18 18:00:00,"20 Hursey Drive, Tipton, West Midlands DY4 8TN, UK",DY48TN,Tipton and Wednesbury,E14001547,False,False,False,True,0,10,10,3,,False,,"Postal voters across Sandwell will be receiving their ballots this weekend, and many will cast their votes within 72 hours of receiving them. With the elections likely to come down to a small number of votes, this weekend is a crucial opportunity to maximise our contact with postal voters.🌹",https://events.labour.org.uk/event/529653
529812,Super Saturday 18th April,Campaigning,2026-04-18 10:00:00,2026-04-18 17:00:00,"35 Dale Street, Manchester, UK",M12HF,Manchester Central,E14001352,False,False,False,True,0,1,1,2,"10am - 12pm - Idle Hands Coffee Shop, 1pm - 3pm - Fell Brewery Bar and 3.30pm - outside Central Library, St Peters Square",False,,"Come and join Fiona Moinuddin and your Piccadilly Labour Team as we deliver our latest election leaflet to key voters.

First time campaigning? Don't worry, we will pair you with someone who is experienced. 

10am - 12pm - Idle Hands Coffee Shop
1pm - 3pm - Fell Brewery Bar
3.30pm-5pm outside Central Library, St Peters Square

Both 35 Dale Street, Northern Quarter, Manchester.",https://events.labour.org.uk/event/529812
529993,Get Out the Postal Vote Weekend - Worthing,Canvassing,2026-04-18 10:00:00,2026-04-18 14:00:00,"119 Lyndhurst Rd, Worthing BN11 2DE, UK",BN112DE,East Worthing and Shoreham,E14001218,False,False,False,True,0,5,5,3,Labour Hall,False,,"Join us as we help to get out the postal vote in Worthing.

There will be a light lunch and refreshments from 12-1.

You can come and collect a round to knock all day, or if you'd prefer you can take a leaflet round to deliver. Every conversation and leaflet counts.",https://events.labour.org.uk/event/529993
530353,Canvassing in Upper Walthamstow ward,Canvassing,2026-04-18 10:00:00,2026-04-18 11:30:00,"Woodford New Road & St Peter's Ave, London, UK",E173PU,Walthamstow,E14001563,False,False,False,True,0,0,0,2,Woodford New Road and St Peters Avenue,False,,"Join our Upper Walthamstow team out on the doors speaking to residents about the issues that matter to them. If you've never canvassed before you'll be given a full briefing ahead of the session, and you can pair up with an experienced member of the team while you learn the ropes!",https://events.labour.org.uk/event/530353
530473,Super Saturday in Chowdene and High Fell,Canvassing,2026-04-18 10:00:00,2026-04-18 16:00:00,"Cleveland Hall FC, Easedale Gardens, Low Fell, Gateshead NE9 6TA, UK",NE96TA,Gateshead Central and Whickham,E14001244,False,False,False,True,0,5,5,2,NE9 6TA,False,,"Local election campaign day.
A light sandwich lunch will again be provided.",https://events.labour.org.uk/event/530473
530702,Get Out the Postal Vote High Barnet,Campaigning,2026-04-18 10:00:00,2026-04-18 12:00:00,"Moxon Street Car Park, Victors Way, Chipping Barnet, Barnet, UK",EN55TS,Chipping Barnet,E14001169,False,False,False,True,0,1,1,3,,False,,GOTPV,https://events.labour.org.uk/event/530702
530771,Peckham Rye Postal GOTV,Polling Day Campaign Centre,2026-04-18 10:00:00,2026-04-18 16:00:00,"Harris Girls' Academy East Dulwich, Homestall Road, London, UK",SE220NR,Lewisham West and East Dulwich,E14001333,False,False,False,True,100,0,0,2,Contact Fiona at 07768 078262,False,,"Join Southwark Labour on the doors in Peckham Rye getting out the Postal Vote ahead of the local elections. There is no Campaign Centre for Peckham Rye, so please contact Fiona at 07768 078262 for details.",https://events.labour.org.uk/event/530771
530792,Rye Lane Postal GOTV,Polling Day Campaign Centre,2026-04-18 10:00:00,2026-04-18 16:00:00,"189 Bellenden Road, London, UK",SE154DG,Peckham,E14001421,False,False,False,True,100,0,0,2,189 Bellenden Road,False,,Help Southwark Labour get out the postal vote in Rye Lane!,https://events.labour.org.uk/event/530792
529593,Local Election Campaign - Dukinfield,Canvassing,2026-04-18 10:15:00,2026-04-18 11:30:00,"Tameside One، Ashton-under-Lyne, UK",OL66XL,Ashton-under-Lyne,E14001070,False,False,False,True,0,2,2,2,Please RSVP for specific meeting point.,False,,"Please RSVP to receive the exact meeting point. Bring your energy, your voice, and your enthusiasm. We would love to see you there!",https://events.labour.org.uk/event/529593
519650,Thames Mass Canvass,Canvassing,2026-04-18 10:30:00,2026-04-18 12:00:00,"Orts Rd, Reading RG1 3JN, UK",RG13JN,Reading Central,E14001438,False,False,False,True,20,4,4,2,"Meet outside St John & St Stephen's Church on Orts Road, RG1 3JN",False,,Come and join us in talking to residents about their concerns. Newcomers welcome.,https://events.labour.org.uk/event/519650
519808,City Campaigning -  Walkden North,Campaigning,2026-04-18 10:30:00,2026-04-18 12:00:00,"Harcourt Street, Walkden, Worsley, Manchester M28 3QN, UK",M283QN,Bolton South and Walkden,E14001111,False,False,False,True,0,1,1,1,,False,,Join us to campaign for our incredible candidates!,https://events.labour.org.uk/event/519808
520207,🌹Canvassing in Old Warley🌹,Canvassing,2026-04-18 10:30:00,2026-04-18 12:00:00,"Birch Road, Oldbury, UK",B680ND,Smethwick,E14001478,False,False,False,True,0,0,0,2,,False,,Join us in Old Warley to help our amazing candidates to help spread Labour's message of renewal to residents! Never canvassed before? Don't worry! Training will be delivered on the day! 🌹,https://events.labour.org.uk/event/520207
527940,Get out the postal vote in Lemington ward,Canvassing,2026-04-18 10:30:00,2026-04-18 12:00:00,"The Vallum Pub, Moorcroft Rd, Newcastle upon Tyne, UK",NE157RG,Newcastle upon Tyne Central and West,E14001377,False,False,False,True,0,2,2,2,Please do not use pub car park,False,,Help us get out the postal vote. Contact Stephen Barry-Stanners 07892696394 / stephenbarrystanners@gmail.com,https://events.labour.org.uk/event/527940
528809,Canvassing in Abergavenny,Canvassing,2026-04-18 10:30:00,2026-04-18 12:30:00,"Abergavenny, Wales, UK",NP75UB,Monmouthshire,W07000101,False,False,False,True,0,1,1,3,Crnr of Coed Glas Ln & Firs Rd,False,,Join us as we speak to voters about local issues and the upcoming Senedd elections,https://events.labour.org.uk/event/528809
530641,Canvassing in Fairwater | Caerdydd Penarth,Canvassing,2026-04-18 10:30:00,2026-04-18 12:00:00,"Plas-Mawr Rd, Cardiff CF5 3JX, UK",CF53JX,Cardiff West,W07000092,False,False,False,True,0,0,0,2,Plas-Mawr Road Shops,False,,Join us as we speak to residents in Caerdydd Penarth ahead of the Senedd election.,https://events.labour.org.uk/event/530641
530643,Canvassing in Dinas Powys | Caerdydd Penarth,Canvassing,2026-04-18 10:30:00,2026-04-18 12:00:00,"Greenfield Avenue, Dinas Powys CF64 4BW, UK",CF644BW,Cardiff South and Penarth,W07000091,False,False,False,True,0,1,1,2,"29 Greenfield Avenue, Dinas Powys",False,,Join us as we speak to residents in Caerdydd Penarth ahead of the Senedd election.,https://events.labour.org.uk/event/530643
530694,Door Knocking in Holbrooks,Canvassing,2026-04-18 10:30:00,2026-04-18 12:30:00,"Parkville Hwy, Coventry CV6 4HW, UK",CV64HW,Coventry North West,E14001181,False,False,False,True,0,0,0,2,Junction of Nunts Lane & Parkville Highway,False,,"Join the Labour Team for campaigning in Holbrooks! 

If you have never door-knocked before now is the perfect time to get involved in the key seat of Holbrooks. 

Help us keep Coventry red on May 7th.",https://events.labour.org.uk/event/530694
530747,Out with the TEAM,Campaigning,2026-04-18 10:30:00,2026-04-18 12:00:00,"Sainsbury's Local, Gloucester Road, Horfield, Bristol, UK",BS78PB,Bristol North West,E14001134,False,False,False,True,0,0,0,2,,False,,"Come and join the Team 
No Experience Needed",https://events.labour.org.uk/event/530747
531231,Saturday morning door knocking with Neil Bibby,Canvassing,2026-04-18 10:30:00,2026-04-18 12:00:00,"Scotts Cafe, Lochaline Avenue, Foxbar, Paisley, UK",PA29ET,Paisley and Renfrewshire South,S14000102,False,False,False,True,0,0,0,3,Outside Scott's Cafe,False,,"Join Team Bibby on Saturday for door knocking and help speak to as many voters as possible ahead of the election on 7 May. Even if you can spare half an hour, any time will help make a difference to the result in Paisley. 

Don't worry if you've never door knocked before, there will be plenty of people to show you the ropes. 

After the door knock we'll be getting a coffee nearby!",https://events.labour.org.uk/event/531231
531619,Canvassing in Holloway ward,Canvassing,2026-04-18 10:30:00,2026-04-18 12:00:00,"12 Middleton Grove, London, UK",N79LS,Islington South and Finsbury,E14001306,False,False,False,True,0,0,0,2,12 Middleton Grove,False,,"Join our Holloway team out on the doors speaking to residents ON POSTAL VOTE WEEKEND. If you've never canvassed before you'll be given a full briefing ahead of the session, and you can pair up with an experienced member of the team while you learn the ropes!",https://events.labour.org.uk/event/531619
524730,Campaigning in Old Trafford,Canvassing,2026-04-18 11:00:00,2026-04-18 12:30:00,"Upper Chorlton Road, Old Trafford, Manchester M16 7SF, UK",M167SF,Stretford and Urmston,E14001528,False,False,False,True,0,1,1,2,corner of Wood Road North and Upper Chorlton Road,False,,"Come join the Old Trafford team campaigning in our ward. We're a friendly bunch, and if you're new to canvassing, we're happy to support you. We can pair you up with an experienced canvasser. We're keen to find out how voters are feeling about local and national issues. Contact Ben Slater",https://events.labour.org.uk/event/524730
526658,Super Saturday Canvassing in Wolverton GOTPV with Cabinet Minister,Canvassing,2026-04-18 11:00:00,2026-04-18 12:30:00,"Furze Way & Windsor Street, Wolverton, Milton Keynes, UK",MK125AP,Milton Keynes North,E14001370,False,False,False,True,0,12,12,3,,False,,"Join the Wolverton team to speak to local residents on the doorstep about what matters to them, and how Labour is working nationally and locally to help people in Milton Keynes. Don't worry if you've never campaigned before, you'll be paired up with someone until you get the hang of it.",https://events.labour.org.uk/event/526658
527331,Doorstep Surgery in Charville,Canvassing,2026-04-18 11:00:00,2026-04-18 13:00:00,"Lansbury Dr & Weymouth Road, Hayes, UK",UB48NH,Hayes and Harlington,E14001276,False,False,False,True,0,3,3,2,"Lansbury Dr & Weymouth Road, UB4 8NH",False,,"Join us for a doorstep surgery in Charville! Help us identify local issues that matter most to residents and how Hillingdon Labour and our Labour candidates can help improve the area. If it's your first time, don't worry, we will pair you up with someone more experience who can show you the ropes!",https://events.labour.org.uk/event/527331
527642,Bordesley & Highgate Canvassing 🌹,Canvassing,2026-04-18 11:00:00,2026-04-18 16:00:00,"Highgate Street, Birmingham",B120XR,Birmingham Ladywood,E14001096,False,False,False,True,0,1,1,1,,False,,"Join us as we canvass in Bordesley & Highgate ward for our 2026 local election candidate, Tyrone Fowles All new and experienced canvassers are welcome - training will be provided. RSVP for address details, join whenever you can throughout the day!",https://events.labour.org.uk/event/527642
528438,Canvassing - PENTWYN,Canvassing,2026-04-18 11:00:00,2026-04-18 12:30:00,"Glyn Eiddew, Cardiff, UK",CF237BR,Cardiff East,W07000089,False,False,False,True,0,1,1,2,,False,,Join our Senedd candidates as we carry on campaigning ahead of the Senedd election day in May,https://events.labour.org.uk/event/528438
528877,Door Knocking in Cradley North and Wollescote,Campaigning,2026-04-18 11:00:00,2026-04-18 13:00:00,"Furlong Ln, Halesowen B63 2TH, UK",B632TH,Halesowen,E14001261,False,False,False,True,0,0,0,3,Junction of Mapps Close and Furlong Lane,False,,Join Matt Collins for door knocking in his campaign to become a councillor for Cradley North and Wollescote.,https://events.labour.org.uk/event/528877
529327,Campaigning in Bishopton with Mike McKirdy,Canvassing,2026-04-18 11:00:00,2026-04-18 13:00:00,"Bishopton PA7 5QU, UK",PA75QU,Paisley and Renfrewshire North,S14000101,False,False,False,True,0,0,0,3,Parking on Barmore Crescent: PA7 5QU,False,,Join us on the campaign trail to elect Mike McKirdy as our next Scottish Labour MSP in Renfrewshire North and Cardonald. Don't worry if you are new to canvassing - experienced activists will be on hand to support you.,https://events.labour.org.uk/event/529327
529505,Canvassing in Leggatts Ward - Saturday 18 April,Canvassing,2026-04-18 11:00:00,2026-04-18 12:30:00,"Watford Labour Party, Saint Albans Road, Watford, UK",WD246PE,Watford,E14001568,False,False,False,True,0,2,2,3,270 St Albans Road,False,,We will be canvassing with our great candidate for Leggatts Marius Lupu,https://events.labour.org.uk/event/529505
529768,SUPER SATURDAY: Campaigning in Newington and Gipsyville,Campaigning,2026-04-18 11:00:00,2026-04-18 15:30:00,"Cecil Gardens, Hawthorn Avenue, Hull, UK",HU35SA,Kingston upon Hull West and Haltemprice,E14001315,False,False,False,True,0,4,4,3,"Cecil Gardens, Hawthorn Ave",False,,"Join us for a day of leafletting and door-knocking as we campaign to get Simon Kelsey elected as a local councillor. 

If you've a first time campaign then please don't worry, there will be plenty of people there to help you!

Refreshments available!",https://events.labour.org.uk/event/529768
529906,Campaigning in Withington - Saturday 18th April 11am,Canvassing,2026-04-18 11:00:00,2026-04-18 12:30:00,"Parrs Wood Rd, Manchester M20 4RP, UK",M204RP,Manchester Withington,E14001354,False,False,False,True,0,0,0,2,,False,,"The Withington Councillors will be joined by activists to chat to residents, and show that Labour is here to help. If you're an experienced campaigner, or new to door knocking and looking to get involved, please come along to help us listen to people's concerns. If you're new to campaigning, we're happy to support you and can pair you up with an experienced colleague. We hope to see you there! 🌹",https://events.labour.org.uk/event/529906
529973,Canvassing in Coningham (morning),Canvassing,2026-04-18 11:00:00,2026-04-18 13:00:00,"Askew Road Library, Askew Road, London, UK",W129AS,Hammersmith and Chiswick,E14001264,False,False,False,True,0,1,1,2,"Askew Road Library, W12 9AS",False,,"Join us on for our canvassing session in Coningham alongside our local councillors and other volunteers. If you've never been campaigning before, now is the perfect time to start and we can promise you a very warm welcome. We will offer training and will make sure you are paired with an experienced canvasser until you feel comfortable doing it on our own. Contact – Lisa  (07930523211‬)",https://events.labour.org.uk/event/529973
529978,Canvassing in Fulham Reach (morning),Canvassing,2026-04-18 11:00:00,2026-04-18 13:00:00,"28 Greyhound Road, London W6 8NX, UK",W68NX,Chelsea and Fulham,E14001160,False,False,False,True,0,0,0,3,"The Labour Offices, 28 Greyhound Road, W6 8NX",False,,"Join us on for our canvassing session in Fulham Reach alongside our local councillors and other volunteers. If you've never been campaigning before, now is the perfect time to start and we can promise you a very warm welcome. We will offer training and will make sure you are paired with an experienced canvasser until you feel comfortable doing it on our own. Contact - Nikos (07547885573)",https://events.labour.org.uk/event/529978
530362,Canvassing in William Morris ward,Canvassing,2026-04-18 11:00:00,2026-04-18 12:30:00,"Somers Road, London, UK",E176RZ,Walthamstow,E14001563,False,False,False,True,0,0,0,2,Somers Road/Erskine Road,False,,"Join our William Morris team out on the doors speaking to residents about the issues that matter to them. If you've never canvassed before you'll be given a full briefing ahead of the session, and you can pair up with an experienced member of the team while you learn the ropes!",https://events.labour.org.uk/event/530362
530412,Fort Fareham: GOTPV Operation Delivery,Leafletting,2026-04-18 11:00:00,2026-04-18 12:30:00,"Highfield Ave, Fareham PO14 1JA, UK",PO141JA,Fareham and Waterlooville,E14001233,False,False,False,True,0,1,1,2,Entrance to Cams Alders from Highfield Avenue,False,,"Join Cllr Gemma Furnivall and Candidate Dominic Martin as they launch the GOTPV session in the key ward of Fort Fareham, delivering vital leaflets to key voters in the ward.",https://events.labour.org.uk/event/530412
530591,Canvassing in Walham Green (morning),Canvassing,2026-04-18 11:00:00,2026-04-18 13:00:00,"Becky Blooms Flowers, Jerdan Place, London SW6 5NH, UK",SW65NH,Chelsea and Fulham,E14001160,False,False,False,True,0,1,1,3,Becky Blooms Flowers Jerdan Place London UK SW65NH,False,,"Join us for our canvassing session in Walham Green alongside our local councillors and other volunteers. If you've never been campaigning before, now is the perfect time to start and we can promise you a very warm welcome. We will offer training and will make sure you are paired with an experienced canvasser until you feel comfortable doing it on our own. Contact - Sam (07594568752)",https://events.labour.org.uk/event/530591
530594,Canvassing in Avonmore (morning),Canvassing,2026-04-18 11:00:00,2026-04-18 13:00:00,"The Quarter Cafe, North End Road, London W14 8UP, UK",W148UP,Hammersmith and Chiswick,E14001264,False,False,False,True,0,0,0,2,"The Quarter Cafe, North End Road, W14 8UP",False,,"Join us on for our canvassing session in Avonmore alongside our local councillors and other volunteers. If you've never been campaigning before, now is the perfect time to start and we can promise you a very warm welcome. We will offer training and will make sure you are paired with an experienced canvasser until you feel comfortable doing it on our own. Contact - Joe (‪07470999058‬)‬‬‬‬",https://events.labour.org.uk/event/530594
530606,GOTPV Doorknocking in Weetwood!,Canvassing,2026-04-18 11:00:00,2026-04-18 13:00:00,"Ireland Wood Surgery, Iveson Approach, Leeds, UK",LS166FR,Leeds Central and Headingley,E14001319,False,False,False,True,0,0,0,2,,False,,Join us in Weetwood speaking to key postal voters in our campaign to re-elect Izaak Wilson and keep Leeds Labour!,https://events.labour.org.uk/event/530606
530787,Northolt Mandeville - canvassing,Canvassing,2026-04-18 11:00:00,2026-04-18 13:00:00,"Perceval Court, Newmarket Avenue, Northolt, UK",UB54EN,Ealing North,E14001208,False,False,False,True,0,0,0,1,outside Perceval Court,False,,"Ealing Labour will be out on the doorstep in Northolt Mandeville! Please do join us if you can whilst we stay in touch with residents in the build up to the local elections this year. If it is your first time on the doors, don't worry, we will team you up with an experienced canvasser.",https://events.labour.org.uk/event/530787
530846,Re-elect Minesh: Canvassing in Crosspool (11am),Canvassing,2026-04-18 11:00:00,2026-04-18 12:30:00,"SPAR Crosspool, Sandygate Road, Crosspool, Sheffield, UK",S105NH,Sheffield Hallam,E14001468,False,False,False,True,0,0,0,1,Opposite the Spar in Crosspool,False,,"Join our lovely Crookes and Crosspool team for this canvassing as we seek to re-elect Minesh. We will be meeting on Saturday 18th at 11:00am opposite the Spar in Crosspool.

If you are new to canvassing, it would be great to have you join us. No experience is needed, and you will be paired up with someone until you feel confident.",https://events.labour.org.uk/event/530846
530916,Doorknocking & Leafleting,Canvassing,2026-04-18 11:00:00,2026-04-18 12:30:00,"Heath Mount Road, Brighouse, UK",HD63RS,Calder Valley,E14001147,False,False,False,True,0,0,0,3,,False,,Leaflet and Talk to Voters,https://events.labour.org.uk/event/530916
531276,Get Out The Postal Vote - Blackheath,Canvassing,2026-04-18 11:00:00,2026-04-18 12:30:00,"Eliot Vale, Blackheath, London SE3 0UU, UK",SE30UU,Lewisham North,E14001332,False,False,False,True,0,1,1,2,Junction of Pagoda Gardens & Aberdeen terrace,False,,"Join us for a door-knocking session in Blackheath ahead of the important local elections! We'll be speaking to voters across the wards about their concerns and tell them all about the great work Lewisham Labour has been doing. Whether you are a first-timer or a seasoned canvasser, support and camaraderie will be provided!",https://events.labour.org.uk/event/531276
531592,**Campaigning in East Park**,Campaigning,2026-04-18 11:00:00,2026-04-18 12:00:00,"Stubbington Close, Willenhall, UK",WV133QQ,Wolverhampton South East,E14001595,False,False,False,True,0,0,0,2,Junction of Stubbington Close and Moseley Road,False,,Please come and join Louise Miles and your East Park Labour team to campaign.,https://events.labour.org.uk/event/531592
531629,Canvassing in Laycock ward,Canvassing,2026-04-18 11:00:00,2026-04-18 13:00:00,"Highbury & Islington Station, Unnamed, London, UK",N11RU,Islington South and Finsbury,E14001306,False,False,False,True,0,0,0,2,Highbury & Islington Station,False,,"Join our Laycock team out on the doors speaking to residents ON POSTAL VOTE WEEKEND. If you've never canvassed before you'll be given a full briefing ahead of the session, and you can pair up with an experienced member of the team while you learn the ropes!",https://events.labour.org.uk/event/531629
529625,Canvassing in Wandle ward with Eleanor and Sebastian,Canvassing,2026-04-18 11:15:00,2026-04-18 13:00:00,"Haydons Rd, London SW19 1AW, UK",SW191AW,Wimbledon,E14001586,False,False,False,True,0,0,0,1,Haydons Road Recreation Ground car park,False,,"Come and join us on the doorstep with Cllr Eleanor Stringer and Sebastian Budner, your Wandle Labour Action Team and candidates in the 2026 local election to Merton council, as well as a very special guest! 

Saturday Morning in Wandle ward alongside our local councillors and other volunteers.

🤝 New to campaigning? No problem at all, we pair you up with someone experienced. Its all about being a friendly face and chatting to residents.",https://events.labour.org.uk/event/529625
527020,Campaigning in Birley,Campaigning,2026-04-18 12:00:00,2026-04-18 13:30:00,"Birchvale Rd, Sheffield S12 4XY, UK",S124XY,Sheffield South East,E14001470,False,False,False,True,0,0,0,2,"Corner of Thornbridge Drive and Birchvale Rd, Sheffield S12 4XY",False,,"Join us out on the doorstep to talk to residents about the issues that matter to them, and help us reelect Karen McGowan",https://events.labour.org.uk/event/527020
529252,🌹Hyde Park Canvassing🌹,Canvassing,2026-04-18 12:00:00,2026-04-18 14:00:00,"Duke of Kendal, Connaught Street, London, UK",W22AF,Cities of London and Westminster,E14001172,False,False,False,True,0,1,1,3,,False,,"Come and join our team as we speak to voters ahead of the May 2026 local elections. We will be out on the doorstep speaking to residents about the issues that matter most to them. If it is your first time canvassing, do not worry. We will pair you up with an experienced campaigner.",https://events.labour.org.uk/event/529252
529611,Local Election Campaign - Ashton St Michaels,Canvassing,2026-04-18 12:00:00,2026-04-18 13:00:00,"Tameside One، Ashton-under-Lyne, UK",OL66XL,Ashton-under-Lyne,E14001070,False,False,False,True,0,0,0,2,Please RSVP for specific location.,False,,"Please RSVP to receive the exact meeting point. Bring your energy, your voice, and your enthusiasm. We would love to see you there!",https://events.labour.org.uk/event/529611
530407,Holgate Doorknock!,Canvassing,2026-04-18 12:30:00,2026-04-18 13:30:00,"Park Lane, Holgate, York, UK",YO244EN,York Central,E14001604,False,False,False,True,0,0,0,2,Junction of Park Lane and Acomb Road,False,,"Come and join us for some canvassing in Holgate this Saturday. 

⏰12:30 PM
📍Junction of Park Lane and Acomb Road",https://events.labour.org.uk/event/530407
529374,Campaigning with Dr Oliver Thomas,Canvassing,2026-04-18 13:00:00,2026-04-18 15:00:00,"Willowbrae Rd, Edinburgh EH8 7JD, UK",EH87JD,Edinburgh East and Musselburgh,S14000078,False,False,False,True,0,0,0,3,Corner of Ulster Drive/Northfield Terrace,False,,"Join our candidate for Holyrood, Dr Oliver Thomas, speaking to voters in the new seat of Edinburgh North Eastern and Leith. If you've never doorknocked before, experienced campaigners will be on hand to teach you. Looking forward to seeing you there!",https://events.labour.org.uk/event/529374
529770,Campaigning in Burnage - Saturday 18th April 1pm,Canvassing,2026-04-18 13:00:00,2026-04-18 14:30:00,"The Victoria Inn, Burnage Lane, Manchester, UK",M191FL,Gorton and Denton,E14001251,False,False,False,True,0,0,0,2,,False,,"The Burnage Councillors will be joined by activists to chat to residents, and show that Labour is here to help. If you're an experienced campaigner, or new to door knocking and looking to get involved, please come along to help us listen to people's concerns. If you're new to campaigning, we're happy to support you and can pair you up with an experienced colleague. We hope to see you there! 🌹",https://events.labour.org.uk/event/529770
529831,St Michaels Doorknocking,Canvassing,2026-04-18 13:00:00,2026-04-18 14:30:00,"Volair Spa, Knowsley Leisure and Culture Park, Longview Drive, Huyton, Liverpool L36 6EG, UK",L366EG,Knowsley,E14001317,False,False,False,True,0,0,0,2,"Huyton Volair Car Park, L36 6EG",False,,"We'll be out speaking to voters in St Michaels ward, picking up any local issues and promoting the positive work our Councillors do. Please feel free to reach out if you have any questions or would like further details on how to get involved. If you have never campaigned before then don't worry, you'll be paired with someone who has experience campaigning and will show you the ropes!",https://events.labour.org.uk/event/529831
530511,Door Canvassing in Darnall,Canvassing,2026-04-18 13:00:00,2026-04-18 15:00:00,"Elmham Road, Darnall, Sheffield, UK",S94PG,Sheffield South East,E14001470,False,False,False,True,0,0,0,2,Outside Darnall Post Office on Main Road,False,,Campaigning for Zahira Naz,https://events.labour.org.uk/event/530511
530722,Canvassing in Roker,Canvassing,2026-04-18 13:00:00,2026-04-18 14:00:00,"Sea View Gardens, Roker, Sunderland, UK",SR69LF,Sunderland Central,E14001531,False,False,False,True,0,0,0,2,Meet sea View Gardens and mere Knowles Rd,False,,Join us in Roker,https://events.labour.org.uk/event/530722
531232,1pm Saturday afternoon door knocking with Neil Bibby,Canvassing,2026-04-18 13:00:00,2026-04-18 14:30:00,"26 Foxbar Drive, Paisley, UK",PA20RQ,Paisley and Renfrewshire South,S14000102,False,False,False,True,0,0,0,3,Where Foxbar Dr meets Foxbar Rd,False,,"Join Team Bibby on Saturday for door knocking and help speak to as many voters as possible ahead of the election on 7 May. Even if you can spare half an hour, any time will help make a difference to the result in Paisley. 

Don't worry if you've never door knocked before, there will be plenty of people to show you the ropes. 

After the door knock we'll be getting a coffee nearby!",https://events.labour.org.uk/event/531232
526984,Canvassing in Woolwich Dockyard,Canvassing,2026-04-18 13:30:00,2026-04-18 15:00:00,"Samuel Street, London, UK",SE185LF,Greenwich and Woolwich,E14001257,False,False,False,True,0,1,1,2,Meet on the corner of Samuel Street and Godfrey Road,False,,Join local candidates and Greenwich Labour activists as we speak to residents in Woolwich Dockyard. No experience required!,https://events.labour.org.uk/event/526984
529976,Get Out The Postal Vote in Dearne South,Canvassing,2026-04-18 13:30:00,2026-04-18 14:30:00,"Carrfield Primary Academy, Highgate Lane, Bolton upon Dearne, Rotherham, UK",S638AL,Barnsley South,E14001075,False,False,False,True,0,0,0,2,,False,,"Come along throughout the day for a big 'Get Out the Postal Vote' operation across the Barnsley Borough.

Teams will be out throughout the day talking to postal voters about Barnsley Labour's track record of delivery for the town and the risk of Reform taking over.

Don't worry if you've not campaigned before, we'll pair you with an experienced member until you find your feet!",https://events.labour.org.uk/event/529976
531351,Canvassing in Coleridge - 18 April afternoon,Canvassing,2026-04-18 13:30:00,2026-04-18 15:30:00,"St Thomas's Rd & Birdwood Road, Cambridge, UK",CB13TB,Cambridge,E14001149,False,False,False,True,0,0,0,2,St Thomas's Rd & Birdwood Road,False,,Come and join us canvassing in Coleridge!,https://events.labour.org.uk/event/531351
519947,🌹Canvassing in Hill Top🌹,Canvassing,2026-04-18 14:00:00,2026-04-18 15:30:00,"John Woodward Way, Hill Top, West Bromwich, UK",B700FF,Tipton and Wednesbury,E14001547,False,False,False,True,0,0,0,3,,False,,Join us in Hill Top to help our amazing candidates to help spread Labour's message of renewal to residents! Never canvassed before? Don't worry! Training will be delivered on the day! 🌹,https://events.labour.org.uk/event/519947
519982,🌹Canvassing in Greets Green & Lyng🌹,Canvassing,2026-04-18 14:00:00,2026-04-18 15:30:00,"Change Road, West Bromwich, UK",B709BW,West Bromwich,E14001574,False,False,False,True,0,1,1,3,,False,,Join us in Greets Green and Lyng to help our amazing candidates to help spread Labour's message of renewal to residents! Never canvassed before? Don't worry! Training will be delivered on the day! 🌹,https://events.labour.org.uk/event/519982
522859,Canvassing in Wrexham,Canvassing,2026-04-18 14:00:00,2026-04-18 16:00:00,"Kempton Way & Cefn Road, Wrexham, UK",LL130NU,Wrexham,W07000111,False,False,False,True,0,0,0,3,"Kempton Way & Cefn Road, Wrexham, UK",False,,"Join us canvassing in Fflint-Wrecsam! If you've never canvassed before, or haven't for a while, don't worry - you'll be paired with an experienced canvasser who will guide you and show you the ropes. Simply RSVP so we know to expect you, and see you there!",https://events.labour.org.uk/event/522859
524474,"Highwoods Canvassing - Saturday 18th April, 2pm",Canvassing,2026-04-18 14:00:00,2026-04-18 15:00:00,"Eastwood Drive, Highwoods, Colchester, UK",CO49EB,Colchester,E14001176,False,False,False,True,20,0,0,3,Meet at the corner of Eastwood Drive/The Jays,False,,Come and meet the voters of Highwoods with Councillor Jocelyn Law and team. Check the forecast and dress appropriately.,https://events.labour.org.uk/event/524474
525268,Listening in Bestwood,Canvassing,2026-04-18 14:00:00,2026-04-18 15:15:00,"Robin Hood Primary School, Beckhampton Road, Nottingham NG5 5NA, UK",NG55NA,Nottingham North and Kimberley,E14001411,False,False,False,True,0,2,2,2,"Co-op Food - Arnold - Beckhampton Road, NG5 5PA",False,,Join the Nottingham North and Kimberley Labour team as we canvass for our MP Alex and our amazing local Labour Councillors. Come and join us as we talk to voters and ask them about their local issues. It doesn't matter if you have never canvassed before you will be more than welcome and paired with a more experienced canvasser to help show you the ropes.,https://events.labour.org.uk/event/525268
526804,Canvassing in Rotherhithe ward 🌹 Labour Group session,Canvassing,2026-04-18 14:00:00,2026-04-18 16:00:00,"Surrey Quays Station, London, UK",SE162UG,Bermondsey and Old Southwark,E14001085,False,False,False,True,0,0,0,2,Surrey Quays Station,False,,"⭐ Join Southwark Labour out on the doors in Rotherhithe ward speaking to residents about the issues that matter to them. If you've never canvassed before you'll be given a full briefing ahead of the session, and you can pair up with an experienced member of the team while you learn the ropes!",https://events.labour.org.uk/event/526804
526824,Canvassing in South Bermondsey ward 🌹 Labour Group session,Canvassing,2026-04-18 14:00:00,2026-04-18 16:00:00,"Bell’s Cafe, Grange Road, London, UK",SE13EU,Bermondsey and Old Southwark,E14001085,False,False,False,True,0,0,0,2,"Outside Bell's Café, Bermondsey Spa Gardens (off Grange Road) SE1 3EU",False,,"⭐ Join Southwark Labour out on the doors in South Bermondsey ward speaking to residents about the issues that matter to them. If you've never canvassed before you'll be given a full briefing ahead of the session, and you can pair up with an experienced member of the team while you learn the ropes!",https://events.labour.org.uk/event/526824
527958,Get out the postal vote in Denton and Westerhope,Canvassing,2026-04-18 14:00:00,2026-04-18 15:30:00,"The Hillheads Public House, Counden Rd, Newcastle upon Tyne, UK",NE55QA,Newcastle upon Tyne Central and West,E14001377,False,False,False,True,0,0,0,2,,False,,Help us get out the postal vote. Contact Stephen Barry-Stanners 07892696394 / stephenbarrystanners@gmail.com,https://events.labour.org.uk/event/527958
529007,Canvassing in East Chesterton - 18 April afternoon,Canvassing,2026-04-18 14:00:00,2026-04-18 16:00:00,"High St, Chesterton, Cambridge CB4 1NX, UK",CB41NX,Cambridge,E14001149,False,False,False,True,0,0,0,2,Water Lane and High Street corner,False,,Join us canvassing in East Chesterton!,https://events.labour.org.uk/event/529007
529895,"Campaigning with Jenny Laing, Aberdeen Central",Canvassing,2026-04-18 14:00:00,2026-04-18 16:00:00,"Woodhill Road, Aberdeen, UK",AB155HA,Aberdeen North,S14000060,False,False,False,True,0,0,0,1,"Woodhill Rd, AB15 5HA",False,,"If you cannot manage these times but can leaflet in your own time, please call Willie on 07968959838",https://events.labour.org.uk/event/529895
530766,Door knocking in Tyldesley,Canvassing,2026-04-18 14:00:00,2026-04-18 16:00:00,"Lancaster Ave, Tyldesley, Manchester M29 8LN, UK",M298LN,Leigh and Atherton,E14001329,False,False,False,True,0,0,0,3,Theres a car park at the end of York Ave before you turn to Lancaster Ave,False,,Please join Cllr Jess Eastoe on a door knock in Tyldesley for the upcoming local elections.,https://events.labour.org.uk/event/530766
530797,Norwood Green - canvassing,Canvassing,2026-04-18 14:00:00,2026-04-18 15:30:00,"Havelock Road & Damsonwood Road, Southall, UK",UB24PB,Ealing Southall,E14001209,False,False,False,True,0,0,0,2,Corner of Havelock Rd and Damsonwood Rd,False,,"Ealing Labour will be out on the doorstep in Norwood Green! Please do join us if you can whilst we stay in touch with residents in the build up to the local elections this year. If it is your first time on the doors, don't worry, we will team you up with an experienced canvasser.",https://events.labour.org.uk/event/530797
531326,Canvassing in Castle - 18 April afternoon,Canvassing,2026-04-18 14:00:00,2026-04-18 16:00:00,"Richmond Road & Huntingdon Road, Cambridge, UK",CB30DQ,Cambridge,E14001149,False,False,False,True,0,0,0,2,Richmond Road & Huntingdon Road,False,,Join us canvassing in Castle!,https://events.labour.org.uk/event/531326
531357,Canvassing in Kings Hedges - 18 April afternoon,Canvassing,2026-04-18 14:00:00,2026-04-18 16:00:00,"Northfield Ave, Cambridge CB4 2LF, UK",CB42LF,Cambridge,E14001149,False,False,False,True,0,0,0,2,Campkin Rd & Northfield Ave,False,,Come and join us canvassing in King's Hedges!,https://events.labour.org.uk/event/531357
531486,Knock Doors: Victoria,Canvassing,2026-04-18 14:00:00,2026-04-18 16:00:00,"Byron Avenue & Sycamore Grove, Southend-on-Sea, UK",SS25HJ,Southend East and Rochford,E14001501,False,False,False,True,0,0,0,3,,False,,Join Team Southend we will be having conversations with voters about the issues that matter to them to win more elections for Labour and stop Reform.,https://events.labour.org.uk/event/531486
531630,Canvassing in Laycock ward,Canvassing,2026-04-18 14:00:00,2026-04-18 16:00:00,"Vagabond N7, Holloway Road, London, UK",N78LT,Islington South and Finsbury,E14001306,False,False,False,True,0,0,0,2,Vagabond,False,,"Join our Laycock team out on the doors speaking to residents ON POSTAL VOTE WEEKEND. If you've never canvassed before you'll be given a full briefing ahead of the session, and you can pair up with an experienced member of the team while you learn the ropes!",https://events.labour.org.uk/event/531630
527355,Street stall in Rhiwbina 2.30pm Saturday 18 April - Beulah Crossroads,Canvassing,2026-04-18 14:30:00,2026-04-18 16:00:00,"Beulah United Reformed Church, Beulah Road, Cardiff, UK",CF146LT,Cardiff North,W07000090,False,False,False,True,0,0,0,2,stall at Beulah crossroads,False,,"Join us delivering and canvassing from our stall in central Rhiwbina
With our 8 Senedd candidates headed by Shav Taj of Wales TUC, Cllr Jackie Jones (MEP 2019-20) Cllrs Dan De`Ath and Sarah Merry we have a great story to tell - Keep the gains made by Welsh Labour in power - free prescriptions, free school meals, keeping EMA, the Social Partnership and Public Procurement Act - our Red Welsh Way. Now reinforced by the New Deal for Working People.",https://events.labour.org.uk/event/527355
530483,Campaigning in Dallow,Canvassing,2026-04-18 14:30:00,2026-04-18 16:00:00,"Kingsway & Dallow Road, Luton, UK",LU11SZ,Luton South and South Bedfordshire,E14001346,False,False,False,True,0,1,1,1,"Corner of Kingsway & Dallow Road, Luton, UK",False,,Join our Labour team speaking to voters in Dallow,https://events.labour.org.uk/event/530483
528504,Re-elect Nabeela in Park and Arbourthorne,Canvassing,2026-04-18 15:00:00,2026-04-18 17:00:00,"The Punchbowl, Hurlfield Road, Sheffield, UK",S122SF,Sheffield Heeley,E14001469,False,False,False,True,0,0,0,2,At the Punchbowl Pub,False,,"Come canvassing with local councillors Nabeela, Mia, and Ben, and show your support for our fantastic MP Louise Haigh.

We'll be speaking with voters, listening to their concerns, and taking action to make a real difference in our community.

New to canvassing? No problem at all - full training will be provided, and we'll pair you with an experienced canvasser to guide you through.",https://events.labour.org.uk/event/528504
528605,🌹 Great Bridge Campaign Launch!  🌹,Campaigning,2026-04-18 15:00:00,2026-04-18 17:00:00,"20 Hursey Drive, Tipton, UK",DY48TN,Tipton and Wednesbury,E14001547,False,False,False,True,0,2,2,3,,False,,"Join us as we launch our local election campaign in Great Bridge! This will be a great opportunity to meet your Labour candidates, share your priorities, and help spread our message of progress and unity across the ward. 🌹 🌹 🌹",https://events.labour.org.uk/event/528605
530876,Leafletting,Leafletting,2026-04-18 15:00:00,2026-04-18 16:00:00,"Roseburn Maltings, Edinburgh EH12 5LL, UK",EH125LL,Edinburgh West,S14000082,False,False,False,True,10,0,0,1,,False,,Leafletting,https://events.labour.org.uk/event/530876
531233,3pm Saturday afternoon door knocking with Neil Bibby,Canvassing,2026-04-18 15:00:00,2026-04-18 16:30:00,"129 Arkleston Road, Paisley, UK",PA13TY,Paisley and Renfrewshire North,S14000101,False,False,False,True,0,0,0,3,Where Arkleston Rd meets Arkleston Dr,False,,"Join Team Bibby on Saturday for door knocking and help speak to as many voters as possible ahead of the election on 7 May. Even if you can spare half an hour, any time will help make a difference to the result in Paisley. 

Don't worry if you've never door knocked before, there will be plenty of people to show you the ropes.",https://events.labour.org.uk/event/531233
531427,Doorknocking in Moortown and Meanwood🌹,Canvassing,2026-04-18 15:00:00,2026-04-18 17:00:00,"Corner of Wensley Drive/ Wensley Green, Chapel Allerton, Leeds LS7 2ND, UK",LS72ND,Leeds North East,E14001321,False,False,False,True,0,0,0,2,"Corner of Wensley Drive/ Wensley Green, Chapel Allerton, Leeds LS7 2ND",False,,"Join us speaking to crucial postal voters in the campaign to elect Laura Jane Fisher! First-time canvassers are very welcome, and we will pair you with someone experienced to show you the ropes. Please get in touch with labourleedsnortheast@gmail.com if you have any questions, and let us know you're joining by RSVPing.",https://events.labour.org.uk/event/531427
531181,Campaigning in Seven Sisters,Canvassing,2026-04-18 15:30:00,2026-04-18 17:00:00,"Seven Sisters Station, A10, London N15 5BT, UK",N155BT,Tottenham,E14001553,False,False,False,True,0,0,0,2,"Seven Sisters station, N15 5JX",False,,"Join our Seven Sisters team out on the doors speaking to residents about the issues that matter to them. If you've never canvassed before you'll be given a full briefing ahead of the session, and you can pair up with an experienced member of the team while you learn the ropes",https://events.labour.org.uk/event/531181
529943,Canvassing in Holloway ward,Canvassing,2026-04-18 16:00:00,2026-04-18 18:00:00,"12 Middleton Grove, London, UK",N79LS,Islington South and Finsbury,E14001306,False,False,False,True,0,0,0,2,12 Middleton Grove,False,,"Join our Holloway team out on the doors speaking to residents about the issues that matter to them. If you've never canvassed before you'll be given a full briefing ahead of the session, and you can pair up with an experienced member of the team while you learn the ropes!",https://events.labour.org.uk/event/529943
530273,Get Out The Postal Vote - Evelyn,Canvassing,2026-04-18 16:00:00,2026-04-18 17:30:00,"2000 Community Action Centre, Grove Street, London, UK",SE83QG,Lewisham North,E14001332,False,False,False,True,0,0,0,2,2000 CAC,False,,"Join us for a door-knocking session in Evelyn ahead of the important local elections! We'll be speaking to voters across the ward about their concerns and tell them all about the great work Lewisham Labour has been doing. Whether you are a first-timer or a seasoned canvasser, support and camaraderie will be provided!",https://events.labour.org.uk/event/530273
531320,Canvassing in Arbury - 18 April evening,Canvassing,2026-04-18 16:00:00,2026-04-18 18:00:00,"St. Luke’s Church, Victoria Road, Arbury, Cambridge, UK",CB43DZ,Cambridge,E14001149,False,False,False,True,0,1,1,2,St. Luke’s Church,False,,Join us canvassing in Arbury!,https://events.labour.org.uk/event/531320
531513,Canvassing in Balham with our MP and councillor candidates 18th April 2026,Canvassing,2026-04-18 16:00:00,2026-04-18 18:00:00,"The Devonshire, Balham High Road, London, UK",SW129AN,Battersea,E14001081,False,False,False,True,0,0,0,2,"Meet outside The Devonshire, 39 Balham High Road, SW12 9AN",False,,"Join us and our MP Marsha de Cordova and our candidates canvassing to keep Wandsworth Labour. Anyone new to canvassing will be paired with an experienced volunteer.

Canvass Lead 
Jo Rigby: Contact number: +44 7769 653921",https://events.labour.org.uk/event/531513
530671,Ceredigion Penfro - Get Out the postal vote (Aberystwyth),Canvassing,2026-04-18 17:00:00,2026-04-18 18:00:00,"South Beach Car Park, South Marine Terrace, Aberystwyth, UK",SY231JX,Ceredigion Preseli,W07000093,False,False,False,True,0,1,1,3,south beach car park,False,,Postal votes are starting to land so join us on the doors as we remind voters to return their vote for Welsh Labour,https://events.labour.org.uk/event/530671
531235,Saturday evening door knocking with Neil Bibby,Canvassing,2026-04-18 17:00:00,2026-04-18 18:30:00,"2 Castle Gardens, Paisley, UK",PA29RB,Paisley and Renfrewshire South,S14000102,False,False,False,True,0,0,0,3,Where Castle Gardens meets Green Road,False,,"Join Team Bibby and help speak to as many voters as possible ahead of the election on 7 May. Even if you can spare half an hour, any time will help make a difference to the result in Paisley. 

Don't worry if you've never door knocked before, there will be plenty of people to show you the ropes.",https://events.labour.org.uk/event/531235
526770,Canvassing in Nunhead and Queens Road ward 🌹 Labour Group session,Canvassing,2026-04-19 10:00:00,2026-04-19 12:00:00,"Old Nunshead, Nunhead Green, London, UK",SE153QQ,Peckham,E14001421,False,False,False,True,0,0,0,2,The Old Nunshead Pub,False,,"⭐ Join Southwark Labour out on the doors in Nunhead and Queens Road ward speaking to residents about the issues that matter to them. If you've never canvassed before you'll be given a full briefing ahead of the session, and you can pair up with an experienced member of the team while you learn the ropes!",https://events.labour.org.uk/event/526770
530587,Chaucer Postal GOTV,Polling Day Campaign Centre,2026-04-19 10:00:00,2026-04-19 16:00:00,"15 Bartholomew Street, London SE1 4AJ, UK",SE14AJ,Bermondsey and Old Southwark,E14001085,False,False,False,True,100,0,0,2,"15 Bartholomew Street, London",False,,Help Southwark Labour get out the Postal Vote in Chaucer!,https://events.labour.org.uk/event/530587
530770,Peckham Rye Postal GOTV,Polling Day Campaign Centre,2026-04-19 10:00:00,2026-04-19 16:00:00,"Harris Girls' Academy East Dulwich, Homestall Road, London, UK",SE220NR,Lewisham West and East Dulwich,E14001333,False,False,False,True,100,0,0,2,Contact Fiona at 07768 078262,False,,"Join Southwark Labour on the doors in Peckham Rye getting out the Postal Vote ahead of the local elections. There is no Campaign Centre for Peckham Rye, so please contact Fiona at 07768 078262 for details.",https://events.labour.org.uk/event/530770
530795,Rye Lane Postal GOTV,Polling Day Campaign Centre,2026-04-19 10:00:00,2026-04-19 16:00:00,"189 Bellenden Road, London, UK",SE154DG,Peckham,E14001421,False,False,False,True,100,0,0,2,189 Bellenden Road,False,,Help Southwark Labour get out the postal vote in Rye Lane!,https://events.labour.org.uk/event/530795
531359,Canvassing in Kings Hedges - 19 April morning,Canvassing,2026-04-19 10:00:00,2026-04-19 12:00:00,"Tesco Express, Tesco Stores Ltd, Campkin Road, Cambridge, UK",CB42NF,Cambridge,E14001149,False,False,False,True,0,0,0,2,Campkin Rd Tesco,False,,Come and join us canvassing in King's Hedges!,https://events.labour.org.uk/event/531359
531650,Canvassing in SMSJ ward,Canvassing,2026-04-19 10:00:00,2026-04-19 12:00:00,"Essex Road Station, London, UK",N12SU,Islington South and Finsbury,E14001306,False,False,False,True,0,0,0,2,Essex Road Station,False,,"Join our SMSJ team out on the doors speaking to residents ON POSTAL VOTE WEEKEND. If you've never canvassed before you'll be given a full briefing ahead of the session, and you can pair up with an experienced member of the team while you learn the ropes!",https://events.labour.org.uk/event/531650
526784,Canvassing in Peckham Rye ward 🌹 Labour Group session,Canvassing,2026-04-19 10:30:00,2026-04-19 12:30:00,"Harris Girls' Academy East Dulwich, Homestall Road, London, UK",SE220NR,Lewisham West and East Dulwich,E14001333,False,False,False,True,0,0,0,2,Harris Girls,False,,"⭐ Join Southwark Labour out on the doors in Peckham Rye ward speaking to residents about the issues that matter to them. If you've never canvassed before you'll be given a full briefing ahead of the session, and you can pair up with an experienced member of the team while you learn the ropes!",https://events.labour.org.uk/event/526784
530479,Super Campaign Bridges Sunday 19th April,Canvassing,2026-04-19 10:30:00,2026-04-19 16:00:00,"Gateshead Masonic Hall Ltd, Alexandra Road, Gateshead NE8 1RB, UK",NE81RB,Gateshead Central and Whickham,E14001244,False,False,False,True,0,6,6,2,,False,,"Break for Lunch 12.30 to 13.15. 
In the afternoon from 14.00  further rounds of leafleting",https://events.labour.org.uk/event/530479
530750,Canvassing in Roker,Canvassing,2026-04-19 10:30:00,2026-04-19 11:30:00,"New Derby, Roker Baths Rd, Roker, Sunderland, UK",SR69TA,Sunderland Central,E14001531,False,False,False,True,0,0,0,2,Meet at the New Derby,False,,Join us in Roker,https://events.labour.org.uk/event/530750
530839,Peckham Rye Campaigning - 10.30am and 1.30pm,Canvassing,2026-04-19 10:30:00,2026-04-19 15:30:00,"London SE22 0NR, UK",SE220NR,Lewisham West and East Dulwich,E14001333,False,False,False,True,0,0,0,2,"Zebra crossing outside Harris Girls School, Homestall Road",False,,Join us canvassing in Peckham Rye,https://events.labour.org.uk/event/530839
531166,Campaigning in Harringay,Canvassing,2026-04-19 10:30:00,2026-04-19 12:00:00,"Green Lanes & Cavendish Rd, London N4 1AG, UK",N41AG,Hornsey and Friern Barnet,E14001293,False,False,False,True,0,2,2,2,"Green Lanes & Cavendish Rd, N4 1AG",False,,"Join our Harringay team out on the doors speaking to residents about the issues that matter to them. If you've never canvassed before you'll be given a full briefing ahead of the session, and you can pair up with an experienced member of the team while you learn the ropes",https://events.labour.org.uk/event/531166
531182,Campaigning in Seven Sisters,Canvassing,2026-04-19 10:30:00,2026-04-19 12:00:00,"Triangle Children, Young People & Community Centre, London N15 6NU, UK",N156DY,Tottenham,E14001553,False,False,False,True,0,0,0,2,"Triangle Community Centre, N15 6NU",False,,"Join our Seven Sisters team out on the doors speaking to residents about the issues that matter to them. If you've never canvassed before you'll be given a full briefing ahead of the session, and you can pair up with an experienced member of the team while you learn the ropes",https://events.labour.org.uk/event/531182
531622,Canvassing in Holloway ward,Canvassing,2026-04-19 10:30:00,2026-04-19 13:00:00,"12 Middleton Grove, London, UK",N79LS,Islington South and Finsbury,E14001306,False,False,False,True,0,0,0,2,12 Middleton Grove,False,,"Join our Holloway team out on the doors speaking to residents ON POSTAL VOTE WEEKEND. If you've never canvassed before you'll be given a full briefing ahead of the session, and you can pair up with an experienced member of the team while you learn the ropes!",https://events.labour.org.uk/event/531622
519802,Salford CLP Campaigning - Ordsall,Campaigning,2026-04-19 11:00:00,2026-04-19 12:30:00,,0,No Constituency Found,,False,False,False,True,0,0,0,1,,True,,Campaigning for our fantastic candidates,https://events.labour.org.uk/event/519802
519803,Worsley & Eccles CLP Campaigning - Barton & Winton,Campaigning,2026-04-19 11:00:00,2026-04-19 12:30:00,,0,No Constituency Found,,False,False,False,True,0,2,2,1,,True,,Campaigning for our fantastic candidates!,https://events.labour.org.uk/event/519803
519961,🌹Canvassing in Tipton Green🌹,Canvassing,2026-04-19 11:00:00,2026-04-19 12:30:00,"Baker Street, Tipton, UK",DY48JX,Tipton and Wednesbury,E14001547,False,False,False,True,0,0,0,3,,False,,Join us in Tipton Green to help our amazing candidates to help spread Labour's message of renewal to residents! Never canvassed before? Don't worry! Training will be delivered on the day! 🌹,https://events.labour.org.uk/event/519961
520091,🌹Canvassing in Newton 🌹,Canvassing,2026-04-19 11:00:00,2026-04-19 12:30:00,"Eastwood Rd, Great Barr, Birmingham B43 5RR, UK",B435RR,West Bromwich,E14001574,False,False,False,True,0,0,0,3,the junction of Eastwood Road and Gorse Farm Road,False,,Join us in Newton ward to help our amazing candidates to help spread Labour's message of renewal to residents! Never canvassed before? Don't worry! Training will be delivered on the day! 🌹,https://events.labour.org.uk/event/520091
525158,Campaigning in Streatham Wells,Canvassing,2026-04-19 11:00:00,2026-04-19 12:30:00,"Valley Road Surgery, Valley Road, London, UK",SW162XT,Streatham and Croydon North,E14001527,False,False,False,True,0,0,0,2,,False,,"Join us as we speak to residents in Streatham Wells ahead of the May 2026 local elections! There will be plenty of experienced campaigners and councillors, so if you've never campaigned before this will be the perfect starting point.",https://events.labour.org.uk/event/525158
526805,Canvassing in Rotherhithe ward 🌹 Labour Group session,Canvassing,2026-04-19 11:00:00,2026-04-19 13:00:00,"Surrey Quays Station, London, UK",SE162UG,Bermondsey and Old Southwark,E14001085,False,False,False,True,0,0,0,2,Surrey Quays Station,False,,"⭐ Join Southwark Labour out on the doors in Rotherhithe ward speaking to residents about the issues that matter to them. If you've never canvassed before you'll be given a full briefing ahead of the session, and you can pair up with an experienced member of the team while you learn the ropes!",https://events.labour.org.uk/event/526805
526813,Canvassing in Rye Lane ward 🌹 Labour Group session,Canvassing,2026-04-19 11:00:00,2026-04-19 13:00:00,"Peckham Rye Station, London, UK",SE155DQ,Peckham,E14001421,False,False,False,True,0,0,0,2,Peckham Rye Station,False,,"⭐ Join Southwark Labour out on the doors in Rye Lane ward speaking to residents about the issues that matter to them. If you've never canvassed before you'll be given a full briefing ahead of the session, and you can pair up with an experienced member of the team while you learn the ropes!",https://events.labour.org.uk/event/526813
527149,Canvassing in Slade Green & Northend,Canvassing,2026-04-19 11:00:00,2026-04-19 13:00:00,"Cornwallis Cl, Erith DA8 2PF, UK",DA82PF,Bexleyheath and Crayford,E14001089,False,False,False,True,0,1,1,1,,False,,"Join us canvassing as we work to get Donna and Stefano elected as Councillors for Slade Green & Northend. 

Volunteer for Labour, Stop Reform. 

Please use the pin as the start location (Cornwallis Close). 

📞 Contact on the day is Tommy Hill (Bexley Campaign Assistant) - 7508 656326",https://events.labour.org.uk/event/527149
527740,Campaigning in Green Lane (with a special guest!),Campaigning,2026-04-19 11:00:00,2026-04-19 12:30:00,"The Burnt Post, Kenpas Highway, Coventry, UK",CV36AW,Coventry South,E14001182,False,False,False,True,0,2,2,2,,False,,Join us at 11am on Sunday 19th April at the Burnt Post as we continue our campaign to keep Earlsdon in Labour hands! All members welcome - no experience needed!,https://events.labour.org.uk/event/527740
528503,Re-elect Nabeela in Park and Arbourthorne,Canvassing,2026-04-19 11:00:00,2026-04-19 12:30:00,"The Punchbowl, Hurlfield Road, Sheffield, UK",S122SF,Sheffield Heeley,E14001469,False,False,False,True,0,0,0,2,At the Punchbowl Pub,False,,"Come canvassing with local councillors Nabeela, Mia, and Ben, and show your support for our fantastic MP Louise Haigh.

We'll be speaking with voters, listening to their concerns, and taking action to make a real difference in our community.

New to canvassing? No problem at all - full training will be provided, and we'll pair you with an experienced canvasser to guide you through.",https://events.labour.org.uk/event/528503
528886,Clock House Canvassing,Canvassing,2026-04-19 11:00:00,2026-04-19 12:45:00,"Dorset Rd & Elmers End Rd, Beckenham, UK",BR34EJ,Beckenham and Penge,E14001083,False,False,False,True,0,2,2,3,Corner of Dorset Rd and Elmers End Rd,False,,"Clock House Canvassing
Join Jenny, Jeremy and Josh campaigning in Clock House.
Meeting point: Corner of Dorset Rd and Elmers End Rd",https://events.labour.org.uk/event/528886
528978,Welwyn Hatfield Canvassing,Canvassing,2026-04-19 11:00:00,2026-04-19 13:00:00,"Drovers Way, Birchwood, Hatfield AL10 0UJ, UK",AL100UJ,Welwyn Hatfield,E14001573,False,False,False,True,100,4,4,3,,False,,Join Welwyn Hatfield Labour in the 2026 local election campaign. A full briefing will be provided at the start of every session and if you're new you can be paired up with an experienced door knocker until you're comfortable. Every volunteer makes a huge difference and we hope to see you on the doorstep soon.,https://events.labour.org.uk/event/528978
529266,🌹Pimlico South canvassing🌹,Canvassing,2026-04-19 11:00:00,2026-04-19 13:00:00,"Tesco Express, Tesco Stores, Lupus Street, London, UK",SW1V4PE,Cities of London and Westminster,E14001172,False,False,False,True,0,0,0,3,,False,,"Come and join our team as we speak to voters ahead of the May 2026 local elections. We will be out on the doorstep speaking to residents about the issues that matter most to them. If it is your first time canvassing, do not worry. We will pair you up with an experienced campaigner.",https://events.labour.org.uk/event/529266
529470,Door Knocking Wyken,Canvassing,2026-04-19 11:00:00,2026-04-19 12:30:00,"Torcross Ave, Coventry CV2 3NS, UK",CV23NS,Coventry East,E14001180,False,False,False,True,0,3,3,2,Junction of Dartmouth Road and Torcross Ave,False,,"Join the Coventry East Team to speak to residents about their issues and concerns.
Meeting point junction of Dartmouth Road and Torcross Ave. It would be wonderful if you could come out and support us.",https://events.labour.org.uk/event/529470
529479,Campaigning in Wishaw!,Canvassing,2026-04-19 11:00:00,2026-04-19 12:30:00,"Morningside Primary School, School Road, Morningside, Wishaw, UK",ML29QW,Airdrie and Shotts,S14000063,False,False,False,True,0,0,0,3,Corner of Nethan Avenue and Kirkhill Road,False,,Campaigning with our excellent candidate for Motherwell and Wishaw Ayeshah Khan.,https://events.labour.org.uk/event/529479
529867,🌹 Barnsley Labour Blitz Session - Old Town🌹,Canvassing,2026-04-19 11:00:00,2026-04-19 12:00:00,"College House, Huddersfield Road, Barnsley, UK",S751DS,Barnsley North,E14001074,False,False,False,True,100,0,0,2,,False,,"Join the Barnsley Labour team for a morning of leafleting to support our excellent local Labour candidates -Brandon Green, Phil Lofts and Jo Newing.

Don't worry if you've not campaigned before, we'll pair you with an experienced campaigner until you find your feet!",https://events.labour.org.uk/event/529867
529873,🌹 Barnsley Labour Blitz Session - North East🌹,Canvassing,2026-04-19 11:00:00,2026-04-19 12:00:00,"Red City Chippy, Brierley Road, Grimethorpe, Barnsley, UK",S727DT,Barnsley North,E14001074,False,False,False,True,100,1,1,2,,False,,"Join the Barnsley Labour team for a morning of door-knocking to support our excellent local Labour candidates - Ruth Booker, Dorothy Coates and Ashley Peace.

Don't worry if you've not campaigned before, we'll pair you with an experienced campaigner until you find your feet!",https://events.labour.org.uk/event/529873
529986,Weekend Canvassing for our Egham Candidates,Canvassing,2026-04-19 11:00:00,2026-04-19 13:00:00,"High St, Egham TW20 9EW, UK",TW209EW,Runnymede and Weybridge,E14001456,False,False,False,True,0,0,0,2,High Street/Runnemede Road,False,,Canvassing for our Egham Candidates for the West Surrey elections.,https://events.labour.org.uk/event/529986
530168,Doorknocking in Honicknowle,Canvassing,2026-04-19 11:00:00,2026-04-19 13:00:00,"Poets Corner, Plymouth, UK",PL53FE,Plymouth Moor View,E14001426,False,False,False,True,0,1,1,3,Meet at the junction of Chaucer Way and Poets Corner,False,,Join us as we knock on doors in Honicknowle and talk to residents about the local and national issues that matter to them.,https://events.labour.org.uk/event/530168
530379,Canvassing in Wood Street ward,Canvassing,2026-04-19 11:00:00,2026-04-19 12:30:00,"Waverley Road & Wood Street, London, UK",E173LL,Walthamstow,E14001563,False,False,False,True,0,0,0,2,Waverley and Wood Street,False,,"Join our Wood Street team out on the doors speaking to residents about the issues that matter to them. If you've never canvassed before you'll be given a full briefing ahead of the session, and you can pair up with an experienced member of the team while you learn the ropes!",https://events.labour.org.uk/event/530379
530608,GOTPV Doorknocking in Weetwood!,National Campaign Weekend,2026-04-19 11:00:00,2026-04-19 13:00:00,"Co-op Food - Leeds - Spen Lane, Spen Lane, Tinshill, Leeds, UK",LS166JE,Leeds Central and Headingley,E14001319,False,False,False,True,0,0,0,2,,False,,Join us in Weetwood speaking to key postal voters in our campaign to re-elect Izaak Wilson and keep Leeds Labour!,https://events.labour.org.uk/event/530608
531129,Stevenage Canvassing,Canvassing,2026-04-19 11:00:00,2026-04-19 13:00:00,"Shephall Way, Shephall, Stevenage SG2 9RW, UK",SG29RN,Stevenage,E14001516,False,False,False,True,0,2,2,3,,False,,Join us on Sunday in Shephall where we will be campaigning with to get a strong Labour councillor elected. The session will start at 11am and we will meet outside the Kia Garage on Shephall Way- SG2 9RW,https://events.labour.org.uk/event/531129
531280,Get Out The Postal Vote - Brockley,Canvassing,2026-04-19 11:00:00,2026-04-19 12:30:00,"Brockley, Coulgate Street, London, UK",SE42RW,Lewisham North,E14001332,False,False,False,True,0,0,0,2,"Brockley Station, Coulgate St Side",False,,"Join us for a door-knocking session in Brockley ahead of the important local elections! We'll be speaking to voters across the ward about their concerns and tell them all about the great work Lewisham Labour has been doing. Whether you are a first-timer or a seasoned canvasser, support and camaraderie will be provided!",https://events.labour.org.uk/event/531280
531281,Get Out The Postal Vote - Deptford,Canvassing,2026-04-19 11:00:00,2026-04-19 12:30:00,please contact Rosie on the number below,SE84RJ,No Constituency Found,,False,False,False,True,0,0,0,1,Deptford Lounge,True,,"Join us for a door-knocking session in Deptford ahead of the important local elections! We'll be speaking to voters across the ward about their concerns and tell them all about the great work Lewisham Labour has been doing. Whether you are a first-timer or a seasoned canvasser, support and camaraderie will be provided!",https://events.labour.org.uk/event/531281
531605,Canvassing in Clerkenwell ward 🌹 Labour Group session,Canvassing,2026-04-19 11:00:00,2026-04-19 13:00:00,"Finsbury Library, Saint John Street, London, UK",EC1V4NG,Islington South and Finsbury,E14001306,False,False,False,True,0,0,0,2,Finsbury Library,False,,"⭐ Join Islington Labour out on the doors in Clerkenwell ward speaking to residents about the issues that matter to them. If you've never canvassed before you'll be given a full briefing ahead of the session, and you can pair up with an experienced member of the team while you learn the ropes!",https://events.labour.org.uk/event/531605
531627,Canvassing in Junction ward,Canvassing,2026-04-19 11:00:00,2026-04-19 13:00:00,"Archway Station, Junction Road, London, UK",N193TD,Islington North,E14001305,False,False,False,True,0,0,0,2,Archway Station,False,,"Join our Junction team out on the doors speaking to residents ON POSTAL VOTE WEEKEND. If you've never canvassed before you'll be given a full briefing ahead of the session, and you can pair up with an experienced member of the team while you learn the ropes!",https://events.labour.org.uk/event/531627
531666,🌹 PRIDE IN PLACE CANVASS 🌹,Canvassing,2026-04-19 11:00:00,2026-04-19 13:00:00,"Bert Rd, Thornton Heath CR7 7NW, UK",CR77NW,Croydon West,E14001188,False,False,False,True,0,1,1,2,Corner of Bensham Lane & Bert Road,False,,"Hi everyone, we’re out tomorrow (Sunday) for a Pride in Place canvass with Sarah Jones MP.
We’ll be knocking on doors and speaking to residents about the £20m Pride in Place investment coming to the area and the benefits it will bring to local residents. We’ll also be delivering Pride in Place and postal vote DMs.",https://events.labour.org.uk/event/531666
530382,Canvassing in Higham Hill ward,Canvassing,2026-04-19 11:30:00,2026-04-19 13:00:00,"Higham Hill Park Cafe, Hecham Close, London E17 5QT, UK",E175QT,Walthamstow,E14001563,False,False,False,True,0,0,0,2,"Higham Hill Park Cafe, Hecham Close, E17 5QT",False,,"Join our Higham Hill team out on the doors speaking to residents about the issues that matter to them. If you've never canvassed before you'll be given a full briefing ahead of the session, and you can pair up with an experienced member of the team while you learn the ropes!",https://events.labour.org.uk/event/530382
529284,🌹Hyde Park canvassing🌹,Canvassing,2026-04-19 12:00:00,2026-04-19 14:00:00,"The Union Paddington, Sheldon Square, London, UK",W26DL,Cities of London and Westminster,E14001172,False,False,False,True,0,0,0,3,,False,,"Come and join our team as we speak to voters ahead of the May 2026 local elections. We will be out on the doorstep speaking to residents about the issues that matter most to them. If it is your first time canvassing, do not worry. We will pair you up with an experienced campaigner.",https://events.labour.org.uk/event/529284
529379,Campaigning with Dr Oliver Thomas,Canvassing,2026-04-19 12:00:00,2026-04-19 14:00:00,"Piersfield Terrace, Edinburgh EH8 7BS, UK",EH87BS,Edinburgh East and Musselburgh,S14000078,False,False,False,True,0,0,0,3,Corner of Piersfield Grove/Portobello Road,False,,"Join our candidate for Holyrood, Dr Oliver Thomas, speaking to voters in the new seat of Edinburgh North Eastern and Leith. If you've never doorknocked before, experienced campaigners will be on hand to teach you. Looking forward to seeing you there!",https://events.labour.org.uk/event/529379
529930,Canvassing in Mildmay ward,Canvassing,2026-04-19 12:00:00,2026-04-19 14:00:00,"60 Newington Green, London, UK",N169PX,Islington North,E14001305,False,False,False,True,0,0,0,2,60 Newington Green,False,,"Join our Mildmay team out on the doors speaking to residents ON POSTAL VOTE WEEKEND. If you've never canvassed before you'll be given a full briefing ahead of the session, and you can pair up with an experienced member of the team while you learn the ropes!",https://events.labour.org.uk/event/529930
529457,Campaigning for Jayne in Southey,Canvassing,2026-04-19 13:00:00,2026-04-19 14:30:00,"Teynham Rd, Sheffield S5 8TU, UK",S58TU,Sheffield Brightside and Hillsborough,E14001466,False,False,False,True,0,1,1,2,"Corner of Teynham Road and Longley Avenue West, S5 8TU",False,,"Join our friendly team listening to voters in Southey ward. Meet at the corner of Teynham Road and Longley Avenue West, S5 8TU at 1pm on Sunday 19th April.",https://events.labour.org.uk/event/529457
529524,Local Elections 2026 - Moseley Door Knocking,Canvassing,2026-04-19 13:00:00,2026-04-19 14:30:00,"Park Hill, Birmingham B13 8DU, UK",B138DU,Birmingham Hall Green and Moseley,E14001094,False,False,False,True,0,0,0,2,Corner of Park Hill and Alcester Road,False,,On Sunday 19 April we will be supporting Stephen Pihlaja and Gwaza Mabhena by speaking to residents in the Park Hill area of Moseley Ward as part of the 2026 local election campaign.,https://events.labour.org.uk/event/529524
529771,Campaigning in Burnage - Sunday 19th April 1pm,Canvassing,2026-04-19 13:00:00,2026-04-19 14:30:00,"The Victoria Inn, Burnage Lane, Manchester, UK",M191FL,Gorton and Denton,E14001251,False,False,False,True,0,0,0,2,,False,,"The Burnage Councillors will be joined by activists to chat to residents, and show that Labour is here to help. If you're an experienced campaigner, or new to door knocking and looking to get involved, please come along to help us listen to people's concerns. If you're new to campaigning, we're happy to support you and can pair you up with an experienced colleague. We hope to see you there! 🌹",https://events.labour.org.uk/event/529771
530125,Canvassing Westborough,Canvassing,2026-04-19 13:00:00,2026-04-19 14:30:00,"Glenwood Avenue, Westcliff-on-Sea, Southend-on-Sea, Westcliff-on-Sea, UK",SS09DJ,Southend West and Leigh,E14001502,False,False,False,True,0,0,0,1,Meet on the corner of Glenwood Avenue and West Road,False,,"Join us speaking to residents in Westborough Ward. If possible please arrive 10 minutes early so we can make a prompt start.

Don't worry if you haven't canvassed before - you can pair up with an experienced canvasser.",https://events.labour.org.uk/event/530125
531148,Campaigning in Tottenham Central,Canvassing,2026-04-19 13:00:00,2026-04-19 14:30:00,"The Palm, Philip Lane, London N15 4HQ, UK",N154HQ,Tottenham,E14001553,False,False,False,True,0,0,0,2,The Palm N15 4HQ,False,,"Join our Tottenham Central team out on the doors speaking to residents about the issues that matter to them. If you've never canvassed before you'll be given a full briefing ahead of the session, and you can pair up with an experienced member of the team while you learn the ropes",https://events.labour.org.uk/event/531148
531237,Sunday afternoon door knocking with Neil Bibby,Canvassing,2026-04-19 13:00:00,2026-04-19 14:30:00,"1 Pine Street, Paisley, UK",PA26XL,Paisley and Renfrewshire South,S14000102,False,False,False,True,0,1,1,3,Where Pine St meets Hillside Rd,False,,"Join Team Bibby on Sunday for door knocking and help speak to as many voters as possible ahead of the election on 7 May. Even if you can spare half an hour, any time will help make a difference to the result in Paisley. 

Don't worry if you've never door knocked before, there will be plenty of people to show you the ropes.",https://events.labour.org.uk/event/531237
531651,Canvassing in SMSJ ward,Canvassing,2026-04-19 13:00:00,2026-04-19 15:00:00,"Essex Road Station, London, UK",N12SU,Islington South and Finsbury,E14001306,False,False,False,True,0,0,0,2,Essex Road Station,False,,"Join our SMSJ team out on the doors speaking to residents ON POSTAL VOTE WEEKEND. If you've never canvassed before you'll be given a full briefing ahead of the session, and you can pair up with an experienced member of the team while you learn the ropes!",https://events.labour.org.uk/event/531651
529834,St Gabriels Leafleting,Leafletting,2026-04-19 13:30:00,2026-04-19 15:00:00,"Manor Farm Rd, Liverpool L36 0UB, UK",L360UB,Knowsley,E14001317,False,False,False,True,0,0,0,2,"Manor Farm Road Shops, L36 0UB",False,,"We'll be out speaking to voters in St Gabriel's ward, picking up any local issues and promoting the positive work our Councillors do. Please feel free to reach out if you have any questions or would like further details on how to get involved. If you have never campaigned before then don't worry, you'll be paired with someone who has experience campaigning and will show you the ropes!",https://events.labour.org.uk/event/529834
530662,Ceredigion Penfro - Get out the postal vote (Milford),Canvassing,2026-04-19 13:30:00,2026-04-19 15:30:00,"Gateholm Ave, Milford Haven SA73 2RL, UK",SA732RL,Mid and South Pembrokeshire,W07000100,False,False,False,True,0,1,1,3,Skomer Drive & Gateholm Avenure,False,,Postal votes are landing so join us on the doors as we make sure they are returned for Welsh Labour,https://events.labour.org.uk/event/530662
526771,Canvassing in Nunhead and Queens Road ward 🌹 Labour Group session,Canvassing,2026-04-19 14:00:00,2026-04-19 16:00:00,"Queens Road Peckham station, London, UK",SE152ND,Peckham,E14001421,False,False,False,True,0,0,0,2,Queens Road Station,False,,"⭐ Join Southwark Labour out on the doors in Nunhead and Queens Road ward speaking to residents about the issues that matter to them. If you've never canvassed before you'll be given a full briefing ahead of the session, and you can pair up with an experienced member of the team while you learn the ropes!",https://events.labour.org.uk/event/526771
528773,Suzanne Grahame: Clackmannanshire & Dunblane - Holyrood 2026 Campaign,Canvassing,2026-04-19 14:00:00,2026-04-19 15:30:00,"Keilarsbrae, Sauchie, Alloa FK10 3NJ, UK",FK103NJ,Alloa and Grangemouth,S14000064,False,False,False,True,0,0,0,1,Posthill/Kielersbrae,False,,"Please join us in this door knocking session to introduce our excellent candidate, Suzanne Grahame, to the people of the constituency of Clackmannanshire and Dunblane. 

Don't worry if you have never done this before - you will receive a briefing before you start, and be paired up with an experienced campaigner to shadow and guide you through the conversations.

Everyone is welcome.",https://events.labour.org.uk/event/528773
528778,Doorknocking in Slaithwaite,Canvassing,2026-04-19 14:00:00,2026-04-19 16:00:00,"Varley Road, Slaithwaite, Huddersfield, UK",HD75HL,Colne Valley,E14001177,False,False,False,True,0,0,0,3,Junction of Varley Road and Manchester Road,False,,Join us in Slaithwaite speaking to voters ahead of May's local elections,https://events.labour.org.uk/event/528778
529308,Canvassing in Brackla,Canvassing,2026-04-19 14:00:00,2026-04-19 16:00:00,"Maes Dewi Pritchard, Brackla, Bridgend CF31 2ET, UK",CF312ET,Bridgend,W07000086,False,False,False,True,0,1,1,1,the entrance to Maes Dewi Pritchard,False,,"The Senedd election is just around the corner and this is our moment. Come and support our short campaign and help us reach voters while it matters most. New or experienced, everyone's welcome. We'll support you every step of the way. Every conversation counts. Get involved, make an impact, and be part of something positive.",https://events.labour.org.uk/event/529308
530553,CENTRAL SESSION - STEPNEY GREEN,Canvassing,2026-04-19 14:00:00,2026-04-19 15:30:00,"Belgrave Street & White Horse Road, London, UK",E10NL,Bethnal Green and Stepney,E14001086,False,False,False,True,0,0,0,1,Belgrave & White Horse Road,False,,Canvassing in Stepney Green with Labour candidates Sanu Miah & Nanziba Nasima,https://events.labour.org.uk/event/530553
531119,Canvassing in Barnes and Thornhill,Canvassing,2026-04-19 14:00:00,2026-04-19 15:00:00,,SR47HD,No Constituency Found,,False,False,False,True,0,0,0,1,,True,,Join the local Labour Action Team in Barnes and Thornhill Ward,https://events.labour.org.uk/event/531119
530005,Canvassing in Ravenscourt (afternoon),Canvassing,2026-04-19 14:30:00,2026-04-19 16:30:00,"Ravenscourt Park Station, London W6 0UD, UK",W60UD,Hammersmith and Chiswick,E14001264,False,False,False,True,0,0,0,2,Ravenscourt Park Station London UK W60UD,False,,"Join us on for our canvassing session in Ravenscourt alongside our local councillors and other volunteers. If you've never been campaigning before, now is the perfect time to start and we can promise you a very warm welcome. We will offer training and will make sure you are paired with an experienced canvasser until you feel comfortable doing it on our own. Contact - Natalie (07774694969)",https://events.labour.org.uk/event/530005
530094,BTN Senedd 2026 - Seven Sisters,Canvassing,2026-04-19 14:30:00,2026-04-19 16:30:00,"Blaendulais Primary School, Seven Sisters, Neath, UK",SA109AA,Neath and Swansea East,W07000103,False,False,False,True,0,1,1,2,Near Blaendulais Primary School - SA10 9AA,False,,"Campaign season is well under way and from Bay to Border we are knocking doors and talking to the electorate of BTN. Your candidates have been selected and are out several times are day talking to our constituents. WE NEED YOU! If you haven't knocked doors for a while, are new to campaigning or a seasoned pro you'll be warmly welcomed. With advise and training as you go. Please be mindful of the seasonal weather and dress for the spring showers or sunny days which ever we may have.",https://events.labour.org.uk/event/530094
529453,Crewe South By-election Door Knocking,Canvassing,2026-04-19 15:00:00,2026-04-19 17:00:00,"Ethel Elks Close, Crewe, UK",CW26GY,Crewe and Nantwich,E14001185,False,False,False,True,0,2,2,3,Corner of Salisbury Ave and Ethel Elks Cl,False,,Join us to support Diane Yates as our candidate in the Crewe South (Crewe Town Council) by-election on April 30.,https://events.labour.org.uk/event/529453
530397,Canvassing in Cann Hall ward,Canvassing,2026-04-19 15:00:00,2026-04-19 16:30:00,"Victoria Road & High Road Leytonstone, London, UK",E113HU,Leyton and Wanstead,E14001334,False,False,False,True,0,0,0,2,Leytonstone High Rd and Victoria Rd,False,,"Join our Cann Hall team out on the doors speaking to residents about the issues that matter to them. If you've never canvassed before you'll be given a full briefing ahead of the session, and you can pair up with an experienced member of the team while you learn the ropes!",https://events.labour.org.uk/event/530397
531467,Golborne Canvass,Canvassing,2026-04-19 15:00:00,2026-04-19 17:00:00,"Trellick Tower, Golborne Road, London, UK",W105NY,Kensington and Bayswater,E14001310,False,False,False,True,0,0,0,3,Trellick,False,,"Come and join your local Labour candidates for councillor, as they speak with people across the ward, collecting casework, discussing local issues, and listening to local policy concerns.

You're welcome, whether you're an experienced canvasser or have never canvassed before. They'll ensure you have everything you need and are properly supported, pairing up newer volunteers with regulars where appropriate. Your support makes a real difference.

Contact Peter Marshall at 07793 751763 for more details.",https://events.labour.org.uk/event/531467
529452,Campaigning with Caitlin Stott!,Canvassing,2026-04-19 15:30:00,2026-04-19 17:30:00,"Baird's Way & Rose Terrace, Bonnyrigg, UK",EH193NS,Midlothian,S14000045,False,False,False,True,0,0,0,3,Corner of Baird's Way and Rose Terrace,False,,"Its election year in Midlothian North! Join our Scottish Parliamentary candidate Caitlin Stott for a session of campaigning to take Scotland in the New Direction it needs! If you've never campaigned before not to worry! - we'll give you training at the start before pairing you up with an experienced campaigner while you hit the doors. We always have a good blether in between doors as well, so I promise you'll have a good time whilst also helping us make Midlothian North a Labour Gain! Any questions? Email stottcaitlin41@gmail.com",https://events.labour.org.uk/event/529452
531149,Campaigning in Tottenham Central,Canvassing,2026-04-19 15:30:00,2026-04-19 17:00:00,"The Palm, Philip Lane, London N15 4HQ, UK",N154HQ,Tottenham,E14001553,False,False,False,True,0,0,0,2,The Palm N15 4HQ,False,,"Join our Tottenham Central team out on the doors speaking to residents about the issues that matter to them. If you've never canvassed before you'll be given a full briefing ahead of the session, and you can pair up with an experienced member of the team while you learn the ropes",https://events.labour.org.uk/event/531149
530717,Get Out the Postal Vote Childs Hill,Campaigning,2026-04-19 16:00:00,2026-04-19 18:00:00,"Sainsbury's, Finchley Road, London, UK",NW117RX,Finchley and Golders Green,E14001238,False,False,False,True,0,0,0,3,Sainsbury's Car Park,False,,GOTPV,https://events.labour.org.uk/event/530717
531321,Canvassing in Arbury - 19 April evening,Canvassing,2026-04-19 16:00:00,2026-04-19 18:00:00,"Kingsway flats, Kingsway, Arbury, Cambridge, UK",CB42EW,Cambridge,E14001149,False,False,False,True,0,1,1,2,Kingsway flats,False,,Join us canvassing in Arbury!,https://events.labour.org.uk/event/531321
531612,Canvassing in Finsbury Park ward,Canvassing,2026-04-19 16:00:00,2026-04-19 18:00:00,"Sobell Leisure Centre, Tollington Road, London, UK",N77NY,Islington North,E14001305,False,False,False,True,0,0,0,2,Sobell Leisure Centre,False,,"Join our Finsbury Park team out on the doors speaking to residents ON POSTAL VOTE WEEKEND. If you've never canvassed before you'll be given a full briefing ahead of the session, and you can pair up with an experienced member of the team while you learn the ropes!",https://events.labour.org.uk/event/531612
531646,Canvassing in Tufnell Park ward,Canvassing,2026-04-19 16:00:00,2026-04-19 18:00:00,"Tufnell Park Tavern, Tufnell Park Road, London, UK",N70EE,Islington North,E14001305,False,False,False,True,0,0,0,2,Tufnell Park Tavern,False,,"Join our Tufnell Park team out on the doors speaking to residents ON POSTAL VOTE WEEKEND. If you've never canvassed before you'll be given a full briefing ahead of the session, and you can pair up with an experienced member of the team while you learn the ropes!",https://events.labour.org.uk/event/531646
527328,Doorstep Surgery in Uxbridge,Canvassing,2026-04-19 17:00:00,2026-04-19 19:00:00,"How's Road & New Windsor Street, Uxbridge, UK",UB82TX,Uxbridge and South Ruislip,E14001558,False,False,False,True,0,6,6,3,"How's Road & New Windsor Street, UB8 2TX",False,,"Join us for a doorstep surgery in Uxbridge! Help us identify local issues that matter most to residents and how Hillingdon Labour and our Labour candidates can help improve the area. If it's your first time, don't worry, we will pair you up with someone more experience who can show you the ropes!",https://events.labour.org.uk/event/527328
530677,Ceredigion Penfro - Get out the postal vote (Fishguard / Goodwick),Canvassing,2026-04-19 17:00:00,2026-04-19 19:00:00,"West St, Fishguard SA65 9NG, UK",SA659NG,Ceredigion Preseli,W07000093,False,False,False,True,0,0,0,3,West Street car park,False,,Join us to Get out the postal vote,https://events.labour.org.uk/event/530677
531770,Re-elect Minesh: Canvassing in Crookes (5PM),Canvassing,2026-04-19 17:00:00,2026-04-19 18:45:00,"Co-op Food - Sheffield - Crookes, Crookes, Sheffield, UK",S101TG,Sheffield Hallam,E14001468,False,False,False,True,0,0,0,1,Meeting opposite the Crookes Co-op,False,,"Join our lovely Crookes and Crosspool team for this canvassing as we seek to re-elect Minesh. We will be meeting on Sunday 19th at 5pm opposite the Co-op in Crookes.

If you are new to canvassing, it would be great to have you join us. No experience is needed, and you will be paired up with someone until you feel confident.",https://events.labour.org.uk/event/531770
530337,Get Out The Postal Vote - Blackheath,Canvassing,2026-04-19 17:30:00,2026-04-19 19:00:00,"Premier Inn London Lewisham hotel, Lewisham High Street, London, UK",SE135AF,Lewisham North,E14001332,False,False,False,True,0,0,0,2,Brockley's Rock,False,,"Join us for a door-knocking session in Blackheath ahead of the important local elections! We'll be speaking to voters across the wards about their concerns and tell them all about the great work Lewisham Labour has been doing. Whether you are a first-timer or a seasoned canvasser, support and camaraderie will be provided!",https://events.labour.org.uk/event/530337
530349,Leafleting Postal Voters,Leafletting,2026-04-20 00:00:00,2026-04-20 23:55:00,,0,No Constituency Found,,False,False,False,True,0,10,10,1,,True,,"Postal votes are due to start arriving with voters next week and we need help reaching them with our letters. We are looking for any help you can provide with leafleting, at whatever time suits you, next Monday and Tuesday, 20th and 21st April.",https://events.labour.org.uk/event/530349
531041,Temple Newsam Doorknocking,Canvassing,2026-04-20 10:00:00,2026-04-20 12:00:00,"Wykebeck Place, Leeds, UK",LS90EU,Leeds South,E14001323,False,False,False,True,0,0,0,2,Where Wybeck place meets Wykbeck mount,False,,Join candidates Tim and Julia and your Temple Newsam Labour team out on the doorstep for campaigning in this key seat! If you've not canvassed before - don't worry - you'll be paired up with a buddy until you feel more confident and full training will be provided. Point of contact: James 0783011370,https://events.labour.org.uk/event/531041
531365,GET OUT THE POSTAL VOTE in Bramley and Stanningley 🌹,Campaigning,2026-04-20 10:30:00,2026-04-20 12:00:00,"Fieldway Avenue & Coal Hill Lane, Leeds, UK",LS131FH,Leeds West and Pudsey,E14001325,False,False,False,True,0,0,0,2,,False,,Join us campaigning in Bramley and Stanningley to re-elect Cllr Kevin Ritchie! First time canvassers are very welcome and we will pair you with someone experienced to show you the ropes. Please get in touch with Ryan on ryan_marsden@labour.org.uk if you have any questions and let us know you're joining by RSVPing below!,https://events.labour.org.uk/event/531365
531755,Canvassing in Riverside | Caerdydd Penarth,Canvassing,2026-04-20 10:30:00,2026-04-20 12:00:00,"Ninian Park Rd, Cardiff CF11 6HZ",CF116HZ,Cardiff West,W07000092,False,False,False,True,0,1,1,2,Corner of Ninian Park Road and Craddok Street,False,,Join us as we speak to residents in Caerdydd Penarth ahead of the Senedd election.,https://events.labour.org.uk/event/531755
532235,Door Knocking Wyken GTPVO,Canvassing,2026-04-20 10:30:00,2026-04-20 10:40:00,"Norton Hill Dr, Wyken, Coventry CV2 3AS, UK",CV23AS,Coventry East,E14001180,False,False,False,True,0,1,1,2,Junction of Norton Hill Drive and Gleneagles Road.  We will wait for 10 minutes but you can contact Mohinder 0770 8431 666 to ask for updated location,False,,"Join the Coventry East Team to speak to residents about their issues and concerns.
Meeting point junction of Gleneagles Road and Norton Hill Drive. It would be wonderful if you could come out and support us.",https://events.labour.org.uk/event/532235
532517,"Campaigning with Jenny Laing, Aberdeen Central",Campaigning,2026-04-20 10:30:00,2026-04-20 17:30:00,"Inn At The Park Hotel, Deemount Terrace, Aberdeen, UK",AB117RX,Aberdeen South,S14000061,False,False,False,True,0,0,0,1,Inn at the Park Hotel,False,,"Sessions start at 10.30, 2pm and 4pm, campaigning in each ward at differing times.
 
We will meet at Inn at the Park on each of these days, however if you cannot get to the meeting point please just call me on 07968959838.",https://events.labour.org.uk/event/532517
519970,🌹Canvassing in Blackheath🌹,Canvassing,2026-04-20 11:00:00,2026-04-20 12:30:00,"Buckingham Road, Rowley Regis, UK",B659JW,Smethwick,E14001478,False,False,False,True,0,0,0,2,,False,,Join us in Blackheath to help our amazing candidates to help spread Labour's message of renewal to residents! Never canvassed before? Don't worry! Training will be delivered on the day! 🌹,https://events.labour.org.uk/event/519970
531236,Ceredigion Penfro Senedd Election - Campaigning in Kilgetty & Begelly,Canvassing,2026-04-20 11:00:00,2026-04-20 13:00:00,"20 James Park, Kilgetty SA68 0YD, UK",SA680YD,Mid and South Pembrokeshire,W07000100,False,False,False,True,0,2,2,3,Entrance of James Park,False,,Please join us for a short canvassing session in Kilgetty & Begelly. Remember to wear comfortable shoes and dress for the weather,https://events.labour.org.uk/event/531236
532100,Re-elect Minesh: Canvassing in Crosspool,Canvassing,2026-04-20 11:00:00,2026-04-20 12:30:00,"SPAR Crosspool, Sandygate Road, Crosspool, Sheffield, UK",S105NH,Sheffield Hallam,E14001468,False,False,False,True,0,1,1,1,Meet opposite the SPAR in Crosspool,False,,"Join our lovely Crookes and Crosspool team for this canvassing as we seek to re-elect Minesh. We will be meeting on Monday the 20th at 11:00am opposite the Crosspool SPAR.

If you are new to canvassing, it would be great to have you join us. No experience is needed, and you will be paired up with someone until you feel confident.",https://events.labour.org.uk/event/532100
531241,Ceredigion Penfro Senedd Election - Campaigning in St Dogmaels,Canvassing,2026-04-20 12:00:00,2026-04-20 14:00:00,"Finch St, St Dogmaels, Cardigan SA43 3EA, UK",SA433EA,Ceredigion Preseli,W07000093,False,False,False,True,0,0,0,3,St. Dogmael’s High Street Car Park,False,,Please join us for a short canvassing session in St. Dogmael’s Remember to wear comfortable shoes and dress for the weather,https://events.labour.org.uk/event/531241
532267,Canvassing in Formby West,Canvassing,2026-04-20 12:00:00,2026-04-20 14:00:00,"Gores Ln & Derby Rd, Formby, Liverpool L37 7DF, UK",L377DF,Sefton Central,E14001463,False,False,False,True,0,0,0,2,"Gores Ln & Derby Rd, Formby, Liverpool L37 7DF",False,,"Come and join Sefton Labour on the doors! We will be out across our communities speaking with residents about the issues that matter most to them. If this is your first time canvassing, no need to worry, we will pair you up with an experienced campaigner to show you the ropes.",https://events.labour.org.uk/event/532267
532028,🌹 Canvassing in Blackheath Westcombe 🌹,Leafletting,2026-04-20 12:30:00,2026-04-20 13:30:00,"Blackheath Park, London SE3 9SQ, UK",SE39SQ,Greenwich and Woolwich,E14001257,False,False,False,True,0,0,0,2,Meet by St. Michael & All Angels on the corner of Pond Road and Blackheath Park,False,,"Join local councillors, candidates and Greenwich Labour activists as we leaflet. 

Meet by St. Michael & All Angels on the corner of Pond Road and Blackheath Park.",https://events.labour.org.uk/event/532028
532225,Motherwell & Wishaw Campaigning,Canvassing,2026-04-20 13:00:00,2026-04-20 14:30:00,"Parkside Road, Motherwell, UK",ML13DY,"Motherwell, Wishaw and Carluke",S14000099,False,False,False,True,0,0,0,3,Corner of Parkside Road & Braedale Avenue,False,,Join Ayeshah Khan and the team in campaigning and speaking to voters about the importance of returning a Scottish Labour Government to Holyrood.,https://events.labour.org.uk/event/532225
527966,Get out the postal vote in Denton and Westerhope,Canvassing,2026-04-20 14:00:00,2026-04-20 15:30:00,"Asda Westerhope Supermarket, Stamfordham Road, Westerhope, Newcastle upon Tyne, UK",NE52LD,Newcastle upon Tyne Central and West,E14001377,False,False,False,True,0,0,0,2,,False,,Help us get out the postal vote. Contact Stephen Barry-Stanners 07892696394 / stephenbarrystanners@gmail.com,https://events.labour.org.uk/event/527966
531222,Come and Campaign in Maryland,Canvassing,2026-04-20 14:00:00,2026-04-20 16:00:00,"Maryland Station, London, UK",E154NL,Stratford and Bow,E14001525,False,False,False,True,0,0,0,2,,False,,Help our candidates reach our postal voters,https://events.labour.org.uk/event/531222
531496,Senedd 2026 - Canvassing in Mold,Canvassing,2026-04-20 14:00:00,2026-04-20 16:00:00,"Elm Dr, Mold CH7 1SF, UK",CH71SF,Clwyd East,W07000094,False,False,False,True,0,0,0,3,The corner of Elm Drive and Queens Park,False,,Hello members and supporters! The Senedd campaign is underway. We are weeks out from polling day and we need your help to get as many of our candidates elected. See you on the doors!,https://events.labour.org.uk/event/531496
531732,Welwyn Hatfield Canvassing,Canvassing,2026-04-20 14:00:00,2026-04-20 16:00:00,"Hall Grove & Moorlands, Welwyn Garden City, UK",AL74PJ,Welwyn Hatfield,E14001573,False,False,False,True,100,0,0,3,,False,,Join Welwyn Hatfield Labour in the 2026 local election campaign. A full briefing will be provided at the start of every session and if you're new you can be paired up with an experienced door knocker until you're comfortable. Every volunteer makes a huge difference and we hope to see you on the doorstep soon.,https://events.labour.org.uk/event/531732
531794,Burngreave GOTV,Campaigning,2026-04-20 14:00:00,2026-04-20 15:30:00,"Norwood Road, Sheffield, UK",S57BE,Sheffield Brightside and Hillsborough,E14001466,False,False,False,True,0,0,0,2,,False,,"The Burngreave team are out again on Monday the 20th at 2pm meeting at the junction of Norwood Road and Barnsley Road. It is crucial that we have as many conversations as possible this week so please do come along to support the team. It will be close mainly between us and the Greens we cannot take this win for granted. 
Please come along to help elect Hannah Cawley on May the 7th.",https://events.labour.org.uk/event/531794
531983,"Hamilton, Larkhall and Stonehouse Campaigning",Canvassing,2026-04-20 14:30:00,2026-04-20 16:00:00,"Livingstone Gardens & Hope Crescent, Larkhall, UK",ML92EG,Hamilton and Clyde Valley,S14000092,False,False,False,True,0,0,0,3,,False,,"Join Davy Russell and the team in campaigning and speaking to voters about the importance of returning a Scottish Labour Government to Holyrood.

Campaigning is happening all day Monday to Saturday. Come for just an hour, a morning, an afternoon, or all day if you can.

Newcomers welcome. Experienced campaigner on hand to coach you through the process. Party membership not required.",https://events.labour.org.uk/event/531983
532304,Swanside Doorknocking,Canvassing,2026-04-20 14:30:00,2026-04-20 16:00:00,"Malvern Ave, Liverpool L14 6TS, UK",L146TS,Liverpool West Derby,E14001341,False,False,False,True,0,0,0,2,Junction of Malvern Avenue/Childwall Lane,False,,"We'll be out speaking to voters in Swanside ward, picking up any local issues and promoting the positive work our Councillors do. Please feel free to reach out if you have any questions or would like further details on how to get involved. If you have never campaigned before then don't worry, you'll be paired with someone who has experience campaigning and will show you the ropes!",https://events.labour.org.uk/event/532304
529879,🌹 Barnsley Labour Blitz Session - Central🌹,Canvassing,2026-04-20 16:00:00,2026-04-20 17:00:00,"17 Newlyn Drive, Barnsley, UK",S712AJ,Barnsley North,E14001074,False,False,False,True,100,0,0,2,,False,,"Join the Barnsley Labour team for a morning of leafleting to support our excellent local Labour candidates - Janine Moyes, Martin O'Donoghue and Nicola Sumner.

Don't worry if you've not campaigned before, we'll pair you with an experienced campaigner until you find your feet!",https://events.labour.org.uk/event/529879
532527,Canvassing in Mildmay ward,Canvassing,2026-04-20 16:00:00,2026-04-20 18:00:00,"60 Newington Green, London, UK",N169PX,Islington North,E14001305,False,False,False,True,0,0,0,2,60 Newington Green,False,,"Join our Mildmay team out on the doors speaking to residents about the issues that matter to them. If you've never canvassed before you'll be given a full briefing ahead of the session, and you can pair up with an experienced member of the team while you learn the ropes!",https://events.labour.org.uk/event/532527
524719,Campaigning in Old Trafford,Canvassing,2026-04-20 17:00:00,2026-04-20 18:30:00,"Wordsworth Road, Old Trafford, Stretford, Manchester M16 9GT, UK",M169GT,Stretford and Urmston,E14001528,False,False,False,True,0,1,1,2,corner of Wordsworth Road and Coleridge Road,False,,"Come join the Old Trafford team campaigning in our ward. We're a friendly bunch, and if you're new to canvassing, we're happy to support you. We can pair you up with an experienced canvasser. We're keen to find out how voters are feeling about local and national issues. Contact Ben Slater",https://events.labour.org.uk/event/524719
527967,Get out the postal vote in Denton and Westerhope,Canvassing,2026-04-20 17:00:00,2026-04-20 18:30:00,"Morrisons, West Denton Way, Newcastle upon Tyne, UK",NE52QZ,Newcastle upon Tyne Central and West,E14001377,False,False,False,True,0,0,0,2,Meet in Click and Collect car park,False,,Help us get out the postal vote. Contact Stephen Barry-Stanners 07892696394 / stephenbarrystanners@gmail.com,https://events.labour.org.uk/event/527967
531449,Doorknocking in Moortown and Meanwood🌹,Canvassing,2026-04-20 17:00:00,2026-04-20 19:00:00,"Corner of Woodside Avenue/ Stonegate Lane, Meanwood, Leeds LS7 2TJ, UK",LS72TJ,Leeds North East,E14001321,False,False,False,True,0,0,0,2,"Corner of Woodside Avenue/ Stonegate Lane, Meanwood, Leeds LS7 2TJ",False,,"Join us speaking to crucial postal voters in the campaign to elect Laura Jane Fisher! First-time canvassers are very welcome, and we will pair you with someone experienced to show you the ropes. Please get in touch with labourleedsnortheast@gmail.com if you have any questions, and let us know you're joining by RSVPing.",https://events.labour.org.uk/event/531449
528779,Doorknocking in Slaithwaite,Canvassing,2026-04-20 17:30:00,2026-04-20 19:00:00,"Lingards Rd, Slaithwaite, Huddersfield HD7 5HY, UK",HD75HY,Colne Valley,E14001177,False,False,False,True,0,0,0,3,Junction of Lingards Road and Manchester Road,False,,Join us in Slaithwaite speaking to voters ahead of May's local elections,https://events.labour.org.uk/event/528779
530992,Help Beat Reform in Farringdon and Silksworth,Canvassing,2026-04-20 17:30:00,2026-04-20 19:30:00,"Silksworth Youth and Community Centre, Tunstall Village Road, New Silksworth, Sunderland, UK",SR32BB,Houghton and Sunderland South,E14001295,False,False,False,True,0,1,1,2,Car Park of Community Centre,False,,Please join us on the Monday 20th April @ 5.30pm meeting at Silksworth Youth and Community Centre,https://events.labour.org.uk/event/530992
532029,🌹 Canvassing in Blackheath Westcombe,Leafletting,2026-04-20 17:30:00,2026-04-20 18:30:00,"Kidbrooke Park Rd, London SE3 0DZ, UK",SE30DZ,Greenwich and Woolwich,E14001257,False,False,False,True,0,0,0,2,Meet on the corner of Brook Lane and Kibrooke Park Road,False,,"Join local councillors, candidates and Greenwich Labour activists as we leaflet. 

Meet on the corner of Brook Lane and Kibrooke Park Road.",https://events.labour.org.uk/event/532029
532301,Campaigning in Withington- Monday 20th April 5.30pm,Canvassing,2026-04-20 17:30:00,2026-04-20 19:00:00,"Parrs Wood Rd, Manchester M20 4NJ, UK",M204NJ,Manchester Withington,E14001354,False,False,False,True,0,0,0,2,,False,,"The Withington Councillors will be joined by activists to chat to residents, and show that Labour is here to help. If you're an experienced campaigner, or new to door knocking and looking to get involved, please come along to help us listen to people's concerns. If you're new to campaigning, we're happy to support you and can pair you up with an experienced colleague. We hope to see you there! 🌹",https://events.labour.org.uk/event/532301
532305,Swanside Doorknocking,Canvassing,2026-04-20 17:30:00,2026-04-20 19:00:00,"Childwall Ln, Liverpool L14 6TX, UK",L146TX,Liverpool West Derby,E14001341,False,False,False,True,0,0,0,2,Junction of Fairfield Avenue/Childwall Lane,False,,"We'll be out speaking to voters in Swanside ward, picking up any local issues and promoting the positive work our Councillors do. Please feel free to reach out if you have any questions or would like further details on how to get involved. If you have never campaigned before then don't worry, you'll be paired with someone who has experience campaigning and will show you the ropes!",https://events.labour.org.uk/event/532305
519805,City Campaigning - Barton & Winton,Campaigning,2026-04-20 18:00:00,2026-04-20 19:30:00,"15 Montonfields Road, Eccles, Manchester, UK",M308AW,Worsley and Eccles,E14001598,False,False,False,True,0,0,0,2,,False,,Join us to campaign for our incredible candidates!,https://events.labour.org.uk/event/519805
519906,Camden Phonebanking,Phonebanking,2026-04-20 18:00:00,2026-04-20 19:30:00,"Malden Rd, London NW5 4DA, UK",NW54DA,Holborn and St Pancras,E14001290,True,False,False,True,0,1,1,2,Address will be circulated once you have RSVP'd,False,,"Join us for phonebanking in Camden every Tuesday night, talking to voters and members ahead of the elections on 7th May 2026.",https://events.labour.org.uk/event/519906
527004,Canvassing in Peckham ward 🌹 Labour Group session,Canvassing,2026-04-20 18:00:00,2026-04-20 20:00:00,"Peckham Library, Peckham Hill Street, London, UK",SE155JR,Peckham,E14001421,False,False,False,True,0,0,0,2,Peckham Library,False,,"⭐ Join Southwark Labour out on the doors in Peckham ward speaking to residents about the issues that matter to them. If you've never canvassed before you'll be given a full briefing ahead of the session, and you can pair up with an experienced member of the team while you learn the ropes!",https://events.labour.org.uk/event/527004
527019,Canvassing in Rotherhithe ward 🌹 Labour Group session,Canvassing,2026-04-20 18:00:00,2026-04-20 20:00:00,"Canada Water station, London, UK",SE162XU,Bermondsey and Old Southwark,E14001085,False,False,False,True,0,0,0,2,Canada Water Station,False,,"⭐ Join Southwark Labour out on the doors in Rotherhithe ward speaking to residents about the issues that matter to them. If you've never canvassed before you'll be given a full briefing ahead of the session, and you can pair up with an experienced member of the team while you learn the ropes!",https://events.labour.org.uk/event/527019
528903,Canvassing in Gipping,Canvassing,2026-04-20 18:00:00,2026-04-20 20:00:00,"190 Hawthorn Drive, Chantry, Ipswich, UK",IP20QQ,Ipswich,E14001302,False,False,False,True,0,0,0,3,Meet outside shops,False,,Join us on the doorstep in Gipping,https://events.labour.org.uk/event/528903
531376,GOTPV Local Election Campaign - Hyde Godley,Canvassing,2026-04-20 18:00:00,2026-04-20 19:00:00,"Hyde Town Hall Business Centre, Corporation Street, Hyde, UK",SK141AB,Stalybridge and Hyde,E14001515,False,False,False,True,0,2,2,2,Please RSVP for the meeting point.,False,,"Come and be part of our local election campaign, speaking with residents about the issues that matter most to them. As we head towards the local elections in May, every conversation really does make a difference. The more people we have out talking to voters, the stronger our campaign will be. Never canvassed before? No problem at all. You will be paired with an experienced campaigner who will guide you and help you feel confident from the start. Just RSVP to receive the exact meeting point. Bring your energy, your voice, and your enthusiasm. We would love to see you there!",https://events.labour.org.uk/event/531376
531968,GET OUT THE POSTAL VOTE IN UXBRIDGE,Canvassing,2026-04-20 18:00:00,2026-04-20 20:00:00,"Braybourne Cl & High Street, Uxbridge, UK",UB81JR,Uxbridge and South Ruislip,E14001558,False,False,False,True,0,6,6,3,"Braybourne Cl & High St, UB8 1JR",False,,"Join us for a doorstep surgery in Uxbridge! Help us identify local issues that matter most to residents and how Hillingdon Labour and our Labour candidates can help improve the area. If it's your first time, don't worry, we will pair you up with someone more experience who can show you the ropes!",https://events.labour.org.uk/event/531968
532434,Canvassing in West Heath,Canvassing,2026-04-20 18:00:00,2026-04-20 19:00:00,"67 Pickford Lane, Bexleyheath, UK",DA74RN,Bexleyheath and Crayford,E14001089,False,False,False,True,0,0,0,1,,False,,"Join us canvassing as we work to get Ahmad, Ray and Katty for West Heath. Volunteer for Labour, Stop Reform. Please use the pin as the start location (67 Pickford Lane, DA7 4RN). 📞 Contact on the day is Tommy Hill (Bexley Campaign Assistant) - 07565 889130",https://events.labour.org.uk/event/532434
532446,Canvassing in Erith,Canvassing,2026-04-20 18:00:00,2026-04-20 20:00:00,"Riverdale Rd, Erith DA8 1PX, UK",DA81PX,Erith and Thamesmead,E14001229,False,False,False,True,0,0,0,2,,False,,"Join us canvassing as we work to get Chris and Nicola elected as Councillors for Erith. Volunteer for Labour, Stop Reform. Please use the pin as the start location (Junction of Riverdale Road and Fraser Road). 📞 Contact on the day is Tommy Hill (Bexley Campaign Assistant) - 07565 889130",https://events.labour.org.uk/event/532446
526706,South Norwood Canvass Session,Canvassing,2026-04-20 18:30:00,2026-04-20 20:00:00,"Warminster Gardens, London, UK",SE254DN,Croydon West,E14001188,False,False,False,True,100,0,0,2,Warminster Square,False,,"Join us Monday 20 April for our Canvassing Session introducing our Mayoral Candidate Rowenna Davis to residents in South Norwood. 
New activists are welcome, you will be paired with an experienced colleague to learn the ropes. Please contact Melanie for any questions on 07473746084",https://events.labour.org.uk/event/526706
529786,Canvassing in St Giles ward 🌹 Labour Group session,Canvassing,2026-04-20 18:30:00,2026-04-20 20:30:00,"132 Benhill Road, London SE5 7LZ, UK",SE57LZ,Peckham,E14001421,False,False,False,True,0,0,0,2,"132 Benhill Road, SE5 7LZ",False,,"⭐ Join Southwark Labour out on the doors in St Giles ward speaking to residents about the issues that matter to them. If you've never canvassed before you'll be given a full briefing ahead of the session, and you can pair up with an experienced member of the team while you learn the ropes!",https://events.labour.org.uk/event/529786
531287,Get Out The Postal Vote - Brockley,Canvassing,2026-04-20 18:30:00,2026-04-20 20:00:00,"Lewisham College, Lewisham Way, London, UK",SE41UT,Lewisham North,E14001332,False,False,False,True,0,1,1,2,Lewisham College,False,,"Join us for a door-knocking session in Brockley ahead of the important local elections! We'll be speaking to voters across the ward about their concerns and tell them all about the great work Lewisham Labour has been doing. Whether you are a first-timer or a seasoned canvasser, support and camaraderie will be provided!",https://events.labour.org.uk/event/531287
531855,🌹Little Venice Canvassing🌹,Canvassing,2026-04-20 18:30:00,2026-04-20 20:00:00,"Warwick Avenue Station, London, UK",W92PT,Queen's Park and Maida Vale,E14001435,False,False,False,True,0,0,0,2,,False,,"Come and join our team as we speak to voters ahead of the May 2026 local elections. We will be out on the doorstep speaking to residents about the issues that matter most to them. If it is your first time canvassing, do not worry. We will pair you up with an experienced campaigner.",https://events.labour.org.uk/event/531855
532201,"Canvassing in St Mary's Ward, Battersea 20th April",Canvassing,2026-04-20 18:30:00,2026-04-20 20:00:00,"The Falconbrook, Falcon Road, London, UK",SW112PL,Battersea,E14001081,False,False,False,True,0,0,0,2,The Falconbrook Falcon Road SW11 2PL,False,,"Join us canvassing to keep Wandsworth Labour. Anyone new to canvassing will be paired with an experienced volunteer.

Session Lead: Simon Grayson 07917 751701",https://events.labour.org.uk/event/532201
532386,Canvassing in Barnsbury ward,Canvassing,2026-04-20 18:30:00,2026-04-20 20:00:00,"65 Barnsbury Street, London, UK",N11EJ,Islington South and Finsbury,E14001306,False,False,False,True,0,0,0,2,65 Barnsbury Street,False,,"Join our Barnsbury team out on the doors speaking to residents about the issues that matter to them. If you've never canvassed before you'll be given a full briefing ahead of the session, and you can pair up with an experienced member of the team while you learn the ropes!",https://events.labour.org.uk/event/532386
520280,Water Pollution in our local rivers and Christchurch bay,Members' Meeting,2026-04-21 07:30:00,2026-04-21 09:00:00,"St Joseph's Church, Purewell, Christchurch, UK",BH231AX,Christchurch,E14001171,False,False,False,True,50,0,0,2,,False,,An opportunity for members and friends to learn about the pollution to our local rivers and Christchurch Bay and to discuss what needs to be done. A discussion to  follow on the Labour Party policy and actions since being in Government.,https://events.labour.org.uk/event/520280
527007,Peckham Rye Postal GOTV,Polling Day Campaign Centre,2026-04-21 10:00:00,2026-04-21 20:00:00,"Harris Girls' Academy East Dulwich, Homestall Road, London, UK",SE220NR,Lewisham West and East Dulwich,E14001333,False,False,False,True,100,0,0,2,"There is no Campaign Centre for Peckham Rye, so please contact Fiona at 07768 078262 for details.",False,,"Join Southwark Labour on the doors in Peckham Rye getting out the postal vote. There is no Campaign Centre for Peckham Rye, so please contact Fiona at 07768 078262 for details.",https://events.labour.org.uk/event/527007
527051,South Bermondsey Postal GOTV,Polling Day Campaign Centre,2026-04-21 10:00:00,2026-04-21 20:00:00,"The Blue Market Bermondsey, Market Place, London, UK",SE163TS,Bermondsey and Old Southwark,E14001085,False,False,False,True,100,0,0,2,"The Blue Marketplace, Southwark Park Road SE16 3TS",False,,Help Southwark Labour get out the postal vote in South Bermondsey!,https://events.labour.org.uk/event/527051
528232,St Giles Postal GOTV,Polling Day Campaign Centre,2026-04-21 10:00:00,2026-04-21 20:00:00,"132 Benhill Road, London, UK",SE57LZ,Peckham,E14001421,False,False,False,True,100,0,0,2,132 Benhill Road,False,,Help Southwark Labour get out the postal vote in St Giles!,https://events.labour.org.uk/event/528232
528629,Rye Lane Postal GOTV,Polling Day Campaign Centre,2026-04-21 10:00:00,2026-04-21 20:00:00,"189 Bellenden Road, London, UK",SE154DG,Peckham,E14001421,False,False,False,True,100,0,0,2,189 Bellenden Road,False,,Help Southwark Labour get out the postal vote in Rye Lane!,https://events.labour.org.uk/event/528629
522809,Canvassing in Alyn and Deeside,Canvassing,2026-04-21 10:30:00,2026-04-21 12:30:00,"Newton Drive & Drury Lane, Drury, Buckley, UK",CH73EB,Alyn and Deeside,W07000082,False,False,False,True,0,0,0,2,"Newton Drive & Drury Lane, Drury, Buckley, UK",False,,"Join us canvassing in Fflint-Wrecsam! If you've never canvassed before, or haven't for a while, don't worry - you'll be paired with an experienced canvasser who will guide you and show you the ropes. Simply RSVP so we know to expect you, and see you there!",https://events.labour.org.uk/event/522809
531243,Ceredigion Penfro Senedd Election - Campaigning in Pennar,Canvassing,2026-04-21 10:30:00,2026-04-21 12:30:00,"Tesco Superstore, London Road, Pembroke Dock, UK",SA726BP,Mid and South Pembrokeshire,W07000100,False,False,False,True,0,1,1,3,tesco car park,False,,"Please join us for a short canvassing session in Pembroke Dock, Remember to wear comfortable shoes and dress for the weather.",https://events.labour.org.uk/event/531243
531366,GET OUT THE POSTAL VOTE in Bramley and Stanningley 🌹,Campaigning,2026-04-21 10:30:00,2026-04-21 12:00:00,"Highfield Road & Aston Road, Leeds, UK",LS132BH,Leeds West and Pudsey,E14001325,False,False,False,True,0,0,0,2,,False,,Join us campaigning in Bramley and Stanningley to re-elect Cllr Kevin Ritchie! First time canvassers are very welcome and we will pair you with someone experienced to show you the ropes. Please get in touch with Ryan on ryan_marsden@labour.org.uk if you have any questions and let us know you're joining by RSVPing below!,https://events.labour.org.uk/event/531366
531818,Get out the Postal Vote in Central,Canvassing,2026-04-21 10:30:00,2026-04-21 12:00:00,"39 Buckingham Road, Worthing, UK",BN111TH,Worthing West,E14001599,False,False,False,True,0,1,1,3,Shelley Rd/Buckingham Rd,False,,"let's get out the postal votes that will be arriving the same day.

Also help us by taking some Leaflets at the start of the session",https://events.labour.org.uk/event/531818
532043,Canvassing in Sarn,Canvassing,2026-04-21 10:30:00,2026-04-21 12:30:00,"Merfield Close, Sarn, Bridgend, UK",CF329SW,Bridgend,W07000086,False,False,False,True,0,1,1,1,outside Sarn Community Centre,False,,"The Senedd election is just around the corner and this is our moment. Come and support our short campaign and help us reach voters while it matters most. New or experienced, everyone's welcome. We'll support you every step of the way. Every conversation counts. Get involved, make an impact, and be part of something positive.",https://events.labour.org.uk/event/532043
532535,"Campaigning with Jenny Laing, Aberdeen Central",Campaigning,2026-04-21 10:30:00,2026-04-21 17:30:00,"Inn At The Park Hotel, Deemount Terrace, Aberdeen, UK",AB117RX,Aberdeen South,S14000061,False,False,False,True,0,0,0,1,Inn at the Park Hotel,False,,"Sessions start at 10.30, 2pm and 4pm, campaigning in each ward at differing times.
 
We will meet at Inn at the Park on each of these days, however if you cannot get to the meeting point please just call me on 07968959838.",https://events.labour.org.uk/event/532535
529204,Cwmaman,Canvassing,2026-04-21 11:00:00,2026-04-21 13:00:00,"Glynhafod St, Cwmaman, Aberdare, UK",CF446LD,Merthyr Tydfil and Aberdare,W07000099,False,False,False,True,0,3,3,2,,False,,Canvassing Pontypridd Cynon Merthyr,https://events.labour.org.uk/event/529204
531860,Cumnock Campaigning,Canvassing,2026-04-21 11:00:00,2026-04-21 13:00:00,"Warrick Drive, Cumnock, UK",KA181JN,"Ayr, Carrick and Cumnock",S14000107,False,False,False,True,0,0,0,1,Warwick Drive,False,,Door knocking and leafleting with Carol Mochan,https://events.labour.org.uk/event/531860
529737,Canvassing in Tattenhoe,Canvassing,2026-04-21 12:00:00,2026-04-21 13:30:00,"1 Oxwich Grove, Tattenhoe, Milton Keynes, UK",MK43AF,Buckingham and Bletchley,E14001141,False,False,False,True,0,0,0,3,,False,,"Join the Tattenhoe team to speak to local residents on the doorstep about what matters to them, and how Labour is working nationally and locally to help people in Milton Keynes. Don't worry if you've never campaigned before, you'll be paired up with someone until you get the hang of it.",https://events.labour.org.uk/event/529737
530923,GOPTV LAUNCH WITH SPECIAL GUEST: Tuesday 21/04/2026,Campaigning,2026-04-21 12:30:00,2026-04-21 14:00:00,"43 Blackhorse Lane, Croydon, UK",CR06RT,Croydon East,E14001186,False,False,False,True,0,3,3,1,"43 Blackhorse Lane, Croydon, CR0 6RT",False,,"Join Rowenna Davis and a very special guest as we launch our ""Get Out The Postal Vote"" campaign.

TIME: 12:30pm

LOCATION: 43 Blackhorse Lane (Natasha Irons' office), Croydon, CR0 6RT.

NEAREST TRANSPORT: Elmers End or Beckenham Jcn Trams at Blackhorse Lane stop. Bus route 197 (""Blackhorse Lane"" stop, 3 min walk)",https://events.labour.org.uk/event/530923
530425,Canvassing in Sale Central,Canvassing,2026-04-21 13:00:00,2026-04-21 14:00:00,"Clarendon Cres, Sale M33 2DE, UK",M332DE,Wythenshawe and Sale East,E14001602,False,False,False,True,0,2,2,2,,False,,"Please join us for a canvassing session, meeting at the Corner of Clarendon Cresent and Dane Road",https://events.labour.org.uk/event/530425
532178,Canvassing in Northumberland Heath,Canvassing,2026-04-21 13:00:00,2026-04-21 14:00:00,"Lawrence Rd, Erith DA8 1YG, UK",DA81YG,Bexleyheath and Crayford,E14001089,False,False,False,True,0,0,0,1,,False,,"Join us canvassing as we work to get Baljeet and Temilola elected as Councillors for Northumberland Heath.

Volunteer for Labour, Stop Reform. 

Please use the pin as the start location (Junction of Sussex Road and Lawrence Road).

📞 Contact on the day is Tommy Hill (Bexley Campaign Assistant) - 07565 889130",https://events.labour.org.uk/event/532178
532394,Campaigning in Moss Side - Tuesday 21st April 1pm,Canvassing,2026-04-21 13:00:00,2026-04-21 14:30:00,"Carnforth St, Manchester M14 7PD, UK",M147PD,Manchester Rusholme,E14001353,False,False,False,True,0,1,1,2,,False,,"The Moss Side Councillors will be joined by activists to chat to residents, and show that Labour is here to help. If you're an experienced campaigner, or new to door knocking and looking to get involved, please come along to help us listen to people's concerns. If you're new to campaigning, we're happy to support you and can pair you up with an experienced colleague. We hope to see you there! 🌹",https://events.labour.org.uk/event/532394
532506,Failsworth West GOTPV Knocking,Canvassing,2026-04-21 13:45:00,2026-04-21 15:15:00,"Kershaw Road, Failsworth, Manchester, UK",M359NZ,Manchester Central,E14001352,False,False,False,True,0,0,0,2,,False,,Please meet inside Spinners Hall on Kershaw Lane,https://events.labour.org.uk/event/532506
520093,🌹Canvassing in Newton 🌹,Canvassing,2026-04-21 14:00:00,2026-04-21 15:30:00,"Old Walsall Rd, Birmingham B42 1HU, UK",B421HU,Birmingham Perry Barr,E14001098,False,False,False,True,0,0,0,1,the junction of Old Walsall Road and Spouthouse Lane,False,,Join us in Newton ward to help our amazing candidates to help spread Labour's message of renewal to residents! Never canvassed before? Don't worry! Training will be delivered on the day! 🌹,https://events.labour.org.uk/event/520093
522811,Canvassing in Alyn and Deeside,Canvassing,2026-04-21 14:00:00,2026-04-21 16:00:00,"Spon Green & Avondale Road, Buckley, UK",CH73BL,Alyn and Deeside,W07000082,False,False,False,True,0,1,1,2,"Spon Green & Avondale Road, Buckley, UK",False,,"Join us canvassing in Fflint-Wrecsam! If you've never canvassed before, or haven't for a while, don't worry - you'll be paired with an experienced canvasser who will guide you and show you the ropes. Simply RSVP so we know to expect you, and see you there!",https://events.labour.org.uk/event/522811
531377,GOTPV Local Election Campaign - Mossley,Canvassing,2026-04-21 14:00:00,2026-04-21 15:00:00,"Hyde Town Hall Business Centre, Corporation Street, Hyde, UK",SK141AB,Stalybridge and Hyde,E14001515,False,False,False,True,0,0,0,2,Please RSVP for the meeting point.,False,,"Come and be part of our local election campaign, speaking with residents about the issues that matter most to them. As we head towards the local elections in May, every conversation really does make a difference. The more people we have out talking to voters, the stronger our campaign will be. Never canvassed before? No problem at all. You will be paired with an experienced campaigner who will guide you and help you feel confident from the start. Just RSVP to receive the exact meeting point. Bring your energy, your voice, and your enthusiasm. We would love to see you there!",https://events.labour.org.uk/event/531377
531680,Swan Squad - Uplands,Canvassing,2026-04-21 14:00:00,2026-04-21 15:30:00,"3 Westbury St, Swansea SA1 4JN, UK",SA14JN,Swansea West,W07000108,False,False,False,True,0,1,1,2,,False,,Join us for a Swan Squad canvass in Uplands ahead of the Senedd elections. All welcome regardless of experience!,https://events.labour.org.uk/event/531680
532104,Re-elect Minesh: Canvassing in Crookes,Canvassing,2026-04-21 14:00:00,2026-04-21 15:30:00,"The Closed Shop, Commonside, Sheffield, UK",S101GG,Sheffield Hallam,E14001468,False,False,False,True,0,0,0,1,Meeting opposite the Hallamshire House pub in Crookesmoor,False,,"Join our lovely Crookes and Crosspool team for this canvassing as we seek to re-elect Minesh. We will be meeting on Tuesday 21st at 14:00pm opposite the Hallamshire House pub in Crookesmoor.

If you are new to canvassing, it would be great to have you join us. No experience is needed, and you will be paired up with someone until you feel confident.",https://events.labour.org.uk/event/532104
528450,Canvassing - RUMNEY,Canvassing,2026-04-21 14:30:00,2026-04-21 16:30:00,"Caeglas Road / Wentloog Road, Rumney, Cardiff, UK",CF33JW,Cardiff East,W07000089,False,False,False,True,0,0,0,2,,False,,Join our Senedd candidates as we carry on campaigning ahead of the Senedd election day in May,https://events.labour.org.uk/event/528450
531441,Doorknocking in Roundhay🌹,Canvassing,2026-04-21 15:00:00,2026-04-21 17:00:00,"Corner of Montagu Place/ Montagu Avenue, Roundhay, Leeds LS8 2RL, UK",LS82RL,Leeds North East,E14001321,False,False,False,True,0,0,0,2,"Corner of Montagu Place/ Montagu Avenue, Roundhay, Leeds LS8 2RL",False,,"Join us speaking to crucial postal voters in the campaign to elect Kathleen Johnstone! First-time canvassers are very welcome, and we will pair you with someone experienced to show you the ropes. Please get in touch with labourleedsnortheast@gmail.com if you have any questions, and let us know you're joining by RSVPing.",https://events.labour.org.uk/event/531441
531835,Campaigning for Jayne in Southey,Campaigning,2026-04-21 15:30:00,2026-04-21 16:30:00,"Creswick Greave, Grenoside, Sheffield S35 8NJ, UK",S358NJ,Sheffield Brightside and Hillsborough,E14001466,False,False,False,True,0,0,0,2,"Corner of Creswick Lane and Creswick Greave, S35 8NJ",False,,"Join our friendly team listening to voters in Southey ward. Meet at the corner of Creswick Lane and Creswick Greave, S35 8NJ at 3:30pm on Tuesday 21st April.",https://events.labour.org.uk/event/531835
532303,Campaigning in Fallowfield with the Leader and Exec- Tuesday 21st April 3.30pm,Canvassing,2026-04-21 15:30:00,2026-04-21 17:00:00,"The Place at Platt Lane, Platt Lane, Fallowfield, Manchester, UK",M147FB,Manchester Rusholme,E14001353,False,False,False,True,0,1,1,2,,False,,"The Fallowfield Councillors will be joined by the Leader and the Executive to chat to residents, and show that Labour is here to help. If you're an experienced campaigner, or new to door knocking and looking to get involved, please come along to help us listen to people's concerns. If you're new to campaigning, we're happy to support you and can pair you up with an experienced colleague. We hope to see you there! 🌹",https://events.labour.org.uk/event/532303
523016,Southbourne and Tuckton Canvassing,Canvassing,2026-04-21 16:00:00,2026-04-21 17:30:00,"Twynham Road & Foxholes Road, Southbourne, Bournemouth, UK",BH63BX,Bournemouth East,E14001115,False,False,False,True,0,0,0,3,,False,,"Help Tom Hayes MP and our local Labour councillors meet with and hear residents' concerns so we can build a better Bournemouth together.

This is vital campaigning - every conversation, all year round, enables us to understand what matters to local people, drive change for them, and lay the foundation for success at future elections.

If you're new to campaigning, not to worry! We'll pair you up with an experienced campaigner to help you learn the ropes at your own pace.

If you need help, please call Chris on 07450 958795.",https://events.labour.org.uk/event/523016
532529,Canvassing in Mildmay ward,Canvassing,2026-04-21 16:00:00,2026-04-21 18:00:00,"60 Newington Green, London, UK",N169PX,Islington North,E14001305,False,False,False,True,0,0,0,2,60 Newington Green,False,,"Join our Mildmay team out on the doors speaking to residents about the issues that matter to them. If you've never canvassed before you'll be given a full briefing ahead of the session, and you can pair up with an experienced member of the team while you learn the ropes!",https://events.labour.org.uk/event/532529
531246,Ceredigion Penfro Senedd Election - Campaigning in Newport,Canvassing,2026-04-21 16:30:00,2026-04-21 18:30:00,"Long St, Newport SA42 0TJ, UK",SA420TJ,Ceredigion Preseli,W07000093,False,False,False,True,0,0,0,3,Long St car park,False,,Please join us for a short canvassing session in Newport. Remember to wear comfortable shoes and dress for the weather.,https://events.labour.org.uk/event/531246
532007,Campaigning in Newington and Gipsyville,Canvassing,2026-04-21 16:30:00,2026-04-21 18:00:00,"Curzon St, Hull HU3 6PH, UK",HU36PH,Kingston upon Hull West and Haltemprice,E14001315,False,False,False,True,0,0,0,3,"Corner of De La Pole Ave/Curzon St, Hull HU3 6PH",False,,"Join us as we campaign to get local candidate, Simon Kelsey, elected in Newington and Gipsyville. If it's your first time then don't worry, there will be lots of people to help you!",https://events.labour.org.uk/event/532007
528845,Delivering and canvassing meet Whitchurch Hub 5pm Tuesday 21 April - PVs have landed,Canvassing,2026-04-21 17:00:00,2026-04-21 18:30:00,"Whitchurch Hub, Park Road, Cardiff, UK",CF147XA,Cardiff North,W07000090,False,False,False,True,0,0,0,2,the library gates,False,,"Join us delivering and canvassing in Whitchurch as postal votes have landed
With our 8 Senedd candidates headed by Shav Taj of Wales TUC, Cllr Jackie Jones (MEP 2019-20) Cllrs Dan De`Ath and Sarah Merry we have a great story to tell - Keep the gains made by Welsh Labour in power - free prescriptions, free school meals, keeping EMA, the Social Partnership and Public Procurement Act - our Red Welsh Way. Now reinforced by the New Deal for Working People.",https://events.labour.org.uk/event/528845
531245,Ceredigion Penfro Senedd Election - Campaigning in Pembroke Dock,Canvassing,2026-04-21 17:00:00,2026-04-21 19:00:00,"Tesco Superstore, London Road, Pembroke Dock, UK",SA726BP,Mid and South Pembrokeshire,W07000100,False,False,False,True,0,3,3,3,Tesco car park,False,,Please join us for a short canvassing session in Pembroke Dock. Remember to wear comfortable shoes and dress for the weather.,https://events.labour.org.uk/event/531245
532322,Re-elect Nabeela in Park and Arbourthorne,Canvassing,2026-04-21 17:00:00,2026-04-21 19:30:00,"137 Northern Avenue, Sheffield S2 2EJ, UK",S22EJ,Sheffield Heeley,E14001469,False,False,False,True,0,0,0,2,At the Co-op food shop,False,,"Come canvassing with local councillors Nabeela, Mia, and Ben, and show your support for our fantastic MP Louise Haigh.

We'll be speaking with voters, listening to their concerns, and taking action to make a real difference in our community.

New to canvassing? No problem at all - full training will be provided, and we'll pair you with an experienced canvasser to guide you through.",https://events.labour.org.uk/event/532322
522813,Canvassing in Alyn and Deeside,Canvassing,2026-04-21 17:30:00,2026-04-21 19:30:00,"Rhuddlan Road & Liverpool Road, Buckley, UK",CH73LH,Alyn and Deeside,W07000082,False,False,False,True,0,0,0,2,"Rhuddlan Road & Liverpool Road, Buckley, UK",False,,"Join us canvassing in Fflint-Wrecsam! If you've never canvassed before, or haven't for a while, don't worry - you'll be paired with an experienced canvasser who will guide you and show you the ropes. Simply RSVP so we know to expect you, and see you there!",https://events.labour.org.uk/event/522813
525858,Campaigning in Vauxhall,Canvassing,2026-04-21 17:30:00,2026-04-21 19:00:00,"Vauxhall Underground Station, London, UK",SW82LN,Vauxhall and Camberwell Green,E14001559,False,False,False,True,0,1,1,2,,False,,"Join us as we speak to residents in Vauxhall ahead of the May 2026 local elections! There will be plenty of experienced campaigners and councillors, so if you've never campaigned before this will be the perfect starting point.",https://events.labour.org.uk/event/525858
528290,SPEAKING TO POSTAL VOTERS IN KIPPAX,Canvassing,2026-04-21 17:30:00,2026-04-21 19:00:00,"Bula Close & Sandgate Drive, Kippax, Leeds, UK",LS257QW,Selby,E14001464,False,False,False,True,0,0,0,3,"Junction of Bula Close and Sandgate Drive, Kippax",False,,"Join us speaking to crucial postal voters in the campaign to re-elect Mary Harland!

First time canvassers are very welcome and we will pair you with someone experienced to show you the ropes. 

Please get in touch with Ryan on ryan_marsden@labour.org.uk if you have any questions and let us know you're joining by RSVPing.",https://events.labour.org.uk/event/528290
531498,Senedd 2026 - Canvassing in Prestatyn,Canvassing,2026-04-21 17:30:00,2026-04-21 19:00:00,"Fforddisa, Prestatyn LL19 8DS, UK",LL198DS,Clwyd East,W07000094,False,False,False,True,0,3,3,3,The corner of Gordon Avenue and Fforddisa,False,,Hello members and supporters! The Senedd campaign is underway. We are weeks out from polling day and we need your help to get as many of our candidates elected. See you on the doors!,https://events.labour.org.uk/event/531498
531781,Doorknocking in Slaithwaite,Canvassing,2026-04-21 17:30:00,2026-04-21 19:00:00,"144 Royd Street, Slaithwaite, Huddersfield, UK",HD75DX,Colne Valley,E14001177,False,False,False,True,0,0,0,3,Junction of Hawthorn Road and Royd Street,False,,Join us in Slaithwaite speaking to voters ahead of May's local elections,https://events.labour.org.uk/event/531781
531825,Elect Charlotte Hill in Farnley and Wortley LWR,Canvassing,2026-04-21 17:30:00,2026-04-21 19:00:00,"Lower Wortley Rd, Wortley, Leeds LS12 4PH, UK",LS124PH,Leeds South West and Morley,E14001324,False,False,False,True,0,0,0,3,Hanover Arms,False,,"Join our candidate Charlotte Hill in Farnley and Wortley to take the seat back from the Greens and stop reform.

This session will be for canvassing.",https://events.labour.org.uk/event/531825
532953,Campaigning with Katherine Sangster,Campaigning,2026-04-21 17:30:00,2026-04-21 19:00:00,"Linkfield Road, Musselburgh, UK",EH217LG,Lothian East,S14000096,False,False,False,True,0,0,0,3,"Corner of Linkfield Road, Musselburgh, UK",False,,"Join our candidate for Holyrood, Katherine Sangster, speaking to voters in Edinburgh East, Musselburgh, and Tranent. If you've never door-knocked before, experienced campaigners will be on hand to teach you! Looking forward to seeing you there!",https://events.labour.org.uk/event/532953
530616,Canvassing in Boultham,Canvassing,2026-04-21 17:45:00,2026-04-21 19:30:00,"Boultham Library, Boultham Park Road, Lincoln, UK",LN67ST,Lincoln,E14001336,False,False,False,True,0,2,2,3,Outside Boultham library,False,,Join the team canvassing in Boultham,https://events.labour.org.uk/event/530616
524475,"Highwoods Canvassing - Tuesday 21st April, 6pm",Canvassing,2026-04-21 18:00:00,2026-04-21 19:00:00,"Gavin Way, Highwoods, Colchester, UK",CO49EY,Colchester,E14001176,False,False,False,True,20,0,0,3,Meet at 71 Gavin Way,False,,Come and meet the voters of Highwoods with Councillor Jocelyn Law and team. Check the forecast and dress appropriately.,https://events.labour.org.uk/event/524475
527003,Canvassing in Old Kent Road ward,Canvassing,2026-04-21 18:00:00,2026-04-21 20:00:00,"Roma Cafe, Peckham Park Road, London, UK",SE156TR,Peckham,E14001421,False,False,False,True,100,0,0,2,Roma Cafe,False,,"⭐ Join Southwark Labour out on the doors in Old Kent Road ward speaking to residents about the issues that matter to them. If you've never canvassed before you'll be given a full briefing ahead of the session, and you can pair up with an experienced member of the team while you learn the ropes!",https://events.labour.org.uk/event/527003
530900,GOTPV - 21 April - Brooklands,Campaigning,2026-04-21 18:00:00,2026-04-21 19:00:00,"The Sale, Marsland Road, Sale, UK",M333NW,Wythenshawe and Sale East,E14001602,False,False,False,True,0,1,1,2,"The Sale Pub, Meet in the carpark",False,,Please join us to get out the postal vote in Brooklands.,https://events.labour.org.uk/event/530900
531305,Door-knocking in Nether Edge and Sharrow 21 April 6pm,Canvassing,2026-04-21 18:00:00,2026-04-21 19:30:00,"Tesco Express, Sharrow Lane, Nether Edge, Sheffield, UK",S118AN,Sheffield Central,E14001467,False,False,False,True,0,0,0,2,Outside Tesco on corner of Sharrow Lane and South View Road,False,,"Please help our team in Nether Edge and Sharrow team for door-knocking as we work to re-elect Nighat. 

We would love you to come even if you are not used to door-knocking - we can pair you up with someone to help you get the hang of it. Your help would be very welcome!",https://events.labour.org.uk/event/531305
531401,GOTPV Local Election Campaign - Ashton St Michaels,Canvassing,2026-04-21 18:00:00,2026-04-21 19:00:00,"Tameside One، Ashton-under-Lyne, UK",OL66XL,Ashton-under-Lyne,E14001070,False,False,False,True,0,0,0,2,Please RSVP for the meeting point,False,,"Come and be part of our local election campaign, speaking with residents about the issues that matter most to them. As we head towards the local elections in May, every conversation really does make a difference. The more people we have out talking to voters, the stronger our campaign will be. Never canvassed before? No problem at all. You will be paired with an experienced campaigner who will guide you and help you feel confident from the start. Just RSVP to receive the exact meeting point. Bring your energy, your voice, and your enthusiasm. We would love to see you there!",https://events.labour.org.uk/event/531401
531549,Come and Campaign in Manor Park,Canvassing,2026-04-21 18:00:00,2026-04-21 20:00:00,"Manor Park Library, Romford Road, London, UK",E125BS,East Ham,E14001213,False,False,False,True,0,1,1,2,,False,,Help our candidates reach our postal voters,https://events.labour.org.uk/event/531549
531558,Come and Campaign in Maryland,Canvassing,2026-04-21 18:00:00,2026-04-21 20:00:00,"Maryland Station, London, UK",E154NL,Stratford and Bow,E14001525,False,False,False,True,0,0,0,2,,False,,Help our candidates reach our postal voters,https://events.labour.org.uk/event/531558
531661,Come and Campaign in Royal Albert,Canvassing,2026-04-21 18:00:00,2026-04-21 20:00:00,"Parker Street & Drew Road, London, UK",E162DJ,West Ham and Beckton,E14001576,False,False,False,True,0,0,0,2,,False,,Help our candidates reach our postal voters,https://events.labour.org.uk/event/531661
531964,CANCELLED 🌹Canvassing on the doorstep in Lower Stoke 🚪,Canvassing,2026-04-21 18:00:00,2026-04-21 19:30:00,"Budgens, Acorn Street, Coventry, UK",CV31DP,Coventry South,E14001182,False,False,False,True,100,0,0,2,outside Budgens shop,False,,"🚪 Join the Lower Stoke team knocking on doors and canvassing. Find out what the issues are for people in Stoke and show what a Labour Council does!

📅 Tuesday 21st April

⏰ 18:00

📍 Meet outside Budgens, 43 Acorn St, Coventry CV3 1DP (what3words //////junior.sharp.voice)

🚍 Nearest bus stops: Acorn Street (3)

🚗 On-road parking is available

RSVP to this event or let us know you are coming on the Coventry Labour Campaigning & Fundraising WhatsApp group (copy and paste this link into a browser: https://chat.whatsapp.com/FzVDfPDzDhsJbAgmmj5Q9M)

🌹 If you are new to canvassing, please reach out. We make sure that you shadow someone before doing it yourself to ensure you feel safe and comfortable.",https://events.labour.org.uk/event/531964
531971,GET OUT THE POSTAL VOTE IN COLHAM AND COWLEY,Canvassing,2026-04-21 18:00:00,2026-04-21 20:00:00,"Copperfield Ave & Pield Heath Rd, Uxbridge, UK",UB83NQ,Uxbridge and South Ruislip,E14001558,False,False,False,True,0,1,1,3,"Copperfield Ave & Pield Heath Rd, UB8 3NQ",False,,"Join us for a doorstep surgery in Colham and Cowley! Help us identify local issues that matter most to residents and how Hillingdon Labour and our Labour candidates can help improve the area. If it's your first time, don't worry, we will pair you up with someone more experience who can show you the ropes!",https://events.labour.org.uk/event/531971
532065,Tuesday evening door knocking with Neil Bibby,Canvassing,2026-04-21 18:00:00,2026-04-21 19:30:00,"Braeview Dr, Glenburn, Paisley PA2 8PW, UK",PA28PW,Paisley and Renfrewshire South,S14000102,False,False,False,True,0,1,1,3,Where Braeview Dr meets Glenburn Rd,False,,"Join Team Bibby and help speak to as many voters as possible ahead of the election on 7 May. Even if you can spare half an hour, any time will help make a difference to the result in Paisley. 

Don't worry if you've never door knocked before, there will be plenty of people to show you the ropes.",https://events.labour.org.uk/event/532065
532221,Canvassing - Upper Dovercourt,Canvassing,2026-04-21 18:00:00,2026-04-21 19:00:00,"Main Rd, Harwich CO12 4ER",CO124ER,Harwich and North Essex,E14001273,False,False,False,True,0,1,1,2,"Kings Road / Main Rd, Harwich CO12 4ER",False,,"Canvassing - Upper Dovercourt
Tel 07714 761693",https://events.labour.org.uk/event/532221
532227,Local Election 2026 - Door Knocking in Brandwood and King's Heath,Canvassing,2026-04-21 18:00:00,2026-04-21 19:30:00,"Addison Rd, King's Heath, Birmingham B14 7EW, UK",B147EW,Birmingham Hall Green and Moseley,E14001094,False,False,False,True,0,0,0,2,Corner of Addison Road and Alcester Road South,False,,On Tuesday 21 April we will be supporting Lisa Trickett and Ben Lockley by speaking to residents in the Addison Road area of Brandwood and Kings Heath Ward as part of the 2026 local elections campaign.,https://events.labour.org.uk/event/532227
532371,Canvassing in Tollington ward 🌹 Labour Group session,Canvassing,2026-04-21 18:00:00,2026-04-21 20:00:00,"Hornsey Road, London, UK",N77QT,Islington North,E14001305,False,False,False,True,0,0,0,2,Tesco on Hornsey Road,False,,"⭐ Join Islington Labour out on the doors in Tollington ward speaking to residents about the issues that matter to them. If you've never canvassed before you'll be given a full briefing ahead of the session, and you can pair up with an experienced member of the team while you learn the ropes!",https://events.labour.org.uk/event/532371
532447,Canvassing in Erith,Canvassing,2026-04-21 18:00:00,2026-04-21 20:00:00,"Riverdale Road, Erith, UK",DA81PY,Erith and Thamesmead,E14001229,False,False,False,True,0,0,0,2,,False,,"Join us canvassing as we work to get Chris and Nicola elected as Councillors for Erith. Volunteer for Labour, Stop Reform. Please use the pin as the start location (Junction of Riverdale Road and Filston Road). 📞 Contact on the day is Tommy Hill (Bexley Campaign Assistant) - 07565 889130",https://events.labour.org.uk/event/532447
533013,"Daresbury,Moore & Sandymoor Campaign",Leafletting,2026-04-21 18:00:00,2026-04-21 19:00:00,"Co-op Food - Sandymoor - Pitts Heath Lane, Otterburn Street, Runcorn, UK",WA71YN,Runcorn and Helsby,E14001455,False,False,False,True,0,0,0,2,,False,,Leafleting for Jo Jones & Geoff Logan,https://events.labour.org.uk/event/533013
532306,Canvassing in Greenwich Park🌹,Canvassing,2026-04-21 18:15:00,2026-04-21 19:15:00,"Greenwich High Rd, London SE10 8JA, UK",SE108JA,Greenwich and Woolwich,E14001257,False,False,False,True,0,0,0,2,Bus stop at Greenwich Station,False,,"Join local councillors, candidates and Greenwich Labour activists as we speak to residents in Greenwich Park. No experience required!",https://events.labour.org.uk/event/532306
528130,Campaigning in St Ann's,Canvassing,2026-04-21 18:30:00,2026-04-21 19:30:00,"Chestnuts Community Centre, Saint Ann's Road, London N15 5BN, UK",N155BN,Tottenham,E14001553,False,False,False,True,0,0,0,2,"Chestnuts Community Centre, N15 5BN",False,,"Join our St Ann's team out on the doors speaking to residents about the issues that matter to them. If you've never canvassed before you'll be given a full briefing ahead of the session, and you can pair up with an experienced member of the team while you learn the ropes",https://events.labour.org.uk/event/528130
530175,Campaigning in Clapham Town,Canvassing,2026-04-21 18:30:00,2026-04-21 20:00:00,"Clapham North Station, London, UK",SW46LY,Clapham and Brixton Hill,E14001175,False,False,False,True,0,0,0,2,Outside Clapham North tube station,False,,"Join us as we speak to residents in Clapham Town ahead of the May 2026 local elections! There will be plenty of experienced campaigners and councillors, so if you've never campaigned before this will be the perfect starting point.",https://events.labour.org.uk/event/530175
519806,BY Election - ELECTION DAY Campaigning - Barton & Winton,Polling Day Campaign Centre,2026-04-22 07:00:00,2026-04-22 21:30:00,"4 Rockhouse Close, Barton upon Irwell, Eccles, Manchester, UK",M307AJ,Worsley and Eccles,E14001598,False,False,False,True,0,2,2,2,Address is campaign HQ with groups going out across the ward throughout the day.,False,,All day GOTV in Barton and Winton,https://events.labour.org.uk/event/519806
531430,Senedd 2026 - Canvassing in Holywell,Canvassing,2026-04-22 10:00:00,2026-04-22 12:00:00,"Pen-Y-Maes Rd, Pen Y Maes, Holywell CH8 7EG, UK",CH87EG,Clwyd East,W07000094,False,False,False,True,0,2,2,3,The entrance to Glyn Abbott Avenue,False,,Hello members and supporters! The Senedd campaign is underway. We are weeks out from polling day and we need your help to get as many of our candidates elected. See you on the doors!,https://events.labour.org.uk/event/531430
527949,Get out the postal vote in Lemington ward,Canvassing,2026-04-22 10:30:00,2026-04-22 12:00:00,"Burnham Ave, Newcastle upon Tyne, UK",NE158QG,Newcastle upon Tyne Central and West,E14001377,False,False,False,True,0,0,0,2,,False,,Help us get out the postal vote. Contact Stephen Barry-Stanners 07892696394 / stephenbarrystanners@gmail.com,https://events.labour.org.uk/event/527949
531850,Speaking With Voters in Inverclyde (Quarriers Village),Canvassing,2026-04-22 10:30:00,2026-04-22 12:00:00,"Torr Ave, Quarrier's Village, Bridge of Weir PA11 3QZ, UK",PA113QZ,Inverclyde and Renfrewshire West,S14000093,False,False,False,True,0,1,1,3,Torr Avenue & Craigbet Rd,False,,Join our friendly team of door-knockers to speak with voters across Inverclyde. Warm welcome and full training and support provided.,https://events.labour.org.uk/event/531850
532950,"Door Knocking in Throckley- Weds 22nd April 10:30am  Meet outside Throckley Minimarket, Woodlands, NE15 9LE",Canvassing,2026-04-22 10:30:00,2026-04-22 12:30:00,"Woodlands, Throckley, Newcastle upon Tyne NE15 9LE, UK",NE159LE,Hexham,E14001285,False,False,False,True,0,0,0,3,"Meet outside Throckley Minimarket, Woodlands, NE15 9LE",False,,"Join Mark Hardy, Linda Wright and Adam Walker - Labour candidate in Throckley, Walbottle and Newburn ward as they campaign to get elected at the  May 2026 Newcastle City Council elections
No previous experience needed",https://events.labour.org.uk/event/532950
532894,GOTPV Doorknocking in Weetwood!,Canvassing,2026-04-22 11:00:00,2026-04-22 12:00:00,"West Park Cafe, Otley Road, Weetwood, Leeds, UK",LS165LQ,Leeds Central and Headingley,E14001319,False,False,False,True,0,0,0,2,,False,,Join us in Weetwood speaking to key postal voters in our campaign to re-elect Izaak Wilson and keep Leeds Labour!,https://events.labour.org.uk/event/532894
533027,"Get out the Labour Postal Vote (Darfield & Great Houghton, Florence Rise & Venetian Crescent)",Canvassing,2026-04-22 11:00:00,2026-04-22 12:00:00,"2 Florence Rise, Darfield, Barnsley, UK",S739PW,Barnsley South,E14001075,False,False,False,True,0,0,0,2,"Park on Upperwood Road, rather than block the side Street",False,,Canvasing session to get out the Labour Postal Vote in support of Labour council candidates,https://events.labour.org.uk/event/533027
533035,Canvassing in Pontnewydd,Canvassing,2026-04-22 11:00:00,2026-04-22 13:00:00,"Penllyn Avenue, Pontnewydd, Cwmbran, UK",NP441RD,Torfaen,W07000109,False,False,False,True,0,0,0,2,Penllyn Avenue / Park View NP44 1RB,False,,Join us as we speak to voters about local issues and the upcoming Senedd elections,https://events.labour.org.uk/event/533035
531483,"GOTPV: Croydon North, 22/04/2026 @ 1pm-8pm",Campaigning,2026-04-22 13:00:00,2026-04-22 14:30:00,"34 Grecian Crescent, London SE19 3HH, UK",SE193HH,Streatham and Croydon North,E14001527,False,False,False,True,0,0,0,2,"34 Grecian Crescent, London. SE19 3HH",False,,"It's GOTPV week, and we need your help getting postal voters to vote Labour. Join us for as long as you can at any point between 1pm and 8pm on Wednesday, 22nd April. The more support you can give, the better our chances are of getting Rowenna Davis over the line as Mayor of Croydon! Please see details below:

TIME: 1pm-8pm on Wednesday 22nd April

LOCATION: 34 Grecian Crescent, London, SE19 3HH",https://events.labour.org.uk/event/531483
531917,"GOTPV: Croydon East, Wednesday 22nd April from 1pm-8pm",Campaigning,2026-04-22 13:00:00,2026-04-22 20:00:00,"43 Blackhorse Lane, Croydon, UK",CR06RT,Croydon East,E14001186,False,False,False,True,0,1,1,1,"43 Blackhorse Lane, Croydon, CR0 6RT",False,,"It's GOTPV week, and we need your help getting postal voters to vote Labour. Join us for as long as you can at any point between 1pm and 8pm on Wednesday, 22nd April. The more support you can give, the better our chances are of getting Rowenna Davis over the line as Mayor of Croydon! Please see details below: TIME: 1pm-8pm on Tuesday 21st April 

LOCATION: 43 Blackhorse Lane, CR0 6RT NEAREST 

TRANSPORT: Trams at Blackhorse Lane stop, bus 197 at ""Blackhorse Lane"" stop.",https://events.labour.org.uk/event/531917
532288,Campaigning in Eastwood,Canvassing,2026-04-22 13:00:00,2026-04-22 15:00:00,"Kirklands Drive, Newton Mearns, Glasgow, UK",G775FF,East Renfrewshire,S14000021,False,False,False,True,0,0,0,3,,False,,Door knocking,https://events.labour.org.uk/event/532288
533038,Campaigning for Jayne in Southey,Campaigning,2026-04-22 13:00:00,2026-04-22 14:00:00,"Owen Cl, Sheffield S6 1AS, UK",S61AS,Sheffield Brightside and Hillsborough,E14001466,False,False,False,True,0,0,0,2,,False,,"Join our friendly team listening to voters in Southey ward. Meet at the Corner of Cowper Avenue and Owen Close, S6 1AS at 1pm on Wednesday 22nd April.",https://events.labour.org.uk/event/533038
522862,Canvassing in Wrexham,Canvassing,2026-04-22 14:00:00,2026-04-22 16:00:00,"Hillock Lane & Stancliffe Avenue, Marford, Wrexham, UK",LL128LN,Wrexham,W07000111,False,False,False,True,0,1,1,3,"Hillock Lane & Stancliffe Avenue, Marford, Wrexham, UK",False,,"Join us canvassing in Fflint-Wrecsam! If you've never canvassed before, or haven't for a while, don't worry - you'll be paired with an experienced canvasser who will guide you and show you the ropes. Simply RSVP so we know to expect you, and see you there!",https://events.labour.org.uk/event/522862
531502,Senedd 2026 - Canvassing in Fynnongroyw,Canvassing,2026-04-22 14:00:00,2026-04-22 16:00:00,"Ffynnongroyw, Holywell CH8 9UE, UK",CH89UE,Clwyd East,W07000094,False,False,False,True,0,2,2,3,The corner of Mornant Avenue and the Main Road,False,,Hello members and supporters! The Senedd campaign is underway. We are weeks out from polling day and we need your help to get as many of our candidates elected. See you on the doors!,https://events.labour.org.uk/event/531502
531771,Canvassing in Splott | Caerdydd Penarth,Canvassing,2026-04-22 14:00:00,2026-04-22 15:30:00,"Tweedsmuir Rd, Cardiff CF24 2RE",CF242RE,Cardiff South and Penarth,W07000091,False,False,False,True,0,1,1,2,Corner of Tweedsmuir Rd and Clydesmuir Rd,False,,Join us as we speak to residents in Caerdydd Penarth ahead of the Senedd election.,https://events.labour.org.uk/event/531771
533028,Get Out the Labour Postal Vote (Darfield & Great Houghton: Lombard Crescent),Canvassing,2026-04-22 14:00:00,2026-04-22 15:30:00,"2 Lombard Cres, Darfield, Barnsley S73 9PP, UK",S739PP,Barnsley South,E14001075,False,False,False,True,0,0,0,2,,False,,Get out the Postal Vote!,https://events.labour.org.uk/event/533028
532530,Canvassing in Mildmay ward,Canvassing,2026-04-22 15:00:00,2026-04-22 17:00:00,"60 Newington Green, London, UK",N169PX,Islington North,E14001305,False,False,False,True,0,0,0,2,60 Newington Green,False,,"Join our Mildmay team out on the doors speaking to residents about the issues that matter to them. If you've never canvassed before you'll be given a full briefing ahead of the session, and you can pair up with an experienced member of the team while you learn the ropes!",https://events.labour.org.uk/event/532530
533041,Campaigning for Jayne in Southey,Campaigning,2026-04-22 15:00:00,2026-04-22 16:00:00,"Binsted Way, Sheffield S5 8NW, UK",S58NW,Sheffield Brightside and Hillsborough,E14001466,False,False,False,True,0,1,1,2,"Corner of Binsted Way and Binsted Grove, S5 8NW",False,,"Join our friendly team listening to voters in Southey ward. Meet at the Corner of Binsted Way and Binsted Grove, S5 8NW at 3pm on Wednesday 22nd April.",https://events.labour.org.uk/event/533041
525971,Bitterne Park Southampton Short Campaign,Canvassing,2026-04-22 16:00:00,2026-04-22 17:30:00,"Avon Road & Thorold Road, Southampton SO18 4GY, UK",SO184HA,Southampton Itchen,E14001499,False,False,False,True,0,1,1,3,Avon Road and Thorold Road,False,,"We're speaking with people about their concerns and finding out how they intend to vote in the local government election. Please help us get Phil Webb re-elected on 7th May 2026.  If you're new to canvassing, don't worry! You'll partner with someone experienced until you feel confident.  On the day, if you run late, can't find the team, or need to contact someone for any other reason, call Jackie at 07971321994.",https://events.labour.org.uk/event/525971
531872,Mauchline Campaigning,Canvassing,2026-04-22 16:00:00,2026-04-22 18:00:00,"Loch Road, Mauchline, UK",KA56EE,Kilmarnock and Loudoun,S14000110,False,False,False,True,0,0,0,1,Loch Road/Jean Armour Drive,False,,Door knocking and leafleting with Carol Mochan,https://events.labour.org.uk/event/531872
531926,Get Out The Postal Vote for Sarah and Fran in Firth Park,Canvassing,2026-04-22 16:00:00,2026-04-22 17:30:00,"Ribble Way, Sheffield S5 6QA, UK",S56QA,Sheffield Brightside and Hillsborough,E14001466,False,False,False,True,0,0,0,2,"Corner of Ribble Way and Horninglow Road, S5 6QA",False,,"Join our friendly team getting out the postal vote in Firth Park, meeting at the corner of Ribble Way and Horninglow Road, S5 6QA at 4pm on Wednesday 22nd April.",https://events.labour.org.uk/event/531926
533031,"GOTPV in Darfield & Great Houghton (Upper ""Italian"" Estate)",Canvassing,2026-04-22 16:00:00,2026-04-22 17:30:00,"83 Upperwood Rd, Darfield, Barnsley S73 9RP, UK",S739RP,Barnsley South,E14001075,False,False,False,True,0,0,0,2,,False,,GOTPV,https://events.labour.org.uk/event/533031
532952,Door Knocking in Throckley - Weds 22nd April 4.20pm meet Coach Rd /Hallow Drive NE15 9JN,Canvassing,2026-04-22 16:20:00,2026-04-22 18:30:00,"Coach Rd, Throckley, Newcastle upon Tyne NE15 9JN, UK",NE159JN,Hexham,E14001285,False,False,False,True,0,2,2,3,Coach Rd /Hallow Drive,False,,"Join Mark Hardy, Linda Wright and Adam Walker - Labour candidates in Throckley, Walbottle and Newburn ward as they campaign to get elected at the May 7th Newcastle City Council elections
No previous experience needed",https://events.labour.org.uk/event/532952
531588,Get Out The Postal Vote - Forest Hill and Perry Vale WITH SPECIAL GUESTS,Canvassing,2026-04-22 16:30:00,2026-04-22 18:00:00,"Forest Hill Railway Station, Devonshire Road, London, UK",SE233HN,Lewisham West and East Dulwich,E14001333,False,False,False,True,0,0,0,2,"Forest Hill station (main entrance), Devonshire Road",False,,"Join us in Forest Hill and Perry Vale as postal votes begin to drop across Lewisham. We'll introduce postal voters to Amanda De Ryk (our fantastic candidate for Lewisham Mayor), their Forest Hill and Perry Vale candidates and our SPECIAL GUESTS.",https://events.labour.org.uk/event/531588
524720,Campaigning in Old Trafford,Canvassing,2026-04-22 17:00:00,2026-04-22 18:30:00,"Ayres Road, Old Trafford, Stretford, Manchester M16 9QB, UK",M169QB,Stretford and Urmston,E14001528,False,False,False,True,0,0,0,2,corner of Ayres Road and Lindum Avenue,False,,"Come join the Old Trafford team campaigning in our ward. We're a friendly bunch, and if you're new to canvassing, we're happy to support you. We can pair you up with an experienced canvasser. We're keen to find out how voters are feeling about local and national issues. Contact Ben Slater",https://events.labour.org.uk/event/524720
527373,Canvassing in Priory Vale,Canvassing,2026-04-22 17:00:00,2026-04-22 18:30:00,"1 Mayfly Road, Swindon, UK",SN252HN,Swindon North,E14001536,False,False,False,True,0,0,0,3,corner of Mayfly rd and Tadpole ln SN25 2HL,False,,Come and join the team out on the doorstep in Priory Vale.,https://events.labour.org.uk/event/527373
532181,Canvassing in Crayford,Canvassing,2026-04-22 17:00:00,2026-04-22 18:00:00,"Hayward Cl, Dartford DA1 4DA, UK",DA14DA,Bexleyheath and Crayford,E14001089,False,False,False,True,0,1,1,1,,False,,"Join us canvassing as we work to get Colin, Sevda and Nathan elected as Councillors for Crayford.

Volunteer for Labour, Stop Reform. 

Please use the pin as the start location (Junction of Bourne Road and Hayward Close).

📞 Contact on the day is Tommy Hill (Bexley Campaign Assistant) - 07565 889130",https://events.labour.org.uk/event/532181
532448,Campaigning in Peacehaven,Campaigning,2026-04-22 17:00:00,2026-04-22 18:30:00,"Piddinghoe Avenue Car Park, Piddinghoe Ave, Peacehaven BN10 8QX, UK",BN108QX,Brighton Kemptown and Peacehaven,E14001129,False,False,False,True,0,0,0,2,"Piddinghoe Avenue Car Park, Piddinghoe Ave, Peacehaven BN10 8QX, UK",False,,Campaigning in Peacehaven for Cllr Paul Davies,https://events.labour.org.uk/event/532448
519983,🌹Canvassing in Greets Green & Lyng🌹,Canvassing,2026-04-22 17:30:00,2026-04-22 19:00:00,"Hilton Street, West Bromwich, UK",B709TW,West Bromwich,E14001574,False,False,False,True,0,1,1,3,,False,,Join us in Greets Green and Lyng to help our amazing candidates to help spread Labour's message of renewal to residents! Never canvassed before? Don't worry! Training will be delivered on the day! 🌹,https://events.labour.org.uk/event/519983
525299,"Hawthorn Road, Batchley & Brockhill Canvassing",Canvassing,2026-04-22 17:30:00,2026-04-22 19:00:00,"Hawthorn Road, Redditch, UK",B976NG,Redditch,E14001441,False,False,False,True,0,0,0,3,"1, Hawthorn Road",False,,"Hawthorn Road, Batchley & Brockhill Canvassing",https://events.labour.org.uk/event/525299
526020,Canvassing in Kidbrooke Park🌹,Canvassing,2026-04-22 17:30:00,2026-04-22 18:30:00,"Corelli Road, London, UK",SE38EL,Eltham and Chislehurst,E14001223,False,False,False,True,0,0,0,3,Meet on the corner of Corelli and Shooters Hill road,False,,Join local candidates and Greenwich Labour activists as we speak to residents in Kidbrooke Park. No experience required!,https://events.labour.org.uk/event/526020
526871,Door Knocking ARH,Campaigning,2026-04-22 17:30:00,2026-04-22 19:00:00,"Tatton Lane, Thorpe on the Hill, Leeds, Wakefield, UK",WF33FF,Leeds South West and Morley,E14001324,False,False,False,True,0,0,0,3,,False,,Come helps us on the door,https://events.labour.org.uk/event/526871
530994,Help Beat Reform in Farringdon and Silksworth,Canvassing,2026-04-22 17:30:00,2026-04-22 19:30:00,"Silksworth Youth and Community Centre, Tunstall Village Road, New Silksworth, Sunderland, UK",SR32BB,Houghton and Sunderland South,E14001295,False,False,False,True,0,1,1,2,Meet in Car Park of Community Centre,False,,Please join us on the Wednesday 22nd April @ 5.30pm meeting at Silksworth Youth and Community Centre for our daily door knocking session.,https://events.labour.org.uk/event/530994
531367,GET OUT THE POSTAL VOTE in Bramley and Stanningley 🌹,Campaigning,2026-04-22 17:30:00,2026-04-22 19:00:00,"Bramstan Gardens, Bramley, Leeds, UK",LS133JQ,Leeds West and Pudsey,E14001325,False,False,False,True,0,0,0,2,,False,,Join us campaigning in Bramley and Stanningley to re-elect Cllr Kevin Ritchie! First time canvassers are very welcome and we will pair you with someone experienced to show you the ropes. Please get in touch with Ryan on ryan_marsden@labour.org.uk if you have any questions and let us know you're joining by RSVPing below!,https://events.labour.org.uk/event/531367
532389,Campaigning in Gorton and Abbey Hey - Wednesday 22nd April 5.30pm,Canvassing,2026-04-22 17:30:00,2026-04-22 19:00:00,"Gorton Hub Jobcentre, Garratt Way, Manchester, UK",M188HE,Gorton and Denton,E14001251,False,False,False,True,0,0,0,2,,False,,"The Gorton and Abbey Hey Councillors will be joined by activists to chat to residents, and show that Labour is here to help. If you're an experienced campaigner, or new to door knocking and looking to get involved, please come along to help us listen to people's concerns. If you're new to campaigning, we're happy to support you and can pair you up with an experienced colleague. We hope to see you there! 🌹",https://events.labour.org.uk/event/532389
533082,Re-elect Minesh: Canvassing in Crookes,Canvassing,2026-04-22 17:30:00,2026-04-22 19:00:00,"Co-op Food - Sheffield - Crookes, Crookes, Sheffield, UK",S101TG,Sheffield Hallam,E14001468,False,False,False,True,0,1,1,1,Meeting opposite the Crookes Co-op,False,,"Join our lovely Crookes and Crosspool team for this canvassing as we seek to re-elect Minesh. We will be meeting on Wednesday the 22nd at 17:30pm opposite the Co-op in Crookes.

If you are new to canvassing, it would be great to have you join us. No experience is needed, and you will be paired up with someone until you feel confident.",https://events.labour.org.uk/event/533082
531811,Carholme Canvassing 17:45 Wednesday 22nd April,Canvassing,2026-04-22 17:45:00,2026-04-22 19:15:00,"Hampton Street, Lincoln, UK",LN11LH,Lincoln,E14001336,False,False,False,True,0,2,2,3,Corner Hampton Street and Richmond Street,False,,Carholme Canvassing 17:45 Wednesday 22nd April,https://events.labour.org.uk/event/531811
523825,Coley doorknocking (Re-elect Ellie Emberson),Canvassing,2026-04-22 18:00:00,2026-04-22 19:30:00,"Haden Square, Reading, UK",RG16FA,Reading Central,E14001438,False,False,False,True,0,1,1,2,Junction of Bath Road and Haden Square,False,,"Join us as we speak to residents ahead of the local election on 7 May. Ellie is seeking voters support for a third time. 

Do not worry if you have not canvassed before, you can shadow before you feel comfortable!",https://events.labour.org.uk/event/523825
531473,St Helen's Canvass,Canvassing,2026-04-22 18:00:00,2026-04-22 20:00:00,"Adriana's Café & Eatery, Saint Helens Gardens, London, UK",W106LN,Kensington and Bayswater,E14001310,False,False,False,True,0,0,0,3,Adriana's Cafe,False,,"Come and join your local Labour candidates for councillor, as they speak with people across the ward, collecting casework, discussing local issues, and listening to local policy concerns.

You're welcome, whether you're an experienced canvasser or have never canvassed before. They'll ensure you have everything you need and are properly supported, pairing up newer volunteers with regulars where appropriate. Your support makes a real difference.

Contact Billy Beckett at 07879 851511 for more details.",https://events.labour.org.uk/event/531473
531659,Clock House Leafleting,Leafletting,2026-04-22 18:00:00,2026-04-22 19:30:00,"London SE20 7SL, UK",SE207SL,Beckenham and Penge,E14001083,False,False,False,True,0,1,1,3,"Corner of Croydon Rd SE20 & Elmers End Rd, Beckenham, UK",False,,"Help finish the delivery of our election address.

Meeting point: Corner of Croydon Rd SE20 & Elmers End Rd, Beckenham, UK
(Note there are two Croydon Roads in Clock House ward - this is the Croydon Rd in SE20, Penge)",https://events.labour.org.uk/event/531659
531867,Speaking With Voters in Inverclyde,Canvassing,2026-04-22 18:00:00,2026-04-22 19:00:00,"Aves Business Centre, Jamaica Street, Greenock, UK",PA151XX,Inverclyde and Renfrewshire West,S14000093,False,False,False,True,0,0,0,3,"Aves Buisness Centre, Jamaica Street, Greenock",False,,Join our friendly team of door-knockers to speak with voters across Inverclyde. Warm welcome and full training and support provided.,https://events.labour.org.uk/event/531867
531966,Canvassing in Radyr | Caerdydd Penarth,Canvassing,2026-04-22 18:00:00,2026-04-22 19:30:00,"Penrhos, Radyr, Cardiff CF15 8RJ",CF158RJ,Cardiff West,W07000092,False,False,False,True,0,1,1,2,Corner of Penrhos and Cae’r Graig,False,,Join us as we speak to residents in Caerdydd Penarth ahead of the Senedd election.,https://events.labour.org.uk/event/531966
532200,Canvassing in West Heath,Canvassing,2026-04-22 18:00:00,2026-04-22 19:30:00,"Pickford Ln, Bexleyheath DA7 4RN, UK",DA74RN,Bexleyheath and Crayford,E14001089,False,False,False,True,0,0,0,1,,False,,"Join us canvassing as we work to get Ahmad, Ray and Katty for West Heath.

Volunteer for Labour, Stop Reform. 

Please use the pin as the start location (67 Pickford Lane, DA7 4RN).

📞 Contact on the day is Tommy Hill (Bexley Campaign Assistant) - 07565 889130",https://events.labour.org.uk/event/532200
532372,Canvassing in Tollington ward,Canvassing,2026-04-22 18:00:00,2026-04-22 20:00:00,"North Nineteen, Sussex Way, London, UK",N194HZ,Islington North,E14001305,False,False,False,True,0,0,0,2,North Nineteen Pub,False,,"Join our Tollington team out on the doors speaking to residents about the issues that matter to them. If you've never canvassed before you'll be given a full briefing ahead of the session, and you can pair up with an experienced member of the team while you learn the ropes!",https://events.labour.org.uk/event/532372
532550,Canvassing in Old Kent Road ward,Canvassing,2026-04-22 18:00:00,2026-04-22 20:00:00,"Old Kent Road, London SE15 1NG, UK",SE151NG,Peckham,E14001421,False,False,False,True,100,0,0,2,Old Kent Road,False,,"⭐ Join Southwark Labour out on the doors in Old Kent Road ward speaking to residents about the issues that matter to them. If you've never canvassed before you'll be given a full briefing ahead of the session, and you can pair up with an experienced member of the team while you learn the ropes!",https://events.labour.org.uk/event/532550
533019,"Daresbury,  Moore & Sandymoor",Leafletting,2026-04-22 18:00:00,2026-04-22 19:00:00,"Co-op Food - Sandymoor - Pitts Heath Lane, Otterburn Street, Runcorn, UK",WA71YN,Runcorn and Helsby,E14001455,False,False,False,True,0,0,0,2,,False,,Leafleting for Jo Jones & Geoff Logan.,https://events.labour.org.uk/event/533019
533034,Canvassing in Poole Old Town,Canvassing,2026-04-22 18:00:00,2026-04-22 19:30:00,"High Street, Poole BH15 1DA, UK",BH151DA,Poole,E14001429,False,False,False,True,0,0,0,2,Corner of High Street and New Orchard,False,,Canvassing voters in Poole Old Town.,https://events.labour.org.uk/event/533034
532510,Chadderton South GOTPV Knocking,Canvassing,2026-04-22 18:15:00,2026-04-22 19:45:00,"Fields New Road, Chadderton, Oldham, UK",OL98PJ,"Oldham West, Chadderton and Royton",E14001416,False,False,False,True,0,0,0,1,,False,,Please meet  at ARLFC Car Park on Fields New Road,https://events.labour.org.uk/event/532510
530735,Get Out the Postal Vote Burnt Oak,Campaigning,2026-04-23 10:00:00,2026-04-23 12:00:00,"Dryfield Road & Deans Lane, Edgware, UK",HA89HS,Hendon,E14001279,False,False,False,True,0,1,1,3,,False,,GOTPV,https://events.labour.org.uk/event/530735
532537,"Campaigning with Jenny Laing, Aberdeen Central",Campaigning,2026-04-23 10:30:00,2026-04-23 17:30:00,"Inn At The Park Hotel, Deemount Terrace, Aberdeen, UK",AB117RX,Aberdeen South,S14000061,False,False,False,True,0,0,0,1,Inn at the Park Hotel,False,,"Sessions start at 10.30, 2pm and 4pm, campaigning in each ward at differing times.
 
We will meet at Inn at the Park on each of these days, however if you cannot get to the meeting point please just call me on 07968959838.",https://events.labour.org.uk/event/532537
529736,Canvassing in South Middleton (morning),Canvassing,2026-04-23 11:00:00,2026-04-23 12:30:00,"Kemp Street, Middleton, Manchester M24 4UA, UK",M244UA,Blackley and Middleton South,E14001103,False,False,False,True,0,0,0,2,"The Archer, Kemp Street, M24 4UA",False,,Join the local Labour Party on the doors as we campaign for our local councillors in Rochdale Borough ahead of polling day on the 7th May.,https://events.labour.org.uk/event/529736
528294,SPEAKING TO POSTAL VOTERS IN METHLEY,Canvassing,2026-04-23 11:30:00,2026-04-23 13:00:00,"Pinders Green Dr, Methley, Leeds LS26 9BA, UK",LS269BA,Selby,E14001464,False,False,False,True,0,0,0,3,Junction of Pinders Green Drive and Watergate LS26 9BB,False,,"Join us speaking to crucial postal voters in the campaign to re-elect Mary Harland!

First time canvassers are very welcome and we will pair you with someone experienced to show you the ropes. 

Please get in touch with Ryan on ryan_marsden@labour.org.uk if you have any questions and let us know you're joining by RSVPing.",https://events.labour.org.uk/event/528294
531909,"GOTPV: Croydon West, Thursday 23rd April, 1pm-8pm",Campaigning,2026-04-23 13:00:00,2026-04-23 20:00:00,"Weatherill House Business Centre, New South Quarter, Whitestone Way, Croydon, UK",CR04XT,Croydon West,E14001188,False,False,False,True,0,0,0,2,"Weatherill House Business Centrec 23 Whitestone Way, Croydon, CR0 4WF",False,,"It's GOTPV week, and we need your help getting postal voters to vote Labour. Join us for as long as you can at any point between 1pm and 8pm on Thursday, 23rd April. The more support you can give, the better our chances are of getting Rowenna Davis over the line as Mayor of Croydon! Please see details below: 

TIME: 1pm-8pm on Thursday 23rd April 

LOCATION: Weatherill House Business Centre, Croydon, CR0 4WF",https://events.labour.org.uk/event/531909
532428,Rye Lane canvassing,Canvassing,2026-04-23 13:00:00,2026-04-23 15:00:00,"Peckham Rye Station, London, UK",SE155DQ,Peckham,E14001421,False,False,False,True,100,0,0,2,Peckham Rye Station,False,,Help Labour win in Rye Lane!,https://events.labour.org.uk/event/532428
530440,"Re-elect Susan, Alex & Liz  - Get Out the Postal Vote",Canvassing,2026-04-23 13:30:00,2026-04-23 20:00:00,"Windhill Community Centre, Church Street, Windhill, Shipley, UK",BD182NR,Shipley,E14001472,False,False,False,True,0,0,0,3,"Windhill Community Centre, BD18 2NR",False,,"GOTPV Door Knockin
Contact Liz 07881 633887",https://events.labour.org.uk/event/530440
531776,Early Thursday afternoon canvassing in Bournemouth Central Ward,Canvassing,2026-04-23 13:30:00,2026-04-23 15:00:00,"Stafford Road & Lorne Park Road, Bournemouth, UK",BH11JH,Bournemouth West,E14001116,False,False,False,True,0,0,0,3,Corner of Stafford Road and Lorne Park Road,False,,"We will be out talking to residents in Central ward. Enquiring if there are any questions or concerns for Jessica and our Labour Government as well as canvassing for our three Town Council candidates, Jamie, Dan and Dan. If you have never done this before, don't worry. We will buddy you up with one of our experienced comrades. This is a very important part of our campaigning work and the best way to collect peoples opinion. Come and join us, it's great fun. Dan will be running this session",https://events.labour.org.uk/event/531776
532082,Canvassing in Bryntirion,Canvassing,2026-04-23 13:30:00,2026-04-23 15:30:00,"Bryntirion & Laleston Community Centre, Mount Pleasant, Bridgend, UK",CF314EF,Bridgend,W07000086,False,False,False,True,0,0,0,1,outside Bryntirion Community Centre,False,,"The Senedd election is just around the corner and this is our moment. Come and support our short campaign and help us reach voters while it matters most. New or experienced, everyone's welcome. We'll support you every step of the way. Every conversation counts. Get involved, make an impact, and be part of something positive.",https://events.labour.org.uk/event/532082
527028,Canvassing in Rotherhithe ward 🌹 Labour Group session,Canvassing,2026-04-23 14:00:00,2026-04-23 16:00:00,"Rotherhithe Station (Stop V), London, UK",SE164LA,Bermondsey and Old Southwark,E14001085,False,False,False,True,0,0,0,2,Rotherhithe Station,False,,"⭐ Join Southwark Labour out on the doors in Rotherhithe ward speaking to residents about the issues that matter to them. If you've never canvassed before you'll be given a full briefing ahead of the session, and you can pair up with an experienced member of the team while you learn the ropes!",https://events.labour.org.uk/event/527028
529227,Canvassing in Aberfan,Canvassing,2026-04-23 14:00:00,2026-04-23 16:00:00,"MacKintosh St, Aberfan, Merthyr Tydfil CF48 4QZ, UK",CF484QZ,Merthyr Tydfil and Aberdare,W07000099,False,False,False,True,0,1,1,2,Mackintosh St CF48 4QZ,False,,Canvassing in Pontypridd Cynon Merthyr,https://events.labour.org.uk/event/529227
531707,Speaking With Voters in Inverclyde (Greenock),Canvassing,2026-04-23 14:00:00,2026-04-23 16:00:00,"Finch Rd, Greenock PA16 7DE, UK",PA167DE,Inverclyde and Renfrewshire West,S14000093,False,False,False,True,0,1,1,3,Auchneagh Farm Road and Finch Road,False,,Join our friendly team of door-knockers to speak with voters across Inverclyde. Warm welcome and full training and support provided.,https://events.labour.org.uk/event/531707
532109,Campaigning with Catriona Munro in Saughton,Campaigning,2026-04-23 14:00:00,2026-04-23 15:30:00,"Saughton Road & Saughton Mains Loan, Edinburgh, UK",EH113PP,Edinburgh West,S14000082,False,False,False,True,0,0,0,1,,False,,"Join us in Saughton for a campaign session for Catriona Munro; if you haven't door-knocked before, there will be people there to show you the ropes.",https://events.labour.org.uk/event/532109
533011,Campaigning with Ewan Macphee,Canvassing,2026-04-23 14:00:00,2026-04-23 15:30:00,"Burn Road, Darvel, UK",KA170DB,Kilmarnock and Loudoun,S14000110,False,False,False,True,0,0,0,1,,False,,"Join us in speaking to voters across Kilmarnock and the Irvine Valley for our fantastic candidate Ewan Macphee. We need your help to take on Reform and the SNP. Don't worry if you have never campaigned before, training will be provided by one of our more experienced volunteers.",https://events.labour.org.uk/event/533011
528459,Canvassing - PENYLAN,Canvassing,2026-04-23 14:30:00,2026-04-23 16:30:00,"Sandringham Road / Blenheim Road, Cardiff, UK",CF235BJ,Cardiff East,W07000089,False,False,False,True,0,1,1,2,,False,,Join our Senedd candidates as we carry on campaigning ahead of the Senedd election day in May,https://events.labour.org.uk/event/528459
530640,Shirley canvass,Canvassing,2026-04-23 15:00:00,2026-04-23 16:15:00,"Luccombe Rd, Southampton SO15 7RU, UK",SO157RU,Southampton Test,E14001500,False,False,False,True,0,0,0,2,Corner of Luccombe Rd & Pentire Ave,False,,Join our friendly ward team for this local election canvass and help us win the seat for Labour.,https://events.labour.org.uk/event/530640
520208,🌹Canvassing in Old Warley🌹,Canvassing,2026-04-23 16:00:00,2026-04-23 17:30:00,"Forest Road, Oldbury, UK",B680EF,Smethwick,E14001478,False,False,False,True,0,0,0,2,,False,,Join us in Old Warley to help our amazing candidates to help spread Labour's message of renewal to residents! Never canvassed before? Don't worry! Training will be delivered on the day! 🌹,https://events.labour.org.uk/event/520208
523013,Southbourne and Tuckton Canvassing,Canvassing,2026-04-23 16:00:00,2026-04-23 17:30:00,"Seafield Road & Newstead Road, Southbourne, Bournemouth, UK",BH63JE,Bournemouth East,E14001115,False,False,False,True,0,1,1,3,,False,,"Help Tom Hayes MP and our local Labour councillors meet with and hear residents' concerns so we can build a better Bournemouth together.

This is vital campaigning - every conversation, all year round, enables us to understand what matters to local people, drive change for them, and lay the foundation for success at future elections.

If you're new to campaigning, not to worry! We'll pair you up with an experienced campaigner to help you learn the ropes at your own pace.

If you need help, please call Chris on 07450 958795.",https://events.labour.org.uk/event/523013
525976,Bitterne Park Southampton Short Campaign,Canvassing,2026-04-23 16:00:00,2026-04-23 17:30:00,"Cobden Crescent and Cobden Avenue, Southampton SO18 1LR, UK",SO181LR,Southampton Itchen,E14001499,False,False,False,True,0,0,0,3,Corner Cobden Crescent and Cobden Avenue,False,,"We're speaking with people about their concerns and finding out how they intend to vote in the local government election. Please help us get Phil Webb re-elected on 7th May 2026.  If you're new to canvassing, don't worry! You'll partner with someone experienced until you feel confident.  On the day, if you run late, can't find the team, or need to contact someone for any other reason, call the session lead, Dan at 07383 565297",https://events.labour.org.uk/event/525976
532010,Campaigning in Newington and Gipsyville,Canvassing,2026-04-23 16:30:00,2026-04-23 18:00:00,"Cecil Gardens, Hawthorn Avenue, Hull, UK",HU35SA,Kingston upon Hull West and Haltemprice,E14001315,False,False,False,True,0,0,0,3,"Cecil Gardens, Hawthorn Ave, Hull HU3 5PU",False,,"Join us as we campaign to get local candidate, Simon Kelsey, elected in Newington and Gipsyville. If it's your first time then don't worry, there will be lots of people to help you!",https://events.labour.org.uk/event/532010
532438,Canvassing in Wolverton Ward,Canvassing,2026-04-23 16:30:00,2026-04-23 18:30:00,"Brookside & Alladale Place, Hodge Lea, Milton Keynes, UK",MK126JN,Milton Keynes North,E14001370,False,False,False,True,0,1,1,3,,False,,Join your local Labour team in Wolverton on the doorstep!,https://events.labour.org.uk/event/532438
526966,Canvassing in Dulwich Hill ward 🌹 Labour Group session,Canvassing,2026-04-23 17:00:00,2026-04-23 19:00:00,"The Herne Tavern, Forest Hill Road, London, UK",SE220RR,Lewisham West and East Dulwich,E14001333,False,False,False,True,0,0,0,2,Herne Tavern,False,,"⭐ Join Southwark Labour out on the doors in Dulwich Hill ward speaking to residents about the issues that matter to them. If you've never canvassed before you'll be given a full briefing ahead of the session, and you can pair up with an experienced member of the team while you learn the ropes!",https://events.labour.org.uk/event/526966
527954,Get out the postal vote in Lemington ward,Canvassing,2026-04-23 17:00:00,2026-04-23 18:30:00,"Southway, Newcastle upon Tyne, UK",NE157RT,Newcastle upon Tyne Central and West,E14001377,False,False,False,True,0,0,0,2,Meet outside the shops,False,,Help us get out the postal vote. Contact Stephen Barry-Stanners 07892696394 / stephenbarrystanners@gmail.com,https://events.labour.org.uk/event/527954
531448,Campaigning for Richard Banks for Armley April 2026,Campaigning,2026-04-23 17:00:00,2026-04-23 18:30:00,"Nisa Local, Raynville Road, Leeds LS12 2TE, UK",LS122TE,Leeds West and Pudsey,E14001325,False,False,False,True,0,0,0,2,Meet Nisa Local Raynville Road LS12 2TE,False,,Distributing our candidate manifesto for Richard Banks and talking to voters,https://events.labour.org.uk/event/531448
531698,Lightmoor - Gorge Parish Council Byelection Doorknocking,Canvassing,2026-04-23 17:00:00,2026-04-23 18:30:00,"Lightmoor Village Car Park, Furnace Ave, Telford, UK",TF43NY,Telford,E14001541,False,False,False,True,0,0,0,3,"Lightmoor Village Car Park, Furnace Ave, Telford, UK",False,,"Come join your local Telford and Wrekin Labour team as we knock doors ahead the Gorge Parish Council Byelection in Lightmoor, supporting our candidate Cllr Ian Preece.",https://events.labour.org.uk/event/531698
531742,Welwyn Hatfield Canvassing,Canvassing,2026-04-23 17:00:00,2026-04-23 19:00:00,"Appletree Way, Welwyn Garden City, UK",AL72FE,Welwyn Hatfield,E14001573,False,False,False,True,100,1,1,3,,False,,Join Welwyn Hatfield Labour in the 2026 local election campaign. A full briefing will be provided at the start of every session and if you're new you can be paired up with an experienced door knocker until you're comfortable. Every volunteer makes a huge difference and we hope to see you on the doorstep soon.,https://events.labour.org.uk/event/531742
531913,Ceredigion Penfro senedd campaign,Campaigning,2026-04-23 17:00:00,2026-04-23 19:00:00,"Morrisons, Haverfordwest, UK",SA612EX,Mid and South Pembrokeshire,W07000100,False,False,False,True,0,2,2,3,Morrisons car park,False,,join us on the doors.,https://events.labour.org.uk/event/531913
532248,Thu 1700 Eastwood,Canvassing,2026-04-23 17:00:00,2026-04-23 18:30:00,"Newton Mearns, Glasgow G77 6WL, UK",G776WL,East Renfrewshire,S14000021,False,False,False,True,0,0,0,3,,False,,Join Kayleigh Quinn campaigning in Eastwood ahead of the Scottish Parliament election on 7th May,https://events.labour.org.uk/event/532248
532531,Canvassing in Mildmay ward,Canvassing,2026-04-23 17:00:00,2026-04-23 19:00:00,"60 Newington Green, London, UK",N169PX,Islington North,E14001305,False,False,False,True,0,1,1,2,60 Newington Green,False,,"Join our Mildmay team out on the doors speaking to residents about the issues that matter to them. If you've never canvassed before you'll be given a full briefing ahead of the session, and you can pair up with an experienced member of the team while you learn the ropes!",https://events.labour.org.uk/event/532531
519962,🌹Canvassing in Tipton Green🌹,Canvassing,2026-04-23 17:30:00,2026-04-23 19:00:00,"Sherwood Avenue, Tipton, UK",DY48LG,Tipton and Wednesbury,E14001547,False,False,False,True,0,0,0,3,,False,,Join us in Tipton Green to help our amazing candidates to help spread Labour's message of renewal to residents! Never canvassed before? Don't worry! Training will be delivered on the day! 🌹,https://events.labour.org.uk/event/519962
524476,"Highwoods Canvassing - Thursday 23rd April, 5:30pm",Canvassing,2026-04-23 17:30:00,2026-04-23 18:30:00,"Titus Way, Highwoods, Colchester, UK",CO49WH,Colchester,E14001176,False,False,False,True,20,0,0,3,Meet at the corner of Titus Way/Gavin Way,False,,Come and meet the voters of Highwoods with Councillor Jocelyn Law and team. Check the forecast and dress appropriately.,https://events.labour.org.uk/event/524476
531508,Senedd 2026 - Canvassing in Prestatyn,Canvassing,2026-04-23 17:30:00,2026-04-23 19:00:00,"Winchester Dr, Prestatyn LL19 8DA, UK",LL198DA,Clwyd East,W07000094,False,False,False,True,0,2,2,3,The corner of Winchester and Salisbury,False,,Hello members and supporters! The Senedd campaign is underway. We are weeks out from polling day and we need your help to get as many of our candidates elected. See you on the doors!,https://events.labour.org.uk/event/531508
531509,Senedd 2026 - Canvassing in Mynydd Isa,Canvassing,2026-04-23 17:30:00,2026-04-23 19:00:00,"Mold Rd, Mynydd Isa, Mold CH7 6TE, UK",CH76TE,Clwyd East,W07000094,False,False,False,True,0,0,0,3,The corner of Park Avenue and Mold Rd,False,,Hello members and supporters! The Senedd campaign is underway. We are weeks out from polling day and we need your help to get as many of our candidates elected. See you on the doors!,https://events.labour.org.uk/event/531509
531786,Halliwell door knocking,Campaigning,2026-04-23 17:30:00,2026-04-23 18:30:00,"All Souls Bolton, Astley Street, Bolton, UK",BL18EB,Bolton North East,E14001110,False,False,False,True,0,0,0,3,"outside All Soul's, Astley Street, BL1 8EB",False,,"Come and join us for a canvassing session with Councillor Safwaan Patel in Halliwell. We will be out on the doorstep to speak with local residents, listen to their priorities, and build support for Labour ahead of the May elections. All welcome and a full briefing will be provided on the day for anyone new to campaigning.",https://events.labour.org.uk/event/531786
531788,Doorknocking in Marsden,Canvassing,2026-04-23 17:30:00,2026-04-23 19:00:00,"Mount Rd, Marsden, Huddersfield HD7 6HP, UK",HD76HP,Colne Valley,E14001177,False,False,False,True,0,0,0,3,Fall Lane Roundabout (junction of Mount Road and Fall Lane),False,,Join us in Marsden speaking to voters ahead of this year's local elections,https://events.labour.org.uk/event/531788
531869,Canvassing in Hardwick,Canvassing,2026-04-23 17:30:00,2026-04-23 18:30:00,"2 Hill View Crescent, Banbury, UK",OX161DN,Banbury,E14001072,False,False,False,True,0,0,0,3,,False,,Join our brilliant Hardwick councillors for a canvassing session! Everyone's welcome - training and support will be provided for new canvassers (or those who want a re-fresher),https://events.labour.org.uk/event/531869
532314,Leaflet delivery in Withington- Thursday 23rd April 5.30pm,Canvassing,2026-04-23 17:30:00,2026-04-23 19:00:00,"Withington Fire Station, Wilmslow Road, Withington, Manchester, UK",M204AW,Manchester Withington,E14001354,False,False,False,True,0,0,0,2,,False,,"The Withington Councillors will be joined by activists to chat to residents, and show that Labour is here to help. If you're an experienced campaigner, or new to door knocking and looking to get involved, please come along to help us listen to people's concerns. If you're new to campaigning, we're happy to support you and can pair you up with an experienced colleague. We hope to see you there! 🌹",https://events.labour.org.uk/event/532314
532415,Leafleting in Quarry Bank and Dudley Wood,Leafletting,2026-04-23 17:30:00,2026-04-23 19:00:00,"Quarry Rd, Dudley DY2 0EL, UK",DY20EL,Halesowen,E14001261,False,False,False,True,0,0,0,3,Meet at Quarry Road,False,,Join Jules Singh delivering leaflets in his campaign to become a councillor in Quarry Bank and Dudley Wood,https://events.labour.org.uk/event/532415
519809,Worsley & Eccles CLP Campaigning - Swinton & Wardley,Campaigning,2026-04-23 18:00:00,2026-04-23 19:30:00,"The Red Lion, Chorley Road, Greater, Wardley, Worsley, Swinton, Manchester, UK",M279UW,Worsley and Eccles,E14001598,False,False,False,True,0,0,0,2,,False,,Campaigning for our fantastic candidates,https://events.labour.org.uk/event/519809
525152,Bradshaw door knocking,Campaigning,2026-04-23 18:00:00,2026-04-23 19:00:00,"Riding Gate, Bolton BL2 4DG, UK",BL24DG,Bolton North East,E14001110,False,False,False,True,0,1,1,3,"corner of Riding Gate and Tottington Road, BL2 4DG",False,,"Come and join us for a canvassing session in Bradshaw. We will be out on the doorstep to speak with local residents, listen to their priorities, and build support for Labour ahead of the May elections. All welcome and a full briefing will be provided on the day for anyone new to campaigning.",https://events.labour.org.uk/event/525152
528389,Salford CLP Campaigning - Blackfriars & Trinity,Campaigning,2026-04-23 18:00:00,2026-04-23 19:30:00,"1 Wadlow Close, Salford, UK",M36WD,Salford,E14001459,False,False,False,True,0,1,1,2,Parking on Mount Street,False,,Campaigning for our fantastic candidates,https://events.labour.org.uk/event/528389
531115,Campaigning in Fallowfield- Thursday 23rd April 6pm,Canvassing,2026-04-23 18:00:00,2026-04-23 19:30:00,"ALDI, Lloyd Street South, Fallowfield, Manchester, UK",M147LA,Manchester Rusholme,E14001353,False,False,False,True,0,1,1,2,,False,,"The Fallowfield Councillors will be joined by activists to chat to residents, and show that Labour is here to help. If you're an experienced campaigner, or new to door knocking and looking to get involved, please come along to help us listen to people's concerns. If you're new to campaigning, we're happy to support you and can pair you up with an experienced colleague. We hope to see you there! 🌹",https://events.labour.org.uk/event/531115
532425,Canvassing in Thamesmead East,Canvassing,2026-04-23 18:00:00,2026-04-23 19:00:00,"Templar Dr, London SE28 8PF, UK",SE288PF,Erith and Thamesmead,E14001229,False,False,False,True,0,0,0,2,,False,,"Join us canvassing as we work to get Abi, Larry and Zainab elected as Councillors for Thamesmead East. 

Volunteer for Labour, Stop Reform. 

Please use the pin as the start location (Junction of Summerton Way and Templar Drive). 

📞 Contact on the day is Tommy Hill (Bexley Campaign Assistant) - 7508 656326",https://events.labour.org.uk/event/532425
532521,Canvassing in St Paul's Cray,Canvassing,2026-04-23 18:00:00,2026-04-23 19:00:00,"Midfield Way & Grovelands Road, Orpington, UK",BR52QL,Orpington,E14001417,False,False,False,True,0,0,0,2,,False,,"Join us in St Paul's Cray to talk to voters about their concerns and to campaign for the 2026 Local Elections with our candidates Chris, Debbie, and Janvier!
First time canvassing? No worries! We will buddy you up with an experienced team member to help you learn the ropes.",https://events.labour.org.uk/event/532521
532524,Canvassing in St Mary's & St James' ward,Canvassing,2026-04-23 18:00:00,2026-04-23 20:00:00,"St Mary's Church, Islington, Upper Street, London, UK",N12TU,Islington South and Finsbury,E14001306,False,False,False,True,0,2,2,2,St Mary's Church,False,,"Join our St Mary's & St James' team out on the doors speaking to residents about the issues that matter to them. If you've never canvassed before you'll be given a full briefing ahead of the session, and you can pair up with an experienced member of the team while you learn the ropes!",https://events.labour.org.uk/event/532524
533014,Campaigning with Ewan Macphee,Canvassing,2026-04-23 18:00:00,2026-04-23 19:30:00,"Cairns Terrace, Kilmarnock, UK",KA12JG,Kilmarnock and Loudoun,S14000110,False,False,False,True,0,0,0,1,,False,,"Join us in speaking to voters across Kilmarnock and the Irvine Valley for our fantastic candidate Ewan Macphee. We need your help to take on Reform and the SNP. Don't worry if you have never campaigned before, training will be provided by one of our more experienced volunteers.",https://events.labour.org.uk/event/533014
533020,"Daresbury,Moore & Sandymoor",Leafletting,2026-04-23 18:00:00,2026-04-23 19:00:00,"Co-op Food - Sandymoor - Pitts Heath Lane, Otterburn Street, Runcorn, UK",WA71YN,Runcorn and Helsby,E14001455,False,False,False,True,0,0,0,2,,False,,Leafletting session for Jo Jones & Geoff Logan for DMS ward,https://events.labour.org.uk/event/533020
532512,Royton South GOTPV Knocking,Canvassing,2026-04-23 18:15:00,2026-04-23 19:45:00,"Precinct Car Park, Radcliffe Street, Royton, Oldham, UK",OL25QD,"Oldham West, Chadderton and Royton",E14001416,False,False,False,True,0,0,0,1,,False,,Please meet on Royton Precinct Car Park,https://events.labour.org.uk/event/532512
523817,Meet the Candidates - Knights Hill Ward,Campaigning,2026-04-23 19:00:00,2026-04-23 21:00:00,"St Luke's Church, West Norwood, Norwood High Street, London, UK",SE270DT,Dulwich and West Norwood,E14001205,False,False,False,True,0,0,0,2,,False,,"Please come to this public hustings.  Its always good for our candidates to have friendly faces in the audience and if you could ask a friendly question, so much the better.",https://events.labour.org.uk/event/523817
529636,Phone banking for Hillrise / Junction,Phonebanking,2026-04-23 19:00:00,2026-04-23 20:30:00,Virtual,N44AJ,Islington North,E14001305,True,False,False,True,0,0,0,2,Online only,False,,"Please come along to our phone banking session in Hillrise! We will be calling up voters and asking them for their support in the upcoming local elections. If you've never done phone banking before, don't worry, an experienced campaigner will be there to show you the ropes! This will be a virtual session, please RSVP and we will send you the link!",https://events.labour.org.uk/event/529636
533017,Campaigning with Ewan Macphee,Canvassing,2026-04-24 10:00:00,2026-04-24 11:30:00,"Hurlford Road, Kilmarnock, UK",KA11TB,Kilmarnock and Loudoun,S14000110,False,False,False,True,0,0,0,1,,False,,"Join us in speaking to voters across Kilmarnock and the Irvine Valley for our fantastic candidate Ewan Macphee. We need your help to take on Reform and the SNP. Don't worry if you have never campaigned before, training will be provided by one of our more experienced volunteers.",https://events.labour.org.uk/event/533017
522815,Canvassing in Alyn and Deeside,Canvassing,2026-04-24 10:30:00,2026-04-24 12:30:00,"Normanby Drive & Hall Lane, Connah's Quay, Deeside, UK",CH54LY,Alyn and Deeside,W07000082,False,False,False,True,0,1,1,2,"Normanby Drive & Hall Lane, Connah's Quay, Deeside, UK",False,,"Join us canvassing in Fflint-Wrecsam! If you've never canvassed before, or haven't for a while, don't worry - you'll be paired with an experienced canvasser who will guide you and show you the ropes. Simply RSVP so we know to expect you, and see you there!",https://events.labour.org.uk/event/522815
531708,Speaking With Voters in Inverclyde (Greenock),Canvassing,2026-04-24 10:30:00,2026-04-24 12:00:00,"Iona St, Greenock PA16 7JG, UK",PA167JG,Inverclyde and Renfrewshire West,S14000093,False,False,False,True,0,1,1,3,Bow Road and Iona Street,False,,Join our friendly team of door-knockers to speak with voters across Inverclyde. Warm welcome and full training and support provided.,https://events.labour.org.uk/event/531708
532107,Canvassing in Illtyd,Canvassing,2026-04-24 10:30:00,2026-04-24 12:30:00,"Wye Close, Barry, UK",CF627TF,Vale of Glamorgan,W07000110,False,False,False,True,0,2,2,3,the entrance to Wye Close,False,,"The Senedd election is just around the corner and this is our moment. Come and support our short campaign and help us reach voters while it matters most. New or experienced, everyone's welcome. We'll support you every step of the way. Every conversation counts. Get involved, make an impact, and be part of something positive.",https://events.labour.org.uk/event/532107
532538,"Campaigning with Jenny Laing, Aberdeen Central",Campaigning,2026-04-24 10:30:00,2026-04-24 17:30:00,"Inn At The Park Hotel, Deemount Terrace, Aberdeen, UK",AB117RX,Aberdeen South,S14000061,False,False,False,True,0,0,0,1,Inn at the Park Hotel,False,,"Sessions start at 10.30, 2pm and 4pm, campaigning in each ward at differing times.
 
We will meet at Inn at the Park on each of these days, however if you cannot get to the meeting point please just call me on 07968959838.",https://events.labour.org.uk/event/532538
519972,🌹Canvassing in Blackheath🌹,Canvassing,2026-04-24 11:00:00,2026-04-24 12:30:00,"Buckingham Road, Rowley Regis, UK",B659JW,Smethwick,E14001478,False,False,False,True,0,0,0,2,,False,,Join us in Blackheath to help our amazing candidates to help spread Labour's message of renewal to residents! Never canvassed before? Don't worry! Training will be delivered on the day! 🌹,https://events.labour.org.uk/event/519972
525292,Listening in St Anns,Canvassing,2026-04-24 11:00:00,2026-04-24 12:30:00,"Wadhurst Gardens, Nottingham NG3 1LP, UK",NG31LP,Nottingham East,E14001410,False,False,False,True,0,0,0,2,"Jctn of St Anns well road/ Wadhurst gardens, NG3 1LP",False,,Join the Nottingham East Labour team as we canvass for our MP Nadia and our amazing local Labour Councillors. Come and join us as we talk to voters and ask them about their local issues. It doesn't matter if you have never canvassed before you will be more than welcome and paired with a more experienced canvasser to help show you the ropes.,https://events.labour.org.uk/event/525292
527254,Canvassing in Bullsmoor ward,Canvassing,2026-04-24 11:00:00,2026-04-24 12:00:00,"Turkey Street Station, Turkey Street, Enfield, UK",EN14PP,Enfield North,E14001225,False,False,False,True,0,0,0,2,Turkey Street Station,False,,"Join our Bullsmoor team out on the doors speaking to residents about the issues that matter to them. If you've never canvassed before you'll be given a full briefing ahead of the session, and you can pair up with an experienced member of the team while you learn the ropes!",https://events.labour.org.uk/event/527254
532094,Campaigning with Catriona Munro in Stenhouse,Campaigning,2026-04-24 11:00:00,2026-04-24 12:30:00,"Stenhouse Drive & Stenhouse Crescent, Edinburgh, UK",EH113JE,Edinburgh South West,S14000081,False,False,False,True,0,0,0,1,,False,,"Join us in Stenhouse for a campaign session for Catriona Munro; if you haven't door-knocked before, there will be people there to show you the ropes.",https://events.labour.org.uk/event/532094
524477,"Highwoods Canvassing - Friday 24th April, 11:30am",Canvassing,2026-04-24 11:30:00,2026-04-24 12:30:00,"The Ark Church, Jack Andrews Drive, Highwoods, Colchester, UK",CO49FF,Colchester,E14001176,False,False,False,True,20,0,0,3,"Meet at The Ark, Jack Andrews Drive",False,,Come and meet the voters of Highwoods with Councillor Jocelyn Law and team. Check the forecast and dress appropriately.,https://events.labour.org.uk/event/524477
527382,Canvassing in Upper Stratton,Canvassing,2026-04-24 12:00:00,2026-04-24 13:30:00,"Beechcroft Library, Swindon SN2 7QQ, UK",SN27QQ,Swindon North,E14001536,False,False,False,True,0,0,0,3,Beechcroft Library SN2 7QQ,False,,Come and join our team on the doors in Upper Stratton.,https://events.labour.org.uk/event/527382
532313,Canvassing in Greenwich Park🌹,Canvassing,2026-04-24 12:00:00,2026-04-24 13:00:00,"London SE13 7NB, UK",SE137NB,Greenwich and Woolwich,E14001257,False,False,False,True,0,0,0,2,Lewisham Road/Quince Road,False,,"Join local councillors, candidates and Greenwich Labour activists as we speak to residents in Greenwich Park. No experience required!",https://events.labour.org.uk/event/532313
532532,Canvassing in Mildmay ward,Canvassing,2026-04-24 12:00:00,2026-04-24 14:00:00,"60 Newington Green, London, UK",N169PX,Islington North,E14001305,False,False,False,True,0,0,0,2,60 Newington Green,False,,"Join our Mildmay team out on the doors speaking to residents about the issues that matter to them. If you've never canvassed before you'll be given a full briefing ahead of the session, and you can pair up with an experienced member of the team while you learn the ropes!",https://events.labour.org.uk/event/532532
533015,Campaigning with Ewan Macphee,Canvassing,2026-04-24 12:00:00,2026-04-24 13:30:00,"Annanhill Avenue, Kilmarnock, UK",KA12NX,Kilmarnock and Loudoun,S14000110,False,False,False,True,0,0,0,1,,False,,"Join us in speaking to voters across Kilmarnock and the Irvine Valley for our fantastic candidate Ewan Macphee. We need your help to take on Reform and the SNP. Don't worry if you have never campaigned before, training will be provided by one of our more experienced volunteers.",https://events.labour.org.uk/event/533015
531901,🌹Lancaster Gate Canvassing🌹,Canvassing,2026-04-24 13:00:00,2026-04-24 15:00:00,"Bayswater Station, Queensway, London, UK",W24QH,Kensington and Bayswater,E14001310,False,False,False,True,0,1,1,3,,False,,"Come and join our team as we speak to voters ahead of the May 2026 local elections. We will be out on the doorstep speaking to residents about the issues that matter most to them. If it is your first time canvassing, do not worry. We will pair you up with an experienced campaigner.",https://events.labour.org.uk/event/531901
531958,canvassing with Katy Clark in Cunninghame south,Canvassing,2026-04-24 13:00:00,2026-04-24 14:30:00,"36 Lochlibo Ct, Girdle Toll, Irvine, UK",KA111RE,Central Ayrshire,S14000109,False,False,False,True,0,0,0,1,"36 Lochlibo Court, Girdle Toll, Irvine KA11 1RE",False,,conversations on the doorsteps with potential Labour voters,https://events.labour.org.uk/event/531958
532429,Rye Lane canvassing,Canvassing,2026-04-24 13:00:00,2026-04-24 15:00:00,"Peckham Rye Station, London, UK",SE155DQ,Peckham,E14001421,False,False,False,True,100,0,0,2,Peckham Rye Station,False,,Help Labour win in Rye Lane!,https://events.labour.org.uk/event/532429
532507,Chadderton North GOTPV Knocking,Canvassing,2026-04-24 13:45:00,2026-04-24 15:15:00,"Burnley Lane Post Office, Parkgate, Chadderton, Oldham, UK",OL90AW,"Oldham West, Chadderton and Royton",E14001416,False,False,False,True,0,0,0,1,,False,,Please meet at the top of Burnley Lane just outside Toby Carvery,https://events.labour.org.uk/event/532507
519948,🌹Canvassing in Hill Top🌹,Canvassing,2026-04-24 14:00:00,2026-04-24 15:30:00,"Winchester Road, West Bromwich, UK",B712NY,Tipton and Wednesbury,E14001547,False,False,False,True,0,0,0,3,,False,,Join us in Hill Top to help our amazing candidates to help spread Labour's message of renewal to residents! Never canvassed before? Don't worry! Training will be delivered on the day! 🌹,https://events.labour.org.uk/event/519948
522817,Canvassing in Alyn and Deeside,Canvassing,2026-04-24 14:00:00,2026-04-24 16:00:00,"Aston Park Road & Courtland Drive, Deeside, UK",CH51UB,Alyn and Deeside,W07000082,False,False,False,True,0,0,0,2,"Aston Park Road & Courtland Drive, Deeside, UK",False,,"Join us canvassing in Fflint-Wrecsam! If you've never canvassed before, or haven't for a while, don't worry - you'll be paired with an experienced canvasser who will guide you and show you the ropes. Simply RSVP so we know to expect you, and see you there!",https://events.labour.org.uk/event/522817
522837,Senedd 2026 - Canvassing in Colwyn Bay,Canvassing,2026-04-24 14:00:00,2026-04-24 16:00:00,"Rhiw Grange, Colwyn Bay LL29 7TT, UK",LL297TT,Clwyd North,W07000095,False,False,False,True,0,0,0,3,The corner of Rhiw Road and Rhiw Grange,False,,Hello members and supporters! The Senedd campaign is underway. We are weeks out from polling day and we need your help to get as many of our candidates elected. See you on the doors!,https://events.labour.org.uk/event/522837
529647,Phone banking for Hillrise / Junction,Phonebanking,2026-04-24 14:00:00,2026-04-24 16:00:00,Virtual,N44AJ,Islington North,E14001305,False,False,False,True,0,0,0,2,Online only,False,,"Please come along to our phone banking session in Hillrise! We will be calling up voters and asking them for their support in the upcoming local elections. If you've never done phone banking before, don't worry, an experienced campaigner will be there to show you the ropes! This will be a virtual session, please RSVP and we will send you the link!",https://events.labour.org.uk/event/529647
533016,Campaigning with Ewan Macphee,Canvassing,2026-04-24 14:00:00,2026-04-24 15:30:00,"Hurlford Rd, Kilmarnock KA1 3QB, UK",KA13QB,Kilmarnock and Loudoun,S14000110,False,False,False,True,0,0,0,1,,False,,"Join us in speaking to voters across Kilmarnock and the Irvine Valley for our fantastic candidate Ewan Macphee. We need your help to take on Reform and the SNP. Don't worry if you have never campaigned before, training will be provided by one of our more experienced volunteers.",https://events.labour.org.uk/event/533016
529607,Delivering and canvassing in  St Ederyns Village 2.30pm Friday 24 April,Canvassing,2026-04-24 14:30:00,2026-04-24 16:00:00,"The Unicorn Inn, Church Road, Cardiff, UK",CF36YA,Cardiff North,W07000090,False,False,False,True,0,1,1,2,outside the Unicorn,False,,"Join us delivering and canvassing in St Ederyns Village
With our 8 Senedd candidates headed by Shav Taj of Wales TUC, Cllr Jackie Jones (MEP 2019-20) Cllrs Dan De`Ath and Sarah Merry we have a great story to tell - Keep the gains made by Welsh Labour in power - free prescriptions, free school meals, keeping EMA, the Social Partnership and Public Procurement Act - our Red Welsh Way. Now reinforced by the New Deal for Working People.",https://events.labour.org.uk/event/529607
531995,"Hamilton, Larkhall and Stonehouse Campaigning",Canvassing,2026-04-24 14:30:00,2026-04-24 16:00:00,"Skye Wynd & Sherry Drive, Hamilton, UK",ML38BN,Hamilton and Clyde Valley,S14000092,False,False,False,True,0,0,0,3,,False,,"Join Davy Russell and the team in campaigning and speaking to voters about the importance of returning a Scottish Labour Government to Holyrood.

Campaigning is happening all day Monday to Saturday. Come for just an hour, a morning, an afternoon, or all day if you can.

Newcomers welcome. Experienced campaigner on hand to coach you through the process. Party membership not required.",https://events.labour.org.uk/event/531995
531718,Congleton Town Council By-election,Campaigning,2026-04-24 15:30:00,2026-04-24 17:30:00,"Daisybank Dr, Congleton CW12 1LS, UK",CW121LS,Congleton,E14001178,False,False,False,True,0,1,1,2,Rood Hill/Daisybank Dr,False,,Congleton Town Council By-election,https://events.labour.org.uk/event/531718
525506,🌹Campaigning in Old Town🌹,Campaigning,2026-04-24 16:00:00,2026-04-24 17:00:00,"Pogmoor Rd, Barnsley S75 2LP, UK",S752LP,Barnsley North,E14001074,False,False,False,True,0,0,0,2,,False,,"Join the Old Town Labour team for an afternoon of canvassing to support our excellent local Labour candidates - Brandon Green, Phil Lofts and Jo Newing. Don't worry if you've not campaigned before, we'll pair you with an experienced campaigner until you find your feet!",https://events.labour.org.uk/event/525506
530901,GOTPV - 24 April - Brooklands NCW,National Campaign Weekend,2026-04-24 16:00:00,2026-04-24 17:00:00,"The Sale, Marsland Road, Sale, UK",M333NW,Wythenshawe and Sale East,E14001602,False,False,False,True,0,1,1,2,"The Sale Pub, Meet in the car park",False,,Please join us to get out the postal vote in Brooklands.,https://events.labour.org.uk/event/530901
532533,Door knocking in BUXTON - Fairfield,Canvassing,2026-04-24 16:00:00,2026-04-24 18:00:00,"Queen's Rd, Buxton SK17 7EY, UK",SK177EY,High Peak,E14001287,False,False,False,True,0,0,0,3,"Junction Windsor Road and Queen's Rad, Buxton",False,,"Come and join our MP Jon Pearce, local councillors and members listening to residents across High Peak.",https://events.labour.org.uk/event/532533
533018,Campaigning with Ewan Macphee,Canvassing,2026-04-24 16:00:00,2026-04-24 17:30:00,"Jane Darnbrough Gardens, Kilmarnock, UK",KA13US,Kilmarnock and Loudoun,S14000110,False,False,False,True,0,0,0,1,,False,,"Join us in speaking to voters across Kilmarnock and the Irvine Valley for our fantastic candidate Ewan Macphee. We need your help to take on Reform and the SNP. Don't worry if you have never campaigned before, training will be provided by one of our more experienced volunteers.",https://events.labour.org.uk/event/533018
532012,Campaigning in Newington and Gipsyville,Canvassing,2026-04-24 16:30:00,2026-04-24 18:00:00,"The Rainbow Children's Centre, Wheeler St, Hull HU3 5QE, UK",HU35QE,Kingston upon Hull West and Haltemprice,E14001315,False,False,False,True,0,0,0,3,"Rainbow Children's Centre, Wheeler St, Hull HU3 5QE",False,,"Join us as we campaign to get local candidate, Simon Kelsey, elected in Newington and Gipsyville. If it's your first time then don't worry, there will be lots of people to help you!",https://events.labour.org.uk/event/532012
531557,Campaigning with Caitlin Stott!,Canvassing,2026-04-24 17:00:00,2026-04-24 18:30:00,"Redcroft Road & Newton Church Road, Danderhall, Dalkeith, UK",EH221FQ,Midlothian,S14000045,False,False,False,True,0,0,0,3,Corner of Redcroft Road and Newton Church Road,False,,"Its election year in Midlothian North! Join our Scottish Parliamentary candidate Caitlin Stott for a session of campaigning to take Scotland in the New Direction it needs! If you've never campaigned before not to worry! - we'll give you training at the start before pairing you up with an experienced campaigner while you hit the doors. We always have a good blether in between doors as well, so I promise you'll have a good time whilst also helping us make Midlothian North a Labour Gain! Any questions? Email stottcaitlin41@gmail.com",https://events.labour.org.uk/event/531557
532194,Canvassing in Crayford,Canvassing,2026-04-24 17:00:00,2026-04-24 18:00:00,"Oakwood Dr, Bexleyheath DA7 6ED, UK",DA76ED,Bexleyheath and Crayford,E14001089,False,False,False,True,0,0,0,1,,False,,"Join us canvassing as we work to get Colin, Sevda and Nathan elected as Councillors for Crayford.

Volunteer for Labour, Stop Reform. 

Please use the pin as the start location (Junction of Inglewood Road and Oakwood Drive).

📞 Contact on the day is Tommy Hill (Bexley Campaign Assistant) - 07565 889130",https://events.labour.org.uk/event/532194
531345,Canvassing in Capelulo,Canvassing,2026-04-24 17:30:00,2026-04-24 19:30:00,"Maes y Llan, Dwygyfylchi, Penmaenmawr LL34 6RU, UK",LL346RU,Bangor Aberconwy,W07000083,False,False,False,True,0,5,5,3,We will meet at Maes y Llan layby,False,,Hello members and supporters! The Senedd campaign is underway. We are weeks out from polling day and we need your help to get as many of our candidates elected. See you on the doors!,https://events.labour.org.uk/event/531345
532102,Canvassing in Bridgend Central,Canvassing,2026-04-24 17:30:00,2026-04-24 19:30:00,"St Winifred's Rd, Bridgend CF31 4PL, UK",CF314PL,Bridgend,W07000086,False,False,False,True,0,1,1,1,the top of St Winifred's Road,False,,"The Senedd election is just around the corner and this is our moment. Come and support our short campaign and help us reach voters while it matters most. New or experienced, everyone's welcome. We'll support you every step of the way. Every conversation counts. Get involved, make an impact, and be part of something positive.",https://events.labour.org.uk/event/532102
532130,Canvassing in Bedwas,Canvassing,2026-04-24 17:30:00,2026-04-24 19:00:00,"Pandy Rd, Bedwas, Caerphilly CF83 8EJ, UK",CF838EJ,Caerphilly,W07000088,False,False,False,True,0,0,0,2,Junction between Mill Road and Jerry's Lane,False,,"This is a door knocking session in the Blaenau Gwent Caerffili Rhymni Senedd constituency ahead of the election in May. Everyone is welcome, regardless of your experience. If you have any questions, please contact us on 07463 939028 or any of the following emails addresses: caerphillylabour@outlook.com; blaenauglabour@outlook.com; rhymneylabour@outlook.com.",https://events.labour.org.uk/event/532130
530623,Canvassing in Boultham,Canvassing,2026-04-24 17:45:00,2026-04-24 19:30:00,"Lidl, Dixon Street, Lincoln, UK",LN67DA,Lincoln,E14001336,False,False,False,True,0,1,1,3,Outside Lidl,False,,Join the team canvassing in Boultham,https://events.labour.org.uk/event/530623
527262,Canvassing in Highfield ward,Canvassing,2026-04-24 18:00:00,2026-04-24 19:00:00,"Firs Lane, London N13 5LU, UK",N135LU,Edmonton and Winchmore Hill,E14001221,False,False,False,True,0,0,0,2,"Corner of Hedge Lane and Firs Lane, N13 5LU",False,,"Join our Highfield team out on the doors speaking to residents about the issues that matter to them. If you've never canvassed before you'll be given a full briefing ahead of the session, and you can pair up with an experienced member of the team while you learn the ropes!",https://events.labour.org.uk/event/527262
531923,GOTPV Local Election Campaign - Mossley,Canvassing,2026-04-24 18:00:00,2026-04-24 19:00:00,"Hyde Town Hall Business Centre, Corporation Street, Hyde, UK",SK141AB,Stalybridge and Hyde,E14001515,False,False,False,True,0,0,0,2,Please RSVP for the meeting point.,False,,"Come and be part of our local election campaign, speaking with residents about the issues that matter most to them. As we head towards the local elections in May, every conversation really does make a difference. The more people we have out talking to voters, the stronger our campaign will be. Never canvassed before? No problem at all. You will be paired with an experienced campaigner who will guide you and help you feel confident from the start. Just RSVP to receive the exact meeting point. Bring your energy, your voice, and your enthusiasm. We would love to see you there!",https://events.labour.org.uk/event/531923
531984,GET OUT THE POSTAL VOTE IN WEST DRAYTON,Canvassing,2026-04-24 18:00:00,2026-04-24 20:00:00,"Money Ln & Brooklyn Way, West Drayton, UK",UB77PB,Hayes and Harlington,E14001276,False,False,False,True,0,5,5,2,"Money Ln & Brooklyn Way, UB7 7PB",False,,"Join us for a doorstep surgery in West Drayton! Help us identify local issues that matter most to residents and how Hillingdon Labour and our Labour candidates can help improve the area. If it's your first time, don't worry, we will pair you up with someone more experience who can show you the ropes!",https://events.labour.org.uk/event/531984
532437,Canvassing in West Heath,Canvassing,2026-04-24 18:00:00,2026-04-24 19:00:00,"67 Pickford Lane, Bexleyheath, UK",DA74RN,Bexleyheath and Crayford,E14001089,False,False,False,True,0,0,0,1,,False,,"Join us canvassing as we work to get Ahmad, Ray and Katty for West Heath. Volunteer for Labour, Stop Reform. Please use the pin as the start location (67 Pickford Lane, DA7 4RN). 📞 Contact on the day is Tommy Hill (Bexley Campaign Assistant) - 07565 889130",https://events.labour.org.uk/event/532437
532431,Rye Lane canvassing,Canvassing,2026-04-24 18:30:00,2026-04-24 20:30:00,"Peckham Rye Station, London, UK",SE155DQ,Peckham,E14001421,False,False,False,True,100,0,0,2,Peckham Rye Station,False,,Help Labour win in Rye Lane!,https://events.labour.org.uk/event/532431
522827,Get Out The Postal Vote in Athersley & New Lodge,Canvassing,2026-04-25 10:00:00,2026-04-25 11:00:00,"5 derwent road, barns",S713RD,Barnsley North,E14001074,False,False,False,True,0,0,0,2,,False,,"Come along throughout the day for a big 'Get Out the Postal Vote' operation across the Barnsley Borough.

Teams will be out throughout the day talking to postal voters about Barnsley Labour's track record of delivery for the town and the risk of Reform taking over.

Don't worry if you've not campaigned before, we'll pair you with an experienced member until you find your feet!",https://events.labour.org.uk/event/522827
524625,Liam For Westoe Door Knocking,Campaigning,2026-04-25 10:00:00,2026-04-25 12:00:00,"St George's Ave, South Shields NE34 6EU, UK",NE346EU,South Shields,E14001492,False,False,False,True,0,0,0,2,,False,,"I hope you can join me for my next door knocking session in Westoe. We will be meeting on the Junction of St Georges Avenue and Cemetery Approach. Don't worry if you have never door knocked before, there will be plenty people to help you out. If you would like to get in touch prior to chat to me please don't hesitate",https://events.labour.org.uk/event/524625
525654,Campaigning and Leafleting in Gravesham - 25 April 2026,Campaigning,2026-04-25 10:00:00,2026-04-25 12:30:00,"24 Overcliffe, Gravesend, UK",DA110EH,Gravesham,E14001254,False,False,False,True,0,2,2,3,,False,,Come and join us for our regular campaigning and leafleting session across Gravesham. Starting from Gravesham Labour HQ at 24 Overcliffe. Returning there for refreshments after the session!,https://events.labour.org.uk/event/525654
519874,Ladywood Canvassing 🌹,National Campaign Weekend,2026-04-25 10:15:00,2026-04-25 12:00:00,"Library of Birmingham, Centenary Square, Birmingham, UK",B12EP,Birmingham Ladywood,E14001096,False,False,False,True,0,2,2,1,,False,,"Join us as we canvass in Ladywood Ward for our 2026 local elections, Sally Benton and Satvir Dosanjh. All new and experienced canvassers are welcome - training will be provided. RSVP for address details.",https://events.labour.org.uk/event/519874
520209,🌹Canvassing in Old Warley🌹,National Campaign Weekend,2026-04-25 10:30:00,2026-04-25 12:00:00,"Forest Road, Oldbury, UK",B680EF,Smethwick,E14001478,False,False,False,True,0,0,0,2,,False,,Join us in Old Warley to help our amazing candidates to help spread Labour's message of renewal to residents! Never canvassed before? Don't worry! Training will be delivered on the day! 🌹,https://events.labour.org.uk/event/520209
526646,Canvassing in Bletchley Park,National Campaign Weekend,2026-04-25 10:30:00,2026-04-25 11:30:00,"Chepstow Drive, Bletchley, Milton Keynes MK3 5NG, UK",MK35NG,Buckingham and Bletchley,E14001141,False,False,False,True,0,0,0,3,,False,,"Join the Bletchley Park team to speak to local residents on the doorstep about what matters to them, and how Labour is working nationally and locally to help people in Milton Keynes. Don't worry if you've never campaigned before, you'll be paired up with someone until you get the hang of it.",https://events.labour.org.uk/event/526646
529239,Canvassing In Dowlais,Canvassing,2026-04-25 10:30:00,2026-04-25 12:00:00,"Glendower St, Dowlais, Merthyr Tydfil CF48 3SG, UK",CF483SG,Merthyr Tydfil and Aberdare,W07000099,False,False,False,True,0,1,1,2,Glendower St CF48 3SG,False,,Canvassing In Pontypridd Cynon Merthyr,https://events.labour.org.uk/event/529239
529795,Canvassing in St Giles ward 🌹 Labour Group session,Canvassing,2026-04-25 10:30:00,2026-04-25 12:30:00,"132 Benhill Road, London SE5 7LZ, UK",SE57LZ,Peckham,E14001421,False,False,False,True,0,0,0,2,"132 Benhill Road, SE5 7LZ",False,,"⭐ Join Southwark Labour out on the doors in St Giles ward speaking to residents about the issues that matter to them. If you've never canvassed before you'll be given a full briefing ahead of the session, and you can pair up with an experienced member of the team while you learn the ropes!",https://events.labour.org.uk/event/529795
530417,Kenton Canvassing,Canvassing,2026-04-25 10:30:00,2026-04-25 12:00:00,"The Peacock, Arlington Ave, Kenton, Newcastle upon Tyne, UK",NE34SW,Newcastle upon Tyne North,E14001379,False,False,False,True,0,1,1,2,Peacock Car Park,False,,Help us Get out the postal Vote with the Kenton Labour team as we face crucial elections for the future of our city. Everyone is welcome!,https://events.labour.org.uk/event/530417
530576,Freemantle canvass,Canvassing,2026-04-25 10:30:00,2026-04-25 11:45:00,"Lemon Rd, Southampton SO15 8PW, UK",SO158PW,Southampton Test,E14001500,False,False,False,True,0,0,0,2,Corner of Waterhouse Lane & Endeavour Close,False,,Join our friendly ward team for this local election canvass and help us win the seat for Labour.,https://events.labour.org.uk/event/530576
531121,Arthur Hill Super Saturday,National Campaign Weekend,2026-04-25 10:30:00,2026-04-25 18:00:00,"Iceland Supermarket Arthurs Hill, Stanhope Street, Newcastle upon Tyne, UK",NE45JT,Newcastle upon Tyne Central and West,E14001377,False,False,False,True,0,2,2,2,Iceland,False,,"Join Joanne, Hannah and Hayder your Labour Arthur's Hill team for a full day of canvassing a crucial ward, the day will include 3 sessions 10.3,1 and 4pm with all meet point at Iceland please join if you can as it could make all the difference on May 7th",https://events.labour.org.uk/event/531121
532079,Listening on White Star Bargate,Canvassing,2026-04-25 10:30:00,2026-04-25 12:00:00,"St Mary's Church, Chapel Road, Southampton, UK",SO141AQ,Southampton Itchen,E14001499,False,False,False,True,0,1,1,3,St Mary's St and Chapel Road Bernard Street and Orchards Lane SO14 1AQ,False,,"We're speaking with people about their concerns and finding out how they intend to vote in the local government election. Please help us get John Noon re-elected on 7th May 2026.  If you're new to canvassing, don't worry! You'll partner with someone experienced until you feel confident.  On the day, if you run late, can't find the team, or need to contact someone for any other reason, call John at 0772 043 6706",https://events.labour.org.uk/event/532079
532326,Labour Listens in Dinnington,Canvassing,2026-04-25 10:30:00,2026-04-25 12:00:00,"Dinnington Village Hall, Main Road, Dinnington, Newcastle upon Tyne, UK",NE137LD,Cramlington and Killingworth,E14001183,False,False,False,True,0,2,2,1,"outside Dinnington Village Hall on Main Road, NE13 7LD",False,,"On Saturday 25th April at 10:30am please meet for canvassing in Dinnington, meet outside Dinnington Village Hall on Main Road, NE13 7LD. 
If you are able to come along to the session, even for a short time, it all helps. And if you haven't been out before, you will be paired with someone experienced and given a quick briefing before heading out.",https://events.labour.org.uk/event/532326
532403,Canvassing in Belvedere,Canvassing,2026-04-25 10:30:00,2026-04-25 12:30:00,"Station Rd, Belvedere DA17 6JJ, UK",DA176JJ,Erith and Thamesmead,E14001229,False,False,False,True,0,0,0,2,,False,,"Join us canvassing as we work to get Anthony, Sally and Jeremy  elected as Councillors for Belvedere. 

Volunteer for Labour, Stop Reform. 

Please use the pin as the start location (Belvedere Station). 

📞 Contact on the day is Tommy Hill (Bexley Campaign Assistant) - 7508 656326",https://events.labour.org.uk/event/532403
532525,Canvassing in St Mary's & St James' ward,Canvassing,2026-04-25 10:30:00,2026-04-25 12:00:00,"St James Church, Prebend Street, London, UK",N18PH,Islington South and Finsbury,E14001306,False,False,False,True,0,1,1,2,St James' Church,False,,"Join our St Mary's & St James' team out on the doors speaking to residents about the issues that matter to them. If you've never canvassed before you'll be given a full briefing ahead of the session, and you can pair up with an experienced member of the team while you learn the ropes!",https://events.labour.org.uk/event/532525
532539,"Campaigning with Jenny Laing, Aberdeen Central",Campaigning,2026-04-25 10:30:00,2026-04-25 17:30:00,"Inn At The Park Hotel, Deemount Terrace, Aberdeen, UK",AB117RX,Aberdeen South,S14000061,False,False,False,True,0,0,0,1,Inn at the Park Hotel,False,,"Sessions start at 10.30, 2pm and 4pm, campaigning in each ward at differing times.
 
We will meet at Inn at the Park on each of these days, however if you cannot get to the meeting point please just call me on 07968959838.",https://events.labour.org.uk/event/532539
530212,Door Knocking in Beacon and Bents,Canvassing,2026-04-25 10:45:00,2026-04-25 12:45:00,"Ladysmith Street & Spohr Terrace, South Shields, UK",NE333LS,South Shields,E14001492,False,False,False,True,0,5,5,2,"Ladysmith Street & Spohr Terrace, South Shields, NE33 3LS",False,,"I hope you can join my fortnightly door knocking session in Beacon and Bents on Saturday 25th April, 10:45am. The meeting place is at the junction of Ladysmith Street & Spohr Terrace, South Shields, NE33 3LS",https://events.labour.org.uk/event/530212
525369,🌹 NCW in Brixton Acre Lane 🌹,National Campaign Weekend,2026-04-25 11:00:00,2026-04-25 12:30:00,"Lambeth Town Hall, Brixton Hill, London, UK",SW21RJ,Clapham and Brixton Hill,E14001175,False,False,False,True,0,1,1,2,,False,,"It's National Campaign Weekend! Join us as we speak to residents in Brixton Acre Lane ahead of the May 2026 local elections! 

There will be plenty of experienced campaigners and councillors, so if you've never campaigned before this will be the perfect starting point. 

A full briefing will be given before kick off. Let's do what is best for our neighbour, and keep Lambeth Labour.",https://events.labour.org.uk/event/525369
527151,Campaigning in Higher Blackley - Saturday 25th April 11am,Canvassing,2026-04-25 11:00:00,2026-04-25 12:30:00,"Sainsburys Heaton Park, Heaton Park Road, Manchester, UK",M90QS,Blackley and Middleton South,E14001103,False,False,False,True,0,2,2,2,,False,,"The Higher Blackley Councillors will be joined by activists to chat to residents, and show that Labour is here to help. If you're an experienced campaigner, or new to door knocking and looking to get involved, please come along to help us listen to people's concerns. If you're new to campaigning, we're happy to support you and can pair you up with an experienced colleague. We hope to see you there! 🌹",https://events.labour.org.uk/event/527151
528019,"Wivenhoe canvassing - Saturday 25th April, 11am",Canvassing,2026-04-25 11:00:00,2026-04-25 12:00:00,"East of England Co-op Food Store, The Avenue, Wivenhoe, The Avenue, Wivenhoe, Colchester, UK",CO79AH,Harwich and North Essex,E14001273,False,False,False,True,20,0,0,2,Meet at Wivenhoe Co-Op,False,,Come and meet the residents of Wivenhoe with councillor Julie Young and team. Check the weather forecast and dress appropriately. Bring a smile and a willingness to help local people..,https://events.labour.org.uk/event/528019
528465,"Re-elect Susan, Liz and Alex in Windhill & Wrose",Canvassing,2026-04-25 11:00:00,2026-04-25 13:00:00,"Windhill, Shipley, UK",BD182NA,Shipley,E14001472,False,False,False,True,0,0,0,3,Windhill Community Centre,False,,Door knocking,https://events.labour.org.uk/event/528465
529728,Tonge with the Haulgh door knocking,Campaigning,2026-04-25 11:00:00,2026-04-25 12:30:00,"Kentfield Drive, Bolton BL1 8UY, UK",BL18UY,Bolton North East,E14001110,False,False,False,True,0,1,1,3,"corner of Kentfield Drive and Crompton Way, BL1 8UY",False,,"Come and join us for a canvassing session with Councillor Nick Peel in Tonge with the Haulgh. We will be out on the doorstep to speak with local residents, listen to their priorities, and build support for Labour ahead of the May elections. All welcome and a full briefing will be provided on the day for anyone new to campaigning.",https://events.labour.org.uk/event/529728
529858,Canvassing - PLASNEWYDD,Canvassing,2026-04-25 11:00:00,2026-04-25 13:00:00,"116 Albany Road, Cardiff, UK",CF243RU,Cardiff East,W07000089,False,False,False,True,0,0,0,2,,False,,Join our Senedd candidates as we carry on campaigning ahead of the Senedd election day in May,https://events.labour.org.uk/event/529858
531454,Campaigning for Richard Banks for Armley April 2026,Campaigning,2026-04-25 11:00:00,2026-04-25 12:30:00,"Barnet Road, Armley, Leeds LS12 1QN, UK",LS121QN,Leeds West and Pudsey,E14001325,False,False,False,True,0,0,0,2,Meet Corner Tong Road and Barnet Road LS12 1QN,False,,Conversations with local residents and distributing our Local election Manifesto 2026,https://events.labour.org.uk/event/531454
531562,National Campaign Weekend in Custom House,National Campaign Weekend,2026-04-25 11:00:00,2026-04-25 13:00:00,"King George Avenue & Andover Avenue, London, UK",E163HA,West Ham and Beckton,E14001576,False,False,False,True,0,4,4,2,,False,,Come and canvass with our candidates,https://events.labour.org.uk/event/531562
531798,Campaigning in Richmond🌹,Campaigning,2026-04-25 11:00:00,2026-04-25 12:30:00,"Kilvington Crescent, Sheffield, UK",S138AB,Sheffield South East,E14001470,False,False,False,True,0,0,0,2,1 Kilvington Cresent,False,,"Join us canvassing for our candidate Beth Cheshire as we speak to voters, listen to and action their concerns! 

Don't worry if you haven't canvassed before. Full training will be provided and we can pair you up with a more experienced canvasser.",https://events.labour.org.uk/event/531798
532397,Campaigning in Moss Side - Saturday 25th April 11am,Canvassing,2026-04-25 11:00:00,2026-04-25 12:30:00,"Upper Lloyd St, Manchester M14 4JE, UK",M144JE,Manchester Rusholme,E14001353,False,False,False,True,0,2,2,2,,False,,"The Moss Side Councillors will be joined by activists to chat to residents, and show that Labour is here to help. If you're an experienced campaigner, or new to door knocking and looking to get involved, please come along to help us listen to people's concerns. If you're new to campaigning, we're happy to support you and can pair you up with an experienced colleague. We hope to see you there! 🌹",https://events.labour.org.uk/event/532397
532893,🌹 Oxford Labour Doorknocking 🌹 Walton Manor,Canvassing,2026-04-25 11:30:00,2026-04-25 13:00:00,"Russell Ct, Oxford OX2 6JH, UK",OX26JH,Oxford West and Abingdon,E14001420,False,False,False,True,-1,0,0,2,,False,,"⏰ 11:30 to 13:00
 📍Farndon Road/Woodstock
☎️ Louise Upton 07799 768233

Oxford Labour is out knocking on doors, listening to residents, and sorting out issues all year round - not just at election time. Join us!

All volunteers welcome. Training and support will be provided, and no prior experience is needed. Please email Klaudia at organiser@oxfordlabour.org.uk if you have any questions. If you're a local member, we can add you to our campaigning WhatsApp group too!",https://events.labour.org.uk/event/532893
532534,Canvassing in Mildmay ward,Canvassing,2026-04-25 12:00:00,2026-04-25 14:00:00,"60 Newington Green, London, UK",N169PX,Islington North,E14001305,False,False,False,True,0,0,0,2,60 Newington Green,False,,"Join our Mildmay team out on the doors speaking to residents about the issues that matter to them. If you've never canvassed before you'll be given a full briefing ahead of the session, and you can pair up with an experienced member of the team while you learn the ropes!",https://events.labour.org.uk/event/532534
526979,Canvassing in London Bridge and West Bermondsey ward 🌹 Labour Group session,National Campaign Weekend,2026-04-25 12:30:00,2026-04-25 14:30:00,"Haddon Hall Baptist Church, Tower Bridge Road, London, UK",SE14TR,Bermondsey and Old Southwark,E14001085,False,False,False,True,100,0,0,2,Haddon Hall Baptist Church,False,,"⭐ Join Southwark Labour out on the doors in London Bridge and West Bermondsey ward speaking to residents about the issues that matter to them. If you've never canvassed before you'll be given a full briefing ahead of the session, and you can pair up with an experienced member of the team while you learn the ropes!",https://events.labour.org.uk/event/526979
526619,Super Saturday Social Lunch in New Bradwell,Social Event,2026-04-25 13:00:00,2026-04-25 13:45:00,"The New Inn, Bradwell Road, New Bradwell, Milton Keynes, UK",MK130EN,Milton Keynes North,E14001370,False,False,False,True,0,0,0,3,,False,,Join us for a lunch social between campaign sessions!,https://events.labour.org.uk/event/526619
530707,National Campaign Weekend Get Out the Postal Vote Colindale North,Campaigning,2026-04-25 13:00:00,2026-04-25 15:00:00,"Great Strand & Little Strand, London, UK",NW95FA,Hendon,E14001279,False,False,False,True,0,0,0,3,,False,,GOTPV,https://events.labour.org.uk/event/530707
532318,Canvassing in Greenwich Park🌹,National Campaign Weekend,2026-04-25 13:00:00,2026-04-25 14:30:00,"London SE10 8GU, UK",SE108GU,Greenwich and Woolwich,E14001257,False,False,False,True,0,0,0,2,Junction of Hyde Vale/Royal Hill,False,,"Join local councillors, candidates and Greenwich Labour activists as we speak to residents in Greenwich Park. No experience required!",https://events.labour.org.uk/event/532318
532354,Campaigning in Burnage- Saturday 25th April 1pm,Canvassing,2026-04-25 13:00:00,2026-04-25 14:30:00,"The Victoria Inn, Burnage Lane, Manchester, UK",M191FL,Gorton and Denton,E14001251,False,False,False,True,0,0,0,2,,False,,"The Burnage Councillors will be joined by activists to chat to residents, and show that Labour is here to help. If you're an experienced campaigner, or new to door knocking and looking to get involved, please come along to help us listen to people's concerns. If you're new to campaigning, we're happy to support you and can pair you up with an experienced colleague. We hope to see you there! 🌹",https://events.labour.org.uk/event/532354
533021,Campaigning with Ewan Macphee,Canvassing,2026-04-25 13:00:00,2026-04-25 14:30:00,"Cessnock Road, Hurlford, Kilmarnock, UK",KA15DD,Kilmarnock and Loudoun,S14000110,False,False,False,True,0,0,0,1,,False,,"Join us in speaking to voters across Kilmarnock and the Irvine Valley for our fantastic candidate Ewan Macphee. We need your help to take on Reform and the SNP. Don't worry if you have never campaigned before, training will be provided by one of our more experienced volunteers.",https://events.labour.org.uk/event/533021
526191,Big Saturday Canvass St Andrews West and Tadpole,Canvassing,2026-04-25 13:30:00,2026-04-25 15:00:00,"Redhouse Village Centre, Blunsdon Saint Andrew, Swindon SN25 2LR, UK",SN252LR,Swindon North,E14001536,False,False,False,True,0,0,0,3,Redhouse Village Centre SN25 2LR,False,,Come and Join the Swindon North team in St Andrews.,https://events.labour.org.uk/event/526191
531201,Local Elections Thurrock,Campaigning,2026-04-25 13:30:00,2026-04-25 15:00:00,"Mayflower Rd, Chafford Hundred, Grays RM16 6BE, UK",RM166BE,Thurrock,E14001546,False,False,False,True,0,1,1,3,Corner of Mayflower Road & Santiago Way RM16 6BE,False,,"Let’s Make Every Conversation Count
We’re entering the final stretch, and the work we do from now until 7th May will shape the future of our community. Every weekend from here on, we’ll be out speaking with residents, knocking on doors, sharing information, and making sure every voice is heard.
This is a defining moment. Polls don’t decide outcomes — people do. And the effort we put in together will make all the difference.
Whether you’ve been involved before or you’re thinking about stepping in for the first time, there’s a place for you. You can help by:
🔴 Talking with residents
🔴 Delivering information and materials
🔴 Supporting the team behind the scenes
🔴 Helping share our message online
This is about teamwork, visibility, and showing the strength of our community. Momentum matters, and staying active on the ground is how we make sure people have the facts they need.
If you’re able to join any of the upcoming sessions, let us know below — every person who gets involved helps move us forward.",https://events.labour.org.uk/event/531201
532145,Canvassing in Bargoed,Canvassing,2026-04-25 13:30:00,2026-04-25 15:00:00,"High St, Bargoed CF81 8RD, UK",CF818RD,Blaenau Gwent and Rhymney,W07000084,False,False,False,True,0,1,1,2,By the Angel statue,False,,"This is a door knocking session in the Blaenau Gwent Caerffili Rhymni Senedd constituency ahead of the election in May. Everyone is welcome, regardless of your experience. If you have any questions, please contact us on 07463 939028 or any of the following emails addresses: caerphillylabour@outlook.com; blaenauglabour@outlook.com; rhymneylabour@outlook.com.",https://events.labour.org.uk/event/532145
519949,🌹Canvassing in Hill Top🌹,National Campaign Weekend,2026-04-25 14:00:00,2026-04-25 15:30:00,"Winchester Road, West Bromwich, UK",B712NY,Tipton and Wednesbury,E14001547,False,False,False,True,0,0,0,3,,False,,Join us in Hill Top to help our amazing candidates to help spread Labour's message of renewal to residents! Never canvassed before? Don't worry! Training will be delivered on the day! 🌹,https://events.labour.org.uk/event/519949
519984,🌹Canvassing in Greets Green & Lyng🌹,National Campaign Weekend,2026-04-25 14:00:00,2026-04-25 15:30:00,"Hilton Street, West Bromwich, UK",B709TW,West Bromwich,E14001574,False,False,False,True,0,0,0,3,,False,,Join us in Greets Green and Lyng to help our amazing candidates to help spread Labour's message of renewal to residents! Never canvassed before? Don't worry! Training will be delivered on the day! 🌹,https://events.labour.org.uk/event/519984
525294,Listening in Dales,Canvassing,2026-04-25 14:00:00,2026-04-25 15:30:00,"Tesco Express, Tesco Express, Oakdale Road, Nottingham NG3 7EF, UK",NG37EF,Nottingham East,E14001410,False,False,False,True,0,0,0,2,"Oakdale road tesco, NG3 7EF",False,,Join the Nottingham East Labour team as we canvass for our MP Nadia and our amazing local Labour Councillors. Come and join us as we talk to voters and ask them about their local issues. It doesn't matter if you have never canvassed before you will be more than welcome and paired with a more experienced canvasser to help show you the ropes.,https://events.labour.org.uk/event/525294
531471,Canvassing in Little Venice with special guest,National Campaign Weekend,2026-04-25 14:00:00,2026-04-25 16:00:00,"City of Westminster College, Paddington Green Campus, Paddington Green, London, UK",W21NB,Queen's Park and Maida Vale,E14001435,False,False,False,True,0,6,6,2,,False,,Join Little Venice Labour on the doors as we speak to residents for National Campaign Weekend. We will be joined by a very special guest. Be sure not to miss it,https://events.labour.org.uk/event/531471
531843,Bentley Heath & The Royds canvassing with Lisa Worrell,Canvassing,2026-04-25 14:00:00,2026-04-25 16:00:00,"1 The Approach, Potters Bar, UK",EN62JT,Hertsmere,E14001284,False,False,False,True,0,1,1,2,,False,,"Join Lisa and the team out on the doorstep in the Bentley Heath & The Royds by-election.

With polling day on Thursday 7th May fast approaching, every conversation counts. Come along, meet residents, and help us build support across the ward.

Let’s get Lisa elected and add another strong local voice to the Potters Bar Labour team on Hertsmere Borough Council.",https://events.labour.org.uk/event/531843
532058,Campaign in Birmingham Northfield - National Campaign Weekend POSTAL VOTE CAMPAIGN DAY,Canvassing,2026-04-25 14:00:00,2026-04-25 15:30:00,"Quarry Lane & Winchester Gardens, Birmingham, UK",B312PZ,Birmingham Northfield,E14001097,False,False,False,True,0,2,2,3,Quarry Lane and Winchester Gardens,False,,"Join us in Birmingham Northfield speaking to voters ahead of the 2026 Birmingham elections, listening to any concerns they have.",https://events.labour.org.uk/event/532058
532119,Canvassing in Llantwit Major,Canvassing,2026-04-25 14:00:00,2026-04-25 16:00:00,"Spitzkop, Llantwit Major, UK",CF611RD,Vale of Glamorgan,W07000110,False,False,False,True,0,0,0,3,the entrance to Spitzkop,False,,"The Senedd election is just around the corner and this is our moment. Come and support our short campaign and help us reach voters while it matters most. New or experienced, everyone's welcome. We'll support you every step of the way. Every conversation counts. Get involved, make an impact, and be part of something positive.",https://events.labour.org.uk/event/532119
532528,Canvassing in St Paul's Cray,Canvassing,2026-04-25 14:00:00,2026-04-25 15:30:00,"Kelsey Road & Broomwood Road, Orpington, UK",BR52JH,Orpington,E14001417,False,False,False,True,0,0,0,2,,False,,"Join us in St Paul's Cray to talk to voters about their concerns and to campaign for the 2026 Local Elections with our candidates Chris, Debbie, and Janvier!
First time canvassing? No worries! We will buddy you up with an experienced team member to help you learn the ropes.",https://events.labour.org.uk/event/532528
533022,Campaigning with Ewan Macphee,Canvassing,2026-04-25 15:00:00,2026-04-25 16:30:00,"Howard Park Drive, Kilmarnock, UK",KA11SF,Kilmarnock and Loudoun,S14000110,False,False,False,True,0,0,0,1,,False,,"Join us in speaking to voters across Kilmarnock and the Irvine Valley for our fantastic candidate Ewan Macphee. We need your help to take on Reform and the SNP. Don't worry if you have never campaigned before, training will be provided by one of our more experienced volunteers.",https://events.labour.org.uk/event/533022
531576,National Campaign Weekend - Broad Green Labour Canvass for Croydon,National Campaign Weekend,2026-04-25 15:30:00,2026-04-25 17:00:00,"Lennard Rd, Croydon CR0 2UL, UK",CR02UL,Croydon West,E14001188,False,False,False,True,0,3,3,2,Corner of Kidderminster Road and Lennard Road,False,,Campaign for Croydon Labour,https://events.labour.org.uk/event/531576
531748,Welwyn Hatfield Canvassing,National Campaign Weekend,2026-04-25 15:30:00,2026-04-25 17:00:00,"Maple Grove & Sloansway, Welwyn Garden City, UK",AL71NF,Welwyn Hatfield,E14001573,False,False,False,True,100,0,0,3,,False,,Join Welwyn Hatfield Labour in the 2026 local election campaign. A full briefing will be provided at the start of every session and if you're new you can be paired up with an experienced door knocker until you're comfortable. Every volunteer makes a huge difference and we hope to see you on the doorstep soon.,https://events.labour.org.uk/event/531748
525165,Campaigning in Streatham Wells,Canvassing,2026-04-25 16:00:00,2026-04-25 17:30:00,"ODEON Streatham, Streatham High Road, London, UK",SW161PW,Streatham and Croydon North,E14001527,False,False,False,True,0,0,0,2,,False,,"Join us as we speak to residents in Streatham Wells ahead of the May 2026 local elections! There will be plenty of experienced campaigners and councillors, so if you've never campaigned before this will be the perfect starting point.",https://events.labour.org.uk/event/525165
527624,Arthurs Hill Door Knocking,Canvassing,2026-04-25 16:00:00,2026-04-25 17:30:00,"Iceland Supermarket Arthurs Hill, Stanhope Street, Newcastle upon Tyne, UK",NE45JT,Newcastle upon Tyne Central and West,E14001377,False,False,False,True,0,0,0,2,,False,,Join us for door knocking.,https://events.labour.org.uk/event/527624
530704,National Campaign Weekend Get Out the Postal Vote Colindale South,Campaigning,2026-04-25 16:00:00,2026-04-25 18:00:00,"Charcot Road & Colindale Avenue, London, UK",NW95HB,Hendon,E14001279,False,False,False,True,0,0,0,3,,False,,GOTPV,https://events.labour.org.uk/event/530704
531373,Campaigning in Roker,National Campaign Weekend,2026-04-25 16:00:00,2026-04-25 17:00:00,"Topcliff, Roker, Sunderland, UK",SR60QD,Sunderland Central,E14001531,False,False,False,True,0,0,0,2,Topcliff and Mulgrave Drive,False,,National Campaign Weekend,https://events.labour.org.uk/event/531373
532546,Canvassing in St Paul's Cray,Canvassing,2026-04-25 16:00:00,2026-04-25 17:30:00,"Broom Ave, Orpington, UK",BR53BT,Orpington,E14001417,False,False,False,True,0,0,0,2,meet at corner of Broom av and Broomwood rd,False,,"Join us in St Paul's Cray to talk to voters about their concerns and to campaign for the 2026 Local Elections with our candidates Chris, Debbie, and Janvier!
First time canvassing? No worries! We will buddy you up with an experienced team member to help you learn the ropes.",https://events.labour.org.uk/event/532546
533032,🌹Get out the postal vote in Topsham 🌹,National Campaign Weekend,2026-04-25 16:30:00,2026-04-25 18:30:00,"IKEA Exeter, Ikea Way, Exeter, UK",EX27RX,Exmouth and Exeter East,E14001232,False,False,False,True,50,3,3,2,"Outside IKEA, Exeter, EX2 7RX",False,,Join us as we knock on doors across Exeter and talk to as many postal voters as we can. No experience required - if it's your first time we can pair you with a more experienced volunteer.,https://events.labour.org.uk/event/533032
529555,Canvassing in Bede,Canvassing,2026-04-25 17:15:00,2026-04-25 18:45:00,"Hazel Grove & Acacia Crescent, Bedworth, UK",CV129DB,North Warwickshire and Bedworth,E14001400,False,False,False,True,0,0,0,3,First junction of Hazel Grove & Acacia Crescent (nearer Furnace Rd than the school).,False,,"Join Labour's candidate for Bede, Ivy Winters, speaking to voters about the issues that matter to them.",https://events.labour.org.uk/event/529555
526647,Canvassing in Bletchley Park,National Campaign Weekend,2026-04-26 10:30:00,2026-04-26 11:30:00,"Simpson Road & Staple Hall Road, Fenny Stratford, Bletchley, Milton Keynes, UK",MK11BA,Buckingham and Bletchley,E14001141,False,False,False,True,0,0,0,3,,False,,"Join the Bletchley Park team to speak to local residents on the doorstep about what matters to them, and how Labour is working nationally and locally to help people in Milton Keynes. Don't worry if you've never campaigned before, you'll be paired up with someone until you get the hang of it.",https://events.labour.org.uk/event/526647
527015,Canvassing in Peckham Rye ward 🌹 Labour Group session,National Campaign Weekend,2026-04-26 10:30:00,2026-04-26 12:30:00,"Harris Girls' Academy East Dulwich, Homestall Road, London, UK",SE220NR,Lewisham West and East Dulwich,E14001333,False,False,False,True,100,0,0,2,Harris Girls,False,,"⭐ Join Southwark Labour out on the doors in Peckham Rye ward speaking to residents about the issues that matter to them. If you've never canvassed before you'll be given a full briefing ahead of the session, and you can pair up with an experienced member of the team while you learn the ropes!",https://events.labour.org.uk/event/527015
527061,Canvassing in South Bermondsey ward 🌹 Labour Group session,National Campaign Weekend,2026-04-26 10:30:00,2026-04-26 12:30:00,"The Blue Market Bermondsey, Market Place, London, UK",SE163TS,Bermondsey and Old Southwark,E14001085,False,False,False,True,0,0,0,2,"The Blue Marketplace, Southwark Park Road SE16 3TS",False,,"⭐ Join Southwark Labour out on the doors in South Bermondsey ward speaking to residents about the issues that matter to them. If you've never canvassed before you'll be given a full briefing ahead of the session, and you can pair up with an experienced member of the team while you learn the ropes!",https://events.labour.org.uk/event/527061
532541,"Campaigning with Jenny Laing, Aberdeen Central",Campaigning,2026-04-26 10:30:00,2026-04-26 17:30:00,"Inn At The Park Hotel, Deemount Terrace, Aberdeen, UK",AB117RX,Aberdeen South,S14000061,False,False,False,True,0,0,0,1,Inn at the Park Hotel,False,,"Sessions start at 10.30, 2pm and 4pm, campaigning in each ward at differing times.
 
We will meet at Inn at the Park on each of these days, however if you cannot get to the meeting point please just call me on 07968959838.",https://events.labour.org.uk/event/532541
525794,Canvassing in Colliers Wood,National Campaign Weekend,2026-04-26 10:50:00,2026-04-26 13:00:00,"1 Crown Road, Morden, UK",SM45DD,Wimbledon,E14001586,False,False,False,True,0,0,0,1,,False,,"One of our National Campaign Weekend canvassing sessions on Sunday 26th April will take place in one of our target wards of Colliers Wood. We will be meeting at 10:50am in a location TBC. Do not worry if you have never done it before, we are a friendly bunch! Every sessions lasts only two hours - we would say there is no better way to spend a Sunday morning! You will always be paired up with someone if you are new who can show you the ropes.

If you have any questions or want to know a little bit more about canvassing just send me an email on hannah@mmlp.org.uk or call the office on 0208 542 4835. If you need a lift to the canvassing session just let us know and we can organise a lift there and back. We would love to have you on board!",https://events.labour.org.uk/event/525794
519963,🌹Canvassing in Tipton Green🌹,National Campaign Weekend,2026-04-26 11:00:00,2026-04-26 12:30:00,"Sherwood Avenue, Tipton, UK",DY48LG,Tipton and Wednesbury,E14001547,False,False,False,True,0,0,0,3,,False,,Join us in Tipton Green to help our amazing candidates to help spread Labour's message of renewal to residents! Never canvassed before? Don't worry! Training will be delivered on the day! 🌹,https://events.labour.org.uk/event/519963
519973,🌹Canvassing in Blackheath🌹,National Campaign Weekend,2026-04-26 11:00:00,2026-04-26 12:30:00,"Sandford Avenue, Rowley Regis, UK",B659LT,Smethwick,E14001478,False,False,False,True,0,0,0,2,,False,,Join us in Blackheath to help our amazing candidates to help spread Labour's message of renewal to residents! Never canvassed before? Don't worry! Training will be delivered on the day! 🌹,https://events.labour.org.uk/event/519973
526744,Canvassing in Great Linford!,National Campaign Weekend,2026-04-26 11:00:00,2026-04-26 12:30:00,"Smeaton Close, Blakelands, Milton Keynes, UK",MK145HR,Milton Keynes North,E14001370,False,False,False,True,0,3,3,3,,False,,"Help us win Great Linford Ward by joining George Humphrey Thomas, Naseem Khan, and Martin Petchey on the doorstep in Great Linford! Speaking to residents about their concerns and our work locally makes a huge difference. If you've never gone canvassing before, don't worry - we'll buddy you up with one of our experienced doorknockers.",https://events.labour.org.uk/event/526744
527046,Canvassing in Rye Lane ward 🌹 Labour Group session,National Campaign Weekend,2026-04-26 11:00:00,2026-04-26 13:00:00,"Peckham Rye Station, London, UK",SE155DQ,Peckham,E14001421,False,False,False,True,100,0,0,2,Peckham Rye Station,False,,"⭐ Join Southwark Labour out on the doors in Rye Lane ward speaking to residents about the issues that matter to them. If you've never canvassed before you'll be given a full briefing ahead of the session, and you can pair up with an experienced member of the team while you learn the ropes!",https://events.labour.org.uk/event/527046
527743,Campaigning in Styvechale,National Campaign Weekend,2026-04-26 11:00:00,2026-04-26 12:30:00,"87 Baginton Road, Coventry, UK",CV36FR,Coventry South,E14001182,False,False,False,True,0,1,1,2,,False,,Join us at 11am on Sunday 26th April at Baginton Road Post Office as we continue our campaign to keep Earlsdon in Labour hands! All members welcome - no experience needed!,https://events.labour.org.uk/event/527743
528155,Campaigning in Tottenham Hale,Canvassing,2026-04-26 11:00:00,2026-04-26 12:00:00,"Tottenham Hale Underground Station, London N17 9FY, UK",N179FY,Tottenham,E14001553,False,False,False,True,0,0,0,2,"Tottenham Hale tube station, N17 9FY",False,,"Join our Tottenham Hale team out on the doors speaking to residents about the issues that matter to them. If you've never canvassed before you'll be given a full briefing ahead of the session, and you can pair up with an experienced member of the team while you learn the ropes",https://events.labour.org.uk/event/528155
529684,🌹 Sunday NCW in Oval 🌹,National Campaign Weekend,2026-04-26 11:00:00,2026-04-26 12:30:00,"Oval Station, Kennington Park Rd, London, UK",SE114PP,Vauxhall and Camberwell Green,E14001559,False,False,False,True,0,2,2,2,,False,,"It's National Campaign Weekend! Join us as we speak to residents in Oval ahead of the May 2026 local elections! 

There will be plenty of experienced campaigners and councillors, so if you've never campaigned before this will be the perfect starting point. 

A full briefing will be given before kick-off. Let's do what is best for our neighbour, and keep Lambeth Labour.",https://events.labour.org.uk/event/529684
531543,"Campaigning in Balham Ward, Wandsworth Sunday 26th April (Morning)",Campaigning,2026-04-26 11:00:00,2026-04-26 12:30:00,"Clapham South Station, London, UK",SW49AH,Battersea,E14001081,False,False,False,True,200,0,0,2,,False,,"Please come to join Wandsworth Labour's campaign to elect THREE councillors in Balham Ward. 

On the weekend of 25th/26th April we shall be canvassing intensively in Balham.
This is our first session on Sunday 26th. 

Please bring a refillable water bottle, a mobile phone and a battery charging pack for your phone if possible.

For further details, please contact David Goldsworthy on 07715 988753",https://events.labour.org.uk/event/531543
531546,Canvassing in Grimsbury,Canvassing,2026-04-26 11:00:00,2026-04-26 12:30:00,"1 Longworth Close, Banbury, UK",OX163WN,Banbury,E14001072,False,False,False,True,0,0,0,3,,False,,Join Grimsbury councillors for a canvassing session. All welcome - training for new canvassers will be provided,https://events.labour.org.uk/event/531546
531671,Campaigning in Birley,Campaigning,2026-04-26 11:00:00,2026-04-26 12:30:00,"Jaunty Ave, Sheffield S12 3DD, UK",S123DD,Sheffield South East,E14001470,False,False,False,True,0,0,0,2,"Corner Jaunty Lane and Jaunty Ave, Sheffield S12 3DD",False,,Join us out on the doorstep to talk to residents about the issues that matter to them and help reelect Karen McGowan,https://events.labour.org.uk/event/531671
532158,NCW 🌹 Canvassing in HEHPS ward,National Campaign Weekend,2026-04-26 11:00:00,2026-04-26 12:30:00,"Highams Park Station, London, UK",E49LA,Chingford and Woodford Green,E14001167,False,False,False,True,0,0,0,3,Highams Park Station,False,,"National Campaign Weekend 🌹 Join our HEHPS team out on the doors speaking to residents about how Labour is tackling the cost of living head-on. If you've never canvassed before you'll be given a full briefing ahead of the session, and you can pair up with an experienced member of the team while you learn the ropes!",https://events.labour.org.uk/event/532158
532161,NCW 🌹 Canvassing in High Street ward,National Campaign Weekend,2026-04-26 11:00:00,2026-04-26 12:30:00,"Blackhorse Road & Northcote Road, London, UK",E177DH,Walthamstow,E14001563,False,False,False,True,0,0,0,2,Blackhorse Road and Northcote Road,False,,"National Campaign Weekend 🌹 Join our High Street team out on the doors speaking to residents about how Labour is tackling the cost of living head-on. If you've never canvassed before you'll be given a full briefing ahead of the session, and you can pair up with an experienced member of the team while you learn the ropes!",https://events.labour.org.uk/event/532161
532162,NCW 🌹 Canvassing in Hoe Street ward,National Campaign Weekend,2026-04-26 11:00:00,2026-04-26 12:30:00,"Grove Road & Beulah Road, London, UK",E179BU,Walthamstow,E14001563,False,False,False,True,0,0,0,2,Grove Road and Beulah Road,False,,"National Campaign Weekend 🌹 Join our Hoe Street team out on the doors speaking to residents about how Labour is tackling the cost of living head-on. If you've never canvassed before you'll be given a full briefing ahead of the session, and you can pair up with an experienced member of the team while you learn the ropes!",https://events.labour.org.uk/event/532162
532166,NCW 🌹 Canvassing in William Morris ward,National Campaign Weekend,2026-04-26 11:00:00,2026-04-26 12:30:00,"Diana Road & Forest Road, London, UK",E175LD,Walthamstow,E14001563,False,False,False,True,0,0,0,2,Diana Road and Forest Road,False,,"National Campaign Weekend 🌹 Join our William Morris team out on the doors speaking to residents about how Labour is tackling the cost of living head-on. If you've never canvassed before you'll be given a full briefing ahead of the session, and you can pair up with an experienced member of the team while you learn the ropes!",https://events.labour.org.uk/event/532166
530311,🌹Canvassing in Hateley Heath🌹,National Campaign Weekend,2026-04-26 12:00:00,2026-04-26 13:30:00,"Somerset Rd, West Bromwich B71 1HN, UK",B711HN,Tipton and Wednesbury,E14001547,False,False,False,True,0,0,0,3,The junction of Westmorland Road and Somerset Road,False,,Join us in Hatley Heath ward to help our amazing candidates to help spread Labour's message of renewal to residents! Never canvassed before? Don't worry! Training will be delivered on the day! 🌹,https://events.labour.org.uk/event/530311
531929,Canvassing in Hyde Park,National Campaign Weekend,2026-04-26 12:00:00,2026-04-26 14:00:00,"London NW1 5DH, UK",NW15DH,Cities of London and Westminster,E14001172,False,False,False,True,0,0,0,3,,False,,"Come and join our team as we speak to voters ahead of the May 2026 local elections. We will be out on the doorstep speaking to residents about the issues that matter most to them. If it is your first time canvassing, do not worry. We will pair you up with an experienced campaigner.",https://events.labour.org.uk/event/531929
525125,🌹 NCW in Brixton Rush Common 🌹,National Campaign Weekend,2026-04-26 13:00:00,2026-04-26 14:30:00,"Tesco, Tulse Hill, London, UK",SW22QB,Clapham and Brixton Hill,E14001175,False,False,False,True,0,0,0,2,,False,,"It's National Campaign Weekend! Join us as we speak to residents in Brixton Rush Common ahead of the May 2026 local elections! 

There will be plenty of experienced campaigners and councillors, so if you've never campaigned before this will be the perfect starting point. 

A full briefing will be given before kick-off. Let's do what is best for our neighbour, and keep Lambeth Labour.",https://events.labour.org.uk/event/525125
530679,Canvassing in Crofton Park,National Campaign Weekend,2026-04-26 13:00:00,2026-04-26 15:00:00,"The Chandos, Brockley Rise, London, UK",SE231LN,Lewisham West and East Dulwich,E14001333,False,False,False,True,0,0,0,2,The Chandos,False,,"Join our Crofton Park teams out on the doors speaking to residents about the issues that matter to them. If you've never canvassed before you'll be given a full briefing ahead of the session, and you can pair up with an experienced member of the team while you learn the ropes!",https://events.labour.org.uk/event/530679
531118,Campaigning in Fallowfield- Sunday 26th April 1pm,Canvassing,2026-04-26 13:00:00,2026-04-26 14:30:00,"ALDI, Lloyd Street South, Fallowfield, Manchester, UK",M147LA,Manchester Rusholme,E14001353,False,False,False,True,0,1,1,2,,False,,"The Fallowfield Councillors will be joined by activists to chat to residents, and show that Labour is here to help. If you're an experienced campaigner, or new to door knocking and looking to get involved, please come along to help us listen to people's concerns. If you're new to campaigning, we're happy to support you and can pair you up with an experienced colleague. We hope to see you there! 🌹",https://events.labour.org.uk/event/531118
531905,Women’s Campaign Event,Canvassing,2026-04-26 13:00:00,2026-04-26 15:00:00,"Connel Crescent, Mauchline, UK",KA55AT,Kilmarnock and Loudoun,S14000110,False,False,False,True,0,0,0,1,Connell Crescent,False,,"Women’s event
Door knocking and leafleting with Carol Mochan",https://events.labour.org.uk/event/531905
533029,🌹Get out the postal vote in Alphington 🌹,National Campaign Weekend,2026-04-26 13:30:00,2026-04-26 15:30:00,"Loram Way & Moonhill Close, Exeter, UK",EX28GG,Exeter,E14001231,False,False,False,True,50,0,0,2,"Junction of Moonhill Close & Loram Way, EX2 8GG",False,,Join us as we knock on doors across Exeter and talk to as many postal voters as we can. No experience required - if it's your first time we can pair you with a more experienced volunteer.,https://events.labour.org.uk/event/533029
520094,🌹Canvassing in Newton 🌹,National Campaign Weekend,2026-04-26 14:00:00,2026-04-26 15:30:00,"Churchfields Way, West Bromwich, UK",B714DP,West Bromwich,E14001574,False,False,False,True,0,0,0,3,the junction of Churchfields Way and Church Vale,False,,Join us in Newton ward to help our amazing candidates to help spread Labour's message of renewal to residents! Never canvassed before? Don't worry! Training will be delivered on the day! 🌹,https://events.labour.org.uk/event/520094
525298,Listening in Lenton and Wollaton East,Canvassing,2026-04-26 14:00:00,2026-04-26 15:15:00,"Holy Trinity Church, Lenton, Church Street, Lenton, Nottingham NG7 2FF, UK",NG72FF,Nottingham South,E14001412,False,False,False,True,0,2,2,2,"Holy Trinity Church, Lenton, NG7 2FF",False,,Join the Nottingham South Labour team as we canvass for our MP Lillian and our amazing local Labour Councillors. Come and join us as we talk to voters and ask them about their local issues. It doesn't matter if you have never canvassed before you will be more than welcome and paired with a more experienced canvasser to help show you the ropes.,https://events.labour.org.uk/event/525298
526963,Canvassing in Chaucer ward 🌹 Labour Group session,National Campaign Weekend,2026-04-26 14:00:00,2026-04-26 16:00:00,"The Roebuck, Great Dover Street, London, UK",SE14YG,Bermondsey and Old Southwark,E14001085,False,False,False,True,100,0,0,2,Roebuck Great Dover Street,False,,"⭐ Join Southwark Labour out on the doors in Chaucer ward speaking to residents about the issues that matter to them. If you've never canvassed before you'll be given a full briefing ahead of the session, and you can pair up with an experienced member of the team while you learn the ropes!",https://events.labour.org.uk/event/526963
530761,Penge & Cator Social Leafletting,Leafletting,2026-04-26 14:00:00,2026-04-26 15:30:00,"Sydenham Avenue, London SE26 6UH, UK",SE266UH,Beckenham and Penge,E14001083,False,False,False,True,0,0,0,3,Corner Crystal Palace Park Road and Sydenham Avenue,False,,Join your local councillors campaigning in Penge and Cator.  We'll be delivering leaflets to the Chulsa estate and afterwards going for a drink the Bridge House pub,https://events.labour.org.uk/event/530761
531519,Senedd 2026 - Canvassing in Rhuddlan,Canvassing,2026-04-26 14:00:00,2026-04-26 16:00:00,"Highland's Rd, Rhuddlan, Rhyl LL18 2SA, UK",LL182SA,Clwyd North,W07000095,False,False,False,True,0,1,1,3,The entrance to Highland's Road,False,,Hello members and supporters! The Senedd campaign is underway. We are weeks out from polling day and we need your help to get as many of our candidates elected. See you on the doors!,https://events.labour.org.uk/event/531519
531845,Bentley Heath & The Royds canvassing with Lisa Worrell,Canvassing,2026-04-26 14:00:00,2026-04-26 16:00:00,"St John's Methodist Church, Baker Street, Potters Bar, UK",EN62DZ,Hertsmere,E14001284,False,False,False,True,0,1,1,2,,False,,"Join Lisa and the team out on the doorstep in the Bentley Heath & The Royds by-election.

With polling day on Thursday 7th May fast approaching, every conversation counts. Come along, meet residents, and help us build support across the ward.

Let’s get Lisa elected and add another strong local voice to the Potters Bar Labour team on Hertsmere Borough Council.",https://events.labour.org.uk/event/531845
532171,NCW 🌹 Canvassing in Grove Green ward,National Campaign Weekend,2026-04-26 14:00:00,2026-04-26 15:30:00,"Hainault Road, London, UK",E111EJ,Leyton and Wanstead,E14001334,False,False,False,True,0,0,0,2,Belgrave and Hainault Road,False,,"National Campaign Weekend 🌹 Join our Grove Green team out on the doors speaking to residents about how Labour is tackling the cost of living head-on. If you've never canvassed before you'll be given a full briefing ahead of the session, and you can pair up with an experienced member of the team while you learn the ropes!",https://events.labour.org.uk/event/532171
532511,Canvassing in Nunhead and Queen's Road ward,Canvassing,2026-04-26 14:00:00,2026-04-26 16:00:00,"Queens Road Peckham station, London, UK",SE152ND,Peckham,E14001421,False,False,False,True,100,0,0,2,Queens Road station,False,,"⭐ Join Southwark Labour out on the doors in Nunhead speaking to residents about the issues that matter to them. If you've never canvassed before you'll be given a full briefing ahead of the session, and you can pair up with an experienced member of the team while you learn the ropes!",https://events.labour.org.uk/event/532511
532526,Canvassing in St Mary's & St James' ward,Canvassing,2026-04-26 14:00:00,2026-04-26 16:00:00,"Essex Road Station, London, UK",N12SU,Islington South and Finsbury,E14001306,False,False,False,True,0,0,0,2,Essex Road Station,False,,"Join our St Mary's & St James' team out on the doors speaking to residents about the issues that matter to them. If you've never canvassed before you'll be given a full briefing ahead of the session, and you can pair up with an experienced member of the team while you learn the ropes!",https://events.labour.org.uk/event/532526
532890,Campaigning in Walkley,Canvassing,2026-04-26 14:00:00,2026-04-26 15:30:00,"Walkley Green, South Road, Sheffield, UK",S63TE,Sheffield Central,E14001467,False,False,False,True,0,1,1,2,"Walkley Green, opposite Asda, South Road",False,,Join us on the doorstep to re-elect Cllr Tom Hunt on Thursday 7 May. We'll provide a briefing beforehand and pair newcomers with experienced campaigners.,https://events.labour.org.uk/event/532890
529495,Kempston Central & East - 26/04/2026,Canvassing,2026-04-26 14:30:00,2026-04-26 16:30:00,"Stuart Rd, Kempston, Bedford MK42 8HS, UK",MK428HS,Bedford,E14001084,False,False,False,True,0,0,0,1,Stuart Road and Springfield Avenue,False,,Join your local councillors speaking to local residents,https://events.labour.org.uk/event/529495
531722,Sunday Canvass in Priory Vale,Canvassing,2026-04-26 15:30:00,2026-04-26 17:00:00,"Braxton Rd, Swindon SN25 1SF, UK",SN251SF,Swindon North,E14001536,False,False,False,True,0,0,0,3,corner of Friday st and Braxton rd SN25 1SF,False,,Come and Join our team on the doorstep in Haydon Wick.,https://events.labour.org.uk/event/531722
521312,Selhurst Ward - People First Canvass,Canvassing,2026-04-26 16:00:00,2026-04-26 17:30:00,"Whitehorse Rd, Croydon CR0 2JB, UK",CR02JB,Croydon West,E14001188,False,False,False,True,0,0,0,2,Corner of Whitehorse Road and Devonshire Road,False,,"Join your Selhurst councillors for a local canvass in Selhurst. We'll be out speaking to residents, listening to concerns, and sharing Rowenna's People First plan to tackle the issues people are raising most, fly tipping, anti-social behaviour, housing repairs and potholes. No experience needed. Just come along for an hour (or more), meet neighbours, and help us build the change Selhurst and Croydon need. DM to get the meeting point and time on 07958121079.",https://events.labour.org.uk/event/521312
532298,🌹Creekside Canvassing🌹,National Campaign Weekend,2026-04-26 16:00:00,2026-04-26 17:00:00,"McMillan St, London SE8 3EZ, UK",SE83EZ,Greenwich and Woolwich,E14001257,False,False,False,True,0,1,1,2,Outside the Armada Community Hub,False,,"We're meeting by the Armada Community Hub for a quick post-Martahon canvass.

Join us as we get out on the doorstep talking to resdients in Greenwich Creekside. First time canvassers are welcome and we'll make sure you are teamed up with someone to help you find your feet!",https://events.labour.org.uk/event/532298
532138,Canvassing in Llantwit Major,Canvassing,2026-04-26 16:15:00,2026-04-26 17:30:00,"Llys Dewi, Llantwit Major, UK",CF612UA,Vale of Glamorgan,W07000110,False,False,False,True,0,0,0,3,the entrance to Llys Dewi,False,,"The Senedd election is just around the corner and this is our moment. Come and support our short campaign and help us reach voters while it matters most. New or experienced, everyone's welcome. We'll support you every step of the way. Every conversation counts. Get involved, make an impact, and be part of something positive.",https://events.labour.org.uk/event/532138
526969,Canvassing in Dulwich Hill ward 🌹 Labour Group session,Canvassing,2026-04-26 17:00:00,2026-04-26 19:00:00,"The Herne Tavern, Forest Hill Road, London, UK",SE220RR,Lewisham West and East Dulwich,E14001333,False,False,False,True,100,0,0,2,Herne Tavern,False,,"⭐ Join Southwark Labour out on the doors in Dulwich Hill ward speaking to residents about the issues that matter to them. If you've never canvassed before you'll be given a full briefing ahead of the session, and you can pair up with an experienced member of the team while you learn the ropes!",https://events.labour.org.uk/event/526969
532193,5pm Sunday door knocking with Neil Bibby,Canvassing,2026-04-26 17:00:00,2026-04-26 18:30:00,"Peacock Dr, Paisley PA2 9AT, UK",PA29AT,Paisley and Renfrewshire South,S14000102,False,False,False,True,0,1,1,3,Where Peacock Dr meets Fulbar Rd,False,,"Join Team Bibby on Sunday for door knocking and help speak to as many voters as possible ahead of the election on 7 May. Even if you can spare half an hour, any time will help make a difference to the result in Paisley. 

Don't worry if you've never door knocked before, there will be plenty of people to show you the ropes.",https://events.labour.org.uk/event/532193
532892,Campaigning in Walkley,Canvassing,2026-04-26 17:00:00,2026-04-26 18:30:00,"Robertson Road, Sheffield, UK",S65DN,Sheffield Central,E14001467,False,False,False,True,0,0,0,2,Junction of Robertson Rd with Linaker Rd,False,,Join us on the doorstep to re-elect Cllr Tom Hunt on Thursday 7 May. We'll provide a briefing beforehand and pair newcomers with experienced campaigners.,https://events.labour.org.uk/event/532892
532423,Campaigning in Baguley - Monday 27th April 11.30am,Canvassing,2026-04-27 11:30:00,2026-04-27 13:00:00,"Tree of Life Community Centre, Greenbrow Road, Wythenshawe, Manchester, UK",M232UE,Wythenshawe and Sale East,E14001602,False,False,False,True,0,0,0,2,,False,,"The Baguley Councillors will be joined by activists to chat to residents, and show that Labour is here to help. If you're an experienced campaigner, or new to door knocking and looking to get involved, please come along to help us listen to people's concerns. If you're new to campaigning, we're happy to support you and can pair you up with an experienced colleague. We hope to see you there! 🌹",https://events.labour.org.uk/event/532423
522820,Canvassing in Alyn and Deeside,Canvassing,2026-04-27 14:00:00,2026-04-27 16:00:00,"Corporation Street & Evans Street, Flint, UK",CH65XA,Alyn and Deeside,W07000082,False,False,False,True,0,0,0,2,"Corporation Street & Evans Street, Flint, UK",False,,"Join us canvassing in Fflint-Wrecsam! If you've never canvassed before, or haven't for a while, don't worry - you'll be paired with an experienced canvasser who will guide you and show you the ropes. Simply RSVP so we know to expect you, and see you there!",https://events.labour.org.uk/event/522820
529799,Canvassing in St Giles ward 🌹 Labour Group session,Canvassing,2026-04-27 14:00:00,2026-04-27 16:00:00,"132 Benhill Road, London SE5 7LZ, UK",SE57LZ,Peckham,E14001421,False,False,False,True,0,0,0,2,"132 Benhill Road, SE5 7LZ",False,,"⭐ Join Southwark Labour out on the doors in St Giles ward speaking to residents about the issues that matter to them. If you've never canvassed before you'll be given a full briefing ahead of the session, and you can pair up with an experienced member of the team while you learn the ropes!",https://events.labour.org.uk/event/529799
524721,Campaigning in Old Trafford,Canvassing,2026-04-27 17:00:00,2026-04-27 18:30:00,"Seymour Grove, Old Trafford, Stretford, Manchester M16 0LW, UK",M160LW,Stretford and Urmston,E14001528,False,False,False,True,0,0,0,2,corner of Ayres Road and Seymour Grove,False,,"Come join the Old Trafford team campaigning in our ward. We're a friendly bunch, and if you're new to canvassing, we're happy to support you. We can pair you up with an experienced canvasser. We're keen to find out how voters are feeling about local and national issues. Contact Ben Slater",https://events.labour.org.uk/event/524721
522821,Canvassing in Alyn and Deeside,Canvassing,2026-04-27 17:30:00,2026-04-27 19:30:00,"Viking Way & Agenora Close, Connah's Quay, Deeside, UK",CH54JH,Alyn and Deeside,W07000082,False,False,False,True,0,0,0,2,"Viking Way & Agenora Close, Connah's Quay, Deeside, UK",False,,"Join us canvassing in Fflint-Wrecsam! If you've never canvassed before, or haven't for a while, don't worry - you'll be paired with an experienced canvasser who will guide you and show you the ropes. Simply RSVP so we know to expect you, and see you there!",https://events.labour.org.uk/event/522821
529876,Canvassing - TROWBRIDGE,Canvassing,2026-04-27 17:30:00,2026-04-27 19:30:00,"Brynbala Way / Hendre Road, Rumney, Cardiff, UK",CF31RP,Cardiff East,W07000089,False,False,False,True,0,0,0,2,,False,,Join our Senedd candidates as we carry on campaigning ahead of the Senedd election day in May,https://events.labour.org.uk/event/529876
519907,Camden Phonebanking,Phonebanking,2026-04-27 18:00:00,2026-04-27 19:30:00,"Malden Rd, London NW5 4DA, UK",NW54DA,Holborn and St Pancras,E14001290,True,False,False,True,0,2,2,2,Address will be circulated once you have RSVP'd,False,,"Join us for phonebanking in Camden every Tuesday night, talking to voters and members ahead of the elections on 7th May 2026.",https://events.labour.org.uk/event/519907
527084,Canvassing in Chaucer ward 🌹 Labour Group session,Canvassing,2026-04-27 18:00:00,2026-04-27 20:00:00,"The Roebuck, Great Dover Street, London, UK",SE14YG,Bermondsey and Old Southwark,E14001085,False,False,False,True,0,0,0,2,Roebuck Great Dover Street,False,,"⭐ Join Southwark Labour out on the doors in Chaucer ward speaking to residents about the issues that matter to them. If you've never canvassed before you'll be given a full briefing ahead of the session, and you can pair up with an experienced member of the team while you learn the ropes!",https://events.labour.org.uk/event/527084
527096,Canvassing in London Bridge and West Bermondsey ward 🌹 Labour Group session,Canvassing,2026-04-27 18:00:00,2026-04-27 20:00:00,"Casse-Croûte, Bermondsey Street, London, UK",SE13XB,Bermondsey and Old Southwark,E14001085,False,False,False,True,0,0,0,2,Casse-Croute,False,,"⭐ Join Southwark Labour out on the doors in London Bridge and West Bermondsey ward speaking to residents about the issues that matter to them. If you've never canvassed before you'll be given a full briefing ahead of the session, and you can pair up with an experienced member of the team while you learn the ropes!",https://events.labour.org.uk/event/527096
527140,Canvassing in Rye Lane ward 🌹 Labour Group session,Canvassing,2026-04-27 18:30:00,2026-04-27 20:30:00,"Peckham Rye Station, London, UK",SE155DQ,Peckham,E14001421,False,False,False,True,0,0,0,2,Peckham Rye Station,False,,"⭐ Join Southwark Labour out on the doors in Rye Lane ward speaking to residents about the issues that matter to them. If you've never canvassed before you'll be given a full briefing ahead of the session, and you can pair up with an experienced member of the team while you learn the ropes!",https://events.labour.org.uk/event/527140
520095,🌹Canvassing in Newton 🌹,Canvassing,2026-04-28 14:00:00,2026-04-28 16:00:00,"Jayshaw Ave, Birmingham B43 5RJ, UK",B435RJ,West Bromwich,E14001574,False,False,False,True,0,0,0,3,the junction of Jayshaw Avenue and Walsall Road,False,,Join us in Newton ward to help our amazing candidates to help spread Labour's message of renewal to residents! Never canvassed before? Don't worry! Training will be delivered on the day! 🌹,https://events.labour.org.uk/event/520095
522823,Canvassing in Alyn and Deeside,Canvassing,2026-04-28 14:00:00,2026-04-28 16:00:00,"Chevrons Road & North Street, Deeside, UK",CH51JU,Alyn and Deeside,W07000082,False,False,False,True,0,1,1,2,"Chevrons Road & North Street, Deeside, UK",False,,"Join us canvassing in Fflint-Wrecsam! If you've never canvassed before, or haven't for a while, don't worry - you'll be paired with an experienced canvasser who will guide you and show you the ropes. Simply RSVP so we know to expect you, and see you there!",https://events.labour.org.uk/event/522823
523011,Southbourne and Tuckton Canvassing,Canvassing,2026-04-28 16:00:00,2026-04-28 17:30:00,"Saxonbury Road & Athelstan Road, Bournemouth, UK",BH65ND,Bournemouth East,E14001115,False,False,False,True,0,0,0,3,,False,,"Help Tom Hayes MP and our local Labour councillors meet with and hear residents' concerns so we can build a better Bournemouth together.

This is vital campaigning - every conversation, all year round, enables us to understand what matters to local people, drive change for them, and lay the foundation for success at future elections.

If you're new to campaigning, not to worry! We'll pair you up with an experienced campaigner to help you learn the ropes at your own pace.

If you need help, please call Chris on 07450 958795.",https://events.labour.org.uk/event/523011
522824,Canvassing in Alyn and Deeside,Canvassing,2026-04-28 17:30:00,2026-04-28 19:30:00,"Clwyd Street & Chevrons Road, Deeside, UK",CH51LL,Alyn and Deeside,W07000082,False,False,False,True,0,0,0,2,Clwyd Street and Chevrons Road,False,,"Join us canvassing in Fflint-Wrecsam! If you've never canvassed before, or haven't for a while, don't worry - you'll be paired with an experienced canvasser who will guide you and show you the ropes. Simply RSVP so we know to expect you, and see you there!",https://events.labour.org.uk/event/522824
524478,"Highwoods Canvassing - Tuesday 28th April, 6pm",Canvassing,2026-04-28 18:00:00,2026-04-28 19:00:00,"Gavin Way, Highwoods, Colchester, UK",CO49EY,Colchester,E14001176,False,False,False,True,20,0,0,3,Meet at 71 Gavin Way,False,,Come and meet the voters of Highwoods with Councillor Jocelyn Law and team. Check the forecast and dress appropriately.,https://events.labour.org.uk/event/524478
527152,Canvassing in South Bermondsey ward 🌹 Labour Group session,Canvassing,2026-04-28 18:00:00,2026-04-28 20:00:00,"The Blue Market Bermondsey, Market Place, London, UK",SE163TS,Bermondsey and Old Southwark,E14001085,False,False,False,True,0,1,1,2,"The Blue Marketplace, Southwark Park Road SE16 3TS",False,,"⭐ Join Southwark Labour out on the doors in South Bermondsey ward speaking to residents about the issues that matter to them. If you've never canvassed before you'll be given a full briefing ahead of the session, and you can pair up with an experienced member of the team while you learn the ropes!",https://events.labour.org.uk/event/527152
528020,"Wivenhoe canvassing - Tuesday 28th April, 6pm",Canvassing,2026-04-28 18:00:00,2026-04-28 19:00:00,"East of England Co-op Food Store, The Avenue, Wivenhoe, The Avenue, Wivenhoe, Colchester, UK",CO79AH,Harwich and North Essex,E14001273,False,False,False,True,20,0,0,2,Meet at Wivenhoe Co-Op,False,,Come and meet the residents of Wivenhoe with councillor Julie Young and team. Check the weather forecast and dress appropriately. Bring a smile and a willingness to help local people..,https://events.labour.org.uk/event/528020
530240,Canvassing in Southbury ward,Canvassing,2026-04-28 18:00:00,2026-04-28 19:00:00,"George Spicer Primary School, Southbury Road, Enfield, Middlesex, UK",EN11YF,Enfield North,E14001225,False,False,False,True,0,0,0,2,George Spicer Primary School,False,,"Join our Southbury team out on the doors speaking to residents about the issues that matter to them. If you've never canvassed before you'll be given a full briefing ahead of the session, and you can pair up with an experienced member of the team while you learn the ropes!",https://events.labour.org.uk/event/530240
532351,Campaigning in Longsight - Tuesday 28th April 6pm,Canvassing,2026-04-28 18:00:00,2026-04-28 19:30:00,"Northmoor Community Centre, Northmoor Road, Longsight, Manchester, UK",M125RT,Gorton and Denton,E14001251,False,False,False,True,0,0,0,2,,False,,"The Longsight Councillors will be joined by activists to chat to residents, and show that Labour is here to help. If you're an experienced campaigner, or new to door knocking and looking to get involved, please come along to help us listen to people's concerns. If you're new to campaigning, we're happy to support you and can pair you up with an experienced colleague. We hope to see you there! 🌹",https://events.labour.org.uk/event/532351
532536,"Campaigning with Jenny Laing, Aberdeen Central",Campaigning,2026-04-28 18:00:00,2026-04-28 20:00:00,"Inn At The Park Hotel, Deemount Terrace, Aberdeen, UK",AB117RX,Aberdeen South,S14000061,False,False,False,True,0,0,0,1,Inn at the Park Hotel,False,,If you cannot get to the meeting point please just call Willie on 07968959838.,https://events.labour.org.uk/event/532536
532880,Canvassing in Goose Green ward 🌹 Labour Group session,Canvassing,2026-04-28 18:00:00,2026-04-28 20:00:00,"JOE & THE JUICE, 96 Lordship Ln, London SE22 8HF, UK",SE228HF,Lewisham West and East Dulwich,E14001333,False,False,False,True,0,0,0,2,"Joe and the Juice 96 Lordship Ln, London SE22 8HF, UK",False,,"⭐ Join Southwark Labour out on the doors in Goose Green ward speaking to residents about the issues that matter to them. If you've never canvassed before you'll be given a full briefing ahead of the session, and you can pair up with an experienced member of the team while you learn the ropes!",https://events.labour.org.uk/event/532880
531927,Worthing Town Centre Street Stall,Street Stall,2026-04-29 10:00:00,2026-04-29 12:00:00,"Waterstones, Montague Street, Worthing, UK",BN113HA,Worthing West,E14001599,False,False,False,True,0,1,1,3,,False,,"Join us in Worthing as we talk to Voters in Worthing, get out leaflets and make sure people know baout all the good work we're doing in Worthing!",https://events.labour.org.uk/event/531927
529592,Delivering and canvassing in  Tongwynlais 11am Wednesday 29 April,Canvassing,2026-04-29 11:00:00,2026-04-29 12:30:00,"Tongwynlais Primary School, Merthyr Road, Cardiff, UK",CF157LF,Cardiff North,W07000090,False,False,False,True,0,1,1,2,entrance to Cae Lewis opposite Tongwynlais Primary School,False,,"Join us delivering and canvassing in central Tongwynlais - bus route 132
With our 8 Senedd candidates headed by Shav Taj of Wales TUC, Cllr Jackie Jones (MEP 2019-20) Cllrs Dan De`Ath and Sarah Merry we have a great story to tell - Keep the gains made by Welsh Labour in power - free prescriptions, free school meals, keeping EMA, the Social Partnership and Public Procurement Act - our Red Welsh Way. Now reinforced by the New Deal for Working People.",https://events.labour.org.uk/event/529592
532505,Canvassing in Balderstone and Kirkholt (morning),Canvassing,2026-04-29 11:00:00,2026-04-29 12:30:00,"The Strand, Rochdale OL11 2JG, UK",OL112JG,Rochdale,E14001446,False,False,False,True,0,0,0,2,"The Strand, Rochdale OL11 2JG",False,,Join the local Labour Party on the doors as we campaign for our local councillors in Rochdale Borough ahead of polling day on the 7th May.,https://events.labour.org.uk/event/532505
524722,Campaigning in Old Trafford,Canvassing,2026-04-29 17:00:00,2026-04-29 18:30:00,"Maher Gardens, Manchester M15 5PW, UK",M155PW,Stretford and Urmston,E14001528,False,False,False,True,0,0,0,2,corner of Maher Gardens and Tamworth Street,False,,"Come join the Old Trafford team campaigning in our ward. We're a friendly bunch, and if you're new to canvassing, we're happy to support you. We can pair you up with an experienced canvasser. We're keen to find out how voters are feeling about local and national issues. Contact Ben Slater",https://events.labour.org.uk/event/524722
526639,Canvassing in Bletchley Park,Campaigning,2026-04-29 17:00:00,2026-04-29 18:30:00,"19 Shenley Road, Bletchley, Milton Keynes, UK",MK36HA,Buckingham and Bletchley,E14001141,False,False,False,True,0,0,0,3,,False,,"Join the Bletchley Park team to speak to local residents on the doorstep about what matters to them, and how Labour is working nationally and locally to help people in Milton Keynes. Don't worry if you've never campaigned before, you'll be paired up with someone until you get the hang of it.",https://events.labour.org.uk/event/526639
519985,🌹Canvassing in Greets Green & Lyng🌹,Canvassing,2026-04-29 17:30:00,2026-04-29 19:00:00,"Atlas Grove, West Bromwich, UK",B709EB,West Bromwich,E14001574,False,False,False,True,0,0,0,3,,False,,Join us in Greets Green and Lyng to help our amazing candidates to help spread Labour's message of renewal to residents! Never canvassed before? Don't worry! Training will be delivered on the day! 🌹,https://events.labour.org.uk/event/519985
521313,Selhurst Ward - People First Canvass,Canvassing,2026-04-29 18:00:00,2026-04-29 19:30:00,"St James's Rd, Croydon CR0 2UU, UK",CR02UU,Croydon West,E14001188,False,False,False,True,0,0,0,2,Corner of St James's Road and Thornhill Road,False,,"Join your Selhurst councillors for a local canvass in Selhurst. We'll be out speaking to residents, listening to concerns, and sharing Rowenna's People First plan to tackle the issues people are raising most, fly tipping, anti-social behaviour, housing repairs and potholes. No experience needed. Just come along for an hour (or more), meet neighbours, and help us build the change Selhurst and Croydon need. DM to get the meeting point and time on 07958121079.",https://events.labour.org.uk/event/521313
523827,Coley doorknocking (Re-elect Ellie Emberson),Canvassing,2026-04-29 18:00:00,2026-04-29 19:30:00,"The Coley Park Community Centre, Wensley Road, Coley Park, Reading, UK",RG16DW,Reading Central,E14001438,False,False,False,True,0,1,1,2,,False,,"Join us as we speak to residents ahead of the local election on 7 May. Ellie is seeking voters support for a third time. 

Do not worry if you have not canvassed before, you can shadow before you feel comfortable!",https://events.labour.org.uk/event/523827
527114,Canvassing in North Walworth ward 🌹 Labour Group session,Canvassing,2026-04-29 18:00:00,2026-04-29 20:00:00,"The Rocketvan Coffee Shop and The Box Shop Bar, Brandon Street, London, UK",SE171AL,Peckham,E14001421,False,False,False,True,0,0,0,2,Rocketvan Coffee Shop,False,,"⭐ Join Southwark Labour out on the doors in North Walworth ward speaking to residents about the issues that matter to them. If you've never canvassed before you'll be given a full briefing ahead of the session, and you can pair up with an experienced member of the team while you learn the ropes!",https://events.labour.org.uk/event/527114
532882,Canvassing in Goose Green ward 🌹 Labour Group session,Canvassing,2026-04-29 18:00:00,2026-04-29 20:00:00,"JOE & THE JUICE, 96 Lordship Ln, London SE22 8HF, UK",SE228HF,Lewisham West and East Dulwich,E14001333,False,False,False,True,0,0,0,2,"Joe and the Juice 96 Lordship Ln, London SE22 8HF, UK",False,,"⭐ Join Southwark Labour out on the doors in Goose Green ward speaking to residents about the issues that matter to them. If you've never canvassed before you'll be given a full briefing ahead of the session, and you can pair up with an experienced member of the team while you learn the ropes!",https://events.labour.org.uk/event/532882
527384,Canvassing in Upper Stratton,Canvassing,2026-04-30 10:30:00,2026-04-30 12:00:00,"1 Jutland Avenue, Swindon, UK",SN27AG,Swindon North,E14001536,False,False,False,True,0,2,2,3,Corner of Hedlands gv and Jutland Ave SN2 7AG,False,,Come and join our team on the doors in Upper Stratton.,https://events.labour.org.uk/event/527384
532519,Canvassing in Littleborough Lakeside (morning),Canvassing,2026-04-30 11:00:00,2026-04-30 12:30:00,"Littleborough War Memorial, Littleborough OL15 8DE, UK",OL158DE,Rochdale,E14001446,False,False,False,True,0,0,0,2,"Littleborough War Memorial, Littleborough OL15 8DE",False,,Join the local Labour Party on the doors as we campaign for our local councillors in Rochdale Borough ahead of polling day on the 7th May.,https://events.labour.org.uk/event/532519
528033,"Greenstead canvassing - Thursday 30th April, 1pm",Canvassing,2026-04-30 13:00:00,2026-04-30 14:00:00,"Greenstead Community Centre, Hawthorn Avenue, Colchester, UK",CO43QE,Colchester,E14001176,False,False,False,True,20,0,0,3,Meet at Greenstead Community Centre car park,False,,Come and meet the residents of Greenstead with councillor Julie Young and team. Check the weather forecast and dress appropriately. Bring a smile and a willingness to help local people..,https://events.labour.org.uk/event/528033
530022,Canvassing - RUMNEY,Canvassing,2026-04-30 14:30:00,2026-04-30 16:30:00,"Thackeray, Newport Road, Rumney, Cardiff, UK",CF34FB,Cardiff East,W07000089,False,False,False,True,0,0,0,2,,False,,Join our Senedd candidates as we carry on campaigning ahead of the Senedd election day in May,https://events.labour.org.uk/event/530022
520210,🌹Canvassing in Old Warley🌹,Canvassing,2026-04-30 16:00:00,2026-04-30 17:30:00,"Charter Pl, Oldbury, UK",B680PD,Smethwick,E14001478,False,False,False,True,0,0,0,2,,False,,Join us in Old Warley to help our amazing candidates to help spread Labour's message of renewal to residents! Never canvassed before? Don't worry! Training will be delivered on the day! 🌹,https://events.labour.org.uk/event/520210
523005,Southbourne and Tuckton Canvassing,Canvassing,2026-04-30 16:00:00,2026-04-30 17:30:00,"Ken Road & Tuckton Road, Southbourne, Bournemouth, UK",BH63EU,Bournemouth East,E14001115,False,False,False,True,0,0,0,3,,False,,"Help Tom Hayes MP and our local Labour councillors meet with and hear residents' concerns so we can build a better Bournemouth together.

This is vital campaigning - every conversation, all year round, enables us to understand what matters to local people, drive change for them, and lay the foundation for success at future elections.

If you're new to campaigning, not to worry! We'll pair you up with an experienced campaigner to help you learn the ropes at your own pace.

If you need help, please call Chris on 07450 958795.",https://events.labour.org.uk/event/523005
519964,🌹Canvassing in Tipton Green🌹,Canvassing,2026-04-30 17:30:00,2026-04-30 19:00:00,"Manor Road, Tipton, UK",DY48PR,Tipton and Wednesbury,E14001547,False,False,False,True,0,0,0,3,,False,,Join us in Tipton Green to help our amazing candidates to help spread Labour's message of renewal to residents! Never canvassed before? Don't worry! Training will be delivered on the day! 🌹,https://events.labour.org.uk/event/519964
524479,"Highwoods Canvassing - Thursday 30th April, 5:30pm",Canvassing,2026-04-30 17:30:00,2026-04-30 18:30:00,"Gavin Way, Highwoods, Colchester, UK",CO49EY,Colchester,E14001176,False,False,False,True,20,0,0,3,Meet at 71 Gavin Way,False,,Come and meet the voters of Highwoods with Councillor Jocelyn Law and team. Check the forecast and dress appropriately.,https://events.labour.org.uk/event/524479
527118,Canvassing in Peckham ward 🌹 Labour Group session,Canvassing,2026-04-30 18:00:00,2026-04-30 20:00:00,"Peckham Library, Peckham Hill Street, London, UK",SE155JR,Peckham,E14001421,False,False,False,True,0,0,0,2,Peckham Library,False,,"⭐ Join Southwark Labour out on the doors in Peckham ward speaking to residents about the issues that matter to them. If you've never canvassed before you'll be given a full briefing ahead of the session, and you can pair up with an experienced member of the team while you learn the ropes!",https://events.labour.org.uk/event/527118
528408,Worsley & Eccles CLP Campaigning - Cadishead & Lower Irlam,Campaigning,2026-04-30 18:00:00,2026-04-30 19:30:00,"20 Victoria Road, Irlam, Manchester, UK",M446AW,Worsley and Eccles,E14001598,False,False,False,True,0,0,0,2,,False,,Campaigning for our fantastic candidates Ceewhy Ochoga and Bill McLaughlin,https://events.labour.org.uk/event/528408
532883,Canvassing in Goose Green ward 🌹 Labour Group session,Canvassing,2026-04-30 18:00:00,2026-04-30 20:00:00,"JOE & THE JUICE, 96 Lordship Ln, London SE22 8HF, UK",SE228HF,Lewisham West and East Dulwich,E14001333,False,False,False,True,0,0,0,2,"Joe and the Juice 96 Lordship Ln, London SE22 8HF, UK",False,,"⭐ Join Southwark Labour out on the doors in Goose Green ward speaking to residents about the issues that matter to them. If you've never canvassed before you'll be given a full briefing ahead of the session, and you can pair up with an experienced member of the team while you learn the ropes!",https://events.labour.org.uk/event/532883
527144,Canvassing in Rye Lane ward 🌹 Labour Group session,Canvassing,2026-04-30 18:30:00,2026-04-30 20:30:00,"Peckham Rye Station, London, UK",SE155DQ,Peckham,E14001421,False,False,False,True,0,0,0,2,Peckham Rye Station,False,,"⭐ Join Southwark Labour out on the doors in Rye Lane ward speaking to residents about the issues that matter to them. If you've never canvassed before you'll be given a full briefing ahead of the session, and you can pair up with an experienced member of the team while you learn the ropes!",https://events.labour.org.uk/event/527144
522825,Canvassing in Alyn and Deeside,Canvassing,2026-05-01 10:30:00,2026-05-01 12:30:00,"Main Road & Kirkett Avenue, Higher Kinnerton, Chester, UK",CH49AJ,Alyn and Deeside,W07000082,False,False,False,True,0,1,1,2,"Main Road & Kirkett Avenue, Higher Kinnerton, UK",False,,"Join us canvassing in Fflint-Wrecsam! If you've never canvassed before, or haven't for a while, don't worry - you'll be paired with an experienced canvasser who will guide you and show you the ropes. Simply RSVP so we know to expect you, and see you there!",https://events.labour.org.uk/event/522825
530025,Canvassing - CYNCOED,Canvassing,2026-05-01 10:30:00,2026-05-01 12:30:00,"The Discovery, Celyn Avenue, Cardiff, UK",CF236FH,Cardiff East,W07000089,False,False,False,True,0,0,0,2,,False,,Join our Senedd candidates as we carry on campaigning ahead of the Senedd election day in May,https://events.labour.org.uk/event/530025
532884,Canvassing in Goose Green ward 🌹 Labour Group session,Canvassing,2026-05-01 10:30:00,2026-05-01 17:00:00,"JOE & THE JUICE, 96 Lordship Ln, London SE22 8HF, UK",SE228HF,Lewisham West and East Dulwich,E14001333,False,False,False,True,0,0,0,2,"Joe and the Juice 96 Lordship Ln, London SE22 8HF, UK",False,,"⭐ Join Southwark Labour out on the doors in Goose Green ward speaking to residents about the issues that matter to them. If you've never canvassed before you'll be given a full briefing ahead of the session, and you can pair up with an experienced member of the team while you learn the ropes!",https://events.labour.org.uk/event/532884
532520,Canvassing in South Middleton (morning),Canvassing,2026-05-01 11:00:00,2026-05-01 12:30:00,"Kemp Street, Middleton, Manchester M24 4UA, UK",M244UA,Blackley and Middleton South,E14001103,False,False,False,True,0,0,0,2,"The Archer, Kemp Street, M24 4UA",False,,Join the local Labour Party on the doors as we campaign for our local councillors in Rochdale Borough ahead of polling day on the 7th May.,https://events.labour.org.uk/event/532520
524480,"Highwoods Canvassing - Friday 1st May, 11:30am",Canvassing,2026-05-01 11:30:00,2026-05-01 12:30:00,"The Ark Church, Jack Andrews Drive, Highwoods, Colchester, UK",CO49FF,Colchester,E14001176,False,False,False,True,20,0,0,3,"Meet at The Ark, Jack Andrews Drive",False,,Come and meet the voters of Highwoods with Councillor Jocelyn Law and team. Check the forecast and dress appropriately.,https://events.labour.org.uk/event/524480
519950,🌹Canvassing in Hill Top🌹,Canvassing,2026-05-01 14:00:00,2026-05-01 15:30:00,"Schofield Avenue, West Bromwich, UK",B712AN,Tipton and Wednesbury,E14001547,False,False,False,True,0,0,0,3,,False,,Join us in Hill Top to help our amazing candidates to help spread Labour's message of renewal to residents! Never canvassed before? Don't worry! Training will be delivered on the day! 🌹,https://events.labour.org.uk/event/519950
522828,Canvassing in Alyn and Deeside,Canvassing,2026-05-01 14:00:00,2026-05-01 16:00:00,"Sealand Avenue & Welsh Road, Garden City, Deeside, UK",CH52HU,Alyn and Deeside,W07000082,False,False,False,True,0,1,1,2,"Sealand Avenue & Welsh Road, Garden City, Deeside, UK",False,,"Join us canvassing in Fflint-Wrecsam! If you've never canvassed before, or haven't for a while, don't worry - you'll be paired with an experienced canvasser who will guide you and show you the ropes. Simply RSVP so we know to expect you, and see you there!",https://events.labour.org.uk/event/522828
530250,Canvassing in Palmers Green ward,Canvassing,2026-05-01 14:00:00,2026-05-01 15:00:00,"Palmers Green Station, London, UK",N134HZ,Southgate and Wood Green,E14001503,False,False,False,True,0,1,1,2,Palmers Green Station,False,,"Join our Palmers Green team out on the doors speaking to residents about the issues that matter to them. If you've never canvassed before you'll be given a full briefing ahead of the session, and you can pair up with an experienced member of the team while you learn the ropes!",https://events.labour.org.uk/event/530250
532522,Canvassing in North Middleton (afternoon),Canvassing,2026-05-01 14:00:00,2026-05-01 15:30:00,"Middleton Parish Church (St. Leonard's), New Lane, Middleton, Manchester, UK",M246DJ,Heywood and Middleton North,E14001286,False,False,False,True,0,1,1,1,"St. Leonard's Church, New Lane, Middleton",False,,Join the local Labour Party on the doors as we campaign for our local councillors in Rochdale Borough ahead of polling day on the 7th May.,https://events.labour.org.uk/event/532522
533039,Canvassing in White City (afternoon),Canvassing,2026-05-01 16:00:00,2026-05-01 18:00:00,"The Queens Tavern, South Africa Road, London, UK",W127PA,Hammersmith and Chiswick,E14001264,False,False,False,True,0,0,0,2,"The Queens Tavern, South Africa Road, W12 7PA",False,,"Join us on for our canvassing session in White City alongside our local councillors and other volunteers. If you've never been campaigning before, now is the perfect time to start and we can promise you a very warm welcome. We will offer training and will make sure you are paired with an experienced canvasser until you feel comfortable doing it on our own. Contact - Izzy (‪07469237553)‬‬‬‬‬‬",https://events.labour.org.uk/event/533039
527388,Canvassing in St Andrews West and Tadpole,Canvassing,2026-05-01 16:30:00,2026-05-01 18:00:00,"1 Blanchard Road, Swindon, UK",SN252UW,Swindon North,E14001536,False,False,False,True,0,1,1,3,corner of Blanchard and Eastlakes SN25 2UW,False,,Come and join the team out on the doorstep in St Andrews West and Tadpole.,https://events.labour.org.uk/event/527388
532523,Canvassing in South Middleton (evening),Canvassing,2026-05-01 18:00:00,2026-05-01 19:30:00,"Kemp Street, Middleton, Manchester M24 4UA, UK",M244UA,Blackley and Middleton South,E14001103,False,False,False,True,0,0,0,2,"The Archer, Kemp Street, M24 4UA",False,,Join the local Labour Party on the doors as we campaign for our local councillors in Rochdale Borough ahead of polling day on the 7th May.,https://events.labour.org.uk/event/532523
519965,🌹Canvassing in Tipton Green🌹,Canvassing,2026-05-02 10:00:00,2026-05-02 12:30:00,"Thunderbolt Way, Tipton, UK",DY49SR,Tipton and Wednesbury,E14001547,False,False,False,True,0,0,0,3,Thunderbolt Way,False,,Join us in Tipton Green to help our amazing candidates to help spread Labour's message of renewal to residents! Never canvassed before? Don't worry! Training will be delivered on the day! 🌹,https://events.labour.org.uk/event/519965
531928,Worthing Street Stall and Get Out The Vote,Street Stall,2026-05-02 10:00:00,2026-05-02 11:00:00,"HSBC Worthing Goring Road, Goring Road, Worthing, UK",BN124AJ,Worthing West,E14001599,False,False,False,True,0,3,3,3,,False,,"Join us in Worthing as we talk to Voters in Worthing, get out leaflets and make sure people know about all the good work we're doing in Worthing!

Also come and help the Get Out The Vote effort in Heene and Marine.",https://events.labour.org.uk/event/531928
519875,Ladywood Canvassing 🌹,Canvassing,2026-05-02 10:30:00,2026-05-02 12:00:00,"Library of Birmingham, Centenary Square, Birmingham, UK",B12EP,Birmingham Ladywood,E14001096,False,False,False,True,0,0,0,1,,False,,"Join us as we canvass in Ladywood Ward for our 2026 local elections, Sally Benton and Satvir Dosanjh. All new and experienced canvassers are welcome - training will be provided. RSVP for address details.",https://events.labour.org.uk/event/519875
520211,🌹Canvassing in Old Warley🌹,Canvassing,2026-05-02 10:30:00,2026-05-02 12:00:00,"Charter Pl, Oldbury, UK",B680PD,Smethwick,E14001478,False,False,False,True,0,1,1,2,,False,,Join us in Old Warley to help our amazing candidates to help spread Labour's message of renewal to residents! Never canvassed before? Don't worry! Training will be delivered on the day! 🌹,https://events.labour.org.uk/event/520211
530468,Election leafletting in St Alban's Ward,Leafletting,2026-05-02 10:30:00,2026-05-02 12:00:00,"Saffron House, South Street, Romford, UK",RM12BE,Romford,E14001448,False,False,False,True,0,2,2,2,,False,,"Help Cllr Jane Keane and Jack Dobson-Smith secure Labour votes!

Meeting at 10:30 at Saffron House.

Onsite vehicle parking and bicycle storage available.

Nearest bus stops: Thurloe Gardens (Stop C) and Brentwood Road (Stop J), serviced by the 165, 193, 248, 252 and 674.",https://events.labour.org.uk/event/530468
532885,Canvassing in Goose Green ward 🌹 Labour Group session,Canvassing,2026-05-02 10:30:00,2026-05-02 17:00:00,"JOE & THE JUICE, 96 Lordship Ln, London SE22 8HF, UK",SE228HF,Lewisham West and East Dulwich,E14001333,False,False,False,True,0,0,0,2,"Joe and the Juice 96 Lordship Ln, London SE22 8HF, UK",False,,"⭐ Join Southwark Labour out on the doors in Goose Green ward speaking to residents about the issues that matter to them. If you've never canvassed before you'll be given a full briefing ahead of the session, and you can pair up with an experienced member of the team while you learn the ropes!",https://events.labour.org.uk/event/532885
524733,Campaigning in Old Trafford,Canvassing,2026-05-02 11:00:00,2026-05-02 12:30:00,"Booth Rd, Stretford, Manchester M16 9RS, UK",M169RS,Stretford and Urmston,E14001528,False,False,False,True,0,1,1,2,corner of Wellington Crescent and Booth Road,False,,"Come join the Old Trafford team campaigning in our ward. We're a friendly bunch, and if you're new to canvassing, we're happy to support you. We can pair you up with an experienced canvasser. We're keen to find out how voters are feeling about local and national issues. Contact Ben Slater",https://events.labour.org.uk/event/524733
532540,Campaign Day for Rochdale Borough Elections,Canvassing,2026-05-02 11:00:00,2026-05-02 18:00:00,"Rochdale Labour Club John Beasley House, Oldham Road, Rochdale, UK",OL165QR,Rochdale,E14001446,False,False,False,True,0,2,2,2,John Beasley House,False,,"Join Us for a campaign day on the last weekend before the local elections. We'll be sending out rounds in the Rochdale target wards from John Beasley House throughout the day, so please attend when you can!",https://events.labour.org.uk/event/532540
519951,🌹Canvassing in Hill Top🌹,Canvassing,2026-05-02 13:00:00,2026-05-02 15:30:00,"Pemberton Road, West Bromwich, UK",B700LE,Tipton and Wednesbury,E14001547,False,False,False,True,0,0,0,3,the junction on Pemberton Road and Botteley Road,False,,Join us in Hill Top to help our amazing candidates to help spread Labour's message of renewal to residents! Never canvassed before? Don't worry! Training will be delivered on the day! 🌹,https://events.labour.org.uk/event/519951
526622,Super Saturday Social Lunch in Bletchley West,Social Event,2026-05-02 13:00:00,2026-05-02 13:45:00,"The Three Trees, Buckingham Road, Bletchley, Milton Keynes, UK",MK35JB,Buckingham and Bletchley,E14001141,False,False,False,True,0,2,2,3,,False,,Join us for a lunch social between campaign sessions!,https://events.labour.org.uk/event/526622
519987,🌹Canvassing in Greets Green & Lyng🌹,Canvassing,2026-05-02 14:00:00,2026-05-02 15:00:00,"Cottrell Mews, West Bromwich, UK",B707JU,West Bromwich,E14001574,False,False,False,True,0,0,0,3,Cottrell Mews,False,,Join us in Greets Green and Lyng to help our amazing candidates to help spread Labour's message of renewal to residents! Never canvassed before? Don't worry! Training will be delivered on the day! 🌹,https://events.labour.org.uk/event/519987
524481,"Highwoods Canvassing - Saturday 2nd May, 2pm",Canvassing,2026-05-02 14:00:00,2026-05-02 15:00:00,"Barncroft Cl, Highwoods, Colchester, UK",CO49UJ,Colchester,E14001176,False,False,False,True,20,0,0,3,Meet at the corner of Barncroft/Eastwood Drive,False,,Come and meet the voters of Highwoods with Councillor Jocelyn Law and team. Check the forecast and dress appropriately.,https://events.labour.org.uk/event/524481
524737,Campaigning in Old Trafford,Canvassing,2026-05-02 14:00:00,2026-05-02 15:30:00,"Grendale Drive, Old Trafford, Stretford, Manchester M16 9BN, UK",M169BN,Stretford and Urmston,E14001528,False,False,False,True,0,0,0,2,Grendale Drive,False,,"Come join the Old Trafford team campaigning in our ward. We're a friendly bunch, and if you're new to canvassing, we're happy to support you. We can pair you up with an experienced canvasser. We're keen to find out how voters are feeling about local and national issues. Contact Ben Slater",https://events.labour.org.uk/event/524737
525789,Rye and Winchelsea Canvass,Canvassing,2026-05-02 14:00:00,2026-05-02 16:00:00,"Wish Street Car Park, Wish Street, Rye, UK",TN317DD,Hastings and Rye,E14001274,False,False,False,True,0,0,0,3,Meet in the Wish Street Car Park (TN31 7DA),False,,Come canvassing with Amanda and the Labour team. All welcome!,https://events.labour.org.uk/event/525789
531343,Bromley North Plaistow Canvassing,Canvassing,2026-05-02 14:00:00,2026-05-02 15:30:00,"51 College Rd, Bromley BR1 3PU, UK",BR13PU,Bromley and Biggin Hill,E14001137,False,False,False,True,100,1,1,2,"Sapore Verde Hub (Coffee Shop), 51 College Road",False,,"Help Liz and Tony campaign to beat Reform on May 7 in Plaistow, in Bromley North. 

Liz and Tony represent the only progressive, local option for the Ward - and Tony has already proven his dedication and effectiveness over the past 4 years. 

We need YOUR help to ensure that we are elected and to keep Reform OUT!

Sapore Verde is a short walk from Bromley town centre, Bromley North and South Train Stations, and served by buses 261, 336, and 126.",https://events.labour.org.uk/event/531343
527406,Sunday Canvassing in Upper Stratton,Canvassing,2026-05-03 11:00:00,2026-05-03 12:30:00,"Meadowcroft Community Centre, Stratton Saint Margaret, Swindon SN2 7JX, UK",SN27JX,Swindon North,E14001536,False,False,False,True,0,0,0,3,Meadowcroft Community Centre SN2 7JX,False,,Come and join our team on the doors in Upper Stratton.,https://events.labour.org.uk/event/527406
532544,Canvassing in West Heywood (morning),Canvassing,2026-05-03 11:00:00,2026-05-03 12:30:00,"Darnhill Library and Community Cafè, Argyle Street, Heywood OL10 3RY, UK",OL103RY,Heywood and Middleton North,E14001286,False,False,False,True,0,2,2,1,"Darnhill Library, Heywood OL10 3RY",False,,Join the local Labour Party on the doors as we campaign for our local councillors in Rochdale Borough ahead of polling day on the 7th May.,https://events.labour.org.uk/event/532544
532299,Campaigning in Fallowfield- Sunday 3rd May 1pm,Canvassing,2026-05-03 13:00:00,2026-05-03 14:30:00,"ALDI, Lloyd Street South, Fallowfield, Manchester, UK",M147LA,Manchester Rusholme,E14001353,False,False,False,True,0,1,1,2,,False,,"The Fallowfield Councillors will be joined by activists to chat to residents, and show that Labour is here to help. If you're an experienced campaigner, or new to door knocking and looking to get involved, please come along to help us listen to people's concerns. If you're new to campaigning, we're happy to support you and can pair you up with an experienced colleague. We hope to see you there! 🌹",https://events.labour.org.uk/event/532299
532543,Canvassing in West Heywood (afternoon),Canvassing,2026-05-03 14:00:00,2026-05-03 15:30:00,"Darnhill Library and Community Cafè, Argyle Street, Heywood OL10 3RY, UK",OL103RY,Heywood and Middleton North,E14001286,False,False,False,True,0,1,1,1,"Darnhill Library, Heywood OL10 3RY",False,,Join the local Labour Party on the doors as we campaign for our local councillors in Rochdale Borough ahead of polling day on the 7th May.,https://events.labour.org.uk/event/532543
521314,Selhurst Ward - People First Canvass,Canvassing,2026-05-03 16:00:00,2026-05-03 17:30:00,"Whitehorse Rd, Croydon CR0 2JG, UK",CR02JG,Croydon West,E14001188,False,False,False,True,0,0,0,2,Corner of Whitehorse Road and Union Road,False,,"Join your Selhurst councillors for a local canvass in Selhurst. We'll be out speaking to residents, listening to concerns, and sharing Rowenna's People First plan to tackle the issues people are raising most, fly tipping, anti-social behaviour, housing repairs and potholes. No experience needed. Just come along for an hour (or more), meet neighbours, and help us build the change Selhurst and Croydon need. DM to get the meeting point and time on 07958121079.",https://events.labour.org.uk/event/521314
532949,Doorknocking in Weetwood!,Canvassing,2026-05-03 16:00:00,2026-05-03 17:00:00,"The Meanwood Tavern, Meanwood Road, Meanwood, Leeds, UK",LS64HQ,Leeds Central and Headingley,E14001319,False,False,False,True,0,1,1,2,,False,,"Join us in Weetwood speaking to voters in our campaign to re-elect Izaak Wilson and keep Leeds Labour! If you've never knocked on doors with us before, all training is provided and you'll be paired up with an experienced volunteer.",https://events.labour.org.uk/event/532949
532542,Canvassing in South Middleton (evening),Canvassing,2026-05-03 17:00:00,2026-05-03 18:30:00,"Kemp Street, Middleton, Manchester M24 4UA, UK",M244UA,Blackley and Middleton South,E14001103,False,False,False,True,0,0,0,2,"The Archer, Kemp Street, M24 4UA",False,,Join the local Labour Party on the doors as we campaign for our local councillors in Rochdale Borough ahead of polling day on the 7th May.,https://events.labour.org.uk/event/532542
524482,"Highwoods Canvassing - Monday 4th May, 11am",Canvassing,2026-05-04 11:00:00,2026-05-04 12:00:00,"Gavin Way, Highwoods, Colchester, UK",CO49EY,Colchester,E14001176,False,False,False,True,20,0,0,3,Meet at 71 Gavin Way,False,,Come and meet the voters of Highwoods with Councillor Jocelyn Law and team. Check the forecast and dress appropriately.,https://events.labour.org.uk/event/524482
524735,Campaigning in Old Trafford,Canvassing,2026-05-04 11:00:00,2026-05-04 12:30:00,"Old Trafford, Stretford, Manchester M16 9QE, UK",M169QE,Stretford and Urmston,E14001528,False,False,False,True,0,0,0,2,corner of Lilian Street and Northumberland Road,False,,"Come join the Old Trafford team campaigning in our ward. We're a friendly bunch, and if you're new to canvassing, we're happy to support you. We can pair you up with an experienced canvasser. We're keen to find out how voters are feeling about local and national issues. Contact Ben Slater",https://events.labour.org.uk/event/524735
530258,Canvassing in Bullsmoor ward,Canvassing,2026-05-04 11:00:00,2026-05-04 12:00:00,"MHP - Freezywater Primary Care Centre, Aylands Rd, Enfield, UK",EN36NS,Enfield North,E14001225,False,False,False,True,0,0,0,2,MHP Freezywater Primary Care Centre,False,,"Join our Bullsmoor team out on the doors speaking to residents about the issues that matter to them. If you've never canvassed before you'll be given a full briefing ahead of the session, and you can pair up with an experienced member of the team while you learn the ropes!",https://events.labour.org.uk/event/530258
524739,Campaigning in Old Trafford,Canvassing,2026-05-04 14:00:00,2026-05-04 15:30:00,"Northumberland Road, Old Trafford, Stretford, Manchester M16 9PG, UK",M169PG,Stretford and Urmston,E14001528,False,False,False,True,0,0,0,2,corner of Fulford Street and Northumberland Road,False,,"Come join the Old Trafford team campaigning in our ward. We're a friendly bunch, and if you're new to canvassing, we're happy to support you. We can pair you up with an experienced canvasser. We're keen to find out how voters are feeling about local and national issues. Contact Ben Slater",https://events.labour.org.uk/event/524739
529884,🌹 Barnsley Labour Blitz Session - Hoyland Milton 🌹,Canvassing,2026-05-04 17:00:00,2026-05-04 18:00:00,"The Flying Dutchman, Jump, Cemetery Road, Jump, Barnsley, UK",S740JN,Barnsley South,E14001075,False,False,False,True,100,1,1,2,,False,,"Join the Barnsley Labour team for a session of canvassing to support our excellent local Labour candidates - Robin Franklin, Tim Shepherd and Mick Stowe.

Don't worry if you've not campaigned before, we'll pair you with an experienced campaigner until you find your feet!",https://events.labour.org.uk/event/529884
530044,Canvassing - PLASNEWYDD,Canvassing,2026-05-04 17:30:00,2026-05-04 19:30:00,"Roath Park Primary School, Pen-Y-Wain Road, Cardiff, UK",CF244BB,Cardiff East,W07000089,False,False,False,True,0,0,0,2,,False,,Join our Senedd candidates as we carry on campaigning ahead of the Senedd election day in May,https://events.labour.org.uk/event/530044
532886,Canvassing in Goose Green ward 🌹 Labour Group session,Canvassing,2026-05-04 18:00:00,2026-05-04 20:00:00,"JOE & THE JUICE, 96 Lordship Ln, London SE22 8HF, UK",SE228HF,Lewisham West and East Dulwich,E14001333,False,False,False,True,0,0,0,2,"Joe and the Juice 96 Lordship Ln, London SE22 8HF, UK",False,,"⭐ Join Southwark Labour out on the doors in Goose Green ward speaking to residents about the issues that matter to them. If you've never canvassed before you'll be given a full briefing ahead of the session, and you can pair up with an experienced member of the team while you learn the ropes!",https://events.labour.org.uk/event/532886
531347,Bromley North Plaistow Canvassing,Canvassing,2026-05-05 11:00:00,2026-05-05 12:00:00,"London Ln, Bromley BR1 4HB, UK",BR14HB,Bromley and Biggin Hill,E14001137,False,False,False,True,100,0,0,2,Corner of London Lane and Kinnaird Ave,False,,"Help Liz and Tony campaign to beat Reform on May 7 in Plaistow, in Bromley North. 

Liz and Tony represent the only progressive, local option for the Ward - and Tony has already proven his dedication and effectiveness over the past 4 years. 

We need YOUR help to ensure that we are elected and to keep Reform OUT!

London Lane is close to Bromley North and Sundridge Park Train Stations, and served by buses 261, 336, and 126.",https://events.labour.org.uk/event/531347
524723,Campaigning in Old Trafford,Canvassing,2026-05-05 17:00:00,2026-05-05 18:30:00,"Stamford Street, Old Trafford, Stretford, Manchester M16 9LT, UK",M169LT,Stretford and Urmston,E14001528,False,False,False,True,0,2,2,2,corner of Stamford Street and Ayres Road,False,,"Come join the Old Trafford team campaigning in our ward. We're a friendly bunch, and if you're new to canvassing, we're happy to support you. We can pair you up with an experienced canvasser. We're keen to find out how voters are feeling about local and national issues. Contact Ben Slater",https://events.labour.org.uk/event/524723
529913,🌹 Barnsley Labour Blitz Session - Dearne South 🌹,Canvassing,2026-05-05 17:00:00,2026-05-05 18:00:00,"Goldthorpe Grn, Goldthorpe, Rotherham, UK",S639EL,Barnsley South,E14001075,False,False,False,True,100,0,0,2,,False,,"Join the Barnsley Labour team for a session of door-knocking to support our excellent local Labour candidates - Janine Bowler, John Cooper and Deborah Pearson

Don't worry if you've not campaigned before, we'll pair you with an experienced campaigner until you find your feet!",https://events.labour.org.uk/event/529913
529920,🌹 Barnsley Labour Blitz Session - Darfield & Great Houghton 🌹,Canvassing,2026-05-05 17:00:00,2026-05-05 18:00:00,"Great Houghton Miner’s Welfare Hall, Rotherham Road, Great Houghton, Barnsley, UK",S720EG,Barnsley North,E14001074,False,False,False,True,0,0,0,2,,False,,"Join the Barnsley Labour team for a session of door-knocking to support our excellent local Labour candidates - Pauline Markham, Kevin Osborne and Richard Ullyott.

Don't worry if you've not campaigned before, we'll pair you with an experienced campaigner until you find your feet!",https://events.labour.org.uk/event/529920
531348,Bromley North Plaistow Canvassing,Canvassing,2026-05-05 18:00:00,2026-05-05 19:00:00,"51 College Rd, Bromley BR1 3PU, UK",BR13PU,Bromley and Biggin Hill,E14001137,False,False,False,True,100,0,0,2,"Sapore Verde Hub (Coffee Shop), 51 College Road",False,,"Help Liz and Tony campaign to beat Reform on May 7 in Plaistow, in Bromley North. 

Liz and Tony represent the only progressive, local option for the Ward - and Tony has already proven his dedication and effectiveness over the past 4 years. 

We need YOUR help to ensure that we are elected and to keep Reform OUT!

Sapore Verde is a short walk from Bromley town centre, Bromley North and South Train Stations, and served by buses 261, 336, and 126.",https://events.labour.org.uk/event/531348
525899,Canvassing in Kidbrooke Village and Sutcliffe🌹,Canvassing,2026-05-05 18:15:00,2026-05-05 19:15:00,"Lee Green Fire Station, Eltham Road, London, UK",SE128ES,Eltham and Chislehurst,E14001223,False,False,False,True,0,0,0,3,The fire station,False,,Join local candidates and Greenwich Labour activists as we speak to residents in Kidbrooke Village and Sutcliffe. No experience required!,https://events.labour.org.uk/event/525899
524724,Campaigning in Old Trafford,Canvassing,2026-05-06 17:00:00,2026-05-06 18:30:00,"Stamford Street, Old Trafford, Stretford, Manchester M16 9LT, UK",M169LT,Stretford and Urmston,E14001528,False,False,False,True,0,1,1,2,corner of Stamford Street and Ayres Road,False,,"Come join the Old Trafford team campaigning in our ward. We're a friendly bunch, and if you're new to canvassing, we're happy to support you. We can pair you up with an experienced canvasser. We're keen to find out how voters are feeling about local and national issues. Contact Ben Slater",https://events.labour.org.uk/event/524724
521315,Selhurst Ward - People First Canvass,Canvassing,2026-05-06 18:00:00,2026-05-06 19:30:00,"Selhurst Road, London SE25 5QF, UK",SE255QF,Croydon West,E14001188,False,False,False,True,0,1,1,2,"Outside Michaels Cafe, 16 Selhurst Road",False,,"Join your Selhurst councillors for a local canvass in Selhurst. We'll be out speaking to residents, listening to concerns, and sharing Rowenna's People First plan to tackle the issues people are raising most, fly tipping, anti-social behaviour, housing repairs and potholes. No experience needed. Just come along for an hour (or more), meet neighbours, and help us build the change Selhurst and Croydon need. DM to get the meeting point and time on 07958121079.",https://events.labour.org.uk/event/521315
531782,Congleton Town Council by-election,Campaigning,2026-05-06 18:00:00,2026-05-06 20:00:00,"Biggs Way, Congleton CW12 1LZ, UK",CW121LZ,Congleton,E14001178,False,False,False,True,0,2,2,2,Galloway Green/Biggs Way,False,,Congleton Town North ward by-election,https://events.labour.org.uk/event/531782
524488,Lincoln Polling Day,Polling Day Campaign Centre,2026-05-07 07:00:00,2026-05-07 22:00:00,"Lincoln, UK",LN21HN,No Constituency Found,,False,False,False,True,0,0,0,1,,True,,On Thursday 7th May voters in Lincoln City go to the polls. Labour members are invited to help get our excellent Labour candidates elected so Lincoln Labour can continue delivering for Lincoln City. Please RSVP and we will email you back with instructions on how you can help.,https://events.labour.org.uk/event/524488
524697,🌹Polling Day in Leeds!,Polling Day Campaign Centre,2026-05-07 07:00:00,2026-05-07 22:00:00,"Leeds, UK",LS23AD,Leeds Central and Headingley,E14001319,False,False,False,True,0,13,13,2,,False,,It is polling day in Leeds! Join us across the city in the final push to keep Leeds Labour.,https://events.labour.org.uk/event/524697
530179,Brentwood South Campaign Centre,Polling Day Campaign Centre,2026-05-07 07:00:00,2026-05-07 22:00:00,"69 Heseltine House, Warley Mount, Warley, Brentwood, UK",CM145EJ,Brentwood and Ongar,E14001125,False,False,False,True,100,1,1,2,,False,,Our Campaign Centre for Brentwood’s 2026 Local Election Campaign.,https://events.labour.org.uk/event/530179
532545,Polling Day - Na h-Eileanan an Iar,Polling Day Campaign Centre,2026-05-07 07:00:00,2026-05-07 22:00:00,"37-39 Point Street, Stornoway, UK",HS12BD,Na h-Eileanan an Iar,S14000027,False,False,False,True,0,0,0,3,,False,,Campaign hub for polling day,https://events.labour.org.uk/event/532545
529164,GET OUT THE VOTE – Polling Day Operation,Polling Day Campaign Centre,2026-05-07 08:00:00,2026-05-07 21:00:00,,0,No Constituency Found,,False,False,False,True,0,27,27,1,,True,,Please RSVP for this event so we can assign you to a polling day campaign centre,https://events.labour.org.uk/event/529164
527351,Sir Fynwy Torfaen - Severnside Polling Day,Polling Day Campaign Centre,2026-05-07 09:00:00,2026-05-07 22:00:00,"8 Deepweir Caldicot, NP26 5JG",NP264HX,Monmouthshire,W07000101,False,False,False,True,0,4,4,3,,False,,Join us to get our vote out on polling day in Severnside.,https://events.labour.org.uk/event/527351
527353,Sir Fynwy Torfaen - Torfaen Polling Day,Polling Day Campaign Centre,2026-05-07 09:00:00,2026-05-07 22:00:00,"24 Greenhill Road, Griffithstown, Pontypool NP4 5BE, UK",NP45BE,Torfaen,W07000109,False,False,False,True,0,4,4,2,,False,,Join us to get our vote out on polling day in Torfaen.,https://events.labour.org.uk/event/527353
527354,Sir Fynwy Torfaen - Monmouth Polling Day,Polling Day Campaign Centre,2026-05-07 09:00:00,2026-05-07 22:00:00,"14 Monk Street, Monmouth NP25 3NZ, UK",NP253NZ,Monmouthshire,W07000101,False,False,False,True,0,11,11,3,,False,,Join us to get our vote out on polling day in Monmouth.,https://events.labour.org.uk/event/527354
527357,Sir Fynwy Torfaen - Abergavenny Polling Day,Polling Day Campaign Centre,2026-05-07 09:00:00,2026-05-07 22:00:00,"8 Station Road, Abergavenny NP7 5HS, UK",NP75HS,Monmouthshire,W07000101,False,False,False,True,0,5,5,3,,False,,Join us to get our vote out on polling day in Abergavenny.,https://events.labour.org.uk/event/527357
527359,Sir Fynwy Torfaen - Chepstow Polling Day,Polling Day Campaign Centre,2026-05-07 09:00:00,2026-05-07 22:00:00,"29 Hardwick Avenue, Chepstow NP16 5DJ, UK",NP165DJ,Monmouthshire,W07000101,False,False,False,True,0,4,4,3,,False,,Join us to get our vote out on polling day in Chepstow.,https://events.labour.org.uk/event/527359
528746,Get out the Vote in Newham - Beckton Centre,Polling Day Campaign Centre,2026-05-07 09:00:00,2026-05-07 22:00:00,"Winsor House Brewers Fayre, Woolwich Manor Way, London, UK",E65NT,West Ham and Beckton,E14001576,False,False,False,True,0,16,16,2,,False,,Help us get the vote out in Newham,https://events.labour.org.uk/event/528746
528975,Falkirk East & Linlithgow Polling Day,Polling Day Campaign Centre,2026-05-07 09:00:00,2026-05-07 21:00:00,"Beancross Road, Grangemouth FK3 8YL, UK",FK38YL,Alloa and Grangemouth,S14000064,False,False,False,True,0,0,0,1,,False,,"THE DAY WE'VE ALL BEEN WORKING TOWARDS IS HERE, ITS POLLING DAY! 

We need all the help we can get, we'll be door knocking from 9am-9pm and sending groups out across Falkirk East & Linlithgow. If you can lend us help for even an hour please sign up below.",https://events.labour.org.uk/event/528975
530414,Wimbledon Labour - Polling Day HQ,Polling Day Campaign Centre,2026-05-07 09:00:00,2026-05-07 22:00:00,"39 Grove Road, London SW19 1BJ, UK",SW191BJ,Wimbledon,E14001586,False,False,False,True,0,31,31,1,,False,,"Join us as we campaign for the Labour candidates in Wimbledon and help to keep Merton red!

Whether you can join for just a couple of hours or the whole day, you'll be making a real difference.

When you RSVP, you can choose from the following roles and times:

Campaign HQ (various roles): 
Morning: 09:00 to 12:00
Afternoon: 13:00 to 17:00
Evening: 17:00 to 21:30

Telling (outside polling stations): 
Morning: 07:00 to 10:00
Late morning: 10:00 to 12:00
Afternoon: 15:00 to 17:00
Early evening: 17:00 to 19:00",https://events.labour.org.uk/event/530414
532259,Polling Day in Wolverhampton West,Polling Day Campaign Centre,2026-05-07 09:00:00,2026-05-07 21:00:00,"The Heritage Centre Wolverhampton, Clifford Street, Wolverhampton, UK",WV60AA,Wolverhampton West,E14001596,False,False,False,True,0,22,22,3,,False,,"Join us on polling day at the Wolverhampton West local election campaign centre.   

Reform believe they are going to win big across the city, the Green Party (who don't appear to have any environmental policies) are snapping at our heels, and the Tories have not gone away. 

This multi party local election could be decided on the day by whoever has has the best ground game getting out the vote.",https://events.labour.org.uk/event/532259
533081,West End Polling day committee room,Polling Day Campaign Centre,2026-05-07 09:00:00,2026-05-07 21:00:00,"68 Dean Street, London, UK",W1D4QH,Cities of London and Westminster,E14001172,False,False,False,True,0,6,6,3,,False,,Join us for polling day,https://events.labour.org.uk/event/533081
525583,Tameside - Polling Day Campaign Centre (Stalybridge & Hyde),Polling Day Campaign Centre,2026-05-07 09:30:00,2026-05-07 22:00:00,"The New Stalybridge Labour Club, Acres Lane, Stalybridge, UK",SK152JR,Stalybridge and Hyde,E14001515,False,False,False,True,0,20,20,2,"The New Stalybridge Labour Club, Acres Lane, Stalybridge, UK",False,,RSVP to help us keep Tameside a Labour run council on May 7th!,https://events.labour.org.uk/event/525583
523985,Casnewydd Islwyn - Newport area Polling Day,Polling Day Campaign Centre,2026-05-07 10:00:00,2026-05-07 20:30:00,"CWU, Mill Street, Newport NP20 5HA, UK",NP205HA,Newport West and Islwyn,W07000105,False,False,False,True,0,15,15,2,,False,,"On Thursday 7th May, we need to be out across Newport making sure every Labour supporter gets to the polls. Elections are won and lost on turnout, and the conversations we have on the day can make all the difference.

Join us at the Newport Central committee room on polling day where teams of volunteers will be out all day speaking to voters. 

Even an hour of your time could help secure a Labour victory.

Join us, bring a friend, and be part of the team that gets the vote out. Full training and support will be given. 

Let’s finish this campaign strong.",https://events.labour.org.uk/event/523985
531307,"Harrow Main Campaign Centre,",Polling Day Campaign Centre,2026-05-07 10:00:00,2026-05-07 22:00:00,"132 Blenheim Road, Harrow, UK",HA27AA,Harrow West,E14001271,False,False,False,True,0,18,18,2,,False,,"Main Harrow Campaign centre for May 7th election covering Headstone, North and West Harrow, Harrow on the Hill, Edgware, Rayners Lane and Roxbourne",https://events.labour.org.uk/event/531307
