ward_code,council,ward_name,canvassing_events,green_share_2026,reform_share_2026,labour_share_last,last_election_year
E05010863,sheffield,Crookes and Crosspool,82,27.46,11.15,48.31,2024
E05014532,tameside,Hyde Werneth,74,18.52,29.94,34.46,2024
E05014535,tameside,St Peter's,67,0.0,23.47,43.88,2024
E05011115,southwark,St Giles,57,45.92,3.2,65.83,2022
E05010882,sheffield,Walkley,56,40.06,14.05,50.2,2024
E05010876,sheffield,Park and Arbourthorne,54,22.03,37.99,50.84,2024
E05013055,cambridge,East Chesterton,52,24.45,10.11,42.09,2024
E05013735,hammersmith-and-fulham,Brook Green,49,7.84,7.04,57.03,2022
E05011413,leeds,Weetwood,47,24.01,10.37,49.6,2024
E05014113,lambeth,Streatham Hill East,45,42.64,2.82,56.72,2022
E05011112,southwark,Rotherhithe,45,29.85,13.26,51.69,2022
E05010873,sheffield,Manor Castle,44,42.47,26.2,57.61,2024
E05014102,lambeth,Clapham Town,43,30.39,7.13,46.58,2022
E05011113,southwark,Rye Lane,43,42.25,4.08,65.49,2022
E05011116,southwark,South Bermondsey,43,25.76,6.0,53.04,2022
E05013705,islington,Hillrise,42,31.19,4.6,64.87,2022
E05013831,leeds,Temple Newsam,42,12.13,36.13,52.36,2024
E05010868,sheffield,Firth Park,41,18.55,35.86,59.93,2024
E05011354,manchester,Burnage,40,45.75,16.97,53.92,2024
E05014097,lambeth,Brixton Rush Common,38,47.41,1.58,60.54,2022
E05011108,southwark,Nunhead and Queen's Road,37,55.07,1.98,53.19,2022
E05011111,southwark,Peckham Rye,37,40.35,3.74,63.37,2022
E05013054,cambridge,Coleridge,36,39.12,10.27,43.53,2024
E05011365,manchester,Gorton and Abbey Hey,36,36.69,27.53,68.4,2024
E05013107,oxford,Littlemore,36,14.74,12.33,42.34,2024
E05013061,cambridge,Romsey,35,45.23,6.84,52.2,2024
E05013752,hammersmith-and-fulham,White City,35,30.03,7.65,77.08,2022
E05001226,coventry,Lower Stoke,33,19.82,28.28,61.53,2024
E05012913,norwich,Wensum,33,50.53,24.31,37.43,2024
E05010879,sheffield,Southey,32,12.89,49.93,52.37,2024
E05011130,birmingham,Brandwood and King's Heath,31,41.68,12.88,49.73,2022
E05011380,manchester,Withington,31,40.82,9.21,44.46,2024
E05013796,westminster,Hyde Park,31,13.49,6.56,45.89,2022
E05010787,lincoln,Carholme,30,31.58,18.12,56.34,2024
E05013586,haringey,Bounds Green,30,25.46,3.54,58.61,2022
E05013601,haringey,Tottenham Central,30,53.17,1.97,72.55,2022
E05013709,islington,Mildmay,30,45.07,4.71,59.23,2022
E05009423,milton-keynes,Wolverton,30,29.21,19.27,57.22,2024
E05014095,lambeth,Brixton Acre Lane,29,40.51,3.86,56.16,2022
E05000933,sefton,Birkdale,29,9.55,28.74,41.61,2024
E05015493,southampton,Bevois,29,22.24,8.83,48.58,2024
E05013799,westminster,Little Venice,29,13.51,6.6,44.96,2022
E05014080,greenwich,Greenwich Creekside,28,21.52,6.08,61.33,2022
E05010866,sheffield,East Ecclesfield,28,7.24,38.72,38.26,2024
E05001164,sunderland,Ryhope,28,8.09,49.54,53.72,2024
E05011154,birmingham,Moseley,27,27.1,7.73,42.66,2022
E05013721,lewisham,Evelyn,27,44.49,3.32,58.56,2022
E05010878,sheffield,Shiregreen and Brightside,27,17.94,42.4,54.72,2024
E05014007,bromley,St Paul's Cray,26,5.34,37.48,42.02,2022
E05010786,lincoln,Boultham,26,25.19,27.77,55.43,2024
E05013742,hammersmith-and-fulham,Lillie,26,9.86,11.16,63.49,2022
E05013793,westminster,Bayswater,26,13.88,8.18,57.82,2022
E05013059,cambridge,Petersfield,25,40.94,5.47,51.88,2024
E05013063,cambridge,West Chesterton,25,26.68,5.79,42.93,2024
E05001079,gateshead,Lobley Hill and Bensham,25,14.73,42.35,58.07,2024
E05014076,greenwich,East Greenwich,25,42.92,11.51,46.8,2022
E05013747,hammersmith-and-fulham,Sands End,25,6.09,14.12,51.66,2022
E05013749,hammersmith-and-fulham,Walham Green,25,8.32,12.64,55.79,2022
E05013698,islington,Barnsbury,25,30.74,4.62,51.66,2022
E05013707,islington,Junction,25,32.11,8.83,65.65,2022
E05014116,lambeth,Streatham Wells,25,29.7,2.83,49.06,2022
E05011107,southwark,North Walworth,25,41.2,3.36,59.71,2022
E05014081,greenwich,Greenwich Park,24,39.68,9.71,49.37,2022
E05013710,islington,St Mary's and St James',24,26.93,3.98,40.34,2022
E05010875,sheffield,Nether Edge and Sharrow,24,50.46,5.9,39.11,2024
E05013795,westminster,Harrow Road,24,36.04,8.67,75.22,2022
E05014082,greenwich,Greenwich Peninsula,23,34.27,11.21,51.96,2022
E05014083,greenwich,Kidbrooke Park,23,22.16,23.93,58.75,2022
E05014084,greenwich,Kidbrooke Village and Sutcliffe,23,31.21,14.21,61.94,2022
E05013697,islington,Arsenal,23,41.68,5.95,54.17,2022
E05011401,leeds,Kippax and Methley,23,8.45,38.1,65.06,2024
E05011364,manchester,Fallowfield,23,52.04,11.48,53.74,2024
E05012903,norwich,Crome,23,21.83,33.95,53.28,2024
E05015496,southampton,Freemantle,23,31.08,19.45,49.89,2024
E05015634,stevenage,St Nicholas,23,17.45,32.19,72.85,2024
E05013051,cambridge,Arbury,22,32.16,10.05,51.51,2024
E05010793,lincoln,Park,22,30.28,22.17,47.15,2024
E05014085,greenwich,Middle Park and Horn Park,22,17.42,29.6,64.67,2022
E05013734,hammersmith-and-fulham,Avonmore,22,9.87,10.52,66.52,2022
E05013746,hammersmith-and-fulham,Ravenscourt,22,10.24,7.38,57.12,2022
E05013704,islington,Highbury,22,45.6,2.71,34.12,2022
E05013706,islington,Holloway,22,32.47,3.77,63.84,2022
E05013732,lewisham,Telegraph Hill,22,54.74,2.75,68.46,2022
E05011370,manchester,Longsight,22,47.44,7.9,42.8,2024
E05002079,plymouth,Compton,22,16.3,31.71,46.36,2024
E05011098,southwark,Chaucer,22,37.81,2.35,63.36,2022
E05010830,colchester,Highwoods,21,10.25,28.21,34.06,2024
E05011405,leeds,Moortown,21,29.22,12.07,53.46,2024
E05013826,merton,Wandle,21,8.18,8.52,34.12,2022
E05002085,plymouth,Honicknowle,21,9.85,52.87,55.21,2024
E05015502,southampton,Shirley,21,18.87,18.36,39.52,2024
E05011099,southwark,Dulwich Hill,21,38.46,3.31,60.02,2022
E05015626,stevenage,Bedwell,21,16.24,32.54,70.37,2024
E05013798,westminster,Lancaster Gate,21,14.53,9.99,43.35,2022
E05014073,greenwich,Blackheath Westcombe,20,25.72,9.43,46.43,2022
E05013593,haringey,Hornsey,20,37.53,1.78,64.99,2022
E05013580,hillingdon,Uxbridge,20,14.16,17.15,42.45,2022
E05011378,manchester,Sharston,20,18.33,38.23,69.57,2024
E05009422,milton-keynes,Tattenhoe,20,11.81,18.67,39.36,2024
E05013912,newham,Forest Gate South,20,35.0,2.2,63.25,2022
E05012911,norwich,Town Close,20,45.82,12.22,41.77,2024
E05014662,oldham,St James',20,8.91,60.81,36.25,2024
E05014048,rochdale,South Middleton,20,10.35,44.19,50.99,2024
E05015631,stevenage,Old Town,20,18.3,28.58,50.04,2024
E05013902,waltham-forest,William Morris,20,41.44,3.68,76.07,2022
E05011066,welwyn-hatfield,Howlands,20,11.96,34.73,49.64,2024
E05014853,wolverhampton,St Peters,20,28.19,11.14,51.4,2024
E05007700,worthing,Heene,20,32.72,19.81,56.33,2024
E05001235,coventry,Wyken,19,14.49,38.98,47.33,2024
E05011216,hastings,Wishing Tree,19,18.11,35.54,51.36,2024
E05013584,hillingdon,Yiewsley,19,20.63,28.51,54.42,2022
E05002081,plymouth,Drake,19,38.47,18.31,48.43,2022
E05014033,rochdale,Balderstone and Kirkholt,19,12.29,42.43,52.95,2024
E05011103,southwark,Goose Green,19,39.19,4.11,56.94,2022
E05011062,welwyn-hatfield,Hatfield East,19,20.29,23.19,42.26,2024
E05011065,welwyn-hatfield,Hollybush,19,13.53,33.1,52.21,2024
E05013808,westminster,West End,19,15.65,10.38,49.66,2022
E05013640,barnet,Friern Barnet,18,28.75,13.54,64.55,2022
E05010788,lincoln,Castle,18,22.55,29.17,59.88,2024
E05013712,islington,Tollington,18,49.39,5.78,61.28,2022
E05011444,newcastle-upon-tyne,Denton and Westerhope,18,10.3,43.66,41.22,2024
E05011451,newcastle-upon-tyne,Lemington,18,13.11,49.89,45.14,2024
E05012905,norwich,Lakenham,18,39.16,25.23,58.2,2024
E05002087,plymouth,Peverell,18,16.11,28.06,51.34,2024
E05002096,plymouth,Stoke,18,19.11,29.64,62.32,2024
E05015633,stevenage,Shephall,18,13.36,39.43,72.32,2024
E05008965,swindon,Priory Vale,18,17.22,26.14,46.15,2024
E05015253,trafford,Old Trafford,18,52.61,4.31,60.11,2024
E05001459,wakefield,Wakefield East,18,15.4,28.55,54.19,2024
E05013888,waltham-forest,Grove Green,18,49.97,3.26,54.03,2022
E05013899,waltham-forest,St James,18,52.49,1.83,68.15,2022
E05011048,watford,Holywell,18,18.79,15.81,60.05,2024
E05011184,birmingham,Weoley and Selly Oak,17,20.65,27.19,51.76,2022
E05001368,bradford,Windhill and Wrose,17,12.39,44.09,51.58,2024
E05013688,enfield,Palmers Green,17,27.94,6.86,48.3,2022
E05013590,haringey,Harringay,17,52.42,1.42,53.05,2022
E05013602,haringey,Tottenham Hale,17,51.96,2.09,71.51,2022
E05011390,leeds,Chapel Allerton,17,45.08,7.61,62.57,2024
E05011372,manchester,Moss Side,17,56.47,4.5,45.1,2024
E05009408,milton-keynes,Bletchley West,17,10.67,34.95,48.95,2024
E05009412,milton-keynes,Central Milton Keynes,17,19.67,20.82,53.94,2024
E05013917,newham,Maryland,17,35.46,8.76,64.11,2022
E05012910,norwich,Thorpe Hamlet,17,43.15,15.7,39.61,2024
E05001262,sandwell,Bristnall,17,18.13,35.41,58.46,2024
E05001268,sandwell,Greets Green and Lyng,17,15.88,26.08,67.15,2024
E05015491,southampton,Bargate,17,27.93,19.94,50.16,2024
E05002225,southend-on-sea,Victoria,17,21.96,29.44,60.8,2024
E05011104,southwark,London Bridge and West Bermondsey,17,20.55,3.95,47.41,2022
E05010756,swindon,Haydon Wick,17,4.82,34.97,50.98,2024
E05015250,trafford,Longford,17,46.67,10.83,57.6,2024
E05013903,waltham-forest,Wood Street,17,39.93,5.74,79.14,2022
E05011059,welwyn-hatfield,Haldens,17,14.91,28.91,47.69,2024
E05011224,bexley,East Wickham,16,4.89,32.91,43.31,2022
E05014004,bromley,Plaistow,16,13.98,18.62,44.9,2022
E05013056,cambridge,King's Hedges,16,23.05,14.35,45.11,2024
E05001227,coventry,Radford,16,22.9,29.09,58.05,2024
E05013738,hammersmith-and-fulham,Fulham Reach,16,12.01,12.99,65.89,2022
E05013588,haringey,Crouch End,16,27.02,2.92,47.26,2022
E05013598,haringey,Seven Sisters,16,49.3,5.31,72.69,2022
E05012648,leeds,Farnley and Wortley,16,25.4,37.23,45.75,2024
E05011411,leeds,Roundhay,16,37.27,9.78,55.36,2024
E05013716,lewisham,Brockley,16,55.0,1.94,56.2,2022
E05011448,newcastle-upon-tyne,Heaton,16,54.16,7.75,44.52,2024
E05013096,oxford,Barton and Sandhills,16,15.14,21.47,35.86,2024
E05002094,plymouth,St Peter and the Waterfront,16,24.33,29.44,51.58,2024
E05014036,rochdale,Central Rochdale,16,9.61,6.55,40.48,2024
E05014042,rochdale,Milkstone and Deeplish,16,9.44,5.13,24.54,2024
E05013892,waltham-forest,Higham Hill,16,39.17,6.67,72.69,2022
E05013052,cambridge,Castle,15,32.17,4.89,39.97,2024
E05011462,croydon,Addiscombe East,15,19.65,10.23,36.48,2022
E05011479,croydon,Selhurst,15,28.9,10.89,52.74,2022
E05013525,ealing,Hanwell Broadway,15,38.59,11.1,41.67,2022
E05013673,enfield,Bowes,15,26.48,7.06,50.36,2022
E05009392,kensington-and-chelsea,Colville,15,24.64,9.72,60.1,2022
E05009396,kensington-and-chelsea,Golborne,15,32.06,9.5,72.63,2022
E05013722,lewisham,Forest Hill,15,39.16,5.15,53.3,2022
E05013727,lewisham,Lewisham Central,15,44.42,4.33,59.43,2022
E05013730,lewisham,Rushey Green,15,51.02,2.47,58.32,2022
E05011461,newcastle-upon-tyne,Wingrove,15,44.99,14.3,39.51,2024
E05013913,newham,Green Street East,15,17.94,2.84,68.51,2022
E05000948,sefton,Norwood,15,27.75,33.15,55.34,2024
E05011291,south-cambridgeshire,Fen Ditton and Fulbourn,15,17.94,16.89,25.56,2022
E05002213,southend-on-sea,Blenheim Park,15,13.13,31.06,40.23,2024
E05007068,tamworth,Bolehall,15,11.84,51.32,72.45,2024
E05015240,trafford,Ashton upon Mersey,15,18.71,15.95,54.81,2024
E05013898,waltham-forest,Markhouse,15,42.7,2.24,74.54,2022
E05011056,watford,Vicarage,15,15.89,10.97,40.01,2024
E05013802,westminster,Pimlico North,15,13.9,12.14,37.79,2022
E05011231,bexley,Slade Green and Northend,14,9.38,34.07,62.43,2022
E05011018,exeter,Pinhoe,14,15.12,28.19,41.88,2024
E05014089,greenwich,Shooters Hill,14,46.67,14.39,68.24,2022
E05013594,haringey,Muswell Hill,14,22.06,5.2,38.8,2022
E05010944,knowsley,St Gabriels,14,43.82,31.7,52.0,2024
E05013718,lewisham,Crofton Park,14,54.93,1.83,54.7,2022
E05013719,lewisham,Deptford,14,54.45,2.19,60.27,2022
E05013725,lewisham,Ladywell,14,55.68,1.56,47.16,2022
E05014051,rochdale,West Heywood,14,7.23,49.56,52.99,2024
E05011096,southwark,Camberwell Green,14,38.09,2.49,72.11,2022
E05011097,southwark,Champion Hill,14,38.34,2.77,67.95,2022
E05011105,southwark,Newington,14,33.47,9.74,64.69,2022
E05015245,trafford,Davyhulme,14,15.45,30.07,53.07,2024
E05013891,waltham-forest,High Street,14,52.83,4.69,69.71,2022
E05013897,waltham-forest,Leytonstone,14,31.97,4.82,63.99,2022
E05011061,welwyn-hatfield,Hatfield Central,14,15.63,33.33,48.24,2024
E05013809,westminster,Westbourne,14,33.77,7.65,71.94,2022
E05007696,worthing,Central,14,36.59,20.77,59.16,2024
E05011228,bexley,Northumberland Heath,13,6.2,38.52,51.47,2022
E05011148,birmingham,King's Norton North,13,14.07,33.68,55.43,2022
E05010840,colchester,Shrub End,13,11.64,33.99,37.91,2024
E05001222,coventry,Foleshill,13,21.58,11.62,46.86,2024
E05001072,gateshead,Crawcrook and Greenside,13,19.74,32.08,54.34,2024
E05014074,greenwich,Charlton Hornfair,13,35.75,16.52,62.08,2022
E05013585,haringey,Alexandra Park,13,21.65,1.93,44.73,2022
E05013597,haringey,St Ann's,13,58.07,3.03,53.27,2022
E05013699,islington,Bunhill,13,26.28,10.57,56.35,2022
E05011352,manchester,Baguley,13,18.36,40.87,64.05,2024
E05013868,reading,Church,13,16.91,24.57,59.1,2024
E05015490,southampton,Banister and Polygon,13,38.67,13.57,46.06,2024
E05011064,welwyn-hatfield,Hatfield Villages,13,16.21,26.39,41.55,2024
E05013803,westminster,Pimlico South,13,12.82,12.31,49.01,2022
E05013628,barnet,Barnet Vale,12,12.99,15.35,41.26,2022
E05000988,barnsley,Old Town,12,8.29,35.0,57.01,2024
E05011158,birmingham,Northfield,12,13.51,35.66,56.55,2022
E05013683,enfield,Highfield,12,21.81,9.41,43.81,2022
E05013691,enfield,Southbury,12,24.37,11.77,49.96,2022
E05014077,greenwich,Eltham Page,12,16.61,33.21,54.91,2022
E05014078,greenwich,Eltham Park and Progress,12,18.77,24.77,49.09,2022
E05007128,ipswich,Sprites,12,9.73,45.52,49.14,2024
E05011537,kingston-upon-hull-city-of,Newington and Gipsyville,12,12.26,40.73,66.0,2024
E05014117,lambeth,Vauxhall,12,31.43,3.98,57.92,2022
E05013715,lewisham,Blackheath,12,32.94,8.02,43.4,2022
E05013908,newham,Custom House,12,22.41,6.75,55.62,2022
E05013916,newham,Manor Park,12,21.41,5.27,71.62,2022
E05015866,north-tyneside,Battle Hill,12,13.76,43.29,81.37,2024
E05012902,norwich,Catton Grove,12,28.64,30.5,53.55,2024
E05002080,plymouth,Devonport,12,16.05,40.23,55.47,2024
E05001272,sandwell,Old Warley,12,15.44,37.63,51.44,2024
E05000939,sefton,Ford,12,0.0,26.66,80.93,2024
E05015494,southampton,Bitterne Park,12,14.88,20.19,42.09,2024
E05006637,west-oxfordshire,Chipping Norton,12,16.51,25.1,61.34,2024
E05007706,worthing,Tarring,12,14.86,24.24,44.61,2024
E05007574,adur,Southwick Green,11,14.67,20.7,64.14,2024
E05011225,bexley,Erith,11,10.72,29.18,69.08,2022
E05010921,cherwell,Banbury Cross and Neithrop,11,19.06,26.64,48.42,2024
E05010843,colchester,Wivenhoe,11,32.63,12.49,33.92,2024
E05013675,enfield,Bullsmoor,11,20.78,16.78,56.2,2022
E05011011,exeter,Alphington,11,20.24,27.77,45.99,2024
E05011203,hastings,Braybrooke,11,59.03,16.91,34.65,2024
E05011213,hastings,Silverhill,11,31.99,25.8,40.85,2024
E05013702,islington,Clerkenwell,11,35.9,8.46,50.17,2022
E05009404,kensington-and-chelsea,St Helen's,11,18.61,7.62,52.45,2022
E05013724,lewisham,Hither Green,11,37.48,8.88,59.31,2022
E05013728,lewisham,New Cross Gate,11,49.86,4.62,67.21,2022
E05011358,manchester,Chorlton Park,11,40.54,8.11,64.02,2024
E05011374,manchester,Northenden,11,22.16,28.48,63.45,2024
E05011441,newcastle-upon-tyne,Castle,11,34.43,19.4,40.26,2024
E05015865,north-tyneside,Backworth and Holystone,11,13.5,36.69,66.07,2024
E05012912,norwich,University,11,42.97,20.86,48.36,2024
E05015829,nuneaton-and-bedworth,Bede,11,0.0,57.34,62.28,2024
E05002091,plymouth,Plymstock Dunstone,11,8.25,36.86,36.01,2024
E05013865,reading,Battle,11,35.17,11.8,63.74,2024
E05013791,richmond-upon-thames,Whitton,11,13.36,16.7,10.41,2022
E05014041,rochdale,Littleborough Lakeside,11,8.03,40.74,54.87,2024
E05010864,sheffield,Darnall,11,9.99,19.54,26.96,2024
E05015244,trafford,Bucklow-St Martins,11,14.65,43.6,61.48,2024
E05013887,waltham-forest,Forest,11,55.57,7.03,67.11,2022
E05013893,waltham-forest,Hoe Street,11,41.31,2.18,70.42,2022
E05013900,waltham-forest,Upper Walthamstow,11,31.45,8.49,61.24,2022
E05007565,adur,Eastbrook,10,15.78,27.31,58.55,2024
E05007571,adur,St Mary's,10,22.38,19.06,76.01,2024
E05013629,barnet,Brunswick Park,10,18.3,15.69,50.08,2022
E05000980,barnsley,Darton West,10,11.83,41.49,45.11,2024
E05013994,bromley,Clock House,10,20.03,12.01,65.89,2022
E05010923,cherwell,Banbury Hardwick,10,16.58,34.77,50.2,2024
E05010791,lincoln,Minster,10,11.29,32.33,49.16,2024
E05010829,colchester,Greenstead,10,15.32,35.05,63.26,2024
E05001229,coventry,Sherbourne,10,18.47,36.28,42.83,2024
E05011485,croydon,South Norwood,10,36.29,9.66,46.78,2022
E05013535,ealing,Pitshanger,10,20.1,9.19,42.99,2022
E05011013,exeter,Exwick,10,23.26,30.54,51.23,2024
E05013589,haringey,Fortis Green,10,21.47,5.73,43.31,2022
E05013591,haringey,Hermitage and Gardens,10,61.01,1.88,65.99,2022
E05013600,haringey,Stroud Green,10,41.19,2.92,54.56,2022
E05007117,ipswich,Alexandra,10,34.42,19.36,50.04,2024
E05013703,islington,Finsbury Park,10,34.0,4.72,66.0,2022
E05013711,islington,St Peter's and Canalside,10,27.87,5.49,49.22,2022
E05009394,kensington-and-chelsea,Dalgarno,10,24.76,14.02,61.61,2022
E05009398,kensington-and-chelsea,Norland,10,7.07,6.9,20.61,2022
E05013723,lewisham,Grove Park,10,30.42,13.47,52.76,2022
E05011432,newcastle-under-lyme,Town,10,22.1,28.3,68.14,2022
E05011449,newcastle-upon-tyne,Kenton,10,19.89,32.36,65.28,2024
E05013922,newham,Royal Albert,10,27.69,11.04,59.52,2022
E05015881,north-tyneside,Wallsend Central,10,24.53,35.81,66.59,2024
E05010820,peterborough,Park,10,22.61,10.99,33.6,2024
E05013873,reading,Norcot,10,20.43,23.47,50.44,2024
E05001279,sandwell,Tipton Green,10,13.92,35.53,38.51,2024
E05000941,sefton,Kew,10,0.0,32.08,43.81,2024
E05011110,southwark,Peckham,10,44.39,1.96,81.02,2022
E05015636,stevenage,Woodfield,10,11.85,31.92,39.83,2024
E05015243,trafford,Brooklands,10,17.71,18.34,47.49,2024
E05015255,trafford,Sale Moor,10,19.73,24.73,58.64,2024
E05013882,waltham-forest,Cann Hall,10,51.49,5.04,71.33,2022
E05014849,wolverhampton,Merry Hill,10,13.07,34.38,47.65,2024
E05007569,adur,Mash Barn,9,10.07,36.49,63.29,2024
E05000979,barnsley,Darton East,9,4.47,30.78,37.16,2024
E05000995,barnsley,Wombwell,9,3.75,45.31,65.68,2024
E05011218,bexley,Belvedere,9,12.57,30.9,59.89,2022
E05011222,bexley,Crayford,9,5.29,37.01,46.34,2022
E05001218,coventry,Bablake,9,15.28,37.96,38.34,2024
E05011019,exeter,Priory,9,23.04,28.88,41.97,2024
E05001069,gateshead,Bridges,9,36.03,27.43,48.96,2024
E05014075,greenwich,Charlton Village and Riverside,9,33.06,14.97,65.04,2022
E05014090,greenwich,Thamesmead Moorings,9,18.44,21.22,74.89,2022
E05007125,ipswich,Rushmere,9,17.64,26.0,49.62,2024
E05010942,knowsley,Roby,9,29.73,29.81,59.2,2024
E05011367,manchester,Higher Blackley,9,17.73,30.94,55.95,2024
E05013904,newham,Beckton,9,22.34,6.93,47.77,2022
E05013923,newham,Royal Victoria,9,44.46,7.38,47.73,2022
E05015882,north-tyneside,Wallsend North,9,12.84,43.79,68.79,2024
E05015884,north-tyneside,Whitley Bay North,9,39.73,14.93,58.9,2024
E05002097,plymouth,Sutton and Mount Gould,9,40.46,27.28,56.44,2024
E05013879,reading,Whitley,9,16.89,23.02,57.97,2024
E05015616,redditch,Batchley and Brockhill,9,19.63,39.8,54.13,2024
E05001261,sandwell,Blackheath,9,13.2,49.27,52.01,2024
E05010884,sheffield,Woodhouse,9,15.22,44.61,57.83,2024
E05015627,stevenage,Chells,9,11.43,32.78,34.59,2024
E05013883,waltham-forest,Cathall,9,37.72,4.27,70.2,2022
E05013884,waltham-forest,Chapel End,9,45.6,2.98,65.04,2022
E05013895,waltham-forest,Lea Bridge,9,63.52,2.11,74.27,2022
E05014930,west-lancashire,Burscough Bridge and Rufford,9,7.45,28.8,27.59,2024
E05013794,westminster,Church Street,9,28.93,11.22,72.97,2022
E05014850,wolverhampton,Oxley,9,14.04,33.39,50.1,2024
E05014851,wolverhampton,Park,9,30.11,17.27,52.97,2024
E05007705,worthing,Selden,9,31.69,23.28,57.06,2024
E05013644,barnet,High Barnet,8,11.89,14.61,51.66,2022
E05011151,birmingham,Ladywood,8,37.23,12.52,67.2,2022
E05001361,bradford,Royds,8,16.89,50.17,50.61,2024
E05010836,colchester,Old Heath and the Hythe,8,16.87,31.68,58.9,2024
E05001219,coventry,Binley and Willenhall,8,13.54,41.58,41.78,2024
E05001230,coventry,Upper Stoke,8,18.6,32.27,57.95,2024
E05011463,croydon,Addiscombe West,8,26.63,12.87,45.5,2022
E05011464,croydon,Bensham Manor,8,26.59,9.29,55.14,2022
E05011473,croydon,Norbury Park,8,28.08,9.06,47.31,2022
E05011489,croydon,Woodside,8,30.83,11.23,51.13,2022
E05013686,enfield,New Southgate,8,37.08,9.12,49.66,2022
E05011016,exeter,Newtown and St Leonard's,8,47.29,12.86,36.4,2024
E05014079,greenwich,Eltham Town and Avery Hill,8,13.6,23.96,46.0,2022
E05013737,hammersmith-and-fulham,Coningham,8,28.96,9.69,61.65,2022
E05011208,hastings,Hollington,8,15.4,38.02,36.54,2024
E05007124,ipswich,Priory Heath,8,17.39,34.46,55.04,2024
E05007126,ipswich,St John's,8,23.43,27.87,55.84,2024
E05009399,kensington-and-chelsea,Notting Dale,8,17.35,13.28,71.05,2022
E05010947,knowsley,Swanside,8,18.88,29.49,82.34,2024
E05014101,lambeth,Clapham Park,8,35.23,2.65,60.22,2022
E05009421,milton-keynes,Stony Stratford,8,13.61,19.82,50.88,2024
E05009424,milton-keynes,Woughton and Fishermead,8,14.7,24.83,63.64,2024
E05011436,newcastle-upon-tyne,Arthur's Hill,8,49.52,13.88,50.49,2024
E05013867,reading,Caversham Heights,8,18.8,12.43,41.2,2024
E05013872,reading,Kentwood,8,15.22,23.53,48.09,2024
E05015618,redditch,Greenlands and Lakeside,8,14.46,40.8,60.79,2024
E05002221,southend-on-sea,St Luke's,8,14.56,38.13,44.18,2024
E05015018,stockport,Brinnington and Stockport Central,8,24.18,30.79,61.02,2024
E05015251,trafford,Lostock and Barton,8,20.28,30.05,60.94,2024
E05015254,trafford,Sale Central,8,24.4,14.78,60.44,2024
E05013896,waltham-forest,Leyton,8,54.04,2.32,65.2,2022
E05000981,barnsley,Dearne North,7,4.16,51.94,69.68,2024
E05011232,bexley,Thamesmead East,7,9.02,24.24,73.65,2022
E05011484,croydon,South Croydon,7,23.18,10.72,29.89,2022
E05014072,greenwich,Abbey Wood,7,19.77,23.62,66.02,2022
E05009372,hackney,Hackney Central,7,50.73,1.85,67.7,2022
E05011207,hastings,Gensing,7,66.18,16.82,32.4,2024
E05011210,hastings,Old Hastings,7,48.04,17.47,29.0,2024
E05013565,hillingdon,Charville,7,7.76,17.62,50.31,2022
E05007119,ipswich,Bridge,7,18.78,33.52,46.21,2024
E05013708,islington,Laycock,7,31.87,4.29,57.42,2022
E05010945,knowsley,St Michaels,7,19.6,33.35,83.38,2024
E05014105,lambeth,Kennington,7,30.42,2.56,56.09,2022
E05011357,manchester,Chorlton,7,45.42,5.26,60.14,2024
E05009409,milton-keynes,Bradwell,7,11.42,25.36,24.91,2024
E05015880,north-tyneside,Tynemouth,7,15.95,14.89,43.49,2024
E05002220,southend-on-sea,St Laurence,7,8.21,40.98,50.28,2024
E05002226,southend-on-sea,Westborough,7,21.36,25.51,54.21,2024
E05001149,south-tyneside,Westoe,7,21.18,31.76,23.12,2024
E05011109,southwark,Old Kent Road,7,26.28,5.13,69.28,2022
E05001157,sunderland,Fulwell,7,4.99,28.5,20.63,2024
E05008967,swindon,Rodbourne Cheney,7,8.83,46.28,53.81,2024
E05001458,wakefield,Stanley and Outwood East,7,12.09,42.94,63.01,2024
E05014009,wandsworth,Balham,7,14.5,4.33,39.13,2022
E05014838,wolverhampton,Bilston North,7,28.36,42.42,71.29,2024
E05007701,worthing,Marine,7,15.0,21.33,55.99,2024
E05007562,adur,Buckingham,6,9.68,23.92,50.86,2024
E05013650,barnet,Whetstone,6,13.48,13.5,53.19,2022
E05000982,barnsley,Dearne South,6,3.04,53.8,60.12,2024
E05000987,barnsley,North East,6,6.3,48.65,53.87,2024
E05011233,bexley,West Heath,6,4.55,35.2,42.04,2022
E05011119,birmingham,Allens Cross,6,13.77,34.3,46.01,2022
E05011126,birmingham,Bordesley and Highgate,6,25.03,7.65,57.28,2022
E05011157,birmingham,North Edgbaston,6,24.46,9.68,63.22,2022
E05010922,cherwell,Banbury Grimsbury and Hightown,6,19.46,13.55,44.67,2024
E05001223,coventry,Henley,6,13.57,35.91,58.51,2024
E05011015,exeter,Mincinglake and Whipton,6,29.1,34.12,38.5,2024
E05011023,exeter,Topsham,6,17.69,21.77,45.05,2024
E05009376,hackney,Homerton,6,22.58,1.51,71.53,2022
E05009387,hackney,Woodberry Down,6,39.36,8.25,65.2,2022
E05013587,haringey,Bruce Castle,6,16.57,6.42,76.08,2022
E05011212,hastings,St Helens,6,25.05,27.15,30.86,2024
E05011215,hastings,West St Leonards,6,23.19,33.91,38.72,2024
E05014108,lambeth,Oval,6,30.3,4.36,57.16,2022
E05014119,lambeth,West Dulwich,6,37.69,4.13,51.63,2022
E05013714,lewisham,Bellingham,6,31.44,16.84,70.99,2022
E05013726,lewisham,Lee Green,6,32.81,5.79,44.3,2022
E05013731,lewisham,Sydenham,6,43.36,6.83,56.77,2022
E05011445,newcastle-upon-tyne,Elswick,6,48.3,23.99,41.32,2024
E05013927,newham,West Ham,6,30.8,8.9,66.14,2022
E05015831,nuneaton-and-bedworth,Camp Hill,6,17.77,46.13,59.22,2024
E05015836,nuneaton-and-bedworth,Heath,6,8.93,50.07,53.95,2024
E05015840,nuneaton-and-bedworth,St Mary's,6,16.75,32.54,71.22,2024
E05001267,sandwell,Great Bridge,6,21.91,46.43,37.79,2024
E05001270,sandwell,Langley,6,17.0,40.84,65.93,2024
E05011102,southwark,Faraday,6,35.01,7.29,66.4,2022
E05013901,waltham-forest,Valley,6,0.0,15.71,45.65,2022
E05014935,west-lancashire,Ormskirk West,6,11.96,22.49,45.8,2024
E05013630,barnet,Burnt Oak,5,20.15,22.91,69.53,2022
E05013635,barnet,East Barnet,5,15.01,17.58,48.59,2022
E05013636,barnet,East Finchley,5,21.14,9.94,64.47,2022
E05013648,barnet,West Finchley,5,21.42,11.25,52.42,2022
E05011217,bexley,Barnehurst,5,6.09,33.92,41.32,2022
E05011223,bexley,Crook Log,5,4.79,32.65,39.05,2022
E05013995,bromley,Crystal Palace and Anerley,5,34.5,7.72,67.59,2022
E05009010,broxbourne,Waltham Cross,5,17.62,28.06,57.25,2024
E05010924,cherwell,Banbury Ruscote,5,14.78,35.41,58.57,2024
E05011487,croydon,Waddon,5,22.31,14.22,39.84,2022
E05011488,croydon,West Thornton,5,20.41,11.29,62.08,2022
E05013522,ealing,East Acton,5,26.01,11.91,59.8,2022
E05009371,hackney,De Beauvoir,5,45.97,3.92,65.24,2022
E05009383,hackney,Springfield,5,24.91,4.01,32.46,2022
E05013748,hammersmith-and-fulham,Shepherd's Bush Green,5,26.97,8.42,76.3,2022
E05011204,hastings,Castle,5,63.88,15.29,35.19,2024
E05007123,ipswich,Holywells,5,20.39,25.2,49.22,2024
E05013713,islington,Tufnell Park,5,49.51,4.8,49.67,2022
E05013720,lewisham,Downham,5,26.05,23.85,56.7,2022
E05011355,manchester,Charlestown,5,18.15,43.6,60.04,2024
E05011458,newcastle-upon-tyne,Walker,5,39.87,40.84,69.79,2024
E05013905,newham,Boleyn,5,18.99,2.03,62.15,2022
E05013907,newham,Canning Town South,5,23.52,5.51,56.63,2022
E05013924,newham,Stratford,5,47.07,3.1,57.2,2022
E05015870,north-tyneside,Forest Hall,5,14.61,26.77,64.34,2024
E05015879,north-tyneside,St Mary's,5,8.24,16.79,30.81,2024
E05015832,nuneaton-and-bedworth,Chilvers Coton,5,20.76,34.45,56.8,2024
E05013099,oxford,Churchill,5,28.24,16.43,51.39,2024
E05013118,oxford,Walton Manor,5,24.49,3.48,57.88,2024
E05013869,reading,Coley,5,33.38,15.27,54.78,2024
E05014525,tameside,Denton West,5,21.5,49.57,67.42,2024
E05007070,tamworth,Glascote,5,13.15,59.02,48.07,2024
E05013800,westminster,Maida Vale,5,19.72,12.05,61.85,2022
E05007702,worthing,Northbrook,5,14.73,33.74,47.86,2024
E05013649,barnet,West Hendon,4,21.04,22.75,58.22,2022
E05000984,barnsley,Hoyland Milton,4,4.41,49.46,46.15,2024
E05000992,barnsley,Royston,4,3.72,46.32,58.58,2024
E05011156,birmingham,Newtown,4,16.4,5.04,58.05,2022
E05001370,bradford,Wyke,4,16.8,51.58,43.27,2024
E05014002,bromley,Penge and Cator,4,32.22,10.01,67.88,2022
E05010835,colchester,New Town and Christ Church,4,23.3,19.33,57.31,2024
E05001233,coventry,Whoberley,4,22.77,30.07,55.57,2024
E05011465,croydon,Broad Green,4,23.76,13.46,58.95,2022
E05011472,croydon,Norbury and Pollards Hill,4,30.59,10.01,51.14,2022
E05015909,dudley,Cradley North and Wollescote,4,7.3,36.25,31.43,2024
E05015911,dudley,Halesowen North,4,12.31,20.22,51.39,2024
E05013533,ealing,Norwood Green,4,7.69,7.53,72.33,2022
E05013539,ealing,Southall West,4,9.28,6.73,56.7,2022
E05011022,exeter,St Thomas,4,37.05,19.45,38.35,2024
E05014094,greenwich,Woolwich Dockyard,4,25.7,14.35,70.92,2022
E05009373,hackney,Hackney Downs,4,64.56,1.47,48.86,2022
E05009380,hackney,Lea Bridge,4,59.22,1.37,63.28,2022
E05009382,hackney,Shacklewell,4,54.51,2.02,63.31,2022
E05013605,haringey,Woodside,4,37.45,6.8,68.91,2022
E05011205,hastings,Central St Leonards,4,61.12,17.73,29.94,2024
E05013581,hillingdon,West Drayton,4,24.86,27.28,54.57,2022
E05007118,ipswich,Bixley,4,13.25,31.09,35.62,2024
E05007131,ipswich,Whitehouse,4,26.14,39.66,51.05,2024
E05013701,islington,Canonbury,4,33.84,12.81,50.18,2022
E05010948,knowsley,Whiston and Cronton,4,34.1,36.26,51.92,2024
E05011389,leeds,Calverley and Farsley,4,16.29,16.74,46.28,2024
E05011391,leeds,Cross Gates and Whinmoor,4,9.62,41.07,53.17,2024
E05013717,lewisham,Catford South,4,30.15,9.55,50.91,2022
E05013729,lewisham,Perry Vale,4,47.23,7.81,60.4,2022
E05011375,manchester,Old Moat,4,48.59,10.47,64.51,2024
E05013910,newham,East Ham South,4,17.84,10.18,67.91,2022
E05013920,newham,Plaistow West and Canning Town East,4,25.6,6.21,61.31,2022
E05015867,north-tyneside,Camperdown,4,15.74,40.76,83.92,2024
E05015869,north-tyneside,Cullercoats and Whitley Bay South,4,25.73,21.91,53.63,2024
E05015871,north-tyneside,Howdon,4,18.38,47.57,70.22,2024
E05015872,north-tyneside,Killingworth,4,12.48,42.49,77.36,2024
E05015873,north-tyneside,Longbenton and Benton,4,21.64,31.29,77.81,2024
E05015878,north-tyneside,Shiremoor,4,34.88,37.09,66.16,2024
E05012901,norwich,Bowthorpe,4,34.62,31.72,61.88,2024
E05012908,norwich,Nelson,4,65.72,7.18,32.55,2024
E05014648,oldham,Chadderton North,4,12.6,52.9,48.94,2024
E05014656,oldham,Royton North,4,9.72,59.04,35.76,2024
E05013108,oxford,Lye Valley,4,35.16,17.44,39.96,2024
E05015546,pendle,Barnoldswick,4,9.48,36.63,15.03,2024
E05010817,peterborough,North,4,15.55,18.04,46.21,2024
E05001277,sandwell,Smethwick,4,23.49,21.89,68.24,2024
E05002216,southend-on-sea,Kursaal,4,13.94,28.97,51.15,2024
E05002218,southend-on-sea,Milton,4,23.89,27.79,52.3,2024
E05013950,st-albans,Colney Heath,4,8.24,22.97,4.87,2022
E05001172,sunderland,Southwick,4,9.06,48.49,54.99,2024
E05015259,trafford,Urmston,4,20.8,26.2,57.41,2024
E05001460,wakefield,Wakefield North,4,34.31,35.16,50.03,2024
E05013889,waltham-forest,Hale End and Highams Park South,4,22.79,12.86,54.43,2022
E05013890,waltham-forest,Hatch Lane and Highams Park North,4,23.92,14.37,41.8,2022
E05014018,wandsworth,St Mary's,4,17.09,8.51,46.53,2022
E05014933,west-lancashire,Old Skelmersdale,4,25.38,42.84,76.63,2024
E05013807,westminster,Vincent Square,4,12.63,8.64,43.15,2022
E05007572,adur,St Nicolas,3,40.81,18.76,24.69,2024
E05013634,barnet,Cricklewood,3,23.99,19.24,66.88,2022
E05011163,birmingham,Quinton,3,18.21,24.5,47.35,2022
E05011179,birmingham,Sutton Vesey,3,10.26,26.69,60.47,2022
E05014829,bolton,Hulton,3,21.07,43.14,29.86,2024
E05001225,coventry,Longford,3,17.55,34.81,65.91,2024
E05011467,croydon,Crystal Palace and Upper Norwood,3,31.89,7.93,37.74,2022
E05015907,dudley,Castle and Priory,3,11.63,47.98,51.86,2024
E05013527,ealing,North Acton,3,28.19,12.41,52.86,2022
E05013531,ealing,Northolt Mandeville,3,14.43,21.54,61.25,2022
E05013689,enfield,Ponders End,3,20.02,9.25,59.31,2022
E05009368,hackney,Cazenove,3,25.84,1.24,48.48,2022
E05009385,hackney,Stoke Newington,3,52.21,1.3,60.17,2022
E05013180,halton,Halton Lea,3,18.67,45.37,74.89,2024
E05013733,hammersmith-and-fulham,Addison,3,10.37,11.12,76.02,2022
E05013604,haringey,White Hart Lane,3,39.53,10.73,68.27,2022
E05011209,hastings,Maze Hill,3,48.38,24.91,25.48,2024
E05013610,hounslow,Chiswick Homefields,3,13.47,10.39,29.64,2022
E05007127,ipswich,St Margaret's,3,12.35,16.44,19.91,2024
E05007130,ipswich,Westgate,3,23.36,22.86,55.42,2024
E05007132,ipswich,Whitton,3,17.93,49.89,44.37,2024
E05013938,kingston-upon-thames,Kingston Town,3,19.1,11.74,19.82,2022
E05014098,lambeth,Brixton Windrush,3,47.34,1.56,62.35,2022
E05014115,lambeth,Streatham St Leonard's,3,47.19,7.18,39.56,2022
E05011376,manchester,Piccadilly,3,50.92,5.2,56.63,2024
E05011442,newcastle-upon-tyne,Chapel,3,4.63,21.27,17.27,2024
E05011460,newcastle-upon-tyne,West Fenham,3,17.82,32.03,34.03,2024
E05013906,newham,Canning Town North,3,25.14,6.07,58.7,2022
E05013921,newham,Plashet,3,14.96,2.85,56.38,2022
E05015868,north-tyneside,Chirton and Percy Main,3,19.3,48.0,65.42,2024
E05015876,north-tyneside,North Shields,3,33.45,27.14,54.15,2024
E05012907,norwich,Mile Cross,3,50.13,29.29,39.87,2024
E05015828,nuneaton-and-bedworth,Attleborough,3,16.32,46.49,51.67,2024
E05014652,oldham,Failsworth East,3,10.59,58.84,33.09,2024
E05013110,oxford,Northfield Brook,3,17.16,30.43,40.29,2024
E05013112,oxford,Quarry and Risinghurst,3,13.63,10.11,34.45,2024
E05010808,peterborough,Dogsthorpe,3,17.48,25.95,39.53,2024
E05010815,peterborough,Hampton Vale,3,16.88,26.14,19.09,2024
E05001264,sandwell,Cradley Heath and Old Hill,3,14.46,44.84,54.34,2024
E05001283,sandwell,West Bromwich Central,3,16.26,20.65,53.56,2024
E05010861,sheffield,Burngreave,3,34.84,11.34,45.09,2024
E05009321,tower-hamlets,Bromley North,3,30.07,3.26,33.08,2022
E05009324,tower-hamlets,Island Gardens,3,18.22,10.03,26.31,2022
E05009327,tower-hamlets,Mile End,3,25.1,3.79,42.82,2022
E05015252,trafford,Manor,3,12.17,19.06,40.9,2024
E05001463,wakefield,Wakefield West,3,14.78,44.26,53.13,2024
E05013894,waltham-forest,Larkswood,3,0.0,13.25,34.35,2022
E05011046,watford,Callowland,3,16.72,16.14,40.26,2024
E05014839,wolverhampton,Bilston South,3,16.56,45.8,70.09,2024
E05014842,wolverhampton,Bushbury South and Low Hill,3,15.48,39.38,70.45,2024
E05014847,wolverhampton,Graiseley,3,22.56,22.06,59.31,2024
E05007573,adur,Southlands,2,19.75,35.88,56.66,2024
E05013631,barnet,Childs Hill,2,13.61,10.81,44.93,2022
E05013651,barnet,Woodhouse,2,30.79,13.96,56.84,2022
E05000976,barnsley,Central,2,9.88,37.83,58.23,2024
E05000977,barnsley,Cudworth,2,5.1,43.75,72.88,2024
E05000986,barnsley,Monk Bretton,2,6.2,48.52,51.01,2024
E05000991,barnsley,Rockingham,2,7.68,44.77,36.17,2024
E05000994,barnsley,Stairfoot,2,6.85,50.36,51.01,2024
E05011125,birmingham,Birchfield,2,16.53,4.91,78.99,2022
E05011144,birmingham,Harborne,2,20.61,14.14,52.28,2022
E05011147,birmingham,Holyhead,2,15.01,4.18,76.43,2022
E05001381,calderdale,Rastrick,2,14.78,39.91,45.89,2024
E05001221,coventry,Earlsdon,2,19.32,20.2,52.69,2024
E05011468,croydon,Fairfield,2,43.9,10.03,36.08,2022
E05013518,ealing,Central Greenford,2,18.55,17.83,55.08,2022
E05013541,ealing,Walpole,2,19.36,5.79,41.29,2022
E05011012,exeter,Duryard and St James,2,30.79,13.41,31.52,2024
E05014088,greenwich,Plumstead Common,2,35.21,21.79,65.52,2022
E05014092,greenwich,Woolwich Arsenal,2,31.36,12.13,68.35,2022
E05009370,hackney,Dalston,2,62.75,1.68,41.82,2022
E05009377,hackney,Hoxton East and Shoreditch,2,41.92,2.89,66.08,2022
E05009378,hackney,Hoxton West,2,41.05,4.1,65.12,2022
E05009386,hackney,Victoria,2,20.34,2.79,63.08,2022
E05013741,hammersmith-and-fulham,Hammersmith Broadway,2,23.07,13.37,72.68,2022
E05013750,hammersmith-and-fulham,Wendell Park,2,11.9,8.44,68.63,2022
E05013983,havering,St Edward's,2,15.88,34.0,25.13,2022
E05013570,hillingdon,Heathrow Villages,2,16.08,23.58,54.24,2022
E05007121,ipswich,Gainsborough,2,16.53,42.18,47.54,2024
E05013700,islington,Caledonian,2,34.39,12.42,65.66,2022
E05001403,kirklees,Heckmondwike,2,8.23,36.12,34.79,2024
E05014099,lambeth,Clapham Common and Abbeville,2,13.6,5.78,32.31,2022
E05014109,lambeth,St Martin's,2,24.5,6.68,58.9,2022
E05011385,leeds,Armley,2,41.73,27.19,42.29,2024
E05011353,manchester,Brooklands,2,20.65,32.26,63.79,2024
E05011363,manchester,Didsbury West,2,27.3,6.03,43.66,2024
E05011381,manchester,Woodhouse Park,2,46.41,33.39,33.32,2024
E05013812,merton,Colliers Wood,2,21.43,6.83,60.48,2022
E05011453,newcastle-upon-tyne,Monument,2,50.77,16.25,56.9,2024
E05011459,newcastle-upon-tyne,Walkergate,2,18.91,48.57,58.59,2024
E05013918,newham,Plaistow North,2,19.83,4.14,67.79,2022
E05014647,oldham,Chadderton Central,2,11.95,26.61,33.63,2024
E05014658,oldham,Saddleworth North,2,7.69,40.83,25.42,2024
E05013097,oxford,Blackbird Leys,2,12.45,27.78,45.23,2024
E05010809,peterborough,East,2,11.16,21.11,44.68,2024
E05010818,peterborough,Orton Longueville,2,27.15,30.45,23.99,2024
E05002078,plymouth,Budshead,2,9.28,40.6,45.71,2024
E05002082,plymouth,Efford and Lipson,2,18.93,40.23,57.7,2024
E05002451,portsmouth,Nelson,2,9.52,37.04,20.73,2024
E05012196,preston,City Centre,2,39.7,17.26,58.43,2024
E05013875,reading,Redlands,2,54.77,8.98,33.81,2024
E05013878,reading,Tilehurst,2,11.52,25.63,21.28,2024
E05010883,sheffield,West Ecclesfield,2,7.37,38.6,38.53,2024
E05011101,southwark,Dulwich Wood,2,27.53,8.15,55.48,2022
E05001176,sunderland,Washington South,2,13.62,38.67,51.75,2024
E05014523,tameside,Denton North East,2,18.88,49.91,67.42,2024
E05009317,tower-hamlets,Bethnal Green West,2,22.01,2.0,37.02,2022
E05009319,tower-hamlets,Bow East,2,41.09,7.88,50.94,2022
E05009320,tower-hamlets,Bow West,2,36.21,4.17,36.29,2022
E05009328,tower-hamlets,Poplar,2,12.77,6.92,28.17,2022
E05009333,tower-hamlets,Spitalfields and Banglatown,2,17.47,3.21,39.12,2022
E05009329,tower-hamlets,St Dunstan's,2,17.91,5.47,44.61,2022
E05009330,tower-hamlets,St Katharine's and Wapping,2,15.08,8.59,33.67,2022
E05009335,tower-hamlets,Weavers,2,28.86,3.58,37.25,2022
E05009336,tower-hamlets,Whitechapel,2,20.23,2.71,38.36,2022
E05015242,trafford,Broadheath,2,10.45,14.6,41.34,2024
E05015247,trafford,Gorse Hill and Cornbrook,2,44.3,16.1,60.94,2024
E05014025,wandsworth,Trinity,2,14.41,4.52,46.35,2022
E05014937,west-lancashire,Rural South,2,11.48,27.98,31.47,2024
E05013805,westminster,Regent's Park,2,14.97,11.6,32.1,2022
E05013806,westminster,St James's,2,15.87,11.91,37.04,2022
E05015009,wigan,Tyldesley and Mosley Common,2,14.16,44.7,37.15,2024
E05014843,wolverhampton,East Park,2,14.22,39.78,68.21,2024
E05014845,wolverhampton,Ettingshall South and Spring Vale,2,11.05,47.21,71.82,2024
E05007695,worthing,Castle,2,16.96,31.38,46.98,2024
E05000985,barnsley,Kingstone,1,9.05,28.88,33.54,2024
E05000990,barnsley,Penistone West,1,8.93,30.37,29.36,2024
E05000996,barnsley,Worsbrough,1,6.84,41.68,58.35,2024
E05013089,basingstoke-and-deane,Popley,1,14.38,30.15,66.4,2024
E05011127,birmingham,Bordesley Green,1,12.54,3.42,67.84,2022
E05011132,birmingham,Castle Vale,1,6.12,42.2,40.47,2022
E05011134,birmingham,Edgbaston,1,26.23,9.91,41.49,2022
E05011136,birmingham,Frankley Great Park,1,13.28,38.9,31.97,2022
E05011142,birmingham,Handsworth,1,40.66,4.67,83.4,2022
E05011143,birmingham,Handsworth Wood,1,15.17,11.69,69.4,2022
E05011160,birmingham,Perry Barr,1,13.29,19.69,38.61,2022
E05011161,birmingham,Perry Common,1,13.55,42.27,52.66,2022
E05011162,birmingham,Pype Hayes,1,12.63,43.85,47.75,2022
E05011172,birmingham,Stirchley,1,39.37,16.36,72.66,2022
E05011515,blackburn-with-darwen,Darwen South,1,11.11,51.0,49.0,2024
E05001351,bradford,Great Horton,1,16.88,12.19,35.93,2024
E05013505,brent,Northwick Park,1,33.65,12.5,56.48,2022
E05013988,bromley,Bickley and Sundridge,1,12.33,16.89,23.84,2022
E05013991,bromley,Bromley Town,1,10.17,14.36,16.81,2022
E05013999,bromley,Kelsey and Eden Park,1,12.77,16.42,38.79,2022
E05013662,camden,Holborn and Covent Garden,1,41.58,10.12,71.91,2022
E05015742,cannock-chase,Brereton and Ravenhill,1,12.37,51.27,59.62,2024
E05015744,cannock-chase,Cannock Longford and Bridgtown,1,13.37,53.25,45.18,2024
E05011470,croydon,New Addington North,1,13.2,27.22,46.51,2022
E05011471,croydon,New Addington South,1,13.08,32.97,39.89,2022
E05011475,croydon,Park Hill and Whitgift,1,19.71,11.35,23.49,2022
E05011483,croydon,Shirley South,1,19.88,21.32,25.44,2022
E05011486,croydon,Thornton Heath,1,28.94,10.11,52.18,2022
E05013521,ealing,Ealing Common,1,19.05,10.84,32.25,2022
E05013529,ealing,North Hanwell,1,29.71,10.14,56.91,2022
E05013540,ealing,Southfield,1,13.91,8.41,22.61,2022
E05013672,enfield,Arnos Grove,1,20.42,8.26,32.01,2022
E05013676,enfield,Bush Hill Park,1,13.22,12.14,30.92,2022
E05013679,enfield,Edmonton Green,1,22.75,8.89,60.58,2022
E05013696,enfield,Winchmore Hill,1,19.97,9.25,28.01,2022
E05011017,exeter,Pennsylvania,1,38.57,17.03,38.83,2024
E05011020,exeter,St David's,1,57.07,15.66,33.73,2024
E05015666,fareham,Fareham Town,1,10.37,27.83,16.92,2024
E05015675,fareham,Stubbington,1,7.28,22.61,21.35,2024
E05001080,gateshead,Low Fell,1,13.86,21.91,28.95,2024
E05001084,gateshead,Wardley and Leam Lane,1,7.93,49.39,66.6,2024
E05014086,greenwich,"Mottingham, Coldharbour and New Eltham",1,13.03,24.66,47.61,2022
E05014087,greenwich,Plumstead and Glyndon,1,27.28,14.95,70.68,2022
E05014093,greenwich,Woolwich Common,1,30.04,13.41,75.65,2022
E05009369,hackney,Clissold,1,38.63,1.5,58.16,2022
E05009374,hackney,Hackney Wick,1,49.13,4.17,70.28,2022
E05009381,hackney,London Fields,1,33.8,2.13,70.36,2022
E05013175,halton,"Daresbury, Moore and Sandymoor",1,16.93,36.66,53.31,2024
E05013751,hammersmith-and-fulham,West Kensington,1,9.77,14.12,65.53,2022
E05013753,hammersmith-and-fulham,Wormholt,1,14.12,13.09,69.13,2022
E05013595,haringey,Noel Park,1,44.68,5.42,74.28,2022
E05013599,haringey,South Tottenham,1,36.75,2.53,71.69,2022
E05013603,haringey,West Green,1,19.39,4.01,78.14,2022
E05015687,harlow,Netteswell,1,10.73,19.91,58.77,2024
E05015689,harlow,Passmores,1,11.69,21.35,59.74,2024
E05013559,harrow,Roxeth,1,7.03,11.13,57.43,2022
E05013980,havering,Rush Green and Crowlands,1,16.81,31.96,37.65,2022
E05013981,havering,St Alban's,1,11.28,31.69,41.58,2022
E05013571,hillingdon,Hillingdon East,1,6.14,19.92,36.48,2022
E05013582,hillingdon,Wood End,1,21.24,17.58,66.96,2022
E05007129,ipswich,Stoke Park,1,16.23,41.42,44.61,2024
E05009397,kensington-and-chelsea,Holland,1,5.36,5.2,35.29,2022
E05010935,knowsley,Cherryfield,1,11.17,29.77,84.1,2024
E05014103,lambeth,Gipsy Hill,1,50.78,3.71,48.64,2022
E05014110,lambeth,Stockwell East,1,30.57,2.98,52.88,2022
E05014111,lambeth,Stockwell West and Larkhall,1,33.96,3.59,60.78,2022
E05014112,lambeth,Streatham Common and Vale,1,27.36,4.74,57.49,2022
E05014118,lambeth,Waterloo and South Bank,1,24.93,9.59,41.72,2022
E05012842,leeds,Alwoodley,1,14.02,11.05,34.15,2024
E05011388,leeds,Burmantofts and Richmond Hill,1,22.64,28.08,65.52,2024
E05011414,leeds,Wetherby,1,30.55,17.29,9.71,2024
E05011350,manchester,Ancoats and Beswick,1,41.97,11.77,37.42,2024
E05011351,manchester,Ardwick,1,45.78,8.4,64.11,2024
E05011356,manchester,Cheetham,1,26.3,6.51,50.01,2024
E05011360,manchester,Crumpsall,1,31.07,16.99,43.17,2024
E05011361,manchester,Deansgate,1,47.39,7.76,62.15,2024
E05011379,manchester,Whalley Range,1,53.88,4.44,51.17,2024
E05013810,merton,Abbey,1,12.63,8.1,34.02,2022
E05013820,merton,Merton Park,1,7.04,6.09,17.97,2022
E05013822,merton,Ravensbury,1,6.36,18.09,69.71,2022
E05013827,merton,West Barnes,1,10.31,11.66,20.33,2022
E05013914,newham,Green Street West,1,16.93,5.89,70.75,2022
E05013915,newham,Little Ilford,1,15.57,3.66,62.93,2022
E05013919,newham,Plaistow South,1,20.42,8.89,61.95,2022
E05015839,nuneaton-and-bedworth,Slough,1,7.93,45.82,39.51,2024
E05014660,oldham,Saddleworth West and Lees,1,5.8,44.05,16.21,2024
E05014661,oldham,Shaw,1,7.22,44.38,14.81,2024
E05013113,oxford,Rose Hill and Iffley,1,14.72,10.0,41.24,2024
E05013116,oxford,Summertown,1,15.98,4.82,34.05,2024
E05013201,pendle,Barrowford and Pendleside,1,8.94,36.02,41.5,2024
E05002084,plymouth,Ham,1,11.48,44.35,48.58,2024
E05012194,preston,Brookfield,1,15.16,42.55,66.5,2024
E05012198,preston,Fishwick and Frenchwood,1,30.84,15.47,61.11,2024
E05012199,preston,Garrison,1,13.33,28.99,53.81,2024
E05013871,reading,Katesgrove,1,50.76,10.57,36.94,2024
E05013877,reading,Thames,1,39.11,13.32,52.81,2024
E05011254,redbridge,Wanstead Park,1,36.22,11.82,58.93,2022
E05011255,redbridge,Wanstead Village,1,28.32,13.03,47.51,2022
E05014040,rochdale,Kingsway,1,10.64,23.74,41.63,2024
E05014046,rochdale,North Middleton,1,12.67,44.82,48.28,2024
E05001275,sandwell,Rowley,1,11.45,49.31,46.85,2024
E05001276,sandwell,St Pauls,1,18.82,8.9,84.02,2024
E05010860,sheffield,Broomhill and Sharrow Vale,1,64.83,6.44,33.58,2024
E05011301,south-cambridgeshire,Milton and Waterbeach,1,15.57,16.54,29.12,2022
E05002219,southend-on-sea,Prittlewell,1,14.3,31.78,37.03,2024
E05001135,south-tyneside,Beacon and Bents,1,44.25,28.32,32.36,2024
E05011106,southwark,North Bermondsey,1,24.27,5.86,32.77,2022
E05015625,stevenage,Bandley Hill and Poplars,1,12.89,40.34,43.73,2024
E05015028,stockport,Manor,1,15.08,36.24,52.31,2024
E05015033,stockport,Reddish North,1,36.45,33.19,67.23,2024
E05001159,sunderland,Hetton,1,10.07,54.02,46.62,2024
E05001174,sunderland,Washington East,1,11.05,42.52,56.65,2024
E05007073,tamworth,Stonydelph,1,13.02,55.01,46.29,2024
E05009322,tower-hamlets,Bromley South,1,20.18,2.73,42.89,2022
E05009323,tower-hamlets,Canary Wharf,1,14.19,12.01,26.86,2022
E05009325,tower-hamlets,Lansbury,1,16.78,10.05,32.36,2022
E05009334,tower-hamlets,Stepney Green,1,17.6,5.23,36.11,2022
E05015239,trafford,Altrincham,1,44.24,14.1,15.43,2024
E05014011,wandsworth,East Putney,1,15.18,7.59,39.19,2022
E05014012,wandsworth,Falconbrook,1,23.08,10.15,71.43,2022
E05014028,wandsworth,Wandsworth Town,1,15.08,6.7,46.79,2022
E05013801,westminster,Marylebone,1,8.93,10.69,22.82,2022
E05014846,wolverhampton,Fallings Park,1,10.2,41.84,56.75,2024
E05014852,wolverhampton,Penn,1,11.14,25.2,43.25,2024
E05007563,adur,Churchill,0,12.56,29.71,45.07,2024
E05007564,adur,Cokeham,0,13.21,42.74,38.91,2024
E05007566,adur,Hillside,0,15.31,34.07,54.27,2024
E05007567,adur,Manor,0,14.12,30.22,33.82,2024
E05007568,adur,Marine,0,25.94,14.12,20.54,2024
E05007570,adur,Peverel,0,13.62,38.48,49.09,2024
E05007575,adur,Widewater,0,21.0,45.3,41.69,2024
E05014053,barking-and-dagenham,Abbey,0,34.02,12.74,71.23,2022
E05014054,barking-and-dagenham,Alibon,0,0.0,39.28,82.76,2022
E05014055,barking-and-dagenham,Barking Riverside,0,33.7,15.64,69.33,2022
E05014056,barking-and-dagenham,Beam,0,8.53,26.48,66.93,2022
E05014057,barking-and-dagenham,Becontree,0,20.18,27.38,86.41,2022
E05014058,barking-and-dagenham,Chadwell Heath,0,18.76,27.24,87.94,2022
E05014059,barking-and-dagenham,Eastbrook and Rush Green,0,16.5,38.53,52.52,2022
E05014060,barking-and-dagenham,Eastbury,0,27.09,26.77,74.29,2022
E05014061,barking-and-dagenham,Gascoigne,0,38.21,10.24,89.01,2022
E05014062,barking-and-dagenham,Goresbrook,0,14.18,42.04,78.06,2022
E05014063,barking-and-dagenham,Heath,0,0.0,33.74,73.57,2022
E05014064,barking-and-dagenham,Longbridge,0,35.18,10.77,79.61,2022
E05014065,barking-and-dagenham,Mayesbrook,0,22.48,32.74,77.18,2022
E05014066,barking-and-dagenham,Northbury,0,34.6,11.46,79.34,2022
E05014067,barking-and-dagenham,Parsloes,0,25.88,36.0,88.31,2022
E05014068,barking-and-dagenham,Thames View,0,28.48,15.49,75.67,2022
E05014069,barking-and-dagenham,Valence,0,9.74,37.86,88.24,2022
E05014070,barking-and-dagenham,Village,0,0.0,33.51,84.75,2022
E05014071,barking-and-dagenham,Whalebone,0,9.96,23.35,87.19,2022
E05013632,barnet,Colindale North,0,22.88,15.19,65.32,2022
E05013633,barnet,Colindale South,0,20.57,12.29,66.3,2022
E05013637,barnet,Edgware,0,11.56,17.95,31.51,2022
E05013638,barnet,Edgwarebury,0,12.55,16.01,46.46,2022
E05013639,barnet,Finchley Church End,0,12.57,12.11,26.35,2022
E05013641,barnet,Garden Suburb,0,7.6,12.15,25.73,2022
E05013642,barnet,Golders Green,0,7.86,10.38,20.23,2022
E05013643,barnet,Hendon,0,11.21,15.45,28.64,2022
E05013645,barnet,Mill Hill,0,12.45,14.98,33.88,2022
E05013646,barnet,Totteridge and Woodside,0,13.94,14.95,33.29,2022
E05013647,barnet,Underhill,0,13.03,20.4,55.7,2022
E05000989,barnsley,Penistone East,0,5.31,34.11,42.1,2024
E05015637,basildon,Billericay East,0,14.84,31.91,4.95,2024
E05015638,basildon,Billericay West,0,6.68,28.71,5.18,2024
E05015639,basildon,Burstead,0,6.94,36.97,11.4,2024
E05015640,basildon,Castledon and Crouch,0,4.71,50.5,7.58,2024
E05015641,basildon,Fryerns,0,8.45,44.44,75.72,2024
E05015642,basildon,Laindon Park,0,7.7,46.5,45.05,2024
E05015643,basildon,Langdon Hills,0,6.87,34.98,6.9,2024
E05015644,basildon,Lee Chapel North,0,10.17,43.23,67.62,2024
E05015645,basildon,Nethermayne,0,9.71,39.01,10.41,2024
E05015646,basildon,Pitsea North West,0,7.25,47.74,57.65,2024
E05015647,basildon,Pitsea South East,0,7.35,47.16,47.53,2024
E05015648,basildon,St Martin's,0,10.09,40.86,56.89,2024
E05015649,basildon,Wickford North,0,7.75,45.33,7.02,2024
E05015650,basildon,Wickford Park,0,7.58,44.54,12.57,2024
E05013078,basingstoke-and-deane,Basing and Upton Grey,0,0.0,21.1,14.53,2024
E05013079,basingstoke-and-deane,Bramley,0,0.0,24.84,12.3,2024
E05013080,basingstoke-and-deane,Brighton Hill,0,10.41,32.69,34.35,2024
E05013081,basingstoke-and-deane,Brookvale and Kings Furlong,0,18.06,16.31,31.02,2024
E05013082,basingstoke-and-deane,Chineham,0,31.76,26.41,15.71,2024
E05013083,basingstoke-and-deane,Eastrop and Grove,0,10.84,23.96,18.36,2024
E05013084,basingstoke-and-deane,Evingar,0,14.31,22.59,7.49,2024
E05013085,basingstoke-and-deane,Hatch Warren and Beggarwood,0,0.0,25.0,12.12,2024
E05013086,basingstoke-and-deane,Kempshott and Buckskin,0,14.43,28.99,28.89,2024
E05013087,basingstoke-and-deane,Norden,0,0.0,19.96,27.73,2024
E05013088,basingstoke-and-deane,Oakley and the Candovers,0,0.0,23.0,11.88,2024
E05013090,basingstoke-and-deane,Sherborne St John and Rooksdown,0,13.95,23.28,37.9,2024
E05013091,basingstoke-and-deane,South Ham,0,8.14,33.99,57.61,2024
E05013093,basingstoke-and-deane,"Tadley North, Kingsclere and Baughurst",0,6.69,27.19,9.81,2024
E05013092,basingstoke-and-deane,Tadley and Pamber,0,7.85,30.14,7.52,2024
E05013094,basingstoke-and-deane,"Whitchurch, Overton and Laverstoke",0,0.0,17.04,10.96,2024
E05013095,basingstoke-and-deane,Winklebury and Manydown,0,7.12,27.3,42.33,2024
E05011219,bexley,Bexleyheath,0,7.94,32.59,40.38,2022
E05011220,bexley,Blackfen and Lamorbey,0,4.64,36.77,35.54,2022
E05011221,bexley,Blendon and Penhill,0,4.23,35.12,33.47,2022
E05011226,bexley,Falconwood and Welling,0,8.82,33.7,38.77,2022
E05011227,bexley,Longlands,0,10.26,25.89,38.99,2022
E05011230,bexley,Sidcup,0,12.51,25.7,32.74,2022
E05011229,bexley,St Mary's and St James,0,9.63,21.9,33.41,2022
E05011118,birmingham,Acocks Green,0,21.74,20.68,39.34,2022
E05011120,birmingham,Alum Rock,0,7.98,1.85,81.77,2022
E05011121,birmingham,Aston,0,8.74,1.89,41.94,2022
E05011122,birmingham,Balsall Heath West,0,34.5,5.25,51.8,2022
E05011123,birmingham,Bartley Green,0,15.09,35.48,43.77,2022
E05011124,birmingham,Billesley,0,44.52,23.72,52.61,2022
E05011128,birmingham,Bournbrook and Selly Park,0,65.2,7.18,66.6,2022
E05011129,birmingham,Bournville and Cotteridge,0,27.86,19.37,57.88,2022
E05011131,birmingham,Bromford and Hodge Hill,0,14.93,17.57,77.36,2022
E05011133,birmingham,Druids Heath and Monyhull,0,64.25,24.73,17.94,2022
E05011135,birmingham,Erdington,0,16.99,17.63,38.6,2022
E05011137,birmingham,Garretts Green,0,12.33,34.35,67.48,2022
E05011138,birmingham,Glebe Farm and Tile Cross,0,13.71,28.6,64.99,2022
E05011139,birmingham,Gravelly Hill,0,17.16,16.4,51.83,2022
E05011140,birmingham,Hall Green North,0,43.34,12.27,55.02,2022
E05011141,birmingham,Hall Green South,0,17.05,11.47,38.75,2022
E05011145,birmingham,Heartlands,0,13.7,5.88,79.81,2022
E05011146,birmingham,Highter's Heath,0,14.14,29.6,39.73,2022
E05011149,birmingham,King's Norton South,0,60.29,26.63,32.77,2022
E05011150,birmingham,Kingstanding,0,12.56,41.44,46.19,2022
E05011152,birmingham,Longbridge and West Heath,0,15.26,39.13,34.98,2022
E05011153,birmingham,Lozells,0,6.26,1.8,70.73,2022
E05011155,birmingham,Nechells,0,13.18,9.74,88.84,2022
E05011159,birmingham,Oscott,0,11.99,39.47,43.46,2022
E05011164,birmingham,Rubery and Rednal,0,13.02,36.86,41.7,2022
E05011165,birmingham,Shard End,0,13.04,51.28,60.78,2022
E05011166,birmingham,Sheldon,0,9.55,40.26,25.26,2022
E05011167,birmingham,Small Heath,0,12.08,2.41,47.54,2022
E05011168,birmingham,Soho and Jewellery Quarter,0,31.14,9.69,72.65,2022
E05011169,birmingham,South Yardley,0,11.67,27.27,27.01,2022
E05011170,birmingham,Sparkbrook and Balsall Heath East,0,21.87,2.66,69.94,2022
E05011171,birmingham,Sparkhill,0,25.12,3.09,77.63,2022
E05011173,birmingham,Stockland Green,0,14.83,23.24,63.78,2022
E05011174,birmingham,Sutton Four Oaks,0,8.62,21.93,18.03,2022
E05011175,birmingham,Sutton Mere Green,0,10.43,27.17,21.36,2022
E05011176,birmingham,Sutton Reddicap,0,9.11,26.06,28.98,2022
E05011177,birmingham,Sutton Roughley,0,10.19,33.16,28.36,2022
E05011178,birmingham,Sutton Trinity,0,29.69,23.06,32.17,2022
E05011180,birmingham,Sutton Walmley and Minworth,0,10.1,31.74,21.31,2022
E05011181,birmingham,Sutton Wylde Green,0,11.95,20.39,24.35,2022
E05011182,birmingham,Tyseley and Hay Mills,0,20.49,16.1,74.46,2022
E05011183,birmingham,Ward End,0,6.62,4.86,43.65,2022
E05011185,birmingham,Yardley East,0,14.8,26.91,32.62,2022
E05011186,birmingham,Yardley West and Stechford,0,11.7,12.88,25.53,2022
E05011508,blackburn-with-darwen,Audley and Queen's Park,0,7.52,7.69,30.57,2024
E05011509,blackburn-with-darwen,Bastwell and Daisyfield,0,5.22,3.4,38.69,2024
E05011510,blackburn-with-darwen,Billinge and Beardwood,0,14.11,13.04,21.12,2024
E05011511,blackburn-with-darwen,Blackburn Central,0,8.84,17.05,38.18,2024
E05011513,blackburn-with-darwen,Blackburn South East,0,19.19,46.59,58.26,2024
E05011512,blackburn-with-darwen,Blackburn South and Lower Darwen,0,21.3,56.04,53.75,2024
E05011514,blackburn-with-darwen,Darwen East,0,17.81,45.2,58.65,2024
E05011516,blackburn-with-darwen,Darwen West,0,8.85,43.14,73.76,2024
E05011517,blackburn-with-darwen,Ewood,0,17.37,51.16,52.77,2024
E05011518,blackburn-with-darwen,Little Harwood and Whitebirk,0,10.85,11.41,21.68,2024
E05011519,blackburn-with-darwen,Livesey with Pleasington,0,9.65,43.28,25.26,2024
E05011520,blackburn-with-darwen,Mill Hill and Moorgate,0,14.2,53.66,64.0,2024
E05011521,blackburn-with-darwen,Roe Lee,0,16.53,25.63,33.98,2024
E05011522,blackburn-with-darwen,Shear Brow and Corporation Park,0,4.26,2.46,26.79,2024
E05011523,blackburn-with-darwen,Wensley Fold,0,8.58,9.86,43.36,2024
E05011524,blackburn-with-darwen,West Pennine,0,10.25,39.13,46.07,2024
E05014818,bolton,Astley Bridge,0,22.96,32.73,37.96,2024
E05014819,bolton,Bradshaw,0,8.79,35.59,40.52,2024
E05014820,bolton,Breightmet,0,10.34,47.31,42.44,2024
E05014821,bolton,Bromley Cross,0,14.53,33.77,35.7,2024
E05014822,bolton,Farnworth North,0,16.6,28.41,32.78,2024
E05014823,bolton,Farnworth South,0,11.43,41.27,33.22,2024
E05014824,bolton,Great Lever,0,29.59,18.03,48.38,2024
E05014825,bolton,Halliwell,0,41.8,17.75,37.73,2024
E05014826,bolton,"Heaton, Lostock and Chew Moor",0,13.55,24.49,25.27,2024
E05014827,bolton,Horwich North,0,12.06,25.62,32.8,2024
E05014828,bolton,Horwich South and Blackrod,0,9.35,26.44,28.2,2024
E05014830,bolton,Kearsley,0,5.22,46.37,34.77,2024
E05014831,bolton,Little Lever and Darcy Lever,0,8.39,49.64,37.74,2024
E05014832,bolton,Queens Park and Central,0,35.06,19.59,43.66,2024
E05014833,bolton,Rumworth,0,49.66,9.8,30.16,2024
E05014834,bolton,Smithills,0,12.35,34.34,23.34,2024
E05014835,bolton,Tonge with the Haulgh,0,13.53,47.1,44.75,2024
E05014836,bolton,Westhoughton North and Hunger Hill,0,9.42,38.24,23.1,2024
E05014837,bolton,Westhoughton South,0,6.97,37.47,35.16,2024
E05001341,bradford,Baildon,0,12.6,26.49,38.19,2024
E05001344,bradford,Bolton and Undercliffe,0,16.19,29.33,35.09,2024
E05001345,bradford,Bowling and Barkerend,0,16.56,16.53,34.41,2024
E05001346,bradford,Bradford Moor,0,11.02,3.1,30.21,2024
E05001347,bradford,City,0,24.03,4.42,34.16,2024
E05001348,bradford,Clayton and Fairweather Green,0,17.9,31.24,40.94,2024
E05001350,bradford,Eccleshill,0,13.09,37.23,33.86,2024
E05001355,bradford,Keighley Central,0,10.76,11.19,51.47,2024
E05001356,bradford,Keighley East,0,12.9,28.22,37.61,2024
E05001357,bradford,Keighley West,0,12.86,35.95,39.67,2024
E05001358,bradford,Little Horton,0,8.68,5.58,19.12,2024
E05001359,bradford,Manningham,0,12.6,1.65,16.85,2024
E05001360,bradford,Queensbury,0,14.43,50.88,23.13,2024
E05001362,bradford,Shipley,0,65.23,15.57,20.81,2024
E05001363,bradford,Thornton and Allerton,0,15.72,33.61,45.37,2024
E05001364,bradford,Toller,0,20.56,2.65,34.39,2024
E05001366,bradford,Wharfedale,0,28.31,16.16,39.67,2024
E05001369,bradford,Worth Valley,0,12.75,22.82,31.7,2024
E05013496,brent,Alperton,0,10.03,10.39,42.35,2022
E05013497,brent,Barnhill,0,23.01,10.43,60.92,2022
E05013498,brent,Brondesbury Park,0,26.76,7.48,55.27,2022
E05013499,brent,Cricklewood and Mapesbury,0,27.16,10.18,59.07,2022
E05013500,brent,Dollis Hill,0,22.39,12.3,63.47,2022
E05013501,brent,Harlesden and Kensal Green,0,36.5,6.78,67.99,2022
E05013502,brent,Kenton,0,15.93,13.06,38.86,2022
E05013503,brent,Kilburn,0,40.88,9.09,68.02,2022
E05013504,brent,Kingsbury,0,20.82,14.83,56.37,2022
E05013506,brent,Preston,0,25.01,8.11,55.95,2022
E05013508,brent,Queensbury,0,13.64,8.27,44.33,2022
E05013507,brent,Queens Park,0,20.41,5.89,62.51,2022
E05013509,brent,Roundwood,0,31.1,8.66,79.05,2022
E05013510,brent,Stonebridge,0,23.2,7.82,78.32,2022
E05013511,brent,Sudbury,0,10.83,9.19,45.02,2022
E05013512,brent,Tokyngton,0,16.85,10.29,61.46,2022
E05013513,brent,Welsh Harp,0,20.04,18.7,56.63,2022
E05013514,brent,Wembley Central,0,8.89,8.55,60.28,2022
E05013515,brent,Wembley Hill,0,16.19,10.85,48.38,2022
E05013516,brent,Wembley Park,0,33.2,10.7,63.21,2022
E05013517,brent,Willesden Green,0,35.06,10.36,63.01,2022
E05015651,brentwood,Blackmore and Doddinghurst,0,4.44,51.48,12.4,2024
E05015652,brentwood,Brentwood North,0,8.76,30.12,17.01,2024
E05015653,brentwood,Brentwood South,0,8.83,27.22,46.52,2024
E05015654,brentwood,Brentwood West,0,9.83,29.24,15.73,2024
E05015655,brentwood,"Brizes, Stondon Massey and South Weald",0,5.76,53.29,9.53,2024
E05015656,brentwood,"Herongate, Ingrave and West Horndon",0,5.45,46.03,12.04,2024
E05015657,brentwood,Hutton East,0,6.49,36.04,10.45,2024
E05015658,brentwood,Hutton North,0,8.94,34.89,28.25,2024
E05015659,brentwood,Hutton South,0,7.67,40.7,30.43,2024
E05015660,brentwood,"Ingatestone, Fryerning and Mountnessing",0,6.21,31.42,7.51,2024
E05015661,brentwood,Pilgrims Hatch,0,4.95,45.51,10.89,2024
E05015662,brentwood,Shenfield,0,5.32,27.95,7.22,2024
E05015663,brentwood,Warley,0,7.84,33.57,14.97,2024
E05013987,bromley,Beckenham Town and Copers Cope,0,13.1,11.86,26.75,2022
E05013989,bromley,Biggin Hill,0,6.67,47.35,8.86,2022
E05013990,bromley,Bromley Common and Holwood,0,14.74,28.43,30.41,2022
E05013992,bromley,Chelsfield,0,4.01,22.73,15.43,2022
E05013993,bromley,Chislehurst,0,0.0,16.74,9.7,2022
E05013996,bromley,Darwin,0,5.92,37.38,9.97,2022
E05013997,bromley,Farnborough and Crofton,0,6.93,27.65,20.42,2022
E05013998,bromley,Hayes and Coney Hall,0,5.91,21.74,27.25,2022
E05014000,bromley,Mottingham,0,14.97,28.68,37.18,2022
E05014001,bromley,Orpington,0,6.12,26.43,21.45,2022
E05014003,bromley,Petts Wood and Knoll,0,4.18,20.03,20.25,2022
E05014005,bromley,Shortlands and Park Langley,0,14.01,15.72,31.0,2022
E05014006,bromley,St Mary Cray,0,12.69,29.9,40.61,2022
E05014008,bromley,West Wickham,0,12.18,18.38,28.33,2022
E05009002,broxbourne,Broxbourne and Hoddesdon South,0,11.26,27.35,11.5,2024
E05009003,broxbourne,Cheshunt North,0,11.95,33.15,39.48,2024
E05009004,broxbourne,Cheshunt South and Theobalds,0,14.06,28.62,40.93,2024
E05009005,broxbourne,Flamstead End,0,10.92,35.62,25.51,2024
E05009006,broxbourne,Goffs Oak,0,8.76,37.18,17.14,2024
E05009007,broxbourne,Hoddesdon North,0,7.66,36.82,23.38,2024
E05009008,broxbourne,Hoddesdon Town and Rye Park,0,11.62,40.49,29.67,2024
E05009009,broxbourne,Rosedale and Bury Green,0,13.57,36.19,31.59,2024
E05009011,broxbourne,Wormley and Turnford,0,12.38,31.72,30.97,2024
E05005150,burnley,Bank Hall,0,0.0,31.02,34.03,2024
E05005151,burnley,Briercliffe,0,0.0,50.99,38.74,2024
E05005152,burnley,Brunshaw,0,19.48,57.35,50.63,2024
E05005153,burnley,Cliviger with Worsthorne,0,11.17,51.59,9.22,2024
E05005154,burnley,Coal Clough with Deerplay,0,0.0,39.77,34.08,2024
E05005155,burnley,Daneshouse with Stoneyholme,0,0.0,5.18,10.89,2024
E05005156,burnley,Gannow,0,11.32,47.6,59.36,2024
E05005157,burnley,Gawthorpe,0,8.92,54.91,60.81,2024
E05005158,burnley,Hapton with Park,0,9.44,46.04,30.33,2024
E05005159,burnley,Lanehead,0,6.84,32.14,42.36,2024
E05005160,burnley,Queensgate,0,0.0,24.35,20.05,2024
E05005161,burnley,Rosegrove with Lowerhouse,0,9.97,56.87,37.44,2024
E05005162,burnley,Rosehill with Burnley Wood,0,15.29,56.98,41.18,2024
E05005163,burnley,Trinity,0,35.97,51.26,36.79,2024
E05005164,burnley,Whittlefield with Ightenhill,0,10.1,47.77,22.07,2024
E05014152,bury,Besses,0,17.53,31.79,63.75,2024
E05014153,bury,Bury East,0,16.38,29.47,37.66,2024
E05014154,bury,Bury West,0,12.7,34.71,38.09,2024
E05014155,bury,Elton,0,12.2,40.74,45.81,2024
E05014156,bury,Holyrood,0,25.06,27.02,45.22,2024
E05014158,bury,North Manor,0,8.37,29.57,45.78,2024
E05014159,bury,Pilkington Park,0,13.41,34.35,53.94,2024
E05014160,bury,Radcliffe East,0,10.95,28.32,32.66,2024
E05014161,bury,Radcliffe North and Ainsworth,0,8.01,35.77,22.72,2024
E05014162,bury,Radcliffe West,0,10.73,31.23,34.75,2024
E05014163,bury,Ramsbottom,0,11.26,29.28,61.53,2024
E05014164,bury,Redvales,0,12.75,22.1,37.39,2024
E05014165,bury,Sedgley,0,19.33,23.11,65.5,2024
E05014166,bury,St. Mary's,0,20.27,24.14,67.99,2024
E05014167,bury,Tottington,0,6.05,28.66,29.24,2024
E05014168,bury,Unsworth,0,10.13,34.1,51.45,2024
E05001371,calderdale,Brighouse,0,17.21,39.63,38.34,2024
E05001373,calderdale,Elland,0,15.25,50.72,27.93,2024
E05001375,calderdale,Hipperholme and Lightcliffe,0,13.81,38.01,29.18,2024
E05001376,calderdale,Illingworth and Mixenden,0,10.71,60.58,50.04,2024
E05001377,calderdale,Luddendenfoot,0,18.16,31.99,58.28,2024
E05001378,calderdale,Northowram and Shelf,0,46.1,43.2,9.79,2024
E05001379,calderdale,Ovenden,0,12.46,59.16,56.35,2024
E05001380,calderdale,Park,0,15.92,7.46,20.44,2024
E05001382,calderdale,Ryburn,0,11.44,35.05,48.78,2024
E05001384,calderdale,Sowerby Bridge,0,13.35,40.16,59.53,2024
E05001387,calderdale,Warley,0,14.8,29.97,21.07,2024
E05013050,cambridge,Abbey,0,51.38,13.65,28.51,2024
E05013053,cambridge,Cherry Hinton,0,26.17,17.33,48.52,2024
E05013057,cambridge,Market,0,29.97,6.43,35.07,2024
E05013058,cambridge,Newnham,0,52.99,4.51,27.19,2024
E05013060,cambridge,Queen Edith's,0,18.11,9.74,28.71,2024
E05013062,cambridge,Trumpington,0,26.16,9.14,32.25,2024
E05013652,camden,Belsize,0,14.06,7.57,21.53,2022
E05013653,camden,Bloomsbury,0,35.72,7.24,66.41,2022
E05013654,camden,Camden Square,0,36.02,7.43,76.63,2022
E05013655,camden,Camden Town,0,35.8,7.56,68.97,2022
E05013656,camden,Fortune Green,0,21.48,5.4,45.53,2022
E05013657,camden,Frognal,0,16.17,11.23,26.6,2022
E05013658,camden,Gospel Oak,0,34.63,12.6,67.38,2022
E05013659,camden,Hampstead Town,0,12.46,3.28,39.85,2022
E05013660,camden,Haverstock,0,34.7,6.33,57.96,2022
E05013661,camden,Highgate,0,40.03,2.81,46.03,2022
E05013663,camden,Kentish Town North,0,40.37,4.9,66.5,2022
E05013664,camden,Kentish Town South,0,39.25,5.75,67.13,2022
E05013665,camden,Kilburn,0,36.08,7.7,68.21,2022
E05013666,camden,King's Cross,0,0.0,6.28,69.36,2022
E05013667,camden,Primrose Hill,0,21.36,9.14,47.56,2022
E05000142,camden,Regent's Park,0,38.54,12.11,67.77,2018
E05013670,camden,South Hampstead,0,21.34,5.19,54.56,2022
E05013669,camden,St Pancras and Somers Town,0,0.0,13.99,71.35,2022
E05013671,camden,West Hampstead,0,20.82,4.79,46.08,2022
E05015745,cannock-chase,Cannock Park and Old Fallow,0,10.48,54.49,39.24,2024
E05015743,cannock-chase,Chadsmoor,0,12.66,61.0,57.3,2024
E05015746,cannock-chase,Etching Hill and the Heath,0,11.36,45.62,38.97,2024
E05015747,cannock-chase,Hawks Green with Rumer Hill,0,12.45,50.06,35.5,2024
E05015748,cannock-chase,Heath Hayes and Wimblebury,0,11.1,59.03,49.12,2024
E05015749,cannock-chase,Hednesford Green Heath,0,16.35,53.14,50.73,2024
E05015750,cannock-chase,Hednesford Hills and Rawnsley,0,31.78,49.09,19.53,2024
E05015751,cannock-chase,Hednesford Pye Green,0,24.03,55.79,39.13,2024
E05015752,cannock-chase,Norton Canes,0,9.28,59.58,66.95,2024
E05015753,cannock-chase,Western Springs,0,12.46,47.83,39.35,2024
E05015704,cheltenham,All Saints,0,28.92,13.34,7.32,2024
E05015705,cheltenham,Battledown,0,12.58,15.91,3.84,2024
E05015706,cheltenham,"Benhall, the Reddings and Fiddler's Green",0,11.15,23.86,3.79,2024
E05015707,cheltenham,Charlton Kings,0,24.07,13.68,4.76,2024
E05015708,cheltenham,Charlton Park,0,15.7,12.56,2.96,2024
E05015709,cheltenham,College,0,16.82,13.42,5.69,2024
E05015710,cheltenham,Hesters Way,0,26.93,31.71,8.57,2024
E05015711,cheltenham,Lansdown,0,15.7,15.41,5.79,2024
E05015712,cheltenham,Leckhampton,0,10.99,12.98,3.14,2024
E05015713,cheltenham,Oakley,0,13.91,33.2,7.82,2024
E05015714,cheltenham,Park,0,12.18,12.52,4.28,2024
E05015715,cheltenham,Pittville,0,20.41,16.89,4.82,2024
E05015716,cheltenham,Prestbury,0,41.24,25.79,0.0,2024
E05015717,cheltenham,Springbank,0,12.22,31.2,0.0,2024
E05004301,cheltenham,St Mark's,0,17.33,25.55,15.85,2022
E05015719,cheltenham,St Paul's,0,50.49,14.53,10.55,2024
E05015720,cheltenham,St Peter's,0,22.53,19.58,8.73,2024
E05015721,cheltenham,Swindon Village,0,22.66,28.84,0.0,2024
E05015722,cheltenham,Up Hatherley,0,10.18,19.84,4.29,2024
E05015723,cheltenham,Warden Hill,0,8.43,21.01,3.29,2024
E05011348,cherwell,"Adderbury, Bloxham and Bodicote",0,8.54,24.78,18.13,2024
E05011349,cherwell,Banbury Calthorpe and Easington,0,19.59,29.31,39.17,2024
E05010925,cherwell,Bicester East,0,10.08,27.55,18.63,2024
E05010926,cherwell,Bicester North and Caversfield,0,11.09,24.54,21.95,2024
E05012968,cherwell,Bicester South and Ambrosden,0,15.73,21.64,16.08,2024
E05010928,cherwell,Bicester West,0,17.26,27.79,15.69,2024
E05010929,cherwell,"Cropredy, Sibfords and Wroxton",0,6.91,25.38,14.09,2024
E05010930,cherwell,Deddington,0,8.36,22.21,33.16,2024
E05012969,cherwell,Fringford and Heyfords,0,10.36,25.2,9.81,2024
E05010932,cherwell,Kidlington East,0,35.19,24.9,15.79,2024
E05010933,cherwell,Kidlington West,0,14.43,23.18,12.2,2024
E05010934,cherwell,Launton and Otmoor,0,8.65,27.1,12.54,2024
E05013064,chorley,Adlington and Anderton,0,9.41,33.98,72.12,2024
E05013065,chorley,Buckshaw and Whittle,0,14.6,30.4,47.86,2024
E05013066,chorley,Chorley East,0,15.11,39.71,63.26,2024
E05013069,chorley,Chorley North and Astley,0,12.91,39.32,60.69,2024
E05013067,chorley,Chorley North East,0,7.47,26.8,70.75,2024
E05013068,chorley,Chorley North West,0,14.43,27.98,64.08,2024
E05013070,chorley,Chorley South East and Heath Charnock,0,13.03,42.7,62.59,2024
E05013071,chorley,Chorley South West,0,39.67,35.46,56.77,2024
E05013072,chorley,"Clayton East, Brindle and Hoghton",0,10.26,39.68,48.72,2024
E05013073,chorley,Clayton West and Cuerden,0,7.85,38.86,63.09,2024
E05013074,chorley,Coppull,0,18.87,47.38,71.12,2024
E05013075,chorley,"Croston, Mawdesley and Euxton South",0,8.58,32.39,41.3,2024
E05013076,chorley,"Eccleston, Heskin and Charnock Richard",0,4.67,34.95,63.14,2024
E05013077,chorley,Euxton,0,11.17,36.92,66.33,2024
E05010784,lincoln,Abbey,0,18.38,17.31,31.52,2024
E05010785,lincoln,Birchwood,0,14.57,38.45,43.76,2024
E05010789,lincoln,Glebe,0,10.15,30.79,28.51,2024
E05010790,lincoln,Hartsholme,0,13.61,40.31,43.34,2024
E05010792,lincoln,Moorland,0,14.81,44.21,45.53,2024
E05010794,lincoln,Witham,0,12.21,37.92,38.67,2024
E05010827,colchester,Berechurch,0,10.65,37.5,79.46,2024
E05010828,colchester,Castle,0,43.88,20.24,29.45,2024
E05010831,colchester,Lexden and Braiswick,0,11.95,25.22,21.76,2024
E05010832,colchester,Marks Tey and Layer,0,12.66,38.13,25.94,2024
E05010833,colchester,Mersea and Pyefleet,0,14.5,35.66,11.34,2024
E05010834,colchester,Mile End,0,12.38,21.07,16.06,2024
E05010837,colchester,Prettygate,0,10.28,24.82,12.97,2024
E05010838,colchester,Rural North,0,10.29,31.68,18.24,2024
E05010839,colchester,St Anne's and St John's,0,9.89,35.88,19.83,2024
E05010841,colchester,Stanway,0,8.77,32.82,14.21,2024
E05010842,colchester,Tiptree,0,10.19,38.68,24.07,2024
E05001220,coventry,Cheylesmore,0,17.57,23.37,39.93,2024
E05001228,coventry,St Michael's,0,33.88,13.69,62.07,2024
E05001231,coventry,Wainbody,0,19.42,17.76,34.49,2024
E05001234,coventry,Woodlands,0,13.54,35.19,37.24,2024
E05012914,crawley,Bewbush and North Broadfield,0,14.77,32.58,51.28,2024
E05012915,crawley,Broadfield,0,13.06,36.16,54.54,2024
E05012916,crawley,Furnace Green,0,11.31,33.88,38.58,2022
E05012918,crawley,Ifield,0,12.16,39.0,50.58,2024
E05012919,crawley,Langley Green and Tushmore,0,17.48,29.8,45.1,2024
E05012920,crawley,Maidenbower,0,16.59,35.55,27.38,2024
E05012921,crawley,Northgate and West Green,0,16.75,34.1,53.51,2024
E05012922,crawley,Pound Hill North and Forge Wood,0,14.51,31.86,49.11,2024
E05012923,crawley,Pound Hill South and Worth,0,15.23,30.71,33.99,2024
E05012924,crawley,Southgate,0,16.0,33.57,46.25,2024
E05012925,crawley,Three Bridges,0,17.51,28.11,51.37,2024
E05012926,crawley,Tilgate,0,13.72,43.06,48.67,2024
E05011466,croydon,Coulsdon Town,0,16.95,17.03,18.07,2022
E05011469,croydon,Kenley,0,15.65,16.01,12.4,2022
E05011474,croydon,Old Coulsdon,0,8.06,18.18,6.21,2022
E05011477,croydon,Purley Oaks and Riddlesdown,0,21.29,11.99,15.91,2022
E05011476,croydon,Purley and Woodcote,0,18.34,12.57,15.48,2022
E05011478,croydon,Sanderstead,0,12.25,13.09,10.85,2022
E05011480,croydon,Selsdon and Addington Village,0,16.83,20.87,18.72,2022
E05011481,croydon,Selsdon Vale and Forestdale,0,22.3,22.94,17.52,2022
E05011482,croydon,Shirley North,0,16.7,23.28,27.53,2022
E05015903,dudley,Amblecote,0,7.74,40.12,34.8,2024
E05015904,dudley,Belle Vale,0,11.52,35.59,43.69,2024
E05015905,dudley,Brierley Hill and Wordsley South,0,11.08,42.59,42.35,2024
E05015906,dudley,Brockmoor and Pensnett,0,0.0,47.23,67.19,2024
E05015908,dudley,Coseley,0,9.88,55.35,63.29,2024
E05015910,dudley,Gornal,0,7.13,60.17,30.06,2024
E05015912,dudley,Halesowen South,0,11.78,37.71,35.24,2024
E05015913,dudley,Hayley Green and Cradley South,0,9.55,39.41,40.75,2024
E05015914,dudley,Kingswinford North and Wall Heath,0,6.6,39.69,22.92,2024
E05015915,dudley,Kingswinford South,0,9.7,42.61,28.47,2024
E05015916,dudley,Lye and Stourbridge North,0,9.85,38.81,45.82,2024
E05015917,dudley,Netherton and Holly Hall,0,12.97,49.74,61.61,2024
E05015918,dudley,Norton,0,21.56,35.39,27.76,2024
E05015919,dudley,Pedmore and Stourbridge East,0,10.91,32.6,31.97,2024
E05015920,dudley,Quarry Bank and Dudley Wood,0,12.03,56.86,54.79,2024
E05015921,dudley,Sedgley,0,9.06,55.86,25.63,2024
E05015922,dudley,St. James's,0,10.65,48.89,52.14,2024
E05015923,dudley,St. Thomas's,0,10.47,32.12,49.75,2024
E05015924,dudley,Upper Gornal and Woodsetton,0,8.2,64.9,54.7,2024
E05015925,dudley,Wollaston and Stourbridge Town,0,12.41,28.55,51.24,2024
E05015926,dudley,Wordsley North,0,7.85,43.83,43.09,2024
E05013519,ealing,Dormers Wells,0,12.54,7.88,66.98,2022
E05013520,ealing,Ealing Broadway,0,19.32,3.27,32.26,2022
E05013523,ealing,Greenford Broadway,0,14.35,20.47,62.43,2022
E05013524,ealing,Hanger Hill,0,18.52,7.56,25.87,2022
E05013526,ealing,Lady Margaret,0,16.03,11.49,67.88,2022
E05013530,ealing,Northfield,0,21.48,8.3,41.73,2022
E05013528,ealing,North Greenford,0,14.46,8.13,58.77,2022
E05013532,ealing,Northolt West End,0,8.48,23.64,67.94,2022
E05013534,ealing,Perivale,0,8.63,15.21,56.49,2022
E05013536,ealing,South Acton,0,26.28,10.02,59.22,2022
E05013537,ealing,Southall Broadway,0,7.33,7.3,61.77,2022
E05013538,ealing,Southall Green,0,4.45,7.71,71.01,2022
E05011187,eastleigh,Bishopstoke,0,6.96,21.72,9.74,2024
E05011188,eastleigh,Botley,0,9.64,25.41,0.0,2024
E05011189,eastleigh,Bursledon and Hound North,0,9.23,28.2,8.15,2024
E05011190,eastleigh,Chandler's Ford,0,10.82,22.25,9.58,2024
E05011191,eastleigh,Eastleigh Central,0,17.74,25.75,33.39,2024
E05011192,eastleigh,Eastleigh North,0,12.16,29.04,18.48,2024
E05011193,eastleigh,Eastleigh South,0,14.45,30.36,20.4,2024
E05011194,eastleigh,Fair Oak and Horton Heath,0,9.54,22.01,8.35,2024
E05011195,eastleigh,Hamble and Netley,0,9.48,29.35,6.5,2024
E05011196,eastleigh,Hedge End North,0,11.78,23.53,14.7,2024
E05011197,eastleigh,Hedge End South,0,8.78,26.96,10.91,2024
E05011198,eastleigh,Hiltingbury,0,10.53,18.01,4.78,2024
E05011199,eastleigh,West End North,0,7.82,32.76,6.47,2022
E05011200,eastleigh,West End South,0,9.59,30.29,8.85,2022
E05013674,enfield,Brimsdown,0,10.23,16.58,61.05,2022
E05013677,enfield,Carterhatch,0,14.56,17.63,64.63,2022
E05013678,enfield,Cockfosters,0,8.6,13.65,25.49,2022
E05013680,enfield,Enfield Lock,0,29.39,16.44,62.13,2022
E05013681,enfield,Grange Park,0,14.76,11.69,24.72,2022
E05013682,enfield,Haselbury,0,9.29,12.32,67.63,2022
E05013684,enfield,Jubilee,0,9.06,13.07,62.26,2022
E05013685,enfield,Lower Edmonton,0,10.7,10.59,68.9,2022
E05013687,enfield,Oakwood,0,20.06,10.97,30.33,2022
E05013690,enfield,Ridgeway,0,17.1,11.49,23.97,2022
E05013692,enfield,Southgate,0,28.02,9.33,29.09,2022
E05013693,enfield,Town,0,23.94,11.93,34.49,2022
E05013694,enfield,Upper Edmonton,0,16.51,9.94,73.21,2022
E05013695,enfield,Whitewebbs,0,21.84,11.08,29.02,2022
E05015724,epping-forest,Buckhurst Hill East and Whitebridge,0,33.49,38.09,7.58,2024
E05015725,epping-forest,Buckhurst Hill West,0,22.18,30.05,9.22,2024
E05015726,epping-forest,Chigwell with Lambourne,0,0.0,38.5,10.86,2024
E05015727,epping-forest,Epping East,0,0.0,33.79,4.97,2024
E05015728,epping-forest,Epping West and Rural,0,0.0,33.25,3.57,2024
E05015729,epping-forest,Grange Hill,0,0.0,26.0,10.1,2024
E05015730,epping-forest,Loughton Fairmead,0,11.82,40.22,19.06,2024
E05015731,epping-forest,Loughton Forest,0,7.8,25.67,5.48,2024
E05015732,epping-forest,Loughton Roding,0,11.96,34.95,9.81,2024
E05015733,epping-forest,Loughton St John's,0,8.23,34.62,6.89,2024
E05015734,epping-forest,North Weald Bassett,0,0.0,49.47,23.6,2024
E05015735,epping-forest,Ongar,0,0.0,57.38,25.51,2024
E05015736,epping-forest,Roydon and Lower Nazeing,0,0.0,47.33,15.77,2024
E05015737,epping-forest,Rural East,0,0.0,50.95,9.11,2024
E05015738,epping-forest,Theydon Bois with Passingford,0,0.0,44.82,3.12,2024
E05015739,epping-forest,Waltham Abbey North,0,0.0,52.87,22.2,2024
E05015740,epping-forest,Waltham Abbey South and Rural,0,0.0,50.29,19.99,2024
E05015741,epping-forest,Waltham Abbey West,0,0.0,46.81,22.07,2024
E05011014,exeter,Heavitree,0,52.79,19.02,21.66,2024
E05011021,exeter,St Loyes,0,12.86,25.46,36.39,2024
E05015664,fareham,Avenue,0,10.74,31.44,11.33,2024
E05015665,fareham,Fareham Park,0,19.6,36.94,29.86,2024
E05015667,fareham,Fort Fareham,0,14.31,28.85,39.71,2024
E05015668,fareham,Hill Head,0,5.81,21.27,29.92,2024
E05015669,fareham,Hook-with-Warsash,0,7.66,22.94,9.27,2024
E05015670,fareham,Locks Heath,0,10.93,24.53,11.39,2024
E05015671,fareham,Park Gate,0,8.8,18.94,9.02,2024
E05015672,fareham,Portchester Castle,0,7.03,29.05,15.21,2024
E05015673,fareham,Portchester Wicor,0,6.88,30.44,13.27,2024
E05015674,fareham,Sarisbury and Whiteley,0,11.01,18.4,0.0,2024
E05015676,fareham,Titchfield,0,11.34,27.52,13.77,2024
E05015677,fareham,Titchfield Common,0,9.98,24.38,11.71,2024
E05015678,fareham,Uplands and Funtley,0,8.27,24.31,6.61,2024
E05015679,fareham,Wallington and Downend,0,7.32,25.4,5.17,2024
E05001068,gateshead,Blaydon,0,14.17,44.1,60.77,2024
E05009313,gateshead,Chopwell and Rowlands Gill,0,11.65,33.48,70.88,2024
E05001071,gateshead,Chowdene,0,7.85,39.04,50.39,2024
E05001073,gateshead,Deckham,0,19.18,38.62,53.52,2024
E05001075,gateshead,Dunston Hill and Whickham East,0,11.58,39.41,31.0,2024
E05001076,gateshead,Felling,0,15.03,44.15,62.59,2024
E05001077,gateshead,High Fell,0,13.46,47.12,56.6,2024
E05001082,gateshead,"Ryton, Crookhill and Stella",0,11.38,31.25,45.2,2024
E05001083,gateshead,Saltwell,0,22.15,18.96,52.19,2024
E05001086,gateshead,Whickham South and Sunniside,0,6.87,29.11,39.86,2024
E05001087,gateshead,Windy Nook and Whitehills,0,11.73,52.49,55.74,2024
E05001088,gateshead,Winlaton and High Spen,0,11.35,46.14,57.24,2024
E05014138,gosport,Alverstoke,0,9.06,25.27,10.9,2024
E05014139,gosport,Anglesey,0,12.64,24.13,10.29,2024
E05014140,gosport,Bridgemary,0,7.24,45.61,13.27,2024
E05014141,gosport,Brockhurst and Privett,0,8.89,35.1,13.61,2024
E05014142,gosport,Elson,0,8.73,39.36,10.89,2024
E05014143,gosport,Forton,0,11.97,35.77,15.0,2024
E05014144,gosport,Grange and Alver Valley,0,9.58,43.51,37.33,2024
E05014145,gosport,Harbourside and Town,0,12.35,32.63,40.58,2024
E05014146,gosport,Hardway,0,10.05,38.5,11.44,2024
E05014147,gosport,Lee East,0,18.12,28.15,7.99,2024
E05014149,gosport,Leesland and Newtown,0,10.67,33.17,15.8,2024
E05014148,gosport,Lee West,0,11.2,26.02,13.49,2024
E05014150,gosport,Peel Common,0,6.42,35.59,10.98,2024
E05014151,gosport,Rowner and Holbrook,0,9.07,48.67,16.52,2024
E05014091,greenwich,West Thamesmead,0,28.29,15.41,69.99,2022
E05009367,hackney,Brownswood,0,52.65,2.59,62.82,2022
E05009375,hackney,Haggerston,0,48.6,2.82,67.35,2022
E05009379,hackney,King's Park,0,53.35,1.87,70.94,2022
E05009384,hackney,Stamford Hill West,0,21.08,6.25,34.27,2022
E05013169,halton,Appleton,0,14.92,42.2,87.22,2024
E05013170,halton,Bankfield,0,12.48,42.36,84.64,2024
E05013171,halton,Beechwood and Heath,0,13.24,39.53,34.45,2024
E05013172,halton,Birchfield,0,14.46,35.6,62.98,2024
E05013173,halton,Bridgewater,0,17.95,45.18,72.9,2024
E05013174,halton,Central and West Bank,0,16.2,51.56,72.89,2024
E05013176,halton,"Ditton, Hale Village and Halebank",0,12.63,52.99,83.4,2024
E05013177,halton,Farnworth,0,13.72,36.41,74.24,2024
E05013178,halton,Grange,0,16.13,40.48,67.8,2024
E05013179,halton,Halton Castle,0,16.64,39.87,67.79,2024
E05013181,halton,Halton View,0,12.94,47.82,70.72,2024
E05013182,halton,Highfield,0,11.51,41.21,89.37,2024
E05013183,halton,Hough Green,0,12.27,42.99,74.58,2024
E05013184,halton,Mersey and Weston,0,15.68,37.6,56.36,2024
E05013185,halton,Norton North,0,13.21,39.91,60.25,2024
E05013186,halton,Norton South and Preston Brook,0,17.77,41.59,74.2,2024
E05013736,hammersmith-and-fulham,College Park and Old Oak,0,10.67,17.92,79.18,2022
E05013739,hammersmith-and-fulham,Fulham Town,0,6.52,11.18,27.56,2022
E05013740,hammersmith-and-fulham,Grove,0,9.75,8.94,72.56,2022
E05013743,hammersmith-and-fulham,Munster,0,6.04,14.01,31.88,2022
E05013744,hammersmith-and-fulham,Palace and Hurlingham,0,5.61,11.32,27.83,2022
E05013745,hammersmith-and-fulham,Parsons Green and Sandford,0,9.76,12.78,29.32,2022
E05013592,haringey,Highgate,0,26.1,7.06,36.15,2022
E05013596,haringey,Northumberland Park,0,15.09,3.07,77.49,2022
E05015680,harlow,Bush Fair,0,9.84,23.46,48.03,2024
E05015681,harlow,Church Langley North and Newhall,0,7.16,19.48,31.22,2024
E05015682,harlow,Church Langley South and Potter Street,0,8.21,22.7,34.71,2024
E05015683,harlow,Great Parndon,0,7.15,17.92,33.96,2024
E05015684,harlow,Latton Bush and Stewards,0,8.17,18.53,43.66,2024
E05015685,harlow,Little Parndon and Town Centre,0,12.38,18.15,58.86,2024
E05015686,harlow,Mark Hall,0,14.29,19.74,48.5,2024
E05015688,harlow,Old Harlow,0,8.37,21.21,33.63,2024
E05015690,harlow,Sumners and Kingsmoor,0,8.29,18.6,40.1,2024
E05013542,harrow,Belmont,0,13.5,9.02,28.31,2022
E05013543,harrow,Canons,0,7.19,10.17,28.19,2022
E05013544,harrow,Centenary,0,6.09,11.41,37.1,2022
E05013545,harrow,Edgware,0,10.26,8.61,46.1,2022
E05013546,harrow,Greenhill,0,18.28,13.35,45.52,2022
E05013547,harrow,Harrow on the Hill,0,8.87,12.68,46.12,2022
E05013548,harrow,Harrow Weald,0,6.79,14.06,34.16,2022
E05013549,harrow,Hatch End,0,8.48,6.09,25.92,2022
E05013550,harrow,Headstone,0,16.65,11.63,41.97,2022
E05013551,harrow,Kenton East,0,5.35,11.25,39.69,2022
E05013552,harrow,Kenton West,0,7.15,9.01,41.85,2022
E05013553,harrow,Marlborough,0,7.4,9.77,48.34,2022
E05013554,harrow,North Harrow,0,10.17,11.47,44.99,2022
E05013555,harrow,Pinner,0,10.63,12.05,30.29,2022
E05013556,harrow,Pinner South,0,5.97,11.59,34.76,2022
E05013558,harrow,Roxbourne,0,12.56,14.86,63.46,2022
E05013560,harrow,Stanmore,0,9.29,13.64,23.2,2022
E05013561,harrow,Wealdstone North,0,9.91,14.35,64.13,2022
E05013562,harrow,Wealdstone South,0,7.29,19.79,53.57,2022
E05013563,harrow,West Harrow,0,23.6,11.85,53.79,2022
E05009352,hart,Blackwater and Hawley,0,7.39,32.19,16.0,2024
E05009353,hart,Crookham East,0,7.67,18.35,10.9,2024
E05009354,hart,Crookham West and Ewshot,0,7.67,23.71,0.0,2024
E05009355,hart,Fleet Central,0,10.74,17.9,15.79,2024
E05009356,hart,Fleet East,0,10.3,20.06,5.75,2024
E05009357,hart,Fleet West,0,6.43,17.39,10.18,2024
E05009358,hart,Hartley Wintney,0,6.87,22.2,9.92,2024
E05009359,hart,Hook,0,11.58,23.87,16.44,2024
E05013038,hartlepool,Burn Valley,0,12.23,41.1,54.51,2024
E05013039,hartlepool,De Bruce,0,8.12,60.03,54.85,2024
E05013040,hartlepool,Fens and Greatham,0,6.58,46.63,29.95,2024
E05013041,hartlepool,Foggy Furze,0,7.72,47.4,58.05,2024
E05013042,hartlepool,Hart,0,7.59,45.32,42.63,2024
E05013043,hartlepool,Headland and Harbour,0,10.28,53.0,51.4,2024
E05013044,hartlepool,Manor House,0,11.09,66.35,58.8,2024
E05013045,hartlepool,Rossmere,0,9.13,64.45,54.4,2024
E05013046,hartlepool,Rural West,0,10.03,43.19,33.45,2024
E05013047,hartlepool,Seaton,0,7.14,45.42,19.61,2024
E05013048,hartlepool,Throston,0,6.96,53.38,62.46,2024
E05013049,hartlepool,Victoria,0,18.11,43.5,64.73,2024
E05009360,hart,Odiham,0,9.45,20.18,8.89,2024
E05009361,hart,Yateley East,0,8.04,32.07,8.13,2024
E05009362,hart,Yateley West,0,0.0,28.17,0.0,2024
E05011201,hastings,Ashdown,0,24.01,37.05,32.62,2024
E05011202,hastings,Baird,0,31.87,28.37,23.37,2024
E05011206,hastings,Conquest,0,25.07,34.27,29.29,2024
E05011211,hastings,Ore,0,51.56,27.79,24.74,2024
E05011214,hastings,Tressell,0,60.99,27.09,26.02,2024
E05015581,havant,Bedhampton,0,0.0,41.84,7.08,2024
E05015582,havant,Cowplain,0,0.0,45.57,14.81,2024
E05015583,havant,Emsworth,0,49.23,22.35,0.0,2024
E05015584,havant,Hart Plain,0,0.0,52.35,13.64,2024
E05015585,havant,Havant St Faith's,0,0.0,31.86,58.89,2024
E05015586,havant,Hayling East,0,33.49,42.86,34.0,2024
E05015587,havant,Hayling West,0,36.6,33.35,0.0,2024
E05015588,havant,Leigh Park Central and West Leigh,0,0.0,57.9,30.4,2024
E05015589,havant,Leigh Park Hermitage,0,25.69,57.82,33.81,2024
E05015590,havant,Purbrook,0,0.0,43.5,0.0,2024
E05015591,havant,Stakes,0,0.0,45.81,28.39,2024
E05015592,havant,Waterloo,0,0.0,44.85,9.68,2024
E05013967,havering,Beam Park,0,13.21,25.73,48.97,2022
E05013968,havering,Cranham,0,7.03,33.29,9.44,2022
E05013969,havering,Elm Park,0,10.24,34.38,16.6,2022
E05013970,havering,Emerson Park,0,5.9,34.63,12.24,2022
E05013971,havering,Gooshays,0,11.88,42.47,37.72,2022
E05013972,havering,Hacton,0,5.88,39.71,9.51,2022
E05013973,havering,Harold Wood,0,8.09,29.33,17.44,2022
E05013974,havering,Havering-atte-Bower,0,11.47,49.7,31.53,2022
E05013975,havering,Heaton,0,13.36,44.47,46.34,2022
E05013976,havering,Hylands and Harrow Lodge,0,8.25,41.21,20.44,2022
E05013977,havering,Marshalls and Rise Park,0,8.04,43.41,12.92,2022
E05013978,havering,Mawneys,0,10.35,40.02,19.25,2022
E05013979,havering,Rainham and Wennington,0,6.34,38.05,26.07,2022
E05013984,havering,South Hornchurch,0,9.11,40.07,29.21,2022
E05013985,havering,Squirrels Heath,0,14.77,39.63,17.7,2022
E05013982,havering,St Andrew's,0,8.66,40.06,13.05,2022
E05013986,havering,Upminster,0,5.92,31.63,9.67,2022
E05013564,hillingdon,Belmore,0,7.21,15.06,70.19,2022
E05013567,hillingdon,Eastcote,0,5.54,15.38,23.47,2022
E05013568,hillingdon,Harefield Village,0,0.0,37.76,10.97,2022
E05013569,hillingdon,Hayes Town,0,7.64,17.63,76.36,2022
E05013573,hillingdon,Ickenham and South Harefield,0,15.8,16.32,21.57,2022
E05013574,hillingdon,Northwood,0,7.51,11.77,13.85,2022
E05013575,hillingdon,Northwood Hills,0,16.59,16.06,24.48,2022
E05013576,hillingdon,Pinkwell,0,6.97,17.78,77.0,2022
E05013577,hillingdon,Ruislip,0,4.51,19.41,19.05,2022
E05013578,hillingdon,Ruislip Manor,0,7.31,22.24,25.2,2022
E05013579,hillingdon,South Ruislip,0,5.18,19.0,29.12,2022
E05013583,hillingdon,Yeading,0,5.06,21.33,69.51,2022
E05013606,hounslow,Bedfont,0,6.41,34.17,56.88,2022
E05013607,hounslow,Brentford East,0,14.67,21.12,69.58,2022
E05013608,hounslow,Brentford West,0,33.51,13.13,52.73,2022
E05013609,hounslow,Chiswick Gunnersbury,0,12.62,8.23,36.31,2022
E05013611,hounslow,Chiswick Riverside,0,19.23,8.37,34.74,2022
E05013612,hounslow,Cranford,0,7.63,15.06,65.62,2022
E05013613,hounslow,Feltham North,0,6.12,30.4,47.53,2022
E05013614,hounslow,Feltham West,0,6.07,29.99,58.38,2022
E05013615,hounslow,Hanworth Park,0,9.27,33.5,50.02,2022
E05013616,hounslow,Hanworth Village,0,6.85,30.68,49.63,2022
E05013617,hounslow,Heston Central,0,8.36,15.37,67.96,2022
E05013618,hounslow,Heston East,0,13.17,21.91,63.85,2022
E05013619,hounslow,Heston West,0,7.3,8.71,71.92,2022
E05013620,hounslow,Hounslow Central,0,6.92,12.29,62.49,2022
E05013621,hounslow,Hounslow East,0,12.13,22.75,56.04,2022
E05013622,hounslow,Hounslow Heath,0,9.68,15.85,57.86,2022
E05013623,hounslow,Hounslow South,0,7.56,18.5,59.63,2022
E05013624,hounslow,Hounslow West,0,6.49,17.16,64.93,2022
E05013625,hounslow,Isleworth,0,8.04,15.27,58.2,2022
E05013626,hounslow,Osterley and Spring Grove,0,8.43,13.49,56.35,2022
E05013627,hounslow,Syon and Brentford Lock,0,9.0,13.93,51.86,2022
E05011256,huntingdonshire,Alconbury,0,13.24,27.34,0.0,2022
E05011257,huntingdonshire,Brampton,0,7.01,21.89,0.0,2022
E05011258,huntingdonshire,Buckden,0,5.65,22.31,0.0,2022
E05011259,huntingdonshire,Fenstanton,0,8.53,20.52,12.33,2022
E05011260,huntingdonshire,Godmanchester and Hemingford Abbots,0,4.18,24.66,0.0,2022
E05011261,huntingdonshire,Great Paxton,0,4.99,15.04,10.88,2022
E05011262,huntingdonshire,Great Staughton,0,9.22,27.19,20.13,2022
E05011263,huntingdonshire,Hemingford Grey and Houghton,0,7.58,20.15,7.0,2022
E05011264,huntingdonshire,Holywell-cum-Needingworth,0,7.56,25.11,20.43,2018
E05011265,huntingdonshire,Huntingdon East,0,5.0,25.98,0.0,2022
E05011266,huntingdonshire,Huntingdon North,0,12.32,28.05,55.22,2022
E05011267,huntingdonshire,Kimbolton,0,6.05,20.04,16.56,2022
E05011268,huntingdonshire,Ramsey,0,4.28,34.47,12.69,2022
E05011276,huntingdonshire,Sawtry,0,5.76,23.3,13.1,2018
E05011277,huntingdonshire,Somersham,0,8.51,29.64,35.07,2022
E05011278,huntingdonshire,"Stilton, Folksworth and Washingley",0,5.23,29.33,21.21,2022
E05011269,huntingdonshire,St Ives East,0,9.68,26.6,0.0,2022
E05011270,huntingdonshire,St Ives South,0,7.34,18.04,26.92,2022
E05011271,huntingdonshire,St Ives West,0,7.49,20.53,0.0,2022
E05011272,huntingdonshire,St Neots East,0,61.0,16.54,0.0,2022
E05011273,huntingdonshire,St Neots Eatons,0,8.43,32.55,0.0,2022
E05011274,huntingdonshire,St Neots Eynesbury,0,7.65,32.37,22.34,2022
E05011275,huntingdonshire,St Neots Priory Park and Little Paxton,0,11.61,22.73,0.0,2022
E05011279,huntingdonshire,The Stukeleys,0,4.66,24.16,0.0,2022
E05011280,huntingdonshire,Warboys,0,11.69,31.53,26.82,2022
E05011281,huntingdonshire,Yaxley,0,3.68,38.4,17.86,2022
E05005211,hyndburn,Clayton-le-Moors,0,11.55,47.61,46.29,2022
E05005212,hyndburn,Huncoat,0,16.5,49.15,40.81,2022
E05005213,hyndburn,Immanuel,0,0.0,36.89,44.84,2022
E05005214,hyndburn,Milnshaw,0,24.36,49.96,48.69,2022
E05005215,hyndburn,Netherton,0,12.53,36.36,67.42,2024
E05005216,hyndburn,Overton,0,11.73,44.59,58.42,2024
E05005217,hyndburn,Peel,0,21.94,41.98,51.65,2024
E05005218,hyndburn,Rishton,0,12.53,49.83,59.94,2024
E05005221,hyndburn,Spring Hill,0,0.0,17.84,41.08,2024
E05005219,hyndburn,St Andrew's,0,12.79,40.07,51.36,2024
E05005220,hyndburn,St Oswald's,0,0.0,44.41,30.57,2024
E05007120,ipswich,Castle Hill,0,15.91,35.65,36.32,2024
E05007122,ipswich,Gipping,0,18.45,33.89,55.78,2024
E05013359,isle-of-wight,Bembridge,0,0.0,30.09,0.0,2021
E05013360,isle-of-wight,Binstead and Fishbourne,0,6.03,20.35,0.0,2021
E05013361,isle-of-wight,Brading and St Helens,0,0.0,30.84,8.14,2021
E05013362,isle-of-wight,"Brighstone, Calbourne and Shalfleet",0,0.0,32.06,0.0,2021
E05013363,isle-of-wight,Carisbrooke and Gunville,0,46.46,32.81,22.55,2021
E05013364,isle-of-wight,Central Rural,0,24.29,42.31,13.54,2021
E05013365,isle-of-wight,"Chale, Niton and Shorwell",0,51.73,31.84,0.0,2021
E05013366,isle-of-wight,Cowes Medina,0,19.16,28.47,21.94,2021
E05013367,isle-of-wight,Cowes North,0,0.0,16.72,51.54,2021
E05013368,isle-of-wight,Cowes South and Northwood,0,0.0,30.82,19.48,2021
E05013369,isle-of-wight,Cowes West and Gurnard,0,0.0,17.7,8.01,2021
E05013370,isle-of-wight,East Cowes,0,8.9,23.56,7.12,2021
E05013371,isle-of-wight,Fairlee and Whippingham,0,13.67,30.92,0.0,2021
E05013372,isle-of-wight,Freshwater North and Yarmouth,0,13.25,33.9,0.0,2021
E05013373,isle-of-wight,Freshwater South,0,6.22,27.62,0.0,2021
E05013374,isle-of-wight,Haylands and Swanmore,0,18.94,40.76,14.84,2021
E05013375,isle-of-wight,Lake North,0,0.0,39.13,14.84,2021
E05013376,isle-of-wight,Lake South,0,17.99,41.53,19.64,2021
E05013377,isle-of-wight,Mountjoy and Shide,0,18.1,36.01,21.68,2021
E05013378,isle-of-wight,Nettlestone and Seaview,0,5.31,20.49,5.5,2021
E05013379,isle-of-wight,"Newchurch, Havenstreet and Ashey",0,23.37,45.18,10.79,2021
E05013380,isle-of-wight,Newport Central,0,0.0,26.56,16.9,2021
E05013381,isle-of-wight,Newport West,0,33.6,39.61,22.44,2021
E05013382,isle-of-wight,Osborne,0,0.0,34.24,0.0,2021
E05013383,isle-of-wight,Pan and Barton,0,0.0,46.16,0.0,2021
E05013384,isle-of-wight,Parkhurst and Hunnyhill,0,0.0,38.78,6.48,2021
E05013385,isle-of-wight,Ryde Appley and Elmfield,0,0.0,32.38,0.0,2021
E05013386,isle-of-wight,Ryde Monktonmead,0,23.95,31.52,19.82,2021
E05013387,isle-of-wight,Ryde North West,0,29.05,34.36,16.31,2021
E05013388,isle-of-wight,Ryde South East,0,15.19,41.3,20.26,2021
E05013389,isle-of-wight,Ryde West,0,28.65,36.98,22.7,2021
E05013390,isle-of-wight,Sandown North,0,6.99,38.51,17.02,2021
E05013391,isle-of-wight,Sandown South,0,9.79,36.49,12.66,2021
E05013392,isle-of-wight,Shanklin Central,0,22.94,29.59,12.9,2021
E05013393,isle-of-wight,Shanklin South,0,13.3,37.2,21.17,2021
E05013394,isle-of-wight,Totland and Colwell,0,8.15,27.3,14.49,2021
E05013395,isle-of-wight,Ventnor and St Lawrence,0,0.0,22.2,20.34,2021
E05008517,isle-of-wight,Wootton Bridge,0,11.08,38.1,5.75,2017
E05013397,isle-of-wight,"Wroxall, Lowtherville and Bonchurch",0,12.97,24.02,12.28,2021
E05009388,kensington-and-chelsea,Abingdon,0,4.63,7.21,21.48,2022
E05009389,kensington-and-chelsea,Brompton and Hans Town,0,0.0,13.02,17.35,2022
E05009390,kensington-and-chelsea,Campden,0,0.0,8.47,20.17,2022
E05009391,kensington-and-chelsea,Chelsea Riverside,0,6.15,14.41,40.03,2022
E05009393,kensington-and-chelsea,Courtfield,0,2.71,7.57,17.82,2022
E05009395,kensington-and-chelsea,Earl's Court,0,3.85,5.22,20.33,2022
E05009400,kensington-and-chelsea,Pembridge,0,0.0,5.59,32.51,2022
E05009401,kensington-and-chelsea,Queen's Gate,0,4.26,7.44,19.82,2022
E05009402,kensington-and-chelsea,Redcliffe,0,3.9,9.08,26.39,2022
E05009403,kensington-and-chelsea,Royal Hospital,0,3.08,13.59,15.19,2022
E05009405,kensington-and-chelsea,Stanley,0,0.0,12.25,23.13,2022
E05011525,kingston-upon-hull-city-of,Avenue,0,23.91,13.41,43.42,2024
E05011526,kingston-upon-hull-city-of,Beverley and Newland,0,14.3,22.47,28.6,2024
E05011527,kingston-upon-hull-city-of,Boothferry,0,8.31,35.18,33.68,2024
E05011528,kingston-upon-hull-city-of,Bricknell,0,8.14,27.32,56.06,2024
E05011529,kingston-upon-hull-city-of,Central,0,13.42,23.19,63.59,2022
E05011530,kingston-upon-hull-city-of,Derringham,0,7.91,40.65,50.12,2024
E05011531,kingston-upon-hull-city-of,Drypool,0,11.74,32.98,25.14,2024
E05011532,kingston-upon-hull-city-of,Holderness,0,9.32,36.02,30.51,2024
E05011535,kingston-upon-hull-city-of,Longhill and Bilton Grange,0,8.21,49.62,39.12,2024
E05011536,kingston-upon-hull-city-of,Marfleet,0,16.44,52.28,71.05,2024
E05011538,kingston-upon-hull-city-of,North Carr,0,11.82,51.69,42.31,2024
E05011539,kingston-upon-hull-city-of,Orchard Park,0,9.22,45.36,62.4,2024
E05011540,kingston-upon-hull-city-of,Pickering,0,6.02,40.26,44.9,2022
E05011542,kingston-upon-hull-city-of,Southcoates,0,11.15,43.09,66.36,2024
E05011541,kingston-upon-hull-city-of,St Andrew's and Docklands,0,19.86,33.27,67.52,2024
E05011543,kingston-upon-hull-city-of,Sutton,0,13.12,39.16,32.07,2024
E05011544,kingston-upon-hull-city-of,University,0,14.78,30.05,42.42,2024
E05011545,kingston-upon-hull-city-of,West Carr,0,6.59,44.49,31.3,2024
E05013928,kingston-upon-thames,Alexandra,0,11.08,12.49,10.34,2022
E05013929,kingston-upon-thames,Berrylands,0,13.01,11.26,10.31,2022
E05013930,kingston-upon-thames,Canbury Gardens,0,14.56,11.83,9.66,2022
E05013931,kingston-upon-thames,Chessington South and Malden Rushett,0,0.0,28.76,11.75,2022
E05013932,kingston-upon-thames,Coombe Hill,0,9.14,8.53,11.46,2022
E05013933,kingston-upon-thames,Coombe Vale,0,10.65,3.87,12.7,2022
E05013934,kingston-upon-thames,Green Lane and St James,0,0.0,7.3,10.81,2022
E05013935,kingston-upon-thames,Hook and Chessington North,0,10.38,18.21,14.61,2022
E05013936,kingston-upon-thames,King George's and Sunray,0,12.19,0.0,16.7,2022
E05013937,kingston-upon-thames,Kingston Gate,0,18.81,8.79,10.62,2022
E05013939,kingston-upon-thames,Motspur Park and Old Malden East,0,7.3,16.61,12.99,2022
E05013940,kingston-upon-thames,New Malden Village,0,11.31,5.4,14.96,2022
E05013941,kingston-upon-thames,Norbiton,0,16.78,12.3,27.34,2022
E05013942,kingston-upon-thames,Old Malden,0,8.78,13.44,10.98,2022
E05013943,kingston-upon-thames,St Mark's and Seething Wells,0,25.93,9.87,10.15,2022
E05013944,kingston-upon-thames,Surbiton Hill,0,15.37,11.69,10.96,2022
E05013945,kingston-upon-thames,Tolworth,0,13.68,13.05,16.12,2022
E05013946,kingston-upon-thames,Tudor,0,14.58,10.42,7.91,2022
E05008558,kirklees,Almondbury,0,15.36,39.78,23.86,2024
E05001389,kirklees,Ashbrow,0,31.11,28.61,47.83,2024
E05001390,kirklees,Batley East,0,14.27,16.69,15.9,2024
E05001391,kirklees,Batley West,0,13.58,24.04,19.11,2024
E05001392,kirklees,Birstall and Birkenshaw,0,10.38,36.55,38.3,2024
E05001393,kirklees,Cleckheaton,0,8.39,39.57,14.3,2024
E05001396,kirklees,Dalton,0,19.36,39.92,44.3,2024
E05001397,kirklees,Denby Dale,0,12.4,27.21,39.34,2024
E05001398,kirklees,Dewsbury East,0,9.92,39.79,40.66,2024
E05001399,kirklees,Dewsbury South,0,6.77,24.05,19.24,2024
E05001400,kirklees,Dewsbury West,0,5.58,10.19,23.79,2024
E05001402,kirklees,Greenhead,0,44.97,17.05,33.08,2024
E05008561,kirklees,Holme Valley North,0,11.73,25.34,25.43,2024
E05001405,kirklees,Holme Valley South,0,18.97,28.06,45.31,2024
E05008562,kirklees,Kirkburton,0,18.77,30.43,27.73,2024
E05001407,kirklees,Lindley,0,13.35,28.02,20.0,2024
E05001408,kirklees,Liversedge and Gomersal,0,11.2,43.23,37.44,2024
E05001409,kirklees,Mirfield,0,14.16,36.33,32.15,2024
E05010936,knowsley,Halewood North,0,20.9,28.45,71.78,2024
E05010937,knowsley,Halewood South,0,0.0,24.0,50.59,2024
E05010938,knowsley,Northwood,0,12.83,40.2,73.07,2024
E05010939,knowsley,Page Moss,0,37.59,30.7,67.02,2024
E05010940,knowsley,Prescot North,0,0.0,33.54,45.62,2024
E05010941,knowsley,Prescot South,0,50.5,27.42,40.0,2024
E05010943,knowsley,Shevington,0,9.34,25.14,80.36,2024
E05010946,knowsley,Stockbridge,0,29.07,39.12,83.09,2024
E05010949,knowsley,Whitefield,0,0.0,26.3,44.71,2024
E05014096,lambeth,Brixton North,0,39.39,1.93,65.15,2022
E05014100,lambeth,Clapham East,0,34.42,8.03,66.43,2022
E05014104,lambeth,Herne Hill and Loughborough Junction,0,53.13,1.47,51.95,2022
E05014106,lambeth,Knight's Hill,0,43.93,4.22,63.03,2022
E05014107,lambeth,Myatt's Fields,0,41.42,2.95,62.67,2022
E05014114,lambeth,Streatham Hill West and Thornton,0,21.59,3.46,40.43,2022
E05012841,leeds,Adel and Wharfedale,0,15.59,22.53,34.61,2024
E05011384,leeds,Ardsley and Robin Hood,0,11.04,41.62,41.37,2024
E05012647,leeds,Beeston and Holbeck,0,34.62,21.79,52.96,2024
E05011387,leeds,Bramley and Stanningley,0,14.21,33.99,60.84,2024
E05013830,leeds,Garforth and Swillington,0,5.4,19.73,19.15,2024
E05011394,leeds,Gipton and Harehills,0,30.46,9.63,39.02,2024
E05011395,leeds,Guiseley and Rawdon,0,9.98,19.7,46.58,2024
E05011396,leeds,Harewood,0,10.99,24.93,25.35,2024
E05011397,leeds,Headingley and Hyde Park,0,70.64,3.67,41.04,2024
E05011547,leeds,Horsforth,0,19.43,16.39,56.65,2024
E05011399,leeds,Hunslet and Riverside,0,56.25,12.3,46.19,2024
E05011400,leeds,Killingbeck and Seacroft,0,15.57,41.06,61.28,2024
E05011402,leeds,Kirkstall,0,45.16,14.62,62.3,2024
E05011403,leeds,Little London and Woodhouse,0,60.16,7.49,59.81,2024
E05011404,leeds,Middleton Park,0,9.44,33.55,37.29,2024
E05011406,leeds,Morley North,0,9.14,34.24,24.96,2024
E05011407,leeds,Morley South,0,10.84,35.06,31.31,2024
E05011549,leeds,Otley and Yeadon,0,19.91,25.03,26.11,2024
E05011409,leeds,Pudsey,0,12.95,17.95,40.04,2024
E05011410,leeds,Rothwell,0,8.89,26.87,21.99,2024
E05011359,manchester,Clayton and Openshaw,0,27.77,27.3,73.6,2024
E05011362,manchester,Didsbury East,0,25.53,8.42,57.64,2024
E05011366,manchester,Harpurhey,0,24.5,26.27,70.43,2024
E05011368,manchester,Hulme,0,54.8,7.59,58.37,2024
E05011369,manchester,Levenshulme,0,55.48,6.82,38.2,2024
E05011371,manchester,Miles Platting and Newton Heath,0,24.38,34.28,66.62,2024
E05011373,manchester,Moston,0,18.27,40.83,62.27,2024
E05011377,manchester,Rusholme,0,48.45,3.91,43.37,2024
E05013811,merton,Cannon Hill,0,10.22,12.12,28.58,2022
E05013813,merton,Cricket Green,0,12.67,16.27,73.04,2022
E05013814,merton,Figge's Marsh,0,17.63,13.12,78.95,2022
E05013815,merton,Graveney,0,23.07,8.44,75.87,2022
E05013816,merton,Hillside,0,7.14,7.53,18.96,2022
E05013817,merton,Lavender Fields,0,21.02,16.37,69.01,2022
E05013818,merton,Longthornton,0,14.77,12.53,69.61,2022
E05013819,merton,Lower Morden,0,8.91,24.75,46.92,2022
E05013821,merton,Pollards Hill,0,8.05,15.63,77.8,2022
E05013823,merton,Raynes Park,0,10.4,10.03,18.26,2022
E05013824,merton,St Helier,0,27.65,16.76,59.71,2022
E05013825,merton,Village,0,3.28,8.58,12.58,2022
E05013828,merton,Wimbledon Park,0,11.45,7.57,21.17,2022
E05013829,merton,Wimbledon Town and Dundonald,0,6.41,7.27,14.15,2022
E05011415,newcastle-under-lyme,Audley,0,0.0,42.61,47.81,2022
E05011416,newcastle-under-lyme,Bradwell,0,9.58,49.52,52.5,2022
E05011417,newcastle-under-lyme,Clayton,0,0.0,35.94,48.98,2022
E05011418,newcastle-under-lyme,Crackley and Red Street,0,5.84,52.15,43.66,2022
E05011419,newcastle-under-lyme,Cross Heath,0,9.67,45.62,61.18,2022
E05011420,newcastle-under-lyme,Holditch and Chesterton,0,0.0,53.92,66.23,2022
E05011421,newcastle-under-lyme,Keele,0,27.64,17.3,68.6,2022
E05011422,newcastle-under-lyme,Kidsgrove and Ravenscliffe,0,7.94,56.47,41.49,2022
E05011423,newcastle-under-lyme,Knutton,0,0.0,66.24,47.9,2022
E05011424,newcastle-under-lyme,Loggerheads,0,5.94,33.74,35.33,2022
E05011425,newcastle-under-lyme,Madeley and Betley,0,12.93,29.26,31.37,2022
E05011426,newcastle-under-lyme,Maer and Whitmore,0,0.0,38.15,27.65,2022
E05011427,newcastle-under-lyme,May Bank,0,5.93,27.43,48.96,2022
E05011428,newcastle-under-lyme,Newchapel and Mow Cop,0,0.0,53.11,40.31,2022
E05011429,newcastle-under-lyme,Silverdale,0,8.31,53.59,41.83,2022
E05011430,newcastle-under-lyme,Talke and Butt Lane,0,0.0,55.93,54.97,2022
E05011431,newcastle-under-lyme,Thistleberry,0,6.67,26.53,23.56,2022
E05011433,newcastle-under-lyme,Westbury Park and Northwood,0,12.93,33.54,38.2,2022
E05011434,newcastle-under-lyme,Westlands,0,17.91,25.15,35.18,2022
E05011435,newcastle-under-lyme,Wolstanton,0,7.63,41.65,58.43,2022
E05011439,newcastle-upon-tyne,Byker,0,60.03,24.15,35.58,2024
E05011443,newcastle-upon-tyne,Dene and South Gosforth,0,24.14,12.17,32.14,2024
E05011446,newcastle-upon-tyne,Fawdon and West Gosforth,0,15.96,20.24,24.88,2024
E05011447,newcastle-upon-tyne,Gosforth,0,12.21,7.82,22.95,2024
E05011452,newcastle-upon-tyne,Manor Park,0,21.47,17.12,25.98,2024
E05011455,newcastle-upon-tyne,Ouseburn,0,59.57,8.4,48.39,2024
E05013909,newham,East Ham,0,21.83,2.96,63.42,2022
E05013911,newham,Forest Gate North,0,34.7,6.25,63.76,2022
E05013926,newham,Wall End,0,13.03,4.84,59.78,2022
E05001713,north-east-lincolnshire,Croft Baker,0,13.83,51.4,58.87,2024
E05001714,north-east-lincolnshire,East Marsh,0,7.38,34.54,33.4,2024
E05001715,north-east-lincolnshire,Freshney,0,5.07,39.64,23.74,2024
E05001716,north-east-lincolnshire,Haverstoe,0,9.0,49.69,30.68,2024
E05001717,north-east-lincolnshire,Heneage,0,7.65,44.48,48.1,2024
E05001718,north-east-lincolnshire,Humberston and New Waltham,0,7.62,49.3,30.28,2024
E05001719,north-east-lincolnshire,Immingham,0,8.73,51.51,41.47,2024
E05001720,north-east-lincolnshire,Park,0,13.75,37.43,43.44,2024
E05001721,north-east-lincolnshire,Scartho,0,9.26,44.29,46.5,2024
E05001722,north-east-lincolnshire,Sidney Sussex,0,10.04,54.74,50.68,2024
E05001723,north-east-lincolnshire,South,0,0.0,56.86,55.04,2024
E05001724,north-east-lincolnshire,Waltham,0,7.17,41.98,30.9,2022
E05001725,north-east-lincolnshire,West Marsh,0,13.51,49.7,52.74,2022
E05001726,north-east-lincolnshire,Wolds,0,6.06,33.76,18.37,2022
E05001727,north-east-lincolnshire,Yarborough,0,7.18,48.57,26.75,2024
E05015874,north-tyneside,Monkseaton,0,17.96,26.35,65.96,2024
E05015875,north-tyneside,New York and Murton,0,17.14,37.37,34.74,2024
E05015877,north-tyneside,Preston with Preston Grange,0,17.11,23.89,32.8,2024
E05015883,north-tyneside,Weetslade,0,13.43,44.21,65.58,2024
E05012904,norwich,Eaton,0,18.97,15.31,22.05,2024
E05012906,norwich,Mancroft,0,58.32,18.8,26.44,2024
E05012909,norwich,Sewell,0,63.36,14.67,30.77,2024
E05015827,nuneaton-and-bedworth,Arbury,0,12.81,46.48,49.13,2024
E05015830,nuneaton-and-bedworth,Bulkington,0,10.84,42.47,36.9,2024
E05015833,nuneaton-and-bedworth,Eastboro,0,20.63,36.68,37.88,2024
E05015834,nuneaton-and-bedworth,Exhall,0,16.29,43.59,43.83,2024
E05015835,nuneaton-and-bedworth,Galley Common,0,14.37,53.39,52.77,2024
E05015837,nuneaton-and-bedworth,Milby,0,44.78,28.31,28.48,2024
E05015838,nuneaton-and-bedworth,Poplar,0,18.41,39.7,41.55,2024
E05015841,nuneaton-and-bedworth,St Nicolas,0,26.63,35.34,27.94,2024
E05015842,nuneaton-and-bedworth,Stockingford East,0,15.72,46.1,60.53,2024
E05015843,nuneaton-and-bedworth,Stockingford West,0,12.41,57.13,60.04,2024
E05015844,nuneaton-and-bedworth,Weddington,0,44.33,35.45,16.49,2024
E05015845,nuneaton-and-bedworth,Whitestone,0,10.41,39.39,29.53,2024
E05014646,oldham,Alexandra,0,6.3,19.04,30.51,2024
E05014649,oldham,Chadderton South,0,14.22,48.35,45.32,2024
E05014650,oldham,Coldhurst,0,10.17,10.37,31.54,2024
E05014651,oldham,Crompton,0,6.67,47.28,16.09,2024
E05014653,oldham,Failsworth West,0,15.1,55.94,33.59,2024
E05014654,oldham,Hollinwood,0,9.73,39.88,33.4,2024
E05014655,oldham,Medlock Vale,0,11.76,26.76,44.92,2024
E05014657,oldham,Royton South,0,10.55,55.09,36.8,2024
E05014659,oldham,Saddleworth South,0,7.56,35.0,23.15,2024
E05014663,oldham,St Mary's,0,6.66,7.64,31.35,2024
E05014664,oldham,Waterhead,0,9.29,34.42,27.92,2024
E05014665,oldham,Werneth,0,7.39,5.01,0.0,2024
E05013098,oxford,Carfax and Jericho,0,50.19,4.64,56.61,2024
E05013100,oxford,Cowley,0,46.17,9.81,28.6,2024
E05013101,oxford,Cutteslowe and Sunnymead,0,16.89,7.04,25.84,2024
E05013102,oxford,Donnington,0,51.11,5.65,30.13,2024
E05013103,oxford,Headington,0,18.96,8.13,22.67,2024
E05013104,oxford,Headington Hill and Northway,0,14.94,8.6,53.74,2024
E05013105,oxford,Hinksey Park,0,32.71,6.0,50.97,2024
E05013106,oxford,Holywell,0,67.96,0.0,37.92,2024
E05013109,oxford,Marston,0,41.3,6.22,44.67,2024
E05013111,oxford,Osney and St Thomas,0,50.53,6.32,54.53,2024
E05013114,oxford,St Clement's,0,58.22,5.85,29.82,2024
E05013115,oxford,St Mary's,0,60.74,4.53,27.12,2024
E05013117,oxford,Temple Cowley,0,30.01,6.11,35.94,2024
E05013119,oxford,Wolvercote,0,14.58,5.4,22.95,2024
E05013202,pendle,Boulsworth and Foulridge,0,9.52,39.27,22.94,2024
E05013203,pendle,Bradley,0,9.74,18.51,0.0,2024
E05013204,pendle,Brierfield East and Clover Hill,0,6.98,20.69,0.0,2024
E05015547,pendle,Earby and Coates,0,7.4,38.9,17.71,2024
E05013208,pendle,Marsden and Southfield,0,8.33,30.07,12.43,2024
E05013209,pendle,Vivary Bridge,0,7.51,41.39,22.84,2024
E05013210,pendle,Waterside and Horsfield,0,9.6,39.92,29.32,2024
E05013211,pendle,Whitefield and Walverden,0,10.04,10.0,23.1,2024
E05010806,peterborough,Bretton,0,11.47,32.97,44.23,2024
E05010807,peterborough,Central,0,33.46,12.49,48.08,2024
E05010810,peterborough,"Eye, Thorney and Newborough",0,10.63,43.53,22.54,2024
E05010811,peterborough,Fletton and Stanground,0,0.0,36.97,20.01,2024
E05010812,peterborough,Fletton and Woodston,0,37.84,26.83,48.06,2024
E05010814,peterborough,Gunthorpe,0,0.0,33.72,14.1,2024
E05010816,peterborough,Hargate and Hempsted,0,20.91,28.52,19.99,2024
E05010819,peterborough,Orton Waterville,0,37.96,28.69,7.96,2024
E05010821,peterborough,Paston and Walton,0,0.0,25.19,16.39,2024
E05010822,peterborough,Ravensthorpe,0,23.35,21.31,22.47,2024
E05010823,peterborough,Stanground South,0,12.36,38.32,20.45,2024
E05010824,peterborough,Werrington,0,0.0,31.73,8.8,2024
E05002083,plymouth,Eggbuckland,0,9.19,41.47,42.81,2024
E05002086,plymouth,Moor View,0,9.17,50.61,48.14,2024
E05002088,plymouth,Plympton Chaddlewood,0,35.12,40.57,10.96,2024
E05002090,plymouth,Plympton St Mary,0,9.55,32.78,18.88,2024
E05002092,plymouth,Plymstock Radford,0,11.59,32.83,35.63,2024
E05002095,plymouth,Southway,0,12.67,46.24,48.76,2024
E05002093,plymouth,St Budeaux,0,17.91,49.89,38.69,2024
E05002441,portsmouth,Baffins,0,9.22,6.2,15.91,2024
E05002442,portsmouth,Central Southsea,0,20.87,14.11,48.73,2024
E05002443,portsmouth,Charles Dickens,0,16.97,29.98,45.01,2024
E05002444,portsmouth,Copnor,0,12.35,38.39,22.73,2024
E05002445,portsmouth,Cosham,0,9.6,42.49,33.22,2024
E05002446,portsmouth,Drayton and Farlington,0,8.21,35.34,18.92,2024
E05002447,portsmouth,Eastney and Craneswater,0,13.22,23.86,27.37,2024
E05002448,portsmouth,Fratton,0,14.03,30.09,28.0,2024
E05002449,portsmouth,Hilsea,0,13.67,49.23,16.89,2024
E05002450,portsmouth,Milton,0,15.93,26.04,27.66,2024
E05002452,portsmouth,Paulsgrove,0,9.23,57.55,14.61,2024
E05002453,portsmouth,St Jude,0,16.01,16.86,39.02,2024
E05002454,portsmouth,St Thomas,0,17.5,20.6,27.5,2024
E05012193,preston,Ashton,0,14.94,28.97,58.84,2024
E05012195,preston,Cadley,0,10.94,29.57,26.44,2024
E05012197,preston,Deepdale,0,28.2,10.24,50.93,2024
E05012200,preston,Greyfriars,0,10.53,22.28,23.9,2024
E05012201,preston,Ingol and Cottam,0,8.68,29.83,17.98,2024
E05012202,preston,Lea and Larches,0,7.66,39.2,35.42,2024
E05012203,preston,Plungington,0,35.07,23.96,62.07,2024
E05012204,preston,Preston Rural East,0,14.41,32.29,32.03,2024
E05012205,preston,Preston Rural North,0,8.45,34.06,16.77,2024
E05012206,preston,Ribbleton,0,15.08,47.13,65.17,2024
E05012208,preston,Sharoe Green,0,12.36,22.47,34.62,2024
E05012207,preston,St Matthew's,0,15.78,17.36,64.32,2024
E05013864,reading,Abbey,0,37.64,9.6,44.54,2024
E05013866,reading,Caversham,0,24.55,16.01,55.24,2024
E05013870,reading,Emmer Green,0,26.83,19.58,40.75,2024
E05013874,reading,Park,0,65.16,6.61,33.74,2024
E05013876,reading,Southcote,0,21.43,21.75,60.12,2024
E05011234,redbridge,Aldborough,0,11.44,12.04,56.4,2022
E05011235,redbridge,Barkingside,0,0.0,13.61,50.55,2022
E05011236,redbridge,Bridge,0,20.73,24.05,44.66,2022
E05011237,redbridge,Chadwell,0,20.78,9.27,65.3,2022
E05011238,redbridge,Churchfields,0,0.0,18.62,42.83,2022
E05011239,redbridge,Clayhall,0,6.96,10.33,56.96,2022
E05011240,redbridge,Clementswood,0,17.48,2.33,84.2,2022
E05011241,redbridge,Cranbrook,0,6.23,5.14,64.69,2022
E05011242,redbridge,Fairlop,0,12.07,26.7,46.24,2022
E05011243,redbridge,Fullwell,0,17.51,18.89,59.1,2022
E05011244,redbridge,Goodmayes,0,18.18,10.23,76.49,2022
E05011245,redbridge,Hainault,0,7.29,33.81,51.47,2022
E05011246,redbridge,Ilford Town,0,8.92,10.8,76.55,2022
E05011247,redbridge,Loxford,0,25.28,5.06,82.19,2022
E05011248,redbridge,Mayfield,0,17.18,9.37,78.61,2022
E05011249,redbridge,Monkhams,0,13.25,13.62,30.69,2022
E05011250,redbridge,Newbury,0,15.38,5.99,69.13,2022
E05011251,redbridge,Seven Kings,0,10.63,6.16,68.68,2022
E05011252,redbridge,South Woodford,0,29.67,13.32,46.44,2022
E05011253,redbridge,Valentines,0,9.98,6.67,72.67,2022
E05015615,redditch,Astwood Bank and Feckenham,0,11.9,36.77,39.7,2024
E05015617,redditch,Central,0,26.03,28.8,64.06,2024
E05015619,redditch,Headless Cross and Oakenshaw,0,12.49,39.31,51.93,2024
E05015620,redditch,Matchborough and Woodrow,0,13.31,42.58,52.61,2024
E05015621,redditch,North,0,10.09,43.18,52.22,2024
E05015622,redditch,Webheath and Callow Hill,0,32.26,35.42,21.3,2024
E05015623,redditch,Winyates,0,12.31,45.62,47.52,2024
E05013774,richmond-upon-thames,Barnes,0,9.89,9.09,6.45,2022
E05013775,richmond-upon-thames,East Sheen,0,11.61,6.21,7.06,2022
E05013776,richmond-upon-thames,Fulwell and Hampton Hill,0,23.35,6.84,13.29,2022
E05013777,richmond-upon-thames,"Ham, Petersham and Richmond Riverside",0,27.97,11.77,10.82,2022
E05000520,richmond-upon-thames,Hampton,0,12.17,8.01,6.47,2018
E05013779,richmond-upon-thames,Hampton North,0,11.69,16.5,11.46,2022
E05013781,richmond-upon-thames,Heathfield,0,12.26,19.16,26.6,2022
E05013782,richmond-upon-thames,Kew,0,15.64,3.33,7.5,2022
E05013783,richmond-upon-thames,Mortlake and Barnes Common,0,17.76,10.79,16.76,2022
E05013786,richmond-upon-thames,South Richmond,0,16.28,10.63,7.79,2022
E05013787,richmond-upon-thames,South Twickenham,0,26.09,8.77,12.41,2022
E05013785,richmond-upon-thames,St Margarets and North Twickenham,0,15.7,8.74,10.26,2022
E05013788,richmond-upon-thames,Teddington,0,13.66,9.61,10.79,2022
E05013789,richmond-upon-thames,Twickenham Riverside,0,16.55,5.97,9.0,2022
E05013790,richmond-upon-thames,West Twickenham,0,15.5,12.77,12.06,2022
E05014034,rochdale,Bamford,0,15.88,28.31,25.64,2024
E05014035,rochdale,Castleton,0,20.69,44.73,34.75,2024
E05014037,rochdale,East Middleton,0,8.08,37.03,67.93,2024
E05014038,rochdale,Healey,0,12.72,37.49,37.73,2024
E05014039,rochdale,Hopwood Hall,0,9.03,47.85,50.06,2024
E05014043,rochdale,Milnrow and Newhey,0,6.06,39.07,30.86,2024
E05014044,rochdale,Norden,0,10.95,30.32,32.44,2024
E05014045,rochdale,North Heywood,0,12.21,53.76,53.19,2024
E05014047,rochdale,Smallbridge and Firgrove,0,10.82,27.71,48.0,2024
E05014049,rochdale,Spotland and Falinge,0,9.18,30.45,42.57,2024
E05014050,rochdale,"Wardle, Shore and West Littleborough",0,8.96,40.03,17.59,2024
E05014052,rochdale,West Middleton,0,16.55,39.93,50.34,2024
E05010844,rochford,Downhall and Rawreth,0,7.59,37.29,14.71,2024
E05010845,rochford,Foulness and the Wakerings,0,6.71,35.2,22.28,2024
E05010846,rochford,Hawkwell East,0,14.11,43.49,13.85,2024
E05010847,rochford,Hawkwell West,0,10.57,43.59,16.01,2024
E05010848,rochford,Hockley,0,9.57,37.49,12.74,2024
E05010849,rochford,Hockley and Ashingdon,0,5.27,34.81,19.28,2024
E05010850,rochford,Hullbridge,0,22.51,54.25,11.8,2024
E05010851,rochford,Lodge,0,9.32,44.14,0.0,2024
E05010852,rochford,Roche North and Rural,0,13.5,48.56,28.38,2024
E05010853,rochford,Roche South,0,11.74,40.27,40.29,2024
E05010854,rochford,Sweyne Park and Grange,0,8.11,39.71,15.63,2024
E05010855,rochford,Trinity,0,6.27,36.31,10.45,2024
E05010856,rochford,Wheatley,0,5.93,36.25,10.94,2024
E05010758,rugby,Admirals and Cawston,0,10.45,30.0,47.57,2024
E05008974,rugby,Benn,0,20.36,20.0,64.69,2024
E05008975,rugby,Bilton,0,8.87,27.4,24.48,2024
E05008977,rugby,Coton and Boughton,0,13.09,30.55,48.32,2024
E05010759,rugby,Dunsmore,0,8.29,29.26,16.96,2024
E05008986,rugby,Eastlands,0,13.18,25.51,30.46,2024
E05008979,rugby,Hillmorton,0,11.35,28.02,41.84,2024
E05008981,rugby,New Bilton,0,13.78,30.18,61.82,2024
E05008982,rugby,Newbold and Brownsover,0,13.31,30.28,47.88,2024
E05008983,rugby,Paddox,0,10.28,24.72,26.04,2024
E05008984,rugby,Revel and Binley Woods,0,8.62,35.9,28.94,2024
E05008985,rugby,Rokeby and Overslade,0,8.8,28.31,16.47,2024
E05010760,rugby,Wolston and the Lawfords,0,11.62,25.21,36.13,2024
E05008988,rugby,Wolvey and Shilton,0,8.07,31.99,25.2,2022
E05008989,rushmoor,Aldershot Park,0,13.58,38.37,68.44,2024
E05008990,rushmoor,Cherrywood,0,12.13,31.42,61.5,2024
E05008991,rushmoor,Cove and Southwood,0,12.99,28.3,39.89,2024
E05008992,rushmoor,Empress,0,9.75,23.46,45.34,2024
E05008993,rushmoor,Fernhill,0,14.24,41.57,45.33,2024
E05008994,rushmoor,Knellwood,0,10.91,26.29,34.01,2024
E05008995,rushmoor,Manor Park,0,11.05,24.42,46.41,2024
E05008996,rushmoor,North Town,0,15.47,38.74,82.45,2024
E05008997,rushmoor,Rowhill,0,13.19,33.65,51.9,2024
E05008998,rushmoor,St John's,0,12.02,32.73,48.5,2024
E05008999,rushmoor,St Mark's,0,13.89,27.73,21.17,2024
E05009000,rushmoor,Wellington,0,0.0,27.73,57.41,2024
E05009001,rushmoor,West Heath,0,11.5,30.6,40.78,2024
E05013018,salford,Barton and Winton,0,16.17,36.04,62.28,2024
E05013019,salford,Blackfriars and Trinity,0,52.63,9.64,61.69,2024
E05013020,salford,Boothstown and Ellenbrook,0,12.58,31.84,28.92,2024
E05013021,salford,Broughton,0,23.24,32.49,70.45,2024
E05013022,salford,Cadishead and Lower Irlam,0,11.71,47.32,82.04,2024
E05013023,salford,Claremont,0,18.61,38.05,67.51,2024
E05013024,salford,Eccles,0,8.98,32.07,63.07,2024
E05013025,salford,Higher Irlam and Peel Green,0,16.35,46.33,68.08,2024
E05013026,salford,Kersal and Broughton Park,0,12.55,24.08,32.92,2024
E05013027,salford,Little Hulton,0,12.95,43.45,69.61,2024
E05013028,salford,Ordsall,0,40.12,15.26,62.95,2024
E05013029,salford,Pendlebury and Clifton,0,13.93,49.69,61.29,2024
E05013030,salford,Pendleton and Charlestown,0,24.61,32.69,64.09,2024
E05013031,salford,Quays,0,42.43,6.79,37.37,2024
E05013033,salford,Swinton Park,0,15.14,38.51,60.32,2024
E05013032,salford,Swinton and Wardley,0,17.05,41.95,65.49,2024
E05013034,salford,Walkden North,0,14.02,39.69,62.78,2024
E05013035,salford,Walkden South,0,17.2,36.02,52.33,2024
E05013036,salford,Weaste and Seedley,0,26.98,33.34,60.83,2024
E05013037,salford,Worsley and Westwood Park,0,14.88,34.98,49.02,2024
E05001269,sandwell,Hateley Heath,0,10.29,38.64,66.91,2024
E05001273,sandwell,Oldbury,0,16.96,28.35,58.52,2024
E05001274,sandwell,Princes End,0,8.41,54.28,46.68,2024
E05001278,sandwell,Soho and Victoria,0,26.43,10.37,70.13,2024
E05001280,sandwell,Tividale,0,11.97,41.96,59.24,2024
E05000932,sefton,Ainsdale,0,8.4,24.58,31.04,2024
E05000934,sefton,Blundellsands,0,16.52,20.21,68.34,2024
E05000935,sefton,Cambridge,0,8.97,31.15,25.64,2024
E05000938,sefton,Duke's,0,8.57,24.18,23.12,2024
E05000943,sefton,Litherland,0,21.18,30.6,73.97,2024
E05000945,sefton,Meols,0,7.66,30.16,27.52,2024
E05010857,sheffield,Beauchief and Greenhill,0,19.14,29.15,31.86,2024
E05010858,sheffield,Beighton,0,7.9,40.97,37.32,2024
E05010859,sheffield,Birley,0,12.28,44.28,47.65,2024
E05010862,sheffield,City,0,71.12,6.73,33.97,2024
E05010865,sheffield,Dore and Totley,0,15.35,23.32,21.71,2024
E05010867,sheffield,Ecclesall,0,44.93,7.48,22.96,2024
E05010869,sheffield,Fulwood,0,36.34,11.15,26.3,2024
E05010870,sheffield,Gleadless Valley,0,60.66,18.58,34.05,2024
E05010871,sheffield,Graves Park,0,32.46,21.08,36.35,2024
E05010872,sheffield,Hillsborough,0,50.48,26.41,33.21,2024
E05010874,sheffield,Mosborough,0,8.51,40.53,48.61,2024
E05010877,sheffield,Richmond,0,14.51,50.51,53.7,2024
E05010880,sheffield,Stannington,0,15.34,31.92,32.62,2024
E05010881,sheffield,Stocksbridge and Upper Don,0,9.33,37.34,49.57,2024
E05001285,solihull,Blythe,0,6.14,31.88,22.4,2024
E05001286,solihull,Castle Bromwich,0,4.62,57.13,22.89,2024
E05001287,solihull,Chelmsley Wood,0,31.96,53.2,22.47,2024
E05001288,solihull,Dorridge and Hockley Heath,0,17.35,18.56,15.1,2024
E05001289,solihull,Elmdon,0,7.8,35.54,15.13,2024
E05001291,solihull,Knowle,0,10.91,20.64,15.67,2024
E05001292,solihull,Lyndon,0,10.76,31.39,16.9,2024
E05001294,solihull,Olton,0,9.91,21.41,10.97,2024
E05001297,solihull,Shirley South,0,37.91,28.91,12.74,2024
E05001298,solihull,Shirley West,0,33.24,34.46,17.77,2024
E05001299,solihull,Silhill,0,12.54,25.19,19.87,2024
E05015492,southampton,Bassett,0,11.43,18.48,14.39,2024
E05015495,southampton,Coxford,0,13.04,39.79,38.39,2024
E05015497,southampton,Harefield,0,13.76,33.35,36.14,2024
E05015498,southampton,Millbrook,0,15.76,28.59,41.6,2024
E05015499,southampton,Peartree,0,15.18,31.42,40.95,2024
E05015500,southampton,Portswood,0,38.63,11.52,46.33,2024
E05015501,southampton,Redbridge,0,12.07,40.14,51.54,2024
E05015503,southampton,Sholing,0,12.89,37.13,33.86,2024
E05015504,southampton,Swaythling,0,22.45,22.09,30.5,2024
E05015505,southampton,Thornhill,0,13.79,41.58,47.87,2024
E05015506,southampton,Woolston,0,17.41,35.53,39.82,2024
E05011282,south-cambridgeshire,Balsham,0,10.31,21.23,7.78,2022
E05011283,south-cambridgeshire,Bar Hill,0,7.42,24.28,0.0,2022
E05011284,south-cambridgeshire,Barrington,0,11.18,22.56,0.0,2022
E05011285,south-cambridgeshire,Bassingbourn,0,6.41,26.82,5.89,2022
E05011286,south-cambridgeshire,Caldecote,0,10.13,20.79,0.0,2022
E05014031,south-cambridgeshire,Cambourne,0,13.31,16.59,7.78,2022
E05014032,south-cambridgeshire,Caxton and Papworth,0,10.55,22.24,0.0,2022
E05011289,south-cambridgeshire,Cottenham,0,19.3,15.74,0.0,2022
E05014169,south-cambridgeshire,Duxford,0,12.86,19.84,0.0,2022
E05011292,south-cambridgeshire,Foxton,0,9.56,22.25,0.0,2022
E05011293,south-cambridgeshire,Gamlingay,0,3.38,32.25,0.0,2022
E05011294,south-cambridgeshire,Girton,0,15.88,9.92,11.03,2022
E05011295,south-cambridgeshire,Hardwick,0,11.77,16.55,23.38,2022
E05011296,south-cambridgeshire,Harston and Comberton,0,15.98,15.56,6.09,2022
E05011297,south-cambridgeshire,Histon and Impington,0,31.67,11.54,18.58,2022
E05011298,south-cambridgeshire,Linton,0,11.34,20.35,8.44,2022
E05013880,south-cambridgeshire,Longstanton,0,14.73,17.97,7.15,2022
E05011300,south-cambridgeshire,Melbourn,0,8.68,24.67,4.39,2022
E05013881,south-cambridgeshire,Over and Willingham,0,11.43,22.97,10.31,2022
E05014170,south-cambridgeshire,Sawston,0,16.45,21.16,8.33,2022
E05011304,south-cambridgeshire,Shelford,0,33.5,10.09,0.0,2022
E05011305,south-cambridgeshire,Swavesey,0,11.57,16.13,0.0,2022
E05011306,south-cambridgeshire,The Mordens,0,7.17,13.06,0.0,2022
E05011307,south-cambridgeshire,Whittlesford,0,8.54,11.76,0.0,2022
E05002212,southend-on-sea,Belfairs,0,23.22,36.25,12.52,2024
E05002214,southend-on-sea,Chalkwell,0,31.55,23.94,36.52,2024
E05002215,southend-on-sea,Eastwood Park,0,3.79,35.53,7.7,2024
E05002217,southend-on-sea,Leigh,0,35.81,21.11,6.76,2024
E05002222,southend-on-sea,Shoeburyness,0,14.76,40.14,31.31,2024
E05002223,southend-on-sea,Southchurch,0,9.83,29.66,25.94,2024
E05002224,southend-on-sea,Thorpe,0,8.49,33.15,20.52,2024
E05002227,southend-on-sea,West Leigh,0,25.66,21.49,14.05,2024
E05002228,southend-on-sea,West Shoebury,0,11.54,37.37,23.79,2024
E05001136,south-tyneside,Bede,0,16.72,42.28,28.96,2024
E05001137,south-tyneside,Biddick and All Saints,0,40.72,43.74,30.24,2024
E05001138,south-tyneside,Boldon Colliery,0,10.8,34.68,46.12,2024
E05001141,south-tyneside,Fellgate and Hedworth,0,11.48,39.18,37.42,2024
E05001142,south-tyneside,Harton,0,17.89,43.35,29.95,2024
E05001143,south-tyneside,Hebburn North,0,18.54,44.07,44.42,2024
E05001144,south-tyneside,Hebburn South,0,22.4,45.5,60.1,2024
E05001146,south-tyneside,Monkton,0,18.47,42.5,42.79,2024
E05001147,south-tyneside,Primrose,0,12.4,35.92,34.84,2024
E05001148,south-tyneside,Simonside and Rekendyke,0,31.19,39.24,38.07,2024
E05001150,south-tyneside,West Park,0,47.28,39.2,19.23,2024
E05001151,south-tyneside,Whitburn and Marsden,0,29.53,46.74,53.94,2024
E05001152,south-tyneside,Whiteleas,0,23.65,54.95,35.34,2024
E05011095,southwark,Borough and Bankside,0,25.26,4.25,33.18,2022
E05011100,southwark,Dulwich Village,0,15.39,2.27,44.19,2022
E05011114,southwark,St George's,0,25.25,9.05,40.4,2022
E05011117,southwark,Surrey Docks,0,30.33,5.26,33.7,2022
E05013947,st-albans,Batchwood,0,13.21,8.98,11.84,2024
E05013948,st-albans,Bernards Heath,0,19.22,9.5,10.17,2024
E05013949,st-albans,Clarence,0,38.48,6.79,5.68,2024
E05013951,st-albans,Cunningham,0,14.05,15.04,13.4,2024
E05013952,st-albans,Harpenden East,0,10.05,13.25,9.91,2024
E05013953,st-albans,Harpenden North and Rural,0,9.35,16.01,8.61,2024
E05013954,st-albans,Harpenden South,0,7.03,13.98,6.14,2024
E05013955,st-albans,Harpenden West,0,6.89,9.55,8.13,2024
E05013956,st-albans,Hill End,0,13.28,11.35,8.23,2024
E05013957,st-albans,London Colney,0,8.13,25.32,42.44,2024
E05015801,st-albans,Marshalswick East and Jersey Farm,0,11.3,14.81,7.45,2024
E05015802,st-albans,Marshalswick West,0,11.04,12.73,6.57,2024
E05013960,st-albans,Park Street,0,9.29,27.05,8.3,2024
E05013961,st-albans,Redbourn,0,6.39,20.55,10.29,2022
E05013962,st-albans,Sandridge and Wheathampstead,0,11.67,18.8,9.75,2024
E05013963,st-albans,Sopwell,0,14.89,15.89,19.63,2024
E05013964,st-albans,St Peters,0,31.81,8.79,10.76,2024
E05013965,st-albans,St Stephen,0,6.53,27.8,8.79,2024
E05013966,st-albans,Verulam,0,10.24,13.03,7.39,2024
E05015624,stevenage,Almond Hill,0,29.51,34.4,65.65,2024
E05015628,stevenage,Longmeadow,0,12.67,37.26,39.5,2024
E05015629,stevenage,Manor,0,9.15,32.44,22.52,2024
E05015630,stevenage,Martins Wood,0,14.04,41.85,57.57,2024
E05015632,stevenage,Roebuck,0,15.91,38.03,65.51,2024
E05015635,stevenage,Symonds Green,0,19.5,39.27,61.94,2024
E05014120,st-helens,Billinge and Seneley Green,0,11.09,43.0,44.86,2022
E05014121,st-helens,Blackbrook,0,17.91,48.1,67.24,2022
E05014122,st-helens,Bold and Lea Green,0,24.06,46.96,44.7,2022
E05014123,st-helens,Eccleston,0,5.11,26.89,9.77,2022
E05014124,st-helens,Haydock,0,27.77,44.56,33.96,2022
E05014125,st-helens,Moss Bank,0,6.57,53.34,69.98,2022
E05014126,st-helens,Newton-le-Willows East,0,10.11,33.87,69.12,2022
E05014127,st-helens,Newton-le-Willows West,0,0.0,23.77,44.06,2022
E05014128,st-helens,Parr,0,5.77,54.48,90.84,2022
E05014129,st-helens,Peasley Cross and Fingerpost,0,15.1,48.51,60.63,2022
E05014130,st-helens,Rainford,0,23.6,30.84,27.4,2022
E05014131,st-helens,Rainhill,0,0.0,21.47,32.67,2022
E05014133,st-helens,Sutton North West,0,0.0,51.49,62.86,2022
E05014134,st-helens,Sutton South East,0,0.0,51.59,51.87,2022
E05014135,st-helens,Thatto Heath,0,7.62,46.17,78.22,2022
E05014136,st-helens,West Park,0,18.63,43.19,89.36,2022
E05014137,st-helens,Windle,0,24.11,39.08,70.02,2022
E05015014,stockport,Bramhall North,0,10.02,23.76,9.72,2024
E05015015,stockport,Bramhall South and Woodford,0,6.74,13.3,7.07,2024
E05015017,stockport,Bredbury Green and Romiley,0,10.32,29.59,16.98,2024
E05015016,stockport,Bredbury and Woodley,0,8.77,37.27,47.38,2024
E05015019,stockport,Cheadle East and Cheadle Hulme North,0,13.22,27.01,40.42,2024
E05015020,stockport,Cheadle Hulme South,0,10.06,19.81,17.43,2024
E05015021,stockport,Cheadle West and Gatley,0,14.24,19.51,19.6,2024
E05015022,stockport,Davenport and Cale Green,0,20.24,22.55,53.66,2024
E05015023,stockport,Edgeley,0,17.41,19.11,28.69,2024
E05015024,stockport,Hazel Grove,0,10.09,35.67,20.92,2024
E05015025,stockport,Heald Green,0,8.72,19.53,15.16,2024
E05015026,stockport,Heatons North,0,31.08,16.19,62.08,2024
E05015027,stockport,Heatons South,0,24.32,18.11,64.05,2024
E05015029,stockport,Marple North,0,13.16,17.49,15.8,2024
E05015030,stockport,Marple South and High Lane,0,12.37,25.32,14.69,2024
E05015031,stockport,Norbury and Woodsmoor,0,11.1,25.94,15.39,2024
E05015032,stockport,Offerton,0,10.29,30.48,38.87,2024
E05015034,stockport,Reddish South,0,50.94,30.91,36.68,2024
E05001173,sunderland,Washington Central,0,10.38,42.07,62.87,2024
E05001175,sunderland,Washington North,0,11.14,46.24,64.04,2024
E05001177,sunderland,Washington West,0,10.14,38.81,51.55,2024
E05013754,sutton,Beddington,0,9.03,15.92,17.12,2022
E05013755,sutton,Belmont,0,9.19,14.9,16.08,2022
E05013756,sutton,Carshalton Central,0,12.15,17.0,10.96,2022
E05013757,sutton,Carshalton South and Clockhouse,0,6.82,16.9,8.4,2022
E05013758,sutton,Cheam,0,7.48,17.84,12.07,2022
E05013759,sutton,Hackbridge,0,11.66,18.58,53.01,2022
E05013760,sutton,North Cheam,0,7.6,24.4,14.05,2022
E05013763,sutton,South Beddington and Roundshaw,0,7.53,26.2,13.44,2022
E05013761,sutton,St Helier East,0,11.89,29.85,30.37,2022
E05013762,sutton,St Helier West,0,13.94,31.01,33.56,2022
E05013764,sutton,Stonecot,0,8.26,22.29,16.64,2022
E05013765,sutton,Sutton Central,0,20.91,16.24,30.4,2022
E05013766,sutton,Sutton North,0,10.47,21.27,16.87,2022
E05013767,sutton,Sutton South,0,10.25,14.06,15.24,2022
E05013768,sutton,Sutton West and East Cheam,0,10.45,18.01,14.32,2022
E05013769,sutton,The Wrythe,0,11.06,25.35,15.96,2022
E05013770,sutton,Wallington North,0,11.04,23.04,12.93,2022
E05013771,sutton,Wallington South,0,13.11,18.15,14.46,2022
E05013772,sutton,Worcester Park North,0,11.53,19.38,17.07,2022
E05013773,sutton,Worcester Park South,0,7.56,21.99,16.0,2022
E05008972,swindon,Wroughton and Wichelstowe,0,7.15,23.21,16.56,2024
E05014519,tameside,Ashton Hurst,0,15.71,37.66,43.68,2024
E05014520,tameside,Ashton St Michael's,0,22.94,37.02,43.68,2024
E05014521,tameside,Ashton Waterloo,0,23.03,40.15,52.43,2024
E05014522,tameside,Audenshaw,0,22.25,43.15,59.66,2024
E05014524,tameside,Denton South,0,21.0,52.56,68.2,2024
E05014526,tameside,Droylsden East,0,17.65,48.87,58.35,2024
E05014527,tameside,Droylsden West,0,15.83,45.99,61.76,2024
E05014528,tameside,Dukinfield,0,20.56,49.16,63.22,2024
E05014529,tameside,Dukinfield Stalybridge,0,14.65,47.95,47.76,2024
E05014530,tameside,Hyde Godley,0,18.1,35.84,38.07,2024
E05014531,tameside,Hyde Newton,0,18.53,45.09,52.62,2024
E05014533,tameside,Longdendale,0,15.98,45.51,60.2,2024
E05014534,tameside,Mossley,0,16.87,39.33,62.93,2024
E05014536,tameside,Stalybridge North,0,26.56,47.71,40.23,2024
E05014537,tameside,Stalybridge South,0,14.12,33.72,37.62,2024
E05007066,tamworth,Amington,0,13.17,53.23,54.18,2024
E05007067,tamworth,Belgrave,0,13.13,56.22,54.46,2024
E05007069,tamworth,Castle,0,16.04,49.25,47.82,2024
E05007071,tamworth,Mercian,0,12.94,45.19,48.29,2024
E05007072,tamworth,Spital,0,22.15,44.58,39.89,2024
E05007074,tamworth,Trinity,0,10.96,55.23,35.69,2024
E05009425,three-rivers,Abbots Langley and Bedmond,0,9.33,18.01,13.84,2024
E05009426,three-rivers,Carpenders Park,0,7.38,22.56,18.52,2024
E05009427,three-rivers,Chorleywood North and Sarratt,0,7.8,22.58,6.49,2024
E05009428,three-rivers,Chorleywood South and Maple Cross,0,9.58,18.98,7.79,2024
E05009429,three-rivers,Dickinsons,0,50.82,18.33,4.6,2024
E05009430,three-rivers,Durrants,0,18.62,17.6,5.34,2024
E05009431,three-rivers,Gade Valley,0,7.42,23.27,16.99,2024
E05009432,three-rivers,Leavesden,0,8.81,24.57,14.8,2024
E05009433,three-rivers,Moor Park and Eastbury,0,10.92,14.83,6.89,2024
E05009434,three-rivers,Oxhey Hall and Hayling,0,8.54,31.68,16.77,2024
E05009435,three-rivers,Penn and Mill End,0,8.58,26.19,12.1,2024
E05009436,three-rivers,Rickmansworth Town,0,10.12,13.38,7.94,2024
E05009437,three-rivers,South Oxhey,0,8.9,31.53,50.13,2024
E05002230,thurrock,Belhus,0,5.81,56.8,68.94,2024
E05002231,thurrock,Chadwell St Mary,0,4.87,57.86,72.07,2024
E05002233,thurrock,Corringham and Fobbing,0,3.88,66.74,24.18,2024
E05002235,thurrock,Grays Riverside,0,28.99,34.27,64.42,2024
E05002237,thurrock,Little Thurrock Blackshots,0,7.19,51.6,48.29,2024
E05002238,thurrock,Little Thurrock Rectory,0,6.95,51.83,44.28,2022
E05002239,thurrock,Ockendon,0,5.99,55.02,53.07,2024
E05002247,thurrock,Tilbury St Chads,0,7.02,54.64,80.17,2024
E05002248,thurrock,West Thurrock and South Stifford,0,8.61,29.17,63.32,2024
E05009318,tower-hamlets,Blackwall and Cubitt Town,0,13.0,13.37,25.64,2022
E05009326,tower-hamlets,Limehouse,0,19.61,12.1,40.18,2022
E05009332,tower-hamlets,Shadwell,0,13.63,3.78,22.6,2022
E05015241,trafford,Bowdon,0,29.64,9.26,8.06,2024
E05015246,trafford,Flixton,0,18.3,29.1,56.76,2024
E05015248,trafford,Hale,0,36.61,8.06,11.87,2024
E05015249,trafford,Hale Barns and Timperley South,0,7.23,10.42,10.43,2024
E05015256,trafford,Stretford and Humphrey Park,0,29.57,24.17,60.01,2024
E05015257,trafford,Timperley Central,0,10.95,24.91,17.23,2024
E05015258,trafford,Timperley North,0,10.06,17.72,18.94,2024
E05015803,tunbridge-wells,"Cranbrook, Sissinghurst and Frittenden",0,13.94,25.39,6.44,2024
E05015804,tunbridge-wells,Culverden,0,8.11,14.32,9.23,2024
E05015806,tunbridge-wells,"Hawkhurst, Sandhurst and Benenden",0,0.0,25.76,5.45,2024
E05015808,tunbridge-wells,Paddock Wood,0,6.82,29.08,3.67,2024
E05015809,tunbridge-wells,Pantiles,0,7.63,17.47,4.71,2024
E05015810,tunbridge-wells,Park,0,7.95,16.63,8.49,2024
E05015811,tunbridge-wells,Pembury and Capel,0,5.32,20.97,2.61,2024
E05015805,tunbridge-wells,Rural Tunbridge Wells,0,6.96,25.06,7.24,2024
E05015812,tunbridge-wells,Rusthall and Speldhurst,0,7.55,18.73,28.47,2024
E05015813,tunbridge-wells,Sherwood,0,18.59,24.52,40.88,2024
E05015814,tunbridge-wells,Southborough and Bidborough,0,10.86,21.18,26.26,2024
E05015815,tunbridge-wells,St James',0,12.34,14.26,12.85,2024
E05015816,tunbridge-wells,St John's,0,13.47,15.54,26.86,2024
E05001444,wakefield,"Ackworth, North Elmsall and Upton",0,16.53,46.66,57.43,2024
E05001445,wakefield,Airedale and Ferry Fryston,0,10.9,56.31,51.1,2024
E05001446,wakefield,Altofts and Whitwood,0,13.77,52.25,52.69,2024
E05001447,wakefield,Castleford Central and Glasshoughton,0,13.42,49.73,64.13,2024
E05001448,wakefield,"Crofton, Ryhill and Walton",0,11.38,48.04,58.21,2024
E05001449,wakefield,Featherstone,0,11.57,50.23,72.8,2024
E05001450,wakefield,Hemsworth,0,8.23,47.78,61.44,2024
E05001451,wakefield,Horbury and South Ossett,0,10.52,41.21,64.92,2024
E05001453,wakefield,Normanton,0,10.5,43.55,62.66,2024
E05001454,wakefield,Ossett,0,9.5,45.76,49.91,2024
E05001455,wakefield,Pontefract North,0,13.91,48.28,56.99,2024
E05001456,wakefield,Pontefract South,0,9.73,43.64,57.79,2024
E05001457,wakefield,South Elmsall and South Kirkby,0,9.66,53.09,73.34,2024
E05001461,wakefield,Wakefield Rural,0,9.2,43.78,40.7,2024
E05001462,wakefield,Wakefield South,0,17.4,32.97,36.44,2024
E05001464,wakefield,Wrenthorpe and Outwood West,0,13.3,42.23,39.62,2024
E05001301,walsall,Aldridge Central and South,0,9.97,37.39,24.46,2024
E05001302,walsall,Aldridge North and Walsall Wood,0,10.19,41.5,25.49,2024
E05001303,walsall,Bentley and Darlaston North,0,11.84,38.34,36.36,2024
E05001307,walsall,Bloxwich West,0,9.77,57.94,40.22,2024
E05001308,walsall,Brownhills,0,10.36,48.55,32.49,2024
E05001309,walsall,Darlaston South,0,5.14,46.94,65.66,2024
E05001310,walsall,Paddock,0,21.79,14.7,27.26,2024
E05001312,walsall,Pelsall,0,10.17,42.69,19.03,2024
E05001313,walsall,Pheasey Park Farm,0,14.31,37.49,31.17,2024
E05001314,walsall,Pleck,0,11.45,16.61,35.76,2024
E05001315,walsall,Rushall-Shelfield,0,17.83,40.88,37.26,2024
E05001317,walsall,Short Heath,0,5.33,49.01,39.45,2024
E05001316,walsall,St Matthew's,0,18.78,11.97,34.48,2024
E05001318,walsall,Streetly,0,8.62,38.57,21.99,2024
E05013885,waltham-forest,Chingford Green,0,15.21,10.8,27.4,2022
E05013886,waltham-forest,Endlebury,0,16.2,12.15,33.92,2022
E05014010,wandsworth,Battersea Park,0,18.56,9.57,48.72,2022
E05014013,wandsworth,Furzedown,0,26.59,6.76,66.5,2022
E05014014,wandsworth,Lavender,0,16.56,4.93,39.14,2022
E05014015,wandsworth,Nine Elms,0,20.87,9.3,29.76,2022
E05014016,wandsworth,Northcote,0,11.6,4.43,30.2,2022
E05014017,wandsworth,Roehampton,0,13.2,14.97,52.91,2022
E05014019,wandsworth,Shaftesbury and Queenstown,0,10.29,11.35,56.06,2022
E05014020,wandsworth,South Balham,0,17.35,4.55,48.67,2022
E05014021,wandsworth,Southfields,0,11.75,4.4,40.02,2022
E05014022,wandsworth,Thamesfield,0,12.46,5.38,33.81,2022
E05014023,wandsworth,Tooting Bec,0,29.56,6.79,59.72,2022
E05014024,wandsworth,Tooting Broadway,0,34.99,6.43,67.48,2022
E05014026,wandsworth,Wandle,0,16.12,5.41,48.78,2022
E05014027,wandsworth,Wandsworth Common,0,16.68,7.13,32.79,2022
E05014029,wandsworth,West Hill,0,13.81,7.68,35.97,2022
E05014030,wandsworth,West Putney,0,10.5,9.47,44.67,2022
E05011047,watford,Central,0,19.65,13.44,28.59,2024
E05011049,watford,Leggatts,0,16.32,22.68,33.97,2024
E05011050,watford,Meriden,0,9.61,31.32,26.18,2024
E05011051,watford,Nascot,0,11.6,16.29,16.32,2024
E05011052,watford,Oxhey,0,10.84,16.96,12.04,2024
E05011053,watford,Park,0,14.17,14.95,14.64,2024
E05011054,watford,Stanborough,0,9.37,27.83,18.39,2024
E05011055,watford,Tudor,0,9.8,24.77,23.37,2024
E05011057,watford,Woodside,0,9.0,31.66,36.48,2024
E05011058,welwyn-hatfield,Brookmans Park and Little Heath,0,13.37,27.32,21.26,2024
E05011060,welwyn-hatfield,Handside,0,9.02,19.44,12.87,2024
E05011063,welwyn-hatfield,Hatfield South West,0,15.28,26.86,44.47,2024
E05011067,welwyn-hatfield,Northaw and Cuffley,0,7.15,30.76,19.35,2024
E05011068,welwyn-hatfield,Panshanger,0,11.59,32.93,22.13,2024
E05011069,welwyn-hatfield,Peartree,0,16.41,27.69,36.31,2024
E05011070,welwyn-hatfield,Sherrards,0,11.19,21.75,31.48,2024
E05011071,welwyn-hatfield,Welham Green and Hatfield South,0,9.68,30.71,19.16,2024
E05011072,welwyn-hatfield,Welwyn East,0,14.99,23.87,30.21,2024
E05011073,welwyn-hatfield,Welwyn West,0,15.83,27.74,10.14,2024
E05014929,west-lancashire,Aughton and Holborn,0,8.38,24.2,40.69,2024
E05014931,west-lancashire,Burscough Town,0,8.38,27.02,55.78,2024
E05014932,west-lancashire,North Meols and Hesketh Bank,0,6.48,29.12,31.72,2024
E05014934,west-lancashire,Ormskirk East,0,11.94,19.82,41.64,2024
E05014936,west-lancashire,Rural North East,0,13.76,32.79,35.48,2024
E05014938,west-lancashire,Rural West,0,11.64,46.69,28.86,2024
E05014939,west-lancashire,Skelmersdale North,0,16.35,38.77,76.48,2024
E05014940,west-lancashire,Skelmersdale South,0,11.85,34.08,90.93,2024
E05014941,west-lancashire,Tanhouse and Skelmersdale Town Centre,0,13.21,41.87,77.41,2024
E05014942,west-lancashire,Tarleton Village,0,5.09,32.26,32.59,2024
E05014943,west-lancashire,Up Holland,0,12.78,40.05,62.34,2024
E05013792,westminster,Abbey Road,0,13.09,16.86,32.4,2022
E05013797,westminster,Knightsbridge and Belgravia,0,12.58,16.46,23.62,2022
E05000642,westminster,Queen's Park,0,29.95,11.16,77.51,2018
E05006628,west-oxfordshire,Ascott and Shipton,0,4.86,11.48,16.53,2022
E05006629,west-oxfordshire,Bampton and Clanfield,0,4.82,18.16,5.12,2022
E05009364,west-oxfordshire,Brize Norton and Shilton,0,29.8,22.06,0.0,2022
E05009363,west-oxfordshire,Burford,0,4.17,20.19,7.52,2022
E05006632,west-oxfordshire,Carterton North East,0,7.73,23.0,0.0,2022
E05009365,west-oxfordshire,Carterton North West,0,9.71,38.34,6.6,2022
E05006634,west-oxfordshire,Carterton South,0,6.15,31.84,0.0,2022
E05006638,west-oxfordshire,Ducklington,0,3.93,23.64,39.75,2022
E05006639,west-oxfordshire,Eynsham and Cassington,0,13.55,18.73,19.45,2024
E05006640,west-oxfordshire,Freeland and Hanborough,0,7.42,11.65,10.21,2024
E05006645,west-oxfordshire,"Standlake, Aston and Stanton Harcourt",0,4.11,18.42,5.78,2024
E05006647,west-oxfordshire,The Bartons,0,1.81,14.1,0.0,2022
E05006649,west-oxfordshire,Witney East,0,7.95,14.18,45.03,2024
E05006651,west-oxfordshire,Witney South,0,9.5,23.21,42.33,2024
E05006653,west-oxfordshire,Woodstock and Bladon,0,13.35,14.16,17.7,2024
E05014989,wigan,Abram,0,11.28,56.07,56.28,2024
E05014990,wigan,Ashton-in-Makerfield South,0,12.75,46.39,52.11,2024
E05014991,wigan,"Aspull, New Springs and Whelley",0,9.65,49.58,64.87,2024
E05014992,wigan,Astley,0,10.86,45.25,52.6,2024
E05014993,wigan,Atherton North,0,7.84,29.31,37.39,2024
E05014994,wigan,Atherton South and Lilford,0,10.0,50.93,48.26,2024
E05014995,wigan,Bryn with Ashton-in-Makerfield North,0,11.79,52.18,34.17,2024
E05014996,wigan,Douglas,0,10.49,44.17,69.68,2024
E05014997,wigan,Golborne and Lowton West,0,8.21,43.19,63.39,2024
E05014998,wigan,Hindley,0,10.68,52.3,42.38,2024
E05014999,wigan,Hindley Green,0,7.19,52.34,49.66,2024
E05015000,wigan,Ince,0,11.76,58.26,44.5,2024
E05015001,wigan,Leigh Central and Higher Folds,0,15.01,48.32,52.23,2024
E05015002,wigan,Leigh South,0,8.65,47.47,51.72,2024
E05015003,wigan,Leigh West,0,10.68,51.8,60.65,2024
E05015004,wigan,Lowton East,0,9.98,35.85,54.15,2024
E05015005,wigan,Orrell,0,11.58,39.93,52.18,2024
E05015006,wigan,Pemberton,0,11.96,54.23,59.49,2024
E05015007,wigan,Shevington with Lower Ground and Moor,0,14.23,43.09,51.41,2024
E05015008,wigan,Standish with Langtree,0,14.84,32.92,42.99,2024
E05015010,wigan,Wigan Central,0,12.86,44.13,48.24,2024
E05015011,wigan,Wigan West,0,14.27,47.28,67.87,2024
E05015012,wigan,Winstanley,0,8.24,49.68,57.03,2024
E05015013,wigan,Worsley Mesnes,0,9.53,50.94,53.87,2024
E05010995,winchester,Alresford and Itchen Valley,0,6.09,15.91,2.41,2024
E05010996,winchester,Badger Farm and Oliver's Battery,0,10.1,11.54,3.68,2024
E05010997,winchester,Bishop's Waltham,0,10.63,18.83,4.44,2024
E05010998,winchester,Central Meon Valley,0,38.66,21.13,2.4,2024
E05010999,winchester,Colden Common and Twyford,0,0.0,16.1,9.2,2022
E05011000,winchester,Denmead,0,5.69,30.67,6.46,2024
E05011006,winchester,Southwick and Wickham,0,9.59,31.29,8.05,2024
E05011001,winchester,St Barnabas,0,12.86,12.16,5.37,2024
E05011002,winchester,St Bartholomew,0,25.76,12.0,8.31,2024
E05011004,winchester,St Michael,0,19.47,12.64,6.78,2024
E05011005,winchester,St Paul,0,28.43,8.22,7.19,2024
E05011007,winchester,The Worthys,0,8.72,14.86,5.2,2024
E05011008,winchester,Upper Meon Valley,0,8.24,17.58,2.95,2022
E05011009,winchester,Whiteley and Shedfield,0,14.08,23.85,4.08,2024
E05011010,winchester,Wonston and Micheldever,0,1.33,15.15,2.3,2024
E05015783,wokingham,Barkham and Arborfield,0,7.96,22.93,10.4,2024
E05015784,wokingham,Bulmershe and Coronation,0,13.51,20.84,21.33,2024
E05015785,wokingham,Emmbrook,0,9.9,16.53,10.25,2024
E05015786,wokingham,Evendons,0,9.14,19.25,11.01,2024
E05015787,wokingham,Finchampstead,0,6.21,21.38,6.59,2024
E05015788,wokingham,Hawkedon,0,9.69,16.34,13.34,2024
E05015789,wokingham,Hillside,0,10.16,14.04,11.44,2024
E05015790,wokingham,Loddon,0,17.03,21.66,50.05,2024
E05015791,wokingham,Maiden Erlegh and Whitegates,0,12.68,13.03,27.61,2024
E05015792,wokingham,Norreys,0,7.2,20.7,46.61,2024
E05015793,wokingham,Shinfield,0,8.95,17.82,43.24,2024
E05015794,wokingham,South Lake,0,16.95,21.26,20.26,2024
E05015795,wokingham,Spencers Wood and Swallowfield,0,8.89,24.43,9.87,2024
E05015796,wokingham,Thames,0,5.26,12.23,12.59,2024
E05015797,wokingham,"Twyford, Ruscombe and Hurst",0,7.7,16.2,6.68,2024
E05015798,wokingham,Wescott,0,11.41,16.91,17.79,2024
E05015799,wokingham,Winnersh,0,9.45,20.7,11.49,2024
E05015800,wokingham,Wokingham Without,0,5.67,19.81,6.71,2024
E05014840,wolverhampton,Blakenhall,0,19.67,14.44,75.08,2024
E05014841,wolverhampton,Bushbury North,0,13.2,41.15,45.25,2024
E05014844,wolverhampton,Ettingshall North,0,25.08,24.29,81.98,2024
E05014848,wolverhampton,Heath Town,0,24.97,29.75,64.35,2024
E05014854,wolverhampton,Tettenhall Regis,0,14.08,31.9,32.79,2024
E05014855,wolverhampton,Tettenhall Wightwick,0,13.58,32.37,26.87,2024
E05014856,wolverhampton,Wednesfield North,0,10.44,52.74,65.49,2024
E05014857,wolverhampton,Wednesfield South,0,7.21,44.93,50.57,2024
E05007694,worthing,Broadwater,0,33.54,25.95,58.78,2024
E05007697,worthing,Durrington,0,13.09,39.03,39.39,2024
E05007698,worthing,Gaisford,0,27.88,22.44,55.9,2024
E05007699,worthing,Goring,0,37.36,25.44,8.92,2024
E05007703,worthing,Offington,0,11.99,32.31,32.79,2024
E05007704,worthing,Salvington,0,12.7,37.2,35.1,2024
